1724818775,69800fc71b2de890e1ff2c27d47e771c3b28e936b637fd0ad9e358d4a61cb24a,A caramel light-brown building block for all kinds of structures.
1603845565,aa327641b7d3e2c9031e65ec34e787f232cafea0c69f8f54b99a7d375d23b225,"I’m not sure... But after all these years, he’s still set on coming to find the Tucking."
1603871467,63a1f14f06846fa943fd3f5dea6b9e646e13a21835f4c0e61f4e7652bdb47c71,Playful Cozite
2109600144,63a1f14f06846fa943fd3f5dea6b9e646e13a21835f4c0e61f4e7652bdb47c71,Playful Cozite
1603879308,aa3e2f13c42436662f5d9e786b26d226fc6aeb41d18798b83826c3a63d0fc748,Already owned:20
1603884942,4d149c7bc33d3bfbdb5fca54775f31baa5278704ef2741e2b7bc816f3d75aa37,Spend %s/6000 Windborn Stamps
1603911560,4babbdc1994f11d8daceaa1fb3233aa11ba58f6d74642da7084077eff94205c9,That’s quite inspiring...
1603923258,39db5b2b8fd84647eba7567fdfb260a538f5d13a81c57b6ff733486a94368baf,"Gains a shield equal to <customRichText(calcData,buff, 2118714,param0,1,%d)>% of max HP."
1603929650,b7f1ebbac9548047430946ca33098ad4564dadbeae1a0fed318f74fe52a86bf3,The bristled hair looks dangerous
1603985199,b2ea58af820b9a19bf18dcec5e5911f06d2c49150de8c7caccff5b5340287e18,"Claim your rewards—you’ve earned every bit.
My dear Pathfinder, are you ready to face the mysteries ahead?"
1603995739,a875e35f12c8df3370f88af6d4100ccdd745dfada5511991ebc8e23a9706880d,Primegy auto-recovery limit reached
1604041706,827b25be71bd3cdfa17b1abbece83aa98bb8fe172857c998b3fa0ecb5a60ae61,Should I set this Gluttonous Lavazar free?
1604067227,d12b35404d67dc507d61a2be8c8ce275e73b8557478576af9325c1a64fbeeb6d,"Sunia, are you busy?
We’ve collected the fragrance base. Can you teach us how to blend it?"
1604069602,b62634c2e4c20a7f716058210cc1c28cc2bc480c110e1023dc513dd8e5f2e8d1,"Kicks powerfully off the water behind you to quickly retreat, while leaving behind a cloud of electricity that continues to track the target, dealing damage for {0}s."
1604088749,9c842154a4d3995df36513324544bf02345ca59be6767f85b29a934fac8cadd8,Base Damage Reduction Modifier
1869597991,9c842154a4d3995df36513324544bf02345ca59be6767f85b29a934fac8cadd8,Base Damage Reduction Modifier
1604099478,8791bda9f6e7a8c03a8d6d4e01f00a095e17f6cde613c43d4b1c924b4a96ccce,It’s a pack of Jawlings! Looks like they’re picking a fight over that helmet!
1604106405,5621ac0dbc2ca9056c1d35550194b2029379ddfe01dc5d7985715cab0156ed22,Vines hang beneath the whale bones! Only ranged Fire element skills can set them alight!
1604106680,6e990f175231604ff7a636253c03d392e670477b6edb30d7e4c048f0ad238f96,Estimated level-up result: Level {0}
1604130853,8f41e81d3b788fa895a864a6f94cd31e3641d5b34f4c0db8c44e94209d4656ab,Thousand-Fang Ridge really responded... This place is filled with the scent of powerful flames.
1604131845,f440b5cca66b686c0d8b897030b751a3c164c18c1c0cfd4dd7b3120a4fee31b6,Ah-awoo!
1830823386,f440b5cca66b686c0d8b897030b751a3c164c18c1c0cfd4dd7b3120a4fee31b6,Ah-awoo!
1853166765,f440b5cca66b686c0d8b897030b751a3c164c18c1c0cfd4dd7b3120a4fee31b6,Ah-awoo!
1604214523,86f579e64cec62f7dfb114397123cb658ae542a664b0c2070d397a05748f5382,"The more I learn about Inferlupa, the more fascinated I become.
Born from the flame of refusing to accept defeat, it overcomes itself again and again through loss, until it can no longer be beaten."
1604221125,a921dfb65d1799c1e993e6c931104ba482e28dc36ff8a5ea358827dbe6e2321d,Lock-on Tutorial
1604227337,72589d37e77be956f37e39fb353269f5397e2466ec9aecbb3c1ce33bb06f4b90,"In the Sanctum, activate the <style=Hint_BgL>Control</style> Skill, then move the reticle to aim at interactive objects. Objects that can be grabbed will be highlighted. You can adjust the forward and backward distance, set objects down, or throw them."
1616352886,72589d37e77be956f37e39fb353269f5397e2466ec9aecbb3c1ce33bb06f4b90,"In the Sanctum, activate the <style=Hint_BgL>Control</style> Skill, then move the reticle to aim at interactive objects. Objects that can be grabbed will be highlighted. You can adjust the forward and backward distance, set objects down, or throw them."
1784862467,72589d37e77be956f37e39fb353269f5397e2466ec9aecbb3c1ce33bb06f4b90,"In the Sanctum, activate the <style=Hint_BgL>Control</style> Skill, then move the reticle to aim at interactive objects. Objects that can be grabbed will be highlighted. You can adjust the forward and backward distance, set objects down, or throw them."
1830091151,72589d37e77be956f37e39fb353269f5397e2466ec9aecbb3c1ce33bb06f4b90,"In the Sanctum, activate the <style=Hint_BgL>Control</style> Skill, then move the reticle to aim at interactive objects. Objects that can be grabbed will be highlighted. You can adjust the forward and backward distance, set objects down, or throw them."
1940126301,72589d37e77be956f37e39fb353269f5397e2466ec9aecbb3c1ce33bb06f4b90,"In the Sanctum, activate the <style=Hint_BgL>Control</style> Skill, then move the reticle to aim at interactive objects. Objects that can be grabbed will be highlighted. You can adjust the forward and backward distance, set objects down, or throw them."
1604254099,d97d9a52dd53b77cb6c180ef8c4efb07fcd61769a9bce1dfa45991b7a24c8a45,"In Build Mode, you can adjust the <style=Hint_BgL>camera height</style> using the side buttons."
1604262048,a9e0c70585121f5f79e52330eaf56937d5088e388f0e8b0e14968d9891044f2c,Speaker
1604262294,15721c75d0dbb8707b72af0c79fb1be26da7cdd10fd07e6b39a3da585da0933d,"He gave it a name, and it gained a Heart. This Heart was Scorching Hot, never cooling even a bit after burning through his entire life."
1604317513,e4aa7f7f17ca08ccbc11490045f4546ee870eddfaf51fbbff576d6731020923f,Exit Cursor
1604324265,c9bdf68d452319764af23893aa7286e4c6e59afce447efd426951696b43f0b75,Try to pull up
1604372124,b53e6e1a94c1af1f15f34930dc8df636769392479669d61615a68a464fb5f3be,Blue-Tone Mat
1844556356,b53e6e1a94c1af1f15f34930dc8df636769392479669d61615a68a464fb5f3be,Blue-Tone Mat
1604417075,535e44f5ffd5257e2326fc75a17c7f26091807603939d5fe80f5b9d0481006fb,"Alright, the second part of the Polaris Grand Prize—
The Institute-related modules have been loaded into your AI terminal, give it a try."
1604436825,51f892f1137b832a0a35be45537f9a2b5e8be8241ceb1dca9ba2e821bc0bc97e,"If the Fentufts are happy, and I’m happy, then why don’t I go live with them?"
1604473667,85e9fca33f9de73891632755f37d6c872a2f60d1db5808d60b17682a134bcd55,"Perhaps... Astraean researchers visited before.
They said that a century ago, the Aeon stopped appearing and no longer answered people’s calls."
1604502255,10c3a306ef0ebcc77995e911dfd5e7632392af42138f789b8d157faccecbdaa3,Combined text is full.
1604532671,8f47adf731580b41096339ed43a07645ab95207d854477f4f097d723c4394c7c,"Icho, the Scorchhowl who stands beside Dr. Lewis,
has opened a course on the meaning of combat.
And the answer seems to lie somewhere within Thousand-Fang Ridge."
1604539990,713125160abfd9da330df5b52434b77f5b03c1d2c882bdeb9c08571404487791,Be careful. I hope you make it back.
1604549936,cf8cecfbaac02dbe05b3a88ed6b94280c20f699d59b56889c006def00ae1d3e8,Good idea! I'll start now!
1604563244,7e72136264f053136559baeb837baa8eb6f63a5631860dfff0bc78a957064837,Astra-Chest-Near Trigger-Fixed 1 coin
1604578062,56b0652c1714baa9fe815fffd91d0d9484427661a537b69beee13660c24c6231,What’s this black Nimbi you mentioned?
1604585911,dfdc2812f7a46dbb5420435a74d9c3510820d8932d1270d15dd46e3aa3c36da1,Vein Anomaly
1912294303,dfdc2812f7a46dbb5420435a74d9c3510820d8932d1270d15dd46e3aa3c36da1,Vein Anomaly
1604586775,e2bec0c84c30f5f2670df1ed687293c0a1caf15de01d6f5ad004bdfde8f840d3,Requires {0}
1604604721,323371ee9f68510c23248a27185f817966cb5bb43f871928e8910eab5f572b71,"Tried a batch of Idyllian accessories, making good sales, need more materials!"
1604613021,78e10de0466832bf7b3b841f90f9fd2c9181770b44119c91ef9f19af08aa2c2c,World of Wonders indeed!
1604639181,00ff147437937162dda77384bfc065810a344565bc63c892b2296dedc05730d9,"Swap the Twins (Fox to Lion, Lion to Fox)"
1604673694,d654dbeb7b0ea9ec63f27eb32a565f542dee6901fcd1edc6cd2195390038cef9,Ah... that seems to have made things worse...
1604692503,22b23c306ec4fae11e1e889de19d581e8b06dbda310693caecf80ac14d0bfb48,"The gear you’re wearing keeps you safe.
Once your vitals drop too low, it teleports you to the nearest safe zone to rest."
1604740965,5ebfa0097c12191ee5fea10daec2abb5d214755e63b76dad6a65bce795b76a66,Target actorId
1604742290,bf903248ed5272231ff383ff1c58cc670bd12648fbcef2431e06e9f808ea0bad,"Check your Aniimo’s <style=Hint_BgL>Pathfinding Level</style> here.
Higher levels grant <style=Hint_BgL>faster movement speeds</style> while using that ability."
1604772357,bb7aef7f2caf9e3e60b337a3bd780119f3ba20df103db7b585b9fa8a1a1a68f3,"Now it can blast out dust from every last crack and crevice. Dare to try out this ""cleaning service"" again?"
1604796794,d680d89c16b4f6fb171e712bce53e5afc626a515495e8a6a57b8fd6a6338036b,Holographic Battle Guide
1604827267,83c65b08a3e87a49538f30a305bea9ecc579e3645926f3940ab59eb8a6a83564,Read the music score with them.
1604910506,1d05d7458ffeb5c842124caff52a21c1c5bb59d89b5464eeab4b6ae530b5a9c3,*jolts awake* Did I doze off again...?
1604923894,6db48812ea9efcbfe0ec98357cac032cfef09e0197333d011f58ed7d6c18148a,That sounds a little strange...
1604946636,fd0b473c9cb32c3c50c89f64084505def2bc760573e61701cdb9563e1dbc0f2f,Pull Lever
1604998240,c4f838e06633973dbb9110d78a73413d55711bc663c6780a0288c513052e37bf,A more advanced Aniipod offers increased catch success rate. In which way(s) described below <style=Hint_BgD>can you get a more advanced Aniipod</style>?
1605025108,c8b35b41dfff94e97a9ecf65529f2105fd1374bb898d831e6a6dd32b34e508dd,"Next stop: Nimbus Fields.
I need to find Lana and finish my freshman guidance lesson!"
1605057795,c3d1b9647d8b808a6f7094c1a22e746ca1c1f7e0f57a0dd602d6d53dabe2990e,Gain a 4-meter-radius Weakness Aura lasting 2s. Targets within the area deal 10% less damage. Cooldown: 90s.
1605065211,9e495eda9e07a3028481c1cfd6ebd9ea48f6e1c18b29e86d40efb9b3258d2a60,Rainwashed Celadon - Toilet
1689793172,9e495eda9e07a3028481c1cfd6ebd9ea48f6e1c18b29e86d40efb9b3258d2a60,Rainwashed Celadon - Toilet
2142258847,9e495eda9e07a3028481c1cfd6ebd9ea48f6e1c18b29e86d40efb9b3258d2a60,Rainwashed Celadon - Toilet
1605068955,2e101832a362f6db8de762ff815d3357972feee6c901ad4f2d03f76afa7b4d27,The lead dancer still isn’t here?
1605122421,421c37653eadea885180e0e150ab5cc8d1969797e5979091cf51aad11352c109,Confirm Overwrite
1605136560,6f32f5b6410b4b49766f922d91aed391d763535ea6e29b5d20e5049087e9668a,Defeat Flameruff: Elite
1692449918,6f32f5b6410b4b49766f922d91aed391d763535ea6e29b5d20e5049087e9668a,Defeat Flameruff: Elite
1605201121,a70175bdbe3c97a75a1df828fe02afc8d6545627e21539ec20e1ab25b4459499,Huh? What’s over there?!
1605212846,a42bf4751b1eb0870bafa595c933d9fd251c5cd93ba4175abcfe1828645f247d,Ah-hah!
1605253032,4caa06d385541d410ee8b006cfd7a14c7d0744a673d0defb81097be72616f456,Can’t you tell us something we don’t already know...?
1605264310,7d1222cfadc24bde2c4d1fcb3da3f25fce3eef1d9fa27c7307fc517f4476fb17,Under the Giant Tree at the Westernmost Side of Beast Fang Ridge
1605275571,8cda709765169d7c7765a02b5c2655b66b9a89950d41309a32a0dcc2f9168994,"Sheltered by the Lun’s gentle glow, many in the past have spent their lives with Aniimo.
How would you live alongside Aniimo?"
1605286258,18de0e620369f4f3c60f770773b1a4edd8848a7b8e118857665f383022acb545,Have Pawney aim at the <style=Hint_BgL>Grappling Hookshot Point</style> and use <style=Hint_BgL>Grappling Hookshot</style>. Reaching the targeted landing spot will trigger Pawney’s vault.
1605326034,65b00d2f4fe8d65b7bff66a1012a46f0e87379834df89dfb8588750c2301b6dc,"Go away, dark cloud, baa!"
1605361034,f7deba8737b69fd272ddb97ed7607ab1aeef612fc156d3f63227dabc6f50b0ad,Premium Companion Handbook Level 57
1615212436,f7deba8737b69fd272ddb97ed7607ab1aeef612fc156d3f63227dabc6f50b0ad,Premium Companion Handbook Level 57
1605430695,a112f67e3c0c679053f855d4b43107aa13317561b98563f4b025748599c901eb,Stories from the surface?
1605444890,3dcaf71ae8c919934dfabf769b3d8f9d797a3cc6cc15f1d3834b67d1d09e4168,It has lost its Twine with you.
1605445285,cac2f7ba4580a17807752019a3bef043d8d3fe5c8bcceb869d172d30184eea45,"Really? Fantastic!
I thought they were just a legend..."
1605477136,5fa93927dd6fcde3def97ae6aebacfea50a29856b84a66bc8961bdeeb022b403,"Increases its own <style=Hint_BgL><customRichText(calcData,buff,2102704,param1,1,%d)>%</style> Damage Reduction. When attacked, releases a shockwave around itself, dealing <style=Hint_BgL><customRichText(calcData,buff,2102704,param0,1)></style> Might damage to nearby enemies."
1605480474,441e226e1151341264c3af5854180bd9e0bd4bb9f83b7968059edfc3056a6632,Display cell content
1605484991,6787383f06a4475de9431151ace336075e6781d7700f1e525e8c8cc97bfbecd7,"Blossoms bloom upon gilded vines, pearl-like dewdrops hanging down."
1906173217,6787383f06a4475de9431151ace336075e6781d7700f1e525e8c8cc97bfbecd7,"Blossoms bloom upon gilded vines, pearl-like dewdrops hanging down."
1605507030,5d4e75fd5609ad6daa1298cba8e657db2a72335946df5ff164a655895d55e027,"Why want joyous tuftball? You already happy, right?"
2029525133,5d4e75fd5609ad6daa1298cba8e657db2a72335946df5ff164a655895d55e027,"Why want joyous tuftball? You already happy, right?"
1605516418,36d3319b883136b2d78a24790628423eec0ecd6628aaeb5eed992372738f4fbe,Earth Debuff
1605538475,1c1d657a6b9548f708bb0f44c48c5385ead6d60ea8a0f2ace8ca6db5375c7506,"Under Sunia’s guidance, you combine ethanol, perfume essence, and ingredients provided by the Aniimo to create your own perfume."
1605642937,a73b1a56e0d40621edb95a03403a5f74fb45cc142fe1bee68a16d67b994a955d,"Last time you fell into a river, and the time before that you delivered the supplies to a Celestis nest like they were a gift..."
1605668357,1d2653f133e70cabc63af9992cf61fe9a714a1698cf63caffc6521e295de53fe,Wear a headband and rock out!
1605793938,d35fc4b8a3ec920386841babd1050632f84e1e9e90dd2f1ff473c2c78340084d,"Follow Taffy Meow (Reserved for testing, do not translate)"
1605802714,2a1d09e8ef4b0d1ea6b63236ae3b393bd677b8022782291981b42030c86ca27f,Scorching
1694149799,2a1d09e8ef4b0d1ea6b63236ae3b393bd677b8022782291981b42030c86ca27f,Scorching
1695260193,2a1d09e8ef4b0d1ea6b63236ae3b393bd677b8022782291981b42030c86ca27f,Scorching
2027950453,2a1d09e8ef4b0d1ea6b63236ae3b393bd677b8022782291981b42030c86ca27f,Scorching
1605804722,87c0f8d29af957e9a9aeb34cbb4a13651e0cfcc9ad52c2d22ff17c56509985f1,Approach the statue and jump forward with #kPlayer/Jump#z to climb up.
1605821511,a83b957e4217f07a8e86353fec0ee1aa9308a109302fb5e7e4747a4982583abc,Colorful Shining Sorghum
1605826957,eef9d28a08b9b9970a89edbbfdd8659171f078c4d4993283f68b9783c326fef3,You look powerful. Whatever you want to say to me can wait till you defeat me!
1605858464,c07db2ffdec0efcebe4717827baedc4decec4c437c784fcc1130cace5f2456ce,Are you going to offer flowers?
501346934,c6483636402a5727b03d7d4c337ede95c03dbe1a24296334209ee16420cbc31c,Complete 15 orders at Homeland
1605862605,c6483636402a5727b03d7d4c337ede95c03dbe1a24296334209ee16420cbc31c,Complete 15 orders at Homeland
1605878720,c22ac5ffc90e51d07356af2bda0bf649aedcbc5dd8e7baf44048d1449760b7ab,That big cube over there...
1605896421,f688dd3ffed65e8f235ad851f38b1a314a9ad4d3dda2a4e0db9b7d916bc3afba,Ahh! I feel like I’m filled with happiness! Haha!
1605949490,930f771d1d2c75775f4cf61851f5845735c185acafd6b6544e223ae11453a3f2,Elite Damage Boost
2004980928,930f771d1d2c75775f4cf61851f5845735c185acafd6b6544e223ae11453a3f2,Elite Damage Boost
1605961038,a5235ccd7b20a06a5a1c18cccfbec92d972c946c3670dfb201375bc052401b52,"Impossible... both barriers are intact.
Who could slip in and set this up unseen?"
1605975606,dad3e10455ea138879944a4d1d4c25d481658926dab4dc7528b145e7a0976b8f,Advanced Edition Pre-Order Pack - Microsoft
1799549468,dad3e10455ea138879944a4d1d4c25d481658926dab4dc7528b145e7a0976b8f,Advanced Edition Pre-Order Pack - Microsoft
1605981891,392ab04f17f80bcf0c656f52010627b2a06b0e6505e85f24dbdb52d35d702cf4,"Increases <style=Hint_BgL><customRichText(calcData,buff, 2118407,param0,1,%d)>%</style> Wind damage"
1605994292,3fd8e61eb4b02d42943dd85c7d4d09dbeaab071ef4d60eba1d5c36c889b784b9,"Mutated rare Waxing Moon Pepper, sparkling with dazzling spots of light."
2113932574,3fd8e61eb4b02d42943dd85c7d4d09dbeaab071ef4d60eba1d5c36c889b784b9,"Mutated rare Waxing Moon Pepper, sparkling with dazzling spots of light."
1606014038,ec494b458492436c39ec35a464cdb6812e5da03d85368d1dbcf0646d04d4fbc8,"Confirm
"
1606025298,556771c3042535203fd16f554d8546eceee1ac92fe737e61d121ac44d153b845,Fulmintis Avatar Frame
1606042940,9ada8071b3a4556c179f9d1c3bc6900b68f4d81028b117bd3bb6b84beab8bd41,"A precious material found in Russet Highlands, full of a distinct fragrance unique to fire. One of the important ingredients for crafting the legendary incense offered to Aeon."
1606044122,18bf30f4c6651b2e5fbe22a57c3529104c1bd034e8fc1dad5fe590f296a9d1dd,Season Journey
1967463831,18bf30f4c6651b2e5fbe22a57c3529104c1bd034e8fc1dad5fe590f296a9d1dd,Season Journey
1606057631,188659a9ae2cf29eb5c2ebb2687f5450c3ac3218c4e893228af84d1d1df0e210,Who's there!?
1606081068,9c88ec8c510f6004c1d4098290b2fe1e42efd5ea69f20e54390417dc6c67a42f,Found one!
1606112170,6c9057f25edb18975d3467084fc187d4f2009ed349b347d7bfd152a557d63b3d,"Shake, shake, shake! Let’s see what we get!"
1606193522,b0f9e3d861e76f9b64f6bc8501b4558237461effe696bca46c7373061ab5f96b,"Outsider, if you wish to fight the strong, come here when the sun is up."
1606203288,e736dac29b29da70e042fdd7068bfbedb966d2c1c8116ab4e94b671d43d72029,Plot description text (placeholder text) plot description text (placeholder text) plot description text (placeholder text) plot description text (placeholder text) plot description text plot description text (placeholder text) plot description text (placeholder text) plot description text (placeholder text) plot description text (placeholder text) plot description text plot description text (placeholder text) plot description text (placeholder text) plot description text (placeholder text) plot description text (placeholder text) plot description text plot description text (placeholder text) plot description text (placeholder text) plot description text (placeholder text) plot description text (placeholder text) plot description text
1685484409,e736dac29b29da70e042fdd7068bfbedb966d2c1c8116ab4e94b671d43d72029,Plot description text (placeholder text) plot description text (placeholder text) plot description text (placeholder text) plot description text (placeholder text) plot description text plot description text (placeholder text) plot description text (placeholder text) plot description text (placeholder text) plot description text (placeholder text) plot description text plot description text (placeholder text) plot description text (placeholder text) plot description text (placeholder text) plot description text (placeholder text) plot description text plot description text (placeholder text) plot description text (placeholder text) plot description text (placeholder text) plot description text (placeholder text) plot description text
1606241837,139ab35c7501fc5c7a6e14d7336ffd6a88253aa712e33c8f82702442d041f6a9,Success rate: {0}
1606313718,8cb670fde6ab78cf735547f92708dff27418a2430dfd1adf92808e606f186d7b,Weekend Prayers for Your Beloved Aniimo
1606319601,318735a7aca9a866a2107fd80b7115cc32e979e5ab6c49d7d5dbc79a6ab7136a,Microservice connection failed. Try again later.
1606323125,a6330fae0ae175411e978cbad3a5c003c55560852185ff7b0d8cfa3c107ad6ee,Unlocks at rank <color=#D89C28>{0}</color>.
1606358417,e451b7212684ff6a16243bd8407f6cfedda0883a3928696e7e68aa37e71a404a,"Valued customer, thank you for your generous support of Astra’s shops!
Your total spending in Astra has reached 1000 Voxel Coins, and we’re delighted to present you with a special gift:
1x <style=Hint_BgL>Coilstrike Coupon</style>!
Take it to the <style=Hint_BgL>Coilstrike Strength Tester</style> at the club entrance to test your strength and win a prize!"
1606364191,f3f5c18f999fcc0da868bcb73956d51f50b384966487039e04e9f00b958cc0ad,Awoo Ears
1606444036,b5fa5399ffb3ff331f7725ea704e4400984d93458f3c6ae42466fcc4f7b5154b,Defeating the Coin Envoy grants doubled coins. Successfully evacuation with doubled coins earns you and your teammates bonus Eggshell Coin rewards!
1885605940,b5fa5399ffb3ff331f7725ea704e4400984d93458f3c6ae42466fcc4f7b5154b,Defeating the Coin Envoy grants doubled coins. Successfully evacuation with doubled coins earns you and your teammates bonus Eggshell Coin rewards!
1606466666,e6f48616a1b7e44153657ca60ff2ef1d910729c310dfceb6f2e5464b9444b787,It’s... so inspiring! Please—let me have it!
1606514363,cc8654977244bc41dc91083214d7e02f64b4fb57db1bf8d140654d92d043cf11,Carefree
1606568496,fee43407980446e420d7f63a41d8b95f6cabe35d63f9fd24984bbbc79af383d2,"I can smell it! The scent of sorrow is almost gone, and look—they’re peeking at us!"
1606573362,1d5aa3fde75bf92975be913af237f91656cb6147737eb225da880e7fec700b34,Ironclad
1701073843,1d5aa3fde75bf92975be913af237f91656cb6147737eb225da880e7fec700b34,Ironclad
1725885148,1d5aa3fde75bf92975be913af237f91656cb6147737eb225da880e7fec700b34,Ironclad
1606575157,b8b1d894c683725260dcd78f8ed64f979331a1ab61fc8311e9ccfc300fd5de20,Categories
1606581046,559ad5e0216505a2abcfefa0ec0d1bd5a40f0d241c6f3fce1cebf8eec0e6baae,Unlocks with Lv. 7 Resource Detector.
1989638008,559ad5e0216505a2abcfefa0ec0d1bd5a40f0d241c6f3fce1cebf8eec0e6baae,Unlocks with Lv. 7 Resource Detector.
1606603599,ee1236c48eb338b62a9dfd2b5bbea9971ab16f2244f65702fd1f8fc0d7454d25,Pretty Trap
1606624882,7742d289c706e139de42b27efecb4d64fd8cce38efb5540e52bf4f0006667e26,"When an Alpha enters the BREAK State, it gains 1 stack of Vulnerability. Each stack increases its damage taken by 5%, up to 5 stacks."
1606652643,6235040330bc805116e2310ce2c17f7d93b7d5a74484a966130c31223f31b34d,Kachoo...
1606671212,0e639d3e05cf52c806730ff1bee457465207d975c767529fd21874c3df127921,Good to see you again!
2024103027,0e639d3e05cf52c806730ff1bee457465207d975c767529fd21874c3df127921,Good to see you again!
1606679988,ecbe93f9c7fbf3c6a01b3bff4b6ecdd823fc43ea82010f1ee42a4293ce139a55,0/3
1912417911,ecbe93f9c7fbf3c6a01b3bff4b6ecdd823fc43ea82010f1ee42a4293ce139a55,0/3
1606696377,5986388598049198fb874cfa27b2240857cc32afc3ec7146db1f80df08b827cb,"Cold light glimmers, crisp as the first frost."
455220304,88d043c8f4377474e47d841657c94dae43c77569c7a76939c0f652664770ce03,Activate the Bloom in Forest of Falling Stars.
1606718407,88d043c8f4377474e47d841657c94dae43c77569c7a76939c0f652664770ce03,Activate the Bloom in Forest of Falling Stars.
1606725723,3f791e0a4e3e2c7556aa9c1c8d651236045fd2ac9cc3d6eab19103a21fdf89f4,Predictive Dice α
1606755930,ca4c386af08e1ea52fe67fabbe5ff2cd55536ba56250681d218f1c6b87cc7a76,PvP Damage Increase
1923540975,ca4c386af08e1ea52fe67fabbe5ff2cd55536ba56250681d218f1c6b87cc7a76,PvP Damage Increase
2011344545,ca4c386af08e1ea52fe67fabbe5ff2cd55536ba56250681d218f1c6b87cc7a76,PvP Damage Increase
2015268069,ca4c386af08e1ea52fe67fabbe5ff2cd55536ba56250681d218f1c6b87cc7a76,PvP Damage Increase
1606792615,bdd155896fd28608c15efbc9269fc433a1838ca35f20e4dc656f20ffe2aff773,Select Target
1606817932,38a153c9f4d393878b89c85e65bde3bfe3fc46534981b411d610666cd4636edd,<color=#5090df>%s</color> is here to help you till the soil!
1606880119,8f7b89773ecd599c078b828edd405542afd2a00883994309a771135193577548,Number of Summoned Monsters
1606902069,77eb73793514e9526fe60a59815b278bf36f8f29681a33285c1f5c72ddb5cb73,"Perfumers usually need to prepare incense to attract Flutternyms.
And if the scent fades, they’ll fly off."
1606932807,d890e02d670fc65a18287a4162fa69b1d7ee6fb4de638f16914acb8b8127802f,Today’s Deals
2055489627,d890e02d670fc65a18287a4162fa69b1d7ee6fb4de638f16914acb8b8127802f,Today’s Deals
1606995714,19ba63919557c27094f73f966880041bd92402bbbcc337a400ecfc55566e039b,Movement Speed Boost
1607001603,01efdd814959b39eba5f899e6a44c2d19407ec17df88685ede2c4f6d99075bdf,"When Alpha Irisal was still just a giant bloom, it once crossed paths with Lady Irelia—gliding effortlessly upon the wind. Yet the bloom sensed something amiss: Lady Irelia wasn’t truly free. Unsure how to help, it turned to its dear friend Old Clovis for guidance and asked him to craft a seed brimming with extraordinary life force, one that might aid Lady Irelia. Drawing on his innate sensitivity to life itself, Old Clove distilled the essence of all six Iris forms into a single seed—imbuing it with immense vitality. But perhaps something vital was still missing—while the Life Force Seed succeeded in transforming the giant bloom into the Alpha Irisal, it brought no relief to Lady Irelia. In his final moments, Old Clovis lay on his deathbed when Irisal came to bid him farewell, placing the seed gently into his palm, hoping his life might yet begin anew."
1658640004,01efdd814959b39eba5f899e6a44c2d19407ec17df88685ede2c4f6d99075bdf,"When Alpha Irisal was still just a giant bloom, it once crossed paths with Lady Irelia—gliding effortlessly upon the wind. Yet the bloom sensed something amiss: Lady Irelia wasn’t truly free. Unsure how to help, it turned to its dear friend Old Clovis for guidance and asked him to craft a seed brimming with extraordinary life force, one that might aid Lady Irelia. Drawing on his innate sensitivity to life itself, Old Clove distilled the essence of all six Iris forms into a single seed—imbuing it with immense vitality. But perhaps something vital was still missing—while the Life Force Seed succeeded in transforming the giant bloom into the Alpha Irisal, it brought no relief to Lady Irelia. In his final moments, Old Clovis lay on his deathbed when Irisal came to bid him farewell, placing the seed gently into his palm, hoping his life might yet begin anew."
1607051869,7fa5e4eab76db448c393c31c034c35b0016e09fa03bfa54aca12491b343a23cc,Battle the Blazen Alpha and make it enter Burst State.
1607090470,8e966375f195ad1bb9876ee71cad568861bcd7f50d0f96a45a7c9a55d7265a26,Aniimo and their skills have <style=Hint_BgL>elemental differences</style> that create <style=Hint_BgL>counters</style>. Use them wisely to deal more damage.
1607100579,d7d601876ea11f6614bcde5467eb1f84fdde36a0a05fe67ae9f9d2b918d6eeea,Umbrabow Aniimo
1607179486,fc6b05c9d465fe9df105cb4f6753ea4c0ceddcd563484b8c66341acb6d893806,Companion Handbook EXP Added
1607199872,d12f7d10f777d75f8e532827648379dfd032ae91fe4c3d0898d5fa823e389ee7,Just aim to be as tough as the big guy at the springs!
1607209868,cbac0480c355d5df39fe34368f19768b38e44a6b03ee3221114235ad3f0b7f92,Own 1 Sparkling Prismana Panpanta.
1607224758,fdaba0dd3ad430cd1454ad283d85e6845561f7e986a6fa378d6116ed7eaab579,"You’ve reached the order limit, so you can’t accept any new orders."
1607278235,e09bf80cba27b527b15d24519f7546760bd985908689494d01b74eff0e018081,I'll be careful.
1607280443,55647e2c83827a1cfc5f6602816f5074e4de7d5a3799cfb6852923de4ed1c6dd,Press Power Module.
1607293077,ad2be0f49a70b7c4f42bb6f912be532311d4f6be9427e7a2c0df151d3af8a6fb,Plant Charge—Tower Climb
1607327572,20eac5aae274985fd88629d19eddccbbec21dacd82a8c7a7dd99661f2135be02,Space
2064318147,20eac5aae274985fd88629d19eddccbbec21dacd82a8c7a7dd99661f2135be02,Space
1607352418,2939721f1b3f9186e7bfa1190a496817199f804d05eec1fa4b1e95baf6893b44,"The core of the artificial intelligence consciousness, Aimo."
1607405861,a8f19241de9c889fddd395ca49fd3d73df638dcac7eb39f96dd6cf02b77870a8,"Rainy<sprite name=""UI_Img_Weather_Rainy""> or Thunderstorm<sprite name=""UI_Img_Weather_Thunderstorm"">"
1607412710,f873c33b2c134560fd724c7ee2c6e2189a41cb288351ef74bda07c9bd8518188,"We're not taking the treasure, just going in for Field Notes...
Alright, let's take a look, just a look."
1607490729,45dc55e399c565f4f855de2f61cbdcb9560a8b505987cd01b01ce6f88ebdfe45,Players parasitized by Hummin cannot deal damage to it.
1607502275,0b63529ca5e13793b550c4e80c013b0133387b566611c9cbf4f1aaeb0436adc2,Decreases element resistance multiplier.
1943437522,0b63529ca5e13793b550c4e80c013b0133387b566611c9cbf4f1aaeb0436adc2,Decreases element resistance multiplier.
1607512803,4080df05e38d635334e16baa77c6942254ae5fb6d96ca94d92b89933e1c75636,Every Bolty is unique.
1607534951,ffabf191d8f21f7b4aa1c69e31338a4365a8c9e0e010799c6ede894e876508f2,Flinching
1607553572,0d71ba952ce46ef1ee8f5829b29589a670f8006d908fb498906ad301146496ef,"Reason for Change (1 Internal, 2 External)"
1607583297,11cf0384b1ebbeda04cf83b55078bb55a06fad0b0f631a1319a97cf9650b5b26,Borrow an angel’s wings and set off for a wonder on the frozen lake.
1607584028,ed819245c53b9498503a8bbc398f74456859c14731df74a0d70949329cab0739,[Dialogue Placeholder] Academy Expedition 2 Approach Bubble
1607608840,a28bf8a4ccd25d9ffd62dc1aa559a2e6c0b20620adf3586b95e70d04e7a013f5,"After Puff Up, Nimbi's bounce and Fly Abilities are incredibly powerful. You can also use the Dandelions in the area to help you fly even higher and farther. It's all up to you!"
1829337340,a28bf8a4ccd25d9ffd62dc1aa559a2e6c0b20620adf3586b95e70d04e7a013f5,"After Puff Up, Nimbi's bounce and Fly Abilities are incredibly powerful. You can also use the Dandelions in the area to help you fly even higher and farther. It's all up to you!"
1607612603,292dc20cb332b3a8ba734bd5d52ef8e54f568a2b809a3416ccd994382e077a7f,"Once the wind field appears, try <style=Hint_BgL>double-pressing Space</style> to fly upward and reach the high ground."
1607624252,e1eb7f202a021ffc9b1882f37e22a338621085ffbb6d7493bbb48483bb219c85,Changing your saved Aniimo will cost 1 change attempt (3/3)
1607631346,83d9815568d5fc3c6e8e6ac557aba21c9db777bf73e98e1adaac55d74001cfef,Watch out. Dazmand isn’t just a measly trickle of electricity! Try a stronger <style=Hint_BgD>Ice- or Earth-type</style> Aniimo.
1607635149,3d4bc63acaac0dd34576bd2c9963ed9c637c76557fc962d432ea43513460a9bb,Earn generous <style=Hint_BgL>item rewards</style>
1607659968,eb9feb4e39a1324b775c27ab1ea2ea6572df85157a78c8b6e14bb914e794b549,"A peculiar rock containing the power of Ice Element.
It looks like ice that never melts. You can feel the coldness of the glacier from its surface."
1607662258,82b0e8556fab30b03823abfe2b52e6501ec185ce1fe1d2482b8e9f772f3929e4,Pebbling Family
1741796488,82b0e8556fab30b03823abfe2b52e6501ec185ce1fe1d2482b8e9f772f3929e4,Pebbling Family
1607690010,e1ec4b8480013c161b7ac7a387e3ce74aa654fa90d30a711c0450f71982c0943,"When Nimbi uses a Skill, it will exit Shrouded in Mist state and create a 2-meter radius Euphoric Cloud. After 15 seconds out of combat, it can return to Shrouded in Mist state.
Euphoric Cloud: Reduces the speed of all hostile units within the cloud by 30% and increases the CRIT Damage of allied units by 20%."
1607694781,63e39fe381e1fc20201e097c0da5c644eae3d2c2c8a11a8e203d294635153a0b,Tch. I've got a box full of those too...
1607722782,dae06db9e8f65814415edcd04ec156cd1319a46fe2746ab975a4db20696eafb7,"Blazing lightning becomes a crimson scythe, cutting down everything in its path!"
1607723135,a9d7816d525a1533584ae99813e4fe3470abe948d05935aef866471154826903,Hawa! A new Sherro!
1607754469,5136114f19e8c1604f7138b740b0e84d67c0cc424dff1fc72d8e8a84da5197e8,"For the first <customRichText(buffConfigData,4002010,duration)>s of battle, all Pathfinders deal <customRichText(calcData,buff,4002010,param0,1,%d)>% increased damage."
1607765293,73de40992fa79214a9be4e259a30487ff9fba8b32099c07c2d73e34b24d6d67e,No worries. Get yourself ready—I’ll be waiting here.
1607790777,ab95ff88462010dc6ed2a8b58b4b81753d3e08ad681d5affd32f40aa53d2505c,"Water murmurs softly, carrying a faint whisper of the sea."
1607792185,b79bc588a72cc60fbd7b0892a9849f9b7fc138a66164fff05d2e3c8b6ec1162b,A pinkish brown building block for all kinds of structures.
2036257315,b79bc588a72cc60fbd7b0892a9849f9b7fc138a66164fff05d2e3c8b6ec1162b,A pinkish brown building block for all kinds of structures.
1607797975,e140246972f87ac9904de5c5fb5df209109ca8d54c21e88bf3999b04ab01f751,Now it’s gone again!
1607806220,fded6f91ecf136e97528767bd6c6d513f958768e7d665b1ebfaf245f5730e5ec,Want to swing?
1607852213,4b13eca6bd7acaf14bf6cdf6513e235af055f53889df414286787b211f33a210,"Oh, right, yes! The challenge is simple. <style=Hint_BgD>Perform the required number of perfect counters</style> to defeat the Budsquires who challenge you. <style=Hint_BgD>They must be perfect counters</style>!"
1607895944,ad79b0aff8f013051b51cfeaa44027aa6de8d0197b579eaa80fdcfdd1173a447,"Ruff, ruff-ruff..."
1620409298,ad79b0aff8f013051b51cfeaa44027aa6de8d0197b579eaa80fdcfdd1173a447,"Ruff, ruff-ruff..."
1607912105,af84d030f4422a137b62eb56c7b339c853e35cf32b81de7fd3004c8acfabd41f,...How can you tell?
1607954537,4f3746d01d705a7f5aedb5d91ec10f5d5011b96228fdc99fea7a2277e7e289a9,"Increases EP recovery rate by <customRichText(calcData,buff, 9123301,param0,1,%d)>%."
1959919775,4f3746d01d705a7f5aedb5d91ec10f5d5011b96228fdc99fea7a2277e7e289a9,"Increases EP recovery rate by <customRichText(calcData,buff, 9123301,param0,1,%d)>%."
1607974925,9d0a701a79b09d67e6df84bb568ce9217044f9fd63630dfe3d06f8c567ddf251,"If they took Helion, you may be in danger too."
1607983942,572d89e8b71efb47b3f8b3658c0202b87d7ce2d69e9af48b5b0f90cbf1e38921,Astra Gacha Store Visitor 3
1607988062,6f4f0f5d65fa3e9fb8c303a76d8a59ed5a6a2ad8e0cfece02e46d44c8fff47c3,I finally figured out how mushrooms glow~
1608017148,b8738fecfbd425b2327456f59b6f1c6dbad29f57ac42e3a5a70f2fab29ecc49b,Alpha Blazen Transformation
1608034469,5b11c0720d7a53ccec45e1e4dc6d4d64ce758dddc209e02d29e17df46f081c0d,I want to adopt an Aniimo.
1608085618,913561c6274b425b5ac5b01ba101406ccb70c77271982161780450831830ec0d,"Shrubclaw, why are you throwing a tantrum again?!"
1608139392,27b9da3e5e37592efed70f182c0191f03da4f6268072fd64c4f4b871cb0f0c65,Wields the power of water to attack targets at close range.
1709875399,27b9da3e5e37592efed70f182c0191f03da4f6268072fd64c4f4b871cb0f0c65,Wields the power of water to attack targets at close range.
1608147119,ebac746469f04c22039351c29e9e8873686e24f96f5a9a984453f7a4b478a9fd,A teleporter has been activated
1608175895,5b180dc7cc325d7f3f211dee9f4ea37de9427398fefe1e9eb22ffa313ae843db,Slam
2015607931,5b180dc7cc325d7f3f211dee9f4ea37de9427398fefe1e9eb22ffa313ae843db,Slam
1608180275,29e9b9d55282956c29bd9b126fe805ffe2287d3531d4e7a5edb913c9ee231b34,Glows to attract cloaking Flutternyms
1608186355,973746c2deedd1748aba296b78b6b43221420807e89e14edc698781b2ddf35b2,"A crisp, clean cut that showcases a graceful aura."
1608188437,876b3ce3a510f1d762b93ade408e2fa45e616ab17bab4b568fc5f4f30f11b90e,Sacred Tree Blessing... is there anything I should pay special attention to?
1608199586,e97a2f0566918f7c7ace903bbebbe1ecb8884dd1ebb644a256a88514ec8eb2db,Ninety-Nine Battles
1608210026,d742b169f5187d41b06378f115f616a28c89be7250d202b85977a7f1d7647c83,"Hidden in the shadows, the mysterious mage works a little miracle for Celestis. Even mages have a gentle side."
1608282594,be9c40236586e1e385b1f2a424e84810631b5465e5b541d5bfa3eacdd9d51d8a,Not Yet Discovered
1934358179,be9c40236586e1e385b1f2a424e84810631b5465e5b541d5bfa3eacdd9d51d8a,Not Yet Discovered
1608284360,5f463c1d0c51348276e0cd0da8dc2c1342f57a441327a22a0758d93a04c95a95,Damage Amp Level 3
1932091918,5f463c1d0c51348276e0cd0da8dc2c1342f57a441327a22a0758d93a04c95a95,Damage Amp Level 3
1949675611,5f463c1d0c51348276e0cd0da8dc2c1342f57a441327a22a0758d93a04c95a95,Damage Amp Level 3
1983719810,5f463c1d0c51348276e0cd0da8dc2c1342f57a441327a22a0758d93a04c95a95,Damage Amp Level 3
1608316788,0aa0128597cbc9d57afb861dfd11ff6148f8112f4f4e571c759d116d8cd1de0f,Scan QR Code
1608379821,c37aadb236581a130ba40cf021cd5378304a46300c1a2ad3d4a9ce077ed712c6,"Use rocks or chests for cover... or use some special tricks, like Cloak. I’m not picky about how you win!"
1608424162,baafdebc50bbfc3db5a951ee2a4859f8f417647ec515a08bb4b9a8024d62dab8,Spectral Hummin
1608455738,ff5cdf7e32ad1b2568092e86ab138cb7f2df0b078e31e5826c6bb9198e0ad642,Try carrying Shrout into the middle of the lake inside a bubble!
1608479903,dbc6bdcc46386cab23dd3d6a2c6ff467ce5a06f0e8307cec89712c5918376137,Investigating...
1608519555,f74e251c679357fdee80626d783b2b1a174ad0075f081044d37179cbde8742d6,"I’ll ask targeted questions based on your recent experiences.
As long as you’ve completed Lana’s training sessions seriously, you should have no trouble."
1608530859,2e42842e9de9229e82bae33e1b8e6c22201892c4d1b960773c83b998ceb79bcf,"Teleporting is a quick way to <style=Hint_BgL>move your character</style>. To use it, select a <style=Hint_BgL>transportable</style> icon on the map.
Teleportable icons are usually <style=Hint_BgL>blue</style>, such as <style=Hint_BgL>Outposts</style>, <style=Hint_BgL>Branches</style>, <style=Hint_BgL>Blooms</style>, and <style=Hint_BgL>Sanctums</style>."
1608569045,dc534d34458419e303510516495ca4080c9c3c0b381d1ae4e7ef13e9ebc73480,Maximum reached
1608579337,a673a69f865cadc612cc2a2f9871fe4d403096f577be7ca9af88deba7174fcc6,This area has already been Nurtured. Please wait for it to end.
1608591097,32cf33c2c9737985c83244df1135c112429c72db627a3c1c2c20308a2d04b671,Tap <style=Hint_BgL>Jump</style> twice in the wind field to <style=Hint_BgL>fly</style> to the target point above.
1608606251,c0fc74d8001e8d547acdac1c7f25a0577ff81d6a93f116bcd4805a3ab080d25e,"Alpha Aniimo roam every area of the open world. Check the <link=""appearHelp_103""><color=#5090df><u>Map</u></color></link> to see where they are. Defeat Alphas to obtain materials such as <style=Hint_BgL>Dewdrop Crystals</style>, <style=Hint_BgL>Elemental Stones</style>, and <link=""item_151001""><color=#5090df><u>Star Dust</u></color></link>."
1654400735,c0fc74d8001e8d547acdac1c7f25a0577ff81d6a93f116bcd4805a3ab080d25e,"Alpha Aniimo roam every area of the open world. Check the <link=""appearHelp_103""><color=#5090df><u>Map</u></color></link> to see where they are. Defeat Alphas to obtain materials such as <style=Hint_BgL>Dewdrop Crystals</style>, <style=Hint_BgL>Elemental Stones</style>, and <link=""item_151001""><color=#5090df><u>Star Dust</u></color></link>."
1655740690,c0fc74d8001e8d547acdac1c7f25a0577ff81d6a93f116bcd4805a3ab080d25e,"Alpha Aniimo roam every area of the open world. Check the <link=""appearHelp_103""><color=#5090df><u>Map</u></color></link> to see where they are. Defeat Alphas to obtain materials such as <style=Hint_BgL>Dewdrop Crystals</style>, <style=Hint_BgL>Elemental Stones</style>, and <link=""item_151001""><color=#5090df><u>Star Dust</u></color></link>."
1662320895,c0fc74d8001e8d547acdac1c7f25a0577ff81d6a93f116bcd4805a3ab080d25e,"Alpha Aniimo roam every area of the open world. Check the <link=""appearHelp_103""><color=#5090df><u>Map</u></color></link> to see where they are. Defeat Alphas to obtain materials such as <style=Hint_BgL>Dewdrop Crystals</style>, <style=Hint_BgL>Elemental Stones</style>, and <link=""item_151001""><color=#5090df><u>Star Dust</u></color></link>."
1806396568,c0fc74d8001e8d547acdac1c7f25a0577ff81d6a93f116bcd4805a3ab080d25e,"Alpha Aniimo roam every area of the open world. Check the <link=""appearHelp_103""><color=#5090df><u>Map</u></color></link> to see where they are. Defeat Alphas to obtain materials such as <style=Hint_BgL>Dewdrop Crystals</style>, <style=Hint_BgL>Elemental Stones</style>, and <link=""item_151001""><color=#5090df><u>Star Dust</u></color></link>."
2044909180,c0fc74d8001e8d547acdac1c7f25a0577ff81d6a93f116bcd4805a3ab080d25e,"Alpha Aniimo roam every area of the open world. Check the <link=""appearHelp_103""><color=#5090df><u>Map</u></color></link> to see where they are. Defeat Alphas to obtain materials such as <style=Hint_BgL>Dewdrop Crystals</style>, <style=Hint_BgL>Elemental Stones</style>, and <link=""item_151001""><color=#5090df><u>Star Dust</u></color></link>."
2129964084,c0fc74d8001e8d547acdac1c7f25a0577ff81d6a93f116bcd4805a3ab080d25e,"Alpha Aniimo roam every area of the open world. Check the <link=""appearHelp_103""><color=#5090df><u>Map</u></color></link> to see where they are. Defeat Alphas to obtain materials such as <style=Hint_BgL>Dewdrop Crystals</style>, <style=Hint_BgL>Elemental Stones</style>, and <link=""item_151001""><color=#5090df><u>Star Dust</u></color></link>."
1608670747,5f79b8c101029211607b68c4d645ead7a12ff432353119efe1ab79d653444b61,Rushes forward a short distance.
1608682397,7fa7f60d5edaff005c4cc0246b0b054da2f8cf14750c766582c6a005a77388d0,Morphling Wall Crash Mark A
1608686877,89a58097966ff60091eb50baf4c133a333ef77ea944f0caa4ab55d514336a593,Morphling Gameplay Objective Test_Title
1608754928,91eaef95bec1a7f0466efedae526ce574e2b8598c7d2c237fce23c5d5e51b822,Acquired M.DEF
1917784239,91eaef95bec1a7f0466efedae526ce574e2b8598c7d2c237fce23c5d5e51b822,Acquired M.DEF
1608804018,d808bc5234460fec6f7a6347dce83746cd58e003ef5816b6565f801df6f379db,Show some new ideas to %s
1608883062,a3f609645e2ce759933f47c2cce17afd8d14244b73a982078d7b13bd79aeda92,Metal DMG Reduction Multiplier
2009913249,a3f609645e2ce759933f47c2cce17afd8d14244b73a982078d7b13bd79aeda92,Metal DMG Reduction Multiplier
1608931037,60f2816e569d57f108ad041f337434fa1f2198f73650d880adac1f6dd1bbe51d,Father-Child Outfit (Dad Version)
1608965837,9fd72d7485dcb0a9e37f45934aece43a047f07bb483585183772ad26e09d990f,Verification Error Sol Cleared!
1609033500,ecf409260667e503a6085e5b064f0c27e86c74cc4adbfcf32b7525bc17ead1e5,How strange... The vines on the wall have disappeared!
1852361611,ecf409260667e503a6085e5b064f0c27e86c74cc4adbfcf32b7525bc17ead1e5,How strange... The vines on the wall have disappeared!
1609045991,1c8c649a3d8439722313fc32bc2339d57d4e8bba55b1889f447e832e56953e67,You need to own {0} to perform this Emote.
1609071498,a987b75da3b7deb51929ab0ef323fed7a59aa5015f2b5156c3f823cff16e5c4f,Welcome to Test Site No. 4: Something lurks behind every Vine! 
1609083146,4361775c04c77470d9c88332f6bb20692aa2749cf8505846b0f8176c31e33142,Party is empty
1609097613,9d857dd9d365de62090fa855904ab838aaade02d5b291529660075168afc77aa,Colorful Agave
1969293995,9d857dd9d365de62090fa855904ab838aaade02d5b291529660075168afc77aa,Colorful Agave
2100130766,9d857dd9d365de62090fa855904ab838aaade02d5b291529660075168afc77aa,Colorful Agave
1609168544,ffea951be023af94131303d868c15f433458709af3b40a83abe888a0996f65f0,"Gable beige paneling lines the inside, while the outside has a smooth greige finish, tapering to a gable point. Its warm, understated palette feels simple without looking plain."
1643209938,ffea951be023af94131303d868c15f433458709af3b40a83abe888a0996f65f0,"Gable beige paneling lines the inside, while the outside has a smooth greige finish, tapering to a gable point. Its warm, understated palette feels simple without looking plain."
1609169576,a950b4b0c81b415403d121beb6c61fe78a3fa17b6c402777ca33f8db71bd10f3,Tell me your problem.
1609178139,93461aac3114ce4946d88a99ca8ccd1789ede0fd4acbce2bb8fc46352ec2f988,The way of battle lies in unwavering determination and the decisiveness to strike at a weakness in one go.
1609197350,8a1cc290d4b40af660093b20e3df2f5dcb8453f3a31908d4033df76e39f5d95c,Aniimo Level Cap: 10 (Placeholder)
1609206141,6e75a34856cc799e1c36e37cd794dd73e12158573eac06833590e0901a364f86,"Kachoo, kachoo..."
1609228356,3578ee00e8cd5b282437d1506f3fc10e8ae9d4f4d7881cc9b1d2b88c7633bd60,You and Your Aniimo are Worth it!
1609292002,4d13a47a5518851b979d410886955a416f105a14a3d37aeb4138dc03c3f7a24a,A gift left behind by Prismana Aniimo when you document their ecology at the Outpost. It brims with life and a faint trace of unique Prismana energy.
1609327090,1bcde1a366ae6eacc7ae3d54effbcf39559badc14d85ee5dd1c1693323d0eeab,(This is a mess... The third line is about the <style=Hint_BgD>freedom of diving into the unknown</style>...)
1609343247,a3034dae37dcd3bdd444c54e0505a64acd2f9eb0d1ca25c8d7c00acae8233d8d,No offense but
1609354668,b89dae5ccc8080d0c05692266c826cd583f03c9bb7d29df4d8c5408ce21a28a7,"Aniimo can sense the presence of nearby Pathfinders. Once a Pathfinder approaches, the Aniimo will enter <style=Hint_BgL>alerted status</style>, and the alert value will be displayed over its head.
Once Aniimo’s alert value is full, it will respond in various ways based on its habits.
After a failed catch attempt, the target Aniimo might <style=Hint_BgL>run away or engage in combat</style>."
1609372083,8e9cd25d0da9fe45ceb49f7687599cc5db98082be97107f0fa5483a8b9305dd8,I hope that I can find the answer here.
1609390937,63a6c71bb155a34efcfa7d84275b9739bd5b2fd49200e272634cf83dcfbaf916,Increases the chance of Sparkling Aniimo appearing
1609398772,93652451b3a2dca234f4e3e64388bb80674f6a61ddce6bf19425bb135583946b,Join Again
1609442070,aab4373d6e24054ab29228d2419ae22e4fa940bde521b560a8f1e1d8c26cbf88,"When entering combat, Damage is increased by <customRichText(calcData,buff,91053061,param0,1,%d)>% Over Time <customRichText(buffConfigData,91053061,duration)> seconds. Can be triggered again after not entering combat for <customRichText(buffConfigData,91053062,duration)> seconds."
1609470171,af233cbccaab25d83dd558da44409b36753e0432bea2c2541d9a3f8562725e57,"Increases Grass damage by <customRichText(calcData,buff,6003022,param0,1,%d)>%."
1609473366,6aba80ff0d0561f33061c735c4b8986ae7970c5dc2d7717cdb1b7ea0a7768bc8,Repair Item
1609476532,29b316e012c8bf130de62af2c11d472025cae97e20697c377ea09099fb4b015b,A clock for your Home.
1609490039,2f61969975a0d6c67a9db3199442f8094b216aad7f3bba9a14673b39f04e3f55,How did this happen...?
1609497259,758fe74d222895d1f9b0154fb069bbb9a4a59e361a38a0d570b011030e7935a4,Sunia Sets Out Again
1609506230,49df8dd42fa22eb59f7ecc1f22f8897c669425f6f94dff544cd4b9f8fae8a4e2,Team Info
2116806178,49df8dd42fa22eb59f7ecc1f22f8897c669425f6f94dff544cd4b9f8fae8a4e2,Team Info
1609518703,640e584168a2facfd4700f0f4460bfa9c93a6bae544cd5fd5ae68985530aee52,"Then, when my great-grandpa was born, a group of outsiders arrived. They were remarkable—able to make white, fragrant flowers bloom across the land!"
1609518751,1a57fddc84f90393822daaa70aafbf7b9fa61d22d583a83306956e460ea07e65,I'll do my best...
1609519509,5122c14ddc946c75c43e0461f98dfb3da6d9dbc096ca6e707d83ae0d0c5d98eb,An outpost for Pathfinders to rest at
1802195579,5122c14ddc946c75c43e0461f98dfb3da6d9dbc096ca6e707d83ae0d0c5d98eb,An outpost for Pathfinders to rest at
1609551798,9d52f2082b20e0170f076ee21949f6a4c4bb1c14f983be6370286464a3a01ba0,Spend 750 Training Coins to randomly obtain 1 Basic Gizmo or Advanced Gizmo.
1609561469,2168f107d211fc199b95da53a6ad0da8134e733bdb3ab2ddbcb09fe6deb98d43,"With a very hard texture and a deep purple color, it has an exquisite aroma that blends honey, herbal, and fruity scents."
1609583152,c0fcaf557673c90866eef6973eaf1674752e943275d380b8a5829f6bc358cca4,What Irelia excels at most is collecting all kinds of colors and gathering them onto herself.
1609635234,d6ab25a7345c6ba427f17a62e69e5bfdfc1068e3ad1434c5c58cab7106076c13,Enable AI debugging and start the debug server
1609653520,730a9722d220d0593443ce586120e7fb5d22ed63692d2c9711792ec43175c98f,Cool Breeze Wooden Chair
1785531583,730a9722d220d0593443ce586120e7fb5d22ed63692d2c9711792ec43175c98f,Cool Breeze Wooden Chair
1823023163,730a9722d220d0593443ce586120e7fb5d22ed63692d2c9711792ec43175c98f,Cool Breeze Wooden Chair
1609679536,7f3e748d6b15ccda5e5a351f45beae9bbac7e2c64233b7504227fe8a83276774,I wasn't born yet at that time. This Lore was told to me by the previous Sherro.
1609703953,52b9d1386eeda0ec5491a2a9a675234c010790abd2a1447255ddc6779e849bff,...No. I’ll stay a little longer.
1609769291,f87d817202057dcc2d41add28c04195e3646a819065d97949675bad4658782f4,Semi-finished Bonesky Dewdrop Crystal
1609772482,ae500885df57937fda34a502fb856636edc014ea6efa96567c0de52633dcf40f,"Well done. Wally has already contacted me, and he spoke very highly of your performance."
1609782118,bbd263cd436dbef7435c21c5fc288c05aab07190375ed049decfd0d7471cc796,"Consumes this item and 1 of each of the following to craft 1 Starcryst Essence: Blaze Stone, Wave Stone, Gust Stone, Freeze Stone, Roar Stone, Loam Stone, Sprout Stone, and Night Stone."
1609787513,0e31629e686063dcb2cff781c4a7df655dcc53ce36076e32f17d46adb50aae58,Reflective Barrier α
1609843573,8591cae5f176424f8b3790abac3afd5ac80e8136bd714d5075bd5357e863d9bd,Take Back Item
1609851838,79950e0986b3aeeb2bd496dad3b8e63d1e8b7d65f9163f0d7b72e1c499d799a1,GM Mode
1609932436,22a04942cf61372ca280cb3f94978f3a6cf47137ce29479673a800eaa73588d0,Beginner Tutorial_Immovable Crate
1609937150,9d0bc64b6cdbfb9e2630855436ec869ac178040bfedb7fa07f07ed1e88128391,Chosen by 52.4% of Pathfinders
1609937553,9d1539464cbfbaf1c101409110dcb9ec63c28c4d751b297707ce38bda4be8b19,Welcome to the official QQ group
1609942209,1741099759935b399bc92083420eec50ee80539087ea3768e6156aea05c0ef6a,Take a Look Together
1609957864,9ff5a69ed5e52d6af36315618c73f58e5ac7863cf9beb955fdfb4e66adebedaf,Current Front-Runners
2077946288,9ff5a69ed5e52d6af36315618c73f58e5ac7863cf9beb955fdfb4e66adebedaf,Current Front-Runners
1609964857,f5ba533af560e2e5f9274142c78209e78b5ff32c9c4dcdaed067f30be06a9bc8,Now that’s professional photography!
1610011374,20822627ca07b8cb3e7c4e5077847c58c0b045b94e9e8a46763a3da38e4a9734,"When taking damage, restore <style=Hint_BgL><customRichText(calcData,buff, 2050003,param0,1)></style> Energy Points (EP), with a cooldown of <style=Hint_BgL><customRichText(calcData,buff, 2050003,param1,1)></style> seconds."
1610019932,1ac60de938a81c7a82e5696754cffb3ba4fafa1d1057ed3f7a331a8aa7a9c6d7,Basic attacks can hardly break the prison Geoclaw creates. Only fire can melt solid ice.
1610023523,1cf0bceb6d886f2a0ff500fb69c54d0c57a69c615dcdda459e4f85e7eb22b0d0,Vanadinite
1792355026,1cf0bceb6d886f2a0ff500fb69c54d0c57a69c615dcdda459e4f85e7eb22b0d0,Vanadinite
2017657054,1cf0bceb6d886f2a0ff500fb69c54d0c57a69c615dcdda459e4f85e7eb22b0d0,Vanadinite
1610077010,fa5c2ea3bb4dab2ab723f93585416a1cc9af38a90fa1c83875b948be4ad8078b,Your account has been logged in elsewhere.
1610102971,83a409cdbe4300aa0f9b03e1ba6aa823035ccd938f560df5b1cd59ca68e64a35,Shining Luminelle Egg
1610105636,0c670e6678075d783e55917bbfe47ff8d2ceefb591773601fd0aeb8870a7e198,Area Gathering
1610109633,653c4bdaf2db0ce360d5d873357f4af463b26c64fea08075a7031524e54f6a64,"Your Emberpup has now reached Level 12.
So, #playerName#, do you know how to make it evolve?"
1610118576,b38c77301a7dff3f6135b296d70b4702e542dce5e27465110c15d85faa38af74,"A great mage draped in radiant colors, wielding the power of Prismana as its own."
1610132122,2874fa0419afe2193da530902d431a7d821d754dd9c33533f6a59eae386e130b,(Is it talking about me?)
1610149322,0f6c77269e6b23f3d4219e537c2fc73c5bf6640fcbd5bfb4c506ef25e8cd2601,"{0}
Level cap: Lv. {1}"
1610189410,9f0aab7429064e04f8c19ad7d1904f317f98f8bddbae458bab97f1002fe1637c,"Rewards in Training Incentive <style=Hint_BgL>refresh every season</style>.
Press #kRaw/GamepadButtonNorth#z to enter [<style=Hint_BgL>Training Incentive</style>]."
1610218556,0f50ebe560d0a944ffc76543853fc87156019d5fdb9f93dfb850f2f032132f07,"A mysterious pattern has appeared on <style=Hint_BgL>the trunk of the great tree</style>, and a powerful aura is emanating from the surrounding area."
1610242283,52e5e8c23310dbf09d6f176b67dde3488ff8ed8f7128afecf431ef7ca000d3bc,"The first-generation Explorer carried humanity’s curiosity and courage, marking the beginning of our journey into Idyll."
1610312675,411ef6e1e68eee5b56d95ac533babe9b91be255a07219418cd3f896479c3b1c2,"You can now place <style=Hint_BgL>45</style> Aniimo in your Home.
<style=Hint_BgL>New items</style> are available in the Home Shop and Furniture Store, <style=Hint_BgL>with more advanced production facilities to be found!</style>
Increased <style=Hint_BgL>cap on the number of functional facilities</style> you can place in your Home
<link=""item_4040015""><color=#5090df><u>Power Module</u></color></link> can be upgraded to <style=Hint_BgL>Lv. 5</style>."
1610317134,5028165194371dbee1c0d11e5053d50d7fec3b5ea9e49e1ad7e43142c716dfd6,Colorful Rose
1678180800,5028165194371dbee1c0d11e5053d50d7fec3b5ea9e49e1ad7e43142c716dfd6,Colorful Rose
1864899742,5028165194371dbee1c0d11e5053d50d7fec3b5ea9e49e1ad7e43142c716dfd6,Colorful Rose
1610320608,2e7ba537afc18b13fd05b4bee5b8b369c717820294cc177a0da197611007b0c3,Using the same skill repeatedly increases damage by x% for 1s. Stacks up to 5 times.
1610348361,2daec30e6a77f94344c30cb8277295825ec6e79c3227d85783829cd9c29a9bdb,"This must be a gift from above! It’s my treasure! My big treasure! My big, big treasure!!!"
521614989,be22a0c676f995d7e4535feaa52e4b6dd790521b807985c9612ac3da3c6a2343,The Argent Strait
1610362032,be22a0c676f995d7e4535feaa52e4b6dd790521b807985c9612ac3da3c6a2343,The Argent Strait
1880863984,be22a0c676f995d7e4535feaa52e4b6dd790521b807985c9612ac3da3c6a2343,The Argent Strait
1610373895,0fc8bba2eba89a7fa92fe0305365f2eb659e7e1f4f362f3878ee583019767289,I am a high-difficulty battle!
1610426281,293a691a1364419c3f5f71196629de10c0e8c737d0873ed637d06689109f04c3,Roll the wooden ball <style=Hint_BgL>into the hole</style> to open the matching mechanism door.
1959827331,293a691a1364419c3f5f71196629de10c0e8c737d0873ed637d06689109f04c3,Roll the wooden ball <style=Hint_BgL>into the hole</style> to open the matching mechanism door.
1610431610,fe8da0ae3ca8074ce9a3afbbf1920e53d00f045d8f2bd18404048fcfa1158bbc,Wondrous Magical
1610465884,f4b37b3b31eac76662da9bcfa437e8b26b67255ded65c3887633dac6a4170a15,"A rare mutated wheat surrounded by a rainbow aura and dazzling sparkles. It has grown enormous and plump, with a crystal-clear sheen that gleams like treasure."
1621103254,f4b37b3b31eac76662da9bcfa437e8b26b67255ded65c3887633dac6a4170a15,"A rare mutated wheat surrounded by a rainbow aura and dazzling sparkles. It has grown enormous and plump, with a crystal-clear sheen that gleams like treasure."
1610482674,8f8772d59d1b39cdcce1eb6e9eb0a7bfa9575903dc55145269717c69756a7b59,"Dear Pathfinder, welcome to the Starlight Festival!"
1610483621,b260689f2855b295cea4128963803d2aff8906cec19a1d2a496e9d6eaeacdfdc,Yes. I want to know why Lady Velouria was so angry about my offering.
1610518457,51f517b03773666e83e4f6a17a0362cc283f0801ad41c25f8ecf3e9699cebe72,Complete Dr. Glass’s Sticky Nimbi Challenge in Nimbus Fields.
1610561708,4c47ac588ae54e0d2abfc9c366f3cdc47aa873af053e666f4fdec3d97ef20b54,Auto Replace
1944179072,4c47ac588ae54e0d2abfc9c366f3cdc47aa873af053e666f4fdec3d97ef20b54,Auto Replace
1610585440,0c521bfc307ee42f056cc704022803f32bd31a7e333bb7c9faa9dcab28227ade,Alternative items will be used to fill in
1610607687,1db8f685086a857bdf12d733fb5baafbabd414164b4a145b9050d5c878756dfa,Startup Funds
1610651599,cb95488b0614a9daa7d91d517db31da534e766434aede50df32b14b577c19491,You can accept Snapshot invitations from up to 4 friends at once.
1610690319,b0c7b31ebc509d538289f26f7f38398e7cb728d1c93a398c4258c6f662de300b,[Dialogue Placeholder] Academy Research 4 Approach Bubble
1610700866,6d77cbfd293521e7beddbcadecd0a6a7a55cfd6febd92dc8832180231fd851d6,Ice Pop
1864142074,6d77cbfd293521e7beddbcadecd0a6a7a55cfd6febd92dc8832180231fd851d6,Ice Pop
2023781072,6d77cbfd293521e7beddbcadecd0a6a7a55cfd6febd92dc8832180231fd851d6,Ice Pop
1610747973,023b747b5a95050d5543ab4de7cc96d85953ce81b631f9433ae378e02811a9bd,An empty seat?
1610748458,5fccae7817a7b0ff4cc9dced707d78f6d958c2c2143c5b285a7dd7901564c13b,Free Companion Handbook Level 53
1850856529,5fccae7817a7b0ff4cc9dced707d78f6d958c2c2143c5b285a7dd7901564c13b,Free Companion Handbook Level 53
1610752368,735ac4de9d4957162f9162658c728fbd6f2fc4e1ec2874ab67e3088cf05b6565,Press #kRaw/GamepadButtonNorth#z to submit your research report and raise your Aniilog level.
1610759695,4d77c279edca287d9ea47b964d3106b37cd0dc4acc0b6b248e047ad70590fb9b,Let me help you!
1610771075,d69073f9c666074019936ca8436bedbf832ab1b06dcf5fdf657aef5c72b8f9e6,"Now, let’s begin the second fragrance."
1610814940,e7d91391c151982552241e802cf3bf1cf34efee5f0e37141a371a5a91e99e2b8,Brave
1610854263,e19ffdf16432bef0521c771e9617349c2f6855fb802ca8f2150254c3061df7fa,Complete and turn in Quests/Quest Groups (Default turn-in)
1610883167,359cccc8a5f45c3ee6ac976c36533f0858bdb14fe44b5de6658bb7fed0aac7e0,You turned into a Hummin just now...
1980307305,359cccc8a5f45c3ee6ac976c36533f0858bdb14fe44b5de6658bb7fed0aac7e0,You turned into a Hummin just now...
1610912961,7674254f91bf7ebdbd632aa378f7faef5eb62be889bd8207ded0f70a1db67539,Complete required Elite Training Core Courses
1610914859,1704825b5dff3ea45bc8887559f3af9824ec3a6995534e3b2882a2a5c2b688c6,Enable TriggerDebug
1610927551,9c79cf7eca50843a8db3f955247b6a16f8c48e16240a69a47fc329057253dea9,"The painter Sorora stands looking at a painting in Russet Highlands,
muttering the strange phrase ""a ghost swings its sword at the dragon.""
It seems to be connected to a memory he’s lost."
1610931250,ce44ade31d8b1dd850ff17b590ad642fe73a9b1beaa0fe5177c16a37452d26c4,You flatter me.
1610944910,705f75542a9aac2c0f9d6bc023e2b5477daec8308ed63cb13cfeb82d54498bd7,"When you want to go somewhere else, just <style=Hint_BgL>select and track</style> your destination. The map will <style=Hint_BgL>automatically find</style> an available transporter nearby and suggest the best route."
1610973661,9e6c63440afd747035d162484d6bd487aa950cd1cc9aea56e908bac94cab9462,Fight with passion and iron-fisted intensity!
1611015915,3c7199593abe57c158603308da25a6bdd42ed7af19c66c21288d48737dba6043,Steel Helmet - Tiny Warrior
1611020065,fbe8ddf8c8cff550d9fc832dc2aa7683f298e311fecc3d5e1a17398b47517215,Unlock plot 17
1611030536,1bb938e7e32a8b51c229ae861fad9fc6143ee11bc56848a69e63f737387de743,So sleepy... Haven’t you found them all yet? Those three little ones are nearby!
1611039841,5b61a2f8e1b84a8326141c0216f005a50c433d3a7e1c8af6a3d06dfe54dcd30e,"Grants a Shield that blocks incoming damage. Lasts <customRichText(buffConfigData,91281032,duration)>s."
1611060830,907991df5759ba2319b348d963e3e510edc881968b8bdecb463875a541e33c9d,Doll
2140674769,907991df5759ba2319b348d963e3e510edc881968b8bdecb463875a541e33c9d,Doll
1611086035,6846b69939d2586b9757fa74a58edbe157bd97ebfb4c26f1f7bcfb9d0b473f27,Or press #kRaw/GamepadButtonWest#z to auto-fill eligible <style=Hint_BgL>enhancement materials</style> with one press.
1611091410,7b8c662647ccd3b7a4a8d6bda70e9bd34738844a055a67f8f648c0cbe7da1c68,First Clear Rewards
1992488099,7b8c662647ccd3b7a4a8d6bda70e9bd34738844a055a67f8f648c0cbe7da1c68,First Clear Rewards
1611094938,971f7dde288a2b72c80193cffff300dc28d2da65f08a39f4f5a13fa9e282ef4e,Style isn’t about what you wear—it’s about how much you care for your Aniimo...
1611133972,597ed82a5fb7cf6047f49e228a6f2060975725600fec9b90fd43b4a87ccd69da,"When the Gear Ball falls into the hole, it activates the <style=Hint_BgL>fan</style> that leads to the next room."
1611149689,0e477882652af8b3b694e660d82a7d716b5a41fe08c8b6a37097ba7b39f4e931,"Totally, there’s almost no place to go."
1611158068,2204932d7137179ad54d1ac20e7842d7557d09fc1ee800b491e852b1bf07c5ca,"But my sense of smell was very keen.
My parents often encouraged me because, after all, a perfumer doesn’t need good eyes."
1611172749,3b99d0ee184247c02b3f6e660c967e3f657b7be98d80126945db94f6a7527199,View Quest Rewards
1611183743,6f94683372f483ae1a26f2c7a9fe052fb4999d917e99d80eb4bf39fe7baefffb,Advanced Cotton Seed
1611209663,5c58a6a08f011f4a8144e81149c2269e4e6057df41499785869429945315ce1c,"It contains an unusual power. Complete the challenge within, and the Vein will grant you a blessing."
1611215705,f26ec67594c58a911b6ea93c4e9e1f02a7b1766eff1e3fcf289c9a0cf549f001,Lightning Discharge
1611218134,6b6a08d1b8037cd001e6f0c1d2e4f641b00ca90a5eaccb1b5058d7b3ddef4f2d,Park No. {0}
1719674264,6b6a08d1b8037cd001e6f0c1d2e4f641b00ca90a5eaccb1b5058d7b3ddef4f2d,Park No. {0}
1611234807,6c51f2cf4c5ddef2b5f5495f3bb0dcc0b62fbf0f259b029d5e8b851b55106e19,"You completed this tutorial.
Exit now?"
1611310821,1845e62911a9c9e222b8a6a175593aae8afa73b94feb66f48496534204b65ee3,(Deep breath) This serious? What is it?
1611317966,cdc71051f7eed5c15aa24f7a3aa3a2acc74119dc1434643fbbf82b5d89ec2c32,I can’t wait to see a Pomawk!
1611384400,8528de2f322e54c78bfd0634dce9526a79ed6d6d46f5acdaf0c2a10fe5601127,Interior Ornament
1611399823,d32e4e5bb2f14f6950f0faa2980388857785ee33046ded27ec5eb2aee1066c7e,"Ah—speaking of which, I recently found a Flutternym partner! When I twine with it... my ""faulty nose"" becomes, briefly, a working one."
448495295,8f21af9d57a0125f9e5d74befcd667c0ec2acb795580ec541b576406559f5368,Earn a total of 40 stars in Holo-Battle Interlink.
1611429153,8f21af9d57a0125f9e5d74befcd667c0ec2acb795580ec541b576406559f5368,Earn a total of 40 stars in Holo-Battle Interlink.
1611434805,5ecc4cafa18d9c056ce6099bf8273a5f2c6049d038f9a648359cfdc04867e641,Marker sharing is not allowed here.
1611440110,da711d42fdbc8ef3f1b2c23c3477657e94a7801277d2121eafa078a6d73a7405,Embarrassed! (Finally found the treasure!)
1611451549,5fde6511c31e157497d09d39f4fbe2e057b7e514222675437bc0169842bbb863,"The shattered pattern looks scattered and broken, only a discerning eye can uncover the secret within."
1611535456,eeb8cc2a0e3951a55c2af8494c9b604c01ed029b841a5f461c1e500d51b85de6,"Alpha Ignitis can enter <style=Hint_BgL>Blade state</style>, greatly increasing its ATK.
Watch its attack timing carefully. Strike when it leaves an opening to make it enter <style=Hint_BgL>BREAK</style> faster."
1611583850,232f83b2c61db67795145f9d50b4d0b489ac0e45d3f43457fb99b92b76e505fc,It worked!
1611593593,00ebefc4ba41a30bffb7ff258be046d4f62943d781bb2474c538abba255e190a,Your rune types don’t fully match this setup. Auto-fill with the highest-CP matching runes and continue?
1611596406,635379230f3d53c5848ece78202af8ef03d59f067c605755548fd0a0b6256dbc,[Glow]
1611635305,6f446c68112122635df0c5cab319203a7e10e843accd8d60a90721a1b3420036,Stop!
1611636981,9fa4ec265559c8a8058d89372c3e016334c0ff51879dcc75e829113cba7eb345,Aniimo Party
1611692099,5f85e7b84fd9287df478d14f5704d4cb8110d093594f91e2397e1cc3cfc87ca8,Advanced Dream Catcher
1611716294,6103159c226283bdd4a54a417258299935453460677c497ef264a0b2d0dd564b,"The <style=Hint_BgL>""Quick Training""</style> ability has not been unlocked yet."
1611744910,e0f74616fa01f50a8753d14cfd1cc289ebd4fe0ae74b4953bd1fbb758148fcd8,Akutagawa’ Bonesky: Popsicle
1611779245,00935f8d913fa6bc2098ba03e440c20703ea77a2c62d6a269f565a558f0853b2,Umbral Tubster
1889767887,00935f8d913fa6bc2098ba03e440c20703ea77a2c62d6a269f565a558f0853b2,Umbral Tubster
1611798821,cf53daf08840f3e89d4fcbc35b8ef312187f5f1cd9823399b41e756675c1c36b,Save as Blueprint
1611822548,b8ca06511dd2dd92ddc1e5d79e0c6aa19586280610f2cac251736868e8d5300a,This feeling...
1611828123,85b0736ee66645ae9ee8b87281ef65d4b7000431047ccd1dd1baae7841fa2c2e,Pippi's Collar
1611838677,3e0b2cce7d1abbf165ac140d12bcc54bacca94a2f2977616a167ca1d09122759,Encounter a Prismana Form Turbo.
1611874216,f69477e50b70e8900c71ea4aef53646a324a26e72202f10df197ddec6095bf0f,What’s under this tree?
1611920369,61952b36f0196b9fba9b7abc670df9fe8ddfef7c9c010a3da52ec8ea1e04af44,Test Data 1111111111
1611947587,4d80bbafe6a2b938add3d3a30050612969eecb41b2e60e6c5d324bb2db65df4e,"Every encounter along the way is worth treasuring. Log in for the required number of days during the event to claim your travel gifts, and build your own collection of special moments with your Aniimo partners!"
1611961735,04b022dc3ec0132c06f2b2f11762d60d53a3094f04d3bedd3d95bc9d7f8fdd57,Red Arrow
1611964782,4832b0b45ff39b077a6e9fb2b4c8b2b39608bc2355c14f5e3d435b90a8624eb9,Building Block - Soda Orange
1712775925,4832b0b45ff39b077a6e9fb2b4c8b2b39608bc2355c14f5e3d435b90a8624eb9,Building Block - Soda Orange
1611985295,6383451c3d18a19f45ca52c706b30c625821981f4b65db6ad13f816d323fda2a,Ascension/Evolution Materials
1842864050,6383451c3d18a19f45ca52c706b30c625821981f4b65db6ad13f816d323fda2a,Ascension/Evolution Materials
1612005121,840179fe7bffdf3addc055a8548beb657b9400ef417d8d035eac7b393f5dc845,"It wasn’t scared of me at all, and we both liked shinies, so we became friends. But it left, and I never saw it again."
1612051043,2a7895b3d7248cffbcee8fe673ec235067bbc57b78ccd549064c60f56fa70303,Redeemable
1758052184,2a7895b3d7248cffbcee8fe673ec235067bbc57b78ccd549064c60f56fa70303,Redeemable
1612053804,3d3aeda0ab8aa151ae771e31e58b8a5571123aa96df9762ebe69eba872b0c02e,Microservice binding failed. Try again later.
1612068982,625298b076aab0846faf8cc6b715db483e4fcbde2675e58c6c846b9ec6156867,Advanced CRIT Rune
1612078993,9babf7390110251517576cbf77d1293c9065b7163236210b41e5b135fecd9d10,Perfect Fragrancier Egg
1612091590,173aec4a7d130d5e7b9b825b39a954b4cc4895f1a32e80ec07dbfcffc682eecd,Goofy Bird Pack
1612149027,0fdaf0e085603cf790111cd09dc3788701cd12e9bd05fc1d623710e95009f17e,Chest Unlock Duration
1612167383,90d06e2be2e859277bb4d929d793ba80685a9ad12e07825baa6aa7e050206b8c,"The right emotes can bring people closer together and let our sparkling, wonderful souls shine through!"
1612185261,24791c38a9aaa8913bd0fb4e3ab894a4e3dbdcf67ead4c6ef34f7c63601fbf8b,Mmm... The little cakes in this Instructor's office are quite delicious. I hope I can have them again next time...
1612203056,2f2c08da587e68b87da2dde4f271ef6d79275139e1f4c8b06ce26ddf08d47cc2,Leave Team
1612207081,a7b6803b467e49d8e79a560834ad5e8fdcf9095be8434cce4a32e188dd7e9778,"Upon being defeated for the first time, revives with 30% HP."
1612210343,c30c06b1f2317376ab48757701cefb81b65439517257ae5c886275f2e921528a,"We are the strongest partners! Never mind sixteen hours of training a day, even twenty-six hours would be no problem!"
1612249819,98584829c11f28984b8db89e31e02aa0338685bdbd7a93f10d4de2735801db2b,It feels like the stare is coming from that <style=Hint_BgD>holographic device</style> over there. It was really spooky... I’m too scared to go near it. Could you take a look for me?
1612270366,5b40c71fcb63cf83df51cd01cc2fa4b11f095aefd51eacadd13f41feb6f64804,"Yes, that's our theory too. If we want to do that...
we'll probably need the Ancestor Prism."
1612309933,729544be31ba7afaf1c39cb92468fc14eb2c479252005a6168ae3b13de01b25e,Click to Proceed
1612313474,4cb7324680f2377783c56e430a30839ae1302d57113a3b331a4c3ec815f8280d,"(whimpers) My friend’s trapped in there! Did the zappy-zap stuff bring you here too? Be careful, it’s super dangerous!"
1612317512,1a323ec636b23bec3a29e523a395f94dd07bcd8c1d4c048ee58bfc428e84d170,Pomegg Dewdrop Crystal
1612330059,be8d0731ac234a1a40bf613ad772bf80dba49946aae556b9a3695358ea55eeb2,Unlocks Interaction Gesture - Dejected
1997382733,be8d0731ac234a1a40bf613ad772bf80dba49946aae556b9a3695358ea55eeb2,Unlocks Interaction Gesture - Dejected
1612350838,94b0283c91e9f0b79a1ebaed7dead5abda0200aa5bc5d75c080be00ad060b9ac,Basket of Sweet Potatoes
1658354348,94b0283c91e9f0b79a1ebaed7dead5abda0200aa5bc5d75c080be00ad060b9ac,Basket of Sweet Potatoes
1612411840,426ef65049e9fb5217e742711b3032dc98d4d25ab8b18af614c4413163877e64,"Spend 1,000 training coins and get 3 random [Surge] holo-gizmos"
1612425059,518cf3df52c855edf375a044f097e00367f1398a07d47c90d5ed0b7016341895,Am I really not supposed to be happy? But I am happy... I really am...
1612445552,6d48244453038a30e505be280ddc0dc4b14a2b0ce7df79a8a124b0d76e24077e,Title (Placeholder) Title (Placeholder)
1612503326,4c6a9748b243b05603da9376a071d1c3d7602505f327089a685c5fca3b09611d,The top of the castle’s much brighter now that the Mushroom Light is on!
1612542654,afa16bca1b02658b329d145cea5d571a44f5f4956a8883e817ef30897e1ad9b3,Huwu... Still...
1612565917,d9078a196ca64f39dd17f5a364279b262392ab24c1fe676f4730ade24cdc1a04,Remaining challenges this week: <style=Debuff>0</style>/7
1612572197,e4a599ed69a5167b6411936d29fbded93fb1679bdafffcd0166bb7d0ecf433da,Hmm? You’re not on the guest list for the princess’s tea party—leave at once!
1612643884,f738dce17365e6e7abc1db4c06b66851fde1d240b6ecc60bc4af1a3ecfbf0d97,Perfect Sync
1623391184,f738dce17365e6e7abc1db4c06b66851fde1d240b6ecc60bc4af1a3ecfbf0d97,Perfect Sync
1612696901,3575d61ae39219d0fb44c6293cbce325e496bd7568ac7d38ab4217f130eebc19,(Deliver at least 1!)
1934024865,3575d61ae39219d0fb44c6293cbce325e496bd7568ac7d38ab4217f130eebc19,(Deliver at least 1!)
1612704520,079f7d6c5718e367b1295cf0bcd31b4b4f094d25c57b67ac12551ba173927de9,Perfect timing! Come see which of us blows prettier bubbles!
1612741270,37b6fb58d285eaaec33a69178148e0f6b3aa8fe6c21107f47daab79cc5c84110,"Someone yells from up high: ""Pathfinder! Care to join my ‘Emberpup Ignition Test’?"""
1612750036,23906d541be5933e3653a2e276527f502a625e5acff5bdcd12c59e3426508178,View photo of humans and Aniimo
1612752119,be1bb958c89fb2d299fe97ac66df06b047d499c103c12f102bdda9c098f6e992,"Wuuu... This, this is too high! Can someone help me get down!"
1612773499,36c3653be7bf7d9336ceaf634fba10d2f40b1ea663a2e4b88c916e144aeee4ba,Select your language. This choice will affect your experience (chat and matchmaking).
1612836395,07a8feb513852b0d3fe2913c511f2a0dc399ed5b28823cdefc264574a5d45d09,"They are resilient, green and upright with a fresh fragrance."
1726072064,07a8feb513852b0d3fe2913c511f2a0dc399ed5b28823cdefc264574a5d45d09,"They are resilient, green and upright with a fresh fragrance."
1612837592,f2685ffba6d3eb834deea78c97bb8ce9f31fa39b8ecad53e33470fe160ab8d40,Mysterious Painter
1612843253,47b2878edc8fd85050e019a1a183f923811f1d9e97af0b15021915541cb00aed,"Well, Snowy says the Irisal is working on her dance steps and won’t respond.
We may need to use a slightly rude method to <style=Hint_BgD>get her attention</style>..."
1612843370,49121f939be23b37f271f25cc07fd70e57a8a7a75717a1070e155bdb249f7285,Morphling Wall Collision MarkC
1612845282,c22f249c950d6e29c874c67429c71ee544581b7bc645218ebda5aa7d3339ccfb,"Hey, hey."
1736959788,c22f249c950d6e29c874c67429c71ee544581b7bc645218ebda5aa7d3339ccfb,"Hey, hey."
1612847068,5cbd56314a1447927192842649ba23f2d60b75274222d256a565cc4b40656cb9,No wall corner is safe!
1612899479,ddb79abc7ddbd2707da81b73519ee673e95a218098fbec4550e24203fd5d8410,Potential Score
1621252777,ddb79abc7ddbd2707da81b73519ee673e95a218098fbec4550e24203fd5d8410,Potential Score
1612905659,22550a8efe03fb6c0694f0ebe6d2dabb7e5c7e950ace4036a9ce2f9756791465,Hardening
1612922876,8225a0e8ba7f08719a0b3482d9a3fd1a0a2a8ed1053ba9b2744c678e87f2dabe,Placement Settings
1612927550,5f9a2b795615ba6a3d5455fd5624d773fbca5bcd16249c421fd37411dc9837da,Yes.
2121737992,5f9a2b795615ba6a3d5455fd5624d773fbca5bcd16249c421fd37411dc9837da,Yes.
1613001922,79214cabf91e1946c48ae12d4787a8a83ee019b2ff4fc2d60053e6a3753b1692,Dynamic Pupils 4
1613015404,9afdd1d287f2f6e2db47765ccd38441e6851e28889e0f43b89377fbc11bb6f3b,"Spots are limited, and time is limited too. Priority goes to expedition team members, and you're the first one I thought of!
If you're willing, we can set off right now!"
1613019934,fbfd579664d2f12e8451686071d9b39a7e6ea75f704c8a0b479d5ca85c4c3fb6,Static Whispers
1613114609,5b50e82cbba8cdef98af48250de94c8351016bd6ed664120d8faae5ef40a56ac,Reported Signature: {0}
1613137915,ce4376f2df0b5d788479384aeed8901c4331260f4df7074ebfd2411db223503e,Defeat the Alpha Minespine
1988040154,ce4376f2df0b5d788479384aeed8901c4331260f4df7074ebfd2411db223503e,Defeat the Alpha Minespine
1613158175,3f368e1da2b90ec18cefb37831c9143d7eae0ee58f218e32cd624225a54ef844,Bamboo Ware
1613166645,9d91c3b88594f2faa0fde62ad6c8a44f80d30e5f3e803a27184c1e1aa99691c4,Press [<style=Hint_BgL>Component Upgrade</style>].
1613176192,6d746b3b9f67597ee660b98b5774156db29335c1804b7f37074c1bcbc5c7f182,Focused Impact
1906707335,6d746b3b9f67597ee660b98b5774156db29335c1804b7f37074c1bcbc5c7f182,Focused Impact
1613222589,beaa35ca7940091fa94a97280bac5c5e1ef3dc2118063c04b974aad9098a2af7,"Huh, what's this? The discoverer's name has been scratched out."
1613266463,ea937d86bba1beb3a3830348f385e707d855bdb10bb86f4d2fcf7cbab2c709a3,Lucky Cube Pack
1613270417,a1ddc7d6dd2a1b9340ad0972b7a04106885cd5de82744b6a649c45ccba55e9a1,Quick Formula: Scales
1613275449,60d2a75f1718d684a0ebe49e5e47e56f4fc376b9d02e4ea1e73f0dd54bda5404,Unlocks Aniipod Pro in the shop.
1613278621,06fdcdd67dfe3ee50a559777f6b4fabb041fd92d545f9a2fd700f96e93e23d69,PlayStation™Network Friends
1613281416,b6cd5194e30512a0688a3da488749d6d015d074b397d8e4dc0ab25f49afb1e7e,Marry me!
1613351787,8e83a9ef0c0097296bb9d15d4c0fabe3bf942eeab04e38eb6c6ded8f5ac8fc12,"When Nimbis want to float, they fluff up their wool and expand their bodies, then use air currents to lift themselves into the air."
1613374039,6d3d0e31f18f9d9064b2a6dd57f16e24ad1b3699eadda30b794049ee2e223ce7,"But, you’ll have to find out what the thing is. After all, a wish won’t come true if you say it out loud..."
1613383622,4963af31f77926fda2b5ed19928ee6b8575d135b5cae72ddcdec4d83cd768fa0,I knew it. Turbos and growth mushrooms are a perfect match!
1613408136,95de5b3bf68c15adadc2a74da0ba701f1a1c1343a9c7ba8f6ef217aa5058edd5,"It’s your time to shine, %s"
1613412077,c88c4b6f1e49aa7ff16aa9c4e80d1115554440a33a09d28aa1525717553f8823,"Enough with the guesses, just watch!"
1613412866,44fbe4e5738392e7981ad75ebd538ebf5679e2aec86b2cb54cb70152c36f319b,Perfect Flamerion Egg
1613417420,19131d101888d5a00b1dd29ffe16eec6b7694c6098043c60ec600f1e2d6b9dce,Ebb Tide
1613419247,75320208f1be437006ce0e36626f3313a72297433335a93e40991b6c4b60c089,Are there any free ones?
1613432961,10b725f0cf5f28da704516cb8ec95a095ba44d1a7c52896134faacfc0787b036,"Yeah, but we're already near the deepest part of the Mistwoods, so we should..."
1613438783,233868cff1b523a3af122a4602e7881243680a20b63e9106d86230dc7975cfec,"What a shame, but that’s alright. I’ll be here, so come back when you’re free."
1901987408,233868cff1b523a3af122a4602e7881243680a20b63e9106d86230dc7975cfec,"What a shame, but that’s alright. I’ll be here, so come back when you’re free."
1613468106,d5839ce0c01ec61e9aaf3902176dcb7ddd67642f98c8707cafa51764447f4f8b,"1. Refunded test rewards can only be claimed by test accounts that meet eligibility requirements.
2. Log in to the event screen with the corresponding account to claim your rewards.
3. After claiming, check your corresponding character to receive them.
4. For more info, view the rules on the event screen."
1786830499,6799ce0c573b33701746181442f8888df15989808331aabece3a3c1e45eb180d,"1. Test rewards can only be claimed for eligible test accounts.
2. Please log in to the event screen using the same account you used during the test to claim your rewards.
3. After claiming, check the corresponding character in-game to receive them.
4. For more details, please refer to the rules on the event screen."
1919387456,d5839ce0c01ec61e9aaf3902176dcb7ddd67642f98c8707cafa51764447f4f8b,"1. Refunded test rewards can only be claimed by test accounts that meet eligibility requirements.
2. Log in to the event screen with the corresponding account to claim your rewards.
3. After claiming, check your corresponding character to receive them.
4. For more info, view the rules on the event screen."
2118597723,d5839ce0c01ec61e9aaf3902176dcb7ddd67642f98c8707cafa51764447f4f8b,"1. Refunded test rewards can only be claimed by test accounts that meet eligibility requirements.
2. Log in to the event screen with the corresponding account to claim your rewards.
3. After claiming, check your corresponding character to receive them.
4. For more info, view the rules on the event screen."
1613492792,65ee0a0d69c341ac720a23b32c38f77d4b57e46d2dc4684ab183f0366bdcf33b,Aniimo will be very helpful for your production!
1613495710,c0915c5af78aaa4f55efe5a06ed57d0c9abed7f9af6acc70c3802312c39964a8,Stake Point
1859497751,c0915c5af78aaa4f55efe5a06ed57d0c9abed7f9af6acc70c3802312c39964a8,Stake Point
1613510568,adf46b8b05d774eae62bff6b29cd8ab047d87ba87e790252b4f74efebce10de3,Rare Blind Box
1681265904,adf46b8b05d774eae62bff6b29cd8ab047d87ba87e790252b4f74efebce10de3,Rare Blind Box
1613542403,18f11df04d0ff93a2cba59cfa14a1059f93d9e3e75fd72db940d48a73d54aaec,I'd like to prepare a bit more.
1613586709,c0b67b010d68e503372100616b996d7617ef8f442207d5b67532de8e95de1dce,Starsprout Daisy
1613611896,62961c3f1915b0103eaf0613acdaa7c43f8547b09cdfe91240538889c249224d,"As for what the future holds, we’ll have to wait and see..."
1613633438,9a923bf265cbdadd902f537c5736ba70d4b72ab8326379625bfef7d7438cb8ee,Empty Swing
1626394785,9a923bf265cbdadd902f537c5736ba70d4b72ab8326379625bfef7d7438cb8ee,Empty Swing
1613658155,e3633fa85347704b48b74b7df9e8fe0430f3ce485b877bc34b43e24394bc284a,Coin Envoy appears.
1613673315,a8ab7411a9b95df5ce604aa633cd6efc0bef1052d305735df13e316d8a0caa6a,Energy Absorption and Conversion
1613683745,31757bbfa17e6e3d1550ca435f418c0a14be83151541246516cc14ce89867a19,Reminder
1613749802,c60252d431334b8c06ba310c734ef36994a3ead4cca9293ee6d769b3e5e21d25,Star-Crossed Tea Party Regular
1613781048,151ddfd20e8beee97bac9924193f0da4a18d9e0045926f75d4c6f952c8c52db1,Stopped Seeking Friend with the Flute
1613801729,ba6a66b0dbd25f9bd33102b9e3312a279a97b19152f27ce8300aed98a9a5ef93,Display Map Host Name
1613807055,f0add6436a96300f783ce1284543fbe2be898371f4d03b64d74615c56d4386d4,"Most objects, even if not conductive on their own, can become <style=Hint_BgL>conductors</style> when <style=Hint_BgL>wet</style>
and conduct electricity <style=Hint_BgL>for a while</style>."
1613830345,741892179e6b2d3807ea8d882c0510349e59a08b42404c2f518b062a7b0e9609,"A huge Ancestor Prism appeared and instantly swallowed BINI! Before Nicole and I could react, the same force pulled us inside too..."
1613868060,359912033c04a4b53342fc0c0dd0044eeb16244fe8500e62a1da56cc8033acca,"Profile background test, unlocked at Level 10"
1729236198,359912033c04a4b53342fc0c0dd0044eeb16244fe8500e62a1da56cc8033acca,"Profile background test, unlocked at Level 10"
1613875155,74e9ca009c38f26ff822d1792be365d6b147d8186d46a5bc5e1ffd428f24067b,"Thank you! Here, take this! I’m heading straight home! Remember to sneak past the Hexxins when you leave, too!"
1613890344,804e19ff3fe088ce2a0429c541d820d14fe9cb3ffdcfc60c49c27b78e3291deb,A basic Assessment is necessary. A comprehensive evaluation must be conducted before making a decision.
1613934331,2c15230d73a32c6c2989d57bd9ae7f204ee515a24c96e725974a923877a33a01,Recent aniipod hyper demand has rapidly increased. Our company needs an urgent shipment of raw materials for aniipod hypers.
1613941046,5ac68c576f34f0189a0e9b5176c4849c9b323400cbc6bf57e7b78154aea23b0b,"Oh? You mean to decline the request of Clovis, the grandson of Bloomville’s Life Flower florist?"
1613990229,b37377e52070e2978f04a7d0dfac8f1583cefe79a9b8760cfda5ffb8ed5fdc10,"Gains a Shield equal to <style=Hint_BgL><customRichText(calcData,buff, 20210020,param0,1,%d)>%</style> of max HP when the battle begins. Lasts <style=Hint_BgL><customRichText(buffConfigData,20210020,duration)></style> second(s)."
1614000686,21c02e15643ae7f3f35269024a68a7d38ef7081e2b1d1253d2c6edfc9e3c600e,Enter Room
1614004188,46f5b8951c33fbd047429728749ce1d69d6da578d65766d37883485f6194c711,"Keep missing your Aniipod throws? No worries. Missed Aniipods are automatically recycled, so nothing goes to waste!"
1893740515,46f5b8951c33fbd047429728749ce1d69d6da578d65766d37883485f6194c711,"Keep missing your Aniipod throws? No worries. Missed Aniipods are automatically recycled, so nothing goes to waste!"
1614021221,9a3721108a8c384c6914cfeda562aba7a1efb6e495c88e43e8c9c6d107ce11d8,So it’s been a decade?
1614063144,0a379e9de234ee378cff4ff21e4032a2a1fcdfb14e1fe7ec79bbf764cc913056,Bud Ticket
1614069095,3d3967d797334908e4eee31cbeaac66be874304f5333076046deec140ae6e2d1,Replace it?
1614074758,fb3af5b294bafa1ca6eed6cce570fe28addf621032e4d728a9c8382708ede3e5,"It's beautiful, isn't it? I loved it the moment I saw it!
And the wind just now... I felt it ripple too, almost like it was responding—"
1614082721,9cadf555a40bad0318d192e0658db234328be5fa7bf75a52add25f85ae44fabd,Press the button again to fly!
1614092714,819454e0076954d0697b989c3035237aa836deef8ffd440abb5ff0ddea7a1d45,Nimbis can be stuck on them?
1614104960,f7af543ec8eb400a0f6ce50615df497219c49978e3bb22af0d0a73ca8b11df8e,4000/6000
1614125628,e4b246fe3b109c47d11140c551f8d6d571d455ccfdff2a9e49924c7024ee70cd,"On the game’s main screen, <style=Hint_BgL>hold Ctrl + scroll wheel</style>to switch to Tumbler."
1614140489,9718ae01374dcccaafb15d64c1776a8d7ab2ca79d042d0f52807bdc6f02509b7,"Twine with an Aniimo, then tap and hold Skill 1 to aim. Release to <style=Hint_BgL>launch a fire ball at the target</style>.
Launching fire balls at <style=Hint_BgL>flammable objects such as wooden chests and vines</style> can <style=Hint_BgL>ignite</style> them. Once fully burned, they will <style=Hint_BgL>disappear</style>."
2105085104,9718ae01374dcccaafb15d64c1776a8d7ab2ca79d042d0f52807bdc6f02509b7,"Twine with an Aniimo, then tap and hold Skill 1 to aim. Release to <style=Hint_BgL>launch a fire ball at the target</style>.
Launching fire balls at <style=Hint_BgL>flammable objects such as wooden chests and vines</style> can <style=Hint_BgL>ignite</style> them. Once fully burned, they will <style=Hint_BgL>disappear</style>."
1614146138,0c695ef0728f7703522528df32846dccc7ed6c037a10eafdae3484bc4a2bc4ce,The Helmuts are grateful and have given you a gift! Return to them to accept it!
1614180712,8e1059a9b37ec10d7600fe449fa43e427c8a36e0cb2bcebd96efde0296f72c7d,"To the <style=Hint_BgD>north</style> of the village, <style=Hint_BgD>at the foot of the white snowy mountains</style>!"
1614185178,fa87d3374181b66def76fee4f221684da5fe16a849ae06bd90bb97fbe5a97ad4,"Hold to enter Aim Mode and fire two Electric Blade Shock Waves. Critical hits inflict <style=Hint_BgL><link=""source_8162""><u>[Paralysis]</u></link></style> on the target for <style=Hint_BgL><customRichText(calcData,ability,10330300,param1,1)></style>s."
1614241027,0a1c9809215457ec36d170f74febf80bbf5c8a95277137b9fd51afea633454d0,Shadow Iris 03
1614244533,cccbb8c1ed4563f783e69cb842c9781b9a9413bda50b71e78b79474bccb02a05,So? Do you like me too?
1614277615,3516f67acbf312535609c3f3ee748c82149a49816b7c6aaa587d2b6fd9683e8e,Awaken
1784797326,3516f67acbf312535609c3f3ee748c82149a49816b7c6aaa587d2b6fd9683e8e,Awaken
2139302687,3516f67acbf312535609c3f3ee748c82149a49816b7c6aaa587d2b6fd9683e8e,Awaken
1614285268,4e7bc05645ace1fa6e0f5d97c1291ee81c0ff2b57542ed56f3a0b370c82f9968,Material Synthesizer (Level 1)
1614342111,938b1fee0ae9928b99979ae1c08f298a7da9245b6c37cdd6016b288a4b3f1aa3,"Root vegetables hidden in the soil are one of the earth’s simplest gifts, yet they can satisfy your appetite in all kinds of ways."
1614371915,a04a7bae7ba70ee77cb305aa62db7d9500f7af2d362e7239a28b2bf41dbd5295,Glameep
1833469967,a04a7bae7ba70ee77cb305aa62db7d9500f7af2d362e7239a28b2bf41dbd5295,Glameep
1908270591,a04a7bae7ba70ee77cb305aa62db7d9500f7af2d362e7239a28b2bf41dbd5295,Glameep
1614376933,b2b9065beade5e34e57faeb94d8bbb2e21a0dd6b60dfdcbf79d0d0ea5d312fe9,"The <style=Hint_BgL>bonfire flames</style> ahead are blocking the road.
<style=Hint_BgL>Fire</style> can be extinguished by <style=Hint_BgL>ice</style>."
1614389461,f3cc624914f256e57c29461951b962b9b00fad74572a9d833c39becaf232af62,View Home Building - Item Production.
1614408302,fc8574b196566defe4ccd2310f420c13b7fbf4cbba2714f62dae64da549e7eee,"No, I didn't say anything."
1614465916,b0f0338e7b0d84e645786dfbf97ab188eaffa59876a681a37b41eb871b0a2676,The Aniimo has lain down. Let it rest!
1614480954,186f198183390bdcefb3fc88364a3943d625229e26ecc11d3814e0ea1e04c542,Idyll is a dangerous place.
1614505393,e89e35951d8663e740346239282d21d7edd9b5f437e7181c1cc85ee513afe035,If only Sparkling Aniimo felt close to Sparkling eggs too—and would pick one up and bring it home...
1614513714,1a450da816e282d1a970aee5161ce8390ffe5f850ba3bf31eb3d964b2821906a,"Lava surge, descend at my command!"
1614516115,669a516f9cc24ef30f16cb3e48cc29e32039a82b99ffa882d451c85715dd265d,"Bingo!
And you're that new student #playerName#, right? I've heard so much about you from Dr. Lewis!"
1614557074,3c4b0f3eb08be5e7aaabd9aa4d720fa0a2b06aadb7583bae36390961313115cd,"Launches a fireball at the target and applies <style=Hint_BgL>2</style> stacks of <style=Hint_BgL><link=""source_8038""><u>[Fire Debuff]</u></link></style> for <style=Hint_BgL><customRichText(buffConfigData,2105306,duration)></style>s. Hold the skill button to aim."
1614559726,7a919e26f08dd9051ef54306cdefcd5d3148738c929858b7ba68eb170c39886e,Plump Bud
1614564570,61a38f42f0620e12e8dcffe58d863b914a6617c09ec4d0fdb7b7d28520ce4894,"Next, you’re gonna need some <style=Hint_BgD>special materials</style>.
These are listed in the info panel, and they’re usually things the Aniimo likes."
1614581051,d71f8443bec9929ae2f83f2a7601d5c9e7eb62c11f6ea75c4445379e33ed98ae,"Velouria explains Irelia’s current state—an Aniimo acknowledged by the Vein becomes a Guardian of the land. Though she still calls Irelia foolish, she admits that Irelia’s resolve has carried her to a new realm, then turns and leaves."
1614583533,86f0ddec342a78588fb4a11aee8def74467920f098e4e1b07ba605d96dadc53b,Let’s go somewhere else for a bit.
1614593263,5bb9e7b8b55ea2b590fc2e647e57411d773ee37f6a39a81f4e3c3fc4e2f7f867,Fault Point Name
1614604418,7da0f49af71f1aa1c31677f81923b90fe5eac672d8bc4b989b58489b6947d61b,Successfully reported
1614666662,93c4b65be47bee7b2025fcf7f6c9c8926662c194538fd0589d409c8c5f85d8cb,Match found!
1614668022,0a741e2107b81df63260cfe0776e9a697082dc7b1fca798cf04cec5bd120f7f9,"You can get even more boosts (these four)! But it’ll cost you a little money!
(Max HP +10%, Heal Efficiency +10%, Core Gizmo Damage +10%, Training Coin Gain +10%)"
1614675698,e07bd3e43770c96969c5bf925842ee7fcf7a705b233bd389c572159bf01fd0f0,View Lotus Parasol
1614693972,5f486484eee7b92fc78d0fe2c08815f8e92232b563fd03ed0976267956f8392f,"Perfumer Grace accidentally blows up her last flame flower root while making perfume, then anxiously asks whether anyone still has a flame flower, one of the treasures of the Russet Highlands."
1614736691,b1819faf8985d45f19192ea2876f865160672c10ee760a6b94f2c3845a6fa50e,Drawer Washbasin - Maple
1676064837,b1819faf8985d45f19192ea2876f865160672c10ee760a6b94f2c3845a6fa50e,Drawer Washbasin - Maple
1910752089,b1819faf8985d45f19192ea2876f865160672c10ee760a6b94f2c3845a6fa50e,Drawer Washbasin - Maple
1614746746,184fdba892a1898a9c5058abfa606239e20ba1d1a7209637e36d74cd947a564b,"I remember that day. The sun was bright... but the wind was strong up high, and the princess was pricked by thorns... Could that be the cause?"
1614778051,eb84f54eb8a73339c609d97200801c58d5b16d20ff72c0de9781ceeff8ff0800,An egg will appear after Prayers end.
1614794444,ab0b26f305bcc98664fee821285b4197f36e3cc0676ed35c4e8017a9d82d544d,"A flower containing an even more abundant essence of Fire.
Can be exchanged with <link=""item_4040030""><style=Q_5><u>Pure Element Gem</u></style></link> x<style=Hint_BgL>10</style>.
Placing it at the RV Park grants residents a park buff of +<style=Hint_BgL>5</style>% Fire Attack and +<style=Hint_BgL>5</style>% Fire Resistance."
1614813533,85d76e169bce6dd3734133af730ec013924e6a14dc87f6dae2f19071986e064d,Very Light Load
1986482989,85d76e169bce6dd3734133af730ec013924e6a14dc87f6dae2f19071986e064d,Very Light Load
1614825068,66935507b84e0b4e6a3ed5ac3056219f05e132e82f8a3c190ca0dd8a2d5ea213,Battle Mode
1614844274,9580ceffdd0a5a2097157b6c0b033917702ccc73bed4ef0b8d442d03eb5c8081,"Evolved from Nimbis, Turbos carry forward the distinctive traits of different forms of Nimbis."
1614886570,3fd67ac8a9d68a3a79abf9836b026045bb80f1451d36d3cebe15cb4b85f1a02b,<style=Hint_BgD>Moon-Washed</style> helps replenish my energy.
1614934021,d5ace78a47c0275c15c3c8f7ad5961361c8937ee38072c48502d7330e2ef72c3,Can be obtained by taking part in the Home Season event’s Harvest Moon Point collection.
1614981215,ff49d5bedd3b4552c65728c801141f5e5e4e4d0c266c7a4883491bde2aa33457,Exclusive resonance material for the Emberpup family.
1614989277,6c61fe498281f4216fd03973936e6f88b0142654174538f4eb41987dfc4c965a,Silence
1784055277,6c61fe498281f4216fd03973936e6f88b0142654174538f4eb41987dfc4c965a,Silence
2037047475,6c61fe498281f4216fd03973936e6f88b0142654174538f4eb41987dfc4c965a,Silence
1615059719,0863d5298764249f09adbb53c8a79ead7964b7c168a46feca150502c95fce63a,Jawlings and Helmuts once lived together on the red land. If not for what came after... things wouldn’t’ve turned out like this.
1615063621,2c16cd3f9944ce78ce218937bd54d3a85f676c0901a0adaa9ebdc11fbacc1267,Use in the <style=Hint_BgL>Outpost Hatchinators</style> to hatch an unknown type of Aniimo.
1615076840,33bd6a3ea99c06e8725931a701e9bc2dc45f16eb6dc69d08bd1421bd1f428530,<style=Hint_BgL>Processed goods</style> made by the Crafting Table in your Home. They can be further processed or sold at the relevant shop.
1615077170,fd704274260d4deda40a36951dcb758f21531e271983d1387fbafbd4703bd953,"Dark Aniimo specialize in harvesting crops, cutting down plants, pickling, and drying items."
1615084473,7a5faea1b8dffc49ca9bab5c03801f18e399da3f0a9aa1f5393ffb002cd673d7,Lookout Hill
1666648121,7a5faea1b8dffc49ca9bab5c03801f18e399da3f0a9aa1f5393ffb002cd673d7,Lookout Hill
2052094092,7a5faea1b8dffc49ca9bab5c03801f18e399da3f0a9aa1f5393ffb002cd673d7,Lookout Hill
1615098901,ae6f10789710fddf332521d7cb9fc8dd34850d2c3790d2e40e3aea446894c65b,"Phew, you and your Aniimo are genuinely amazing fighters. Sharp instincts, great reads.
The way you battle... now that’s what I call ""Sparkling""!"
1615100747,d2d1a89b523a7d63f16ad67b23647b45a638af4ef100e0526f37f2f65ef78d47,Streamside
1615109272,b26e0535e7858f11ced485948892ff9663dec5c80aebaea7e19bbeb270a4b0c7,Fluffy Fleece Hat
1615126882,073568fdd7145045fa95aee30009fb44cc7a6d0c8487ac9938f493ce4338235e,Never seen it before in my life.
1615170080,f0f879605d9cad92b7cc9571ae4b9ae0b9441d958a3734e94dcbd7565ce75776,Create Group {0}/{1}
1615172349,6ca292a47b935012b1d273a436ddeedfa253164bdc117dfe6abf161e5e2b18ec,"Welcome, #playerName#. The Polaris Institute will shine even brighter with you here."
1615198019,7fc46cfba405762f9482da537ffbc5bc62f6ebba09d2e32424c15916a0dd5bed,Unlocks with Lv. 5 Resource Detector.
1615216660,b0a3252da906196bf2fcd2de3efa9f6bb56527434ffb93829604a8cfcb11f16a,Home Twine Graphics Debug
1615258118,63265a79774350462d4ce11d5a90687ff8e6f2511bb512e0409be568b6be7046,Where are you from?
1615322107,e0d3afbfcf4423488f1a6792cb882619e838f3bd7f62675d4c3448561da639df,Born for More
1615349688,d76936225d84b5f45f830feb41f584be99c15d4858a53bb40fa786806d12209e,A Dewdrop Crystal imbued with the emotions of Aniimo of the Shelly family. Some say it carries their blessings and legacy.
1615350146,d59a303e23a42f16402eb81651e46ee3d39b180f1925b292a78034f203a28564,Add Carried Item
1615360322,817bf6925706663720bcd6f4f54d784c49c55d236da975fe19edb414177915a1,A precious Dream Egg obtained from an Incredible mutation during breeding.
1615365616,112961c58f57d57d4d1466ffb0f0cb1415c9cfe30ff86549716e0594ea31e5c4,Endure the suffering. Answer the call to fight. That is the way of a warrior.
1615410365,9a6f2aba1e9d87c8dda56988a57b3eeb470cb2fa05f881f1997f77d89b565333,The snow that was here yesterday... melts today...
1615415681,5c1879ca80e2cecfcdc3407331c860f69605ec00ae0d63035bd0f005f128c951,"Correct. The Sparkling Cube is one of the rarest Aniipods.
It contains abundant energy and can turn any Aniimo into a Sparkling Aniimo."
2083825814,5c1879ca80e2cecfcdc3407331c860f69605ec00ae0d63035bd0f005f128c951,"Correct. The Sparkling Cube is one of the rarest Aniipods.
It contains abundant energy and can turn any Aniimo into a Sparkling Aniimo."
1615423898,4bbbe162318e8102f5394913535e52df4c7aee39ac062274cd383e88da3a142c,Irelia the Guardian
1615446223,e3923564ef38c17a7b242afc9024be73013fa44a457b01c910d6c969e2fe4280,Perfumer Marlowe tests the perfume... and you collapse instantly.
1615453629,1030543c69ded973a86857da9299dc3fd1723dba5f8305220b2b7f694e4bc845,"Unfortunately, you did not answer enough questions correctly. You failed the exam."
1615490358,aab0e63a5a452082779bd53b8b6c3e4a6ff9cb6b617b647641f5eb0f2d675ae5,"Uh, but come to think of it, can rocks and fire be used as Spice?"
1615530209,f93c6845352a83dc779065bbb4a7919d10046313379e8ede6c2b9f732c0c136e,I challenged the Icho... and that was the end of it. Maybe I really was getting old.
1615549056,f93c0068f2aaaef25999905a017e5d1ee68bf277b741a38b6ecf7b9085395c52,[Emoji]
1615551689,7a6a3e4c9b4cb0d62840dd09d89f5d786560e0b34750d9d30d6967fa7d07247d,How can you <style=Hint_BgD>obtain Prismana Form Sherro</style>?
1964552672,7a6a3e4c9b4cb0d62840dd09d89f5d786560e0b34750d9d30d6967fa7d07247d,How can you <style=Hint_BgD>obtain Prismana Form Sherro</style>?
1615587940,34f482a1fabf1fd08812b4f126ba6c0cbdcf1eab0ad1c9d1fec61bb8f1e6d234,"A Tubster-shaped drinkware set with rounded cups and a plump little spout that looks ready to chirp ""doo-doo-da-doo"" at any moment."
2033026912,34f482a1fabf1fd08812b4f126ba6c0cbdcf1eab0ad1c9d1fec61bb8f1e6d234,"A Tubster-shaped drinkware set with rounded cups and a plump little spout that looks ready to chirp ""doo-doo-da-doo"" at any moment."
1615634143,aef1738b986756c5414ca189dc64068b6b09ba27b98808d9e655c67084b2803b,"That’s not even the worst part... My Scorchhowl just vanished out of nowhere!
My Emberpup’s really worried. I’ve been looking everywhere with it, but we can’t find the Scorchhowl anywhere..."
1615634440,2099b087116b45fac752b4ab705c49c65cd4ed41cc28df53839f78b4900062ee,System Messages
1615649225,4a55fbae1f455dcdcfece2757ad99a369749a2dcbfc586534acc5e98d9454e1b,Bailite Info
1615660723,3d958d99b715ea61274a3bc5c21acc98c4823f0ca44fb476eeafe2a8d506f4c1,The team has defeated the Coin Envoy. Go compete for the doubled coins!
1615669053,7bcdabd97dd7706576848d3bdf2340e14460382beba1a2464288ba44b21b84d2,"Pale-yellow seed brimming with fresh citrus zest, growing into a leafy lemon tree."
1615745784,30a4ddb6005b13b94a9364a746bcd00505074ee54042f228cfdb111dc372b23a,Changing the Aniimo to archive will cost 1 archiving attempt ({0}/{1})
1615781591,cff2b856564fe168901b5a5c42d857c992048013718c7dcfecb2555cb4d90987,We’re in the middle of a snow mountain hide-and-seek tournament! There are four of us hiding around this mountain!
1615800104,c8f972f225650da6a52150bc54b1ca91cac7d2885e4fc7dfeed66769cb311fcc,Alpha Veilfloat
1940768874,c8f972f225650da6a52150bc54b1ca91cac7d2885e4fc7dfeed66769cb311fcc,Alpha Veilfloat
1615800851,9a893a82bc0bec8c9c36d2841b42aa72e8dbf3ad55fdc5829c79c8ab2015896c,"You brave the storm and reach the summit of the Russet Highlands, where you find the legendary Sword of Bravery. The sword tests whether you are worthy to be a warrior: only someone who has a Helmut companion, has twined with it, and understands what it means to be a warrior can draw the blade. It recounts the story of a brave Helmut from long ago and reveals the truth behind the words ""To advance despite fear, to find courage in cowardice."" It then asks whether you still have the courage to draw the blade."
1615806955,e5997fce715c1f593894075cbe7c8e7ee9688d8ee698f05f414c2f603f5b13f8,Take a photo of Bulbly flashing in turns.
1615895769,53ec30478b6f2cce857f5806c444d05c1452c9639a1dbc7ba2c1960113516a9c,"In the <style=Hint_BgL>Camera Menu - Edit Aniimo</style> screen, you can summon <style=Hint_BgL>Aniimo from your current party</style> and adjust their positions.
Once you’re done, remember to return to <style=Hint_BgL>Snap Mode</style> before taking the shot."
2060377443,53ec30478b6f2cce857f5806c444d05c1452c9639a1dbc7ba2c1960113516a9c,"In the <style=Hint_BgL>Camera Menu - Edit Aniimo</style> screen, you can summon <style=Hint_BgL>Aniimo from your current party</style> and adjust their positions.
Once you’re done, remember to return to <style=Hint_BgL>Snap Mode</style> before taking the shot."
1615898782,1afb11244247caf96269f0de41f55a5d2d9e2128d5bfee34785fe2ad165dd2a2,We of the flower school believe that spices should be based primarily on natural flowers. This is both the origin and foundation of perfumery.
1615908743,63e0054d914fc6b842af1a115aa22935877f9211ade5c4ed8955ed2411273b53,(In Helmspeak) Helmuts are the best toys ever!
1615927396,7010bff8d16f7af3e2cb2c63decdee58aa329cdbbb3c9ccd1e7cef4b98ce4ef5,Link Now
1615933764,54f82d1a659786871d9754d3781b79c3a1f7f2cafde4ad24e796d8f10e9e21e3,"Quantitative change leads to qualitative change, it also applies here. Try again."
1615973048,63beb10f1e7dcf3ad5745cc688982bacc6a0e94955a208c4468db708de86872a,H-How did he run off again...? Didn’t he like this Glacy statue?
1615981910,221cecc97bde5b8cd90b6f91dfff9ce1fa42e1e06a1ebb8dd78b1a42d9b99192,"Exploring the Idyll Continent was one of the founding purposes of the Polaris Institute.
The exhibits before you are all samples collected from Idyll during different periods."
1615989802,64d105c4912c9364af967d6ac51305c64e24fc277c0da9984ccb554bbca707b8,"This action will stop current production, the materials for all unfinished products will be refunded and all finished products will be collected. Continue anyway?"
1616009213,44611ca12881e1b5727bb008735494f8fdc5afaec29f7e57b430fbd6f9785c7d,[Above the Stone Pillar Forest in the Jawling Gathering Area]
1616011748,a209f1bc8a669b6ebc5ad9e1ee40f88021733c105a0d16b593dcd98d3c4383af,"That’s why I need you to find Sunia right away!
Unlike me, she knows very little of the world, and she might start blaming herself..."
1616014404,5429caed4b45f228c3255782d82430c4d892114ccd9c0fda6834539a9c9bb5c4,Unlocks at Crafting Module Level 1
1772825496,5429caed4b45f228c3255782d82430c4d892114ccd9c0fda6834539a9c9bb5c4,Unlocks at Crafting Module Level 1
1616020862,ea5d46861bbb8d226fa43492cea40c26a9448d6497d224734c78bb2f0d0e4102,"It’s you, good friend!
Do you remember me? I’m the Shelly who patrolled the beach with you!"
1616040527,2b60283ec4089845645eb34619ea5fd746d795175fc7ed8f8d7c527fcc60449a,Dig in over time for 20s at the great mud pit at Berylline Vale
1616058719,87c2a64ed26e6b424973e3deb7213ab7a675530614f0c9baf877f2b7e653d3ff,Pre-registration Successful
1616068507,b8870ca5995c0d01593cc10bf0d270115e08a83aaec0effbca1ca70fe5a0eba2,I found a new friend!
1616082845,6965920d5613e22a5fb30e79968bc697575476d243d7fff7adbec73068bf3377,Reduces damage taken.
1616117869,6f7496f812219d501b1fefd65381efafe23bfc5b4158c36d742fb66905898e5b,"I remember Coolplay Street being really lively, and there were all kinds of delicious things that could make you stronger, too. It was awesome.
If you're interested, you should go check it out sometime."
1616146205,d5b516626df659fc374064be59218080bac8a706742806112d586196a3b75f79,Interlocking maple planks forming artistic mixed-grain patterns.
1756146100,d5b516626df659fc374064be59218080bac8a706742806112d586196a3b75f79,Interlocking maple planks forming artistic mixed-grain patterns.
1900236013,d5b516626df659fc374064be59218080bac8a706742806112d586196a3b75f79,Interlocking maple planks forming artistic mixed-grain patterns.
1980334213,d5b516626df659fc374064be59218080bac8a706742806112d586196a3b75f79,Interlocking maple planks forming artistic mixed-grain patterns.
1616172733,01f502f4296c893a90fa2dc2fba06bc141b42ff298acbdd0f679a981f946e345,Copy and Share Link to:
1616202618,d549cd837e82a4a636223b085227df8238ca0af4ef52d794eb8dbda47156dfee,Hahoo! It must be Starry! He’s treating everyone to something tasty!
1616256773,0b2df512fe400f7b2ccfb8dc4eeedb692cd0dcd0e7a70d025788af91942981d0,Plaid Pillow - Turmeric
1782499304,0b2df512fe400f7b2ccfb8dc4eeedb692cd0dcd0e7a70d025788af91942981d0,Plaid Pillow - Turmeric
1616287679,0377b50b04bc20997b99ca2f4db015dfa3f2620c1e5702334f16c620a226d73a,So disappointed.
1616337283,fadda49b24626661dfb4a24188c1063caecc0f01eb8e25338d6dd8d1af83f9ec,Cut the blue sea and clear sky into summer scenery stitched onto your outfit.
1616360948,9ef7bfe3a6352e8a80b340460889cb90db0b210d1a5c82e32780945b0ad90767,Chaos Difficulty +1 and similar ATK buffs
1616364752,2590699b20049d7cacaca4aaf34acd0bbc3cfddbcbad78f4e3dd212f90ca1d51,Archival Chip - Mural of Infergon’s Birth
1817750196,2590699b20049d7cacaca4aaf34acd0bbc3cfddbcbad78f4e3dd212f90ca1d51,Archival Chip - Mural of Infergon’s Birth
1616394252,6248b02a0a61dd11d59f24995db4aeb56a7903b194a813de762e6d74ca167b80,(Translator) It’s the only one who can sing basso.
1616434922,e18bfed0b580c82c8313d0a0846613a13bd10c9684fbf74e5f199d3f0b25edce,"They all exist side by side... like the tones of this dew—blended, yet unchanged. They don’t become each other... I think... I understand now."
1616452339,34575ce581a58a3664ce8121abe8ac487adbb10d7d9a0cc349f9511a2d3bfb22,It’s finally over... That was exhausting... Wait!
1616489317,d87f92064d3c0571754ab677ad90cec8e6e6115bf1241b6485742f0741609cf8,Tilt Camera
1889993448,d87f92064d3c0571754ab677ad90cec8e6e6115bf1241b6485742f0741609cf8,Tilt Camera
1616501180,316f24288be59c8327d0406f2938c59b2eda60426c0f1d2b741b8549fa131e74,Warm
1789214541,316f24288be59c8327d0406f2938c59b2eda60426c0f1d2b741b8549fa131e74,Warm
1900419564,316f24288be59c8327d0406f2938c59b2eda60426c0f1d2b741b8549fa131e74,Warm
1616513977,b588386ca63fa23811144b3bc0042fbb9c686bc3062b5590ee6f5ad5721132d3,"The sun pattern and Lun pattern on it emit a faint glow.
Through the cracks, you can see some pictographic text vaguely in the Core of the Ancestor Prism..."
1616516334,53b815df32b4ff7f8a2d98ed2b49918dbee8b6cb6b9f3d6916555044cac084ce,"Don't underestimate this path—for Baleetle, it symbolizes ""Ascend"" and ""Talents""!"
1616543892,f43836b6462842f64b9a9e4f08d64a82e608e64edeaefdcb08e3a899b4d60a07,Hype crew
1616559042,0ae9a9f991c742fec52897f99dcf31960b0695223f338f45b7662e26c4ea7eae,I heard the Aniimo in the Breezy Plains are very gentle. What’s the fun in an adventure like that?
1616565581,5ae08517de54003dcc1284c9a7f8dff133844b0443e53e884b0b15226fa663f6,Maybe another time!
2072033980,5ae08517de54003dcc1284c9a7f8dff133844b0443e53e884b0b15226fa663f6,Maybe another time!
1616591619,70157681a819f7768f170d7ccc1ef81bfc986b85aa79ac08ff0c1e21619f8dba,"The sound of your horn has been heard, and someone is on their way..."
1616651420,dd88906c6584d51056ae6337fce0c706ae52b46374d7523eb0c8018853cfc3e7,"That’s why you need to pass your assessment and get it as soon as possible!
Then I can admire a Prismana Aniimo up close one more time!"
1616653079,a079c1f7414f21a3831c1986a5bb50d811eaa600934e38df4ed0bf93ef21a830,Veinsource Cocoon is dissipating; countdown: <style=Hint_BgL>300</style>s.
1616677735,391599b26b09d17ec1ed55f3d3a64a5e50d6c1b231f195581fccca53b2efff9b,"Alright! Shiny wins again! Another rival down—you’re the strongest Aniimo, no contest!"
1616684639,8b54f3e0916f50a18ff51db18204a47190efe01f172167d0f2be9ff464687ae2,A bath towel rack for your Home.
1616694579,6fe19d6900934bb4794a6fdc34d130fe15c5b200dd63d9f4c5952193e77dab70,%s new clue(s) obtained
1616703010,9ee09b06e6ff77c3217f30f7d699d86ac94f9102194b2b7876ebff7a075cfc29,Remove to become+D+D227
1616713564,7bdf36ff21a274fe063ea260b48b8634263bdf07fdbc817ab3f269ad8f63806c,Only %s of %d available
1616760183,6ae9f4a5a53e11584ff5a3d286bb342ce49aebb8dc8daed13791c98a5948a95f,Oh? This road has suddenly gotten lively.
1616768670,d61e2c01ae5b0534aa3065cf3450f2039175fb8648bee53049af56da42ac2cdc,Didn’t sleep well during the day. So sleepy...
1616792489,f74febfa906cf3236e49403c6fb85e407553216a5f0116cbbf50fb3b8c23e830,I’ll head over first and wait for you outside Shanel!
1616798247,1edaa47a90a0550c5842ee646cd341fba98f148e80bacdca0b8d5cefb804b27b,"Pathfinder, welcome to this issue of the Companion Handbook! This issue’s featured Aniimo is <color=#da8000>Fulmintis</color>!
During your adventures out in the world, complete Companion Handbook quests, raise your Companion Handbook level, and earn superb Companion Handbook rewards!

Companion Handbook Editions
The Companion Handbook’s level progress rewards are divided into the Standard Edition and Advanced Edition. The Advanced Edition requires you to unlock the Advanced Companion Handbook. Rewards include 1 <color=#da8000>Prismana Fulmintis</color> with Perfect Potential, a <color=#da8000>Fulminous Soul (an item used to evolve Fulmintis)</color>, and a range of other rewards. It also grants a special perk: Expanded Aniimo storage capacity. The Advanced Edition raises your Aniimo storage capacity by 5, while the Collector’s Edition raises it by 10. These capacity bonuses do not stack; whichever edition you activate last takes priority.
Unlocking the Collector’s Companion Handbook grants additional rewards and perks immediately on top of the Advanced Companion Handbook.

Quests and Companion Handbook EXP
Quests are divided into weekly quests and edition quests. Each quest can only be completed once, and there is no weekly EXP limit.
Weekly quests refresh every Monday at 04:00 (UTC+8), with progress resetting each week. New Seasonal Quests are added to the quest pool every Monday and stay available for the rest of the season. Newly-added quests remain locked until you finish prerequisite quests in their questline. All quests end when the current Companion Handbook ends.
Companion Handbook EXP can also be obtained from Institute Guide - Daily Activity.
Once the Companion Handbook passes Lv.100, it switches to a repeating reward cycle that caps out at Lv.1000.

Gift Details
You can send a gift to friends who meet the required Affinity and have not yet unlocked the Advanced or Collector’s Companion Handbook. They will receive 1 item that can activate either the Advanced or Collector’s Companion Handbook.

Rerun Details
The Prismana Aniimo Egg from this season’s Companion Handbook will return in Season S3, and will be obtainable through Home-related gameplay."
1616830315,45e098284e7fd3989ad4c3f2a9673acc5045b6f8470ae7d5c91e2124569fafe5,Line Spacing
1616846357,1bf7d64749ca85519c56a993fa9801fcd3de1e162c65792e9fd508cd00de3dc5,"Jump a hundred times a day, and you’ll turn into a Pranky!"
1616853695,38a9c7666729bb9326b466922852fc195e66e00c2f1f5bcb1d7e80377f1961f3,Select Course
1616872472,9efd2dbc6f5e55c3dd421135fcee1499df26b24c3e51ffeb758f8479db835e62,"The barrier seems to be acting up...
Good thing I came prepared."
1616878645,de7c7eddc80851355c32dcbf3968796e6662088e3c91c672cb9a465a3a260a0f,Unlock Building Plot 11
1616882099,62b9a921815df351d1c2c78ec6045bcedce3afdcfd8cad9eda99edf447a406ad,Short Ponytail
1616916313,1cbc53282fb7fc47d3a46d18fc99f8f73c61a3052dd8f2e8e2e0ea24dd39ee07,Main Element
1616951674,0e85e94917227a42d026cc64ad2b45121466bf1aecae6d3b18803d0150a66cf5,Hawa! Thank you! Shelly will take good care of it.
1616967309,8fb3cea09db1cf871461e772d9d5545863d1d50764c132381ea573b10139b73d,Free Companion Handbook Level 28
2009169680,8fb3cea09db1cf871461e772d9d5545863d1d50764c132381ea573b10139b73d,Free Companion Handbook Level 28
1617011706,25f880ce6d3eba50dd0d132869f75c80f3d22ec88c85baff0137554c26328d90,Gender mismatch. Cannot purchase.
1617013419,074da97677688a74e46ba125b77a38b945a422a20d38d0fe02803421167b9ab7,"When your RV reaches <style=Hint_BgL>level 8</style> and you own the prerequisite plot, you’ll gain permission to purchase this plot of land. Clearing the debris on this plot rewards you with <link=""item_4001064""><style=Hint_BgL><u>Wood Blocks</u></style></link> x<style=Hint_BgL>780</style> and <link=""item_4001065""><style=Hint_BgL><u>Mineral Sand</u></style></link> x<style=Hint_BgL>390</style>."
1617066144,c51e347fea3c51a38986f151ac11b9b2752b6e261606dee09db177817c27ccd8,Cherry Blossom Rice Ball
1617079423,5adcf89919cd4f07ff3dfb641fa18650158d8eeef8a2c5fb774c97aecd6785ad,"Charges at the target to deal damage. If used while flying, dives at the target and stops flying. On hit, gains a shield equal to <style=Hint_BgL><customRichText(calcData,buff,2102502,param0,1,%d)>%</style> of max HP for <style=Hint_BgL><customRichText(buffConfigData,2102502,duration)></style>s."
1617090985,341b9337fe4af478c652d8272a14a790652711442eb5d9443e8b4fbf8852b805,Right Stick Dead Zone
1617142239,2a472d2f15c55be0d25ecdd8c53a77ce1f4183b79289d084881ccd390a334852,Text content rich text placeholder text content rich text
1617243986,66d7b68acd202cb714dc22024e6bf932baee93633699ef52154d07bd422fce96,Pure Essence of Grass
1704136201,66d7b68acd202cb714dc22024e6bf932baee93633699ef52154d07bd422fce96,Pure Essence of Grass
1617264982,04d27c42053e5ff9578293f2187c0884e305c26676353fc3f33a28ea150ace08,"...Lost again... but that’s on me. I’m a researcher, not a fighter.
I still firmly believe insect-type Aniimo are truly extraordinary."
1617336922,a92503ecd24142fbf6f8e131f2e54c026e0e2c1eab837dd33f0a683e936a22cd,Aniimo longs for a home—and dreams of building one with you!
1617343116,58b51c361c06e32c35815b8342f497b0aeaeefa327c8bb1695be4bd19f559c30,Reach Prismatic tier for your Jawling research level
1617360214,d6c45d7bce05cd8a4f2481b8483da61f733cd29a8eb7b9dd6a1a7038c318d9bc,Max level reached
1617373288,3419bf2587298ee65e19bc9631e89d788463cf22fb5ce6a513d795bf8895eac9,A soda orange building block for all kinds of structures.
1811008589,3419bf2587298ee65e19bc9631e89d788463cf22fb5ce6a513d795bf8895eac9,A soda orange building block for all kinds of structures.
1617379041,c0999d55741340b2d884d1223d44ac5b90b13fb9a5584a62ceb1a60535676aae,Aniimo actorId; 0 indicates the currently deployed Aniimo
1617420077,61be277ffe4aff5aae4206f4f12ac6205c9d119e78d2282fd0392bcf9f3ed442,"When enabled, friends’ requests to join your world will be automatically accepted if you don’t respond in time."
1617424714,f46e864498bd3ddf62c23ca24a812c12c50e292b7690651087665b14bf19382b,Prioritize Gameplay
1617447663,d49c7233b109cd8c2060416a897b6d9ac2dd12dde2d6f88351678e19551e78dc,"Ever since I could barely see, Mom and Dad kept encouraging me.
Elder Jaeger and everyone else said I was born for it."
1617450311,5206d33c9633605bc5a38675550a0937388c0127fcb7f266d0fbdf2e14ffe5e6,"Randomly select a Rune from the materials, advance its quality, and reroll its Attributes."
1617459483,73ecfe1a9476ec34f769546ea69a9f2afdb057809c81ffb4dca8636b8f5fce0d,Acquired REGEN
1826530424,73ecfe1a9476ec34f769546ea69a9f2afdb057809c81ffb4dca8636b8f5fce0d,Acquired REGEN
1617477140,7677b1e5d01739b04740ea6ad72c42ec0927f75e9b8287a6006619cdc2355646,"I finally see it. Perfection isn’t photography.
What matters is wind-tousled hair, or an Aniimo sneezing mid-shot - those chaotic, unrepeatable moments are the ones worth capturing."
1617504954,84466a8fad3b03a2f8fb4f966fd6c19d22474e141e122b48551e9a51064034e3,"Ride the current, rule the waves."
1617505035,08a9683b321146e5767ed4e7c9de76da222f499a3ab3d4ddb01de11f5df253d8,Unlocks when your title reaches {0}.
1617557352,d815b1a9248dadcae24f6cd7b685c02cca0d346309f167f5b346cee8513863bc,A cultivar specially bred for the festival. It only grows during the full-moon season.
2030155316,d815b1a9248dadcae24f6cd7b685c02cca0d346309f167f5b346cee8513863bc,A cultivar specially bred for the festival. It only grows during the full-moon season.
2081117162,d815b1a9248dadcae24f6cd7b685c02cca0d346309f167f5b346cee8513863bc,A cultivar specially bred for the festival. It only grows during the full-moon season.
2133231709,d815b1a9248dadcae24f6cd7b685c02cca0d346309f167f5b346cee8513863bc,A cultivar specially bred for the festival. It only grows during the full-moon season.
1617562284,7942ceb509ab9b89d3b5f23051a86d0e245a171b2343bbc62f51fdabfea03003,"The crystal is wreathed in tiny glimmers, as if starlight had fallen from the night sky."
1617580722,3235e2ab2466d006b90a0bd4dc7c812bb8f75ec03565ccfa415f3cb054557b26,Covered in spreading cracks. It might shatter at the slightest touch.
1617590487,b09347e071dfecdac9d51514d93c81c45e287242bcfd1e535cca6fbaa96fad3d,Increases damage to Alpha and Omega by <color=#d89c28>5%</color>.
1617623976,3607435d8fc3bde70f9a9188d4058012717c7a5db01f9e00b512bd40022c6ea1,"The climate, the Flow, and that wonderful dream just now... tell Ling that today must be Ling's lucky Sol!
Is there... some good news for Ling!"
1617645853,82c76dee7db009bfca043d142747beff27a193b8dc7179b457fd97266fb7fb2f,Helmut... where is it?
1617704469,76b37ad0fce815acc36e09f45485d6f98f9a8e6259dbe6c5c41548f780a7010f,"Yes, this is a very valuable case study. You did a great job."
1617744070,e54230c875a79f89ecda3b6de8e647ea95a206f5b44a793ee4cffd209a7e2acc,Enter keywords to search
1643665596,e54230c875a79f89ecda3b6de8e647ea95a206f5b44a793ee4cffd209a7e2acc,Enter keywords to search
1617745194,96607f9a7a26c34f271aa91bd207e02643bdfeeb856f5245374f0fc6092f474b,"The payout’s a bit lower, but <style=Hint_BgD>you can sell whenever you like</style>, no matter the quantity or type.
I’ve set up a virtual attendant here, so someone will always be on duty!"
1617754095,79a95113f3ab2d690d5e99bd2443537ab45c0ec34ec247d566483b82411910fa,"<style=Hint_BgL><link=""source_732""><u>""Reflective Barrier""</u></link></style> Energy Projectile Crit Rate increases by <style=Hint_BgL><customRichText(calcData,buff,2021000,param0,1,%d)>%</style>, Critical Damage Bonus increases by <style=Hint_BgL><customRichText(calcData,buff,2021000,param1,1,%d)>%</style>, and each point of overflow Crit Rate is converted into <style=Hint_BgL><customRichText(calcData,buff,2021000,param2,1)>% Critical Damage Bonus</style>."
1617775888,3bb1ac7de231c0d00d297da280587b8a26cdcb51d659c13587c669549679d946,I don’t need some basso-only amateur..
1617812930,0601822d965bf8623b71999303a78fc8fe53db073298e6ac5e9a33ec3a290ab4,Aniipod Crafting
2047104460,0601822d965bf8623b71999303a78fc8fe53db073298e6ac5e9a33ec3a290ab4,Aniipod Crafting
1617821190,19580f7df7861c36c9d7e938426302abfd3409116b137a36e3116405af6c5ef3,You'll catch up to it.
1617824932,5bcaa0eeee047d0cc758ab4b82523cf3ddcb39ff95948c3cee94a34f7090ca52,Gameplay Guide: Chirpi
1617865012,bdc56bdd1369434ff9bfeb54919ee0e704750772e76432ce512639b5c4b446cd,Large Training Coin
1989469225,bdc56bdd1369434ff9bfeb54919ee0e704750772e76432ce512639b5c4b446cd,Large Training Coin
1617888603,5dab964a6f78f7b3e91d1aa03ae8332138f8833a5f6489a090d658a3c97a252d,All the Golden Fleece here is collected—explore other clouds!
1617893083,fc5ec2782ffe235c8ec70b689b0ae7477c1faa327ce2bab5b3a169505f7274b0,"The view here is nice, but Idyll’s natural scenery is even more beautiful..."
1617952627,80c39b135992f5659d3c281e69111ccd26683feacb65bfef44a3de9d6c5d3118,Earned by reaching certain activity in the Starlight Festival event.
2028410309,80c39b135992f5659d3c281e69111ccd26683feacb65bfef44a3de9d6c5d3118,Earned by reaching certain activity in the Starlight Festival event.
1617957689,e29055c01dfd3febbe4d59a9856bb8c91b0f1dc4aa1b4e8f7c512eefc9ecd28b,A magic box for decorating your Home.
1617988622,b4c3a2f9c017b45777c88b28ba7e009f23862de0aa23800d7dc31401c75b19ed,Press #kHud/Interact#z to catch the Alpha!
1618007149,50ed12d10c8243d6639f2f4f424a019c2050a41aad9a4e1a9b43169e2024cc8b,Damage Amp Level 4
1951784404,50ed12d10c8243d6639f2f4f424a019c2050a41aad9a4e1a9b43169e2024cc8b,Damage Amp Level 4
2091327722,50ed12d10c8243d6639f2f4f424a019c2050a41aad9a4e1a9b43169e2024cc8b,Damage Amp Level 4
1618015238,5d89929c20185621b63df258d386653d4cf9c79db28b13be74f7aeab81220ef5,"With a trident shell-spear in its claws, even the waves obey its command!"
1618041253,6e5da80e9beb9740f0258c372542a2b5a99adf63717853c1c2cfdac2587aa0c0,Morph Skills
1618041676,7702e26fa31b986820ee96f65b7149700b0019d27c694fea6b03764fb148bed8,"Lace patterns, retro and graceful."
1618043679,2b66a0328ab77e479f12fa0a05e7d22f16d9f5026586a5fcd7eebc3caf91cf83,"This Gate leads to the underground space of the watchtower, and it is said that there are many treasures hidden inside!"
1618092609,54cbb3032fafcde16028a91fff33e9718dd52ad5706447a1b9006b19498a5bc8,"I ate so much nectar today too, ugh..."
1618161910,88811e4e6e9d1ecb504f98026871e68805700382d45253cb72d58ccb6f464101,Hooray!
1618162169,30d89f440df935c569f2f8145042885d5adccc4d26fdb0ef2cc90be330730759,Playful Openwork Side Table
1908733598,30d89f440df935c569f2f8145042885d5adccc4d26fdb0ef2cc90be330730759,Playful Openwork Side Table
1618179387,3f6b63500c3ec24512f495750d33248c2ce3b27df67aefbf8cb0843cda13e541,"The red mountains started boilin’ over. We all felt it—danger, plain as day. But we wouldn’t leave... that place meant everything to us."
1618181901,c0944bc426e5b9ba6cfd2fa3af99717186133a70ed5d4a4b80d07529f81f01e5,Crimson Lotus Blade Spiral
1618214002,5637078006d92d6e0b07222281b7b7c37cff7c911a47a283027119bf2b94bdd9,"This worn iron box fits onto rails. Push it onto a track, and it will <style=Hint_BgL>slide quickly</style> along the rails."
1618227041,343dd1f56396a2cd34b55778505a4d5bd23754a0f38f4f99494f407e2084c680,Egg of the Wind
1622798552,343dd1f56396a2cd34b55778505a4d5bd23754a0f38f4f99494f407e2084c680,Egg of the Wind
1618248462,f0002d29c39bd4fcdfa62ca7dff8a99251d676c11a3fff2e07577b2c2d16ca7f,A change...?
1618250758,6994f452577aab05feca3a4251a609716cb5099528ac225aa0812637f66df3f3,"Highland Pomeggs pile fallen leaves on their heads to blend in. However, this disguise blocks their vision, so they sometimes slip and roll down the slopes."
1618301730,b3aef0a23ee5c0517e1ce64d47f8e403c12101da2291deb0a861e89a933faf44,Was the previous Sherro your teacher?
1618309764,9890de03d71571f846f093ec413da73630cdf944cccb54db2abfbc16c1a440b7,MSAA
1618322180,1788ef1c9d661546c19de0ece569c3b029e81deb864a6aab4f85205dcde722aa,Stay safe!
1618324719,0f0ec8abd97b70524631c4fa2536cbe251bfcde860cf84fb2988ea7c02901436,Take a Break
1618435839,4de536cddc6d536275ed49af8bd38f9e4de334253a18d575a22e1066f65d855d,Log in to the game once daily.
286478944,d11a644691f45751ef34eccdbb0c9e4c979dd65e832f35ec86b2f7a52a505948,Weekend Prayers
303019334,d11a644691f45751ef34eccdbb0c9e4c979dd65e832f35ec86b2f7a52a505948,Weekend Prayers
332111957,d11a644691f45751ef34eccdbb0c9e4c979dd65e832f35ec86b2f7a52a505948,Weekend Prayers
368950714,d11a644691f45751ef34eccdbb0c9e4c979dd65e832f35ec86b2f7a52a505948,Weekend Prayers
375666699,d11a644691f45751ef34eccdbb0c9e4c979dd65e832f35ec86b2f7a52a505948,Weekend Prayers
406448348,d11a644691f45751ef34eccdbb0c9e4c979dd65e832f35ec86b2f7a52a505948,Weekend Prayers
412075218,d11a644691f45751ef34eccdbb0c9e4c979dd65e832f35ec86b2f7a52a505948,Weekend Prayers
432221255,d11a644691f45751ef34eccdbb0c9e4c979dd65e832f35ec86b2f7a52a505948,Weekend Prayers
457642158,d11a644691f45751ef34eccdbb0c9e4c979dd65e832f35ec86b2f7a52a505948,Weekend Prayers
468640581,d11a644691f45751ef34eccdbb0c9e4c979dd65e832f35ec86b2f7a52a505948,Weekend Prayers
476028674,d11a644691f45751ef34eccdbb0c9e4c979dd65e832f35ec86b2f7a52a505948,Weekend Prayers
510175271,d11a644691f45751ef34eccdbb0c9e4c979dd65e832f35ec86b2f7a52a505948,Weekend Prayers
1618444040,d11a644691f45751ef34eccdbb0c9e4c979dd65e832f35ec86b2f7a52a505948,Weekend Prayers