2105568566,a17578f10295e5138fa9606c8beadf0774380bfb23fc6fa4010c16d6c178bb54,Astra Journey Placeholder 50
1633528635,b7e33d601eb3d4ae68fd2d8e8608037eecf075abb836937f29284c5c878c6ea9,I’ll be fine! This so-called hypnosis stuff doesn’t work on me.
1633555851,200ea8377b4a5d95d6af451dcf12b4b2559bfd2ad9c9b78cba8acff4ea7fef0e,Cocoa Powder
1633580771,789a6ffa0563c6ec4470a0d37277fb25028bf4f531cb92e1610352ee89c13291,"Mutated rare cotton, enveloped in a rainbow-like glow."
1747793392,789a6ffa0563c6ec4470a0d37277fb25028bf4f531cb92e1610352ee89c13291,"Mutated rare cotton, enveloped in a rainbow-like glow."
1633640519,e6122ea7b4a65ef7e2f38af620b18f42e0fde0e448261687f908333341c8808c,Recovers <style=Hint_BgL>{param0}</style> EP per second when a shield is active.
1633644099,926725b75dc2c8174d3bd65dc9d7c47314cd5539293b1bebdeaf747693cbf8a3,New Outfit
1633699346,e67c354933a78cf19606799384647109bb32adf680f89fe262b268ceaae21264,"As you can see, I have two Emberpups. They are battle Allies I have high hopes for."
1633721241,0a7e60d3fd686edb1b48adab38f4863faf04397a9db316ea851a988f87a69d9c,Burst of Red
1693488379,0a7e60d3fd686edb1b48adab38f4863faf04397a9db316ea851a988f87a69d9c,Burst of Red
2100287362,0a7e60d3fd686edb1b48adab38f4863faf04397a9db316ea851a988f87a69d9c,Burst of Red
2106617763,0a7e60d3fd686edb1b48adab38f4863faf04397a9db316ea851a988f87a69d9c,Burst of Red
1633764416,f887bc9d771d6011fcf5c92d1f8ecf7d7dde06aa00075983082a64e32ff1c5c9,"Move close to the <style=Hint_BgL>Bonfire</style>, click <style=Hint_BgL>Skill 1</style> to use Skippy’s Skill to extinguish the fire, then proceed to the next objective."
1633786299,70513ba83f9903b433f6fe933f7759d3fd37f6473ee44b57e36e983a372885bc,"An old, yellowed philosophy book."
1633786988,d1adbcbd203bc1369ce7541f5fa1669060be7605d3140f4c3bedc504e7c1b86a,Guards are incoming. Defeat more Guards within the time limit for better rewards.
1633807589,31910bc92d5f3594ffd71560870d01e9d9dc40d74187d4110e8e20f70381ed28,Unlocks after the previous stage’s preparations are complete.
1633816013,fd115298d638d7bd1c66658dbc15688d83af92505676f4cdd4e4bd1f76a9d48b,"Ten years... Fifteen years... Twenty years... Thirty years...
Uneventful time flows by, Sol after Sol.
News from the Idyll Continent remains a focal point of Astra's attention."
1633819780,c59c4083622f0b34591847da903eb7c335fc594c2bdc6ce97a4f38d4256cf52e,The <style=Hint_BgL>Advanced Processed Items</style> produced by the Pickling Jar in your Home can be sold at the relevant shop for <style=Hint_BgL>Home Coins</style>.
1691012898,c59c4083622f0b34591847da903eb7c335fc594c2bdc6ce97a4f38d4256cf52e,The <style=Hint_BgL>Advanced Processed Items</style> produced by the Pickling Jar in your Home can be sold at the relevant shop for <style=Hint_BgL>Home Coins</style>.
1633822250,0fd1590c5b9e957ca121a8862be8f5c2923dfa75bd73e760963c6f01e3b6ace9,I want to see new faces!
1633881557,658cbc3d1e3ee8ef54811808f519fff62a9a54ccec7abfebe3eb988517be3562,"This mode involves <style=Hint_BgL>intense battles against other Pathfinders</style>.
You must reach rank [<style=Hint_BgL>Elite Egg Seeker IV</style>] to start matchmaking."
1633884112,ce3fd846feea9432e5389a3951dfadfe8eec66dc065b8cf056185094e04d9295,Training Details
1760566991,ce3fd846feea9432e5389a3951dfadfe8eec66dc065b8cf056185094e04d9295,Training Details
1828402566,ce3fd846feea9432e5389a3951dfadfe8eec66dc065b8cf056185094e04d9295,Training Details
1917461390,ce3fd846feea9432e5389a3951dfadfe8eec66dc065b8cf056185094e04d9295,Training Details
1633888249,b907ed2fe4139bd3bbbe4940cc8ab5fa3c64185ff06d3482171edc24cc0ef1e6,This place is well-suited for planting.
1633894547,8c6c939da303e89eb887d1c095f7ea64f3001b2706b085d1ebae6f28fdbdbb20,Clear 1 Hard training stage
1633921334,1cac3fa5ac162f603d63d7c48e7eeadedd2c05dc4add56464cadecfec73dede3,"You bring Ranka the flareburst flower and tell him how his Emberpup friend ran all the way to Beast Fang Ridge for his sake. Deeply moved, he decides to pick himself back up and try one more time. On his 101st attempt, he finally succeeds in brewing the legendary perfume ""Heartfire Orange"" and gives the finished bottle to you."
1633933581,0417e19afeaa1fe23ad0852f06a4158c88be33196d86f6e3397a4cd836ee5f2f,Exclusive resonance material for the Hummin family.
1633963161,d31d11a884928b19cdca1d82b4dc695fd5f17e4a6225328998f361cdcf2a3092,Maple Tree
1971404271,d31d11a884928b19cdca1d82b4dc695fd5f17e4a6225328998f361cdcf2a3092,Maple Tree
1633965503,c935bd3c6e2380fea353c80ec189e69282668dec2d840d45d9a46f5ab2854490,"Thank you so much! I’m scared when I’m alone, but not when I’m with someone!"
1633974268,6fa045c39d68e879388fd6f49c59aaf13c273dd24544a8ba10d7d91bff81f6af,"Blooms form at the intersecting nodes of the Vein network. Through Blooms, one can teleport quickly between Vein nodes. Many Idyllian settlements are built around Blooms."
1634054605,6a969c69a2eb7586964b7055d7528158e7048d6a0ebe195159696e5745b79fa8,Pickling Jar (Level 1)
1652570822,6a969c69a2eb7586964b7055d7528158e7048d6a0ebe195159696e5745b79fa8,Pickling Jar (Level 1)
1634061610,b31c2100d4c595ba94c8cc04060e44ebc5c850d1ab3554f376fc23609fea8fd1,Baaaaaa!
1731565264,b31c2100d4c595ba94c8cc04060e44ebc5c850d1ab3554f376fc23609fea8fd1,Baaaaaa!
1634070290,57e94421fc43eb491adf8a41b8518fbf0c6ed8ae1dcfcbbf51ffe1f6525d820f,"Leaves blush with sunset hues, warm crimson that whispers autumn into the Homeland."
1964678137,57e94421fc43eb491adf8a41b8518fbf0c6ed8ae1dcfcbbf51ffe1f6525d820f,"Leaves blush with sunset hues, warm crimson that whispers autumn into the Homeland."
1634086377,ca3b7c378863d9b4cf2c908f2a16c3ee91d04ddeb8cd700e68e34b37a5f3a1e6,"Dear Pathfinder,
We have verified that your in-game Home name contains inappropriate content. Your Home name will be reset. If you disagree, you can file an appeal by contacting customer service in-game.
Maintaining a healthy gaming environment requires the participation of all Pathfinders. Please observe the rules."
1634149249,dca01b70a761d46695e5e774b62a95e825dce23903a2cf26815fe1ffa454a77e,P.DEF and M.DEF
1634181650,8f4e06531c34975aaa81a5c6def3d0c2021256a4315c9acd4768df199e10ec8b,Hide pre-alpha
1634187854,674201d6948460a2670d94cede413241dd469ab103c3e6178e9bc8cd7d69b756,You’ll sleep better after exercise!
1634190439,eb5b759b6521edb36a8b62f8e2c0ab94bb260837d7d8a72f2fb4f956e60f2087,Thornblades can deflect attacks with their swords and immediately launch a counter attack.
1634191302,9dc896f79d7fdd9252a6d2de364ba7b06a5c1de0507c405e9ad55b949358ebd8,Mud ball! Rolling! Mud ball!
1634205820,be1079b9dd8b668875ecad5cb364791b8e1fe4a2fc01f2853af7456ed9108162,Event Shop
1634209710,ba7adec9487bd014044c68db925032ea1b0c8b309c30a5575ec206117e04b6cf,"When gaining a shield, the lower Wavwal’s current HP, the stronger the shield. Lasts <style=Hint_BgL><customRichText(buffConfigData,2146305,duration)></style>s."
1634223986,6c2c84ea93f16c73622f2bd67545bddaf8ec2c3bbb714004ffa68d2a3e7a831c,"Gains a shield equal to <style=Hint_BgL><customRichText(calcData,buff, 2118703,param0,1,%d)>%</style> of max HP. While in defensive stance, each hit taken increases the shield gained by <style=Hint_BgL>10%</style>, up to <style=Hint_BgL>100%</style>."
1634245270,eb8929400211a576d4c52c415b063f0111324b86eeba4566d3bcdf5ac304d535,"I’m busy now, maybe next time."
1634254294,472af5bd3ce35ed9ad1471cef2649d17c26089f60c83450fd527a2f8132826a1,Successfully deleted
1634260079,6df41d976432f96bc75fbca94c26ae144b469a3bacdc4f7ba7e718931101bec0,Awooo! Time to bolt!
1634268647,39bc3568b755db6896fb71dd8a508c728503601bed6b429143babff3b754232e,"Back already? Cecelia said you did well in the assessment.
She also rather indirectly suggested that the instructors should ease up a little so the students do not feel too pressured..."
1634272927,759629ddd9eec8e0dc2860857a4e2dc26819624f3fade05713239bc6db8434f8,"...Come on, is that really such a big deal? How cutthroat exactly do you think Aniipod’s legal team is...?"
1634279515,a0311f2fb29a497bb7090bed3dd831de53f1f432ebda08922487495fadc64757,Rare skill
1634370394,c54075c6b2dc0b68f7cd26e0f6413815e065afdf4f545fc20ad24548211d86e1,Naturally. This world belongs to Aniimo—humans don’t decide its rules.
1634424669,94521fb0cce16223e02db35c593c980637ae19e4edfb6cfe603eff3d266b72b3,Research Expert
1772424321,94521fb0cce16223e02db35c593c980637ae19e4edfb6cfe603eff3d266b72b3,Research Expert
1809788777,94521fb0cce16223e02db35c593c980637ae19e4edfb6cfe603eff3d266b72b3,Research Expert
1882353903,94521fb0cce16223e02db35c593c980637ae19e4edfb6cfe603eff3d266b72b3,Research Expert
1634431979,44bbfef736d9c1250981a44c20d06ce1a7b0f51f8f9063dc015a860500c76adb,Don’t forget to go see Dr. Lewis! He said to send you his way once we’d warmed up the arena.
1634434731,198a1794767b5109d33259ce838db0936406962e79d36763a2fa6aa96842c7a9,"An egg found in Sea of Flowers, with an unusual size and powerful energy fluctuations. Guaranteed to hatch a local Aniimo with the <style=Hint_BgL>Alpha mutation</style>."
1634435613,2ed852b3864851c2992fefc4a1ce99e388000079b9f9bbbce30c0708cbae41c7,Premium P.DEF Rune
1634437849,922501727fc0c65398187486695f4579b9fb6d05b097bb47958a3c00ae538292,Wayfarer I
1892921199,922501727fc0c65398187486695f4579b9fb6d05b097bb47958a3c00ae538292,Wayfarer I
1634470035,de0124ce53454f5385d478945b06bb86a137881a5e0625b0a47308ec0d40153b,"The deeper the snow, the faster it rolls!"
1634473141,038fc60d0ad404aa1eaeb2665799c3bd9c2505ace72fe7229be277b1bef31268,"Come on, let me show you something amazing!"
1634531270,d69f3e098d42e6a9ddea7fd518987d300b1011e895029914516cdfa8c92dc6b3,"Sunny <sprite name=""UI_Img_Weather_Sunny"">"
1658331876,d69f3e098d42e6a9ddea7fd518987d300b1011e895029914516cdfa8c92dc6b3,"Sunny <sprite name=""UI_Img_Weather_Sunny"">"
1668336983,d69f3e098d42e6a9ddea7fd518987d300b1011e895029914516cdfa8c92dc6b3,"Sunny <sprite name=""UI_Img_Weather_Sunny"">"
1793773308,d69f3e098d42e6a9ddea7fd518987d300b1011e895029914516cdfa8c92dc6b3,"Sunny <sprite name=""UI_Img_Weather_Sunny"">"
1850222146,d69f3e098d42e6a9ddea7fd518987d300b1011e895029914516cdfa8c92dc6b3,"Sunny <sprite name=""UI_Img_Weather_Sunny"">"
1956139267,d69f3e098d42e6a9ddea7fd518987d300b1011e895029914516cdfa8c92dc6b3,"Sunny <sprite name=""UI_Img_Weather_Sunny"">"
2027655425,d69f3e098d42e6a9ddea7fd518987d300b1011e895029914516cdfa8c92dc6b3,"Sunny <sprite name=""UI_Img_Weather_Sunny"">"
2110212184,d69f3e098d42e6a9ddea7fd518987d300b1011e895029914516cdfa8c92dc6b3,"Sunny <sprite name=""UI_Img_Weather_Sunny"">"
1634552504,913050fdb9681ee3ea84227c2d7cf71ac4094c02870d98974fbdec09d5791a2a,"Playful puzzle-cut wooden pieces form this enchanting arch, glowing with lights, mushrooms, and vines."
1938778708,913050fdb9681ee3ea84227c2d7cf71ac4094c02870d98974fbdec09d5791a2a,"Playful puzzle-cut wooden pieces form this enchanting arch, glowing with lights, mushrooms, and vines."
1634556890,5a63a8ae854ca5adb4db037c9b8ce8f49e87abed1b6715619a2237b667da63ea,A pack that can be purchased at RV level <style=Hint_BgL>6</style>.
1634567195,a489ad5184b74e2dbfdbef583a95e6700d0b396308c90b80b927531e1287bef4,(My Aniimo looks really nervous. Time to give some encouragement!)
1634574707,93a94fd06098cc40be984b0c54e93440bcf78c6414fb16ae2ae2c7bfcb6686df,Which way(s) described below has a better chance for you to get a <style=Hint_BgD>sparkling Aniimo</style>?
1634584625,e71be1ab91fe0a5c5028575cb8ca5aa2598c7ba5427a8bd67f407411a6899a7d,Increases Elemental Counters effect by <color=#d89c28>4%</color>.
1634610573,5dabf82676765ff7b09052bc8ca4047bbd7231520863ded0659ad598bf356715,"Golden Gleam, Quiet Shadow"
2055585232,5dabf82676765ff7b09052bc8ca4047bbd7231520863ded0659ad598bf356715,"Golden Gleam, Quiet Shadow"
1634611448,0fbe817d0f885d556170a79ac14e83b40ba0118b1f28e923f3f2e55e256d889a,Current Outpost
1634641909,c4f9e3feadb30f88837b36649e3fc137482ff647a5ed6386b18010dac604d947,Irisalis Petal: Gathering
1634650692,b9e1ffa61c85e2c1acfb0f9fa44e8e37ee312986b3773309ad0cd9a08f3d0c29,Paw Coin
1634725075,78af80d966fdc81dd231b7b8af3404af6b882c6862fff96157cf4eca43b6c6f0,"Training coin earnings increase by <style=Hint_BgD><customRichText(getConfigData,rogue_talent_data,24,param0)>%</style>."
1634736609,2e8586528d05535a313cd6cc8c8fab2f80dcddfa63868b11419ec5ee75ff610d,"Cyan returns to the land, born of the stoneflower, a perfect paradox."
1634744292,f2b44a2a3c3c3d6f89cb349e419b05918364d2e88fde77ad563e9eb20e2bff3f,"Eek, no wonder Lita speaks so highly of you...
Alright, I’ll do my best too!"
1925510221,f2b44a2a3c3c3d6f89cb349e419b05918364d2e88fde77ad563e9eb20e2bff3f,"Eek, no wonder Lita speaks so highly of you...
Alright, I’ll do my best too!"
1634768833,e5a9a5a73ba0fac87e98f8c78e2c0c47b66a16ce5df6d82acd7ad24cd01740ca,Sunlight floods the meadow as the youth runs against the wind.
1634770584,55618ebb2ea378f130b869ee3ed506e74587649a66ba592dfa35f7320f63badb,Weekly Perks
1634777616,802cdc037a13302f2f9b921c8c2e9a7c15cabbf168f0e837839f0e20486aab28,"Sigh, with my kiddo gone, there’s only one Aniimo I can have a proper chat with now."
1634785328,9d3a69f3154b00ba73e1978e1eaf3dfa5bb2bbd2ec50fccafb4ef48e8577bbff,Can’t sleep either?
1634796239,4adc21cfcfb65fad0617013c3d6de288b637d5929b777ce6ef7fe3f5ee99c279,Time-limited Aniimo
1634812535,924492124181ab5b7956a683a7e8a80fa514078ff8c0fca395ca35960c3b975a,Gear Repair
1634815707,3b3db47d68b4f5437ba66f318518109238aef818a4b3c06dc0f090f5969e5883,"%s %s,"
1634833108,ba74324bb1db755545d6917a4bdac0f1c67054f306b8a73b560f506f10bbe38e,Raise character Level to 32
1634840282,67bbe6c065533bc15a3f0e6790300f2e52d1cf1ae3db04564d762dc680151b87,Alright... the final scent.
1634867078,514607529394fc11fddddafea49321f7ce1c986b70a1c461b840a1a8334cf976,Use avbd for buoyancy
1634883192,3c2ea0e4955748c44ea58270848f13c87a7005a9bbeb40c2ac80484c6dd02d7f,"Mm-hmm. You can’t smell it... but there’s warmth in their song, just like my mom’s smile.
I think... they must carry a kind of longing that can move the whalesong blossoms."
1634894213,fba20936cbfbc4d00db2b75e730531d8fd2aeae41292df404e18d2dfa2b65450,Press to view [<style=Hint_BgL>Aniimo Skills</style>].
1634908326,deecfdc4cce801f6c42a12122f17fbf7df85729327e7eeaacf4f6935d89eecea,Ancient Recipe
1634959474,f9d9ff1c51b21e43527c93863c1e27ac252fe8a42b55c23e817de640bb144377,The cookies sprinkled with shredded coconut are delicious and crunchy.
1634996386,7185bb33506bbf9a502a5dafeb277c178231dea001d0f13acc934fa5f448fd60,...It almost feels like <style=Hint_BgD>they’re about to stop flowing</style>.
1635028258,65429835ffe0eef5b02f9ada4318d7135f68f881571676e616c0482ac075a8a2,Polaris Institute Group Chat {0}
1635052236,b0ff26f036b2d7ede5ab340a3b7332334a3806d0ae66d055cc75cb7cab10de95,"Every domain is ruled by an Aeon, and the people here worship theirs, as you might expect."
1635062793,f54fb9cba0d98c01b06a6547b2980e07cd9f2f2e4c8e0b6229a1198c9b38f61b,This screen only supports controller/cursor operation right now.
1635206955,52484a4d7172ffa6949e582f8f41d178f1d2927abcd666c048f8a5654d68d407,Spawn Monster ID
1635217337,74a738603f35f21e19f95523f863a67f29179b99938e30b90a4d3cd9a195c024,Mistwoods Fruit
1649679537,74a738603f35f21e19f95523f863a67f29179b99938e30b90a4d3cd9a195c024,Mistwoods Fruit
1699703867,74a738603f35f21e19f95523f863a67f29179b99938e30b90a4d3cd9a195c024,Mistwoods Fruit
1635231851,8317a257a467ba2d109e617bf8fba644a12744f7f063761ae12a09566b86d2cf,Sparkling Cube
1635233746,3f5b940e1fec079ce48eb5c53bde22f530aa92754ac95c4abfe970a745482fbf,Fragrancia
2059351873,3f5b940e1fec079ce48eb5c53bde22f530aa92754ac95c4abfe970a745482fbf,Fragrancia
1635269428,f3e3dabff63eb595e29185844f5f0c5d3441f1ea4ec1996fd70f00f1fb73a6ed,"Look, there's a big group of Celestises over there!
They're popular for a reason—they're adorable!"
1635273294,820325212e804a4ce10bc5c3c589628421075b74a2a75f54eb657b273be37d59,Unlock Building Plot 9
1635333424,35ebfb14c427199be7f40580e6e204e10c9c97f31575039f0cd07446ae91bfaf,"Later, that Glacy followed my sister back to Astra. Since then, the two of us have kept experimenting, little by little, blending that meeting of ice and coffee into every brew."
1635356860,64fb3da522093f000a4fda628c12f0f6f940eff0d0a7157bf052d8d9f085c8ac,Small Dirt Mound
1635359385,a47559481d343f91523569b85d7e7165f89d00076daf445f8b746409ba8234fe,Stop Working
1635376091,fc1559968d7e4becde4e4b18bca3c451413614bb6943db57f29db24f7da7a110,Emoji Stickers
1635383539,7bf8c4645cb95c0334f767c6749096dceada032b3b1e5c6158f29bab76a016b2,♪~♪...Zzz...
1635400762,d78719e45a949594248d3eff46ef4388fe698bce34215118e018cc6008417b9d,And that’s what we call a Bouldus.
1635447877,2a782361627afdf2b9267553119125562057207506bad6b6750a809e97a4f45c,Ayla
1635461296,91d4a068cecf1182b9c428b54ec947519fc68184a3277bf7811e9eb80fabf812,Thornblades will protect Budsquires until they have enough courage and strength to protect themselves.
1635479868,fb78ffbe707203bd1fa545bddd07154d1466596ef3c640a48e3ac2be38c11e96,So mysterious... Does that mean even the Headmaster and Dr. Lewis can't determine what it really is?
1635481039,75dad6834075179371cd3a13c3d56b522b9ab436499e5511dd8094c61235a13e,Want me to help you look?
1635486815,998e4f03b4f4384497d7e7edaff601c03b6aaa97ceb62f8d603bd6d9fca613ae,Try twining with a <style=Hint_BgD>Fentuft-family Aniimo</style> before taking on the challenge.
1635488497,ffa6e51a998079a66fe64d90ee487694d72e8ac6bc84e594daede53aa01b46ff,Astra Gacha Store Owner
1635501802,6c9565178af043ef5446a6f6e255614b539d884effc6efe7e2c8abd41287b732,Recalled—investigation interrupted
1635594538,dc9b0d0816435b5b1d188b0f8ac23080a79ec12bdce95f850e1089f589d126e8,Huh... This rock’s kinda strange.
1635603134,e416bf09a1b089fe658f3dc4e39325504822381f5c10b9aa957c5a749d07f5fc,Find Clues
1635606721,9cc588771c5a472de04e4fb0dd25d1103bd9f2ee3b4eb664c056f3d1eeba8427,No Backpack equipped
1635608975,d3ef01b4a9c9910364c9b26b2499c8787a0461d2d24ab80376fff736a288b34c,Logging
1635615704,50f6a1c44d6241a5fde8a6bf0dd0ad5dae167c7a2959e7a01f17963661ecc400,3×
1635625289,b63a8799d69dd87c045bb39aaf32e89e7fb14eeae97640de0d5ee38462d2e959,"See that strange Chirpi? Quick, get the camera!"
1635656827,9023f3299eef5e09969fd6656746e034afe7001541f541fe8a7be075bdc550cf,"Sure, come over—let's sit for a while."
1635688370,d96c759fecc8b914f8f07801d9aba0f7ce18539de01be5b30c7c72319ef7526b,"DMG Reduction +10%. If P.DEF Potential exceeds 15, gains an additional 5% Physical DMG Reduction. If M.DEF Potential exceeds 15, gains an additional 5% Magic DMG Reduction."
1635694333,73ed8c13943913a7e49a8556b73ae6d227ad4497b1a1235d49ee722af81819d5,Love is strange—it turns battle maniacs into camp potatoes.
1635721161,d6493d13ab7599033a89b5fbbc8b085d285729b01e0b560fcf00541d60eff2db,[Scorching]
1635722086,452baca628451f65bc84e16d399e416880659da6f2a25ddf3a2f5733bac361d6,Pro Egg Snatcher II
1635727639,bb762a0b5af7b41f37c7ac22319795f0ee0315b82befe2a8680d59767b074a0e,"To get back at a friend’s prank, a customer ordered a whole batch of fun prank toys from us."
1635737990,681f936715e377d20f5e4a5a769c082873854a18e5a5f783b92f53b58dd1f7f4,Gelid
1635775640,27d5db36081c36261cddba1b2921d5098782937148c2449797142949a584a0e7,"(While the mood’s just right, let’s keep the rehearsal going!)"
1635782611,3eb331927ae5b9be0eeec1eb7ccbbbc38ccb56fe214b0ba9eb83a2778970266d,"All I know is that a Prismana Flow is a sign that the Vein is brimming with energy, and it’s extremely rare.
If one appeared during the festival, something unusual must be going on."
1635795768,5e0081c75f348c847878dde4584cc3799d2f723d540a817cab95f2c2eca22685,Bloomville... The Bloom Festival ceremony there should be starting soon.
1635798877,3a738364498e383fb7c1aa2195c66e7b5d0c821b42027098b946aac5206d0d3b,View Prismana Stellarys
1635801294,fd40687486775abcded9c66235db8a4351ba998052a6a1d8bded7dd91c5f0fac,Habi-Cube Incubation
1635856434,036a0d3dc38e1aef8cedd4e60dcf446dab314885cc834764df24f2d32a871351,Primary Attribute: Gusto
2096975301,036a0d3dc38e1aef8cedd4e60dcf446dab314885cc834764df24f2d32a871351,Primary Attribute: Gusto
1635895300,908eddf20cab697da7d6dee930031e2a47f23ab70ba5a5141001728ff2ddd88a,That tune you hummed... it sounds just like the one those Cozites sing! So that’s their song? Impressive! Too bad you got my question wrong... Off you go!
1635911615,fcca03747ffa6adaf669594211c20691b6e56331430253910a61268d7e763159,Import Studio Data
1635937692,98a68a2fb2349376cea9d21fb02a3a87925d426a7816aee4f43b9d5f2be4993d,Add Aniimo in Bulk
1635938108,4e5c3b98a9780de11e87a220b598443c04e622b00ddd9581b6dcfcceba58525a,Pink Impression
1635962688,29e12db922b51664c1db709d2232ae3cb8cba87817bf40cfb04528331f980439,A paintingA paintingA paintingA paintingA paintingA paintingA paintingA paintingA paintingA paintingA paintingA paintingA paintingA painting A painti
1635972594,2a61059157966db86acc15874d46188814625187eb1871129409c2feb46adb7c,Woven Saucer Sofa
1643698062,2a61059157966db86acc15874d46188814625187eb1871129409c2feb46adb7c,Woven Saucer Sofa
1963995841,2a61059157966db86acc15874d46188814625187eb1871129409c2feb46adb7c,Woven Saucer Sofa
1636039446,c055d4a8c8c25030f86138cf8ddd0d8b2b462de6b9352f875e1d80d60819f735,Go report your current Catch results. This is the first step of the special training program.
1636048009,498686f2579eaf6279ece3868d19a531d6120bac8411251afb99a51c3d8ba7f7,"On this golden autumn night, the full moon invites us. Bringing the joy of a full season’s harvest, join us for this festive gathering beneath the moonlight!

Event Time: <style=Hint_BgL>{0} - {1}</style>

Event Rules:
<style=Hint_BgL>After completing the Gathering preparations</style>, find Jojo in the Limited-Time Event Zone of your Home during the event to start the Harvest Moon Gathering, and <style=Hint_BgL>invite friends</style> to join for even better rewards!"
1636082275,e7f5656c958e7b438c0be87b472ce68a031cfdc4ca56a82518aabb83c53d960a,"Haha, my big buddy held its ground! Don’t forget, <style=Hint_BgD>weight</style> is everything in a crosswind."
1636086695,acdf1af45d99c3731ae1ec521ab55f3dbf66858b557699365b6c55efde5256f4,Water and Fire Don’t Mix
1636094529,66b5dd7898c65be987299141eda29dc4857ac189c0650877ee1df440d35b571c,Wooden Plank (Floatable)_Lv2
1636119023,833f634388ca55bef99729c37422b9d67c1fd4165cbaea6d4240fb1e6deb84be,Looks like luck’s on your side.
1636119326,3c3028f752cd2ed9a0a4d8652052c97f43afb633f9ecbd9dc14101ad6539853c,Press [<style=Hint_BgL>Ecological Module</style>].
1636119997,1587a33cc01ba649fe81f5aeecd47bacc1a7dea811f350e89d47431589265764,"Ugh, I’m so jealous of those Polaris Institute students. They get to see Principal Oswen every day."
1636135064,70fdb3274af9a62c4b7c9fc73a48ab2ee0ed3bd2dfadc33cad0ac02bbedfeae3,"Emory, Lita, Ling, a Qian paper crane, mayonnaise bag, sad Fafa, scallion-loving Jun, ytl99, director Bini, second-generation member Sako"
1636136911,508aea427921faf778fa4922320a64f498e9a349b527bf0b58c68ac3df664c3a,"And when I woke up, it was real."
1636156206,42f60b9d51716823496bd2e4186f802d4136127b10f019531a66b221017f17f0,Lady Irelia always sounds so sure of herself in your stories. Snowy gave me her colors no matter what the other Irises said...
1636180754,17ee0641d83494fa52f32f9f5da617e60cfae2dc66dbaf150bdb094df0b9a272,"#playerName#, I know it’s a little sad, but it’s time for us to head back to Astra."
2130751614,17ee0641d83494fa52f32f9f5da617e60cfae2dc66dbaf150bdb094df0b9a272,"#playerName#, I know it’s a little sad, but it’s time for us to head back to Astra."
1636186166,64b5d258b0dbee3ca7b3453d05aa9487a02696764fadb5160cb08aaec84922ef,Spreading Cyclone
1636207646,a1fbe409625f1e3e490b0ef29f54833e18c7bc408f8dcc6324d241de15c52e1e,Option 4
1636225694,0286249762f7c94349cdc0ba3bb2255baf9a80036e2193ead1d77696f888582f,Auto
1644709675,0286249762f7c94349cdc0ba3bb2255baf9a80036e2193ead1d77696f888582f,Auto
1668778811,0286249762f7c94349cdc0ba3bb2255baf9a80036e2193ead1d77696f888582f,Auto
1709107741,0286249762f7c94349cdc0ba3bb2255baf9a80036e2193ead1d77696f888582f,Auto
1927142608,0286249762f7c94349cdc0ba3bb2255baf9a80036e2193ead1d77696f888582f,Auto
2090118379,0286249762f7c94349cdc0ba3bb2255baf9a80036e2193ead1d77696f888582f,Auto
2093412583,0286249762f7c94349cdc0ba3bb2255baf9a80036e2193ead1d77696f888582f,Auto
1636257162,8ed88f48087479602b238b9e73b79898bc3ed9690d0b9afcd28f9c6aaad2c41f,Velouria’s Hopes
1636269640,8d190a17e8161210ab5a364bdddd33dd5fe9e851fdadff4b0a3628956a282c71,"Increases Crit Damage by <style=Hint_BgL><customRichText(calcData,buff, 2118402,param0,1,%d)></style>. While holding <style=Hint_BgL>3</style> Movements, this effect receives an additional <style=Hint_BgL>30%</style> boost."
1636318336,f14b1dffd4b182beb720276896aa17d1900e66809ed69e81975f1f7ea9c58d14,"Ten years ago, the Polaris Institute, dedicated to the exploration and research of Idyll, was founded."
1636355028,22c4df16d7fd823984eff5b36ef5afa3f2357a7b2b83c38ad7638e7598bc6360,Perfumer’s Memoirs (Part 3)
1636393886,aa86409ea7e147ea5324e4a83d49efc512f2527f7dbada91558cde583e1a8ec2,Simplified
1636400981,03dc229b8d697921b3e08650b2558c14ec4ec4474748261338109c676f71f09d,"Hey, isn’t that the <style=Hint_BgL>Adventurous Cozite</style>?! What’s it doing here?"
1636417174,76abec41658d23e27b15bfd2e866a7083426ceb22d6099e08af9968e7984d520,%s appears
1636438566,50b273890904fe36d99197de22b7acf0cc5a909cd7dd745154061c194a39769c,"Soft blue-green succulent leaves unfold from the center in gentle layers, forming a rosette like a lotus in bloom."
1728584017,50b273890904fe36d99197de22b7acf0cc5a909cd7dd745154061c194a39769c,"Soft blue-green succulent leaves unfold from the center in gentle layers, forming a rosette like a lotus in bloom."
1636454978,421e70767d21eac9ca15c6f03e47443c69c790a2d5cbf280c54743066d886137,"Converts excess healing into a shield when HP is full, up to 20% of max HP."
1636490522,d0f9bc7a3b0119a356b27ea861c367722bbbe5ac27f544cbb9035926bb8fcc19,Account Settings
1958658244,d0f9bc7a3b0119a356b27ea861c367722bbbe5ac27f544cbb9035926bb8fcc19,Account Settings
2146119316,d0f9bc7a3b0119a356b27ea861c367722bbbe5ac27f544cbb9035926bb8fcc19,Account Settings
1636533904,19ac7961627b19e3d1cff9a8ca1b35fe6dd608d371ba032323651a0b4759d755,I heard Aster also gave you some <style=Hint_BgD>Cores</style>. Did he explain how to use them?
1636569817,1a167b4c61538b8442b99a093ff0ef3e531400c4ddaac610052e5c1388984a62,Soaring Through the Nine Heavens
1636586412,b08f28d36a08c554d8fd07420f76774b325f617a9b908354049c3843d704029e,Wooden Plank (Floatable)
1636601657,4399d347d8783d8c001ffbb76af9c9e82a7388aed7a8fbfe01dc9db731ce2341,"See that strange Susuta? Quick, get the camera!"
2016791148,4399d347d8783d8c001ffbb76af9c9e82a7388aed7a8fbfe01dc9db731ce2341,"See that strange Susuta? Quick, get the camera!"
1636604552,29a560a21ffa2d4141cd8557616f6c8af3b4dd85153b9fe617607f3a9d2d8e5d,This form has not been unlocked yet.
1636631802,2c618bca49609cbd25b6d266cd8f57e2be8750a92c041df03d0cf0652aab73e3,"Books piled carelessly, as if set aside for a more relaxed moment of reading."
1677543758,2c618bca49609cbd25b6d266cd8f57e2be8750a92c041df03d0cf0652aab73e3,"Books piled carelessly, as if set aside for a more relaxed moment of reading."
1636639411,d0d677e5675214950de968476acad5292e427e5078eb3c0abe3b5450a3e1a540,"After casting a skill, gains 10% DMG reduction for 5s and taunts all targets within 10m."
1636645726,85f4e67c3e69021495b3322b0af0952f10f837ec5ee10a39afa750645ad87bef,It’s raining... pitter-patter...
1636688545,e0d094d0e3499e1b5adcd71972db911adde037a08a8dc670e513b378dbf0c81a,"When we first met, we couldn’t understand each other. It was hard for us to communicate."
1636696167,1209c3001b4739af20b6d72ee0cc94900a249f6ae3fea6ec8f21a335eb5b2906,Material Sales Office
1636699540,f7c49c57fb86c053810a5910c4aba54c52e461da0881b3418b86daa0ed1e5eb4,Trailblazer III
1636700008,370be9cdbc15b95a01b8a31b040d474767945ffa9ad97bd7cd5096454de5306c,Are those your Aniimo?
1636727015,3b2926be90628076d0e30f3d465a0309942490d9cf0f618e254a932de043ca1d,"Apparently, loads of Pathfinders end up finding like-minded friends there... That’s how I met my adventure buddy!"
1636773852,46024c31b0d6dee4581561d0951496e1867b72549b498d2c65ef4ae61b325abf,Fight and dance to the beat
1636774874,92c5b0ebea8b6a595e65dfa98856c5c6b04e38449659eac4d138884d9d2dbaec,03:30
1840539348,92c5b0ebea8b6a595e65dfa98856c5c6b04e38449659eac4d138884d9d2dbaec,03:30
1636888651,b8653ad97cdd23f633aca01c16fc3cca3024128a4c194b0e9e72a4a9d977ca5b,The player declined your request to enter their world.
1636891261,863292b353c084ff02132ca26048e21aa884d5cc5e073649d0d2f740d4224db4,"Hehe, you made it! The view up here is incredible!"
1636891580,74d71f58f6a4a59a016335e9566176b728c783cd938f269b41e2d8ae2c7bedf0,"Wooden objects such as <style=Hint_BgL>wooden chests</style> and <style=Hint_BgL>vines</style>
can be ignited and burned by <style=Hint_BgL>fire</style>."
1636909226,309713fd0f3830a0ef7a6600973b2622019f244e1ebe9cafc8341891b1c85d23,"After spending a total of <style=Hint_BgL><customRichText(calcData,buff,9128301,param0,1)></style> EP, gains [Pyro Charge]. Every <style=Hint_BgL>2</style>s, applies 1 stack of <style=Hint_BgL><link=""source_8038""><u>[Fire Debuff]</u></link></style> to nearby targets for <style=Hint_BgL>10</style>s."
1636934587,1bf4b545aaea3c1bf8540efc3362ceb644121c76a9f11b85547fb3681e189c16,Tundra Hunter
1636937872,fd6ee9ed8d3c10607982f20ab71817ce893b3dc1c05ff2a4fd1e99aaf6229dd0,"Based on the legend Sorora mentioned,
This may be connected to the tale of the Echobacks."
1636999579,42b6736b18baf513a041c62b0148ca43fa66834754788d92ac6e5137de48803e,range(actorId of the unit to modify)
1637008027,b4242d9afce53e59126bf4709de2c6b643c4238cdb2535a95e4f78180f3da479,There’s a lady under the tree!
1637135670,1b623ba159f89399720b2bb4f8c7389c54764bd2105abb4c9d237be41013b1bc,You should be able to use the Explosive Barrel ahead to blast the <style=Hint_BgL>Chest</style> down.
1637137521,baf8e5b26157bfc2d6cf8d047ba9b9051a0921a356fe31af4f7dbe6f8403a0c2,Platform Decorations
1678856828,baf8e5b26157bfc2d6cf8d047ba9b9051a0921a356fe31af4f7dbe6f8403a0c2,Platform Decorations
1741027220,baf8e5b26157bfc2d6cf8d047ba9b9051a0921a356fe31af4f7dbe6f8403a0c2,Platform Decorations
1637169328,845aa310c6612f16b1460bd9a6fc5b5fe7db63788474610c659cdd69571f8620,Aniimo in locked storage will not be affected by a batch action. New Aniimo acquired will not be added to this storage.
1637203516,76214967188b40fde47a113513193f0181ebf047245cf48c6d70318b61f5fb98,Ah! That’s the large starine I’ve been looking for!
1637205496,48d9ec2d11c242963362cfbaeb5a9ec51d46b4771062c8bd4a1e666c65c4b44d,"Sampling Interval (Frames, Default 5)"
1637242527,0849b44b8ef014b43dd7eb5942c62fa021a5bf3fbbf41783bb91511f275eea55,"Raises its claws to charge up. Charge time is greatly reduced. When fully charged or when the skill is cast again, performs two rapid swipes, attacking and <style=Hint_BgL><link=""source_8160""><u>[Stunning]</u></link></style> the target for <style=Hint_BgL>1</style>s. Can move during charging."
1637265653,4194fa316880812210421e8a1383ad89f2c6202d040fbafd52db96d2495db683,Might Amplifier
1637298937,ec4b916a2fc87954ac46d152baa58ccbe664e281b3b7080c80b6dd37b16499d2,"Irelia nourished the withered land with her colors and fragrance, calling forth dazzling Prismana that brought the land back to life..."
1637314389,4cc7dc4eaf697a5ade09c1f4d9d99add69f845d6492af9966fabc87ebe12768e,Little Torch
1982648094,4cc7dc4eaf697a5ade09c1f4d9d99add69f845d6492af9966fabc87ebe12768e,Little Torch
1637320151,b0b9c5b947b91a80497aeefc6c3cbde34b976340744a2b573e19287a1d0d65bb,Picnic blanket decor for Homeland.
1637336442,9d3920175d2aca032439442001d4901cd4ef079ccd92ee0aab64c376344ece71,Glacio
1786943269,9d3920175d2aca032439442001d4901cd4ef079ccd92ee0aab64c376344ece71,Glacio
1637349826,58774081e4c66f891f8af9317f8f5ca943fbcc7d4e27fd85aeab532e66505857,Surprise Perks
1637353422,cc41b2bd5a49582cdb59895efe110bf1ab213ee65e17871c8eb9c3b9d7f376da,Special buttons cannot be assigned as hotkeys.
1637360491,fa0de016c4f2965d529d8ee8c2d295156ae160910295bae6134760324198f328,Received 800 Simulation Training Points!
1637440196,0cfa2e8b33c188e74942ae80dd40c3b81c37b3ac5919b87ccc7039a07e1379b5,Heavy Pack
1637473339,59b433e8584d28d67e12beffd5847aaf0855aa87c3714c3f32841c20c3d06beb,"Soft light falls, evoking fond memories of youth."
1637483673,c5644c34a920257f204c533079dac63ed0f0dc182d18b5af15a60670b8ac52ab,Lightning Debuff Status
1637517443,0fd792a825910fbfa4d7b94b5737c4d54b2ef6d0c9eada13a19eb02d60d5628d,"<color=#d89c28> Press C</color> to twine with an Emberpup, then use the<color=#d89c28> Holy Flame Domain </color> skill to ignite the wooden boxes in front of you."
1637548597,cba4ea53c711561cbe35d707d770ff93aca671b5bf3a0dd5400656d02ed4c0d3,Fire-type Aniimo
1637551923,02502a98e6bde70a77d59471402ddb9c917ece3e87c74d02a7cd0664de5a87ef,Unlock Building Plot 7
1637574077,05b909c41bb937cf78ebd741ffea7708e0792f417ef581c063dc41db54753427,Yi mysteriously takes up space
1637591140,5e1cde65fda419c55d1763af81e31c42ac55c94266e581f7606a005c630d524d,Repair Difficulty:
1637601671,6c68e472225f943bc3d97ea93fb00cddfc797ad6c637411828e195c3d321248d,Switched Phase
1637609170,9eafa138ec534c3260e241568920f59cf35606ffa615b786b4631d45521b1a90,Draw Entity Settlement Box
1637658398,e6565aba9e07612755381e5a3f8b20671c1e0ab278334c2a2439ed844b7a7714,...is the most basic facility for Perfumery.
1637673445,caa8380a7c47b3ef15fc4c30cb02001bd008ba974c48eee2aac2df4e81ba2f46,Hexxin Ambient Sound Effect
1637699642,b0b18088d0fe606defa0820ded373f8be2265390b739446721358b3a3816eb1a,This event is about to end—you won’t have enough time to complete the Investigation Dispatch.
1883235388,b0b18088d0fe606defa0820ded373f8be2265390b739446721358b3a3816eb1a,This event is about to end—you won’t have enough time to complete the Investigation Dispatch.
1637725241,c3d191a51cdd617a288b1808b3ba400b17599f767f5f684cc5f109eefac47eea,Add items to the Egg Grab scene
1637729747,19734a1b58cabc22cae1f88493289ee94f40ff2b350f7f1b9f7011ea84096916,Window
1637741657,9ac2e344bd3248c9b9279be2f62e950845c3e25ed149074966f13f22680eb769,Tail Wrap Roll
1637745340,246c8a7c1e100f3d6c8d64b5ddb8d6736ca3a9b0da5773c29b0fee9f8dfa1940,"Dear Pathfinder, you had unclaimed rewards from the Aniimo Discovery event. We have reissued them for you. Please check!"
1637753670,5473c535fa166be6560da3837b05d3aade1cba6f22c6eda4e230d4f18c9ceb7c,But I never expected to see this in the Sea of Flowers where Lady Irelia wields her power...
1637775374,dab8dfa7451fb33891c2cd3cab2585712c4cc2597e2cdd4dbb07708fcc07e3c3,"So, you want to try twining with a human?"
1637824885,c5d1fa5ea515703108893f68dc204b7f781be653f320035861c1168662e2527d,Flower Pattern - Lime Green Triangular Wall - Small
1950297658,c5d1fa5ea515703108893f68dc204b7f781be653f320035861c1168662e2527d,Flower Pattern - Lime Green Triangular Wall - Small
475859521,97bcd8f0bee07980dcee4ff436a5b9a76c53984a27046d6eeeedb8ecf906cf5a,Own 10 character accessories.
1637833842,97bcd8f0bee07980dcee4ff436a5b9a76c53984a27046d6eeeedb8ecf906cf5a,Own 10 character accessories.
1637892718,528b5673746c7bfb1047b6cb288428eae87819b635b8112412fa53cc56e4eb09,"<style=Hint_BgD>Break</style>, which means another <style=Hint_BgD>Concerto</style>. Surely you’re looking forward to hearing Triple Movement resonate again?"
1637965058,9ed70fae53f01014dbc8833d40bf23dd97204c9d072681ba60b37f6cd8ad9c54,Reach 40% Aniimo Collection Progress in Driftwise Meadow
1637989943,7cc6fe6a596f69a12255873a2df971bef9b2c79b05f556cc076da2ec9e0b8890,But where can I find more nectar
1637991595,ce8adcbed0e1d47a5d22f76a4a82d8be4cd3124f3c4d931e84c8f0bfc032277f,"Stepping onto the trap bridge causes it to tremble—and after a brief moment, it <style=Hint_BgL>collapses</style>. Once fully collapsed, it pauses briefly before <style=Hint_BgL>resetting to its original position</style>."
1638012598,d8ee626a50943d79aed2dd47aee1c910fe917c69954a0b9c20228740c07ac884,"Hey, grass! Stop tickling my paws, you sneaky, sneaky prankster, you!"
1638015988,47fe01286053ca162101335bb82797a57841b06e39eb418e10bce9de4dd1c173,The Legend of the Undefeated Warrior
1638027554,5eb4669b8e6e03800da6cbe3abbeecd4f76d92f791de0a3deb26ee12b2e7f6c4,Name Change Card
1638054518,46a732efc19bc925cdf73ac908903882670c0d22fe3405a19e3e38e8b1200c97,"My Shrubclaw tunneled back underground again... Could you help me out one more time? I know you can do it, just like last time!"
1638060461,2c89072bbd9de602b3722349f5989f81c1e390415886982cfeb07566fcec2398,Facility List
1638146105,1bdc4e116dca87307ed3b6f7b2e58d6cf2805bb389f2e224c95c7b38520ee378,Leave Group Chat
1638210635,50d0cceb2f7a1090cbae2ee3afa2768bb6914a7e4238bf22ced64174a56823fe,Paint
1638246287,9682ce81b457a34ea9cd569a3ba849987579edee28aba59b9b8baeca87474680,Select a main Aniimo
1638285956,c2012da75b0f8a55a776ccaaa5e9c2d5db1b4468becd88cb1f7a8fc9f51406cc,"Increases the chance of spawning <sprite name=""UI_Event_ResearchCenter_IconShining StarShiningStar""><color=#e1a347>Perfect</color> Aniimo by <color=#e1a347><b><size=204>7.5%</color></size></b>"
1638299609,be719c427e4546fbdc321af624f4d0864a131112c0179f46fa1108267f0a1816,Alpha Jabster
2092297249,be719c427e4546fbdc321af624f4d0864a131112c0179f46fa1108267f0a1816,Alpha Jabster
1638299847,0069005ef85171270ca485839e2376ec4001e711c1e438732bf61106892b4851,"Oh, right. This is for you. I made it myself—a standee of a Susuta and a Celestis.
It’s a little rough, sure, but it looks pretty good standing here, doesn’t it?"
1638322848,39b11b19532a47c15d214bb0829373d65e097aa712a967088f47d6f681f7a302,Dynamic (Placeholder) Configuration Text
1638345021,90e494e435f07c05a4a2692cdb8f97f573ef7c223176c1d364e50e27bf2b60c1,Like an unyielding flame in a fearless heart... the crimson scent of courage and hope.
1638410442,168d8bbd3adfd69349baf2672fedc39d176de6b1ce127305a17b60fd7d77e3ac,"Aniimo love curling up inside until you can’t tell head from tail. The transparent basin offers little privacy—they watch you, and you watch them."
2011093076,168d8bbd3adfd69349baf2672fedc39d176de6b1ce127305a17b60fd7d77e3ac,"Aniimo love curling up inside until you can’t tell head from tail. The transparent basin offers little privacy—they watch you, and you watch them."
1638434106,a2018c7bfa692ece037ab2146bbe242a3786ed35894d22fa3c252b616ad96454,Teleporting back to the starting point...
1638449007,b0a36c30429053fe941c4eaf614156a96959bfd5242caa7a26e1d4caa0ec5b3c,You’ve reached today’s soil-loosening reward limit.
1707784054,b0a36c30429053fe941c4eaf614156a96959bfd5242caa7a26e1d4caa0ec5b3c,You’ve reached today’s soil-loosening reward limit.
1638449510,2ca162cf8c59a57ddd7d53bff11de6ee3bfbcb571d3493b7be340f1bd44c3acf,See? Twine with a Celestis and you'll be able to fly!
1638516171,eb23d3e65a77833ac141163cb58b6c6096c732df5e4de1c815f645b4e776ec85,[Over-Spec]
1638527699,c07bd7bb74b78adb3b402ed10b55890911e9a472e007c8ddca7d87c6ce864fb7,Unlock Aniimo Appearance Location Info
1638538086,97b0fd24d13d26c72c5e6445b4688f3f4185ec9d81b81d123dce7c3fe5d380ff,Reach RV level 9.
1638601894,32d01cd02207597407c3ad95bf1757dc8d4b5486944faaecd1a226bfdcd7cd9a,Stand together and forge the spirit of true teamwork.
1638656376,0e00559ebb13f8b431131fc115b79bb8d3d14a710f5513c17fcd6bb684900762,Item Return
1663970083,0e00559ebb13f8b431131fc115b79bb8d3d14a710f5513c17fcd6bb684900762,Item Return
1638658553,c68648d973e4412851c7ef1f285998819c1cc5b32e14fd56714151f52067f888,"Countering an Alpha attack grants <customRichText(calcData,buff,4004151,param0,1,%d)>% bonus Natural Energy Regen and <customRichText(calcData,buff,4004151,param1,1,%d)>% bonus Final Damage for <customRichText(buffConfigData,4004151,duration)>s.
A Perfect Counter interrupts the Alpha’s action and spreads the buff to nearby Pathfinders, triggering once every <customRichText(buffConfigData,buff,4004151,duration)>s."
1638710458,8a6baa058e90e6ee05deb4c8c1c5bba9ce17b0edfee245babb3c4d001cdc67f4,(BREAK) Wields elemental power to attack targets from a distance.
1796572480,8a6baa058e90e6ee05deb4c8c1c5bba9ce17b0edfee245babb3c4d001cdc67f4,(BREAK) Wields elemental power to attack targets from a distance.
1638753378,6f2a4ca85366041c519c64d7ecae104319b191a04f07f0b685d983c14e65c03e,Prismana’s Luminous Veil
1638756530,439b7d7043e9958322bbf0db7228ad5ed7335618375b30ff8446be9580de48d3,"Now that was one big old blazing, all-out battle. I won’t forget it!"
1638799393,6111e677539a06bda91bed7cf30c85efc32481b79f1bfc1e9b52b5ddc781beae,Title Promotion Reward
1638810109,f6302850ccfa2b3410f301e45ac13aa78a0e1e871f4b1f2c96db9cc803a87ea1,Ari
1638811510,6fafe86c11a3d918642bd8cb6ee0f7e112ce4149a4ba075841b410e7347799c8,Combat Skill Set 1
1638871658,5577a05316ec9d93257796000fb70bf00a2995db5929ff5102facf1c38a09316,Floral Windmill
1817850171,5577a05316ec9d93257796000fb70bf00a2995db5929ff5102facf1c38a09316,Floral Windmill
2097278834,5577a05316ec9d93257796000fb70bf00a2995db5929ff5102facf1c38a09316,Floral Windmill
1638871687,67bd2d0794b269cdd723f390925e0816cf037330e647074cbf44074b7664e743,Go say hi to an Aniimo.
1638947171,788011833a5a0f22db90c91e8eb7bd8e9f5cd423354ff5ef8c338e7895f44ba9,Notifications
1798258334,788011833a5a0f22db90c91e8eb7bd8e9f5cd423354ff5ef8c338e7895f44ba9,Notifications
1997360315,788011833a5a0f22db90c91e8eb7bd8e9f5cd423354ff5ef8c338e7895f44ba9,Notifications
1638964687,a5c343913475172b0469347079072d6fa2643bafaf2185b5f6c5d452cc8936fe,Entry Config ID
1638988294,1eb6ed1d8bfcff877158c3f537347854f29294887914716ffc8eef0b5126bfbd,"Now, follow the arrow to the first objective."
1638993512,411c05487a7ce30043bb09e1a7eed7cc364bf92c3fd5f3ed2cdeb8c1bbaf8069,Flammable Vine_Ground level
1639094207,4e44ee5d9cf70bb0fe0acd07963322403b1beb5fbd262cc7bd353f861f706252,Consumes Stamina to craft Bulbly Dewdrop Crystal
1639108024,8dc89d36af84646aa6c38956d5e46fdd4c538c0c063154830cede33151abaf7c,Your preferred quests are displayed now.
1639120671,9ae29d30d06a3e7dc0efbc84e210c9d8999b010badb14b92a73a404b45e8d511,"When EP is <style=Hint_BgL>sufficient</style>, skills will <style=Hint_BgL>light up</style>. In Twine Mode, press the <style=Hint_BgL>Skill button</style> to control the Aniimo and use different skills. Using skills consumes EP, while basic attacks restore it."
1639122244,69c78e26cfe0856291a3510d299f7af00541feedbcc0546d687a152b0209a506,Route unavailable. Please proceed to the target manually.
1639138657,0cb88a2518f29a78668e208f7137c71195eca80a1750fd51ca9e1d39d3ee450e,More Forms
1639140676,48f8e6c84d2a20266d4cdc1cefa112ecadd539b5aca8e4bef818ab0ee0dd256a,"Ahem... Yes. Loulla said this is the ""special ceremony"" she prepared for you."
1639164547,1c055f27bb571dbf13bca71d9798273a640d2e5dcfb201400304029e22d2a898,I remember I seem to have a friend...
1639170060,b4b0b15f6d0354bea9aafd3ff386e240f1291af62c1639cce2ef4025ab6b124e,Three chords to blow up your future! (Deprecated)
1639188419,8abaccb29d472f5ce933adb41810207d5499ddde54696862ab1b191720d9e19d,That's great! Make yourself at home.
1639239377,c11238debccce7a7aca67b516db21b6c6e31c55232280bfaee1cd8f4ba80743b,Info Stamp No.
1639275228,8cda627abe3f794747eee413cb20cfebfca9bade837f94a2c3daa9fa11921e66,"Hmmm... This batch of duskwhispers is good. So, cultivating special flowers with Irises is the right way to go..."
1639297813,6de8f84fd33df0697842cbd67edeef4ae91abb85e5450f4c422e3748073232a4,Hold onto your original spark and answer every hope with sincerity.
1828687795,6de8f84fd33df0697842cbd67edeef4ae91abb85e5450f4c422e3748073232a4,Hold onto your original spark and answer every hope with sincerity.
1639344161,16a3054451040a1cc384c5058cac47fd6e7d7389fc3332acb4682593fdc9bec7,Check Bloom Prismatic Energy Info
1639357828,1d9b0bc8c3666254123a852792fa797a6b9c0b35c3d9c376f652161fe23dabdf,Huh? What’s this—
1639374750,f9ab866d64c7986a48d6c0dbae6a48ec796b68e294870aa7ee2a6cb9db61e74a,"After entering the tree, you find an ominous darkness within. Velouria realizes that something is wrong with Irelia’s aura and colors and cannot even reach her dream. With no other choice, you press deeper inside to find the cause."
1639418507,1787d3a7a618464e1a64a21c18c688bcd576bd2d0f7e041ce9b510d42d871996,Class ID generation error
1639427578,8fdadcd0ea3a9c52c2b01f85ad4040dc780e42ab7fe934e72c30b820f3755181,Wields elemental power to attack targets from a distance.
2091078245,8fdadcd0ea3a9c52c2b01f85ad4040dc780e42ab7fe934e72c30b820f3755181,Wields elemental power to attack targets from a distance.
1639483194,8308ba2dc147b56bd11d5b0ef16f50d6e3c8c765271238930660416100b4aa77,"Thank you so much!
Me and all my big friends really enjoyed that!"
1639515539,bbd4c174dd788786ab06d42c85d07c99681c996bfff6b11a16f88f2e526a5b54,"No, no, no, that ain’t right! Nobody just loses a ball like this! I gotta go find ’em!"
1639548264,21ed349de2a57f459626c4577e39d1c86767dd687f2fc95e3cfd8ae05d8387e4,Charge the battery and reach the target position above
1639550003,6a7bacf4bf9cbbb1b7a3bd84faf5df891f5f4e94e12302affc97ab90ae2f7354,"Hey, Fulmintis has a rare Prismana form~ Want to see how the Prismana Fulmintis performs?"
1639551550,2c3ac521101f8defcea6f5b810033839d9750b0becfe6719492ae69204c99258,"Energy dispersed from Irisalis has taken root across Breezy Plains, blossoming into flowers that glow with a faint prismatic light."
1639617136,8c489a702ed98aba5585ea273417e21ffa9c1ca7f05b9c80a5fa88f5826614dc,"You overhear a strange Hummin muttering to itself, confused about why Tucker doesn’t recognize it at all. Noticing you, it cries out that you’re an ""Aniimo thief"" and bolts away into a hole."
1639634589,cb22069b7e1e4adca77e5e4c0b1a544d9c528061e1cf0066141aa65f676da322,See? The Aniimo is now placed in your homeland and ready to work.
1639636975,58d5c656ee292cbfdf63ddaf7a73d6bdb228f6d503be4f46b4721c9e2e5a887c,An Aniimo item. Aniimo wearing this will gain the [Biting Chill] effect.
1639671398,c6ff995ed531d42e57ac63cb7dd78c8cd4f0b6e1d121644f029de3996803c20d,Queuing
1639695297,7ad96fb5779377bf47a8658cc8822ebcc1137ead6d63c9461275b5ec284fb8c5,Passerby
1690963931,7ad96fb5779377bf47a8658cc8822ebcc1137ead6d63c9461275b5ec284fb8c5,Passerby
1639699739,cccccc4834b071f93db2fcbf930ec0f81f5502d168e571c020ba9155ff721023,I-I’m warning you! I hit hard! Walk away if you know what’s good for you! Bud!
1639702384,8454100a2e9d4963bafaaaf10d1f2a089ae5aa18f95393b104d796261f8e33ff,Night Slash
1639717015,1fb4d92c610f2141bf7fceb5ef612054153ad07aa5671d24446a823ccd912a70,Who! Dropped! It?!
1639730898,fb4faf31aa6c017187fbe5d9e048f79d8daa97358fbde2ecff9345e7fe01e0fe,Black Truffle Shop
1639754605,f81fe6fbc8d64c4580b73964acec838af6f9b7c498031d3774b733ef44af1f91,Robust Physique IV
2006766910,f81fe6fbc8d64c4580b73964acec838af6f9b7c498031d3774b733ef44af1f91,Robust Physique IV
1639756030,bfd04450f9812fa9f260483b9a26a35abafe50be8cd2cdb1ad70ad82ceea9e0c,But I’ll wait for him to come home. No matter how long it takes.
1639770776,938b89c4c2cb553c491c42f954c7e874a0e0133b3704e6254a8d10205ca44b0d,An Egg left behind by Prismana Fulmintis. It contains vibrant life force.
1639774453,0dae4325cf7d94c4a01f843deec82441aa9af378cf541cda4f7d32819b92d6df,"Head of Research, Bohr"
1639776812,321ee33279d1d87d80c2578c6194377aa4491ea65358ba18916bd816a3bcf25e,"A rare item scattered across the land of Idyll, shining with an ever-burning radiance."
1639785306,b5f92b5f4190f08c2520f6c7eaf0a0de811fd98c2a1003d24412c3f0e196c401,"One morning, I found a small collar on the windowsill.
It seemed to be a gift I gave to my Aniimo a long, long time ago.
Wherever it went, it will never come back."
1639828881,6f082d2ca6bb70b6f44119fc7dfc489a2b0a3b6da02400e01d65ccd6734b4f01,We have completed learning and equipping the skill. Now return to the main menu.
1639833332,d56fec148a6e92f31102c26d12fc2e7a4bf8f677768ecee667dcdc32d922a164,Mutated rare wheat with exceptionally large and full ears.
1784135787,d56fec148a6e92f31102c26d12fc2e7a4bf8f677768ecee667dcdc32d922a164,Mutated rare wheat with exceptionally large and full ears.
1639856374,68b3f4bff6de90aed6e47e72d8b680901da64dff39ed843e9eeed0464020e971,Open Folder
1639874254,9ec0d69287232bac59ea9ae227d9dfc3a672a4bffab2bccd682b34f9061c2dbe,Skippy wants to join and play too... but... so sleepy... Zzzz...
1639894744,4759c20bb89cfffb0e612a69382f0cccda4e08ffdb5ab44a3ed9076b81d43a3e,Submit 1 Egg
1641354175,4759c20bb89cfffb0e612a69382f0cccda4e08ffdb5ab44a3ed9076b81d43a3e,Submit 1 Egg
1639935313,658f7d3fd28301e2fac9de1854d158580b21a69ef258a93afcd34babee48f3d9,A piece of garden furniture for your Home.
1639943215,bb9944f1e9838ab7705d1af6305ae003e85bb15e8fd44b937d8c728ba6431163,"After launching the Aniimo accessories customization service, we received so many orders. Time to restock materials!"
1639958619,09c8e5c5565932f3be899b3577f6528fbda1108c533306915130a1ce470abb8c,"In the 2026 Third Closed Beta, you overcame every challenge at Polaris Institute and completed an incredible journey of growth!"
1639961089,5a6c0413aaf57b081c3dfe6d1f641514596934ecf0dee6e150b061af029ae41b,Unlock plot 24
1639966102,26371e1a601d6d518c63110c367c51aa5264768b0ab884999bcf304c2e36fd78,Who’d have thought the Infergon had a sweet tooth for honey cakes?
1639967601,886130fb0ee679b8a0e16574fca7b9bf9eeffe4b9dc649df1cf1f762f8d1b8f7,Playful Helmut
1830938449,886130fb0ee679b8a0e16574fca7b9bf9eeffe4b9dc649df1cf1f762f8d1b8f7,Playful Helmut
1863250417,886130fb0ee679b8a0e16574fca7b9bf9eeffe4b9dc649df1cf1f762f8d1b8f7,Playful Helmut
1639990489,a5ed801b6e3ec28fe466f38765b7815430bc0e3d5750ee01cfbd354423d4a28a,There isn’t enough wind to take off yet!
1640051947,70080108a0d161654812b6fa58a5598ab643369de61752cb37fe99df6631efd5,Rose Shell Bell
1640129743,50d1af05d81c36d5f3e681c612b0dc69243189e6f8f63bd76bda99f869342e96,Deep in the forest!
1640133770,afbd394b18b2d3113425c65b9ade006e286606b01d3fafc45c9c49749226eceb,"AniimoCare wants to send blessings to Aniimo who have found new homes, and our shop will provide that heartfelt gesture."
1640138499,f1313852d3ea84d5196418e3c4c15bc7078df05ed7f73d8c53f16f4b265e6d52,For the Pathfinders who joined the Starlight Festival of the Second Closed Beta.
1721271016,f1313852d3ea84d5196418e3c4c15bc7078df05ed7f73d8c53f16f4b265e6d52,For the Pathfinders who joined the Starlight Festival of the Second Closed Beta.
1640149787,16f9b22c7eedbbe8a46b4a6b0aba367b9f23cf6c7301c8d2bbf63466f052212a,The way of the powerful
1640152699,03fb66bf89288636a91e4234b1d656a3f27ef4be043c7936c4f75084607a2528,Be Kind to Plants
1640194916,ba268dc33489c23a984b13c9019612f325ca4726dd259fb2c2950fe43a5e9998,A row of tiny glowing flower bells that brings a touch of romance to the night.
2135910825,ba268dc33489c23a984b13c9019612f325ca4726dd259fb2c2950fe43a5e9998,A row of tiny glowing flower bells that brings a touch of romance to the night.
1640242803,5fd5b3138719853658f1a80cdb9e86b1ffbd44858f95aaf807ace8f2c2eaab16,Then let’s return to Bloomville and tell everyone what happened.
1640246628,f3cd564c66ea27413aa3554a85139b4fda500f870d0835dca0debe8a87d2771b,The grasses and trees of the forest remember each passing age. The knight by the sea guards every future star. The dragon on the summit greets each cruel trial.
1640247189,ac9e2cacfba09524c9ce8f3c7ed4a567ddf99881b99e412423ed7d38a2dfc181,Assist
1658182531,ac9e2cacfba09524c9ce8f3c7ed4a567ddf99881b99e412423ed7d38a2dfc181,Assist
1640261855,9fa2fc10689b55435db5d794e96fef5d54e5696e70e425dfa7d55177981bb61e,Helpful Fentuft is not here! Definitely next time!
1640293889,e964a98e65975905cc965cf05812b732463430853615fceda4973e1af869c7f5,"In the gentle autumn sun, take a leisurely stroll."
1640326168,e884c89ad3be2a9de9e0ae02a1f1909ed5a6ea9ffa9d99ea98918187ac8d7374,"Your map should now show Lumin Amber spots, and BINI will also remind you when they're close."
1640360233,ccd6d4b4af68af0af91e03f03710d54f8634b86f32f0717b889bbcc33d976980,Special Aniipod
1640363152,bc6303f3ef55817a5e65a4c37c0dad0800352641296d631685ba884facb54c05,Draw countdown: 6 days 15 hours 23 minutes
1640378445,d0931ef920c01b102f297b51a2347db1ae2d5782e5e330d3498480bf5377f88d,"In Command Mode, you can use #kHud/NormalAttack#z to instruct an Aniimo to engage with the locked-on target."
2054506694,d0931ef920c01b102f297b51a2347db1ae2d5782e5e330d3498480bf5377f88d,"In Command Mode, you can use #kHud/NormalAttack#z to instruct an Aniimo to engage with the locked-on target."
1640388166,90460bfc1abfb553b40498ee5546c09744831671ac10ab95ad57fe5e1b508990,"You’re... alright, aren’t you?"
1640388970,de169b8b1e0a12cbc8de74681150422507593d6283ef969b263c7366e40ad8ee,Want to try again? No problem! Watch your head—the starines are about to fall! Hoho!
1640392050,12afac097b7a6d11c414bd88275b3378e9c3b453eeca0e4057ec1fa9b23e46c2,"Accept the invitation and park your RV at <style=Hint_BgL>{1}</style> with your friend <style=Hint_BgL>{0}</style>?
Park ID: {2}"
1640440473,d33e5a6b50139db27946f9e24cba3af5536db313c60758358d9438f564dce12b,"I noticed the scenery over there is especially nice. I'll take you there when we rest, Amy!"
1640501549,1173573024d8a32dae9963f769b5f48d3bf364cb88e38073149da8c6ddff77e5,"Gains a Shield equal to <style=Hint_BgL><customRichText(calcData,buff,20220002,param0,1,%d)>%</style> of max HP."
1640511163,9c70becab006cf3ca179d94847821bcd027cb21426823965e004ccefaa39f023,"Ah, that's right! I remember someone telling me about this before.
A long, long time ago, some people built big cube-like structures like this. They called them <style=Hint_BgD>Sanctums</style>."
1640515266,994c275866342d5f1f71ff7b89e7e8eb593934d27e3d365ddcf6e23f65b26b13,You must be the investigator Nova told me about. Nice to meet you.
1640522353,ae9f2d0b557e75872d6a3b5c99943f48b5a8771e0864c2e10f397de35d1bb982,"Maybe next time, I’ll take a snowdew leaf and go find him!"
1640553912,328c724fb35bc708bd2a482c02fac4cd6d713457ee6204fea975c187943bcce0,"<style=Hint_BgL>Chirpi is in a Sleeping state, </style>Catch success rate significantly increased."
1640566284,07a124f1a7b2efeeea3123fa58d4cbc495c4413af0b270349663eb9b38245480,Nimbi smells sad. Can you help Tufty cheer it up?
1640566549,bd458821a5bbccecfd4be0c1c108de51fbaecbfa6fcd8810702447bcece3143a,Grass Pillar
1640608005,fc8eb0cf1f08c05b629a4d4025e48f05248a04d7bb46e519b01d36c0d444965d,What happens if humans catch you?
1640614508,59d997a32a277c9043f46a7047c29c7294896397b169f4b89bbc3429a9864bea,"The Aniimo Style Contest has come to a successful close!
The winner is #playerName#, whose Aniimo won everyone over with boundless energy and confidence!"
1640639722,0d390a49fa196a4f644981dfa6764a7fe80d5ed8e5f14da273a9fc263636986e,"Within the starry cradle, it drifts into a cosmic dream."
1640654762,e3646883cf3dc6494d0ebcf32d2cf8b1bbe111cbacf5dbf854d0c672e547a7d2,"Geez! Some of the little ones get stuck up there! Not everyone enjoys that, you know. You’re such a big dummy for not knowing! Hmph!"
1640667303,e2b09b7ecde3eb140e2fd6f2918e21af9419b658e10e4c7abca8c809a8606ad5,"Even though my job is dancing, I also want to pursue the ultimate martial art!"
1640690865,a18b563d29abfb41c58f905cadb34400e558e85134e2dee86d4a0f0520875a0b,Don’t try to sneak upstairs!
1640723228,a80218bb88fc38c5a696d49f23c65016e5dc79d6eb794b1a7920939dab2fba35,"Sunset’s glow fills the sky, and the Susuta walks through its last light."
1776018461,a80218bb88fc38c5a696d49f23c65016e5dc79d6eb794b1a7920939dab2fba35,"Sunset’s glow fills the sky, and the Susuta walks through its last light."
1640846663,4a079e6f930010887a01e5fb45359ae29ba71d062f98d48df8ab6a059c6ff74b,Press #kRaw/GamepadButtonNorth#z to open the [<style=Hint_BgL>Skill Details</style>] page.
1640846705,a2d173af25ffacd1eae83b20136a414fc249ae85baa8ac14a5c1feb9754a0f0e,Remove <style=Hint_BgL>{0}</style> from your team?
1640857689,0d95dfd1fde4fac0610444dbc84b181e2166a18600f00262c3314d7745872c8e,Pathfinder Skill Points
1902100981,0d95dfd1fde4fac0610444dbc84b181e2166a18600f00262c3314d7745872c8e,Pathfinder Skill Points
2061086904,0d95dfd1fde4fac0610444dbc84b181e2166a18600f00262c3314d7745872c8e,Pathfinder Skill Points
1640863514,35c85fe0b0338404d2f2de1adbc4447bebe5a0e5a5286df33e033c026ec57f84,00:24
1780384495,35c85fe0b0338404d2f2de1adbc4447bebe5a0e5a5286df33e033c026ec57f84,00:24
1640871120,a3b812433173a5d7b4080ec1760ccab42a0774bf2705bce830f8e1b52eb872da,Then I'll head back to the castle first. Master Bailite is still waiting for me~
1640883672,bf23e227c9e5c03484af47e256bf36eb29f6065222613170090332452b1448dc,"Not bad. Your land still holds some remnants of the old ways.
Perhaps this will help guide you."
1640886450,b9bb50509399b09780319450f915581477566877f13a452a88b0130e8a18f2d7,"Additional resource packs are still downloading. Feel free to visit Horizon Square and explore Astra for now. Once your download finishes, choose <style=Hint_BgL>Continue Story</style> from the automatic prompt to resume from here."
1640898402,ec7bc6d392d7b0ad968ea4b3a163daf36d14ef34a55f510a77f158f64edd344a,Buff (Placeholder) Type
1640902397,49736ee6fba7307f22787503f14a44d90f9e8049064fa1daeb2e7d3be91af71c,"After leaving the dancing spot, where did he head next...?"
1640919114,264a33b67b373b7d64a8b540c5af3350296f37a677a58e287f4fbb93d62a771f,Emberpup Transformation
1640947841,de3b581b38743e7ec6b49736725ba93b0652d234a7389de9aaee2c7618f2a42f,Yay! Nothing beats playing with friends!
1640953407,1ae93de896dbfd5e91ca5c2b8270da111fdbf22b51a045245e0cff9b19197b98,Hwah—! You nearly scared the glow right out of me!
1640963528,4b0cf1d44480b80e30986a794fb7e22f8e4d5d93ccdbf38b4b86a4a5da8de071,Reach 100% Aniimo Collection Progress in Tideblossom Coast
1640972901,677d69f7fc0d387907793d76d4d80927dc34445ef8be40e2d71795359db69a22,"Alright, now I really need to know. Could you help me find out what they're planning?
Don't forget to <style=Hint_BgD>twine</style>!"
1640982035,8fd05362b157dcdd84c1c9eae2d0c40bacace1add0bfcce8145ccc98948334c5,Premium CD Rune
1641010410,e443c8e3551841a78b75816b6756b3c05739fa7bbabf719154aaaaccfb45677f,Skip Tutorials
1641028515,d9009f42f7a5349474217f749860a6b1c5a398c6e0d66be5fed7c0e4314932b5,"With such nice weather, I don't want to work all day."
1641054673,a32d807b250840c0a15724944c0510acea1b2b304bae6a8b04ada02630bc8dc2,Flower Pattern - Green Rhombus Low Brick Wall
1740367399,a32d807b250840c0a15724944c0510acea1b2b304bae6a8b04ada02630bc8dc2,Flower Pattern - Green Rhombus Low Brick Wall
1641076238,de3f2be8a1b15b6e0e12ee68b0019d9067b9d6016c26b4e99d78a44a63277a46,"Hmm... Nicole has already briefed you.
Yes—the Prismana Flow."
1641084092,cd31ac1b0550fb08db29b811b6c5c89ce6530fb9f29d76d4372633ec4613f38f,Hey... did you lose a perfect mud ball?
1641138416,d04fd1d8f87be8b09eb6c4b49c1b46916ca0650d11c492433f63adf6542b61c6,Spread more happiness!
1641149029,081ed3cff59f0ca2cbe2b6fdce4652eaf920c47dab8fadf31f67277386ecebcd,A colorless Iris... How strange—how pitiful!
1641166858,7d3994ffb51eafb09d06f7800c0a91293b86b7d3a262554a8e72acd744d7bd76,"In Astra, Aniimo have come to be seen as family, companions, and more. As people’s affection for Aniimo found new ways to shine, Aniimo-related goods naturally followed."
1641247295,ea2b7fb5fd52e509bc9fed5b3a226382fd1f94e2fffe4f518c571f84bed75f70,"After helping an Emberpup evolve into a Flameruff, you receive a message from Lana. She tells you that she has found a Turbo, the leader of the nearby Nimbi, and asks you to hurry over. She also suggests catching some Flutternyms and Irises on the way."
1641250015,47f36f336e040d4157c7949c2dd9f7a1ecf6c478055e277e1290ba1bb7f5b05f,What have you done with Helion? Why did you take him?
1641279021,21e843da80dce9e3ff91ba702aa3ef1ab6bf834492e8751381e6b7778d9a55b7,Light Bombardment
2078577865,21e843da80dce9e3ff91ba702aa3ef1ab6bf834492e8751381e6b7778d9a55b7,Light Bombardment
1641327816,deb794dd2ae6741d0f6b3aa3af5a4fa4c43d3440bb0ab560557fbf084a99fda0,The mountains calmed. The danger faded... but that Helmwhelp turned red as blood and grew dangerous... and after a long while... it became the Infergon.
1641397558,7f6fcd57e0c761aab745564c221f193ed4f1bf7f5a5afcc3f692083663cfd439,"Deals <style=Hint_BgL><customRichText(calcData,buff, 9102501,param0,1,%d)>%</style> extra damage to targets with more than <style=Hint_BgL>5</style> stacks of <style=Hint_BgL><link=""source_8038""><u>Fire Debuff</u></link></style>."
1641433497,a9771db8fba57142428836e6bf17670c62490daa70d7d8f8741a4bc3d4c83eeb,A simple and practical basic sofa that offers comfort during your journey.
1641484532,d4b7dc45cc6ac3df5dc241ea710ebf01c7259d6ab2f3a07039f7dd2b845d404c,Bulbly that Watches the Sea
1641524650,86c786c965f082603367697f090ae526c38361a7329a30dc15dd6f800838d21a,Strange signpost
2081147444,86c786c965f082603367697f090ae526c38361a7329a30dc15dd6f800838d21a,Strange signpost
1641529280,b5f5dfb9eaaff120655181bfe41c3389215fc7d33fe7823a07563b9aec7e5163,Event: Sound of Gold Coins
1641536745,722219f739310dbb9816eb48acb8967436f318b8ad631c946f75f67a88ad1a1f,"Here, you can use <style=Hint_BgL>Lumin Amber</style>’s energy to nurture the Branch."
1726316921,722219f739310dbb9816eb48acb8967436f318b8ad631c946f75f67a88ad1a1f,"Here, you can use <style=Hint_BgL>Lumin Amber</style>’s energy to nurture the Branch."
1641566134,8bb4bf5e4fbfc5ecce5244c3ef392cc3ae520928d9b8a5f5fec96c395555935f,"From what I can tell, you’re already at the level of a <style=Hint_BgD>Grade I Student</style> and have met the requirements to take the <style=Hint_BgD>promotion assessment</style>."
1641611094,403a93486a7577f79562046fcdfc4abe54dd5c3d67ac11cd1ef7ae16a4f3aa93,Collect all Aniimo species in Breezy Plains.
1641611106,1e9d6554cba2220f602e4aa78d66d9321780e98d3c4069d82619a8ec01228cf2,What if I hide inside a rock...?
1641616854,c4f45c85a451b275942df88445db776ba854ec2b1bbefd889be9cf42f2aeda88,A warm terracotta brown building block for all kinds of structures.
1947859921,c4f45c85a451b275942df88445db776ba854ec2b1bbefd889be9cf42f2aeda88,A warm terracotta brown building block for all kinds of structures.
1641617699,ef6d612ccaa25000b4884846c4dc9e18c14f85f61b92bf3187470d37c77ab7b5,Press to enter management mode.
1641628963,258d17dcc549d775ed60b56da12cb762f7886e9912fe06317d89f8bc7c20360d,Water Sprite Lantern Pack
1641640521,0c349870bd94f79a7edd63d74c46b02c7e3fd44879722c6001e33b4dea46acb1,Start Course
1641661124,a0db3d22a70bac31d3dc9137b87761a178f4db0d0c4259a551c94864257dc290,Mistwoods Guide
1641672194,7b37c3143a783062cf3e1d97399115fec8f9407698fda153560a112ca2ab1a54,The actorId of the unit playing the animation
1641677501,ee9d353343b10faceef37ebd7f626497570706850cb55b32d0abf118adb79883,Wait. We’re standing right in front of each other. Why can’t we just talk?
1641679945,9ceb544f7aa6e994b43da7da863290fd3014526f50498f9be19a52ca2e76c937,Puzzle Recovery - New Blind Boxes
1971018988,9ceb544f7aa6e994b43da7da863290fd3014526f50498f9be19a52ca2e76c937,Puzzle Recovery - New Blind Boxes
1641682694,738ea7f3d5e3abd5f5e3433dda57b84b500d41dec65c94a415d74710f0a19e23,"The mountain wind blows through its leafy mane, harmonizing with its growls."
1641682773,7aaccef30228d901b584a8e42cca5d8b03f170716599d72043e17be441c5c26d,"Performs a wide-area slash. If near a water environment, absorbs water to greatly increase the slash range, deal additional damage equal to <style=Hint_BgL>{0}%</style> Might, and increase basic attack range after the slash for <style=Hint_BgL>{1}</style>s."
1641689695,0a7a4d13c2aff22926bbbb98c33c28e9f9a8485866c631aef1be80694c2d9edd,Glynsera’s ice blades detected. Use <style=Hint_BgL>Fire skills</style> to melt the ice blades!
1641697464,1a575d317c6be6249e3347b5eb7874853be6545576ccea1ace6cd72977abfd1e,Homeland Shop Robot
1903128921,1a575d317c6be6249e3347b5eb7874853be6545576ccea1ace6cd72977abfd1e,Homeland Shop Robot
1641699291,3bb4a4d5621f671e8e38708f8fe5fed3546cfce449f4c09336b2aceb01c00681,"Hard to catch, right?"
1641719093,3631f75a04c07d82bfd4ffa178f233d87b984f8c40d0e925d39ee3894457fa41,"Fight against the Rookey in 60 seconds. 10 training coins will be dropped each time you deal damage to the Rookey. And you’ll receive another 1000 training coins if you can defeat the Rookey within the time limit.
The Rookey will respond to your attack, be careful!"
1641730251,64e1b4d40d62a3ba709cf8992223ef94b027c3e1931ea809f81576aa23e4d726,"If you’re interested, come find me!"
1641743133,ac0c149109ac97116a6c00adf671258c6bd4b06b3d437be3c57e33fc02405345,A denim blue building block for all kinds of structures.
2082002253,ac0c149109ac97116a6c00adf671258c6bd4b06b3d437be3c57e33fc02405345,A denim blue building block for all kinds of structures.
482429860,60d38874f26c1b0b05d9bb5faf09e419a4fd430324f85abe1d9ad83a540ba2ce,Open 10 Chests in the World cumulatively.
1641748018,60d38874f26c1b0b05d9bb5faf09e419a4fd430324f85abe1d9ad83a540ba2ce,Open 10 Chests in the World cumulatively.
1641765457,69d1f96c8fb8f807e0d2065a1cebeec8d61a5270b3504607ddad9b5023d765e2,Beautiful Baleetle
1641787370,da265a548a5ae52eb9919321d579a9613ba97da959b53e477708f7414c66445f,Wow! Wow! Wow! That’s amazing!
1641790382,e210d747c44a32ec05cc2657a636dbb5cd9414ca68ad209f750704cc8961ecc3,"Hey, that wasn’t bad at all!"
1641790505,d324ba1aa6fdebe738b5998767b0946da054010c5451b6ab77e5e3eaba717653,Paid Companion Handbook Level 6
1956278810,d324ba1aa6fdebe738b5998767b0946da054010c5451b6ab77e5e3eaba717653,Paid Companion Handbook Level 6
1641842304,43f1a7efbac14a482ea1faaa3d546eaddd671d25c43c391447ce5989c495a56f,Select Character
1641848761,d566a61b2598de85a98e35b7e01805c2d078ef3e0c5310228a3cfc2e23fa8e88,"An excited Pomegg has ignored its owner’s pleas to stop and is rolling all over Astra...
Hurry after it before it rolls away and gets lost!"
1641870381,422be6a12c0fa7511c9dfa01907f52d2a37e856e0d076b7fc8d8ee6f1ace4068,"Hahaha, I'll get you some sleeping Spice to try tonight! Little Ivis love that scent."
1641921274,6d2d7346e1747533b6b9a62e2ac82f85f9c3b05cde683798b3c19adfc98b83e9,Ocean breezes drift by as foamy waves lap gently at your ankles.
1641957389,82aef22aadd2dc2f254dad0c43530fe631984d1d19d36526251067cadaf15939,"To beat a strong foe, we must Twine! My Aniimo and I are connected heart to heart, ready for any enemy!"
1641964108,86cd85b9dbc762078153b101f69e16a7f1bd54e78e2a6f89cae5c388df6d024b,"A sturdy blue grill table that keeps kettles steaming, bread toasting, and skewers sizzling all at once."
1982373947,86cd85b9dbc762078153b101f69e16a7f1bd54e78e2a6f89cae5c388df6d024b,"A sturdy blue grill table that keeps kettles steaming, bread toasting, and skewers sizzling all at once."
1641973441,30c73d9f7a4c3c3e5f0daeb358329c16cdf61b8e6830e1115531cfbe99b5c856,Test-Nimbi
1641993159,ba99114969442717473ccc52499e6a0d24e2829bbe844d1e52f5b47126ae9e79,Actually I’d like to invite you to...
1775229820,ba99114969442717473ccc52499e6a0d24e2829bbe844d1e52f5b47126ae9e79,Actually I’d like to invite you to...
1642000715,e9042cb9f956fe7ec5b490c234a3e7b3f92d84c0fa515bc13af09a4a0e264d58,"The refrigerator door has been left open again. Glacy is sprawled in front of it, happily basking in the cool air."
1904270676,e9042cb9f956fe7ec5b490c234a3e7b3f92d84c0fa515bc13af09a4a0e264d58,"The refrigerator door has been left open again. Glacy is sprawled in front of it, happily basking in the cool air."
1642069785,315040ca6473eeb4ef1a6b68df9c446df5b6620d0a8318a6d9f486260d8efd45,You’ve gotta understand that some of us don’t enjoy being overheard during a call...
1642077018,e9047c7782a7bc17c9e6cd842d6dd32a0bb34304c185e734dc5eb5b4179b6348,Protect Glacy and defeat all targets.
2146499312,e9047c7782a7bc17c9e6cd842d6dd32a0bb34304c185e734dc5eb5b4179b6348,Protect Glacy and defeat all targets.
1642080916,dc752bc1deecf8972edc4a8ba3a89c96be4b766943e68d82def0551778049847,Perfuming Arts 101
1798367304,dc752bc1deecf8972edc4a8ba3a89c96be4b766943e68d82def0551778049847,Perfuming Arts 101
1919402021,dc752bc1deecf8972edc4a8ba3a89c96be4b766943e68d82def0551778049847,Perfuming Arts 101
1642103973,378616a779d593154ac684a0b85b5fb840fcf510209f5a9190deed900b429053,"If you keep moving toward the edge, you’ll exit the battle, and the Turbo will return to its starting state."
1642116987,18dec328e4d0e799e5a43146f0babc849fda3cc435a5622d57d6f665fd029b34,It seems a little... unhappy?
1642174239,7b41004019ef23f0be8d65363238d7e8ccef2538601a8c0faa66e29e294a0d7d,This research project is complete
1642193890,64f44106ddb4dab44f8346c27ff9552a00595678a0976d80bc7119ca5b79387b,Whoa! Look at that mushroom!
1642246403,a8f6ced3e899da734542f132df2033a976c6cddd11ffd5396ec5bb099e22ea1c,"We finally made it to Bloomville!
They say the Bloom Festival can make wishes come true...
First things first—let’s prepare the perfume for the ceremony!"
1642249844,8537d63db622a9d88f49dd4e42ff60ec2372e8fc3b7acc2649113e978796b915,Memory■ ■ ■I can have■ ■■memories too■■ ■■
1642342138,b23ce0e47b469124aa491ba96b07bfb7b6f269f2f488e2d06e01d691bd6e677f,Brick with Special Patterns
1642389687,2dcef034594dcbbc48c7c63197678621ab1441158e8055760f31b5eab949b6f5,"During Dig In, Damage dealt and Heal gradually increase."
1642415757,5461d2bcca48fae30a16212f3383c757ee22ace53a4d88e63baabf63d272defb,"An egg with powerful vitality, found in Beast Fang Ridge. Guaranteed to hatch an Aniimo with <style=Q_4>Elite</style> potential or higher."
1642456521,725accb5a8e46d19bc3f3a7636d0860a85470fa450be7f0f6a8c7572756765fd,Happy
1799792797,725accb5a8e46d19bc3f3a7636d0860a85470fa450be7f0f6a8c7572756765fd,Happy
1888196947,725accb5a8e46d19bc3f3a7636d0860a85470fa450be7f0f6a8c7572756765fd,Happy
1642484629,090d56ccefcb6d9d58d52127e4ff087fa86c465d9632f43e8e4035361037b4e2,Affinity Info
1642523260,e52b7d91502fcda19b3cddc1d881a54b81b8127560c4abe70c3eb3863f00ee0e,Written down
1642601373,941d226805714b0dc56ac254b18f527236a62eaf59f693b34c5f8b4647ca7476,"You notice a small but vividly alive flower on the ground. Something about it feels off, like it’s in some kind of trouble."
1642633466,07dd9f49984cf0176fc3a3fa3e22931408b3f7df4315feed97f324ebcf12ba4a,Embarrassed Susuta
1642634184,554e6ec0bec97ecc209b48546b45280204074b5fb33144fa949856ab16fada6f,Anything else?
1705006908,554e6ec0bec97ecc209b48546b45280204074b5fb33144fa949856ab16fada6f,Anything else?
1642638866,65814342eb3a71ad8aaec4adec2138178d150ee3c62c09a9bee1c15f4c099586,Whoa! That was quick!
1642652367,8630bbcd2fa91808d4d798fbe97808861742ad71e31a857a7d31a6255aad17c3,"Thanks to Lady Irelia, this year’s fragrancias are blooming!"
1642680173,b8e1e717bf3f1a3983e86344aef48e47fe6f32d85aed4abfb3f238c3611539a9,Those Flutternym shadows are forming a line in the wind... Are they guiding us?
1642690069,02fb99301c04cd69ecfc3f98253e3a24d105373a92b54464958ec2d298f4b41f,"Perfumer Baboni rushes off, then hurries back again."
1642706423,2378455337fd2ca95105f9db9656c5ca21ebde3cad013bbf9874ed67a3d7919c,Hang this lamp here!
1642723341,e3fd0aa9adb9374a7888b7f9b2672add826180ad380cca6ffa47daf3f0c0e8a5,Bonesky Family Research Report III
1642806643,d52201fa4ef4b8e36800b179588ac10f9294c13bae2411d2a8281966f6e2dee6,"Oops, my Magmarex stepped on you...
I’m really sorry about that—my big friends are just like that. One little mistake, and they flatten their play-pals..."
1642940563,be9658cdbf44db542aa981730e234ae0ab1f7a2e0feabe51e2675a3acbc2ef12,Um... sorry about what happened... How is Helion doing?
1642970278,b36db1bb9198d88859e1520a7fc149c757903d9f2bc59dbdfa3dcf89a41a9a38,Slippery When Soapy
1642987395,14f63aaccb698a89b7fef229335704e56182205d45c53bc2e08614efbee69330,"An egg left behind by a little Prismana Sparkelf, brimming with Flourishing vitality."
1643020802,eae10a6ce19fd01ce45a81ad638134a096159578cd69ab14ec29138e68f4928e,"When in water or after absorbing water, increases the whole team’s EP recovery rate by <customRichText(calcData,buff, 91483031,param0,1,%.1f)>% for <customRichText(buffConfigData,91483031,duration)>s."
1643033404,6c569246c1422208406a835935067c04f7106e59c6be2efd89c624b3259960b1,"If I can hear more, I might be able to remember the whole song."
2030346353,6c569246c1422208406a835935067c04f7106e59c6be2efd89c624b3259960b1,"If I can hear more, I might be able to remember the whole song."
1643042050,fc4a3bb2ee6d362dc072fc3a8120f9d172974ff96cb4ebcb907782c220171f7a,"Excellent! Everyone’s in high spirits today! New kid, don’t be nervous. Hold on to your amber and stay close to me. We’re heading out!"
1643068710,c15462b270aa48dbfa0e2bc910b09abd81b387ab0101543c7dd456475b0ae8a0,"I wanted it to listen to other Bolties...*zzt-zzt*... and... *zzt-zzt*... answer them, but..."
1643085587,bf32604331baf62bdc0d5a8f343cbb3c1dd61a72c55203145c587dd6c58ebdc1,Aniipod slots are full.
1643117579,4174dfbec11e406e04d7dcec53ec6bed8985b03f311218a6898cdf98b030a14b,Shop in preparation
1643132115,45074359a1032f64e23a9555b9df43b4d3d8f736040643b04c3344c00901fe41,Purchase successful.
1657389838,45074359a1032f64e23a9555b9df43b4d3d8f736040643b04c3344c00901fe41,Purchase successful.
1643181658,3970b28707f7b16c3a23931bcc82aef7a821c8eddbf56157942081fd4d39d13e,Becoming a guardian is only the result... not the reason.
1643202281,2c40af0192b2e5b054a81c33a5017220eb47a8da6adb4f9b520a50fe63500294,Reward for hard training. Can be used to increase Training Mastery.
1643221046,488826a1ddc0fd5a6ccc00b776571bc990910f372edcc3782fa91c24fe95e6b5,Renew Sparks
1643224159,92de592c1bcaf15ef983cf47a2449d153e07f1b5cc17eb16ea8b0228b05c34e3,Shining Irisal Egg
1643266314,118d3fa1eef32147f949fb6b8ad3e091789980d4bc7bd87b128660c3555c92c4,The white and fine powder is made from drying and grinding rice.
1643298967,968e679e86c8c8c5f1f34ee2638e5ed50f282bb9bd41a4bdff9c64e03ec534f2,"Hehe, but, thanks to my persistence, he eventually took me on as his apprentice and taught me his rapid-strike fighting style. He takes martial arts very seriously, though... His training is brutal—he’s always pummeling me like a punching bag... *points to the bruises on his face*"
1643319716,3476b246196f75d5ac624960dad26bbd61f558ca4bbb0188783f746261c46188,Equipping
1643319945,3f06ac2b50c88d72928563fd0258a5ebc9282914ba4f7511b87a46b20885bd1c,"Breathes fire forward, attacking targets and applying <style=Hint_BgL>8</style> stacks of <style=Hint_BgL><link=""source_8038""><u>[Fire Debuff]</u></link></style>."
1643369284,ddc37fa75197bd359da9a3421028cbf71f98950e83b92a27d189e8fdae7fdd59,Processing Aromathysts
1643409972,75ae05cade2a1073f8a50e8b5d4554d6e953c4e5a8735fcacd1d8399826fbeaa,Fast swimming speed
2064780199,75ae05cade2a1073f8a50e8b5d4554d6e953c4e5a8735fcacd1d8399826fbeaa,Fast swimming speed
1643419438,2dfd8eac36c5b9899bab1dabcd2bc1940b25ca2d9c3bd1a74f51ea2075557f81,"Tree rings cradle the harvest, bearing witness to laughter shared around the table. Every gathering leaves a warm little memory behind."
1643504686,93c6bc40052e723392c51dd4b098bf531597f348ccb6d8bca6a7eef057b19209,Thunderfeather Volley
1643507079,0f5b3bbf40d4302451a8ee3ce760bbc13babd68559fb41b9a856aae91d996b42,Coinwisp
1643518739,f91e088ca7dc2ecfd84c708ccacfa4d2623046b70da6b1f66dc6ed64ace00964,Sick? What does sick mean?
1643551990,251c860c64e62f4d148e0d8453b88d510ffbb09a3becf114c21a6320ae314750,The surface bears mottled stains and the piece’s condition is somewhat diminished.
1643562711,e1661c01e1c104eb62d10e420c9a0fb8aaffd2ea559f2c7a54aa0f0faea45400,How's it going? Is everything alright?
1643573590,1b757492092b4ec4bd2fa13a2a9eaa99c1b5367b171186482773746ccac14f2f,Gifting me an RV for no reason?
1643589593,fb21c7db3f4f59fd94aa9e27f8646131b24a4c6c8541995561987ca670885360,"Glimmer Fruit lies within the shadows of the Mistwoods,
crystallizing the black of the Breezy Plains.
A perfumer used it to blend Binding Oath."
1643631472,73182ab60964cd5e3ce431b99e211010542f1e6da64ebe0a32ca24dcd68a4711,"The Institute has been researching every aspect of this world.
History, legends, how Aniimo came to be, elemental forces..."
1643633127,f4e3032b8c3d79171f9fce42da07fe5f019f7ba49320bce61b835d7bb4b09a6a,"All NPCs: 0, Character Customization NPCs: 1, Prefab NPCs: 2"
1643691240,10cc39e4eab4dc7dfe350941007be1ec1913b99d7aa3b0527868dc9f807b383b,"A gilded aura lingers eternally, its golden radiance flowing in a slow, steady cycle."
1643715424,5abdc7de311595e8d5d8006529da930e5a1b8284164c6636805d39b1bbf3b5ab,Q1906_Old Hunter
1643762005,53fae2e52666fc25f925da20f49a004e6be8d45c0412a51a770832898859f71c,"Alright, I have finished setting up the level, you can start now!"
1643851647,b352d167bcfe899d03383fcdb84f413dd2150b4477208e4709b86ac294ee7d19,Style Contest Host
2108799279,b352d167bcfe899d03383fcdb84f413dd2150b4477208e4709b86ac294ee7d19,Style Contest Host
1643869704,5ea7e5f45c20d8f04ef66530b26bc99d255a8cd7887f36ef856423270e4296de,Rune Embedding Unlocked
1643872940,fa16d7fadd42127103ac2e68293339a2be10b00ed2470c377cb922c932f73558,Defeat Chirpi
1643904385,d4fe6771dad20a3635e1172526b65a343896b2d3b4f46f5fec71dd59871d9b2c,"This section lists all the ways to consume Primegy
such as <style=Hint_BgL>opening Alpha chests, challenging the Holo-Battle Sim, crafting items, and more</style>"
1643909314,66360e14c45d4ed11ac3ea6b94f7dec29a929f3f126436fb51849affb511c584,Revives the target
1643911410,1e202f45ea68745bce241b6c11897d3bc00458aed8f793663397186efbdbdd13,Harvest Moon - Flaky Delights
1647228264,1e202f45ea68745bce241b6c11897d3bc00458aed8f793663397186efbdbdd13,Harvest Moon - Flaky Delights
1643919663,4c0a91006c0e4988d5b334b50b5134250a7982343c0d925a3d6b4c634822ecc0,Woodland (Level 5)
1937670090,4c0a91006c0e4988d5b334b50b5134250a7982343c0d925a3d6b4c634822ecc0,Woodland (Level 5)
1643936476,0d0ed5d1f93b913dcb94c51fdba6b25dc745f044739e6c6bdf1c0694ee7b8ffd,Quest Item
1747081412,0d0ed5d1f93b913dcb94c51fdba6b25dc745f044739e6c6bdf1c0694ee7b8ffd,Quest Item
1753600150,0d0ed5d1f93b913dcb94c51fdba6b25dc745f044739e6c6bdf1c0694ee7b8ffd,Quest Item
1875966463,0d0ed5d1f93b913dcb94c51fdba6b25dc745f044739e6c6bdf1c0694ee7b8ffd,Quest Item
2064056900,0d0ed5d1f93b913dcb94c51fdba6b25dc745f044739e6c6bdf1c0694ee7b8ffd,Quest Item
1643942619,b11e067488d3ae868db105f5aaf02aeb8783a0e03374b5b9dc2f8c711a8c19b9,Elemental Erosion
1920889067,b11e067488d3ae868db105f5aaf02aeb8783a0e03374b5b9dc2f8c711a8c19b9,Elemental Erosion
1643960022,cb7e0d677783e2342f8e1e4033782a9526c34fd2dde3bcc0b7182bed65d8eb4b,Go to Investigate
1643978309,6967d67b012e4a6e7be42e0b2212b02f5ea30b0adb2e2d248d006d16a5762251,How about it? Want to join this glorious Trial of the Baleetle?
1643988756,84b5cbd9d9049f8ad20cccb405502ecbf2b088b6a428552cdf8c3d5a300c3b94,"Open the map to see the <style=Hint_BgL>Sanctum entrance</style>.
Explore the Sanctum, avoid traps and monsters, and find the <style=Hint_BgL>Egg Nest</style>. You may dig up <style=Hint_BgL>rare eggs</style>.
Twine with the egg, guide it to the exit, then return to the outer island and deliver it to the <style=Hint_BgL>Egg Boat</style>."
1644013232,a14ad819157e00f368b8aa4a52b7b047dc84c0cbcb6faa850c0eab651f57d82a,Stamina Recovery
1644019639,d4a7c5c2ff29a4a58bba9f8e85846512faa2613b0bcb8d2f2f92b8c347797c75,Kind Stranger
1786453521,d4a7c5c2ff29a4a58bba9f8e85846512faa2613b0bcb8d2f2f92b8c347797c75,Kind Stranger
1644038889,8c04a8174c9be875b1bebbc7a5f1e2dab800ecd153ccfbaf6fb446308de04acc,Here’s a thank-you gift! Make sure you use it carefully!
1644047467,01a87c87ed86aa1262c913faf0cc07c7e971e131dab4d1cdf878052a1c280933,Story-Pale Bud
1644079046,c9b985330a04f67d1f549747c9b4fcf47ceea25f7e5f8d45d731cdbbff97c5fb,But there seem to be quite a few ruins around. And look over there—there’s even a Sanctum!
1644099263,13fe231cbf9f7421bccf5c36934783bd2cbbea4d0c13a3d679a3d7831f5d2dff,"Nicole! You're back! I heard you all fell into a secret realm... Good thing you're okay!
And this person... is the one who brought back Clues about the Aeon-class Aniimo, right?"
1644102122,81fce247e048b8171382cf0333c39a7e501c70eb63fc6ff985c5695443e5fb46,"Usually, where there are lots of Nimbis, you’ll find Emberpups causing trouble."
1644126521,f91c45e999667612eb4fbd05ddde982b99ebe7557f36a0e68d12ea2478fdd2c0,"Aniimo bring back Carried Items of random quality on each trip. The <style=Hint_BgL>longer</style> the trip, the <style=Hint_BgL>higher</style> the chance of bringing back higher-quality Carried Items."
1644161794,477a78275c0547a7689b6ab9ce79435c7d2d4cc556d0ccd46563a4c42650e5c5,"Really? You mean, I’m unique too? Even if there’s nothing special about me?"
1644182950,f1b383647fa782b4bea3925db2821ed527a89f28bbf28142629b9c60f27b20a2,Really...? Thank you... Pathfinder. Please give me Tucker’s vine cores.
1644197095,2b7fe4a4da0e37c76486c64c8654a3164d2d5952517f17d81d109e9ab03205c4,Unlock Badge - Path of the Brave
1644214699,aee12fa08b99079876a4b8a3a3d2ee3cb054809799f1f0cbc959e477b8af3487,Whistling Ode
1704086819,aee12fa08b99079876a4b8a3a3d2ee3cb054809799f1f0cbc959e477b8af3487,Whistling Ode
1644220817,ed7f961137af4476de43db0387bd04f153121c47172687ec6af5a949b268c955,Great! I can finally save Floret. I’m so excited!
1644235977,037e88a90c5ae601eef750a41c5726157dbc50a91d7dd3c252cec09e919cfbf5,You’d actually turn down becoming part of a dream...?
1644239079,406470d30bef9d9d30c7d16ee76c0a96d0bc6a614ae7775969475c0485baa623,"See? They’re not satisfied yet either.
They like opponents like you and want to battle again, but this time enhanced by the strongest Held Item..."
1644243488,e5edfdbca37917dfedc7eb4349f06da69d22c62ed35116adf1d73184d80d4f4f,Archival Chip - Bolty Call Logs
1644257030,c24fe054803327733d80ccff0a6fcfd10c994030eb9e4d8947a6c38d7dbe802e,"I can almost see a mossy sphere burning beneath the stars, in pain and passion. This painting hides the artist’s struggle to save himself before inspiration ran dry..."
1644266557,e95993157bf0a8b1c5b6a73673c6cf6269d4f7db5a639d9b6d44408cfb20edca,Giant Aniipod
1644275304,7670d19011369e67bd7d40d8afbc1ba2b895053341066a2736239d5299321deb,[NEW] Aggressive Investment (Costs 200 Training Coins)
1644283439,0506e7deb71619e05f22869a3b84a10cc856e90dcefb6128201029f512936d04,Eyebrows 10
1644382138,d0d7c0681cd44b1bab892356bb35f51eb7bf5ee4c9f95126818b3f324dce0dde,<color=#5090df>%s</color> stretched itself and has started to miss its comfortable nest.
1644401946,38713a12e41512bc4b98c34ae32811cd0fc221f1d5d2b2543ede660a584a2350,"Stellaryses born in the rainy season are found more often on rainy days, as their skin requires constant moisture."
1644407830,1fd8bee21fed255639d1e242e6ed5f55283b2e9f13c8d56e113901ecdd871f0b,There’s nothing to discuss. She’s already fallen into a deep sleep.
1644411751,dd52a9795384942de72948de05e24ba7fb6d49d66f9306fe7961c6e0da7f05e9,Open Build List
1644458166,672d760d66c17981e63ef0e8c5b0f8396e1b3ac167377ad9a79c42e0da7c2e9a,"A magical bubble crystallized from the will that generations of Erlath have safeguarded, bearing the gentle mark of their lineage’s survival. Successfully extract [Collector’s Edition: Feather Bathed in Light] from Operation: Egg Heist to unlock it."
1878687800,672d760d66c17981e63ef0e8c5b0f8396e1b3ac167377ad9a79c42e0da7c2e9a,"A magical bubble crystallized from the will that generations of Erlath have safeguarded, bearing the gentle mark of their lineage’s survival. Successfully extract [Collector’s Edition: Feather Bathed in Light] from Operation: Egg Heist to unlock it."
1644475324,ec60a5ac2d49e77c50466ea991c9579af8ad1ab3e5354fd0888cea5089293608,Its dance under the sunlight brings warmth and hope.
1644484945,89016ec72c581dbb31cd388c0e1411596e8762c199fcb1ae7556646b0547fa28,View Keepsakes Details
1644488068,d604f5b05a99601e2f5574bc47c2d02cbe32a6e9ff33130c5991c202422540e9,"An adventurer set sail in search of treasure,
only to be trapped in a dense fog.
Fortunately, the light of a jellyfish by the cliff
guided him to safety."
1644540959,af9280b83c25c7bf2f1b05cf4d87ab4b3f49541ab044814ae91fc602b4e8d83d,Select the chat channels to display.
1644548471,1fac7ba5f611c99d3166086b717e9284604887685f97f31a3804ef4c17b8476c,"Good friend, want to test your strength?"
1644551092,3e76bf73ffe364d2b9c05f418b0dd4806746d1c117942d318fde9d447d24c05c,Ah! I fell asleep?!
1644585998,a2752d47184f1a7a5ce1cf79bdb6448dcfab7cc036b28f61634ee36b50b54adb,A timid helmut ordered the Brave Pack from us to help them beat a jawling!
1644587624,60e143c84546f36b07899bd6bb96d415b016f225f30ba8a0b819bd1cc6b19d19,Undeploy
1644605886,c902c9d385b1b9c55d58d3a79d2cf4d65590d0cb49ba2a543b70c0303b15abf6,"Legend says they take on this cool blue hue from being steeped in moonlight. When the night wind stirs them, it’s as if moonlight itself flows across the land like a tide."
1644639389,4c7ebe3183ae9928a5a74148cd93ae8acfa6e3b90bbbc417821bf93521a86109,"Old Inferlupa’s Spirit Dust. As the dust settles, its fighting spirit rekindles."
1876063223,4c7ebe3183ae9928a5a74148cd93ae8acfa6e3b90bbbc417821bf93521a86109,"Old Inferlupa’s Spirit Dust. As the dust settles, its fighting spirit rekindles."
1644671709,66952897750ff36f34a3347069f323f37a0aff711e1389bb66ae4042ef18d843,"Right, I haven’t introduced you two yet."
1644672621,282637177ad5a1c7e1f17aecda8783712a7d70c292a21484fb156393c08bda4a,Tidal Essence cultivated within beach seashells. Use to fully restores HP for all Aniimo in your Roster.
1644726870,7318d7705ba99d586b83185594aecafa88fe42320e85502a8b4d1e263f7058c3,"The frame is stable, and once unfolded, you can sit comfortably and enjoy the scenery."
1644742894,edd13ce2c6ddd1a7acdaa249cc4b463649d0ffb6f742e6df1ee34f01fddfec72,"Release electrical energy around to ATK targets, dealing Damage"
1644761837,db2547e03b31fc530f9207441c1284cdab4cf7f3c9f97497bb5cdc2fa9fa8160,Load +2
1809993947,db2547e03b31fc530f9207441c1284cdab4cf7f3c9f97497bb5cdc2fa9fa8160,Load +2
1644770623,6e4cd839e4682e0b766a509e6f520f4986be5d373f85325145b2b9c939cd42d3,Instantly Receive
1652557351,6e4cd839e4682e0b766a509e6f520f4986be5d373f85325145b2b9c939cd42d3,Instantly Receive
1644793316,74a1011753635b29eee766214ae981ed32aa7d688b1bbeb45024d48233ebd1e3,You are on different servers and cannot team up.
1644892538,0a6da01e74484f6b519bd6ce768e45cffa3fc1311e7fdb2c0159a23321b03fcb,Current Download Progress
1644900723,13ae7779d57829e03def2b80153e1dc50374128c076ec40044af8bfc95e3dcb4,Special Effects Multiplayer Environment LOD Downgrade
1644903718,98f7a625012535faae319a688a2cb3524f89ae8640a693a647b74adb76a65f61,Extreme Output
1644924646,ca487396dc4c7bf6160642527d7d037a5e7651d4e63d3d9a0a25b920c9175614,...Who are you?
1644941404,e7c8f0e5c8372c195c6fb1063963c0e3042bb23ba892f9a876344564489c062c,"In any case, congratulations. You’ve successfully completed your first task."
1645026641,358cc201f87d9dc9defd3eac467a62fae720aa99a76be8b98e0fc9b3893a427d,Operations
1645048516,1c8e275aaf6fd8485c05159c8c5afe5a56f1e210cdc134822abf132dda470aeb,Tell the story of the Ghost Glynsera.
1645133282,640153e98d9f85198b81439310d8c5886f6d760ce28f6e9ef5f3b29dc1ef4446,"What is freedom?
The wind may fade, but the heart endures."
1645136737,c9a2fa0afc8ed78839b1178e40796e471b12100186267755f65363441bc8e55b,Hardwood Inclined Pillar - Maple
2020776493,c9a2fa0afc8ed78839b1178e40796e471b12100186267755f65363441bc8e55b,Hardwood Inclined Pillar - Maple
1645171084,a6cc97ac8bb3478c27ea37e0c359535b5723646f64c783c7048f8238f144cc5c,"Look, that’s where I used
to live when little...
Now they call it Old Town!"
1645173207,9ac13371c783e3c5ed582eaa11b7184bfcdf8ac8f36dbd784b27f37a0e946847,Leave Holo-Lab
1747877054,9ac13371c783e3c5ed582eaa11b7184bfcdf8ac8f36dbd784b27f37a0e946847,Leave Holo-Lab
1645196820,232f356035104ce74f7a46d54e114f123f714cf6175c68e7dd4d1b068040a685,"Page 1
The first day at sea - I’m so excited!
Legendary treasures, here I come!!!
————
After five days of effort, I finally wore down an old sailor and discovered some information about the treasures.
A long time ago, the earth was shattered, and many treasures sank into the sea.
That is what made us, the seafaring Pathfinders (we’re really marine treasure hunters), come into being!
I have always been a lucky man, and I’m sure I’ll make a fortune again this time!"
1645235898,4826f4d30d628c75a5c8e8c386f59af807a0093f2e5099b23b84189804219f5d,You can unlock new Pathfinder Skills or change your equipped skills on the [<style=Hint_BgL>Character</style>] screen.
1645242760,b93270d913c03312aae3d683ff1ee2dcd4e0b5569efc9b40fedf1e1e8121d75d,The friend has canceled Illusory.
1645245511,a9c00a7cb5eb5937cb30538ac55a5a5910d0209f275e44dd844033ea441bf52b,This will erase all your existing makeup. Continue?
1645274412,ff15234ad0fd53de740c25304187515d49d530fea2151eac484cacdbb70340f5,High-frequency Skill Stage (No BUFF)
1645283451,675837d871fc87655b35710d3435f4bf9807df142adac3f795157e409771a94b,I learned a lot! Thank you!
1645288117,c917160507db7412f142085fcd86aa01ed1cb3afc1fe8e3a9b78922924c7ecf3,"The Bloom Festival, along with Zephyrsong and Flamalia, was first held to honor Aeolus."
1645340113,5970bb783bcbaecbf73c76213bfbe2a6d9a860f64b0bebac5c08a17bdbf59ab2,"When in water or after absorbing water, increases EP recovery rate by <customRichText(calcData,buff, 2119102,param0,1,%d)>% for 10s."
1645340638,cfa70d64a48226d4b667f0a25442e3ab81b6195268ad85acec3f6e909669394f,Placed
1645351682,bfebee67e3966287006d49f7dc62262b88c1f421fd604178e55aa70d7b732aee,A bookshelf used to decorate your Home.
1645395017,f4e49806ce0334483d14a646f63002bc6613f6d7f4544c784a8a109c5a92136c,My nice dream!
1645399088,04895097f31c126979324302ee22af2496bbb5d6d6ad07a7406278d03fd32ead,[Alpha] Gale Guard
1645429878,a64abfa6f5a1ed38cd4d465242dd612fb4b26a3d71ee624c54cd246700ac88c9,"Reduces Wind Resistance by <style=Hint_BgL><customRichText(calcData,buff, 2118409,param0,1,%d)>%</style> per stack for <style=Hint_BgL><customRichText(buffConfigData,2118409,duration)></style> seconds; up to <style=Hint_BgL>5</style> stacks."
1645452760,3c4da4b7057bad9a558221d8646b102a44f935fa4a075ea03288abcc8dbde8d9,View Aniimo Projection
1645474889,d708b8668f8dc33994b57bb252945229289fcffa08f2db09c76093ce4a9ee722,"Aniimo in the [<style=Hint_BgL>BREAK</style>] state are easier to catch.
Press #kHud/Interact#z to perform a [<style=Hint_BgL>Quick Catch</style>]."
1645478896,a752930a9fda518db957a88e5ccee5b788c6cabb7b906dc483af478b8406cb6d,Defeat Senior Wendell in Challenge Mode
1645479163,a3f943b0942ad0d3ec07ff71134b6f5ab6d166d577f30b852c4f1fc22be53fc7,"Aren’t they cute? So tall, so big, and they make you feel super safe!
Huh? Looks like my big friends really like you!"
1645496059,46f59dacb1937c99cbd9a46b396e4f64c10a7035dc0d00b2598967f887955b9a,The traces of falling petals mark the path as you walk.
1645497623,245c6461ec574513e0233c3fdf56e075367fc19c67a1c0d33469b0842a8e986f,Moonview Pollen
1645499808,839af6d39ef37d870ab7393e5bf82403ff5f94a0ef63f618e6e10d3bf6702109,You can use Gravity Pull to <style=Hint_BgL>remotely manipulate</style> specific objects.
1645500305,1b9f5c70a39bb37d1c27785366e66c16e3c5a7c01fe9784361e230b817606e01,Vaulting and Climb
1645529903,90cdebf7c551516ea8650ef5482d7f87da37b85876aa0511e70e4ed05e42150b,The team leader has left this world. Do you wish to follow them?
1645533962,5c971186fa69ea116e9b006ba593647ed289e14ef1939ac440b927e9c365f938,If only there was some way to make it brighter...
1645650223,1511ba84e258dde862c7b899cdab6e2bdc16f505e700efc3114758e1cca2c67c,Alpha Lunara
1684000245,1511ba84e258dde862c7b899cdab6e2bdc16f505e700efc3114758e1cca2c67c,Alpha Lunara
1645664400,dfd552e97a75e0bc02d8f75eee23097f2d15dc0a19c1c4f30fa9c18af2b957f2,"<style=Hint_BgL>Temporary item. Usable only in this game. Cannot be taken out during extraction.</style>
A Protective Unit chip that slightly increases Stamina recovery, helping you avoid getting winded so easily."
1645680304,f48f30e583c1955e614ebf274b83759ce2b17128adec952e509271ab4aa000aa,Palm Fabric
1645706318,db702c01022881272d1d31a84d15390ea9a8ced54f6f705110c9d2d1b025a3bf,<style=Hint_BgD>Complete any level 30 training</style>
1645717497,1c0a32cb377aa9b5edb87214d7e26cf1fb3bfe16d0c8ad255a76d8b356d8c9a8,"Yes! Shelly completed Sherro duty for the first time!
One day, Shelly will evolve into a Sherro and protect everyone!"
1645718608,f1681d82bebc0724ce7fc9e873c025b011268a998429478cbdff7d2cfafcb111,So you were detained here to tend the fire?
1645746679,5d5497989abf77923eafbd62b4594688fc1c31aa57eec8fb066bc26c9147a348,A food display for your Home.
1645770679,d6bfed6a335e6b802c157ddfc859d9ee9239e6fe005a5d5e0df0d12add6af564,"A crystal formed from pure elemental energy.
Rarely found near Veins,
Always guarded by Aniimo who are drawn to its power."
1645774381,a831ee7ee8b11ed9ea85ae14186ba171408ec7e2f744817198a70cb5584b8210,Whoa! Careful now!
1645799511,2d69cfaba6ec2e33c3f2cb63b9fcd7fc6b2df8558d5cd499ddf42efaf39a5f07,I’ve heard there are Nimbis floating around near the Branch.
1645825731,ea2d530ad69bd38908d3ea163f78cb0ef524648a3f064c05cfdbbd8a91f2f7c4,Astra Square
1713246322,ea2d530ad69bd38908d3ea163f78cb0ef524648a3f064c05cfdbbd8a91f2f7c4,Astra Square
1645902544,41e173a509763bd03db7fa663e91c9a1b781ff577b88d82873e91627f598fdaf,Garden Court - Rain Boots
1974958053,41e173a509763bd03db7fa663e91c9a1b781ff577b88d82873e91627f598fdaf,Garden Court - Rain Boots
1645903940,1c0b16a18b106cebe06f10a59890afe5de5ae3a9fb0cff8d502bee8b78f644aa,"Blue returns to the land, born of bittersweet bloom, listening to snow and sorrow."
1645935133,13e75fae95dd4785b600bc8f9d6e8a2b2c16f8f00b630b6d52f4e6499b9b92ec,6d 5h 30m
2126193555,13e75fae95dd4785b600bc8f9d6e8a2b2c16f8f00b630b6d52f4e6499b9b92ec,6d 5h 30m
1645995859,7d986569fae3ae19982fad23cb7935574cc399abf531305e670216c79360a397,"The Aniimo’s Energy cap increases by <customRichText(calcData,buff,4004090,param3,1)> points. When Energy is below <customRichText(calcData,buff,4004090,param4,1,%d)>%, gains <customRichText(calcData,buff,4004090,param2,1)> Energy for every <customRichText(calcData,buff,4004090,param1,1)> Energy consumed."
1646078704,fe980716be4015fc05f357ab57606b4d4b56d8b37266776e7e569285bb087917,Flower Dawn
1646120729,09bfbec04697c3c3ccf83ed57f8fac48db97e38dd6a585498e5230fe38139745,Receive 3 random [Defense] holo-gizmos at the cost of losing 80% current HP
1646126927,977e351d324cca7217cd20469582b0601f64e63782d63f5e75e973e64bbc9dbe,Youth Dreadlocks
1646151070,a06fcdc7f6f642dc1c08f94f8d517d0d438d357f4bdcca1a08501af65e5d5888,Dewy and Iris in this area will be friendly to you.
1646165957,c43ee7b47741f9cbff664594cdeae2310ae751f418b72080d0b0b7314c9597ed,Silent Pebbling
1984631781,c43ee7b47741f9cbff664594cdeae2310ae751f418b72080d0b0b7314c9597ed,Silent Pebbling
1646181400,3d5500c1b66eebc3d1fe54e5fd0373a17c8dd558adc623b5416345d2d9f755c6,Elite Stellarys
1646232999,24c88b2127027ad38398b8743f0377ce0077dfb2af81e11851b46a317070ec89,Ah! Not Selens—Ron! My friend is-is-is Ron!
1646287739,0dda0cc1c917ad224c074d1462dce9be82ad0222a26c60e573e45de71626441e,Own 5 Prismana Aniimo
1646336223,a0566820f16812985d3293a0ba12360b3bd7a16c1bab5ae0ed6c9a265b9ba298,"Yes. Haven’t you seen that Irisal?
Your little Iris was even more colorful than her back then."
1646349625,d07556fb945d1d17f178c502f9d44ca628af748dc8d3ff761a9cae5dadef0e95,"See? This is the power of plants.
They seem delicate, yet they stand equal to any Aniimo, don’t they?"
1646366435,604759a975ba701292a79717d395c8186c74be41d260e4283bed9cbb2bb1b216,Start Now
1646387304,eff8c335090927b44ba59edbe7cfe68afa44e216c6623ca74166ffce02a1120d,Infuse energy into the Breezy Plains Branch 5 times.
1646434740,b6cba4785e63e0da95d0451b70f3f55bc9c99856abb2dfb09084d97d3b41201d,A charming finishing touch by day and a comforting little light to keep you company at night.
1962016270,b6cba4785e63e0da95d0451b70f3f55bc9c99856abb2dfb09084d97d3b41201d,A charming finishing touch by day and a comforting little light to keep you company at night.
1646465324,c44b276e6b89181595c9da1b8d0e1ae0d6b00f4daa8e040d244f4f7033491056,The Infergon didn’t just like honey cakes—it remembered them. There was something distant... and familiar about them.
1646476114,73724bbefe5e33f0c992cfda3db1e8e92511b6f315951d154438d243cdaa8c84,Pat Head
1646508302,050b6977e8d2c61bb6c3fec3c5bfe1247f67ab906ffffe5b51db1b5d583bbc82,"Mischief comes naturally to Bonesky, but disturbing Glynsera’s rest can earn it a frosty punishment."
1646567758,6d10065bf4269015d66319e2202ed185bdb00f30507a8beb81f115127a476e34,Relax
1646582313,564653c686da08ebf1334c537ce450e2bc282466153980a44b4f8f9c3f97e717,#Zephyr Coast Thriving with Life
1646588644,c323512d4bfab85f68ae95e2a535384f785bb710eb40f2137b1aca46ffbba72b,Blend in with Cozites undergoing synergy training
1646596973,d2fd9d234aebb80172e6b311d123ddebbf487d3f644e2eaed83d53e3871f0920,We’re getting ready to turn some fresh ideas into toys and bring everyone even more delightful surprises.
1646608217,a75e7aabac7f50ba1ff66db4e1bc1069976a5dd5b6827bd5667ab99d06075fee,Blush 2
1646632420,da86479879fc453fe20b63c91291384ec2c53cf6638cdcf3c108f2a09dfbd8e9,"The moment Tucker saw that garland, he already heard it,
a call reaching across a hundred years...
not ""I’m back,"" but ""I’m leaving."""
1646637426,b2786c5106c689e6996cbbaee11ffde5543def845517ff6f9a47e63c0b449656,"A few curious Susutas have appeared at Echoback Landing.
It’s said they’re looking for <u icon=""Symbol1"">shells taken from them by Sherros</u>...
Strange, why would Sherros take their shells?"
1646660495,3d32195a53deb4af861e3611528cabc5168e8e17301e5c87f821bacb7ad17d51,"For every 10 EP spent when using a skill, increases this skill’s damage by <customRichText(calcData,buff,4001020,param0,1,%d)>%, up to <customRichText(calcData,buff,4001020,param1,1,%d)>%. Can trigger up to once every <customRichText(buffConfigData,4001021,duration)>s."
1646675045,d1015c31f8eb12d7e7edc56ee08698acf9bce4902e4f89b5a147c972873aace8,Twine with an Aniimo
1646702988,506a22b4aaf31494707538a6a307f83fc88ceb3990fb5018cec767e72130bc75,Home Gift Chest
1646727725,5a30a0b81245fdedc501ffcbda26b35b838249fb7c6c19f4876a866431dcaba0,Copy Offline Home Production Simulation Report
1646763883,57adab09145035cf2914a4daa04a484c0438f9a13ad4f9fa11345f4c99145cb4,"The [<style=Hint_BgL>Aniimo Management</style>] system has been loaded
Now you can manage owned Aniimo"
1646839364,ba8008dbfc0534efc9f6ec8f2c0d339b8e49c4262787e04b9cb36e157818d5dd,"Example phrases, filler words, Twine words (placeholder)"
1646839599,fa5db6c6658605963baee1af2e802505d89aea535bb6d28b0d215f694ab547ae,We introduce ourselves to Selene and explain the purpose of our visit...
1646909268,f77523a83903a2a6db638c56d565ff7c8e4171ad425582f7cfbc08e30a570691,UID
1646974576,1776163f6e8f4090939ca5c1975cf8a4e2ec8038c2b7e801a13a14f4606cb450,Individuals larger in size than the average Aniimo
1646983413,ebb043c6a76e56c0a80cee4ba8f28b44f58afc78f80e6e22e65f92616bd767c4,"Heh, what lovely phrasing...""Merging with the Vein"" simply means being consumed by it, no?"
1646994243,ea25e0b4889a7b09055312e49ea561451a512dc804304ffc50c112d2b42490fb,Complete the first currently tracked Quest/Quest Group
1647001493,ffb479ee1ec40e0a513c5a4c3c2fa31f3fb51147a6c45426c4b94ddc98dae154,That sounded wonderful! Go talk to Judy.
1647010752,c9e33ec970aaed801677794f24ea7478c3b186e0e6b83dec8dea89c43db24e38,Pupils 15
1647017347,6bbf1181ebb7698b68cd68b1df9d32078f6a195c46e1320065c736b8a8ed9fc8,Defense Training
1731193442,6bbf1181ebb7698b68cd68b1df9d32078f6a195c46e1320065c736b8a8ed9fc8,Defense Training
1647036780,baf2cc4979811b1547f3b968fc627e4de5bdb89ffa0fee8cf3f38eb23d216af1,Bed decor for Homeland.
1736302438,baf2cc4979811b1547f3b968fc627e4de5bdb89ffa0fee8cf3f38eb23d216af1,Bed decor for Homeland.
1647039296,37794fc14edc1d861f1a10c31524281867fec1326532c4f55f23ec6ad7046ddd,"A cute height-measuring pillar marked for Aniimo, recording every little step of their growth."
2040409432,37794fc14edc1d861f1a10c31524281867fec1326532c4f55f23ec6ad7046ddd,"A cute height-measuring pillar marked for Aniimo, recording every little step of their growth."
1647072718,ab89575496284713ecf73789015c5c9d89fb7f2f85b2a9324ddec72f5e524e78,until reset.
1647088088,c219e8823f8097b720ec3335f579ba3af66e8d16190ab042055de7945552bc82,"Words of the Wind
With the gentle breeze, this is an ideal place for meditation."
1647102223,c636317cdd0adf266262a6d9c35de9bd26e742d0c8e441de01a1b300210d050b,Undefeated Warrior?
1647108373,2376a4ba46d44312f2ae7623b8627066d251febc14df3cb5aec416eed845f5cd,"The text `""+99""` is not a piece of Chinese (Simplified) text. It is just a numeral and a symbol, which has the same meaning in English."
1647136720,77641ee6e36c4fff5e2bd010cd7cb888fce32dd7d0ec6a69e6645d459bf2eca5,Annihilation Bomb
1647146514,769c604032a7118863e5127eb0d6f632ea204a65ccb19c0589827b648c0a92eb,"Pippi, why did you wander off by yourself again...?"
1647205764,902541c894f5c18e4f33dccfd689e6fd4fb64f60e58316756e9a55df7f93e008,"Greatly increases defense against <style=Hint_BgL>targets on Chaos and Nightmare difficulties or lower</style>.
With a chip installed, <style=Hint_BgL>slightly increases defense, load capacity, and stamina recovery speed</style>."
1866000428,902541c894f5c18e4f33dccfd689e6fd4fb64f60e58316756e9a55df7f93e008,"Greatly increases defense against <style=Hint_BgL>targets on Chaos and Nightmare difficulties or lower</style>.
With a chip installed, <style=Hint_BgL>slightly increases defense, load capacity, and stamina recovery speed</style>."
1647205930,1cd5544f8b97f4a126bd02fa19c0168adf83da7d670569b5596c96e9530e7e40,"They wouldn’t leave the forest, so they’re around here somewhere!"
1647214532,8e936007ad6ea71abe39eba39616afd1f5c79cc61e6bd878b22f5f41e39a0d69,These stones seem odd! Maybe there’s <style=Hint_BgL>something hidden</style> behind them!
1647287282,c27aa563039e7fea022c5c335b97c50326d78f5c24ca0244efe416db81b9e5e6,Look! That strangely shaped Celestis is throwing starines into the river! <color=#d89c28> Hurry up and catch it! </color>
1647305330,dcf2981492f4f98055ef54f85f1bf94e1823d34721073a0d14fa7effea4bf7b7,Is it admiring the view from on high for the Melloblum?
1647320604,368ab35c86ac29c65b634bb911bad38534cb868dd32247af503c5b1ab67b6dba,"Miraculous sugarcane with triple mutations, enveloped in a rainbow-like glow and sparkling with dazzling spots of light while having exceptionally large and juicy stalks."
1762985995,368ab35c86ac29c65b634bb911bad38534cb868dd32247af503c5b1ab67b6dba,"Miraculous sugarcane with triple mutations, enveloped in a rainbow-like glow and sparkling with dazzling spots of light while having exceptionally large and juicy stalks."
1647343672,d82f5c44c0abd89b7470f583ea4bcc74e8c3c11b56d389699c5b17ab758784b1,Help Aniimo Level Up
1647356444,9cdaa5b1000d618f3b28ae0e7a3e386961cf3bd2d89d7dfd92802e3d68ad2ada,"Kind-Hearted ant, come check out the ants' castle! Doesn't it look even better with the Mushroom Light tower on top!"
1647371790,27b2666b5137a60465976f6adf32d34e92fd53cb6922ad8059b658886d8ea78a,Natural Boss Energy
1647391790,359e3c2f1b711a85ee0d3aa0c1690c3c7ebe37d8fec2f1d53ac7fc0bd387b72d,Hmm... time to steal some new moves again.
1647422035,21ecb59ce87d54fa20660fa707cde93d0c7d6316c2eae5be6a8f9b7959fd0350,Healing Feed
1647431780,e297183dd73aed6c7ee47377a807a9f077817aadc148e48d2a49944f8be8c300,"The moment we twine, we connect spiritually with each other."
1647438744,9e7e84ead70916889ce5c42a5a7dd6f72b69e0369401080bbadd1202feb8510c,The Hummins transferred their HP to Tuckin!
1647439551,f27dd269730e372b9a55903a652f2a0c6747f8e13496168a8ca7e6d5af820030,"When exiting Tunnel state, gain Damage reduction for a certain duration."
1647458968,58f56549f47f1aedc2ebf295ea7f5bef578b48471e8d8ad5129854399014d8f0,Item Reissue
1647476778,e05e5db7745de2b8949466212beb99d288bafaca73a922851141950bff07a714,"A beautiful shell that sparkles with starlight. It once protected a Shelly, but that Shelly no longer needs it."
1647478240,89f4c4753388954321428f17a1787bfa9f0ea5fd78682ce9c845f5deb2ecb06c,"Obtain the <style=Hint_BgL>Gold Badge</style> to unlock <style=Hint_BgL>Prismatic Energy Resonance</style> for the area. Wild Surges in this area will build up Prismatic Energy more efficiently, making it easier to attract rare <style=Hint_BgL>Prismana Aniimo</style>."
1647506690,8dddd7bde755171b1449fdc2558e893c7d595b0f9ce98161139ec21eb518ac6a,Cannot enter the server right now.
1647507703,98ef93bff3f229b616e6980e99f3540751f7029d317f81af3223825c250452bb,Ancient Explosive Ball
1647511756,7f77768c6ee21ac6bf8d925b0f33aa6ade507bbf6248505754e34f124854b6ee,Heat it up.
1811847795,7f77768c6ee21ac6bf8d925b0f33aa6ade507bbf6248505754e34f124854b6ee,Heat it up.
1647550232,ee0df5a706a02ae8031550ff08e1ad33f95ef726d31e465bf10846abc93122e2,Select custom markers to delete
1647555206,51a4a6c33a0434b0f6260486362c1e34122fc4aaa12b642b19f8e0291db4cc0d,Hello Pathfinder... are you also heading for that structure? Following this plant supposedly takes you straight to its heart!
1647564678,00990402b2b4ad138f310aa791c89e9cf1440351f1fe3db8b0176e997c119b97,"When consumed, increases the max HP of all team Aniimo by 5% for 10 minutes."
1647568297,161b344dff566b66d117b796b5c0804393a2c3490bee53a4bef5e66c9cd13cdc,"Therefore, the only way for both us and them to coexist is to focus on our similarities rather than our differences."
1647609989,1f4dc0b260ed4fbfee663bb4c9a9426a07461eb1346ef11cd926e85b38b149b8,Emberbud Aromathyst
1647668875,8d09d30bf466dbfb896d9126c079cac45831ab8c2312017488aaa7ecb3c6cbe3,It’s believed that the beautiful bracelet woven from cotton thread and palm rope can bring good luck to its wearer.
1647673067,42f2c51d896e6f6a9476c687e18deb1c3fd57b2362e503fbf1f56b6a37f3dbe1,Perfect timing! I found a Water-type Aniimo with incredible cleaning power!
1647674164,a535d4b4a90bc914056f10ee98bc1fd159b8ab392b16741a46726b54211da249,1 Report Card used.
1647714562,fb4270f08bd0390e93f593a5985e4ff682d35b15a66a6acb1fa98988cfb7c0cd,"That’s right, the feeling of having an argument!"
1647717816,d9fef00f669489855a48e03e17ed3ef778537a875f06fce227a45ab412dcf7f4,Take a photo of Dewy collecting nectar
1647727918,78946bf51e1980868adf80f11d9a69ca6a386e9cb9c0081830dafd9eef5f8090,It’s a team of happy Fentuft. All you need to do is be happy!
1647826605,afd59f28500835b1fe32b99fd7467fe18ba619b2c440522cbdc8209a8c45ba16,Trampled Blue Cap
1910466087,afd59f28500835b1fe32b99fd7467fe18ba619b2c440522cbdc8209a8c45ba16,Trampled Blue Cap
2012131986,afd59f28500835b1fe32b99fd7467fe18ba619b2c440522cbdc8209a8c45ba16,Trampled Blue Cap
1647832515,2e7d768d4486c568af3e26c0e14e849af8f691c85d8079a636f237f5c6888300,Overheated
1647836124,298587a69374432a454ab9bbba98007d3f6dbf8ed25bfe95f8270366ac881e02,No wonder they call you the Institute’s rising star! I feel like <style=Hint_BgD>Fulmintis</style> suits you better. You can get it from the <style=Hint_BgD>Companion Handbook</style>!
1647836133,6222b3c162b05c7f350933d17da25e85363401b61f8a9858c9441ca639d49814,"If you have any questions about this place, just ask, yo!"
1647838412,6516a76dc8fbba04e6d31fb0e9b8183acba717f1f32fcef1e3f6a814bf2c2586,Select [<style=Hint_BgL>Crackle Power Pole</style>].
2021487589,6516a76dc8fbba04e6d31fb0e9b8183acba717f1f32fcef1e3f6a814bf2c2586,Select [<style=Hint_BgL>Crackle Power Pole</style>].
1647863446,6d268bd467b66f20671be0a8bc557eaca73da69d42fbda1dcd2948c43a10a779,It’s pitch black in here... Let’s keep moving.
1647930807,c035843bd801b940bfc2bd85bf607276283005f589c908f8a93793559b473e76,The promise to meet again
1647933413,9d11beabbf1fab834428ab7dd989f40d4d75f84de271993eb945c28b3424179b,(They’re talking to each other?)
1647957333,9470b30b527a81b3dca30e6a052fa49280ba244933e87452c44f95c97989c7fb,"There’s a giant creature over there, though. I’m too scared to get close."
1648058421,17cf684a9d5a74c1e9373e87d6016ad66102ad51e5de714c8854a18c2ef717d1,Defeat Aniimo in battle
1648068143,e7809139b722ea01496b7eda5736f13bd373a4e0b7e8f236bf7e4f394e4e935b,I’m watching an Aniimo battle! Leave me alone!
1648074097,44845309d4581ebc159c86a8274cf3e6b73225f153876b58d4b471ea1923e184,"A vase of wheat whose coarse earthenware echoes the weight of the grain, celebrating the rustic beauty of a natural harvest."
2136027430,44845309d4581ebc159c86a8274cf3e6b73225f153876b58d4b471ea1923e184,"A vase of wheat whose coarse earthenware echoes the weight of the grain, celebrating the rustic beauty of a natural harvest."
1648092693,ee4909fa4388b24ba9de40e224aa41d490ca36612741f523f95abf1967498bcb,Twine with Flamerion and approach Hummin
1648124300,43b3748dede0d3301249ec356e12aa78a9de4b796af27c783bdfe145104c1005,【Test】Catch Aniimo
1648157290,e77636c1d085c8de840f112d2ae1fcc736cdfaa827f2a3a05348ebaa1d447591,Death Catch
1648168236,20a3e649570482a7aef04c9e9cb559c56473c1774a2843372d6b50dbde412284,Can this really be used as an ingredient?
1648211332,b9f1548166ccce36b171c407370b37c1f6d9f0172bf4cc9a3e9d20c4e5b88270,Oh no~ oh no~ we don’t have basso ~ We need ~ another member ~
1648226521,d1e588bdb3105cff5f796f8b56cbedb2b74a8bd1d143b883c18f929e49eac7ad,"Pretty smart! Put out the fire, stop the wind, and the chest drops down."
1648227743,1e7c113ab32870d2ded1a63912d38c0f96045f784bcf01e531b36c9aca8a489b,Youth Bangs 2
1648258448,e574912dd2762624119c39241cd653d658f9485a72c6ba29ade3780e1651cb74,Cuteness Overload
1648318617,b6f3cc268b4a88336d9f6ee65fc8fac9e6529e9787f3c3d5fda1cbc3c4efc8a4,Hey! Is this your mud ball?
1648341653,f02a5c08e018e5a6ddedfaffa086d38a84cb982adb4af067f2fac25e4e0f234b,Free Companion Handbook Level 24
1900448566,f02a5c08e018e5a6ddedfaffa086d38a84cb982adb4af067f2fac25e4e0f234b,Free Companion Handbook Level 24
1648341926,67c9e17b2199844f4ac371ec80acae8eaa6e0c2bfc531233650a7c68b5b13ad9,Operation: Egg Heist_Single Team
1957050223,67c9e17b2199844f4ac371ec80acae8eaa6e0c2bfc531233650a7c68b5b13ad9,Operation: Egg Heist_Single Team
1648355274,868f59f405f63cfeece8af1bd2cbb5325acf417ec743293ae349c7691b069e85,Adventure Loot
1648370417,03a14ac511d9ef09d351f950e6ac2547acf0cfa45b6e4cc04b2a2930d0d5e226,"Reduces Earth Resistance by <style=Hint_BgL><customRichText(calcData,buff, 9143304,param0,1,%d)>%</style> per stack for <style=Hint_BgL><customRichText(buffConfigData,9143304,duration)></style> seconds. Stacks up to <style=Hint_BgL>5</style> times."
1648373190,9a8ca2d25277800ad0a343d87d2ce74b993c077f77a5b0810c5ded917bccc4c4,Come ■■ with ■■ ■you■ ■memories■ ■■ Yes.
1648378534,1809e49e03111203e2b49ff0772ea71cb68e88a8f18f3cd17ab53ff53b641ed1,"Look at your full belly, it’s round like a drum!"
1648420200,b74acf885c3c2b5c885911331fa135f2f70b02becc18defb37add1256f377269,Press Repeatedly
1648430474,4b7b7a189fed2abc8629408b8caf5e22dae78adfee09dcef3d274eb0421db3ae,"I came in when I heard the cry for help from the spirit, it’s so pitiful..."
1648432247,a5e45db5f3ab27ea5e6289c04d6e9213f22dd1abeeb5629533b94601cc603e39,Furniture owned: Pink Bloom Trellis
1648458165,269b3e85302f1813e2d40f4cb882920fa6d467795abe70eb365d9d5177227652,"To help a Susuta confess its love, a customer urgently customized a variety of gifts filled with affection!"
1648468116,1e7cf8df9b6aa46c6aff58a6b6713c4205062e90a4d1d537a6d6185332a54f0e,Recently used
1648478589,cabf4b6133ed90cd225131372c6879b492dd58948132a5de5995442133ed87bf,Current time period
1648479392,cf32cf3193c1547321f9fa7ce9bc37152c163667ce7218d38034538b9b5ddbfd,This is a placeholder text This is a placeholder text This is a placeholder text This is a placeholder text (Placeholder)