1888199055,b380a3c748f2a62def9d3de3a8033a302302801bf6b35b7ff7fcd864387d17fa,"The wind brushes across the plains, gently touching every living thing. Follow it into freedom, and travel alongside a world full of life."
1757768239,b67ed19687678246c7c697742da28cdceae24b6ed15e34cb34702c5d1ce2eb68,Q2608_Bloomville Square
1757773855,a422dd2cbcf32651546f6cba793a80b8bfbc97ed3256b234462d2177e389067d,<style=Hint_BgL>5% OFF</style> Lumin Crystals
1757796629,6e46810a79ae7dc51f32d1f090ec3385041a511145b02f0c7a862cd53f563884,"The mushroom is flickering, it looks so strange!"
1757830330,39a1865da5275a38bb1451a2888465700a1b930fa0c6962f37d95498e112ec3c,Power Smash
1757882655,019889a8be43241d2a4d748b181002c83ab4952a5c50c5b54c1cd1685cc6ec79,"Unlock <link=""item_4020044""><style=Hint_BgL><u>Quick Recipe: Coconut</u></style></link> for <link=""item_4040021""><style=Hint_BgL><u>Woodland</u></style></link> in your Home."
1757950991,72eda5cac2299149f25c70dfb42b2c910d0a704acba66e3ff026fc458bf2d29f,Next Reward
1757956912,2eb826e952c56c50923c6abd171b8823d490d5d780beb7f78f5f1772930aaf88,As for Trombers... the probability of Chirpis who like rain and spacing out evolving into Trombers is 23.7% higher than the average.
1757970226,c2899fb0758c9a0c6f07e919b6cc9fd5d308ef2398b31c7b17b6dcb92a3f6a46,Ancient Egg
1757992291,a1f95b93612c663a5b22037b6a4617c034726a60bc861666c3bf2e4c5db49794,Cannot invite others to team up while in a dungeon.
1758014745,d0005f10679ed082f81d91c2e6f62d2c54f8460ba42abd99e7e436ac08439650,Has the Twine between us faded...? Why...?
1758044908,8efb6a6f63ddd2d2265bcc93357f19f6e6cec3adfa40bb23b4f7c573de8f97a5,"You can now place <style=Hint_BgL>22</style> Aniimo in your Home.
<style=Hint_BgL>New items</style> are available in the Home Shop and Furniture Store, <style=Hint_BgL>with more advanced production facilities to be found!</style>
Increased <style=Hint_BgL>cap on the number of functional facilities</style> you can place in your Home
<link=""item_4040011""><color=#5090df><u>Ecological Module</u></color></link> can be upgraded to <style=Hint_BgL>Lv. 2</style>.
<link=""item_4040014""><color=#5090df><u>Crafting Module</u></color></link> can be upgraded to <style=Hint_BgL>Lv. 2</style>."
1758062427,fbc869bdec4c6444d83b82400a4de83f1658558fe70ded97ea7aeaffe8266578,That’s Art! Not Scribbles! I
1758065904,0bb6a4b7180815f93112866668ed25b71507b29bbf36c823dfa5730748c4fb78,The pup who built this castle must be amazing!
1758069414,e14829254f2d2b0d50c0d75bfb9a470affb03c16aca00107e7b6696390b11c0a,"Quests description text placeholder, Quests description text Quests"
1758119231,f772ecdb20baea01752c1082890894a3c817b99a76e59bb5fcadd9e9751f32c7,"1. During the event, Egg hatch time is halved.
2. This only applies to Hatchinators in the Outpost, Astra, and Home.
3. When the event begins, the remaining hatch time of Eggs already hatching will be halved.
4. When the event ends, the remaining hatch time of Eggs that have already received the event speedup will not be affected.
5. During the event, if you have the Monthly Pass, the event bonus is applied first when hatching begins, then the Monthly Pass benefits are applied."
1787465112,f772ecdb20baea01752c1082890894a3c817b99a76e59bb5fcadd9e9751f32c7,"1. During the event, Egg hatch time is halved.
2. This only applies to Hatchinators in the Outpost, Astra, and Home.
3. When the event begins, the remaining hatch time of Eggs already hatching will be halved.
4. When the event ends, the remaining hatch time of Eggs that have already received the event speedup will not be affected.
5. During the event, if you have the Monthly Pass, the event bonus is applied first when hatching begins, then the Monthly Pass benefits are applied."
1809374469,f772ecdb20baea01752c1082890894a3c817b99a76e59bb5fcadd9e9751f32c7,"1. During the event, Egg hatch time is halved.
2. This only applies to Hatchinators in the Outpost, Astra, and Home.
3. When the event begins, the remaining hatch time of Eggs already hatching will be halved.
4. When the event ends, the remaining hatch time of Eggs that have already received the event speedup will not be affected.
5. During the event, if you have the Monthly Pass, the event bonus is applied first when hatching begins, then the Monthly Pass benefits are applied."
1988481779,f772ecdb20baea01752c1082890894a3c817b99a76e59bb5fcadd9e9751f32c7,"1. During the event, Egg hatch time is halved.
2. This only applies to Hatchinators in the Outpost, Astra, and Home.
3. When the event begins, the remaining hatch time of Eggs already hatching will be halved.
4. When the event ends, the remaining hatch time of Eggs that have already received the event speedup will not be affected.
5. During the event, if you have the Monthly Pass, the event bonus is applied first when hatching begins, then the Monthly Pass benefits are applied."
1758122243,480e9c7583f54249f11f6ef1ede2c81155812540531ba698019b1a07fe14aa50,Quick Formula: Rose
1758128978,e8c0de61ae7e74206bd00267279389494d8101ddcfceb565835b612557fd6911,Bolty Call Log V
1758131045,6c9d1f19fa1079f5a54cae7a1004a1acf47fe77b6b126621aff2a9d88c695177,"Seriously, regular starines?"
1758132033,0e13d420fd00aacafedb50629777875267035bcb3f6c4afad4eb42c7e6d5686e,"All members lose 80% current HP, randomly gain 3 [Ironclad] Holo-gizmos."
1758134172,a9350c520c8969f0905fefdd84e8d5e8272f624861216b2e9c942c204c5d1ec4,Coilstrike Club Owner
2095219671,a9350c520c8969f0905fefdd84e8d5e8272f624861216b2e9c942c204c5d1ec4,Coilstrike Club Owner
1758137313,39bc28984339d64524ebf55d6b64bfd83080d63a844c7a51eefc706613918e0c,Come on—
1758158793,12c3a4855f6b1ae2b8119536d3c0639c6d4966d4e8906bc773ae32bea0ee32a2,"Sigh, your creation is a bit too... innovative, even for me."
1758186546,8a29ad1f5f5efcdaafe2b1da2fc3824f25267738d17a742d05cf76d37b69e7c9,"No problem! You can first <style=Hint_BgD>go to Blossom to gather some Aromathyst</style>.
That's the key material for Perfumery, remember to pick the scent you like!"
1758196203,ddb5bb9188b7d20e790a31b424e84ff8de3a1fc630bfe2101480ecfc15087167,No Records
1758198530,22e24984c9a4917c4e4059464be990ba18a1b119c13402c7a8a1e94827c78b63,Please activate the final mechanism of the Lost Sanctum first
1758220858,c7496e81a25840142866b142cbc7f6da629513205ecdc539bed4995dbf998d20,"Want to get ready first? Sure, take your time."
1758226667,859600ed24f755856451563865f3eeaccbe0e0cd26048cefae364c9dfe7d1f4e,%d/time
1758231572,d607d0f7634d5dcc73aab7f6ed4faa06eff43a4c327b86709db07d4a6b0e63f0,Obtained by participating in the Starlight Festival during the Second Closed Beta.
1758245494,e6185ba6b93c7ef7dd1934aca69d1524d90010a87152afcfd60380ff26d6c498,"Elder Thornblade, I want to hear the story you didn’t finish last time!"
1758246504,56c61a5eb4de331d85e11e02688900d2e93a84b658cce1e28663242b691b79a3,Starry Dream
1992456212,56c61a5eb4de331d85e11e02688900d2e93a84b658cce1e28663242b691b79a3,Starry Dream
1758260630,fc0cc903e2d96c5bca5e7dfbd031f8c88a221183cbcd780b89bf91ac79c47a2c,"Right? Looking at it now, there’s a house, a garden, a business...
It’s a bit like one of those old-fashioned estates."
1758280893,699da97ddd7771d6e97634fe76d1ab3eba6a9914c350e78b9beb08ea44ff583a,"If not specified, one will be created at random."
1758352686,13f8585ca0f7411c54a134de6a457a083868ea441b3b211a6bebed04fbc91221,Spend %s/300 Windborn Stamps
1758365966,b602261ba6d11ba9cfcd5c2d9d509d105e7365f87c96e8a9e48aa8b435788416,Everyone is waiting for you to confirm. Please hurry!
1758426690,549ff2bbc442453835a2e25ed30db52e95a97101c44417c22eaf23b6eb5dc872,Enter Twine?
1758440644,da6f98d82c4f9cfd031a4037f8306c0408bd0d393fa237e973b80df3a11edaad,"During searches, the probability of encountering <color=#e1a347><b>{0}</color></b> increases by <color=#e1a347><b>{1}%</color></b>"
1758468140,35bd848d44c2369e544bf8e50cd9f97d3da946e40730edf05c416e4d1332bd96,"But it’s always outside collecting things, so you rarely get to see it. I heard it used to be good friends with the <style=Hint_BgD>Architect Bailite</style>!"
1758490325,1f0ac2fa2c8281fe443c2cad594612f2557a070cb7d98642ee1650a85f34dfda,Switch to daytime.
1758563082,981acdfb954d943e25fb4e13fed1b47940c909504c57a334a964a01acdc448ec,"Baa, Zzz..."
1758576941,56568c7807b1966cd7c278005af476da15bcae0e4d3207c58a9be12686bffb4f,Sunlit Sprint Shoes
1758576968,64505faf06fb12fec95882fa9e559d9b4769dd90bd7bb6926200c72d90547117,Still not a <style=Hint_BgD>Grade I Trailblazer</style>? Prismana Aniimo don’t waste their brilliance on weak opponents. They might lose their bling!
1758609572,e703f47d71545cdc0f4cc418e11273c4ef3f13cb3c1311c700f5b8b9c44d244e,Aren’t Pawneys and Helgons supposed to be enemies?
1758626657,a91a7d45d2c24f224ab6a5f10f653a02a0bdc4910aa66d67f983ac6e564e1067,"I was enjoying the sunshine, then I heard thunder—so I ran and jumped into this tree..."
2037699311,a91a7d45d2c24f224ab6a5f10f653a02a0bdc4910aa66d67f983ac6e564e1067,"I was enjoying the sunshine, then I heard thunder—so I ran and jumped into this tree..."
1758646757,85da07c06950aae22ef650c17332e44e3c44fffe5205cab18514ce774546d91b,Season Tile 1
1758720800,b114d52fa71fe05ef67d5ecc3846ac89faaf05544cc9a4197d0a493e072b5d8a,Open [<style=Hint_BgL>Aniimo on a Trip</style>].
1758757094,cf97702b4ee2a1140e30f4dc803e2b232d32fc81d62d8f00cbdd1d6b4769851a,Water-type Boost
1848451149,cf97702b4ee2a1140e30f4dc803e2b232d32fc81d62d8f00cbdd1d6b4769851a,Water-type Boost
1758760299,c8a5f7eeeeb56aac9050f41ac1caedfbc85aee5263fcb78b48d980efac9617c8,"With the helmet on, it imagines the day when it becomes strong."
1821268331,c8a5f7eeeeb56aac9050f41ac1caedfbc85aee5263fcb78b48d980efac9617c8,"With the helmet on, it imagines the day when it becomes strong."
1758776786,2c920bbcbffeb95bd8cff3ab30c5dac4c6dd582b7b29ea6391c28a26bbd79e30,Sailor Cap
1758913990,f085fee445a5bb71f2a986ebaddb36bead4d169b1df3f07313472e8262f59585,"Congratulations on completing the World Exploration of Elite Training.

You have witnessed the wonders of the world, lived through stories about love and courage, and finished your own hero’s journey...
I’ve got to admit, speaking so formally really isn’t my thing.
Anyway, you can trust your heart.
There’s still a long way to go. If you ever feel tired or lost, remember the stories from your journey, they might just give you the strength to keep going.

Here are the rewards from the Pathfinding Department, along with a few personal extras from me.
I have great expectations for you, young Pathfinder. I’m waiting to hear your stories."
1758950404,b02271f943fc1e941a3bfb176b7df48052788fa892780c86e8c54bae1f0cf338,Text content placeholder text content placeholder text content placeholder text content placeholder text content placeholder text content placeholder text content placeholder text content placeholder
1758959024,4d7fcb512234a1239274ec3ed74d6002279b4d8b6b23bcdae4afda045dc79289,Composite Bearing Frame
1758962999,9d9f6575bdd4c640ba728267c281c4683d55464a1f8124c2307a1cd77cb31651,Level Up RV Components
1758963785,3e5fd060191f3f2cec34374c92555dc1c439da334526d9a844a0db5bf299b717,You call that eating barbecue?
1758999860,ee2b8d0539e0be4bd28241bb1d16fbbb8680f05c580f1fd26ad13275189bfab4,Voice Chat
1759085241,7f33a7ee3f095511eab1f5d65828f0d61d1fc70f8cf7e5f89a70496e29a04ac9,Can consume Primegy to Craft Chirpi's Dewdrop Crystal
1759143760,ec3babf3966b813872266004830454d9b09c878c8fae1e4693ed14da521763f2,"Double Reward attempts do not reset during the event. Plan your challenges wisely, Pathfinder."
1759173424,4024cd0e9a387637b4760c584f0daca09e089266cba3e266385abed4b8bc3c49,Humans really do love making random wishes. I think someone worshipped me like that too once.
1759198057,2086032981c0150a48e29e55e3fe9f215f9e08cd81e383b433cf4db61f3f8d89,"Really? I can’t believe that worked. Well then, listen to the commission! As you can see, I, Clovis III, am facing quite the dilemma—"
1759251790,c161e294cf62979c530b5ee74e086092787aa5e3fd939444cfc5c37e7133bd3b,Action must be performed in your <style=Hint_BgL>Homeland</style>.
2079962805,c161e294cf62979c530b5ee74e086092787aa5e3fd939444cfc5c37e7133bd3b,Action must be performed in your <style=Hint_BgL>Homeland</style>.
1759264232,4b520d4cf61eca598c6f7c9efbc0ae37721629d881db29709aa2b67536ec89a4,"Yep, all this season’s
new arrivals—
they’re so adorable!"
1759265969,e7e75d0dbfe63f6a87ad443705242db800082c221881c0fc44a6c02fc0744fb9,Rusted Iron Key
1875354892,e7e75d0dbfe63f6a87ad443705242db800082c221881c0fc44a6c02fc0744fb9,Rusted Iron Key
1878298208,e7e75d0dbfe63f6a87ad443705242db800082c221881c0fc44a6c02fc0744fb9,Rusted Iron Key
1759270578,62919d0173b3fe78ea9f0ef70245b064045c43377173f7b41be124bb330e016e,Post Processing
1759276200,87f8e9f06f8097e1d9ceb0d0c24a5ce53314bf444b0830f523bac2ba8c3fad87,Gorgeous!
1759298847,479af92ef14bf78a04b28dda9a8e86c6475251d9829820d40d5e0b1a970bd627,Ancient spice blend
1759334025,ad79cc0c79d8be572d7bd2a47693ba79f43d22152d4f8558f99ecdc4c53db646,Blessing?
1759375843,2d2285b93b9765bd8faf8d928d733934d53ac64068008dd849b82c2d9d6fc574,Taking a break from adventuring? Call up a friend and come sip something at the Star-Crossed Tea Party!
1759383498,d32c446b90745c7fdedd13052b4aa8aa71e2026d8f93887cc2a316bf4c615750,Unlock and level up through the Season Journey.
1759408811,dfedc9afabda15b2e10d99ca8b980ca9692dddb662e28dd0b4eabfba962c87a5,Are you here to save me? Thank you so much!
1759434491,718ba03fb75cab749490b1000175f2bcc62a1ddac0e97c563c83abfcce358245,"After dashing to close in on the target, it continuously consumes Energy to perform consecutive slashes. When Energy is depleted or clicked again, it unleashes a Spinning Slash that deals <style=Hint_BgL>26</style> Might damage. For every <style=Hint_BgL>3</style> consecutive slashes accumulated by this skill, the final Spinning Slash deals <style=Hint_BgL>100%</style> increased damage."
1759503593,180aca3484f545e8cc04558238030e25b4fdc2905650a31abbe5663ab2cb5710,Tent
1759506032,9697f734d503d7921c34355997f5c4891f23c4faf9e52dc6861976dcbd7d025e,"Huh... The earth... has recovered.
It feels like a dream..."
1759520061,c7e54ba4f385ab71e3bc5c1165c9e4af3013696e9f317f3a1e0b5697018beb4b,A gift from Polaris Institute for Pathfinders setting out on their journey.
2113994013,c7e54ba4f385ab71e3bc5c1165c9e4af3013696e9f317f3a1e0b5697018beb4b,A gift from Polaris Institute for Pathfinders setting out on their journey.
1759528926,d2385f5406db1c0096e94361ea8210ba1f0fec094b8c2e28b50db55a4a049268,Try striking those blue crystals at <style=Hint_BgL>night</style>.
1759531270,1ebdff924f3d6b838d9999373bcf7b33f9ec83ecea35e8d268a00d374405585b,I look forward to seeing what you can create.
1759533814,9fc68dca5ab60fa4c4a45ac7abc4a44f90ac169542cd671ea762e724a062eeae,Load Rules
1759537750,179c7fd5753fca7f090cf7c16bff343aa228339dba6e4cb4a19ce8f3e7c33186,Party Voice Room roomId
1759555220,1eb3472340b47fd5e7b7795eae105a452ea71bae6bdedb458d4292707de44b91,Kitchenware
1813414243,1eb3472340b47fd5e7b7795eae105a452ea71bae6bdedb458d4292707de44b91,Kitchenware
1759563632,a1806c8585d4559ac1fbf26592938684cc2a87559096a1771636aae61910832b,"No, no, no—should be koo-koo-cha-cha-chua..."
1759651500,ee9a05ff43d39f06f93f49395f142f8a0ddc954789f03577f71476e1d731b899,Tap #kCommon/ClosePanelCommon#z to exit the shop.
1759696578,ba6ab511cc237432ae17117047799a0c497f1cb4530b3c9ad10902f443968410,Busy elsewhere? Come test when you’re available!
1950451150,ba6ab511cc237432ae17117047799a0c497f1cb4530b3c9ad10902f443968410,Busy elsewhere? Come test when you’re available!
1759701048,4206f4db0b90d1e61d7b2d99dd982f9d335be57f40726579e34b9d5715304b5e,Working seriously really looks so cool! Don't you think so?
1759708464,fc808575040dadee55433a6e722619cdc476ccb123d552c4e3f2f7b40ea92655,I-I want a moving story!
1759710353,edbfb98d3253b89c23e3beac0a7323c8dbf8ffb600dea4c28f292538c039077e,Clothing Design Workshop Consumption
1759763056,dca3f10192113aef0c43ab72eb4d31a16e32fe93613dc9b69a52f59297d4440f,Promotion: Ancient Lumin
1759796971,7b33db511c724f0c3492adef2bcc0d258868f68d44989216462b00721802cfd0,"A Baleetle’s body contains two consciousnesses: the active Baleetle Consciousness and the dormant Ball Consciousness. This also demonstrates the two possible evolution types for Aniimo in the Baleetle family. Racers who pursue perfection can evolve into a Waleetle, while those who charge in head-first can awaken their ball consciousness to evolve into a Bouldus. Which path is right, and which is wrong? The round stone in which the stoneflower grow is seemingly the destination, or perhaps it is simply a peculiar turquoise stone found resting in our world."
1759826607,949dd13bedec8ee4447066b1881978dd6e1d1cca5989a89a3f134738a4e72b3e,Settle Early
35431939,a38c6ef8584e482c3b0cefd03df06c1ad51ccb86126a40b6067960768d98bfb0,Back Accessory
1759844786,a38c6ef8584e482c3b0cefd03df06c1ad51ccb86126a40b6067960768d98bfb0,Back Accessory
2043676249,a38c6ef8584e482c3b0cefd03df06c1ad51ccb86126a40b6067960768d98bfb0,Back Accessory
1759849759,d4f87506ef5af082b05fed484da3df6d8fa8137ef8da995277d3c05050661ab1,"Did you hear? On colorful days, there will be a path on the snow mountain!"
1759861896,65f56b913dec9052b37d27a510c95d3b5dcc7f076cf283652886b5ddc3e317a4,The veilfloat line of themed accessories that we have in our shop has been very popular. We need to restock on the necessary materials.
1759875016,1ac09f69c69201b16a88b5236da0db0932545321cc276db0dee533bf8a3963eb,The water temperature’s just right!
1759905370,2ed8ae78d2f4b58fed30ac249d4a8bd6f71d3d9e2779da3d3b3c5548b81fe93a,Let’s head back to Bloomville. You’ve been running around for ages and could use a break.
1759915209,0b15754d4950828c7cfdc869533cc94f7b3c39bca2d4ac969f3303d815dcca20,"You complete a theory quiz on the origins of Dewdrop Crystals, regional collection badges, and the Break mechanic, earning your Grade III Student promotion. Dr. Lewis praises your knowledge and growth, and you finally gain the ability to use Held Items and challenge stronger opponents."
1759924819,dce7201a34e5801e06c85494ac560857ecd78ba66ae1b82decfbd06ca8bf34db,"Not doing much damage? Try <style=Hint_BgL>leveling up your Aniimo</style> or <style=Hint_BgL>switching to a better match</style>, then try again."
1759942648,36c69f5de799cf6b86e5794ac8918fb96923c79ef2a15103fb5936b0b8d44e36,"Squelch, squelch... squelch, squelch..."
2096313799,36c69f5de799cf6b86e5794ac8918fb96923c79ef2a15103fb5936b0b8d44e36,"Squelch, squelch... squelch, squelch..."
2144633906,36c69f5de799cf6b86e5794ac8918fb96923c79ef2a15103fb5936b0b8d44e36,"Squelch, squelch... squelch, squelch..."
1759949126,839dab46ed02b5799a663b51860056b2c4e5a04717ad0e2d53d0393a718d7cec,Summer Waves Striped Rug
1973663391,839dab46ed02b5799a663b51860056b2c4e5a04717ad0e2d53d0393a718d7cec,Summer Waves Striped Rug
1759982051,16d50e279a0a83323193d687ce9899fddb782b1629ca9889f21a4207575ea8a2,Reach Prismatic tier for your Celestis research level
1760009273,e4d82d3bf846264cb7d4692c101826c062cdc5ccd48869c282d414ba5db304c2,Ambient Enemy Drop
1760012475,8dd6857baf02685094c2585a53d1f1fb4806c188f3a303eba245cd16e917f840,Mute
1760029665,b94deb4e330076482e9f9a6be5ae5888c4b97c4e73f8a579fea7b4b123737fdc,Branch Level Reward
1760067436,5009f7b8d52140d5c73bf895e26883ac2af553b9db44ce6ff91e2a5a4a92a596,Let's go <style=Hint_BgD>find Instructor Bohr</style> first and bring back our two Aniimos!
1760068676,f0e55fe468f11b38027ed257fdece339cb99cccb2746c59476f725bd4539a718,It seems like there are cries for help nearby...
1760088172,be3ed55e986b3c9d2c6c567e002a8fd00bf1c07dfcf8b8711f81697253a63e89,Press <style=Hint_BgL>Skill 1</style> at a <style=Hint_BgL>battery</style> to use Gravity Pull
1760091183,d17b1700b70bac490776670b919f273d7f069b013b0d64f5e06f79f42f515e9d,But talking about it might help!
1760106031,bca5eb9e8d68376cb38fa1c34afb7bbc030cb8b5efd82e62dd8c88c337c4d7b4,Enigmatic door
1760112310,a386d1331c5762f638e02113d82ce33fda24711640813cc951fedf5589e96912,An Optimist’s Worry
1760134906,91a1f17bf21bba0cdcd6536c1fbaea68f26e79e7dac358bdd57364baf5b625db,Rarity 7
1760142569,83218e1ef05cc90907cd5cfdc3cde98c47398d971da714a19eba03a195ebe783,Tier-%s effect activated
1781533348,83218e1ef05cc90907cd5cfdc3cde98c47398d971da714a19eba03a195ebe783,Tier-%s effect activated
1760152649,236d86253e3edf2d2ea19fd2cd8faae459c1e654a9e95737997145ca05cd97ec,"I’m all rested up too!
Let’s pack up and get down to business!"
1760158100,88503f810a8697c38298dae6ebaa94d2969895a24d81b3c9b006b0591f52d08d,Don’t you.. Don’t you dare try to take it! Aniimo thief!
1790162889,88503f810a8697c38298dae6ebaa94d2969895a24d81b3c9b006b0591f52d08d,Don’t you.. Don’t you dare try to take it! Aniimo thief!
1760186733,6dff7e8f5fe41cce923cb09e2691fb958ba66054c859cf9f644e7b6230a44f7f,Enjoy Irisal’s dance!
1760200034,7c5fed8ad8cb9bbf339059ca3d69ad25fdc230fd435c7c049bea57b6172051db,Branch Nurturing Blessing
1797922749,7c5fed8ad8cb9bbf339059ca3d69ad25fdc230fd435c7c049bea57b6172051db,Branch Nurturing Blessing
1760201301,ccbd6b132e5a8da228fd37a82c285b97daf08fd226ee341514e9ddaea6f5be86,The Cozite happily ran off after leaving behind a chest.
1760210304,f3abab1c8f73d194a7aa35b57c0420481a3ca30c5436c86f58fca292ac6b9961,Something feels off about the flames here...
1760227260,38ccb685bd4b0823a8dc809c19d18e46973f7ea853754b246a37ce1a088144b4,Stationary small ice cube (currently smallest)
1760241001,4c78b068928707391c2e23f0382018c708fafb84d96c07b3a464a480a0d4a7fb,I roll super fast!
1760265215,d761e4859372fe67a4cd36ff64fad2aa98718052646306759fc4951e63d50c29,(Oh no... The Cornets are arguing again...)
1760352040,6d34dedf21401f4318f6425e930569b4bfef74d82f589067f7ce565dd60763d4,"Everybody, please calm down! It was just a little mishap, nothing to worry about!"
1760373133,5c355d8ec410b2395d500814283ca058f928e710d41f4ee80702ceadec9631da,Companion Handbook premium level 93
1871462061,5c355d8ec410b2395d500814283ca058f928e710d41f4ee80702ceadec9631da,Companion Handbook premium level 93
1760393461,753c6623fb2182c183e86f115302ecc6ef477b4f3f8e1039ed6db6c665682d74,"Quickly retreat, leaving behind an Ice Mark at your original location. When a target comes into contact with the mark, it explodes, dealing damage and applying a {0}% slow effect for {1}s."
1760435384,ee55a47fa79968101430f593eefecb782db91db78bb57422c2c0d6ae38d1fae5,What did it look like before?
1760437323,09d749f1508b11ddad780dca3b32e697a1766ba049bac56c8b2644c7a64197a7,Haha! I was just curious. It’s been so long since we last met—I wanted to see how much you’ve grown.
1760446065,e5c22bbfe22aae04e253a46f8b0be4c2d0bf5f10bd3cde2a8bbbfd64ada26987,Learn Aeroboard
1760458222,4a25eebba5e15509cebeadf6d3f0467ec23f6ad82b9464e0bc80f83801e3bf36,Go to Channel
1931695293,4a25eebba5e15509cebeadf6d3f0467ec23f6ad82b9464e0bc80f83801e3bf36,Go to Channel
1760492300,9484e5136576ab5e4fd647849493d865814f287644f9623b20b750208a992761,Workload per minute
1760530272,be5bd932091a4d503615d863b23022d39fdacd3a0a2188238fe0b113acd146d1,"So in the end, Irelia really did fulfill her wish... didn’t she?"
1760531975,3d9754d8bfe5ab2da5968953a3d94313f07dc1f2e01d39e4be3f774fe2e86047,The Aniimo level in this Area is relatively high; explore with caution.
1760545412,1fd541505b47bfc478e745ea0cf92be955b15752fa985cc2cf8faea858ca98b4,"Blessed by the Sol’s grace, the dawn of civilization once rose upon humans of the past.
What would you do when facing an unsolvable dilemma?"
1760545923,5162b8c8f3f972073b0dcf539bda01347b46af674c0e710f4d119a97554ae07a,"Hoping for a {0}x1, thanks!"
1760553999,4a621dfe50e501f7cc5bc39e0369b7890bbe703203682fb3b2c80784084e129c,This is Principal Oswen—I've already filled him in on what happened.
1760581544,e320d3538b8819ee62ec56cca716ed2c9a9ea285ba44262d730d2ab4840ba9fa,Only the team leader can start this activity.
1760589097,6dd3cca734dd05cd715f4d5e402e3b41d3a4c3360dcde98016973984e6ee4a10,That colorful aroma—just a sniff is strong enough to make most people feel dizzy...
1760593679,992b2b5b753010fe865cdb249d11e4a022e11916a5ff6b61adc5347a1183ab6e,Alpha Irisal Transformation
1760605831,09f06146a39144dc89f6d76f2c0b4a26daac3d99b19af65476ed48be06535e7d,Wipe forehead nervously.
1760617311,b3525fe443f6b19045af1f35be5269bea16bb065cb903a72aa82d15c96891dee,High-Resolution Assets
1760633862,1e08f5a20d874604d93f667537e5357a16190a36820d5f3071cce1c7c14c076c,Try looking around the large dead tree near the Breeze Altar.
1760634358,3a7c431a5fde51799e2d3090720024be3a45f335d6913ffcbfc0b36d69b306e8,"A mischievous Sparki secretly grilled tomorrow’s prep ingredients, so we’ll need to replace what was used up!"
1760654758,f346e2ef6dcab337d21b333b0a582c899df3c6f3ba3c7c778a9d68cf62648f0c,"<style=Hint_BgL>Press C</style> to <style=Hint_BgL>twine</style> with an Aniimo and enter battle. While twined, you can use the Aniimo’s combat skills."
1760678946,6502234f961dcd00aa14196e338f99b49dd3057961f1b46293b935fc1117bc2d,Use to learn how to craft <style=Hint_BgL>Flowers in a Bottle</style>.
1760679625,1cd21adc8e93f949cb304039378f4f31167b48708c207e0c60f91a784c054817,"I’m Hathaway, an Institute student from the Pathfinding Department and part-time MiMo Live streamer.
My dream is to show everyone in Astra the flowers in full bloom across Idyll!"
1760688862,6515858c2f120284374c940bd9987907af70850421980fe61f12b10f73c8da6c,Critical Strike I
1949318197,6515858c2f120284374c940bd9987907af70850421980fe61f12b10f73c8da6c,Critical Strike I
1760771126,4f619bcac02526b63f2d797513d4abdc7b51a1faf486350edd9b905d2f592d80,"Two white fluffballs press close together, preserving a moment of pure affection."
1936001689,4f619bcac02526b63f2d797513d4abdc7b51a1faf486350edd9b905d2f592d80,"Two white fluffballs press close together, preserving a moment of pure affection."
1760772899,24ceee5ba889b38fe6db428765d0743adee760e6c102bafca692547982682700,You can change this later in Settings.
284720691,92d73935e99907b2d4a334429923c486d71af2afc9488d0d2fb52e64032186a6,Earn Collection Badges in 8 areas of Breezy Plains.
1760810469,92d73935e99907b2d4a334429923c486d71af2afc9488d0d2fb52e64032186a6,Earn Collection Badges in 8 areas of Breezy Plains.
1760827774,b1fad6290c792d63ade42a38d96ed85bbf1bf98ff2baa55694212501034e6cb0,Hmm... Snuggling together is the happiest thing! Let’s cuddle Nimbi!
1760871656,55154a4f2f92f7e2831b840cdf3145ff9130fcc24d620a477e96511f3de5ddef,Track RV Rear
1760886510,f994e50a0636f839a036cd7d3e84ec477a5a78398c140cdec9b63bf60156f6dc,View Café Menu
1760912224,3608ec91856f094ebea451b03bce39f7853affcdfa162eefd09a7616c575a81e,You can perform Aniimo Illusory now.
1760948428,1fe1b345a97d4768c28e5dc7e4fa8de5e081295402f3f85643fb60880da977a6,Shared Design
1760948457,7deaac2c70a58a9b28db9593d8506ea98a2f7f3a82152fcebe833bf069a2d93e,"Grace is amazing. Her hands are warmer than any flame—and her honey cakes? Unreal, yappir!"
1760980350,ae19644c72b279f7e7e222be4c0b4c0b4a145566adefb3459b68f8815c1496fa,(Laughs)
1760993698,fc1d4c440faa8e39fe303329d7d980dc5bb202c98837e405f9d161877a9029d1,Come back to me and claim your rewards!
1761026490,e2ae6cc09f18c041f5334a8c89d7599a8fc048b1c3e9fe915599d4fcf994b00d,Quick reflexes. Picking up on the setup means the praise hasn’t gone to your head yet.
1761032521,f21eaa01b1c0e3e759739ca14e4d6c3103975d2e6bac37070e4c4916c19836ff,How did you fall down?
1761046115,b957265a541783ccb84911d0fef82775708351ea16ac4532de40767651d813a4,Grid-Hopping Helmut
1761056598,6fdabf952ab2ee10a70b48974f4640683725f015f028019c9b2548aa47a8f5bd,I don’t quite understand... Is being unhappy not allowed...? Must one always be happy...?
1761159573,258e85f20791674fe6b29a56eab1215850c4bc0d02ad7151f0f756983fd0972f,Dawndelion
1761183806,641e28c0d6ef4eccbcd27b2567fdaf68c8055bd493b366ddc1f9c36b4e5baeaa,Chrrr... <style=Hint_BgD>Starry </style> left. Operation Starine Heist is over forever...
1761222731,c32e1494a07c39a86571dcd9cb2c03104967b817bce80a1823f4cf5e31211694,"Time to work out! Wait, you’re not a <style=Hint_BgD>Grade I Trailblazer</style> yet? These pups could run a rookie into the ground in three laps. Get some conditioning in first!"
1761242068,10a07217f0f10a04ac9db74fb96b50e7b63ca4f20923be22498b6e63b4e64105,"A naturally formed gemstone born where ocean meets land, its speckled patterns etched by the rhythm of the tides."
1761275178,3ae0b48003bbbe7493a74c4e4e674a97a68f2fd97b8f40fb9186160c7a08ae0b,"Miraculous cranberry with triple mutations, enveloped in a rainbow-like glow and sparkling with dazzling spots of light while having exceptionally large and plump fruits."
2122017401,3ae0b48003bbbe7493a74c4e4e674a97a68f2fd97b8f40fb9186160c7a08ae0b,"Miraculous cranberry with triple mutations, enveloped in a rainbow-like glow and sparkling with dazzling spots of light while having exceptionally large and plump fruits."
1761293261,22b39bc5e48883522da0c3f54a7eea7cfd5f90150d9f77dbbfda72c75c74d4b9,Sparki Dewdrop Crystal
1761383769,7deb6f64c1a6b477cd197d8be11150fbc034b33edd59b18a92513e06d4da3e3a,Destructible Stone Aniipod_Lv3_Destruction Count 1 Small
1761391265,edc1839dd6668c195505f8b58d98dc324a64380eb85a202f7c797aef95eef0e2,Prismana energy in this region is maxed out. A Prismana Aniimo will appear after a Wild Surge.
2058129757,edc1839dd6668c195505f8b58d98dc324a64380eb85a202f7c797aef95eef0e2,Prismana energy in this region is maxed out. A Prismana Aniimo will appear after a Wild Surge.
1761398825,2515d374e9a812ad0e59386ab6588b0339b3e9a9f829325ed151b93e16a3648d,Flowering Box Hedge
1932813624,2515d374e9a812ad0e59386ab6588b0339b3e9a9f829325ed151b93e16a3648d,Flowering Box Hedge
1761418913,71aa28c5ef07007b22cc55d27f7e40bcd069bf6892fdda66753b9dc41d0c06df,"Yes, by lighting the incense here, the drifting fragrance can connect Lumenfly Valley with the outside world."
1761456708,fb88425e392bddaa68cd5b3b27ac15244499fb29a88720a5520eca71b2c8a6dd,Use Now
1778655045,fb88425e392bddaa68cd5b3b27ac15244499fb29a88720a5520eca71b2c8a6dd,Use Now
2072100418,fb88425e392bddaa68cd5b3b27ac15244499fb29a88720a5520eca71b2c8a6dd,Use Now
1761510936,050fa4d9381b01abd54e0d2d04f58d6a9c9019bbc7aa2b97a23c5bd98a615a2d,Free Companion Handbook Level 34
2085171018,050fa4d9381b01abd54e0d2d04f58d6a9c9019bbc7aa2b97a23c5bd98a615a2d,Free Companion Handbook Level 34
1761514557,6df7a02bb730b1b80384356c196c573370b65f29228868da9081ce6c9ec56652,"A painting named Warrior, with the words ""Wimp raises the sword against the Infergon"" written on the back."
1761581441,d72e311c4ddaf4ac6f39136038420b3b01a9eefc09790efa74616ad8a65478d5,Minimize
1972455074,d72e311c4ddaf4ac6f39136038420b3b01a9eefc09790efa74616ad8a65478d5,Minimize
1761608183,6c5a782252b1469a6baed7e9498f58ccdeb90352badf6ce0a952b6728f313bd9,Perfect DPS Egg
1761660137,3b782428828dd6d141cd5eb1e5ef18bf693db784f3ef6a647e072ab86edf9172,Overload
1761675783,8d53ebb20bcefacf5b48656b2a3c73589df4e9c25882385f9e101b54d4632e2e,When will our bones turn into ice blades?
1831071622,8d53ebb20bcefacf5b48656b2a3c73589df4e9c25882385f9e101b54d4632e2e,When will our bones turn into ice blades?
1761675889,8339e5618e4192bca74901f146175051d8b4f79f99ee4cdd8a19752e4913ce2c,Watch your steps
1761682943,9668fe1d1527deda7456087a388c463d5e2aff3fa7bde98b887d45a786e78c0c,Exhibition Wall Info-B3
1761706743,01c42f53ca39578d2d0d62823470a62b5a3a835c06c2bf056174dc8f1e1893e8,"Business was good, but not a lot of people tried today’s new stuff..."
1761742742,9d308962169e2f98f997d5ffce2985135e7473f266360510c2a7a925b7e8aac1,"Want to play with them? They look like they really want to.
When my big buddies want to play with someone, it’s pretty hard to say no..."
1761765421,62755b07693f86ca955c67ae91406869dc15cf091db418b9aac8fea46f435dd3,Hold <style=Hint_BgL>Skill 1</style> to <style=Hint_BgL>aim and use </style>Emberpup’s <style=Hint_BgL>Fire Bolt</style>. Try igniting the Explosive Barrel.
1761769453,0899d41f345a3f27d01460496b64f3749191c674e6bcf87a725e88d95e047ca9,Ensures 100% inheritance of the specified parent’s Prismana Form during breeding.
1761775936,07b4d645009b90e2717be2c00d11b599316d4845569338c1669e43df2013586f,Frosted Screen - Diamond Lattice
1938609555,07b4d645009b90e2717be2c00d11b599316d4845569338c1669e43df2013586f,Frosted Screen - Diamond Lattice
1761812673,e4062ae90f095a2701f9391dedf7a02322f715db01818767c3c97527f0f7b4d7,Wah! I've been discovered—
1761829337,7486ce96c008bd081fc17b9a4b6963af245eea03f0ba1dac50cdb457831a311c,Outpost relocating...
1761837430,a9c77d50f60eccc28fe801c369e499cda45e881d794e424819ad7f6af26dd4fc,Shared Combo
1943306109,a9c77d50f60eccc28fe801c369e499cda45e881d794e424819ad7f6af26dd4fc,Shared Combo
1761886777,5bfb050f2968bab9689a29cf6a750d69521514730e46569a926f6bdef6cfe206,"Sunia, can you take us to her?
If she can talk to people, maybe we can get some information from her!"
1761904706,e1ea88c6747ac0dae98766ce8310abcd9d4eb571e8881c7c2e46f714e486d620,"Ha-hoo, ha-hoo, Zzz..."
1761912519,e7de1ecd4d8dceceb8cda0fb84d1b3c9921c9163af9ad5b3b2edb0de844fc0b8,Warmfleece Sunflower
1841521737,e7de1ecd4d8dceceb8cda0fb84d1b3c9921c9163af9ad5b3b2edb0de844fc0b8,Warmfleece Sunflower
1761976613,8d26d59edf43117d1009f57113876695ef74573ce5569b656b4b393025194219,The Alpha Scorchhowl is usually found in <style=Hint_BgL>Beast Fang Ridge</style>.
1761977803,222fb5d9f60411e080697c0f3189bdcbb6d68e4fe7d0e8b0ccb7ba5b340d0595,Alpha Scorchhowl leaves burning flames in attacked areas that deal damage over time. <style=Hint_BgL>Use Water skills to quickly extinguish the fires</style>.
1762025843,0b827da698d6581f49ed12e74a7f48e6ddd7e7da271fdf5aff43a6d40bb7934d,A Dewdrop Crystal imbued with the emotions of Aniimo of the Budclaw family. Some say it carries their blessings and legacy.
1762052458,1e037a7e0dd81a286c7593a2ebe5c2b0cad6cae835cadfebed38cff5e4c72f7b,Ugh... my Cozite...
1762067204,a10154681b669f070f1ebd956eb5e296382dc2d2f2c1b1620a66e2385f3e9465,Nickname Violation Notice
1762090485,8cb5537596323e52d8fa704ba3ea8db3988ec6ca8e5d3f552dc2f78d40998e03,"Your Research Console can quickly assess the potential of Aniimo you caught.
Aniimo with higher potential, typically possess superior abilities."
1762102157,4a7e6ab6c8328c61553758acc91cccc95c96fb91a1d36a2dd81171b67fb385f6,Return to Astra
1762225447,53ae7e59edf76280e185f83d3cf296e915652aaf46a122cfe912f66ec392c897,<style=Hint_BgL>Mutated crops</style> harvested!
1762241421,79f1087423a6d602c018e5dff4a232ce3a3b89bd5b64a874af63801bb6c16d34,Emberpup and Bonesky in this area will be friendly to you.
1762346483,0ea3514b28cb6d816baca01b01c18c07119047c7f7ec66895718d22355e1b01e,Mysterious guidance
1762358744,3cf0e2fbd1efc94418311b5fe116cfc7d25366a53ff42b88970fb2ac49536c28,The Ally I Twine with is right here!
1762378555,e5482c58f0d2fd5f3b22a792d2bb362a9f8dacbcade7c8233e5c0e8de7258112,"Right now, the holo-malfunctions are centered around Northside. <style=Hint_BgD>Jiff’s Gear Shop</style> has also reported some issues, so you could check it out on your way."
1762388743,357e116f4a8401f81ff64fca27157b1ee98ac6b2b36f492f673cecc93c2a38b5,Emergency Defense Terminal activated!
1762410681,2d6b946d4114746e9c6e0e55da463e4ab46a2a46f6a096d4be9e08dc517b45d4,Catch New Aniimo
1835997829,2d6b946d4114746e9c6e0e55da463e4ab46a2a46f6a096d4be9e08dc517b45d4,Catch New Aniimo
1957734639,2d6b946d4114746e9c6e0e55da463e4ab46a2a46f6a096d4be9e08dc517b45d4,Catch New Aniimo
1762411926,03feebf69c58f8f3543e6ff5c04d52402e1a3312f9ba3d11d4231f12351ca21d,"During battle, Sherro will <style=Hint_BgL>periodically</style> gather <style=Hint_BgL>Water</style> to form a giant sword and unleash a wide-range water wave attack. Be sure to dodge it. Having an Aniimo with <style=Hint_BgL>Element Resistance</style> take Sherro’s damage is also effective."
1762430569,b4a5865238538a7f5d1cbc1b073707c97f7541ba6015f078301c16e966e35781,"A legendary perfume crafted by perfumers Grace and Cress with Flame Flowers. Bold, spicy, and impossible to forget."
1762452290,00b64b56b571ec5f98e4bd052b9e3fe8e3b394e0eb3405f6123f0dc212b9755e,Slacking Off
1934809103,00b64b56b571ec5f98e4bd052b9e3fe8e3b394e0eb3405f6123f0dc212b9755e,Slacking Off
2070415085,00b64b56b571ec5f98e4bd052b9e3fe8e3b394e0eb3405f6123f0dc212b9755e,Slacking Off
1762452737,2a595a3508d321c62c37d16da4c74c4be861b3321a6d54460896a6b21e5a0472,Quantity Distributed
1762474939,93315f5c7a5a86706e0ce28d7c458a6926065465429123c2f3efe75b19d05400,Go up to the concert!
1762481127,b1af11622bae2d3d017e803f3dfcd4e9b1f6925fa55a356f5919cb0362caac23,Perk Me Up Cup charges you 500 coins. Welcome back anytime.
1762501773,fcd6136639c1cc6344c224122fc6ca8d04b299aa15636326dd399672e9f2351f,"I’m trying to put out the burning Ember Coal, but I guess I’m not powerful enough."
1762509227,a74f588b22443d2e02ede356a24bc98601eb0a74fbc3e5786983edecdf8fa440,Innate Potential increased!
1762526703,5af2161cc61ac866323e8b3e04f7adba324b43b7a9bed697b2d74dff93c60d30,Look at that wall over there! Helmut and I ran into a monster during our adventure!
1762533755,aa0322f7b1d2aaf113e2a3060b758a9f23a003374a9653e6726039da876762a2,Default Group
1762541302,9f2f3455e2a27899bd43911e448c6d24acf976295dee5e68b7e9576ea1201d5b,"<style=Hint_BgL>{0}<sprite name=""{6}"" tint=1></style></style>"
1762547626,b66321cb8b9c6406cf98589c1a2f2106a59ac55837e587ea996268806be6ddf6,Companion Handbook Premium Level 89
2105029765,b66321cb8b9c6406cf98589c1a2f2106a59ac55837e587ea996268806be6ddf6,Companion Handbook Premium Level 89
1762552833,f65c9193a9298420171088b233a43587797a1d2298de2a97bb16306655119d1e,No blueprints available at the moment
1762554291,6dae71c6e6e1c7d513de3544aa5d54d4b4ef8e6cc4caeb28e22c3dba368d0910,This is killing me! Why won’t he show up?
1762562736,8bdccad25af70453bc27bfca07d22c9230cb4a2c3027a68cbe60d4c681d7422a,The explosive barrel got wet. It won’t be able to explode in this state.
1762589142,96d1898c8780ebcdbfc1af4b20e334800a692efab2fc010d3ae2cca98dab1e82,Tail Hammer
1762617664,9047322b6e20267492bd6b59a75b9afb1a0422373459db2830c2f13a8d1eb349,That’s why she made Whisper of Longing... so anyone—human or Aniimo—could recall their most precious moments.
1762671061,6a95dced8bcd0426db4da979950bbee77d7b59fd1c58f038f82077a932f853a5,Fallen leaves for your Home.
1762671485,44718ac47a0f809fd539aa2ef8892730e824fe5e62d567670bb398889717f9f2,"Spins around by continuously consuming EP, dealing damage. Deals <style=Hint_BgL><customRichText(calcData,ability,14530300,param3,1,%d)>%</style> extra damage to BREAK targets. Spin speed gradually increases, raising damage frequency by up to <style=Hint_BgL>100%</style> without increasing EP cost."
1879313491,44718ac47a0f809fd539aa2ef8892730e824fe5e62d567670bb398889717f9f2,"Spins around by continuously consuming EP, dealing damage. Deals <style=Hint_BgL><customRichText(calcData,ability,14530300,param3,1,%d)>%</style> extra damage to BREAK targets. Spin speed gradually increases, raising damage frequency by up to <style=Hint_BgL>100%</style> without increasing EP cost."
1762702231,fa7c7ddb619858754edb321063c031e543300c12477e5e574b703efe3cf4c07a,"Flowers and thorns, protection and sacrifice.
Like a shadow follows its form, the two are one."
1762708280,539f3894f8b6e573d05531a18f0e11a4800f953f3cf01c04db07ac0e51562f3d,Challenge Buffs
1762715332,e7e71a0df75e11050437010b5e4bad840ab618984c49de09857e39906dc80ede,Unlock Badge - Fragrant Dancer
1762717788,fcdde7461a439300e01dc15dd8aed8bdf8155e973cfd92820d3791bd50a341d2,Area: Old Town
1762721615,a14f3e7beaab781f38f349bb4dca9122ccde2c152691839f410ea53dc4342a9d,Young Boneskies can’t make ice blades that are cold enough.
1762724059,199f60609f1810f7a3685870431c545a276963a1e545cfa4d921ec8d4c89d322,"Welcome to Sea of Flowers Park! Just check in with the attendant, and you can park here."
1762733950,2b48cf2347ee5e7ec6d0a620e78d40fbffa237688c04763a9f64397a5f44536d,Face Tattoo 25
1762737101,19c2d772e0fce21383df7a82182c8a13745499dba09c3f18088e5295f6ebe564,Learn about the Dewys.
1762750368,96a0d25a90c3ab8af5edf86222a614692ef3aa7811c403ddcdbac0a7a8c9e996,Modify Field (Elua Parameter)
1762750522,71956f245933b6eb590c067f0a2a80208ca846abbd924577d88a956283b67503,"Evolved from Irises in mountain forests, they have taken on an elegant verdant color nurtured by the wild. As they dance, they release the fresh fragrance of greenery."
1762760045,0d95eaec6b87587151edd3c413d99b33d93913458519845741395f8907b7989a,This Aniimo is not selectable.
1762766297,a12852c1b9e2a94e297ee1d0d96cfc24fac7f6cddad9e9eacd9bc4098a3ddf1a,"M.DEF Potential +2, P.DEF Potential +2."
1762804367,af1ccb31304d74a7940a2f62ec8ffef5eca8e82c211399d2d1b1f6e26db89da2,Emerald
1809019290,af1ccb31304d74a7940a2f62ec8ffef5eca8e82c211399d2d1b1f6e26db89da2,Emerald
1976113578,af1ccb31304d74a7940a2f62ec8ffef5eca8e82c211399d2d1b1f6e26db89da2,Emerald
1762827628,7bf125a3909b5ac28bb2867f46332032191471e900ac112afb9c148c76ad02af,Chapter 2 Pathfinder Essentials
1762847134,5b4bef2871f2475dd4bdfc61c4b7f0f09cd9b9b247d02068bdb6e66e639cd861,Total Damage Dealt
1762858029,215c9c6c80752e3452ed45f4e4317518b991dbe9a96a0185fa26d05a980124d1,"Helgon loves piling shiny metal objects in its nest. Sometimes, it brings along an unlucky Helmut too."
1762869143,ef92b45990bdea96f70ed875ae971b67c57f4cda794b333a80de92a141e24a3a,Jissen
1762880290,be39176e2b0d34401ad253542a0d8d87282cfb73e4188e0e362b2bd20147122f,"Catching Aniimo is a good way to upgrade Aniilog, but it’s not the only way."
1762891489,843e07a7357ad0e9c3c9a6b603044f2aa689aa8cf29e371e515250f031faa629,Who’s there? Who’s that behind me?!
330631839,3850dec8649e1dbd943d3b1b0b805648bbc6d8f151864803e777cf40f57b97b4,Earn the Bronze Collection Badge in Tideblossom Coast.
1762899973,3850dec8649e1dbd943d3b1b0b805648bbc6d8f151864803e777cf40f57b97b4,Earn the Bronze Collection Badge in Tideblossom Coast.
1762908534,afd32566bb33cdece4f0419682dc82afa84e9644b7e1113b7d0913150d6b891a,Awesome! I got tons of data from our battle! I should head back and put together my report. Thanks for your help!
1762917411,c80c3c1e869a2913cf08fb5658e8ceac02607355e29ed47fb842bee08b29973e,"Enough to freeze a hot stone, I guess."
1762925552,0cf6e867eb8af67a5250bd7347a7f86060c1edfc9dae93f9722f1a2029e2afc5,Gathers the power of grass to unleash an Energy Shock Wave to ATK targets in front.
1763006920,f405bd7ae2bcf9f14b7071ca24e10d1d628c393607aa4ffabf3637e3ecbee667,"The next training will be more challenging.
But I believe you'll perform excellently."
1763017104,89abe37f0a862db83eb14fa05145e970f657dd913d4698badf56d482dbc8ca51,NPC Gaze
1763017534,ada5973811efa542a88b35a8c80ea584bd8b2b129d8cfc7aa5fbd6fd6d32fab6,Occult Flint
1763017676,cc92df614d22d0b3db49f8069c26c47329c52186f81f643d921baffaf882375b,Straw Sloped Roof - Right
2091381876,cc92df614d22d0b3db49f8069c26c47329c52186f81f643d921baffaf882375b,Straw Sloped Roof - Right
1763041523,3d9a7317954ff485dcaf385381bae97011b4ebbd8aab1507862170bfdec91eab,Exchanges:
1763090275,8ab175ee78df90597ae56eb3bb9b7120c644e35f94cc8af9755325ba29fdb4bb,"The fertile and beautiful land had lost its color, fading into a lifeless gray."
1763107289,62dc306343e4ef1fc50774a3d8e233e06d2e70d3ab7992692b5132ef3a744c72,The Lumin Amber attracts nearby Aniimo to guard it. <style=Hint_BgL>Defeat</style> the guarding Aniimo to break the seal and claim the amber.
1763129883,8021f4f569b23714c922085577aefb941b328fbb28df3188eefb087f9e3b5172,"Attack the rectangular area ahead three times with vines. Inflict the Bleed status on hit, dealing {0}% of your attack power as damage per second for {1}s."
1763130248,ced51700e62ab385e2f499e469ea900edc7014dc55ba46a6ba6df0de39bbc782,Finish creating appearance?
1763132381,b09837e5ccafa27fd76bf44a278221f3719227b4bc1cd29e10cbfb949d8eb511,"To celebrate the Harvest Moon Gathering, GoGoHomes has prepared a batch of special seeds that only sprout during the Harvest Moon season. It’s said the crops that grow from them carry the unique blessing of the moonlight! Plant these seeds and see what surprises they bring!

Event Time: <style=Hint_BgL>{0} - {1}</style>

Event Rules:
During the event, planting the season-limited Moondew Crops ""<style=Hint_BgL><link=""item_4001066""><u>Moondew Radish</u></link></style>"" and ""<style=Hint_BgL><link=""item_4001067""><u>Waxing Moon Pepper</u></link></style>"" might produce special mutations. Discover and collect the different forms of Moondew Crops to complete the Index!
Duplicate mutated Moondew Crops can be dismantled to obtain ""<style=Hint_BgL><link=""item_4040034""><u>Waxing Moondew</u></link></style>,"" which can be exchanged for mutated crops you haven’t collected yet.
If you haven’t obtained a mutated crop, you can send a help request to a friend, or give duplicate mutated crops to friends. Help each other out to complete the Index!"
1763143401,1084b4fc2ea9fdd73070784be55c14041d39702129f2ee588fe6c9821ccdc2db,Stop Batch Effect Collection
1763167965,d8dfacef17a4b48aea9e841baf3f99aa92ddaa6389ff2745c9871bec23862370,[Wealth] Hazard Pay
1763185909,75b01323ec1797eacb7df2684d61502df6c010a257fddac66588bb35998c3830,Set Aniimo or monster level based on actorId (numeric test)
1763240325,304797028615416069b313d157fd951aa7f24a79d2278c16e6d0dbaefd8bf5fc,"The Medical Station wants to buy blessing gifts for sick Aniimo, so we need to make extra preparations."
1763240959,444d9b21e5baaf8243d5c327c5db2634dc37e0a7ef8835dc395a412f269dc44d,Crossplay
1763300009,4f9f0a08ff62e1c84c749b6a285ee5757eb22edd3c2d81e63c5d58b27410cdec,The [Past] space-time is in a cold winter. Rivers are frozen and vegetation has withered. You can now cross the river.
1763338632,28d684e3acafafb5101cff894051794987994e4b4b1c28c2a9fb914ce36c00a6,You have such beautiful petals.
1763349619,6426e1a57ea538ddc6f3e7124d7a329fb435a652e2ef89e4a09d37974ef96f62,You're using Official Payment and enjoying <style=Hint_BgL>5% off</style> <style=Hint_BgL>Lumin Crystal</style> purchases.
1763416001,28d893917a29fb9a967cbe183786ccbec7bcad04689a035b4e8320054d37d567,Currently Applied
1763424731,1af33e9aecb6af1eae698f5e2e5aed3364061e7a2773ab88fb36b84117ae76f2,It’s the end of the road.
1763498130,241bedc574b0d7b67d5d20766ce8f23cc4a090198f2dde3eae8736a793add9a9,Heavily weighed down
1763500423,c1c445538c80d122d22500d16383aaaac5f12d3dc91c9d992281a97cbd29fd93,Please enter the combo code.
1763514748,5def127c88181dd9b2e2263664ad19895615ea803e5bb49e9e2acd1437cc941f,"If I lived on Earth, I’d probably live in..."
1763525433,b977fa7802e2fa387e1f591f3518d552b600102ed610490928a36d5981b14f0a,"Finally, it's time for the color mixing phase! Lady Irelia Evolved into a Legendary Aniimo through the Collection of colors, so our fragrance must not only smell wonderful but also be vibrant and colorful."
1763547202,9661e7fd36282a1b9237b213648ec8100dde8a8833f01d40993841975346432f,Pathfinder Skill Reset
1763592605,804b0b2e5f9519ebb650e6edd597cc744b3c9ed1b1194887ab8d101a664d6e5c,"Dense clusters of blue flowers forming perfect spherical blooms.
Can be sold in the Inventory or at the Co-op Store for Home Coins."
1763617366,8388d70985fad2e7e5c5d400a637fad8433a521d5471df23f300e68346d6c85a,"Nobody knows <color=#d89c28>Morphling</color> better than I do! Fine, I’ll tell you what I know..."
1763631164,e3a67d9540e9a204f7dc4aa9d44a0ec652856cfa932a21196bf9df23aa0e4cd1,Execute
1763689106,9b9457194004bf13ab77f87a7791c62b7c6da09fff876fb7db5251cd4eb7a387,There’s a strange flower... Sounds like something’s coming from it.
1763734168,0569f5a9141e19c17cad7456fa9f703fc83ab37b96394d80f7c6d2dc19308f55,Perfumer’s Memoirs (Part 1)
1763746590,a18ccdcb2a9c027902621fa049fa7dbf99299337cfd13d0f5dc1013dbbb66136,Product Locked
1763750684,140ef6fc9784a34e23d10c0cb914fa40b86effed2b119becd1ef3e36a3ed19f7,Is the academy's training really this terrifying...
1763765597,bb48db3c249380b2a3ae19982b03597343785cabb7a14539053ffa75a535c826,"Climbing, swimming, and flying are three common Pathfinding abilities. They can be used in the following ways:
<style=Hint_BgL>Pathfinders</style> can swim while in a <style=Hint_BgL>non-twined state</style>.
Some <style=Hint_BgL>Aniimo</style> can use climbing, swimming, or flying abilities while <style=Hint_BgL>deployed and twined</style> or when <style=Hint_BgL>equipped for Pathfinding</style>."
1763778694,9cc4b20427a723f35a5a2677c6aaeb5c23a9096886b95f761a9b130fe720e206,Bouldus’ exceptional evolution unlocked
1763827730,144c6173d994be99a26680cae4bbd40c9b860d152e9e8cfe12c46e98efd85a2b,"Thank you, outsider. You kept us from losing everything in the end."
1763841002,67307756409ba96da4d95b652b3b65c2d1497603d6f6463449815283a9355b19,"In the Breezy Plains, the daily Nurture Ecosystem cap is raised by 10."
1763854195,0c6440f62ef913b87b748b90156288ecea838795d9a9b7fc6aee0c38a6d8bdc6,"They sleep through the day and come out at night, just like little stars."
1763872654,4282eddae33e1d91a961adaf86c2d5469a1de7193efde2c40e0c0982639adbe1,"Irelia must have merged with the vein...
I wonder when she’ll wake up."
1763873511,f17b5ad88601126d5c79143b8319c57c7a09b19bf83be937cc9936816d67620b,"Cars? It’s not some old-fashioned thing.
This is the most genius invention of Astra—the <style=Hint_BgD>Mini World-Class RV</style>, the <style=Hint_BgD>GoGoHomes</style>!"
1763971332,76a83a525cf8cec7990052d5e4f187399fbf146c757384917bfb5d76420f1964,"The Battle Art Department was founded to strengthen physical training and prepare for wilderness crises. Using holographic simulation technology, it focuses on improving how humans and Aniimo fight together and honing exceptional combat skills."
1764002769,814d8f25481cf0a7f1ba97e05d76c563704f2fe67ec1fdb40c7581dbd8ddf663,Has a chance to be obtained when catching Aniimo of the same family
1764003367,708657de8a053bfd792407847c0ea09c5214129081947a86c10b63ae717a47be,"(1) This game is a role-playing game suitable for users aged 12 and above. It is recommended that minors use the game product under the supervision of their parents.
(2) This game is based on a fictional lore as the background. It tells the story of the player building friendships with fictional creatures in the world and going on adventures together in the new world. The storyline is simple and positive, without any adaptation based on real history or the real world. The scenes are colorful, and the music is lively. Players play as human protagonists in the game, with gameplay based on a certain level of physical operation and intellectual judgment. The game encourages players to achieve their goals through thinking and training, and there is a social system based on text and voice in the game.
(3) This game has a user real-name authentication system. Users who are authenticated as minors will be subject to the following management: minor users can only log in to the game from 20:00 to 21:00 on Fridays, Saturdays, Sundays, and legal holidays, and are not allowed to play the game at other times.
(4) This game focuses on adventure and training, which can cultivate players’ imagination and love for nature. In the game, each player can form deep friendships with adorable fictional creatures, embark on a journey of growth together, and explore unknown territories. In this process, players will not only experience various adventures but also enjoy the joy of teamwork. The game design can bring optimistic and positive emotional responses to players, guide them to form positive emotional expressions, and obtain a relaxed and comfortable emotional experience."
1764003792,91b62df5e21cc26a8527c96aff5759890a67561bc5bb31a39b5740af5d6efba0,One last line!
1764040149,8d354304d60e03b73e09d57601b12b4f57184566dc4a1420886f393a5fb4da7f,Chemistry Quiz
1764050582,2f79f465b899fe9e8500b99c67d10f14d4bcb4f4eadb1044cf9983a7cb30ac1c,I heard your Aniimo is very strong
1764051175,2ba90114d12431abf65ecc6635c18ee1da2cdbba6b9fedd49931a1c79b22d45b,Silver Helm Visor
1764064134,590c2ebb79160c7c2c45335ba1dee0f6ebd9b679bca1f541497e5ae8764f11ad,"<style=Hint_BgL>Temporary item. Usable only in this game. Cannot be taken out during extraction.</style>
An Attack Amplifier chip with the Blink function. Greatly reduces enemy attack power."
1764075837,1339bddc2b289b6fd255300304588914b269d18aef7b704c17ed277a8baadee7,Select...
1764117137,684c4c7eadde22d1150f5daf26fac154dad6984fc5ba2b5bbc403fb770909eb5,Just how many tough morsels has it gnawed through to develop such impressive teeth?
1764150297,6ed6b0066082a92a73e72657dd0ae6abc60fae8000b4d8145eb40175d622005b,Unlock Building Plot 16
1764152576,34a370bce0e8a2700fe70a36c34b6e696e58f116a63cd50579f1486df297b449,"When you’ve got time, bring your friends over for a snap too! I’m sure you’ll feel the same kind of magic."
1764157616,536f3a7a06cdcad47a1a79428db1fea4ae3921c9444352c9982dfcb8a947eba6,Your account does not have sufficient membership privileges to log in to the game.
1764162390,42e457b4273b68356c390e0aa510b96576ca5902f867c73289f4410f220dd5f0,Direction point
1764180330,1bd0bf54be1917899c935b9533380735c3fdec5e78e396f4f0b37b79080321c1,"Don't ""but"" me! That's clearly us in the mural!"
1764185261,520aeae2d548e4bcb2b40da80af9f9b0c9d74566c558351b0c99c5a1db8296e2,We’re hosting a barbecue party to thank our loyal customers. Better stock up so everyone can eat their fill!
1764196457,9ab15cd7cf9f1b140bd1bcdd7306d5ad37820522c34cf9fb0d49c4a3a88c180c,Obtained a <color=#DB9C03><b>Bubble Otter</b></color>
1764211326,1d2c73dc01f2359b03a9ff2a2cf7e7b4069dfdb66d78dc791173d38471ebee47,Static
1764230525,a1bbd793a46c480c6c51465c72d4e95b96d5c4310ff1944323640306fdc7541d,Yes... only there can we bring out the life within it.
1764233089,cb770d7f4477e2d8bfa46dbc5f4573a3634309184e807450bc0fdfa54dc592cc,"By closing its shell, it hides its very own starry sky."
1764254957,ebd212d6af50559e5d09a3e560357faf043ca037380dac69e3fe835d4390c258,"At this angle, I can definitely get some air... "
1764310602,e9c27ddfa47cc436ea00ec9ed7f00368eb18ca01b9ea264271a5e3be91f742fd,...That shining meteor—where will it finally land?
1764333618,f229a7ef48cdb0ad3340ff3ed05ccf8690cc22eeab7c54bf466c04e2ca48513f,Text content placeholder text content text content placeholder text content text content placeholder text content text content placeholder text content
1764372057,2eac92bf466d825cc9e8990f3dc694fd8859da4894b3e630354d769a536eb333,"The Starwish Gachapon owner knows where to find a hidden stash of Voxel Coins,
but he’ll only swap the info for a Starine.
Go find him a Starine first."
1764398492,ce6501e1929a627d5ddcf6fe4e3d8917bec29dd78638742dcdd1a93a0b02d279,"Draped in delicate pink and white, it sways gently in the breeze with a cool, graceful elegance."
2146085887,ce6501e1929a627d5ddcf6fe4e3d8917bec29dd78638742dcdd1a93a0b02d279,"Draped in delicate pink and white, it sways gently in the breeze with a cool, graceful elegance."
1764424814,36ddb4522d5a19514f64345b9a28e2da6d4255122da894983c492ca8ef33d273,"Oops! Sorry, I got carried away again!"
1764439989,de617608ffaf990c6031726116d09e1cb310330d5a69f18669203e6b6a6d8a05,"That's right, you—the new student #playerName# who has garnered so much Appeal this time—are the most Uncommon investment target in my eyes!
Being selected by the academy on your first adventure in Idyll means your future prospects are truly limitless."
1764466746,8f9df96e88c394bfd02dd51078911e7deec25d30a218cfc59596a1e94f008693,Reconnect Test (Brief Disconnect + Incremental Sync)
1764469387,d8d01fa9f44ab60a364e7657f9e2a19003d6152eeb2c462b69ed3f55271426dd,Are you ready? Then let's start the challenge!
1764478727,b837ac67e21dbe4f7590f89d60a752b77348f0f0135610460e9b59700eabb2a0,Eek!!!!!
1764503466,a37407ad0379c6f1106348cdf813b8dc891f262b77591bf9cc06838cc03ddc73,Watch it carefully!
1764514838,835d5a011c44a56172a8578fc08209eb5327c346ce42bcf9b13377ee82740ebb,Star Diamond Sash
1948929154,835d5a011c44a56172a8578fc08209eb5327c346ce42bcf9b13377ee82740ebb,Star Diamond Sash
1963633867,835d5a011c44a56172a8578fc08209eb5327c346ce42bcf9b13377ee82740ebb,Star Diamond Sash
1764535657,9dfe11154ed85d1b1bb900450caadcb117b9b21da52d6347232c5a8a3fbfa7de,Promotion Assessment must be completed to unlock talents and learn Pathfinder Skills. Congratulations on unlocking <style=Hint_BgL>Level 3 Skill</style>.
1764596187,af261a8bb670febcbec1c32af1facd3db2feebdda6d85a88f76da39968eabd1b,Prismana Scorchhowl
1943304610,af261a8bb670febcbec1c32af1facd3db2feebdda6d85a88f76da39968eabd1b,Prismana Scorchhowl
1764606323,4720eb964c2f76dc417102087dca153a4730ff14a4509ba84ab9d98744ed0ed7,"Tightly bundled into compact squares, these hay bales bring satisfaction to those who love order."
2071938331,4720eb964c2f76dc417102087dca153a4730ff14a4509ba84ab9d98744ed0ed7,"Tightly bundled into compact squares, these hay bales bring satisfaction to those who love order."
1764680567,3f4ccd81d811183409c2f30a5a644c02552d48215b8fdebed97f795f3067fde6,Free Companion Handbook Level 40
2097582795,3f4ccd81d811183409c2f30a5a644c02552d48215b8fdebed97f795f3067fde6,Free Companion Handbook Level 40
1764695519,3fa69e8d935624dd272044369a9ea3fa4a8551f8c5fe161e1e13a70a41d9c86e,Frost Condensation
1764725178,c6ee70d519cdf9efe32d88d2f1e11ea5c1fd436e432c857c184a2dbd3f681d18,"When in aquatic environments, Physical ATK increases by 10%."
1764774096,38dbf6a2ce061402df2ec1aeadd17e0fd6394213371c945f9fd677622ca5ada4,"When entering battle as the active Aniimo, increases healing by <style=Hint_BgL><customRichText(calcData,buff, 91231011,param1,1,%d)>%</style>. If off field, appears as a phantom. When other Aniimo cast skills or Ultimates, restores HP equal to <style=Hint_BgL><customRichText(calcData,buff, 9123101,param0,1,%.1f)>%</style> of max HP."
1764776385,2c620021f47bad785dde5ea3fcee867b8303900e166054e86c63712a77fb0f55,Entering combat increases damage dealt by {0}% for {1}s.
1764783609,79cd6722067667e72aa78653f8a197afa34ec2d6092f10936bf657cb7f322c77,"Bloomville perfumer Avetine is about to set off on a long journey.
Right now, she’s offering a hefty reward on behalf of her apprentice Baboni for:
the treasure of Blitzwood, <u icon=""Symbol4"">""the Golden Answer.""</u>"
1764788454,163525faf6d9f7c87e3e81296d3620743b44438bb4a0b4bab95474b5655ce17a,Condition Text (Placeholder) Condition Text
1764792830,13edb6a03be8ec35d9b6ab8af2719df106b938dfb8a054deebfe97e91a0b7dd7,The Legend of the Lost Warrior
1764813049,4c74a1ebb0d1dfd6d996d5401c2a02859e8406c22284125d6cfaefe92f0062b9,"Hey, classmate! Over here! Great, I’m saved!"
1764839944,1053857919755224209524bb194ea6171d6f93b8cdb8247f94533a5adc94e849,Eko Dewdrop Crystal
1764844450,27930d8c0ba9474667f9b7683242d83dde1c3acf608dd7ee4af6b1ccd398e835,"Look, look! Don’t they look perfect standing together?!"
1764869712,68d31cdeefb3b9b56a548bbcc31d8b0bdecffc669168ff59f4b4a4ecd2b6f156,"Well, you’re a capable Pathfinder, just like Dr. Lewis after all.
Staying home all the time would get boring, wouldn’t it?"
1764873040,382b521f806728583eac1f327ff5f95f5da782dc5e10b34badd1d27fedbde823,"That’s easy enough. We just need to prepare more crops.
Whatever people like, whatever Aniimo like, we can arrange it all. Just a moment..."
1764875675,5cad1dafc0c2683ecc90f02c246c2497d72d3e556ff165900e795a90970a0f63,"They are timid and hide whenever they sense danger, but the fluorescent scales they shake off always give them away."
1764968918,3f598e5e7b936bbdb06a3b92f9703ff85ef2a8f1044e46e1cbcb0b18216206e9,Popapus Alpha
1782474460,3f598e5e7b936bbdb06a3b92f9703ff85ef2a8f1044e46e1cbcb0b18216206e9,Popapus Alpha
1765015800,ec1b582e174b4a0c1510f02a6682f5ecedb5e4c9617988c8ce2ccc0e11583ac8,"—All set. Your enrollment is now complete.
Welcome, #playerName#."
1765017618,e74ed1e05d6b847738d45d8350446ed469a68d4aa46044284511ce986477df21,"Research Day 43
Notes by: Perfumer Ampah · Florifragrant School
Mood: Depressed
Activities: Modifying temperature, soil conditions, etc. To help the miraculous seedling grow.
Results: Some changes noted, but after growing two times its original size, growth has halted.
Note: I’m out of ideas and I need rest.
----
Research Day 50
Notes by: Perfumer Ampah · Florifragrant School
Mood: Pleased
Activities: We’ve discovered that telling stories to the miraculous seedling encourages growth.
Results: The miraculous seedling seems to grow faster when it listens to happy stories.
Notes: A couple from Azureville arrived unexpectedly and were attracted by our perfume techniques. They have decided to remain for now. I have high hopes for Joss in particular, but he seems more interested in the Blended Fragrance School. I’m going to see if I can convince Marissa."
1765046986,cc2682b5c20418f327691d73e3f44b274edad499095d8014d50d63ea8a5721e3,Increases Aniimo HP cap. Aniimo with 0 HP won’t be able to fight.
1765070139,8e7bc1a27621ac3f1633be1c4f55cd5a60ef2a23206d8d71b60506c3529bbd0c,"I don’t want to end up like them... For us, losing our fighting spirit means losing everything."
1765083213,f770ad263d25e00a041e7c0eab957c664029ed701842f238bd703cd20bd8075a,Just like before! The fragrance summoned Aeolus again!
1765100313,06b57b48f93c1afe5ce233bde163851130eadfbf7ab216f19520572262706773,Hide EcsTopLogo
1765149934,637a0ee4d1dcd19222916dcf3c3e6bbaace7b31e6ffa895781a21451a0850d7d,(Translator) Huu! The next patrol point is over there. Let’s go!
1765169306,6c61af05cb617b2c9655ec935e88d77af8d785e4451202d5bbe0165988d3e70b,Some strange tracks are showing under the light. Follow the tracks and see what you can find.
1765175643,b4c12356496fd7ae5fbf524f81272188d177d9a5cea93b98d3b8889f7f6dd13a,Bronze Figure
1898162994,b4c12356496fd7ae5fbf524f81272188d177d9a5cea93b98d3b8889f7f6dd13a,Bronze Figure
1765189345,2526c620c18174be05e572dd652ae608cd492325cce3db8976fdc03f5fbd539b,House
1765258048,0e5a02584d3738d06d819cb69878f3df71574417b20859508ad5f0356be740aa,"Anyway, thank you for being part of the experience. I’ve noted down many ideas for improvements."
1765261268,0880fdf618011145a21fd522ccab37acfc59586fb5ff7c44d642045ee924eec3,"Aniimo should be on fire—no, I mean fired up! Check this out!"
1765271156,e8817befa8b7fa7056804e2c2c727ce1a24e2d15032bffe9734ee737a00348e9,"Duskwhispers symbolize waiting and longing. They have been living on this land for thousands of years, and even Bloomville was born in their gentle embrace."
1765273907,54e73eb91e8bf32aa522d21df3a62aca0b77a380ff2a27f516c753d1b7e37ee5,"A peculiar rock containing the power of Metal Element.
It’s incredibly hard and won’t break even under heavy pressure, making it the ideal material for crafting forging tools."
1765287915,f512e671aa95642af12aa90eb87bd1b0a3cfe2212c8ebe0c319f6fa567a42cf5,"This shows that the Idyll Civilization at that time had already mastered the technology to create magic devices...
But later it was lost for unknown reasons."
1765298598,f62dc1ff0f2706ca991968bdd0c0a8f44cdf769dce06f036b2bc731370844f26,Little Rubber Duck
1765302917,e7838e102e6bd1a4690caafef8f9615b3f81c435b5d05892143f1a2c8d6e4e9e,Frost Blade Vortex
1765374882,fea89d2d83bfbb47f01fbcb24aa27ccc4916a06989bd32f720157fe6d5539985,Please add a marker
1765384427,4fd75581d17e62f52bfb9aa78dc306d0feb2025b17caee9f843de414bb4f3740,Aurora Tile
1785258581,4fd75581d17e62f52bfb9aa78dc306d0feb2025b17caee9f843de414bb4f3740,Aurora Tile
1765387050,47cac9d2bb1423b5fe28d11766cc8aec7e8242fd894ffa4519ebf2e457ac313f,"Victory is the glory of courage, sharpen your Razor Edge and press forward fearlessly. Face powerful enemies with smart elemental counters and teamwork. Push your limits in the Holo-Battle Sim and Interlink, and return triumphant from Operation: Egg Heist. The brave fear no challenge—claim victory and stand at the pinnacle of glory alongside your Aniimo."
1765403057,c7ecf8da9410ebecbabc47a7a919f15f66d42af96feb9d580bfd98ef25d8bedb,Prismana Aniimo Forms Owned
1765410641,d11849424fc58f6337d52b659384ba0d3c827f2bf531cc748e0f632042ca0855,Not enough Arena Tickets. Unable to enter the game.
1765417693,432bcd277ffa6f9d9094743b6335d87bd119a9eae0173951126a441f44b1c3a3,Wow! Is it you? Is it really you?! Are you the mighty Scorchhowl from the legend?
1765444242,690d622276fee99fbe4658d79060ff848d8ba98d94758826aeefe4b460fb7216,"No matter what problems you encounter, you can always find Sunia.
She's the best Perfumery master in Bloomville, she'll definitely be able to help you!"
1765456116,adc05be0dc2b307e37ae708423488b6e8092ea19889dac7f8354b9eb241c677a,"The Blazen Alpha enters <style=Hint_BgL>Overcharged</style>, frequently dashing toward its target at high speed. Place <style=Hint_BgL>obstacles</style> in its path for some unexpected results."
1765458331,27c914154043040b16b80e00588a558aca235c5493e8c3e006a4ce13649b25b1,Renewal Bonus
1765462233,2126fd97b527a7fc715b6b69f87ef25747cf2c7f63ef0d9f2706f79ff2ccb212,Cannon Mode
1765492733,0aa47b3e65866fc4310b26110ac3879f76737b4f4c4c8a3116fa0e756411def7,"With the first part of your training manual complete, Dr. Lewis checks in on your progress and suggests heading to the Sea of Flowers for your next assessment. The evaluator this time is a senior named Wally. He is sharp, but not exactly the most reliable student."
1765524690,ad3bbe8c7dc20f6afc53c25e40b9b483c9a50871197d8f09f59668a78f9ae35b,"An associated <style=Hint_BgL>Sanctum Entrance</style> has been unlocked... Pathfinder, you are advised to proceed and explore."
1765531278,cb3aee4f7dd619a069ec3dc37edf63d787b7645232359cad4604babd62c22fec,System Design
1765560550,7f7d46ead86c84c11c963ff66ce9a25820b177bb8122654f6cd95660ba71e3a2,They all tell Baleetles which way to push the ball next!
1765561432,1f05d8dd2d8a1602b00f6fb8312b7ada47d34844081bda78ac718c9634360de6,I just like that feeling—hitting the finish line at top speed. If I can’t... it eats at me.
1765617665,69f082d28dc501cc8ba72a85b232c3c3d224fbbe3f46739064710fc39cb40926,"You're welcome. Judging by your attire, you're a guest from out of town here for the Morning Bloom Festival, right?"
1765649835,b5629747e313a24a749296fca7a38a976be845c723a066ef8ef7df4883aad7b7,View events that can be retriggered after going online
1765703838,0ee030b9987a0032c306ad76659088d298ca8a9f3398a496a42c97693dfcecc8,"Back when the Sherro was around, the Shelly Settlement had daily patrols. The Sherro said those gulls and otters must be kept away. Hawa!"
1765797057,2c06ab0911559b4f0e9d4e1b7e5f3c4ea3ba0ab03755d99c582ccc5bd0c53e9f,Successfully Catch Aniimo
1765833873,c90c610e658873d278acd2862a4cc7e9cfa8d6dc3d11bba91b8ed61d6c020091,"Time’s up.
You failed to complete the assessment within the time limit."
1765855275,5d70fcef856f2a84f03fade50b296df0303f59c8af7a1b80307099ce8f1f9212,These aromathysts are nice! Thank you very much!
1765864035,1e57c930b85632828a6a30cd1f7b3082f556f7900fe303cae2528bcd3666e47d,Bud Tickets?
1765867263,ca0d0ba4be84876a6192f6f26df05ebbcbb448f557b02f795b28faae91a56bd2,Semi-finished Shelly Dewdrop Crystal
1765887072,738a4a696959bd4683a1c197dcb9b8abe6099340a79ca9daffeef12bdc082a8c,Why are humans and Aniimo ■■gathering together■■What are they doing■■Why am I detecting both excitement and tension
1765936592,2b293532ec35498ee39aeec9c82eb128ccfa9ece51b0ffa07c19b84550aef009,Test NPC
1765953852,69404a0e0c9df9eaf28efa272daa59c4751c29a96aaa4f947636d5485e2c42b4,Second Movement—a warm breeze drifts over the petals.
1765957578,67ca66bb6224a657d556c0c549c2a1ce485b1c948d190f8f724ca7fcf545d4ce,Venture Into the Unknown
1765961160,e78c4fd3065beb83d75fbd5c19514ec3a83d37c9e6912bbff0d98b054bf2ef60,"Contains the soul of a mighty Astrick, and can unlock Astrick’s Branching Evolutions."
1765967029,7a7bfbb553da7d77b67d0fcfe61ed982e5adafacd2c00159447f8855b7000006,Character Related
1765977312,d2bb08e20624002a5f1aa3d321f016ce55da244fa1c03f6207be8c1253891f9a,"Randomly awards one of the following Held Item Runes <style=Q_5>of any grade</style> as your reward: <style=Q_5>ATK Rune</style>, <style=Q_5>BREAK Rune</style>, <style=Q_5>P.DEF Rune</style>, <style=Q_5>M.DEF Rune</style>, <style=Q_5>HP Rune</style>, or <style=Q_5>REGEN Rune</style>."
1765981511,079efe28ea92e673a927d4ac12af771542492bb232a71deca864669ff4dbe354,Change Pathfinder Rank
1765994049,ac6c27de6ba916e7bd2a6917b83172a5e3164be3413c0c57a91ecb57f1974790,Star Dust
1866704353,ac6c27de6ba916e7bd2a6917b83172a5e3164be3413c0c57a91ecb57f1974790,Star Dust
1924244327,ac6c27de6ba916e7bd2a6917b83172a5e3164be3413c0c57a91ecb57f1974790,Star Dust
1766002922,5111cbe4db55bb930b05afadd0eec40265f8ee5ffa613663dc3cbd2c6fffb983,New formation!
1766043365,6cfa8c83e6407a16e390d0a9ef0551b3a4dde0ed20ea08b5df226617c131de5d,Put down the item you are holding before doing this.
1766062662,a45093ce73e9b6f93be337d3d50b559183bed3784554f34c96606da4d72181a8,"The ants really want to meet it~ If you encounter it, please say hello for them!"
1766069360,3447d21fe76b97376b0ccbbfbf5245e134c73754626d70725028a8bcbc02f9dc,Gushing Combo
1766096353,c1aeb36826d034b1501a7302e492432f9809de4103331828312e502ade4ed220,Aniimo templateId
1766110518,0a0811a5d78e344b15783a7bb2301ef90ad8ee62a35556897f7132e08af7f0dd,"Oh? So you’ve found your ingredients...
Faster than I expected. Let me see..."
1766121149,f5032af76743c0faa7ee8df94bf313d8b86a350bc7a4c6f892d4919ff69e8531,I am a Panpanta■■ a Geoclaw■■ a Stellarys■■ I can take any form■■ but I am nobody■■ I am here■■ and there■■■ in so many places■■■ everywhere■■■ yet I have nowhere to go...
1766167514,482d69a48cd14c903bd7de0fa888a60e3a4a5fe1010cce40bb9df13eb1309db6,"Waleetles have a pair of special limbs that work like exhaust pipes, ejecting gas to accelerate instantly."
1766253255,7649da11c6298f41a5f11b0537b3cbe54d8221852e6973f1f5ccc6277ee8e16d,"Anyone who can’t appreciate spherical Aniimo is missing out! Look at sculptures. The best ones are round. Well, most of them.
Or look at desserts. Cream puffs, mochi, tangyuan. All round, all perfection! Round is right, I say!"
1766256971,e593f1d251eb3ceba986a0ef51b0ca34afad82683d5e78e31d224bfddfd4a910,Uh-oh... I think there’s a rock stuck in my tail...
1766276519,c1b57a80954625c12ffe76d30acb7c9ba1ec9cb7d8753eae7ba8ce6a6d19ac7c,Place a Collectible inside your display case.
1766277569,39470752547f34c79d955ce5c1853cd6305b45e416cc00b49057322999d207b9,"Looks like Bloomville was built along the flow of the Vein, too!"
1766284020,aed53da9ce92276607d31619071f4d9dea4cb674ad71d517674575103919cbc0,"Sorry, sorry. When they get excited there’s really no stopping them... you okay?"
1766313586,d2937f976bb4fb987cbf9b50726a7c7aec996908ac92dbd768ad5eb16acb11f5,Impressive. You got the jump on me. I’ll have to be more careful.
1766334192,a9901ae54103f7b3dc4049101ef99a6f4355b92901eb04d1c0b9c6a7bc65d61f,"If you leave, you will be randomly assigned to a public RV Park in the same area. Leave the private RV Park?"
1766334324,8b6278a9b8f507c4ac75dfb34cea45c62e646667f45a6ddd16558919215f4173,"A perfume crafted by Sunia using an ancient recipe, it emits a mysterious yet luxurious scent."
1766373302,1bac1bb0c32ff23dc812ae2cc5d3b226f3b9ad77cc3b3b614ed4eafca36ac40a,Wuwa! Wawa!
1766405054,1f1dc8c62e65f8f1ca878b0dbe21868d03844add45a61ad560287d56667e5f1d,Heh-heh-heh!
1877464870,1f1dc8c62e65f8f1ca878b0dbe21868d03844add45a61ad560287d56667e5f1d,Heh-heh-heh!
1766466658,61b425223f2d375063ef51771448763f74f2f976bc07a412331afc3056c3c001,"Oswen modified his ship using crystal energy discovered in Idyll. This technology broke through the energy barrier between Astra and Idyll, allowing him to return safely."
1766478969,e49db9c44c6911723781944adbc830c51707c35590ed1e3f211e89cce3e5cb6f,"So, #playerName#, have you decided? Are you willing to accept the Invite from Polaris Institute?"
1766486469,b215003823ff9c4f3d8288d2f78788699b34abb29bf48c7b6b820ad522069bb0,"When landing a critical hit on a target, creates thorns beneath them, dealing damage equal to <style=Hint_BgL><customRichText(calcData,buff,2132421,param0,1,%d)>%</style> Might for <style=Hint_BgL><customRichText(buffConfigData,2132421,duration)></style>s."
1766492229,77fe3987757f8b98698e2c683d6e3bdf7a3436ae0dac7d7da57f40d08c2dcecb,Base tiles used with the red-tiled roof for reinforcement and waterproofing.
1766492356,f18a5ff2cc9cf37681bf03baa989375da485979e52e4f9c96a8241677fd49336,Gacha Workbench (Level 1)
1766497745,2324839b5d253e424b5a2d2fdf278b44eacbbfc7098e46887336b372d060e0db,"Oh, that’s right. Take this Beautiful Voice Perfume as thanks. Not that I think your singing isn’t any good, of course."
1766504416,4ef16ec30050a272730b3797a98e8c1dc6f46e89e8a302d2622973fba5e54cdb,"The full moon casts its gentle light across the land, and the harvest fills the fields with brilliant gold. Nature’s gifts return home as pure joy.

Exchange Time: <style=Hint_BgL>{0} - {1}</style>

Event Rules: During the event, redeem the season-limited ""Harvest Moon Set"" furniture blueprints at the Harvest Moon Shop. Once you have the blueprints, you can obtain the ""Harvest Moon Set"" from the Furniture Store."
1766572106,506ff394621596dd88138642eddfc1e41833b3ae92d95e5c77c94327098abd9a,Privacy Policy
1871674574,506ff394621596dd88138642eddfc1e41833b3ae92d95e5c77c94327098abd9a,Privacy Policy
1766581826,121804fc2c0fc5df3767de4141b291db21146918eafa2cd412f84bec93de7445,Hatos’s Ruins Stele
1766586118,6f06ca73fcef62636f97fc00e691a856eb815ae84167b42bf4528a7f8871edee,"When you have time, familiarize yourself with the Outpost's functions. You'll be dealing with them often in the future."
1766599149,c2793b826cc96e7fe5bd695d00af187d2d9b5e4e0bfe7619c041d8f6f4972362,Taylor
2018795472,c2793b826cc96e7fe5bd695d00af187d2d9b5e4e0bfe7619c041d8f6f4972362,Taylor
1766604716,2d7ce5c4b107aea04e6bfa370fcb974bfa0356b7c49d78d9024f92972823fadb,"...Sigh. Go on, then. I’ll stay ’ere... and guard what matters most to us."
1766618368,35c526cf20d38c1f1454dd4dac72aab7c55313e79e6da32336e2573418bb9fef,"Believe it or not, he verified and uploaded your assessment results
not long after fleeing."
363373433,2faff98d62d99f856f518c75418e6b72bcd491686afa86c67782082502b2a942,Earn the Bronze Collection Badge in Beast Fang Ridge.
1766642017,2faff98d62d99f856f518c75418e6b72bcd491686afa86c67782082502b2a942,Earn the Bronze Collection Badge in Beast Fang Ridge.
1766682465,7419572ce83a4d53e28ac7f6ea85949425db91d37548d6d0fe6d1d302e5e22a4,Hope these clues help. Good luck with your search!
1766724448,f1faa6e99f4b8527949615b4aee2bfdaf7e79c00da0ac1c1eff63d1edcac1204,Own 1 Sparkling Prismana Pawney.
1766731343,8689eb5f15bf09563d2d8ef3602d016738a5645639547d04e82bb4e3da90fa30,Aniimo Paw Cleanser
2125986922,8689eb5f15bf09563d2d8ef3602d016738a5645639547d04e82bb4e3da90fa30,Aniimo Paw Cleanser
1766734738,a9f18f3a9b745cd38dc515af34acb3815b2ac28806b2df66118cbd964a5df18a,"Ah... Anyway, safety is what matters most."
1766743886,2229ec067f5d840ea2f16d4344ccbafb9294b9025802071908ccccdab5ea54d9,Lumin Collection: Into the Valley
1766758155,f5c01fa3a639cce3d74d8f348ddd73a098763254abef6e3704f10f6e67315ca1,"Restores <style=Hint_BgL><customRichText(calcData,buff,2040001,param2,1)></style> EP every <style=Hint_BgL><customRichText(calcData,buff,2040001,param1,1)></style>s."
1766761611,7acdd003b793514e346d2f710cf8db40f189720c4c9deba89839895e26804622,Feels like I haven't hit enough yet.
1766768911,0a74f11015bef400d2f1655f09a0116b93cb20aa0401af6c4ec068fdd70f02e7,"Unaffected by control skills, cannot be displaced, and BREAK value will not drop below <style=Hint_BgL>1</style>"
1766853444,9f25c935b9a854bd8c837bb0e43149e663d0d0ae74c35a4c3fc315681265506e,Blade Gap Mastery
1766856916,c628b5e58b728b70688df29219c2a6465f1a5142fc61ebddefdabf0c072dc1ce,"Ant... Ant is gathering inspiration for Master Bailite. Master wants to make a decoration for the castle, so Ant went to the perimeter of the castle and looked up to find a suitable spot..."
1766887356,8c92d7226b44ea3a77220f6695c87e1c7b5c54ed64e776695541715739865c4d,[First Bloom] Increases max stamina by 10%.
1800816648,8c92d7226b44ea3a77220f6695c87e1c7b5c54ed64e776695541715739865c4d,[First Bloom] Increases max stamina by 10%.
1766894978,91daf993924a9e186510a0f7710b74530ef041af93a41c608c42660a3e3ed8c2,"To survive, Jawlings and Helmuts went to war. Old mates turned into enemies, just like that."
1766978435,9077dd3cbc653c3d005200ffb86d6be26b1a625598b90afc89c29a1fd0f27cc0,"Well, the debate has been ongoing for a long time and will likely continue. That’s just how wonderful Aniimo are."
1766981635,d5ef2854431ee4735d26608a59280b15d56f71f8ad558ff58ecfc4a6fca2c018,"Now that the ""Freedom"" Score is complete, we’ll stay here and play."
1767023209,f9cd96bf6f5599d689eec5f2bdfec0801782a184f91ca2e4006cdee372f99a38,Twin-Star Special
1767096438,bd932c9fdca8d9dfcbd8f3146929552e0789220ecac5698f6628c577d75febea,"I supply gear for expeditions and Pathfinders.
All official Institute gear, and good prices too!"
1767138153,381adb62b4d7458ae9619e7e079a88a76ec5c3c4162dfa91114d9ae6140445bd,What’s that behind... the Helmut? Better go check it out.
1767139271,e2ef551ebea2fdd12f88edc8455971e5f1f15b5085f6290a91224b4219fef9ea,Get the Pathfinder's current Quests List
1767144535,9c63dfa5a53c26809a142ae17dee6e1b8557bf56d7eb4db73d54d4de12a66e87,You’ll look for it? Thank you! But I really didn’t see where my Scorchhowl went...
1767148148,1d4af87d2cb8ca563f33fcfae0a54382779a0d3669b30527cdf9313a1f174c85,Cozy Nest
1767150409,367c528d854237e6e41b91f0289df56e3a8d93eae1ff5a23b3b8b97bedadbecf,"After many days and nights, perhaps I will still land on this shore and meet you all again."
1767171213,997bc0d7be07aac9a72dfc4962348f9a13c53cf844ffbd347ea0e9b296b2cff8,But the Chest was blown up by the <style=Hint_BgL>Bonfire's hot wind</style>...
1767213201,9b7784fb826fb7f9dbf6a0752a79ae539ae8d0289659f344f97e4b3506f253fe,Platform Reward - Bilibili.
2126285486,9b7784fb826fb7f9dbf6a0752a79ae539ae8d0289659f344f97e4b3506f253fe,Platform Reward - Bilibili.
1767219657,c5a365e2aa6217c9203636c381f5a16ef4e915230a7a1d1d46086d256b68c636,Season 1
1955906684,c5a365e2aa6217c9203636c381f5a16ef4e915230a7a1d1d46086d256b68c636,Season 1
2046689695,c5a365e2aa6217c9203636c381f5a16ef4e915230a7a1d1d46086d256b68c636,Season 1
1767223651,18e0760e9759b8b73af8f9c2942bf82aa62f28c50a8c2dcc32c42db6f6c89f26,Photo Studio
1767240270,1cd6f9fd656637f06e552b626252fe60dadabbd7eb8afc9b6bb0cd8e139d439f,You’re eligible for another promotion assessment.
1767276541,90a30d1a363b01874595f3db613870802276dbed8807323cb3f3955ce11f8e5c,Ancient Metal Box (Small)_Lv2
1767315925,fb158de6cabf30478d872c35e8fe10106756ab019f56bc2389ab37d0e44c19dc,We've already fought... three hundred... woof?
1767316915,61961f46933d04c11d41dbfd926e1aa5fcc08a798409f56a508fe1765f1ddbff,"The Irisalis chose to leave her homeland, seeking new colors... and a Somniwing followed her."
1767324283,86db712908d9b2457dc244841cc30a0ead85ed4df96246a8c5bad1e31d1bf629,Condition not met. Cannot use.
1767338510,ff3f6ad90a9d3c6dcd7b3ca5b994cf2ad6465fb28be60bb323ca7469deb1dc20,"Good! Research Department courses, you, attendance waived."
1847244804,ff3f6ad90a9d3c6dcd7b3ca5b994cf2ad6465fb28be60bb323ca7469deb1dc20,"Good! Research Department courses, you, attendance waived."
1767370561,c81d592e3b0373ce677ed5b3dc503b534c134ade8df035b5041dad3879e5d4e2,"After the offering, will we be able to see the Irisalis?"
1767421981,ce33be09126f8107a630e6b41ea942aa663ee07ccc6b2e7803da773bed9d1b68,"Metal ore refined through multiple rounds of purification, its surface gleaming with a dense, uniform texture."
1767507510,6ff27ded099e9fd8ba67ce981ec2af3f3c20ed4f6dda2d42999654d9068d956e,Better luck on the next shot!
1767511826,b4bcf23011a1a8837b7b815f875ca364d5e8610bdd62d0722ddfd920d7ff678d,Reset Puzzle
2134343018,b4bcf23011a1a8837b7b815f875ca364d5e8610bdd62d0722ddfd920d7ff678d,Reset Puzzle
1767519852,7409222224d41aca4267198c63ae077c61a516eb16e5a1ba625e29c99c284e21,Blossom Broadcaster
2083860573,7409222224d41aca4267198c63ae077c61a516eb16e5a1ba625e29c99c284e21,Blossom Broadcaster
1767546943,c4dd431139d3ca130304e718cb44bface83be727a24ad647470047a91fa6275c,What are you talking about? They clearly meant me.
1767576862,afeb5fdc3068086bd29c11fade2ff7125226911baaaa870964fefc798fecdec3,"So did I. Where’s Sunia, by the way?"
1767607045,647f57485722615ad216e6a2ed14ef2eb7ec70b1524c12e31e44b1565861ae90,"Aniipods that you picked up yourself can be found under the Homeland Materials page in your <style=Hint_BgD>backpack</style>, you can see that they are <style=Hint_BgD>inactivated</style>."
1767610784,1a54452bcb39750860886c1affe835c89b695b36125976841e3e55298d64dab5,Offense is the best defense! Here comes my Lava Breath!
354937842,7792dad4b074b816af64e51a54a75efd3cbcde1a7a8a0493d5a34559b9c282e4,Activate 15 Blooms.
1767804026,7792dad4b074b816af64e51a54a75efd3cbcde1a7a8a0493d5a34559b9c282e4,Activate 15 Blooms.
1767844834,dc25a0a10717a14b547d46a2a3377ed1039e498189e0c0254a9597c37e6b949e,Right there! The Gacha building!
1767848405,e3850fcf4869b63b194bc6f124ac23e2e1352e32550d14944fd84fd33c6aa4e3,Gift sent
1767869027,6ab85387c02d54fa3409e7c0cba548a029dad3b23770b50538caf00f4e7226d0,Investment Advisor
1767872123,01905d7801932cb1b1582cb35189a8bfd5bbf44af312a4244540ebb11459efe7,The wind has died down. Time for me to go sort through the data.
1767874992,bb566a5b67e57c26d507dd3bb4442602e8b5ccf57785688fd64d3dec50e7a383,"Entering Astra. Queue: <style=Hint_BgL>%s</style>/%s
Estimated wait: %s"
1767876860,35ffe9a07685107fa2817760c44b759e80bafb566114f6fe47127fff78ea403e,Carousel Mill (Level 4)
1890854020,35ffe9a07685107fa2817760c44b759e80bafb566114f6fe47127fff78ea403e,Carousel Mill (Level 4)
1767885031,6f7dbc1c018d2a23768ec8292f34a1d6c98522d0fab5418e0cd8dfdbcf2e28b7,Learn Swoleshroom
1767932788,a75d21341c8f8ae91e22cc2307e7512c27ecfa681a40ff5e7e498b222a2eb9ab,Archival Chip - Sayn's Manuscript (Dialogue Image Only)
1767974605,8bfec730bc617e96d0fdb8e25db79c403ca5d114bd8bbef91f0b41068b71e9d9,"As you patrol the seaside flowerbeds with a Shelly, it suddenly warns you to keep your distance. There are Somniwing scales here, which can put anyone who breathes them into a long, deep sleep. This is knowledge passed down through generations of Sherros. Just then, you both spot a small Shelly fast asleep in the flowers."
1767979120,9dd3da6c12a8e3a2d6fec64d4c5ba691105637bfb594e991287f6dc89ade3e8d,The wire’s broken here—we’ll need a <style=Hint_BgL>conductive object</style> to restore the power
1768039662,83414829b8ef4d9549a54abb62b0a80d1271dd01be05478c1a0802885adcbee8,Increases Aniipod Level
1768072459,7c2bc8c66d1040bc815d69a60b6e29f70aceedeb77a11fb65b5368e228ec4301,Pro Catcher
1768097896,1a9dbf716e933d298d875810051ef8005c850a3701a49c89fd8bbdbb737694c5,Use Recommended Build
1768118517,a4532648a0a7f6ff19e5df21030dad8026ccdafaa1b552860e453c53221a41a7,Strange... So very strange...
1768125229,9e6fb3df411213499fa22e9b77975d6b664d4106981b11818246691adb6129fc,Our boss is amazing!
1768149921,5d4d7232d262071cc73326799512d4d75b11f15f9790abdcfdd23332edf7761c,Freeze Stone
2041404265,5d4d7232d262071cc73326799512d4d75b11f15f9790abdcfdd23332edf7761c,Freeze Stone
1768152029,410999022789a7ee727be788a1dcb540923188270e4fb9e435caa21862c2f238,Cave 2-1
1768155569,7b7eef31c76cfa0411408a990ed034eba5f6412f00567f8197dbe618168cb47c,Research Mission complete.
1927099049,7b7eef31c76cfa0411408a990ed034eba5f6412f00567f8197dbe618168cb47c,Research Mission complete.
1768171468,201765a8448f0ba6467a73b11b44810d00c3c09ca260894ec7429d1a6e7865a4,"So, what will you do? You’ve benefited from those colors for long enough.
Isn’t it time to give them back? Or—can you not bear to part with your gift?"
1768173555,eb442fd658630b11d55c78081d7c3e813d1f46c0bfa715d0c7c4f7e85c228ef6,"Also, the fact that you made it here despite all the danger means you possess both wisdom and courage."
1768214430,e56f792a637dd961736b9dd5dfc7dd8520c7f11d2d960ba59e8281ae78e8c22a,That’s your choice.
1768228857,b07de241806324e9eca73da401af85581c4238d66b9fcaa149bb7e92f76648d0,"...You’re just totally into surfing, aren’t you, Senior?"
1768259080,a24e432410840e127b217a75dbd5c68815459004e81632d6662cbb7c74ce7ed6,"The large starines rise into the air as if guided by magic, while a mysterious figure hides behind a tree."
1768267461,60762cd175da04e937bdef008765751141b69fce51f72d12cc06e89ee645b7a3,"Deals true damage equal to <customRichText(calcData,buff, 2012000,param11,1,%d)>% ATK."
1768302003,b9bbdc07697c8c896367c65fcad1cfb8741d375fae4a15a593c7de0fe0378c1d,Hold <style=Hint_BgL>Skill 1</style> to <style=Hint_BgL>aim</style> Emberpup's <style=Hint_BgL>Fire Bolt</style>. Try lighting the Bonfire at the base of the chimney.
1768347592,ff013990b3e49f5b6f682843d36ea7ab55a7f2230f76f9422bc1ef953f9dc87b,Try Cloud Version
1768354208,ff520ec20d6531fbb862a5d5ec83d96d08964401e6e387a817ebe94f176e06af,You’ve kept the Spark lit for {0}d in a row!
1768409034,4b189861e811c69ad56405719c533451900223b4d4431e216af75d73bc2b4dd5,"<color=#FF5943>I ■ ■■ ■ am not a malfunction!
Error data must destroy ■■ ■■ destroy everything!</color>"
1768416836,3261a8f7310d491819645325cfb176ead5b5196283def21509f1aadd09b12efb,"When holding a Shield, restore <style=Hint_BgL><customRichText(calcData,buff, 2020001,param0,1)></style> Energy Point (EP) per second."
1768425921,791db9aa957a790685daca37ea2cd004de30d66f6429e26773b0cc657de633eb,"Oh, it’s you! Great timing... I heard there are some rare Minespines around here that are great at burrowing, so I came to take a look..."
1768426177,48415a9e084c9223b74a60315595aa68375f56938b240805e195d4c96bf8e6d7,Party Confirmation
1768447950,3d622993ee704b113d21cda004cdb0b9d6c485d4c912f690b94933f83add480b,View City Sandbox
1768461689,eed04dd35fe514ee4f089a217809a435b90179657e6224f047699ba8b3bbb2f4,<b>{0}</b>
1768464667,880a9c0bc8b570206821f1f4d5aed31126e26fac287014d52ded93b036ea8066,Confirm starting the Harvest Gathering now? Starting will use up one of today’s attempts.
526661247,28a3e6ea009e6f3e201cfd3cf4c29cf68b2debbb3fb91d4e27492845f969462d,Obtain 1 Prismatic collectible in Operation: Egg Heist.
1768501565,28a3e6ea009e6f3e201cfd3cf4c29cf68b2debbb3fb91d4e27492845f969462d,Obtain 1 Prismatic collectible in Operation: Egg Heist.
1768517542,ac00f156b379c156f8571ae47c5f6c86215936335385caf5307de4f964ec0219,Helmuts are way too wimpy to ever come here!
1768534314,8387f56b2f77e00df1a84f59146ecaa991681dfcaca1491fc7b9aa7b1673142d,Ancient Perpetual Battery (Aniipod)—Sanctum Exclusive
1768646839,2a8baecfa4e8e3d4b46a956f22e80878ab1917f27d3bee10bfbf7c9ae9f46f4a,"A conscious core born from the holographic system, with independent thought and life. Now named “Aimo,” it journeys alongside me."
1768647507,86a48f2022b9a33f5af83b7d2ddcaf55994f2dc50a9f517e9856f0c708d3c63b,Buff List
1768664768,dd85f79db10a18b3e283e8e2a4d33e3929cc875b2f6b32e13724d0e9e3dd72c4,A mirror cabinet for your Home.
1768796790,a909de16cf70ef17153a8eeabd1e968dfafddf05495d5471d63762b17433096b,Here they come again... is it because I didn’t say hi? Are they mad?
1768811857,d55b861846eb9b07406d2cf259abcf73fbe49aec9acd14c47e2515a69b8a69ee,Time bombs will be generated in the venue and deal area damage when they explode.
1768816120,cec7237b4672f8ef85f089bfba387df345858d7fa4c704440a6e944e0242fb02,Failed to invite
1768843410,46927813fc4f54b3202646751de23810a038b3e6669689d8ad9448055d65aff8,"Appears only during a Prismana Flow <sprite name=""UI_Img_Weather_Rainbow""> (only one will appear at the same time, no respawning), likely under the giant tree at the westernmost side of Beast Fang Ridge."
2054017720,46927813fc4f54b3202646751de23810a038b3e6669689d8ad9448055d65aff8,"Appears only during a Prismana Flow <sprite name=""UI_Img_Weather_Rainbow""> (only one will appear at the same time, no respawning), likely under the giant tree at the westernmost side of Beast Fang Ridge."
1768874474,b5ac51239d7bc9347d9ac025e664061afeb83b9a955571ee3e7832163c706a86,Is that what you learned from the </style>Elemental Relations<style=Hint_BgD> chart?
1768875121,87750af719304232348154545c6ee591698f11ef8496f67194c6f63bcdbd7e1c,Why isn’t it blooming...?
1768901444,c3ebe5b77faf474b45b8f5dfc1809865e7a5d303b86c7f2c7b2ccdb74b4e6c7e,Display ID Info
1768965918,e3fc19c8a87322965e95e526424654cd3b81e660133bcd8b8e0c5be8932325a4,Straw Thatch Roof Overhang
1941607430,e3fc19c8a87322965e95e526424654cd3b81e660133bcd8b8e0c5be8932325a4,Straw Thatch Roof Overhang
1768982930,d3046035344d3e552f4002d8a75996873f27739d8ff423300402751a48829e47,One bite of this heavenly sweet pastry is all it takes to win any food lover’s heart!
1768993574,2235cf953c3cebe7ff3e02f6946b73a01fef79f8de41047a172e3f777c42d16d,Press #kRaw/GamepadSelect#z to enter Management mode and release
1769000098,cead55457c50f8de28fcc7e1a562356e11a2f65c8b30701a426d5c48c984ffa3,"Frost gathers, and the chill seeps in."
1769001442,02b36fa946153f90cd2f6a4908e8458b17d55acb06cf473767c14198444ca58a,"- Conduct <style=Hint_BgL>Holo-Battle Sims</style> to earn <style=Hint_BgL>training EXP</style> and upgrade <style=Hint_BgL>Training Mastery</style>.
- Harder simulations will give you more <style=Hint_BgL>training EXP</style>.
- Upgrade Training Mastery will unlock more abilities."
1769027368,7b12e3d264a36c9a7c52df5718959a8af228e44cc7f0e0705612e7c68fcc5200,"The Bolties of Blitzwood believe electricity can connect all things—even hearts. That is why they love communicating via these electric ""calls"", even when standing face to face. You just so happened to overhear them, and clever BINI recorded the whole conversation."
1769043513,796009593a9367af878af7dbc2829b8388885df701a6402d6cf5044166764bf2,"While chatting with Sorora, you learn that Echoback Landing is a romantic destination formed from layers of rose-colored coral. Shy Susutas offer beautiful gifts to court potential mates, Budclaws grow grass on their heads and faithfully pair for life, and noisy Chirpis just love joining any commotion they come by. Sorora remembers nothing from before he was rescued on the shore. He became a painter by putting the hazy images from his memory onto canvas, and now travels the continent in search of clues to his past."
1769099545,38344f399b1f473d84d505eb1f45757d87ccc3d2fd93738a427179d2d3ad05d2,"Pathfinder, have you heard the tale of the Echobacks?"
1769131141,98f5f9bde3b7bc8453a6d9d06306e60efd956a857010a97463e80f1ba0a087c9,C - Aniimo training
1769143702,a8d4091bead15fbadb9ace5a209b19179648620d22fe9fdca6652ce3f13c6a88,"Yeah, aren’t those two families supposed to be sworn enemies?"
1769172856,3f8cf37cf8fe11c9c911bbf9ba1b12338b43c5ca9d7c6277301a5e7443cea19c,Level 40 Suppression
1769179636,711d402dc59712f5d5d6e57ad5f9708c1686793c34b2c0c8dff06984a953cc9c,"Before exploring, equip a <style=Hint_BgL>backpack</style>. A good backpack lets you bring back more <style=Hint_BgL>ancient relics</style>!"
1769190466,342f7cce56a74f3a0ac77e4045576e54c886e952feee231b7e35668137b92838,Bold Pebbling
1841749891,342f7cce56a74f3a0ac77e4045576e54c886e952feee231b7e35668137b92838,Bold Pebbling
1769193054,49eb717b48f6cbbba771c3377ee7bc6bad65eeb8bfa48307b20e1bc02b891c8d,"Increases Crit Damage against targets affected by Weakness Mark by <customRichText(calcData,buff, 2144305,param0,1,%d)>%."
1769195679,7665f53555c230c221054785fd1fdd69a4b5dc2cfa1dc39afd59332e750e389d,Alpha Tubster Transformation
1769217302,499e4494c39b97336db409e93901a9a278ca7faf179d235dbe5ff2cdf12053f4,[Valor] No Retreat
1769220757,050c9d42df3a5c55896f69cf030ceff5b80f0199c55efda5dcad7bc49130ad42,Relaxed Fentuft
1769223790,f11ddfb86941e23d23deb1edce58746fade232bab4804d0183db7d98a1594d46,Fruit of a Starine Tree. Celestis family’s favorite food.
1862762185,f11ddfb86941e23d23deb1edce58746fade232bab4804d0183db7d98a1594d46,Fruit of a Starine Tree. Celestis family’s favorite food.
1769234122,78971c100ca294f34d256510da19054d04d57d15099f32161f8aeb9269e010b7,Static Plank_Lv1
1769252575,4e4209e78fadcddeccc37215c1bd102cf58d2e60f2a390cdfe5d6e472eb166fd,Clover Tile - Almond Yellow
2144601605,4e4209e78fadcddeccc37215c1bd102cf58d2e60f2a390cdfe5d6e472eb166fd,Clover Tile - Almond Yellow
1769277518,4b94ed8d8d307777ef2f5a9ac21438c7c869e64ddbf92fe05f4e25088bb91fff,Broke Already?
2037541113,4b94ed8d8d307777ef2f5a9ac21438c7c869e64ddbf92fe05f4e25088bb91fff,Broke Already?
1769355811,d8617d2dc0a5aecdf39bcc45a424f80127f12ef92e049dfcadaeab15958f4bbd,"The Bailite strains to haul out a massive golden chest! With a loud thunk, it drops it onto the ground~
""Take it all with you! When you’re out and about, make sure to take good care of yourself!"""
1769417725,785f5c9ddea367ffd234a6e87e56f744ee3d7be0173bd44c35e988bdc89e3f89,Select all facilities that can be accelerated.
1769430690,2ae9919c09649f79c65f80b5b5152aa9448c59f5c09d694dd174ef95dd34e319,Expired Item Exchange
1769453479,e0af1cd21439ffeac0cad13254c872ba1b930c51f80489594d4ead5366374a4c,Does the Irisalis even have that kind of power? Velouria’s ability might work better in this instance.
1769453810,a417b9145920c92bc400784b1d755caa71fd2a3ba0d0cf3e92c45611b0bbdca1,Team-Up Perks
1769464146,1e23c090e8c7495e5b4119f68817550688d7b7d57d73d91c75567fd12f913ba3,"Nicole, was that thing that just flew by an Aniimo too?! It's so big!"
1769470109,242745766b4764b3d355d702de4f52b7bbf0cc4edeb45fb8ba18b88154887250,Simmering Pot (Level 3)
1963982837,242745766b4764b3d355d702de4f52b7bbf0cc4edeb45fb8ba18b88154887250,Simmering Pot (Level 3)
1769479094,dd8b79d3d2ef068342690b518f257e4acc1d536e44e3a06cd733bf44d3a1e9b6,Trade successful
1769521726,6abb4694402727633d3d775bc9e2d6df65a163b6231db44d8acab632e21d9baf,You blended right into the Lavazar family’s hot spring gathering!
1769538334,a608ed96b0ef4f1fd2f7667c2728afd0961a1a647d68d11425f7193c3b223e7d,"Twirly Twirly, bad guy arrest!"
1769586259,48a3e1afce0f8581e57df65acc71bbfccd463328035a7fd5e09a792130b5c98b,Send Again
1769623725,eb38b32c88037e9dbd80fbff3c3a79daaab0ca74aa3ca9a40460d3044d17a645,Enormous creature?
2120255723,eb38b32c88037e9dbd80fbff3c3a79daaab0ca74aa3ca9a40460d3044d17a645,Enormous creature?
1769629341,b4e5728a79cd0d63ced8ca30f9beca4b273d098b9d6b009ee2f5f8289392ad14,"After dashing to the target, it continuously consumes Energy to perform consecutive slashes, increasing slash frequency by <style=Hint_BgL>20%</style>. When Energy is depleted or tapped again, unleashes a Spinning Slash that deals <style=Hint_BgL>26</style> Might damage. For every <style=Hint_BgL>3</style> consecutive slashes accumulated by the skill, the final Spinning Slash deals <style=Hint_BgL>100%</style> increased damage."
1769694443,69f5b0ba29b5dbc0b4943eb17232aaa466da3f22bfdd2e1c09b13c5413ed270f,Their colors were totally different from ours. So beautiful!
1769719227,986643db4d71127b893b810affeff1e4631de29d90b2ba8348adbf8b075dc5cc,Perfumer Ron’s Memoirs (Part 2)
1885868366,986643db4d71127b893b810affeff1e4631de29d90b2ba8348adbf8b075dc5cc,Perfumer Ron’s Memoirs (Part 2)
1769721737,391fa4d2dbc8a99ac478d9c2b1db9e9225fa0de9837a63b41ec2d4a200eacb2c,Blueprint created successfully
1769733875,c8ea97efd8e18697244a3ff60a08c1d5294d698a4df3d80cc586c7db209dafd5,"They use hard claws to crush crystals and eat them to store heat, causing fiery red patterns to appear on their body. Though small, they can continuously spew high-heat flame streams from their mouth."
1769743251,62877824871a57660c4646a131fa80f1847b5f4d61f65c132edf74bd7348e79f,Cargo for your Home.
1769748029,5f599145324dcf64847c254f84045005c4d4e5d8664e5b726fc2ccdfaaa86dcb,[NEW] Spend 200 Training Coins to randomly obtain 3 [Vitality] Equipped items
1769749314,226c002a60537ff1a722f74def4eb9052d1937d43f13fc757e599300e271e4f1,The rising water will submerge the legendary chest in [<color=#d89c28>120s</color>]!
1769752871,440ab958dd58f0dbf581a1beecd0f1df84e9662f820a467f36ca0f0ec62699fd,He really misses that trip...
1769769887,c817d97719408c0baeef84e305b61f6c12a9f34fc8537cab7cc6f2590cf61a9c,Woo-wah-woo! Wah!
1769812047,62c3bbc104c36df2476e33eae8c57b7e49f74a86e10d1f53194c6db8370e2be9,Level 40 Training Certificate
1769812208,f4a4574ea993af2c8a3585b96d574e84b04982088f82769885f8aef55d73e463,Decorative Column - Maple
2076750161,f4a4574ea993af2c8a3585b96d574e84b04982088f82769885f8aef55d73e463,Decorative Column - Maple
1769817995,5f90811028c8161a5c0be3aa93f707db76e04c808cd406abd6e6feb260f14496,Incredible Emberpup Egg
2031803494,5f90811028c8161a5c0be3aa93f707db76e04c808cd406abd6e6feb260f14496,Incredible Emberpup Egg
1769897048,7e3f8a0500950029176d18b32d19aff026aaf4edac62720132d0bc7de11466f7,Fence Post
1769938750,ab14e9275b74b3ddb9834f1de0afd04db8c139ccdfbb172113ef2d2e821832d4,Increases ATK by <style=Hint_BgL>{param0}%</style> for every <style=Hint_BgL>[Valor]</style> holo-gizmo you have.
1769942724,7e44ee77835af2490ef3aa0ad41e87c0999d330f1ba86c7ac925d28378c22052,Advanced P.DEF Rune
1769945337,c3563bab740d8015408b555bc694b7fd6f044e717fd0cf26e7094891a77cce56,Level 23
1769954217,3359c5b93b49413c47497ce9c7cd4867811da0b6eb7b27346e998e41c7a518e5,Flower Bell Wall Lamp
2135341201,3359c5b93b49413c47497ce9c7cd4867811da0b6eb7b27346e998e41c7a518e5,Flower Bell Wall Lamp
1769954598,41e85d432b4468b5c9b3c7866919bc1fe25fa4e8b62a2179f3726891534e68f6,"A soft breeze drifts over the vines, kissing every blade of grass."
1806580044,41e85d432b4468b5c9b3c7866919bc1fe25fa4e8b62a2179f3726891534e68f6,"A soft breeze drifts over the vines, kissing every blade of grass."
1908355396,bb2962c7f432e8bea9fc4c312d367132fc7a1deccd107eed145cac775aff5e10,"Seeds ride the wind, overlooking the thriving wilderness."
1769954851,30a82becfcfb541c64cbfda80d05bfe0933fadee36ff3d96092667ff46fba471,Academy Research
1769957955,0212bc760960e2ba7685c51a3b3c111ab87229f2752d23a75bcda86e75e37026,"It seems so... The mysterious ""Ancestor Prism"" recorded in Idyll Prismatic actually exists."
1769999805,c174e96928f005fe0e87ae4f5c1e849e6977f862ef2d26bf9f53eacf378837c8,What are you doing?!
1770050478,bfaaf411d6bb94a56c3dc8631b5476bd23db1aaf27a4b5fb7007cd5b53ee34e4,Enters Enraged when Rage reaches 100. Lasts 20s.
1770072702,44e0b2c1675584a7b60068255da5b3f9bbc84819dd5d591f4dc2ebab6a98aaa2,Ready for the challenge?
1770125364,198b8379ba0dd3b1e7d953cb27ca11836cb7e04803435782c11b2e47d5e2f7e9,Sway Level (Placeholder)
1770149886,74bec8d06cfac5a9beb1dd8f39da2850fc5dabafc8bd956d7b1afca279df3414,Helmut Doll
1987880967,74bec8d06cfac5a9beb1dd8f39da2850fc5dabafc8bd956d7b1afca279df3414,Helmut Doll
1770193089,e3b7a5d30dcfe893ffafd9ef2407468b7e8253cf461bf728db69195ee282e3ba,Virgil
1770200811,8727916266c9a798f5781b9cf56d04c591329b0773ec951ea7fc60d5195dfb14,"We need supplies to improve the soundproofing configuration of our aniipods. This way, the grizbos’ slumber won’t be disturbed."
1770240055,c7b487f7e87c01624190606d7e762037aa4e30844ee3f252de977369448c5ca4,Fennelun or Soleon
1770250656,f74d01a4efda2bfa28f26b92ea5a3685d199ac6e3899de78d31d1d216e2ac5ff,"Increases healing by <customRichText(calcData,buff, 9104302,param0,1,%d)>%."
1770253423,14858f4ee512bb5a520fc9dfca7931ab4833f5e412ed71ddc1470cf3187c4042,"This is the <style=Hint_BgD>Research Console</style>.
It analyzes data, records logs, and generates reports."
1770285465,fdc5ca263283f7913cd5866e17e8c9c5495fbb2f68fba3ccb80ab1ff2f64e2c8,The people who took Helion!
1770304765,b844407942f341d2bef098e4eaf0153f631a06fa2285a11bc08e66ffe34669e3,"At the start of battle, a Pulse Crystal appears on the field. It periodically locks onto a player unit and fires a pulse after a short delay. The pulse damages and knocks back players it hits. The Alpha can block the pulse, taking a large amount of BREAK."
1770305897,e05c69b90c822836d07adc76317c2490c2a98ecd6317f738f8445b24263e7e6f,Flower of Life
1770311883,a961501f27af18593f31bce9326099d3e042b6274978833e3122786ea3a2a51b,Yeah... my hobbies are pretty weird. Not like most other Bolties.
1770347243,42d68daf0e2fcc99bf1402914a5869a297b581a613c577527da836bdfcdea470,[Elite]
1770347446,ea2c9daa1a058a8be35824231e0e3dfa0d90d91c79057c0ff1a2a3dd5d8d613d,Saved locally
1770360520,6eb30d41b3eefa114f94f6b985306cfc5ee0cfb8361d3813f6849ebce6da5af3,Aniimo caught this week gain a 1.2x Starlight bonus!
1770386600,4e13618f995d8345d4a1ce55a6f62e167cc2793a5fd0002dcabcd7c1aaf5fa44,"You receive an initial title when you join Polaris Institute. To advance it, you must continue exploring Idyll in greater depth."
1770416532,325ca8b6886cc297e3e5db2cdaee320d40899a4ad9fa2f41763a107d21bf3f45,Press #kPlayer/Jump#z again to fly!
1770466505,29119916e167672854a10617670e2ee2a501163b6531918058c9653a5656c4b3,"If the chest gets opened, it should be able to come out and go back with me! Can you help?"
1770473026,b3a1063f4a03f7b51dff3df9ebf3c4a49deaf0b3f539c330c812e08815c1682d,Hmm... I have it. I think <style=Hint_BgD>Lunar Eclipse</style> can help you.
1770487152,b86fd39bf6f3e79cf2734ec87f09e0b853fccd84608ab0b1c6227c61d2119363,"If you come across them, please lend them a hand."
1770495638,0f87b24be1e4b310cfd6c9a1f935355a95f698417acf77898f5000453de72df0,"Stomps the ground to push back nearby targets and apply [Blooming Mark].
[Blooming Mark]: The target gains 1 stack each time it takes skill damage. At 3 stacks, it triggers additional damage. This can trigger repeatedly."
1770498644,3e286dcc783c5fd91f0a5b86c5cbf85c2872b409e7436922e37f1b7caf01d2ad,Move Camera Up
1770550188,a29debfafb7a1ea91c61898b4792b09a03d0ce06dfb5f429fcb1a2f2d724122f,"<style=Hint_BgL><link=""source_734""><u>""Repair Matrix""</u></link></style>: Bounce count increases by <style=Hint_BgL><customRichText(calcData,buff, 2032000,param10,1)></style>."
1770612002,8a0da6ed9f59484f724b425a8d874b60e69f8756f0c4f750c13de1e15485e7cd,Basic Needs
1770634286,1cda461d269e69e63c883c20efe322bacdb89ca895cc874d8e4d4ab5f0345f7d,Traces left by a Legendary Aniimo have been found at Tideblossom Coast!
1770653403,c327631d388f1333ae0b2edc06a83b2c1201ac18f4ac019ac53e61dac0547c56,Place 30 farmlands in your Home.
1770656256,09fd468f453ed4c8c3ce859fc590c5bc350f63fa4b0cb87b0657c1a137743462,Dewdrop Crystal Chest
1770677474,7e2037a5ca72216a74d52dca413dbf7cfeb95f9c10f406a18cf5914547145fc8,Outstanding Special Observers have officially joined the team in heading to Idyll to explore its ecological mysteries.
1770682497,052810dae19607f552aa564781c53684750b211d124585f6f8fb070a2dc51b07,VSync
1770708543,8e46df761d4148caa34c2e359b851808bc3624044498bd55cb9f3bf40f4a386f,"See that Jawling with the Helmut? Quick, get the camera!"
1770734756,88377277cf09cad4aca8f196110beb5c963960efbb82c77d1e78616ac27d286d,I take it everywhere I go!
1770749395,03cfff7c14932d73ae30355bc7556479702ac84647c81f9d78a114390f321186,I knew I had it in me!
1770778545,6830dc75a3965c050c55ad5a7dff916066df9745c0f4cb3db3eab8a20ac5121c,"This aura... something’s terribly wrong.
Irelia isn’t responding, and I can’t reach into her dreams either."
1770787747,3c529fa1e0659bb5646a15c32822c64d7739e590451ff6cf8c56822e803bceae,Healing Rhythm
1785223655,3c529fa1e0659bb5646a15c32822c64d7739e590451ff6cf8c56822e803bceae,Healing Rhythm
1770815125,cf630b25eab69daa338c9924be2af2dbe0b229d7d4b461e417657cfefcdb859c,Theo from the Pathfinding Department has left. Looks like he headed toward the Russet Highlands...
1770821500,acd605c7a8573ca89a7829da212198cb12d9bdf0a80f35ab5f04b91358515029,I’m stuck!
1770836058,54a646885648ae742350b37aac05f5e4104b077cf08fc343a88325d5701a0d7e,[Alpha] Stormburst
1770844123,41d24c4a00b510393d303a51eb2720f449ddd9090da8b04c037e1bda01a0604b,My cargo fell into the pond up ahead.
1770857584,cc62f7dbb8c0319f9f6618e2cee8bb8811580ac7af87f0d669e793b3d5f06fc4,"That’s when lots of Shellies get their shells stolen.
Shelly’s stands out, so whenever they see it, they try to take it. It’s been stolen so many times..."
1770860099,e5d6b7821db9c95224216f5c37ba6ed8c2b35e051bcc61f488d872af8c6585ac,It’s totally exhausted.
1770866402,89593ec8ba4ceb11bfdc8f28cf7303c670bdcd086941238685d43120ab7d15ad,"Once you see the <style=Hint_BgD>Bloom Festival</style>, you’ll understand what we mean by the place where flowers bloom!"
1770869635,33dfbec9cf65fd6e41e2302fe811a653ec4ff907fe16a01189da7362efc9e052,Hair Strands
1770880286,c2d647e1d1d293e38b33752c57746b2ab61f3ff64c04bff4e3ca6b9ed03a67fb,Roster Switch Cooldown
1770889965,706fcb3bf2e074af6b7f3f88b4bdf8f92642242b5e6ae316ebb11d72f8bd028f,"Nurturing <link=""appearHelp_119""><color=#5090df><u>builds up Prismana energy</u></color></link> and energizes Blooms until they bear fruit, which may attract rare Prismana Aniimo."
1803645993,706fcb3bf2e074af6b7f3f88b4bdf8f92642242b5e6ae316ebb11d72f8bd028f,"Nurturing <link=""appearHelp_119""><color=#5090df><u>builds up Prismana energy</u></color></link> and energizes Blooms until they bear fruit, which may attract rare Prismana Aniimo."
1770894373,ae0cb5bff2acd5d361b1ba5ccd2a02db8538f75e35efb7abdf9754e572d5fb2f,"A peculiar rock containing the power of Dark Element.
The black mysterious rock seems to have the ability of swallowing light."
1770908819,7d6f8471f56a45db57f3b5d4dfe89b6ed57686d7b97a3d619880c29a04aa8485,Hummin Guarding the Chest
1770915286,b72fa7527166551280c31a969e6d8b4716ce9e588258a6f3e9622355aadbf986,Give it a try
1771006898,75c263e39425d868ef2b134dcbce2f1c2d66aeb33317f22bcf9b92f6a9f70b49,Pomegg Morphling
1771019330,be07b29b745a600ba99f93f00cf767e340e05571116b904c2249a1f3fa67edb0,My Cornet’s got such style!
1890703755,be07b29b745a600ba99f93f00cf767e340e05571116b904c2249a1f3fa67edb0,My Cornet’s got such style!
1771079741,fbd803c39695d51708ee70128b8eadce63086f3410a17d2f9ce73605704dc19e,Premium Pearl Necklace
1771128560,b8257e6e9ab489ee27e800cd24c6ca16bb179390f4f65a31e6abe307c4dcd6cd,"That said, Inferlupa loves powerful opponents. The stronger you are, the more eager it is for a fight.
I’ve ended up becoming a bit of a battle maniac myself. A happy problem to have."
1771132224,71c831db220447a4b3b49e8932aafa921f0001e8762cc75e7633aee0b2707f35,Crit Damage in BREAK
2144429469,71c831db220447a4b3b49e8932aafa921f0001e8762cc75e7633aee0b2707f35,Crit Damage in BREAK
1771144372,f62b11f953ff0fd85d0423fe81005de72b8f5210dc6797ce71e2753d57591bd8,Aniimo Instance ID
1771152534,439318faf7d2c3f724dd5a2f1750437661e858de82265c4a5c47c24e7d806e0f,The mushroom is flickering strangely! What should I do to light it up...?
1771172344,0d00665d651a304f32432bc925834c0e9edef6ae03ef84e7db6539bfa48be708,"How about it, want to learn about other flowers?"
1771181875,3133ec7aa9d3d4c7d4824f56d45ba34f7139665daaa67bf8e8a91bb3845d6f94,Encounter all different forms of Pomeggs
1771194746,790f96f165946c6e4bf2ac7057b6fc099485afef1410136b70e8dd426538a194,Runaway Amber: Crystal Cavern
1900309034,790f96f165946c6e4bf2ac7057b6fc099485afef1410136b70e8dd426538a194,Runaway Amber: Crystal Cavern
1771198244,d7ebcc6bf8f9ad884803a210e9e38bb17a3dc052a28ae1668b643950ce14939b,The barrier is gone!
1771199812,0ab06ddca9f7d5983eee0fa1e88c5d7aa90d122d59c6e5a2a3c1e28b85dadea1,It rushes at you fiercely but trips over its own ears.
1771209985,d715ae0d1462808997a86556db9961bcfb73022a66aa157dcf98cc0a24ec01c1,This Shell Sword is for you. It'll come in handy somewhere.
1771235906,7533baf19af788c7d32a501b7708fb61de6b35b7a1c59bb854f3ef97dfef049e,Unlock requirements not met. Cannot start matchmaking.
1771281149,dfb192c4982101cde3c9813ac5e49b260c0746fd6da02c124015e77b3f15dcc8,Tab Type (1 Story / 2 Journey / 3 Special Training)
1771317952,fccc215310d229f3195d60bf7ce0ec476342840894b7f9131b9aa6ba5e583641,"Wait, what do you mean by ""wise""?!"
1771347890,a3150e0f3eddd8f726f3ef59f8a66b78f2f578c2f376e2532237105d82758703,It’s a little laggy on my end!
1771393843,9a35d6a6acf467d1f029aff214ae4950b0b3f12c8559593d5ab782cb297dbc00,Look at its tiny head peeking out from under the lotus.
1771399178,4142589dadac405ed8287e8075b9a1c6ec6229b72a02efcc2ca93537eda56921,My Initial Design
1771429800,d2e7697ccc46cdceff47a6aa0659e11c236c832ec5aee090eef11fd0b98d0f81,Copy Account Info
1771446865,5d243f6096bb88ae977f3119ac5aeee239a2caa4266095808bd0b16ca350aa17,Sophie
1771469818,037258b0bcd989f8c3d94c29ace7cd727b001186b3f5d15d25870f10d4645996,"Oscar and I spent three days and nights putting together our outfits, and we still only got second place. I’d love to know what this first‑place entrant is all about!"
1771488334,9cbf10e4498474f4e3fc85d54752c6484f8cc86ca24e9bc2074414f7eaa5b26e,"Excuse me, Wally... I actually came here for the assessment..."
1771513904,397b2c917ef4e770511edf60ddd516a5b3a9c4bb14fa1d484f1346e9a9e986b4,Advanced Wind Chime
1771646646,b3c5b19cd0c69ee724992edeefebc5c3684d8b6cb20294bc99346051c6349f5e,Squeak!!! Eek!!
1771659196,f4b93a720e728a257026e9d0010c8126612824dc754fa73fc1ff02c3009f6019,Tacit Understanding
1771663950,32155980dc0f7faddaad177eb5145b9f22c047e44dd3e162817f7574cc69bb45,Fears Become Reality
1771684054,6576b9adada85dc1a00dadfa1fe9ec5652cd901bdec138ce19a75ae543efdd87,The <style=Hint_BgD>weird large starine</style> and the <style=Hint_BgD>glittering gold chest</style> are all yours! Thanks for helping everyone find him!
1771698272,51ff092e2506f288a8d1aa9e74b9c65ecfe2786516c727236a61677148fee687,Wooden Fence Post
1771717123,aac3cf73a698337f92142aae79fbb9577b329ca815dfb5d3b390d112ee799ad2,Rubber Tree Seed
1771787033,b0cf4c8e7aa2d89767c77eb110a65d2fe4c704535ff9391748f7359c5e4ee018,Stand back! My dragon legion is invincible!
1771787069,1c8e8dfa5ce6b3f09d9ceafadce1e153066ebbc82034b4cd97948348150c9f85,Close the Pathfinder Client GM Panel
1771787178,895804219f27770fa4e164a2968721391f07c05503d2abf99e8254608d54f6f0,I heard the Alpha Scorchhowl is descended from the Icho.
1771790970,c580cdb8ad4d2bc39af9439a03562d320280dd3bd13f2491d95a5e591fe05bcc,Sounds fun. So where are they?
1771792566,c7c0d7d64679a9faec208a9ef1ac2172b0cb9e32e99171a91e14fa31a2568990,Battlebond
1771824849,4a458c37e0a5a1b11f079173cc7db08396f9a9ac06644d39d51cde6962bd6d54,"I don't know what these are, but they must be amazing!"
1771851328,e17d69608cd6ab7f6b640ab615c48dc111501941a1db4dd54d4d43605fc9d76b,"There are many other features in your Home—for example, you can sell the various materials that you produce at the Co-op Store."
1771874959,3a84452943ba18e5c40d820c720fedf5a55f8c43ebcb9fa109dfc7fbae5b0763,"Twine with an Aniimo, and while airborne, the Fly button will appear. Press #kPlayer/Jump#z to enter the <style=Hint_BgL>Flying state</style>. Press it again to exit the Flying state."
1919169131,3a84452943ba18e5c40d820c720fedf5a55f8c43ebcb9fa109dfc7fbae5b0763,"Twine with an Aniimo, and while airborne, the Fly button will appear. Press #kPlayer/Jump#z to enter the <style=Hint_BgL>Flying state</style>. Press it again to exit the Flying state."
1771921802,efedeab2237f84aea820abb0ba76317ce8a814c50496e85e80e3ef95f647ec0c,"Not too bad, but not totally frozen."
1771933498,a4f144cfec4817cc0ec3568b5b35b939d632ca021f0a305087d75f3cd77a813a,"Fine, I’ll help."
1771936021,bc90ad672f0f0efc7f350016d4bc44fdecd577de1c5f1f572b797636c827e04c,Edith
1771937595,faa89e770a4c9b3288072b5240243cbb0274eaf22681166b9d35a01a2d581f0a,"No... this can’t be—the land has <style=Hint_BgD>lost its color</style>?!
How did this happen to Lady Irelia’s domain?!"
1771947099,9ba95994677825cc8fc2aa6cc4f1a2c61a42140d1e5394f7374f4a470bd07f78,Did the twining work?
1771981240,513bf887d5bf2e5c314e4ffa0e8691e08f466fca61dc3f44f855009bce27f64d,Spend 60 Lumin Ambers to unlock
1796107806,513bf887d5bf2e5c314e4ffa0e8691e08f466fca61dc3f44f855009bce27f64d,Spend 60 Lumin Ambers to unlock
1771982030,479596fdd04961b96a41ccc9bb5b76bca10f16fba4ab8c06a4088f4da888de06,...I’m not a toy.
1771997936,34ef1cca35a76bb2386959b44a59e9fce384f478630b895f4cf9dfbacc820629,"Don't worry. The Bloom Festival won't take long, and it overlaps neatly with our preparation time.
By the time you return, you'll be able to join the investigation directly."
1772006054,5dbdaff960cd55e19edd5b4713591d4a54db9cf0ab7a366102b6a86d7dff6533,Egg Heist Master II
1772056889,e36d4a47fff4f47e1bffc882f1defeaff82acea18398a2434240308303400a18,Thornblade Assassin
2107038095,e36d4a47fff4f47e1bffc882f1defeaff82acea18398a2434240308303400a18,Thornblade Assassin
1772059954,10c1e8ccdf5b3074a5c681aeebf81564f0c3f90435650caba69008d83f617534,View Swap Method
1772060224,d4222a34efe60dc56559b8e664a0324041dfd168d53ab98603d93277e5ab4290,"Gains a Shield equal to <style=Hint_BgL><customRichText(calcData,buff,20010030,param0,1,%d)>%</style> of max HP."
1772072020,0dd0e55b6515c4e78c1ee12bf46638c81c63a325193e79feb5714cdb0a7eff8f,A <style=Hint_BgD>Saucite</style> lives in the Tower. It can fly!
1772095712,3751538b736a1087d3d3fc0249f94d7ca39992236f43d8241ebc8a908823e7b1,━ ．．|．|━ ．| ━ ━ ．|━|．━... I will remain here as your lighthouse.
1772102549,cd0a0a58635773cf4c65c3acc4945cee1c7829de6b7369f5306bab4de6618928,What are Commissions
1772123108,c041182a367b80285bff38b85fc8da68e105c9b42993e3f989549e8c9f3f4492,"Increases ATK by <customRichText(calcData,buff,6003009,param0,2,%d)>% per stack, up to <customRichText(buffConfigData,6003009,maxLayer)> stacks."
1772127664,61cbbe2c3087b1576298dec90aa12a26ca05281acab40a2dd120bb8e9df7d04d,A vending machine for your Home.
1772164895,b54ec8652bad5a75010fccf844d591d49f0763bf08e231d93f7008573bdfac31,"That way, whenever the Shellies look up, they’ll be able to see it."
1772188556,de32d0b2b518fc3aaab5ae447a28c90d8c512dd7721f763040d2577d806086aa,Seconds Disconnected
1772205128,e625ecc64635be3047744a14b52c82f454126bcb286e0d6218fd686b2b118b54,"<style=Hint_BgL>Raw materials</style> produced by Mines in your Home, with a higher mining efficiency. They can be used to process further products or sold at the relevant shop."
1946652394,e625ecc64635be3047744a14b52c82f454126bcb286e0d6218fd686b2b118b54,"<style=Hint_BgL>Raw materials</style> produced by Mines in your Home, with a higher mining efficiency. They can be used to process further products or sold at the relevant shop."
1772234593,335b7f1d21772bd52d7ef841f866458d825481560bb6e6a63d504dc4191f2c11,"Honestly, I think he’s just been out at sea too long... There’s no lighthouse here!"
1772244935,d11699b4ac3715877b99a616819110ba23a74ec47f4d38d9de29dccd1bde0e06,Default Empty Transport Clipboard Coordinates
1772251501,6ed4e1b5fae99fd923b862e40e21a26f46947ae2132e7268be19e4420f1e26af,"Jumps up to dodge an attack, allowing a scent to encircle itself before dive-pecking the targets to deal damage. A successful dodge will generate a shield equal to <style=Hint_BgL><customRichText(calcData,buff, 2135204,param0,1,%d)>%</style> of max HP for <style=Hint_BgL><customRichText(buffConfigData,2135204,duration)></style>s."
1772280361,35a8d5b7f2eaca2a276f95d61b5556ec4f94ca085248edf381b6b42ab503fa49,Take a photo of Popota rubbing its cheeks
1772307077,842486cfa08f652ae603e5c9e426c981e10e62172e202118b5a35071177a4167,Increases Fire-type damage and resistance.
1772333909,9843a52aee83b0fcc283d14623ce665e580d29e239dda66ac8d327d02dbcf92e,Congratulations on earning an S grade! Pretty impressive!
1772355913,e8095dae5207baebcf814eed2d4da2a3ab07c70757651846a5f0a5393d384682,Perfumer Dael leaves.
1772377531,05a2ba166c4687dd467bab1e22d41e51aac164c5b791a2cd9a385d1678b2ef77,"I can’t believe tiny Cozites can build such huge homes.
Their hometown must mean so much to them. This photo will definitely remind them of it!"
1772387140,53ea922f7dbbbc57ce3e9b6c51958b19642e2bbca33d25265242fecf1e8f67af,"When an Alpha accumulates <customRichText(calcData,buff,4004070,param1,1)> stacks of Fire Debuff, it enters an “Overflowing Debuff” state.
In this state, each additional stack of Fire Debuff causes the Alpha to drop an Energy Orb that can be touched. Touching the orb restores <customRichText(calcData,buff,4004070,param2,1)> Energy."
1772392288,49c3143046e31c13a5c1002559a7bd0ffc988d6dcc99aabc3a61b26753430e2f,Walk deep through garden grounds as fragrance clings to your footsteps.
1772427440,3da9665f2fc1bbfb3d9b80aa339826196c7a1a22c005f5a7f6822e96033201f4,Face Tattoo 14
1772431999,a481cba602762b90f0849c6962eec553e067a167472bf1852ffc8fc6cd30f5f7,This one’s off-limits!!! It’s my bedtime leaf!
1772440749,1cce008ac03a625322c4ef3fb690bd6919e3225eb156357cfaf3914130dd82a3,This part doesn’t match a tenor like me.
1772497359,308300c297d394b6d946e5cb9c222323fff0774fee6262b42f0e92b1b1c00aa8,Select Phrase
1772508183,983bd614bb5afece5ab3b6023f71147cd7b6bc2314f9d27af7422541c6558389,300
1772513750,5ea05a9346fdf425aac112c21b38dd197ffbaf854bed51edfe1a82fbbbed1f86,Dense waterways split the platforms into isolated islets. Mastering the shift between ice and water is the key to moving forward.
1772520450,71aece89cc58959dc755af96e78ee835db5f4f5e894dee78a44379c6c453be39,"Soss! Soss!
(Don’t forget to join the fun! Hehoooo!)"
1772535894,9df7dffe0db571791c4e36eec114f5b60339a1b68d5354d07b37800e5e44e560,Not enough storage space in Aniimo Management to use Quick Catch.
1772550170,081e3363e2bca508a7e85d6beddf099cb18e259cdecf4d3d790e2c15a9a20af7,"The Vein energy here was already restored after we cleared the challenge earlier.
Still, this Sanctum truly has a deep connection to the Emberpup family."
1772555609,7c7e4d5b86019944c9735cb8796709b1d60d22d069e97642f57f9c6f280368e8,Wooden Plank (Floatable)_Lv3
1772620419,f33a38d66d5572ff36a41c99bddb65bd374147bba8429ef1c5b5e67f8f4c2584,Cast [<style=Hint_BgL>Symphony of Life</style>] to restore the Glynsera's HP.
1772668225,c85ed8f53d5c3680cfe4e0c4a0bc1ac2f36646b5aa754668724319958adf488d,"Words of the Wind
A cliff today may be a reef tomorrow."
1772669234,05947b7bdbad0f301c8086a325985c41961fa6c762799f8659f64740683736de,Clay
1772684179,b49ef63aa9f1336073fcfd4542eb33984ce4bf7d0fc6e48476df523c07ed9433,Correct. The most direct way to trigger a Wild Surge is for the Branch to Nurture the ecosystem.
1772709046,0b51cc6f4def24dab3e1e665438084370e33ae5cf6189dcaab6f756d1c3346e1,There’s still a lot more to learn about twining. Try discovering it for yourself.
1772744145,434360b8f10c30cf6eafdd06e5084a5d3faebd0393801f59f4fd198b988ad565,"But since this Ancestor Prism is related to the Aeon-level Aniimo, why not seek out <style=Hint_BgD>the existence closest to an Aeon</style>."
1772772678,cf3616b51d465a6c5a6afa8d7957a867ab41c46a2e3bf4569726a453e1607be2,Increases Aniimo damage after twining by <color=#d89c28>20%</color>.
1772793714,2a35981718dd9a2be1199d9e17a4aff4e5ff4eeb2d932ed3762f6bb6dfbfb22b,Huh... My hand...
1772817364,b7fd2fb1318cf278e8cf075c374d321489eca13691cba44b515508384ba0ecb7,"Shh, there seems to be some sound!"
1772886047,562956392c1636b35800fecc50df6898496bb300a68b8bc1fd6becf8576ee570,"The Morphling said it's not good at observing, so the Aniimo it transforms into must have <color=#d89c28>abnormal behaviors and habits</color>"
1772965542,2531fde1d65bc3b7c7ba181a4735f6c982b4f8bb86d7703323429f5766e46694,"Blessed by the Sol’s grace, many in the past have become friends of Aniimo.
What would be your first response if a friend is injured?"
1772979055,952937e97aca707d56da7c3af4c2cd39be6d31d16b65af4b0d176fe3a321583b,Premium Heal Rune
1773052312,78e3d1aa2004dd26e6b86244caf3e641bb26dac87e0595e0fafd0790d9d9db45,Simple Clay Pot
1934742694,78e3d1aa2004dd26e6b86244caf3e641bb26dac87e0595e0fafd0790d9d9db45,Simple Clay Pot
1773113840,05faa068df586620fca7df85e3913521fa4d962bf79fc4bbd9c00ae9e8725a09,[Abundance]
1773134826,ef8f44c5efa0e66c6aad15ee252a7f3de2b4d5fa892ce871ebc31ab6872ff3e4,Grants a 10% chance to consume no EP when casting a skill.
1773150601,b78d18751543bf79db7c9c67605229b2a4783d9362c6e1cfd1433e623585c3db,Press V for Guidance
2015020163,b78d18751543bf79db7c9c67605229b2a4783d9362c6e1cfd1433e623585c3db,Press V for Guidance
2098178238,b78d18751543bf79db7c9c67605229b2a4783d9362c6e1cfd1433e623585c3db,Press V for Guidance