1648485084,64f8bf3b9264afcb69c93f0e54e50df1e242b46b229973e4c4fde1d6721543c0,A hanging morning glory with shy pink blossoms trailing downward in delicate cascades.
1708129579,64f8bf3b9264afcb69c93f0e54e50df1e242b46b229973e4c4fde1d6721543c0,A hanging morning glory with shy pink blossoms trailing downward in delicate cascades.
1648493864,e6c5e1af21c47e6373d5530d052e3ec09d4e68a42c02e79c644c151abebf4228,Fight! Fight!
1648522769,d3247b700b02531afd1c092196e203e693b0914c5105275327cd8b109881692c,"Looks like you managed to slip past those Hexxins! One day, I’ll be as powerful as them too!"
1648535098,c511fab85f735bc4693807738267b45705d092d5c866f60131f31d9bcbe1cc25,"Increases Crit Rate by <style=Hint_BgL><customRichText(calcData,buff, 2118503,param0,1,%d)>%</style> while flying."
1648550629,4e68402439012b878a619d1c3af0f122961eaaedb272661152f9a6411742b156,[Dialogue Placeholder] Are you ready to set out?
1648664009,532eaabd9574880dbf76b9b8cc00832c20a6ec113d682299550d7a6e0f345e25,Test
1648693038,d0bd217d7a31f75f48d107f9771784048b30452c31888e0f38aae494ab5a084d,Gift of Encounter
1989095046,d0bd217d7a31f75f48d107f9771784048b30452c31888e0f38aae494ab5a084d,Gift of Encounter
1648700775,fb87b2af0869bd326fd29659bda00b0dd861d411e0e07deea6e8dd9b188f1b06,The number of saveable combinations has reached the limit.
1648707250,c7ebd9216c769ad085f476b91ea84a6b26f9d887bf12694204444ce364869e49,A premium Aniimo toy. Bigger than the Little Rubber Duck! Sings and dances even longer!
1648726165,211df71c1cb041c4170b7bd10bba77ae6d386448b1b97030f4d5ccf14bdd7b21,"Extremely rare pumpkin with dual mutations, enveloped in a rainbow-like glow while having exceptionally large and plump fruits."
1648744177,3d4d4c738331305ff3b3957d2866a74f9175e82999300478e8d0d14b974c4b6d,I’m still just starting out. My instructor says I need to perform in front of people to get over my nerves...
1648744303,255a54f7706d46d3cb1f80fe1bafdca968e9b21c48aa87674ba1c2f0624cd27f,That looks like fun! I want to play too!
1648748347,d05cf33e4ed775ed5c550d314fd654df70ee3d53ff876cff69ad55769ccfb8f9,Free speech disabled
1648751688,1ffcca26252aabdafb22eac7e92552ac3d7e1d8cb648e69ffaecad98580eeb09,"A fruit containing the essence of Dark.
Can be exchanged with <link=""item_4040019""><style=Q_4><u>Element Gem</u></style></link> x<style=Hint_BgL>10</style>.
Placing it at the RV Park grants residents a park buff of +<style=Hint_BgL>2</style>% Dark Attack and +<style=Hint_BgL>2</style>% Dark Resistance."
1648763158,b461f380c57282e656a4bb65f6df3ec9e623d38a307052790771b5530954faca,It needs more improvements!
1648775344,ef7c726dd3b6812b6320dddd0f3126136de264573b8c4a379c24ed469c4317dc,"As for the location, I remember it's in the <style=Hint_BgD>Ruins Area</style>, <style=Hint_BgD>Swamp Area</style>, and a <style=Hint_BgD>dark cave</style>, located in the eastern, western, and northern parts of the Forest respectively."
1648776281,d35d3aba3b9c2486db9f3484c25347c9eb509e577c027cc80db8dce8f9ad9c8b,"Increases ATK by <customRichText(calcData,buff, 270020002,param0,1,%d)>%."
1648789061,ffadab429e6bfbb9120002920f55b89e678bb9059297deae8d828c396d3b5b07,...Hmm? I could’ve sworn my book on distilling floral dew was right here...
1648791464,e9a4041f8dfce1d53468de5bd5c0f02160ced35064059efa7833f79722652107,Both Sides
1934027749,e9a4041f8dfce1d53468de5bd5c0f02160ced35064059efa7833f79722652107,Both Sides
1648795907,ba4bace091275a18d76b014565c0a95b0434086bf0c24ba5da7503449c22e5d4,"The circuit has activated the <style=Hint_BgL>fan</style>. Now go into the <style=Hint_BgL>Wind Field</style> produced by the <style=Hint_BgL>fan</style>, press #kPlayer/Jump#z twice to fly up and get to the finish gate."
1648796869,31329d186a72e368e84eb90eaf04c0c3011a585d9f9aee10b40cf3beefd22c92,Frostwolf Ice Soul
1648804524,1ba8263de109317cf551b210f208404e6002238b2c7ee2cef7bb30df6c8e5efa,"Slow-simmered until rich and savory, warming body and heart alike."
1828433687,1ba8263de109317cf551b210f208404e6002238b2c7ee2cef7bb30df6c8e5efa,"Slow-simmered until rich and savory, warming body and heart alike."
1648831730,cfc10b0ecccf677cd99b039c96275ebb7135909c37a01c571a0e49933cffaba3,Increases gusto by 6%
1648833554,641da8e3af404b5bd2ed8487fdf61fc4534e764e0694e855fb5808b160a2ad99,"Once activated, you can start your first catch!"
1648860794,0afb1c42c8e5581c8901cff392de9fab28ca6d117ce357dcd0f4ec72ec39417f,A deep red-brown building block for all kinds of structures.
2069057673,0afb1c42c8e5581c8901cff392de9fab28ca6d117ce357dcd0f4ec72ec39417f,A deep red-brown building block for all kinds of structures.
1648909549,cb6d6129052b7654141bd810d691cd72385cd99935e15a1766f7679ea382866a,Aniimo Official Website
1648924456,75880c058f6f0ac7270a9761f69111ccce2f4c81b1cc4907739e405abb7fe1ce,Pomegg (Snowfield)
1648936607,75d5a2a5c4de5bf8c707f003dea8504881fe5d5f82f99834a494a2d2b2d1f82e,Get to the finish line as fast as you can
1657852603,75d5a2a5c4de5bf8c707f003dea8504881fe5d5f82f99834a494a2d2b2d1f82e,Get to the finish line as fast as you can
1648964051,3f1f9767f72b599a128525dc46d314884ea4a2399858821995e61388a9e7e7dc,"The Sanctum's power of Lumin has gathered, and the Fainted Aniimo has Revived..."
1648968061,3ed7aaaee92bb031643c07fa4126a654756088a765ab2363ec811cd97904c207,An exposed mine that can be mined for ore.
1901167941,3ed7aaaee92bb031643c07fa4126a654756088a765ab2363ec811cd97904c207,An exposed mine that can be mined for ore.
1648992713,8f44920e88e1293985f030b67647a287f3075fc482cc546ec3939f9d36f281a4,Extra-Large Blind Box
1648993685,b83f24e96aa8b980059770c04c03b0bcd7f35eb0b9105ec463a3787b19fdd77b,I’m never eating random stuff ever again...
1649003310,640a1e36a73001e193851af01b1d334afaf19e6a2bde4b4371f43435cf09f121,Water Arc Strike
1649011955,948a409dfb7c0a57f9fe246943e4500c10053cede79f4563e04738b8f6ec500d,Graceful Elegance
1854557283,948a409dfb7c0a57f9fe246943e4500c10053cede79f4563e04738b8f6ec500d,Graceful Elegance
1649079762,c2b340dc12b1ab47c65511470b508f6ba851d2425e16146987914cc09cd2c61d,You can never have enough Aniipods in Idyll! Come see me if you run out!
1649098489,d6a17f4c6aafad5a827014f810e0df280e67001178d7dcb15f7b0613584daac6,Contains sensitive words.
1937720987,d6a17f4c6aafad5a827014f810e0df280e67001178d7dcb15f7b0613584daac6,Contains sensitive words.
1649102704,d261b78ed1803a3fbac67d6df5e7c1508c262e809a4e761498a818889f248d9b,"!!! (Shrout finally stirs, eyes lighting up)"
1649109468,5872c1128f193da373cd1d6542308552df9d7ea97500514f5f706f3995da2022,"Well, this one is a bit difficult, so I’ll give you a break.
Let’s rule out one incorrect answer—this one. Now, give it another try."
1649119892,071b1620314c0acdeb077fef14985d93c08353f4c9b4b5d50e4643b92b376c5a,Still two more Pomeggs to find.
1649123267,1cd0a5b6b63201870e5c8f05fc5b754377b359c827d6bbde085a0c220f79caf9,Select egg
1857401060,1cd0a5b6b63201870e5c8f05fc5b754377b359c827d6bbde085a0c220f79caf9,Select egg
1649152988,76d6f9372ac78beb63e875ff33da3bf992f4bfd7c2d0cd979148e85a14d244b6,Welcome to Test Site No. 3: World-X Great Fire!
1649162152,e31bf44786ada5bc8cc2151687fe42b0c181c325e1844cb408bf4d3fcc19108f,Raging Rampage
1781734674,e31bf44786ada5bc8cc2151687fe42b0c181c325e1844cb408bf4d3fcc19108f,Raging Rampage
1649174008,c78037de79f4e5c6dc964a8269c2c2f37ebd90b3c76bb3181889af6c920243a2,Dynamic Sound Cannon Pack
1649201155,9be25ed0bea80b2b5a93a626edd8fdc4105c089052bff127c16b256644a237d0,Elegant Waltz
1649205883,2077d37f32e27b80a4a71137742f01457bd592e5e2f5037f51650335fb8ad2b5,Blush 6
1649304863,e5de7765484ad0b45e73f85cef881c901c6b307636b73341e4346f3c94e5874c,White Flower Bud BGM
1649321028,ebc03f5e068a006fdd1572d5e722c1b07897dcc7defa14f3056bd65b00d591ea,Eeee! Ee!
1649321040,0975514a36582b28f30d6b75580ec9fa1553864a4f32045e4f107bddbeb0b6fc,"In a blink, it vanishes like cotton candy in water."
1649322681,2051819f47bcc8138f4bf3e4efb6f59ba29d8a5dca63b1b758b0951e4a4b4370,Call Friends Unlock Status
2059876094,2051819f47bcc8138f4bf3e4efb6f59ba29d8a5dca63b1b758b0951e4a4b4370,Call Friends Unlock Status
1649322878,44b75349384b305a3d2369573ff38e48c80f51529b8301f8a184d590840b4550,Learn ATK Aura
1649336847,953e43881a6d8329a1d16557d9a9a1f54dc2d3ec0c13dd4188d9c5e547d4838e,"A flower containing the essence of Ice.
Can be exchanged with <link=""item_4040019""><style=Q_4><u>Element Gem</u></style></link> x<style=Hint_BgL>10</style>.
Placing it at the RV Park grants residents a park buff of +<style=Hint_BgL>2</style>% Ice Attack and +<style=Hint_BgL>2</style>% Ice Resistance."
1649405910,b2b2c27fac55aa72a30e37324d8539373cfd8b3c2a32e995f3dcb8d8cbb7b411,Duskwhispers?
1801485539,b2b2c27fac55aa72a30e37324d8539373cfd8b3c2a32e995f3dcb8d8cbb7b411,Duskwhispers?
1649424443,11021cae1bdae660d5b358add2eb8fbeaa2d00ab05c292e003cd29d029acab04,"No time to waste, go get it quickly."
1649454919,e4a42e6b42393f755fc6bef77e4f863e60296d4aa037784e37976236dda1afd6,"Out of the darkness, three strange mechanisms rose from the ground, draining Irelia's energy as she hovered above.
Rainbow-colored light poured down like a waterfall, then twisted around her like chains.
But Irelia seemed completely unaware. She only gazed, spellbound, at the false Prismana vision before her..."
1649459500,4a43c60da406dc34bb8823d296f225ce954c971ccfb4a7c30fa1f6f3b3687f9b,S-Spying is wrong... I didn’t want to get caught...
1649478560,5ffed2172bd9f9b92cb8dab654f123088005b4a04748ad7af54a971c05484006,Stopped tracking <style=Hint_BgD>Prismana Aniimo</style>!
1649494485,535edc77c98f339f35902c941ae6ae0b16b02dbea8a5deb2430012a54fd6da23,"Aniimo work efficiency increases by 20% when assigned to the Crafting Table, Tidewhisper Sandcastle, or Nimbus Bed."
1649586714,8a7e0eff0bc118be1fdaca083b8b6efaf8df7b5299eeef6297734aa10ec6b7b3,Gloomy Bloom
1649607859,d9cea145f00dcf4829d0da97149f38237bbe8bd376754f07ea874211d00a470e,That's all.
1649629750,0d283f523ad4a1cdf98b1c695626a7c458e19dc12ed49980a54c15a9990544ad,Moisten
1649632772,a3afdc7b007c3cd92fc09416197fbbec8778c3b0ac4e647cb3cf9b9284113994,Moonbathing
1731671485,a3afdc7b007c3cd92fc09416197fbbec8778c3b0ac4e647cb3cf9b9284113994,Moonbathing
1649706025,f7c6b32921cf4a6c1c3afc354e295229bed69b7d6c1ccd82b7d3e36b254df265,(Translator) I’m a Tubster. Tubsters don’t fly.
1649719732,75c8cb1bbd0831b2485e386c8eb6ed2328f2962386dbbedb3c8820f43ec70d62,Haha...
1997894259,75c8cb1bbd0831b2485e386c8eb6ed2328f2962386dbbedb3c8820f43ec70d62,Haha...
2111939335,75c8cb1bbd0831b2485e386c8eb6ed2328f2962386dbbedb3c8820f43ec70d62,Haha...
1649753502,8705104c27c02cc7095fcd731f887416710c4b628473a0d81e59384ee6d3705e,[Violation Notice] Home Visitor Access Suspended
1649766150,0362032f4d8e416b7185317a8a689ae5444b3c396616fd546545d36a0e8b48a1,"Creates a cloud shield to protect itself, absorbing damage up to <style=Hint_BgL><customRichText(calcData,buff, 2126101,param1,1,%d)>%</style> max HP and reducing stamina consumption by <style=Hint_BgL><customRichText(calcData,buff, 2126101,param0,1,%d)>%</style> for <style=Hint_BgL><customRichText(buffConfigData,2126101,duration)></style>s. While affected by <style=Hint_BgL><link=""source_8060""><u>[Shrouded in Mist]</u></link></style>, the shield absorbs damage up to <style=Hint_BgL><customRichText(calcData,buff, 2126109,param1,1,%d)>%</style> max HP instead, and stamina consumption is reduced by <style=Hint_BgL><customRichText(calcData,buff, 2126109,param0,1,%d)>%</style> for <style=Hint_BgL><customRichText(buffConfigData,2126109,duration)></style>s."
1649828204,a89383f1a4302676318d7ff58fcce2c8bf4fd46ac48aa55fcbebb6a340ca2c60,Physical
1661760709,a89383f1a4302676318d7ff58fcce2c8bf4fd46ac48aa55fcbebb6a340ca2c60,Physical
1697641962,a89383f1a4302676318d7ff58fcce2c8bf4fd46ac48aa55fcbebb6a340ca2c60,Physical
1928981779,a89383f1a4302676318d7ff58fcce2c8bf4fd46ac48aa55fcbebb6a340ca2c60,Physical
1649841615,0f869ecc34d79ea318760a8b1450512308e8b6b36ce9d404a78dc57a6ee99c71,No Retreat
2128253694,0f869ecc34d79ea318760a8b1450512308e8b6b36ce9d404a78dc57a6ee99c71,No Retreat
1649855527,84044ddd46742a85d2817ac59f406a8bad38204e32a5a4c2a436dda1c585ac5a,"All right, tell me how you managed to count it."
1649865452,b2abd9fd689ea465acb5de6e93198b6d6ec95ca424e52231c13d039136429aa6,Party ID List (comma-separated)
1649873981,4dcdfab0ec077ae1d1b9c0ca0eab762298921026e7d28da4eccce951a4db82f7,Push the plank
1649883460,c5a784834ebc749e1c0ca53f3842b72ca23556738b0e114aba3f3e77ad7b1026,"Flaps its wings to fire 2 arcing whirlwinds, pulling targets along their paths. When the whirlwinds meet, they explode and deal AoE damage."
1649896457,ea4ed4a5a63ff50f750fde120b30e4cbd3298079c20d15f0752a7925c3a4e1fd,"Surging Tides, Pearly Glow - Left"
1649909716,8ab43207aed6e9b14d825d0376667afd60b43b01c6c711f10319430caef1de9f,"Correct. As the name suggests, <style=Hint_BgD>Holo-Battle Interlink</style> requires you to fight alongside other students. It tests not only you and your Aniimo’s abilities, but also your teamwork with others."
1649919296,1e7f22928d80e773780511aea43710534e2cd30129e8dd327dcbbf4475c62083,Damage +15%.
1649967627,96578849a29c002b75d25c72afa1ec5186d40688af4e091ca7d6a9cfb92e39c8,"Dear Pathfinder,

Welcome to the continent of Idyll!
Your exclusive perks from the “Advanced Edition Pre-Order Pack” have been sent. Please check the attachment."
2064119203,96578849a29c002b75d25c72afa1ec5186d40688af4e091ca7d6a9cfb92e39c8,"Dear Pathfinder,

Welcome to the continent of Idyll!
Your exclusive perks from the “Advanced Edition Pre-Order Pack” have been sent. Please check the attachment."
1649990046,41d0c3ee667fc4f5c5e4f2002c04c8d6936c729792dd966abc02e0b60573cf38,"Increases damage by <customRichText(calcData,buff, 2137302,param0,1,%d)>% for <customRichText(buffConfigData,2137302,duration)>s."
1650013922,29121321e0fba67bcf0d3eaadb43a2bfd58fc048f6a10c7209813716a35f4c66,But... but Skippy wants to hop around on the ice with the other Skippies too. Can you help Skippy?
284225983,ecc9ef54766107f99f746b550de4d6775a2be3b2bb1f1f9bf63cef49626bd187,"An RV Park between the romantic Sea of Flowers and a pine forest. Pathfinders can rest, make friends, decorate their camping platforms, gain Park Buffs and send Aniimo on quests in there."
352318919,ecc9ef54766107f99f746b550de4d6775a2be3b2bb1f1f9bf63cef49626bd187,"An RV Park between the romantic Sea of Flowers and a pine forest. Pathfinders can rest, make friends, decorate their camping platforms, gain Park Buffs and send Aniimo on quests in there."
434978245,ecc9ef54766107f99f746b550de4d6775a2be3b2bb1f1f9bf63cef49626bd187,"An RV Park between the romantic Sea of Flowers and a pine forest. Pathfinders can rest, make friends, decorate their camping platforms, gain Park Buffs and send Aniimo on quests in there."
534148252,ecc9ef54766107f99f746b550de4d6775a2be3b2bb1f1f9bf63cef49626bd187,"An RV Park between the romantic Sea of Flowers and a pine forest. Pathfinders can rest, make friends, decorate their camping platforms, gain Park Buffs and send Aniimo on quests in there."
1650019952,ecc9ef54766107f99f746b550de4d6775a2be3b2bb1f1f9bf63cef49626bd187,"An RV Park between the romantic Sea of Flowers and a pine forest. Pathfinders can rest, make friends, decorate their camping platforms, gain Park Buffs and send Aniimo on quests in there."
1650055939,27367dd0d25d06ba27fc854843631dd5f7d80c9af3e4bed29fc24115e375b37c,Bounce Toward the Stars
1650096703,b747ec2617a54c6b77130f6d8ad00281db3b75bedc273a125ebf27d4b271f4cf,Starburst - Warm Apricot Tall Wall
1997288229,b747ec2617a54c6b77130f6d8ad00281db3b75bedc273a125ebf27d4b271f4cf,Starburst - Warm Apricot Tall Wall
1650106144,761689d4c93c1ca58d1cbcb7044a78bbb43cf8ac1ea2924c00019099bb978306,Quest Transporter
1650164216,4c104b7c347f33d28f97d78a42169caf975ff24b73c407dfc8eab51ba88493be,"A pale-yellow fermented beverage carrying a mixed sour aroma of starch and fermentation, slightly sparkling with a distinctive potato flavor."
1907823983,4c104b7c347f33d28f97d78a42169caf975ff24b73c407dfc8eab51ba88493be,"A pale-yellow fermented beverage carrying a mixed sour aroma of starch and fermentation, slightly sparkling with a distinctive potato flavor."
1650187269,7201d100f3e0c5110bb3d912571311fc367091d2d4c2df9a382289571f887e75,RV setup complete. Please go to the Park for pickup.
1650206037,735ae63046b3bea746d89c4685763e215061fb890e19a56c95f4a38eeeb7fea8,Furniture owned: Warmwind Whispers: Diamond Rug
1650237804,a8bc4da129aba1707eefeb09adb4f28469565b578dae8409877f9d6a9aa41812,Senses
1650298132,e0937ebfa8052c0bba841ea9791c5cf2cd4c7886b1b69f95b25442984673e4e6,Backstab
1777075342,e0937ebfa8052c0bba841ea9791c5cf2cd4c7886b1b69f95b25442984673e4e6,Backstab
1819516888,e0937ebfa8052c0bba841ea9791c5cf2cd4c7886b1b69f95b25442984673e4e6,Backstab
1650349170,105b562c021cfda32b837f50eab40e10a0111b30f1c99c18ee3a364129a4f607,Placeholder text placeholder text placeholder text
1650357576,502000867f4ee48d2fa76868cf4875f17693601b79637cba472d3e1a5ce2c1d6,Goofy Emberpup
1841042459,502000867f4ee48d2fa76868cf4875f17693601b79637cba472d3e1a5ce2c1d6,Goofy Emberpup
1847739119,502000867f4ee48d2fa76868cf4875f17693601b79637cba472d3e1a5ce2c1d6,Goofy Emberpup
1650387050,7926ef57f54fd13f43e883d7a4d24eda1616bd4fbc1ebd26f5b4e834c029f517,Map unlocked
1650406635,f6bc031904ecf5c2ddada7e9252dbd4ecf3ddf4d37a4bee85fd13e9c27bf16fa,Custom Egg Box - Support
1650411594,0f6514f21ae874c67342a36ec6b70b539317e65a840da19c69370726a90f735c,Unlocks Emote - Heartbroken
2074990798,0f6514f21ae874c67342a36ec6b70b539317e65a840da19c69370726a90f735c,Unlocks Emote - Heartbroken
1650417794,9b80ebdab80e85f055c94e4415a5f86191eb55c4eacf7a6437c6a97ff38aefca,"Fires a powerful wind-type beam at the target. If you have all three Movements equipped, the attack’s area of effect expands."
1650423654,9d31c7cdc644b90357d895e47c7c30f0ee6adc5d8180de389cf11b6d91f26f83,Psychic DMG Reduction Multiplier
1875484979,9d31c7cdc644b90357d895e47c7c30f0ee6adc5d8180de389cf11b6d91f26f83,Psychic DMG Reduction Multiplier
1650491942,5c05992dee2d1c71ce25c169981d6f69bb1167d3c76d6aba37e3aec765d7a9fe,Sorry... It’s all because you were protecting us...
1650515312,21a2706e395c7ef4854c08855293e5b81442a82dbab36f248a011d20b8866c8b,Now tracking <style=Hint_BgD>Prismana Aniimo</style>!
1650530232,a65df68bdfcac8dc7698e177555459f2ab39371d608d207e2d5138aa0a8d43dc,Reach Prismatic tier for your Cozite research level
1650532722,f1a042537ba9d13302f02b12a34ddf022354594354e2f7c7a23a9e83cf16c1d5,Furniture owned: Endless Summer
1650600861,c78b7a75f8d9915f12565ed18adc639a62a9511ab14d4e7f42fd52b8b8a9b696,Cloud-like cotton provides a soft and gentle touch.
1735388233,c78b7a75f8d9915f12565ed18adc639a62a9511ab14d4e7f42fd52b8b8a9b696,Cloud-like cotton provides a soft and gentle touch.
2078270822,c78b7a75f8d9915f12565ed18adc639a62a9511ab14d4e7f42fd52b8b8a9b696,Cloud-like cotton provides a soft and gentle touch.
1650604527,a4b9a9b40fbeda5b465336d2094ee3c183c98d8d27c0f57ffe19fa6a296935ee,%s Aniimo to be released:
1650608989,246227d34cf44c91f60ae76a10ab43464afeb520a31e5b66cfca50f1cd151bc9,Pathfinding Department
1913926276,246227d34cf44c91f60ae76a10ab43464afeb520a31e5b66cfca50f1cd151bc9,Pathfinding Department
1650619869,e9b32759ec66e9d3d855f90fcac7f6f2bd3959454e149aec934f3c8b067c3c39,"(It looks like you can plant ""Spirit Fruit"" in this nursery...)"
1650621592,6f5d256270d73f80ad5b1964e5ab1af449fd75d8dcbc54681b8eafedf34422b0,I wonder if my Emberpup can help me catch a Nimbi!
1650627421,eb1e508e5b3b00b005760a84647447cca61d8e1dd707d8240b6ec6582bbdca23,Hey~ So excited!
1650628245,12046cd34bf0d6cc876924c509d68801fc11c045c3db44de86209f891f5fbbd5,"Dodo, did you get lost again?"
1650697901,6b13fb3f062c1f6a2e083d6ef031eddba7567e22a863200aaf3c38b17c377d70,"A peculiar rock containing the power of Light Element.
The shiny, warm rock seems to have the ability to dispel darkness."
1650716317,0e730399e0b74daf2d36c7e1cd032cdb4992e5d540ea23d10c3f7873e32a8c4e,Guide Settings
1650737279,38533e78592656f724f458cff5044e3148aef3189c3b677fac51247c4443120f,...You’d be happy?
1650752875,6684c01c48a12a3fb0642f6c78527495f162f0e1cd8cd4ca27857969f77e1c4f,Graceful Stroke
1650753098,99f32c5708ff03cdbfb97387b3c3644368f8796462475f903977f94e055628d2,"After all, the gates are already open."
1650784194,44b42d6bf4ba047ad3ee84aa9a0667b21dd23cf31c75080e441a8eb9379ce057,Morphling Mode [Test Dungeon]
1650801775,9d0b03952405ffcdb1d1a9d1a4c7b8e4460ff9cd9b40f99442e5e87746db7c4f,"Hey, you’re from the Institute too? You look familiar. Have I seen you on MiMo Live before...?"
1650815551,0f8ffe6d11bf86ca8c705a7a5aa425a26cf6821d546b36844530c7b1e19934e5,The sweet freshness of orange flower is like a gentle embrace from the sunshine.
1777220160,0f8ffe6d11bf86ca8c705a7a5aa425a26cf6821d546b36844530c7b1e19934e5,The sweet freshness of orange flower is like a gentle embrace from the sunshine.
1650832772,05a0c48fa9571f42cbffecef364969084b95d96a30b988d82a23d33573cda7f0,Wields the power of wind to attack targets from a distance.
1794000259,05a0c48fa9571f42cbffecef364969084b95d96a30b988d82a23d33573cda7f0,Wields the power of wind to attack targets from a distance.
1650882734,5ae8e1e78dee8481b5637a9e8ba3a02259cd0eb9f3286a8aabc55cf8f8a71cd3,The Aniimo is resting and can’t be controlled right now.
1650898125,b4379cf855078675d0e2817d36a971c9dbc627f780cf444d9d936985d0513e61,Let’s go! I wonder if Shanel has any plus-size outfits...
1650903198,9710d8e3dee57a886ded371d5bbd6686594cc4f1a3aca185483c72811be9d0d5,I want it all!
2136826192,9710d8e3dee57a886ded371d5bbd6686594cc4f1a3aca185483c72811be9d0d5,I want it all!
1650911694,f12178381078e9cb2617559c876ebd9ff8ef4f77dd0703216ecdbba3d988de1f,"Everyone's making such a fuss. If you ask me, Lady Irelia simply overslept."
1650947481,ab261090d4176723aad8ec1b7ecd1d56a4beb856352086c4c50c99f63a0ac654,"Stride across the snow with proud, wintry grace."
1650966107,c4d5ad6e7eec0dc40044f27e0f34cbccfaa58c420f99841ed0629faecbdd4135,Come and take a look at this photo of the Institute I took! I think it’s really good!
1650979860,dd654b902e75d46017ab5a1dd8f82f6c1ada6e4a0bb7d0977394ede435195814,Blush 4
1650981371,ee198f7e552b99fe76bf30d7d13ff1d091abcb13cc3b7342b698da9b1a20e6d3,Exit the current dungeon and end the challenge? You won’t be able to come back once you exit
1650995085,e933850447bd2390ebddd8eb095dc7df4af4b2e348df8a27b746e014f593d9cd,Verdant Conqueror
1681296423,e933850447bd2390ebddd8eb095dc7df4af4b2e348df8a27b746e014f593d9cd,Verdant Conqueror
1650998852,90f3ca5011e4ce6f83144a3f5155cdaae3728e8f4025daee5d3c720fbe465eaf,"Is it because I really do have a gift for scent?
Or because perfumery is the only path open to me?"
1651010338,9e8db1bf67057e6edbbe8826d3bee3355807802cf2ebc6671ee1df408ede1e82,Phosphophyllite
1835712560,9e8db1bf67057e6edbbe8826d3bee3355807802cf2ebc6671ee1df408ede1e82,Phosphophyllite
1921245903,9e8db1bf67057e6edbbe8826d3bee3355807802cf2ebc6671ee1df408ede1e82,Phosphophyllite
1651011157,2f4ea2ad624f26d371afe5c0ab980e793438545f3e7e28dc80e6e5d9e0125040,Wherever it dances becomes its stage!
1651046864,fae5061cacb9bd844379258af9068a3d2372f6eb46859a964c4513e9d34f01a2,BREAK +2.
1894835020,fae5061cacb9bd844379258af9068a3d2372f6eb46859a964c4513e9d34f01a2,BREAK +2.
1651074804,32c42e32ab87f0221b735494e3b4b2b43fc8d76102f9dbf33631d4ce0764b527,No Gizmos Yet
1651120399,762c5d3df5454b46196969b44ce8c168d4826fa9f3be640c3e26c6b9f6c1181f,*&^*Balee!***#@help*Balee
1651158263,5fe1daa110af955b7e3f76af58078d28c6ef24ff9712ada4d1a034088fd0a0cb,Element Resistance - Lightning
1651179271,9d4d99f9c7141847df1551e28c7592c820ebbd111efad2137eb0377e2893efb8,"A mobile old-fashioned estate, at that!"
1651204008,5dd78ff9e9b007b469ce47500dedc4e987eaed20ab57c6c103665b079c2727ba,Crafting at Home.
2021625860,5dd78ff9e9b007b469ce47500dedc4e987eaed20ab57c6c103665b079c2727ba,Crafting at Home.
2089601146,5dd78ff9e9b007b469ce47500dedc4e987eaed20ab57c6c103665b079c2727ba,Crafting at Home.
1651220182,5eaf866240c0151fe6c653dd3482881b0f520aba3c38e305d10bd5894cccfe1a,Monster Attributes ID
1651304723,747709a1dceb4a3c141a4aa1192259a87a28dc26418673016b042a43eec6910e,"Blitzwood, Forest of Falling Stars, Mistwoods...
Which one could it be..."
1651320022,62d87f4e79002152b56ce74e553750913bba9aa1a680942b813fa2525cf5d7d8,"Quick, get the camera! Iris’s on a dance rehearsal!"
1651321735,2f3d47ad19f7544ec1fd3bef239eae8d5cb5d65043be8e6dba9bf278aef737b2,Gameplay Guide: Wisptis
1651333821,8ed556d55f5274b23ae63959c71e84a53cdaa18bb21ba992525bc4bb639aefab,I really want a flying Aniimo too...
1651376659,df929031b01f99562dea1c451869f68ba5ac5e23a31c961e18e30654ed99f184,Increases damage by 20%.
1651381671,2d1e61a923b085766a89996ebf112b2c26739666dee55777f3bef82e2254223d,Learn Symphony of Life
1651447515,9e4a66999db5d49a2b56eeef3be0c89e1a34b7cac9aadea743fc50ed14e4da63,Craft Attempts Available: %s/%s
1651458124,997fddffe47631df25fcefa45153266610c02967ca5a67d30bd6d7eec9911871,Huge Sparkling Wheat
1764287749,997fddffe47631df25fcefa45153266610c02967ca5a67d30bd6d7eec9911871,Huge Sparkling Wheat
1651463311,3e11bbf9c31066a34a98ee4619e2f1cb3de4ee6c0df71a2b890ae7a782890503,Mystery Egg Box - Heal
1651504853,14825327cb7db7ea1b980eacdeeae4dc1ba135ec22e4971748faea29894bf235,This skill has already been unlocked in this Aniimo’s Aniilog.
1651513045,adf7aba3a5acd9e631511f0e2559b934bb96233ca5829168d51cff845cc5c76c,Endless
1651549794,38872a80660304317436348a3fe113c24df027869d90864ae503e9f2677066bb,Reach Prismatic tier for your Bonesky research level
1651663215,0d6306df9a07c43e119ac49baae9be5c6e0b6b449ed8fa5b4c5a0108bb3432ce,GoGoHomes - Warm Yellow Narrow Wall
1673584645,0d6306df9a07c43e119ac49baae9be5c6e0b6b449ed8fa5b4c5a0108bb3432ce,GoGoHomes - Warm Yellow Narrow Wall
1651669015,a35ed4c55f09b9ca7458391f7d40dd9599893415b9f85037c36dfe5624386be2,Ah! You scared me. I thought you were someone from the company... Ahem!
1651748806,dc8e048add100cc30a255cf8fbac6f290db6019b81e8ee2a63cb346edec67d8f,"Correct! I painted a Bouldus! Its devotion to ""roundness"" truly moves me... We’re kindred spirits."
1651751429,e3ca200205cdfa1eb3e38f0f2b7730c08178d1eb5a13e62558aa4df97219d001,"This is a Pawney helmet, right?"
1651767520,0475cac863b092a5e79deedc2ddfd72e27a0538f13369a39c778f789e57ee7f8,Can be used in the <style=Hint_BgL>Outpost Hatchinator</style>. Guaranteed to hatch a Thunderstorm Form Aniimo featured in the current Weekend Prayers event.
1651775934,d5b8a7f5e9ef23e0076b9e21d7c763f1fb603891c0a003c38e56b0b4031e76f2,"A plant containing an even more abundant essence of Lightning.
Can be exchanged with <link=""item_4040030""><style=Q_5><u>Pure Element Gem</u></style></link> x<style=Hint_BgL>10</style>.
Placing it at the RV Park grants residents a park buff of +<style=Hint_BgL>5</style>% Lightning Attack and +<style=Hint_BgL>5</style>% Lightning Resistance."
1651782506,9e55810be2876a9cf3ebb4ef51b44eb2aa597d1144580bc3012b02ad4916374c,"I’d still be ashamed of losing a hundred times, but honestly... one more defeat won’t make much difference."
1651796367,beca3bc7af37f01c29c88221a49813236677b7f4d02b451a6452f7ae8af2e9af,"Deals wide-area damage to targets in front and restores <style=Hint_BgL><customRichText(calcData,ability,13839900,param1,1)></style> EP. Hit targets enter <style=Hint_BgL>[Imprisonment]</style> for <style=Hint_BgL><customRichText(buffConfigData,9138304,duration)></style>s. When <style=Hint_BgL>[Imprisonment]</style> ends, the target takes additional damage equal to <style=Hint_BgL><customRichText(calcData,buff,9138304,param0,1,%d)>%</style> of the original skill’s Might."
1651820960,06dc70f339997a04701c0645f155da3babcaf0e21d4d559c30e1a0f32ec86dbe,"I once led 80,000 Aniimo across Idyll and became a Legendary Pathfinder.
Now that I’m older, I’ve chosen, like Principal Oswen, to guide the Institute’s rookies."
1651829516,506f3e43e5f72cf5eed19167a9f0bd827177be57789ee8f7a0c4caf602cd281e,Forest of Falling Stars or Near the Amethyst Tree on Tideblossom Coast
1651830636,8e87fb9eb30a3f2704d87fbc795aeafcf485e5e902926a6b77d3d5f169d80322,Endless Torment
1651843446,2c443d96fc5fc12997c1856eb3382b4a761ba28c3a87060cc313f237ab726441,Forget it—let’s leave it to the expert!
1651859920,22647cd1028df4174332f23220773d47449323f9f296d913fed8d3d425398321,Best DPS
1651868260,43ba0fea1168839c95b510801a63ab482dd64c3ddf9a9bbf74e81dd3bc118c3c,Obtain this Aniimo to unlock the academy research for this behavior!
1651911107,dbe478e0eec6f93576ece71b42545cd29740a22e59d4578358bfb4dfdafbfdea,Aniimo level 38
1749925618,dbe478e0eec6f93576ece71b42545cd29740a22e59d4578358bfb4dfdafbfdea,Aniimo level 38
1876063086,dbe478e0eec6f93576ece71b42545cd29740a22e59d4578358bfb4dfdafbfdea,Aniimo level 38
2110643922,dbe478e0eec6f93576ece71b42545cd29740a22e59d4578358bfb4dfdafbfdea,Aniimo level 38
1651974944,475204d973a8dca06bf66f9f985a50673d19c0c9f7c4d051d48ae203e39aa9de,But where do we get the raw materials for Aniipod? I don’t think I’ve ever seen any of those...
1651982094,b718c35d192ce01dbc20ab46287293ad6418c0125f2b3e023d54459d694cd822,Semi-finished Baleetle Dewdrop Crystal
1651991863,3148ec95f3c99cb45f5546412a79a21542e1cbcce18dee3814626aa631632eda,0 indicates the Pathfinder themselves
1652021135,dd23379826f52f9029a264c0f17187e3b919244d9634804ad2ebec531c6a4b3c,Dew extracted when mutated Moondew Crops are dismantled. It can be exchanged for other unusual mutated crops at the Fullmoon Shop.
1652070476,9225859e248fa7152f1ca4a345b8e526bc30b174c2e7067c06bcf2e51ff30a0c,You’ve reached this week’s limit for Season Stamps. Any excess will be converted into Credits and sent via Mail next Monday.
1652087930,c5a278d9ad0df9a270690ebd12144fcc4de087a59100cf8d6853222575e1f5b4,Even the wildest wind answers to your command!
1652148624,206d93a87a56fd1897c4e4029bc22294700979898a9039398dbfd7896751b920,"All members lose 80% current HP, randomly gain 3 [Vitality] Holo-gizmos."
1652173626,a4001aef73631bc1d51edda3bc81468ce4acfccc005a975920eb558bbcf75beb,Boss—Boss?
1652181274,5f5f6082c590f18b3c01a48d1ee97762ee84a014a1815785dbc50965461506a6,We’re best friends.
1652219634,41d6c0d6f04b026027aea170fe20ede923263c20975a1d81a11e6d3c5d7e92d6,"Increases movement or Sprint speed by <customRichText(calcData,buff,6001009,param0,1,%d)>% while reducing Stamina consumption by <customRichText(calcData,buff,6001009,param2,1,%d)>% for <customRichText(buffConfigData,6001009,duration)>s. Cooldown: <customRichText(calcData,buff,30100050,param2,1)>s."
1652251606,d5d6ec7fe47c6fd79a9555a9295b259d0b256b7c4522b6a5899a7d2eecf41cf2,"Dives from the air at the target, causing a Holy Light explosion upon landing. If you have <style=Hint_BgL><link=""source_8032""><u>Ring of the Golden Sun</u></link></style>, this damage is increased by <style=Hint_BgL>30%</style>."
1652256560,d9587512c1fa8ce56a669ad4a000d393c636156852332400ac1337304c3059cd,"A relic from an ancient civilization. Restores a small amount of amplifier energy, but also reduces the amplifier’s durability."
1652264132,8652df5808b240326cf97c81ecec4476ced3cca095e9d6271944db1d405a9e78,There seems to be an Aniimo here <style=Hint_BgL>blessed by Lumin Amber</style>.
1652300412,83f7e00b6e8cf425d10818c03e4db01c3cbb4f326c4fede587f7298be11c8ed4,Biology Quiz
1652309550,f4d1a508f242126e112a0f5101b43df1e4ec2a54d3fb39054ee2e7bd53fe2aff,Aniimo Items
1657282041,f4d1a508f242126e112a0f5101b43df1e4ec2a54d3fb39054ee2e7bd53fe2aff,Aniimo Items
1956240735,f4d1a508f242126e112a0f5101b43df1e4ec2a54d3fb39054ee2e7bd53fe2aff,Aniimo Items
1652381464,e9442ff7165123689a61506bd65cbfbb6914cfb0fa7db231b89ff545fd2f8fd2,We shouldn't keep Dr. Lewis waiting...
1652402935,6a8792c5cf5270b618deed7fb7a9cecd22505842e78c316cec8600783a04ffb9,An appliance for your Home.
1828648433,6a8792c5cf5270b618deed7fb7a9cecd22505842e78c316cec8600783a04ffb9,An appliance for your Home.
1958928324,6a8792c5cf5270b618deed7fb7a9cecd22505842e78c316cec8600783a04ffb9,An appliance for your Home.
1652403318,b77b6f49d6e6f88124a02baed81814687e373ac957a27435d06b1c4e317f4e81,"Bring that ore back to me, and the chest is all yours. (Munching)"
1652415992,6eb25990fbdb7f4c443f4f3be5f80d147a3d2f1323682c380d8627907e9ec544,Skip Back to Astra cutscene?
1652447234,5558bb1c755bf642d70a9eb6ceb701e201bb227df35927918dc6ab73bb6a41ad,Rebuild Aniimo Aggregate Statistics
1652455919,62fa9506a01bf02b8cbf3c780f07cf220f03871e1d92cc342fecdb71eb96b67b,But those guys have put it up on a pedestal or something. I just don’t get it.
1652457983,3827772a3080736fd75e95d65866188d5ee977dd1ac0dfa1dfa4c8b64a5ed47d,"The two blossoms are born as perfect complements. Their rich and fresh fragrances weave together, blending into a scent that is complex, yet perfectly harmonious."
1652490981,63fcfae82064b788f92bbe13acdd9a4b037f541665edf204fec7ab804d4b0029,"A hazy pink, as if seen through a soft-focus filter."
1652513499,937377f056160fc4b15e0b770c67136a5f03c15205b4d3bf918268fefa2c6d0a,999999
1720775653,937377f056160fc4b15e0b770c67136a5f03c15205b4d3bf918268fefa2c6d0a,999999
1652524720,d2b2dc944f0544277bbd7d7f64243cbf20f1290855dddb6bfa6ae739b34f6eb1,Click #kHud/NormalAttack#z to attack the Celestis.
1652526657,36587151a75c162ad56d22a7276e2971bde9dfc4d486659e9d14f59bed7d4379,Final Stand
2118108164,36587151a75c162ad56d22a7276e2971bde9dfc4d486659e9d14f59bed7d4379,Final Stand
1652540524,36c234c739c7598a0e1e036716c74066813dad8992b4ef090c1d4621bad1b418,You took too long. The challenge is over.
1652546558,3dab6d618a136ef0548959a2dbe92259bb912350fd5460102c46c16755fc273d,"Well, I wouldn’t say no to a lovely human girl... I mean, we could call ourselves the Mistdew Blooms or the Sonic Sisters."
1652557932,ef8d53a35fc227b5225b1dd82cb5289074cc10616a84a4d1cd5e3c3cf2d7d781,Gold Coins Gain from Catch Reports
1933079660,ef8d53a35fc227b5225b1dd82cb5289074cc10616a84a4d1cd5e3c3cf2d7d781,Gold Coins Gain from Catch Reports
1652575422,93364e6460d71419192b8d7a56f0729a57b79ab34477e7896f27a234864f86e8,Pale thorn... So you already know the <style=Hint_BgD>true ending</style> of flowers and thorns.
1652587983,2b6caf16b52c615624023800f9d603fbc9a0f4e1c59f5a958fa7fd0e991d72dc,Overexcited Helmut
1652615044,72cdc964d3232906004e181fa73473d8339bbeae9cc589d2227cd02eecb7ea26,Price Range
1652639084,149ab89fa51d942611984e0db21dacdcbc9684834a9bfd80386b29f9da9e663f,Home Coin Exchange
1652641981,b38e342be44e4265c1d1b7b31d97fd5a5571ed06dbe5bcfb03ae59f8e024ed99,Thank you so much for bringing it to me!
1652651395,952ce4c9dbf4dfc7070f2aa79d55fb5404c4f25a9a8921e80bef64b668c3f9e0,Total Orders for the Sol: 2
1652672410,403df5919fb8bffe5ff18a30195eaf47c8fa15c51825aa9d6166422eb8dce4b6,Square Pond
2103746479,403df5919fb8bffe5ff18a30195eaf47c8fa15c51825aa9d6166422eb8dce4b6,Square Pond
1652705788,22ee66861da20eba45be18d96f73e9125954ff95eb6daea07595f617452a0ac8,"Little Whelpies go to sleep at <color=#ffe451>night</color>, so I’m the only one left guarding the chest from other dragons."
1652722682,54d6c49692332e45773424c9759d9c02adbfb7bb42db919c2ac3c6918cb952c8,But rumor has it that only Pathfinders who share a true bond with their Aniimo can collect them all.
1652727386,e10889b0106b3c8e7cf24c6504c66dd55466d4be21f6f1a2e9286ae0ebea8377,Swift Beats
1652759340,29fb853f767878b1d1e79bea9a0aa2d718a9d501219458848336582fa75264cf,"The blessing gave her a gift no one else had.
And with Bloomville’s traditions, she had no choice but to keep going."
1652770117,32b6d14860c70de695b9af325ceb636c2372665fb94a36670f2adb1967944391,"Emberpups evolve into Flameruffs, their <style=Hint_BgD>Gamma Stage</style> form, which is also their ultimate goal."
1652774974,973eab1905194982c5bfbe141211cfec62797d0a3fe7a2af2f9c3cc2c22402dc,"Light Aniimo, adept at close combat and striking targets in a small area with impressive burst potential."
1652865531,fcaa21eeefa628c0b856cb569ebf54651b5684401e0135c5246717728b6577bb,"Wow, you helped Ant get rid of those pesky Vines! Leave the rest to Ant~"
1652891797,7a6d987f2b420fb91a1a3335e61890318bc28982bba8d20519cb558e77e173d5,Purchase an item from any shop.
1652904137,a3dd1c141c407f70e9c271c25e00f798cb366d50b254558471c014ae388ca9e6,"Thunder surges, and your electric hair flares out wild."
1683713701,a3dd1c141c407f70e9c271c25e00f798cb366d50b254558471c014ae388ca9e6,"Thunder surges, and your electric hair flares out wild."
1931683709,a3dd1c141c407f70e9c271c25e00f798cb366d50b254558471c014ae388ca9e6,"Thunder surges, and your electric hair flares out wild."
1652920864,276a0ff32ed9fef33b01e023d111b34e27e9e59294c5dc49e9611077e546bd2f,Okay! I’ll try it again!
1652922158,22bd3ab584ed958fad79d2e56576d5a46a7b6964a9a0ed0a6d029b0f09ea2671,Trait Research
1652930906,5b8e2958c629b90eb8f77e88b49cc0d2fec23b6a432810059d0b2c3069b27ba9,"Ah, creatures born of the earth, yet called by the sky.
With lightning at their side and storms as their companions... how extraordinary, how beautiful!"
1652954775,011189d9c5bf8f2a7b5f929af0d71f74eb0e506c01a716876a2ace963c78c206,Unlocks Emote - Help Me
2084855838,011189d9c5bf8f2a7b5f929af0d71f74eb0e506c01a716876a2ace963c78c206,Unlocks Emote - Help Me
1652962997,670fbc9fbaa29301c8e2fed74ceff2b7bef7249580b75f722c1d2c2c0bb9acb2,The cheerful trombone plays the joyful voice.
2112018803,670fbc9fbaa29301c8e2fed74ceff2b7bef7249580b75f722c1d2c2c0bb9acb2,The cheerful trombone plays the joyful voice.
1652965797,0c855d62df5d6ba94fdd28f624758a32610ce54bfc600aaaccceae9bf0766f93,Black Curtain
1687754657,0c855d62df5d6ba94fdd28f624758a32610ce54bfc600aaaccceae9bf0766f93,Black Curtain
1801421671,0c855d62df5d6ba94fdd28f624758a32610ce54bfc600aaaccceae9bf0766f93,Black Curtain
1652990527,e022fd689b0ae07a32c0e4127d9fb07f59f47a4a706ee1f73f4975a4b146ccd9,"Wait for me, Pippi!"
1652995719,ebb2320f5c73a72fa765f6bb334cb6d20960e29ccbeea818dac8b8db3a6b9036,Read Newspaper
1653005740,511bbbdb9521cc59c49d45d31455c6a36753c3a78316a623c6665c66e6cc894f,Leaping Sparks
1816092552,511bbbdb9521cc59c49d45d31455c6a36753c3a78316a623c6665c66e6cc894f,Leaping Sparks
1653033730,a452eee7738f97f851a92b8cdeff5edc2bb62d3ec868da5ddce40888c97dbfbe,A Starlit Rehearsal
1653048787,91bd52ede613e13694c7c65d0294e551aaf27f8e331d0e3bdf667b18e9856caf,"Deals damage to targets within <style=Hint_BgL>1.5</style>x range and applies <style=Hint_BgL>[Coral Mark]</style> for <style=Hint_BgL><customRichText(buffConfigData,9138312,duration)></style>s. When <style=Hint_BgL>[Coral Mark]</style> ends, each marked target takes additional damage equal to <style=Hint_BgL>3</style> Might for each instance of Earth damage taken while the mark was active, and the user restores <style=Hint_BgL><customRichText(calcData,buff,9138312,param0,1)></style> EP."
1653062440,f2552321f8e9b2544242f2ea1abb433f07b36a4eb682effca49f2f7588a8c293,"Quick, look! There’s a seriously tough one over there!"
1653068340,42f7cdff93fc73dbee5e270bca2befc292347d8dc99a297603aebe589f8ad1e0,And the entire Mudstone Pass is one big rolling racecourse.
1653081587,6e52b14e68c4e9bb6bfc405a51ecf5faf27e45345777d8aad93a27c033735e34,"<style=Hint_BgD>""...imp raises the sword against the Infergon""</style>... Doesn’t ring a bell."
1653113696,cef93267416db28e88f9c9c2ec9bc7098f1780a7eface1ac966efae86ec60b41,Huge Shining Lavender
1837202110,cef93267416db28e88f9c9c2ec9bc7098f1780a7eface1ac966efae86ec60b41,Huge Shining Lavender
1977730165,cef93267416db28e88f9c9c2ec9bc7098f1780a7eface1ac966efae86ec60b41,Huge Shining Lavender
1653179777,ebed0f2f256bbacd99170375d4b2ec0e140aa334f0b2c0db453d01d5d463df57,Universal skill
1653206609,00a26c514e0dde62035196759362ef737bb552d0e17f7d557f80296a13e41b44,Friends Who Can’t Be Invited
1653207407,974ba7594fa91db0dae5a957d8562baf80f01ab4b06f26d93419c3263821bb64,Tip: the ultimate rewards will be available once the research progress reaches 100%
1653231121,e2118c747d19af93b19e7c5e1693e665aa43ecc3b2ea358df86e7a3ffb99d912,It's been 364 matches. But there's no way to determine a winner.
1653240425,dc04f4a3aede96b28ace95d39bdb547ffd5c0d3afc49d4ffa53cfd9f981adeb8,"Legend says couples who declare their love with a dream iris will find faithful, lasting love... That’s why young people adore them!"
1653273870,f7748cd59ce514e05f215865072f1601f88257dde3a954c53a2d56b701171d63,Bloomville boy
1653290845,62eb61d3b4a521fc292fd285256e0489ab95ca28d804ee2c19c7bfbbc2ad3845,A New Chapter of Research
1653308251,f5818e5e9fe39562593c9ba9ee42a1424744cc8919c4752d1cfdd6ef8c99a9ff,The Branch of %s
1653322607,f33e9f4bdcf2a9212f5ec3906076fdc146dc3d5d229b89f958a6eff29575a185,But I’m confused... Why did Thousand-Fang Ridge recognize your fight? Neither of you are the Icho...
1653326752,de9a78ca3b3daa7b178c4829c444cd7aaf4c35870f7d1e2bef14ffd7894cad4b,Unlock the Pawney Avatar
1653344504,6bf7a8e8575a66591767016bfed20fc45684de2cb96593ad9d720b70a601585a,"Gains a shield equal to <style=Hint_BgL>{param1}%</style> max HP every <style=Hint_BgL>{param0}</style>s
While shielded, taking damage fires <style=Hint_BgL>{param2}</style> energy projectiles at the nearest target, dealing True Damage equal to <style=Hint_BgL>{param3}%</style> of the user’s max HP."
1653363507,2b1ba37d3ff08edf649994184de94100c3cb09f01ea8a193dbd1e6bc59f34151,So cool!
1653416883,ba065b3f86c45fa105a8ebda4aea1c479ead35c37159861b21d28a7d263e2526,Basic attacks apply Ice Debuff to the target.
1653440980,0bafe1f9360ceb5eb8b8f384cd32e8eef147f186084c326eaf17fb5d899732d2,<style=Hint_BgL>Processed goods</style> produced by the Phonolfactory Table in your Home. They can be sold in the relevant shop or processed further.
1653504786,430a30e4eb0bd97f9c478f6b1007125c4a8ca90dfe08b0d72c916afea30b6168,"A vintage hardwood chandelier modeled after a candelabrum, casting a tender warmth across the room."
1819951564,430a30e4eb0bd97f9c478f6b1007125c4a8ca90dfe08b0d72c916afea30b6168,"A vintage hardwood chandelier modeled after a candelabrum, casting a tender warmth across the room."
1653572492,5ba376e926c0a594eb9c6c55f4e4a756e8cd374291e857ae3a7a85466d0ed8fb,Show Storage Contents
1653584866,6d98f0e70b69dcfc5ed01259944cb5d1bf4d2dceb73e8bb9dbad9a42dd058c6c,Butterflies can help you fall asleep?
1653595754,e9de07f3765bd12377a102c374c9c4bc8d60b6541af8e281ec07b8b963790eae,Support Feature
1653602790,b21073b0c43d972912fa99f6e6417c738f22ba5f0411603043f97d01937e8ad7,Flamewreath Armor
1815671611,b21073b0c43d972912fa99f6e6417c738f22ba5f0411603043f97d01937e8ad7,Flamewreath Armor
2084390205,b21073b0c43d972912fa99f6e6417c738f22ba5f0411603043f97d01937e8ad7,Flamewreath Armor
2096034864,b21073b0c43d972912fa99f6e6417c738f22ba5f0411603043f97d01937e8ad7,Flamewreath Armor
1653609487,abf959572ae8aa768e74a3d2d05b21ccc255b99e58719eb56539e7e9e05a0a66,Ordered subfield name List (fill in if needed; otherwise enter nil)
1653620491,88ad0ba7ebbb5783e45762fb04f4dcee5b121995d3177170ccac01ab1c5c0d00,"Bolty can <style=Hint_BgL>use Lightning-type skills</style> to charge batteries, power moving platforms, and more—and can also <style=Hint_BgL>climb specially textured bricks</style>. Combine Bolty’s abilities with environmental objects to <style=Hint_BgL>complete the entire circuit and electrify the Sanctum</style>. Forge ahead!"
1653716510,c8b7cd429b358c7e8895db4cd9b6989597b946d04f0c3f08dbdebbec6a7a8a2a,"I mean, this place is so dark and oppressive—it’s hard to breathe, even."
1653719090,eca987b0e002430273576b8064112eed9dd3e2bf0fe335b62c27398dfee1efb4,Whoops! Floret is tickling my nose!
1653746378,7f9ca4e34c38952e4a28801876799ee9ce45705baf8eda33f76c0dcde9b75e29,Gilded Key
2050931878,7f9ca4e34c38952e4a28801876799ee9ce45705baf8eda33f76c0dcde9b75e29,Gilded Key
2137131856,7f9ca4e34c38952e4a28801876799ee9ce45705baf8eda33f76c0dcde9b75e29,Gilded Key
1653762299,0944f8a0e93b38c5eec1c02742ebe35dae6d311cfa51c014d125ca49541c71c4,Lita’s Invitation
1653785233,6c5049a59258516ded27807f7e50e8c064db9442506344c730add034cb087804,"After entering battle, each time Hoptail hits a target or bounces using its tail, it accumulates 1 point of [Elasticity]. At 6 points of [Elasticity], Hoptail gains the [Elastic Burst] state, enhancing Hoptail's Skills."
1653878582,6d02048eee1b9eca57a4725f2aa16cde5c0989da449b009388e8d11f71edc5ea,"But somethin’ always goes wrong—clip a corner, drift too wide... next thing I know, I’m off the track."
1653879054,bd148d35316ae608bf1212353f73f0fc7588f30924c430af60004d97b30266f3,Gardening Views
1653902807,c7cbf7e44b6cc46d5359612090e9a4d69c08dd2a9a6e3a929ff81c187b13caf7,Or we might need one that can swim
1653963804,0240ec8c83d6cbcdec9a318cbeb988e6b215bc3377c5faee9db49952c1bb5f02,"It gradually melts and shrinks over time, and exposure to fire accelerates the melting process."
1653978961,f5577b1284116fcac67ecba6f20fed4f1bfd71abc01e05768cfd36b4c6365e42,Star Celebration Avatar Frame
282765490,ea4bac82aed22f39d63d44b1b983d49a9923202ba84791e5fb696d89d4caf43a,Purple Key Room
424312299,ea4bac82aed22f39d63d44b1b983d49a9923202ba84791e5fb696d89d4caf43a,Purple Key Room
453606826,ea4bac82aed22f39d63d44b1b983d49a9923202ba84791e5fb696d89d4caf43a,Purple Key Room
455209084,ea4bac82aed22f39d63d44b1b983d49a9923202ba84791e5fb696d89d4caf43a,Purple Key Room
474711700,ea4bac82aed22f39d63d44b1b983d49a9923202ba84791e5fb696d89d4caf43a,Purple Key Room
480969596,ea4bac82aed22f39d63d44b1b983d49a9923202ba84791e5fb696d89d4caf43a,Purple Key Room
501431662,ea4bac82aed22f39d63d44b1b983d49a9923202ba84791e5fb696d89d4caf43a,Purple Key Room
517013969,ea4bac82aed22f39d63d44b1b983d49a9923202ba84791e5fb696d89d4caf43a,Purple Key Room
525210437,ea4bac82aed22f39d63d44b1b983d49a9923202ba84791e5fb696d89d4caf43a,Purple Key Room
525281682,ea4bac82aed22f39d63d44b1b983d49a9923202ba84791e5fb696d89d4caf43a,Purple Key Room
526182568,ea4bac82aed22f39d63d44b1b983d49a9923202ba84791e5fb696d89d4caf43a,Purple Key Room
527144198,ea4bac82aed22f39d63d44b1b983d49a9923202ba84791e5fb696d89d4caf43a,Purple Key Room
1653983283,ea4bac82aed22f39d63d44b1b983d49a9923202ba84791e5fb696d89d4caf43a,Purple Key Room
1827460901,ea4bac82aed22f39d63d44b1b983d49a9923202ba84791e5fb696d89d4caf43a,Purple Key Room
1986383037,ea4bac82aed22f39d63d44b1b983d49a9923202ba84791e5fb696d89d4caf43a,Purple Key Room
2021660359,ea4bac82aed22f39d63d44b1b983d49a9923202ba84791e5fb696d89d4caf43a,Purple Key Room
2123459967,ea4bac82aed22f39d63d44b1b983d49a9923202ba84791e5fb696d89d4caf43a,Purple Key Room
1653987780,b1b107479cf5b5609d8132026dd5451a9ff0ced694827250e1d30439c0dd631c,"Slow-braised potatoes. Velvety smooth, nutty, and deeply comforting."
1790115022,b1b107479cf5b5609d8132026dd5451a9ff0ced694827250e1d30439c0dd631c,"Slow-braised potatoes. Velvety smooth, nutty, and deeply comforting."
1653994128,c1974e15611c3ddba14c72b9a6d80e35775612db3525e9ba72e488f803feb55b,Conceals itself among beach shells using its soft appendages to hold shells in place. Remains sealed during daylight.
1654003511,07aa294b241a05e11976e4bd8a172c249aeb4fea20dd37bae7a15909bc57e4cb,Quest Clue
1654017547,c49d68a935c89c6166e257e27636474a5ac51680650044a15d7a7bbcb03c161a,Upgrade Building
1654018004,b3cfe065d8207ad981c7d5b8b5a69dc04110b73133542ba5444ba03dcc431280,"Congrats on <style=Hint_BgL>joining Polaris Institute</style>.
Adventure through Idyll, catch Aniimo, and become a stronger <style=Hint_BgL>Pathfinder</style>!"
1654098224,db70e4dc7686b480940309004c3ff615d81e57540bc88a676d7599b767a4045a,Why did you put out the torches! The atmosphere was just right!
1654119981,f0eb7d71a190d8c6c2971d849310d3267fd6e32b7ae589d10620675c4af5309c,Have you prepared the garlands for the festival?
1654149025,8681728b6643a4fa2870886e65dd9adb294a358935c4c704bfd4ced9fd5cf44c,"Snapping photos to unlock Aniimo habits is also an effective way to upgrade Aniilog, but it's not the only way."
1654199493,adbb059eb191ccb5c5d68177b54ac173b58ced1dab33f5ac3a5c58eb5a9d80e3,Building Block - Dark Gray Pink
1743821613,adbb059eb191ccb5c5d68177b54ac173b58ced1dab33f5ac3a5c58eb5a9d80e3,Building Block - Dark Gray Pink
1654202079,d9c31ef130c1a9c8992eecfe77a2cfd487ccb426342be54c68b546f81a5ac7f5,Claw... My dear Claw! You’re just so cute! That’s just like you!
1654217903,a34df8984026f18072169e8e6566717330a226a6e29bf65a899cd19cbbf1600d,Training Mastery unlocked.
1654256369,2f9fb8131060f96c42bc361b2971d366c140546ab4717c36cfb48ce491926d6a,Take Off
1853889291,2f9fb8131060f96c42bc361b2971d366c140546ab4717c36cfb48ce491926d6a,Take Off
2060257791,2f9fb8131060f96c42bc361b2971d366c140546ab4717c36cfb48ce491926d6a,Take Off
1654267526,1420a6fcbb248db886c910f664fe843abceda1982e17a9974a184686a7a88485,"Aniimo have <style=Hint_BgL>all kinds</style> of elemental abilities. Emberpup can breathe fire, while Skippy can spray water and release chilling air."
1654267942,969b59da20d3c16e7519f8cbb88699b6d818122fb2de368e6ef441f2fc99dded,Placeholder Name
1809444541,969b59da20d3c16e7519f8cbb88699b6d818122fb2de368e6ef441f2fc99dded,Placeholder Name
1892914857,969b59da20d3c16e7519f8cbb88699b6d818122fb2de368e6ef441f2fc99dded,Placeholder Name
1939793798,969b59da20d3c16e7519f8cbb88699b6d818122fb2de368e6ef441f2fc99dded,Placeholder Name
1949813830,969b59da20d3c16e7519f8cbb88699b6d818122fb2de368e6ef441f2fc99dded,Placeholder Name
2011220773,969b59da20d3c16e7519f8cbb88699b6d818122fb2de368e6ef441f2fc99dded,Placeholder Name
2036414061,969b59da20d3c16e7519f8cbb88699b6d818122fb2de368e6ef441f2fc99dded,Placeholder Name
1654303778,dd9a63757e75670aaa2452ec59dc9e3aafb0c27aa205b62de6eda344901abf33,Enter NPC Duel - Note: You must call initNpcDuel first.
1654351252,156c73f7675bd06e256198a867f26de79badf231e40a9cf911b7ef848bde0a63,"Whoa, that's one strong breeze..."
1654372848,fe89e74ef123741743d9cf9ed1e7df59907a4a8ae0f1a602a46eadd07d3334b3,Go to: Idyll
1654399801,e545f793aa6fdc494e6402206c870afbc31dc6ff524d96202be0330f97d6362e,Do I really have to stand here myself?
1654412314,56e54dc6c21e7f7a3ad121cfc87424bec093089074e6d79518fcfd82a6a0625b,"For each <style=Hint_BgL><link=""source_729""><u>""Surge""</u></link></style> Gizmo you have, Ultimate damage increases by <style=Hint_BgL><customRichText(calcData,buff, 2010003,param0,1,%d)>%</style>."
1654413019,1d0ecae551b1619f2dc20f22bf41473c879b2a164c14da685bdb172f75014912,Enlarged Turbo
1654423040,a6724e68d99c7b2f80ccdd250e6f6a0fd845c1fb505f8cf3a3b6048ea03f9b5f,Go claim Elite Training rewards
1654424725,ddce2044b8d1407e737a1dd753e8419e94a673444a4ce767d739cc2c6ebba84d,"After dodging a series of charges from the Cubbos, we finally reach a safe place, panting for breath..."
1654436681,86dd5181a22664939a8c621c38503da43b82db56d23b9a520328f2f155685498,Is there a reason that it only comes out at night?
1654447158,cc5adc7e44db7d162cb1a82e5187b8f7375a74b2aa1e89fb2413de7195f14920,"But this time, I’m not after normal starines. I want a <style=Hint_BgD>large starine</style>! Starry loves eating large starines most of all!"
1654455024,419f42f86fdda8254b73341dd334ed246c026881cced24fbaf1000d0a7c9e79d,Toggle Pet-Catching Tower Climb Shop
1654458787,b89c1d5e08a70b913be97e5c875d1236151bbb3c07f1b583e1b80d63c3f2ac97,Greatly empowered.
1654477052,4cb5b360391be0d2ae6855b28eecda59e4d6efc5ae4fbd4a2ec1b52e69a9b2e8,"This time, we hit the jackpot!
<style=Hint_BgD>Catch</style> that blessed Aniimo, and it's yours!"
1654479587,1ccfa1d630d546f2b2902969c8c23dc516914012d5469264c150387279f0d5a9,For Local Testing
1654500051,0dc39d00ccdc9609af6d79b47313e029838569ca2a3e60016cdc272493e21023,Go to Title Promotion
1693153504,0dc39d00ccdc9609af6d79b47313e029838569ca2a3e60016cdc272493e21023,Go to Title Promotion
1654505060,0b74c61acad7b2e5ced22b05c9bd759990625f319de755523a8e64fea33e7597,Exchange limit reached
1654542037,1aefb1bbb356c121805cdd372fa3a61f22e428cfe329218d5a606fff6bc62734,"See the moon, drifting slowly—so round and so bright!"
1654544251,4ff73527978003c7bee2dbfd9bca3856f27a897956e986ae9e76905cc11c7cb6,I wish I could get into the Polaris Institute!
1654573391,53611c985baed4859ee2a2df3e6f4255fe87153e266f650276e42b61e17c5d04,Aniimo reaches Lv. 47.
1654579391,54f68c33c2767432808dc6d20231b716829442d62a7a73526aa21994210fc8d7,Clear this season’s Grass Training on Hard in Holo-Battle Sim
1654588652,863b2fb6adcfa36111be22c968b07278c01f2da80661e694e6a77b4f7c972475,"!! Wouldn't that make it very valuable for Research...
I can get academic credits, right? Right?"
1654614337,122d32cd8d2aae261c34ac6192f32748673638635f7487d584ad05c3e18265e6,"Nicole, its value is not merely the credits of Polaris Institute.
In the known Idyll Prismatic, it has appeared several times, each time heralding the occurrence of some kind of change..."
1654631113,725fe9b58c4b164c852c8508fec98c7e2c851983aa6afda01742fa09fe556e69,C - Upgrade Aniipod
1654645905,5f5cf177f5e15dd0ede9ffca7ab7b7f4437ea679df60f942c959ecafe00df2b0,"A fresh, soothing resting platform that can hang anywhere on the wall, with just enough room for one curled-up Aniimo."
1980529869,5f5cf177f5e15dd0ede9ffca7ab7b7f4437ea679df60f942c959ecafe00df2b0,"A fresh, soothing resting platform that can hang anywhere on the wall, with just enough room for one curled-up Aniimo."
361804337,40434e3cab3d2e722397557043696ea107f605bcffee23353bca7d757eef3a65,Earn Silver Collection Badges in 12 areas of Breezy Plains.
1654661411,40434e3cab3d2e722397557043696ea107f605bcffee23353bca7d757eef3a65,Earn Silver Collection Badges in 12 areas of Breezy Plains.
1654675587,53766efbc9396f9a8e8894f34a6554c0d2b185635358ba7c18490e1268011ea4,"When using Counter-type Skills, it's easier to trigger powerful Counters."
1654689880,41e41b0ec8b399f5ec4d6b5496684a3527cb58c8b590fdd60055478eebb43996,I don’t think I’d be able to handle it...
1654691141,ae0ada6d3f123a0a2ccabb8d592ba3a9fadd07540f50d50f91c5bce12d42bdf2,Lightning Debuff
1654692852,80be9d6a7eef172712374af18cd4190049a90399a0b7d92e380509d8fb924d02,"But... the evolution requirement is a battle, right?"
1654716091,79e34c50a10ddb7876cc4831262125f70dedc8dabc66a2fb15a73773f38472df,C-Could it be because I secretly tasted a little nectar earlier...?
1654717841,9494b821b760f1cb090c0e4540a0608eb59f2a6131198c4d2fc99189c4227d02,[Topic] Catch from Behind
1654750371,aada5704cc65e56a84f83f3d90e7ef03a5a2f1c9e26ee620f1b575ea91b56305,"In any case, I’m glad to have met you—a Pathfinder blessed with both wisdom and courage."
1654774850,8059fb1d2bb47fc85cf4aac6ac5674426d5a12959226f6396f2f02bab07e0cd3,I’m fine. It’s just all that climbing around and shaking branches. These old bones weren’t built for this...
1654783842,344b4271ca012d1881fe2d824ab33350ad11725311cd3ba6c7a75adc1241d58b,Following
1654784643,ae1e7de75f25c2024d48b3defa24d45d8e70fd66d1e049b2109701228f968a18,View Male Outfits
1654815200,1bffc8b160979a5896147650f36a2b8f83488d83e6215659185014e81a5e9c93,Spawn Monster (within a certain range)
1654822110,68b9443dd27f166da7e4407d42b88aa7abc549fc7db044cdf059cfcd25ed5c5a,Move the cursor to the highlighted area and press #kCommon/GamepadConfirm#z to view <style=Hint_BgL>P.DEF</style> attribute details
1654835508,a7020e1a136b485bba5b61f41f2f6765ae682e6e2b16dde59e2ec1c8a8cf69ab,Recommended Skills
1654879983,8e556bfc7b69fdb60278b45c5598925b9dd021a69a35082c2f100951ca3f4fd3,Umbral Gracewing
1654881468,f72051071250383ce707dedc81d81814e7a2f950388ee87c0d5def666c820a62,Check-in Champion
1803679898,f72051071250383ce707dedc81d81814e7a2f950388ee87c0d5def666c820a62,Check-in Champion
1934344406,f72051071250383ce707dedc81d81814e7a2f950388ee87c0d5def666c820a62,Check-in Champion
2004444445,f72051071250383ce707dedc81d81814e7a2f950388ee87c0d5def666c820a62,Check-in Champion
1654894601,33d0923761fcc9a56a376313bbe4cc554aebd03dcefea7e9b3f61c76f43c0014,Habitability
1654928590,049446541083bf4aa31c17c9141efd9ff8fee05dce767c812ba78659c565061a,Sustained Skill
1654984489,931bbea4915d66ef0610488337f00470fbd6461e5d27d9a97cd64b895710c90b,Please ride your own Egg Boat through the barrier
1655041396,a5af6cb8266ed59292572ff05d3f9edf33f07a631a3b48556d8f748e3bbbf8e4,Whoa! Why are there so many Popapuses here?!
1655107737,f4cc15749995d23b171da45aad8c0bf98feb03e119d78502f78cf9f08532dc82,"Features customizable modules and a smart crafting archive, unlocking boundless creative possibilities!"
1655121302,4735330475f3d3ab5a223e1727c5875ed9c95c66d07302934cb3cf3dbcc48df3,Switch Loadout
1655126864,c90ef930ef1953c5011ff5fcca7f513ccfb15d5c56880a5e49faffef1f1e1348,"Get ’em, get ’em! That’s it!"
1655131492,b7b76fc3344ab5a938c41a4b7b675def3b53221e7b9a4060cc60e52ef7ee87b2,Place it in your Home to produce Semi-finished Aniipods.
2030501012,b7b76fc3344ab5a938c41a4b7b675def3b53221e7b9a4060cc60e52ef7ee87b2,Place it in your Home to produce Semi-finished Aniipods.
2051654983,b7b76fc3344ab5a938c41a4b7b675def3b53221e7b9a4060cc60e52ef7ee87b2,Place it in your Home to produce Semi-finished Aniipods.
1655167463,a52b97a613669bf94764bdba43f065608eb801a53330bae0649feac4273036be,Not open yet
1741093031,a52b97a613669bf94764bdba43f065608eb801a53330bae0649feac4273036be,Not open yet
1655169668,5fcec490f56ba6b72f954935f50d294351e31cfe9973934343dcb9c4d6c791a2,Unlock Production Plot 5
1655205764,41e3c7e2d41c9edaefd05ef916a2779f4b2fd04f1c736aab4c0e5de4272758ec,Come on! Let’s go!
1655229210,e0d3204e69ef46acb261f2dc53c7ad2041dce2def7b9c6b3fb00e31177876065,Kick return failed
1655272090,a40314390bc46d80ec664f2b9c85f8390e90e38e7fb0899d0722640979b1ac47,Helmut says no!
1655289406,7af266b75a0b4732003f746cc83a51654c2479347cd6cf029ac8961fdde14a82,Ant-hoo~ Woo-hoo!
1655318072,5841e9106e83028b94f9c96b0a45071602a3efe0c6df22b34ecf9efea3def15a,Collect 20 Aniipod Ultra Vouchers to exchange for 1 Aniipod Ultra at an outpost vendor.
1655334793,f5ca0a28edd666633f83f83e850317af4a748d776b20ca51f5f7ad9e7a3a4241,Approach the Bouncy Pads and tap <style=Hint_BgL>Skill 1</style> on the withered Bouncy Pads to restore them using Skippy’s ability.
1655357710,90bd676e9f0637d559ff7ad379c7aea8e76b9af976dd49c3d347199979cf7078,Flute
1655359211,1cb0132eae6be8ad44195be6ebb4e784291bc7ad676d3fde408065ec0b9e973e,Fight alongside Aniimo and learn to master mysterious Elemental Energies.
1655378220,bdc9d4696838164bfb83397b16b6378ac6d948e19ed345523ab692e196b8059f,"Some of your furniture has been scaled unevenly, so proportional scaling will not be available for those pieces."
1655446241,77a5e15490cc52e62c1bf8e7b312bea08a0efc8e431fef80f7092ae0c76a4175,High HP Low Defense Stage
1655590985,3df2bf62bb526992ba509ff277f7b9d6c3a67e9e51b9c75c5d12aa6ac6c880e6,"Although I couldn’t see her clearly, she’d be so happy every time I came up with a perfume."
1655595154,c498871680a22c6c2c27a9750948edc2ae30f29940b723c0dffcc2ea56642a18,Print Lua memory
1655613799,30c7bf65ff1a4eb3cce1ea70e17204c85674776299aaff0879b6867d733d2689,Select [<style=Hint_BgL>Crackle Generator</style>].
2121377941,30c7bf65ff1a4eb3cce1ea70e17204c85674776299aaff0879b6867d733d2689,Select [<style=Hint_BgL>Crackle Generator</style>].
1655760873,4960826c03905b8dabcde7291f4f6aa30183b7cada8be98a48ea8bd3f36dbe65,Lamps
1655764052,bd581dca665a0cb2736c014b36f87fb89b2994febb43a081e0e8115835d6c64e,You can use <style=Hint_BgD>Interaction Gesture - Peace Sign</style> with this friend.
1655769805,fd3762c4f43a6d42d3dc5dd1384b8131572c456e942cb72cf2eef7e5c0463285,Face Tattoo 8
1655782704,6fe246c0e8add78283b04c9aad729f8d084451f1ef1350192aeaccca5d274363,Starshadow
2066297769,6fe246c0e8add78283b04c9aad729f8d084451f1ef1350192aeaccca5d274363,Starshadow
1655797924,805fcd7d267ca873cee8c2d2a3c791505b53578db6544287556803f23b1314f4,Exclusive to [{0}]. Catch one to unlock
1655904501,d2ea12c19ebd72eb2d285884a5e57059c54d8f527dcd48a1e6b4fe73ed6198eb,"Remember the old story where a Pathfinder is chased by a Prismana Aniimo in their dreams only to wake up having not caught it...
Maybe you should take a look at other options."
1655913417,b7d9d23c0c5af102394502c2022ee2975f24325416784a2e1c05fff962f34683,I want to go to Idyll too!
1655925589,8639b9280f36d47eda57d437ee9ac984e47b3bbb7533d1e3f65e5bd2cad08311,Communication request from contact: Dr. Lewis.
1696587555,8639b9280f36d47eda57d437ee9ac984e47b3bbb7533d1e3f65e5bd2cad08311,Communication request from contact: Dr. Lewis.
1897458386,8639b9280f36d47eda57d437ee9ac984e47b3bbb7533d1e3f65e5bd2cad08311,Communication request from contact: Dr. Lewis.
2045662590,8639b9280f36d47eda57d437ee9ac984e47b3bbb7533d1e3f65e5bd2cad08311,Communication request from contact: Dr. Lewis.
1655926765,c32c75f8e965a8c9851bd7f95a7754178a5b9f960f28ce868c2be04bb5a5e2b5,"Lowers the price of each shop item by <style=Hint_BgL><customRichText(calcData,buff, 2060002,param0,1)></style> Training Coins for each <style=Hint_BgL><link=""source_739""><u>Wealth</u></link></style> gizmo you have."
1655938074,598d60684575300fa64de4702d52d3f1d2f3b15a76661a95fc4566b865e5e158,Those who chase freedom... may yet be bound by it.
1919345246,598d60684575300fa64de4702d52d3f1d2f3b15a76661a95fc4566b865e5e158,Those who chase freedom... may yet be bound by it.
1655941825,200a49a2c9a58149698a2debe498dc523b3794f317cc506f1a0f2f583366d520,Dandelion
1783094640,200a49a2c9a58149698a2debe498dc523b3794f317cc506f1a0f2f583366d520,Dandelion
1962722689,200a49a2c9a58149698a2debe498dc523b3794f317cc506f1a0f2f583366d520,Dandelion
2038914448,200a49a2c9a58149698a2debe498dc523b3794f317cc506f1a0f2f583366d520,Dandelion
1655960950,66443efe6ecf5853e9fc80b2250986d9606b07f1d15b1a0a1d5bd1eeeed7a153,Fluffy
1754713779,66443efe6ecf5853e9fc80b2250986d9606b07f1d15b1a0a1d5bd1eeeed7a153,Fluffy
1810459027,66443efe6ecf5853e9fc80b2250986d9606b07f1d15b1a0a1d5bd1eeeed7a153,Fluffy
1850113372,66443efe6ecf5853e9fc80b2250986d9606b07f1d15b1a0a1d5bd1eeeed7a153,Fluffy
1655975727,78f66d49e3388ab3d2a4a40d42ac37fdea0e02deaf5dcc71c35a1c440ccad786,Jenny’s Entrance II
1655996914,44cc55e1a9ec106f50b7bbfabec8ee909ddb79b48f283f8dd0fccc0fd4e07ce7,Institute Archive
1656026574,b9752738c2728a31edaea749cf966c695af74a8d29c9603103cf9148962439f6,Configure Additional Elua Parameters
1656046307,e974528aca57203d0b34b9949ea862a08ec7772c3397edbae62a7eb8ea339673,"Grants a shield equal to <style=Hint_BgL><customRichText(calcData,buff, 2122201,param1,1,%d)>%</style> of max HP. While the shield is active, UP cannot be gained, and all skills cost <style=Hint_BgL><customRichText(calcData,buff, 2122201,param0,1)></style> less energy in combat. Lasts <style=Hint_BgL><customRichText(buffConfigData,2122201,duration)></style>s."
1656052269,306ab13f4caa3b18b55e3ceaf83ee78285f3d5ebb3f3131d37f53ea013a5c792,Stable Supply
1664540518,306ab13f4caa3b18b55e3ceaf83ee78285f3d5ebb3f3131d37f53ea013a5c792,Stable Supply
1656057221,53412464eee03b6ebaa8021c4cf6721de12cb8581421e40658a23be4a8b2db42,Wind Messenger
1656068050,f9d4f7019fa724fbf4db4537b79d4dc3fb75c4ea4fa917b8fa524c8334d255b5,"Instructor, now that I'm an official student, can I go see Lunara?"
1656115228,e0ca2c72ec219753f8e0622f234daff5ea11096e819e6af307ef0899404b0d1d,Malfunctioning target detected. Stay alert.
1656130909,4ad82af705761836a285059223467a9a6b338a169bc0f593fe76763023ef8b97,Placed Aniimo will appear in your Homeland.
1656184569,8d7d8daf3bd2eea4f80782675e7835676ff83805698c742f306f3b6952c9e1b7,I heard there are huge fish on the surface... swimming back and forth... and they puff smoke. The alpha said they used to come here—and strange Veilfloats would bring stories with them.
1656278977,65ab44d60568e810a74f5ff10b61a673820de441ea09cab72a807e181b120702,Th-Thank you! Now Ranka won’t have to worry about those legendary perfume ingredients!
1656290037,2603734943ff117d3c534f239c9967506eff7d4fcfc97142a35417b740990f9c,"Dear Pathfinder, you have unclaimed rewards from yesterday’s ""Idyll Ecological Investigation"" event. We have resent the rewards. Please check your mail."
1656299549,dd2169a469ec355d2e7e46ab13aaa196a02d7ae513834888bdb28fba9d5a5230,Flamerions just love the prank of running after Hummins and trying to ignite their leaves.
1656338638,55498d7f145018ae8b92cedcf94ac2afcf23a36c968b831f097ce1f25a59dad4,Epidermis
1656360502,2b6136f814e338e1ac2c29eb0c717ba119da2756a85e9361fe90b9d14ba18cdb,"Yes, I feel better now."
1656376347,742b3f3598fcdb8c0e8f5f9a654ed4bbec0cd4df82433a354e3695abe8e9bc3a,I hear your new expedition has a different goal now?
1656381749,4abfaa9185557c96b5c96420370673349fdd84fb007d90446d68330129002099,"Well... my great-grandpa used to say we’ve been here since even his great-grandpa’s days. But in those times, Thornblades constantly clashed with the Cubbos... It was hard on the little Budsquires."
1656387064,769dcd3b4166debebad9b1e0dadce15857e82a40a9111610d088d1a4064201e8,View Emberpup
1656418909,94f1df85897a063ac38dcf3e7eeca3f1d29aed872093e96080ec82aca5a16f26,Held Item Supply Pack
1656467369,d39552c484196be1779eb5c59c79f876e5bf7c646948c7f1476ceba503ced207,"Every Aniimo has its own unique abilities. Use them well, and adventuring will be much easier!"
1656486361,2b4ac528b7f476ff72f91604a5bec269b00cc18bd614a883236c6add2c1ffc08,"After evolution, the Vein energy surrounding your Aniimo will dissipate
<style=Hint_BgL>and its Umbral appearance will vanish</style>. Confirm evolution?"
1656506234,2cfcb5a438f84df601a805d0ee1dabdca9872f7e59d751e9d3aaddc9d8093ca2,"Well, it's a very suitable choice for young people. Pathfinding will definitely be willing to provide you with more help."
1656543542,2ce3164b82aa5936d172704f59337dbd2c673b717888f9abcc2086b87af3fd2b,"Pray that this fragrance, once used to please an Aeon, can stir a response from the Vein."
1656564570,082f8efda2d0dccb29c27c6c2ffba123cd3f4db713be612dd4bc0f4163953ef7,Curly Tail
1656610127,cc6013ee132e1e71beaedae9cc5fb965adcb0a44b1221c33e4869c8429067e66,"Calling Bolty: Hello? Can you hear me?
Answering Bolty: Yep.
Calling Bolty: Hello? Can you hear me?
Answering Bolty: Yep.
Calling Bolty: Hey...
Answering Bolty: Wait. We’re standing right in front of each other. Why can’t we just talk?
Calling Bolty: It’s tradition! Communication through electric currents—straight to the heart—that’s just how we roll!
Answering Bolty: Sure, straight to the heart... but it blocks the eyes sometimes.
Calling Bolty: Were you thinking something mean about me just now?
Answering Bolty: And the ears too, it seems..."
1656691355,f6d742a04f1c1d499f60e117e2b06b4c42a053d77dcb604c76d1e4a678a8a564,Still not a <style=Hint_BgD>Grade I Trailblazer</style> yet? My instructor says you should only learn from people who really know their stuff!
1656697965,89e11892415013700dc2c9ee0c2fc3c7cb7d3034c758f9724a8fb7e2749eade4,"Only after relaxing well can we become stronger.
Next time if we encounter Tucking again, no matter who among us, we absolutely must not be in such a sorry state again!"
1656710563,6f6046f624f0b3e0b1a0f1ae2a23e8e4529fedd8becf142983a367b9087ba3c3,"Lucas’s photo of the shopping district...
The scene is lively, but there’s one rather self-obsessed Aniimo in the corner."
1656721375,ccffc9717469cc4bbfc6f2570c3b6d811f1c65f4bebeae148847b779ee28e346,Construction in progress up ahead!
1656764897,e5fa14635f49c4afc2f134bbd42aac9aee5f37c4d178da70dad2e66d76def5a9,I’m a Nimbi!
1656765535,6124de45e75e6bc3eb1ef80227dc3a6a7bb565734949ba275430a68420c15568,"From then on, he saw that jellyfish as his ""lighthouse.""
After every voyage, Hayes would return to give his ""lighthouse"" a warm hug."
1656792868,2d43821423611d1f85249174da18921f40d57ac4d9544cae192191a75925bcba,11/20
291127829,d998ba39b771dbaf9a6848c27f2eb5d7c962877abd337395eaf955130c57bfd2,Catch the Alpha in Berylline Vale: Bouldus.
1656811691,d998ba39b771dbaf9a6848c27f2eb5d7c962877abd337395eaf955130c57bfd2,Catch the Alpha in Berylline Vale: Bouldus.
1656838616,ebcd80ca0beaa5d1d6e169a38af27de815df3cb215a37121b55269b03c0ca458,Level up your Aniipod Pro so it can be retrieved after a missed throw.
1882258484,ebcd80ca0beaa5d1d6e169a38af27de815df3cb215a37121b55269b03c0ca458,Level up your Aniipod Pro so it can be retrieved after a missed throw.
1656857584,74a615f1994e283a34b75991af459a2b66676219085cdcc67a4f25524213ef4b,Mystery Egg Box - DPS
1656857945,838fa758e3a3870780e2a0e0f6c79d303cd158be05b3943b671e10f57cc9e3b2,That strange friend of yours doesn’t have any colors!
1656927394,aec5c1b5a7aa4b02d1b88df6983a922dcf9e53a18b4bbd827b42bd03fc2faeff,It's a pleasure to meet you!
1656947071,c2c864b66cd46b577c5fe0f3d4e61bc8ebde8ec662ba62fd90424799dbb537c4,"Just stunning...
Graceful, elegant, and so full of gentle love for this land and everything in bloom."
1656951472,069ca80cbd01520c36be312b2fb46fdbbfccedf90e2ba88f10c5608ad95fee6d,No... I was actually thinking—is this Tuckin really Tucker?
508806318,555d6e0c1428b790858140fd6e4e54a1716bd8a285a47cafa636c5ea91648eef,Open 50 Chests in the World
1656953301,555d6e0c1428b790858140fd6e4e54a1716bd8a285a47cafa636c5ea91648eef,Open 50 Chests in the World
1656977874,394bf6d5a65f521b60022d86b1d3ba506d34faab41b3eab1ab832e53de6c3f87,Unlock Building Plot 3
1656987899,8fe902ddc26f5804151ba1b25db651b51690592106dc9be2e53d3ef7de1ff43a,"With the discovery of Crystal energy and Ancient Civilization ruins on Idyll, researchers developed Lumintech, powered by Crystals. This efficient and clean new energy technology completely solved Astra’s energy problems."
1656997818,461f92a0717f1b7016409be26a87982c1cb815e97c435ef4409e7000389516e5,Go to Work
1660377131,461f92a0717f1b7016409be26a87982c1cb815e97c435ef4409e7000389516e5,Go to Work
1888855646,461f92a0717f1b7016409be26a87982c1cb815e97c435ef4409e7000389516e5,Go to Work
1657006907,7fc4c57c93f1e12a50a27cfae59b16a229e51d32b9ae71919dbd7f1e6b25a098,Falling Blossoms Travelogue
1657056052,c1b30589b8d125a2997ec98e55aecb34b005f95ed9046aa94b7bbfe461561078,"Phew... you fell asleep too, didn’t you...?
If you don’t want to doze off, try Aniimo with <style=Hint_BgD>Cleanse or Escape</style> abilities to stay awake."
272298001,19679b99efcebe4e94788fb55b1e68046bd28792fbd7a2d4ab8e86dad1644d7f,A special Aniimo nest found only on the Lost Isles. You may be able to dig up <style=Hint_BgL>rare Aniimo eggs</style> here.
272829406,19679b99efcebe4e94788fb55b1e68046bd28792fbd7a2d4ab8e86dad1644d7f,A special Aniimo nest found only on the Lost Isles. You may be able to dig up <style=Hint_BgL>rare Aniimo eggs</style> here.
279201931,19679b99efcebe4e94788fb55b1e68046bd28792fbd7a2d4ab8e86dad1644d7f,A special Aniimo nest found only on the Lost Isles. You may be able to dig up <style=Hint_BgL>rare Aniimo eggs</style> here.
280908609,19679b99efcebe4e94788fb55b1e68046bd28792fbd7a2d4ab8e86dad1644d7f,A special Aniimo nest found only on the Lost Isles. You may be able to dig up <style=Hint_BgL>rare Aniimo eggs</style> here.
283663818,19679b99efcebe4e94788fb55b1e68046bd28792fbd7a2d4ab8e86dad1644d7f,A special Aniimo nest found only on the Lost Isles. You may be able to dig up <style=Hint_BgL>rare Aniimo eggs</style> here.
289488914,19679b99efcebe4e94788fb55b1e68046bd28792fbd7a2d4ab8e86dad1644d7f,A special Aniimo nest found only on the Lost Isles. You may be able to dig up <style=Hint_BgL>rare Aniimo eggs</style> here.
295998908,19679b99efcebe4e94788fb55b1e68046bd28792fbd7a2d4ab8e86dad1644d7f,A special Aniimo nest found only on the Lost Isles. You may be able to dig up <style=Hint_BgL>rare Aniimo eggs</style> here.
296553578,19679b99efcebe4e94788fb55b1e68046bd28792fbd7a2d4ab8e86dad1644d7f,A special Aniimo nest found only on the Lost Isles. You may be able to dig up <style=Hint_BgL>rare Aniimo eggs</style> here.
300076727,19679b99efcebe4e94788fb55b1e68046bd28792fbd7a2d4ab8e86dad1644d7f,A special Aniimo nest found only on the Lost Isles. You may be able to dig up <style=Hint_BgL>rare Aniimo eggs</style> here.
303622344,19679b99efcebe4e94788fb55b1e68046bd28792fbd7a2d4ab8e86dad1644d7f,A special Aniimo nest found only on the Lost Isles. You may be able to dig up <style=Hint_BgL>rare Aniimo eggs</style> here.
313828762,19679b99efcebe4e94788fb55b1e68046bd28792fbd7a2d4ab8e86dad1644d7f,A special Aniimo nest found only on the Lost Isles. You may be able to dig up <style=Hint_BgL>rare Aniimo eggs</style> here.
314170068,19679b99efcebe4e94788fb55b1e68046bd28792fbd7a2d4ab8e86dad1644d7f,A special Aniimo nest found only on the Lost Isles. You may be able to dig up <style=Hint_BgL>rare Aniimo eggs</style> here.
325468067,19679b99efcebe4e94788fb55b1e68046bd28792fbd7a2d4ab8e86dad1644d7f,A special Aniimo nest found only on the Lost Isles. You may be able to dig up <style=Hint_BgL>rare Aniimo eggs</style> here.
329796502,19679b99efcebe4e94788fb55b1e68046bd28792fbd7a2d4ab8e86dad1644d7f,A special Aniimo nest found only on the Lost Isles. You may be able to dig up <style=Hint_BgL>rare Aniimo eggs</style> here.
331834040,19679b99efcebe4e94788fb55b1e68046bd28792fbd7a2d4ab8e86dad1644d7f,A special Aniimo nest found only on the Lost Isles. You may be able to dig up <style=Hint_BgL>rare Aniimo eggs</style> here.
334489058,19679b99efcebe4e94788fb55b1e68046bd28792fbd7a2d4ab8e86dad1644d7f,A special Aniimo nest found only on the Lost Isles. You may be able to dig up <style=Hint_BgL>rare Aniimo eggs</style> here.
335946564,19679b99efcebe4e94788fb55b1e68046bd28792fbd7a2d4ab8e86dad1644d7f,A special Aniimo nest found only on the Lost Isles. You may be able to dig up <style=Hint_BgL>rare Aniimo eggs</style> here.
341151457,19679b99efcebe4e94788fb55b1e68046bd28792fbd7a2d4ab8e86dad1644d7f,A special Aniimo nest found only on the Lost Isles. You may be able to dig up <style=Hint_BgL>rare Aniimo eggs</style> here.
342558592,19679b99efcebe4e94788fb55b1e68046bd28792fbd7a2d4ab8e86dad1644d7f,A special Aniimo nest found only on the Lost Isles. You may be able to dig up <style=Hint_BgL>rare Aniimo eggs</style> here.
345139599,19679b99efcebe4e94788fb55b1e68046bd28792fbd7a2d4ab8e86dad1644d7f,A special Aniimo nest found only on the Lost Isles. You may be able to dig up <style=Hint_BgL>rare Aniimo eggs</style> here.
351078239,19679b99efcebe4e94788fb55b1e68046bd28792fbd7a2d4ab8e86dad1644d7f,A special Aniimo nest found only on the Lost Isles. You may be able to dig up <style=Hint_BgL>rare Aniimo eggs</style> here.
354276282,19679b99efcebe4e94788fb55b1e68046bd28792fbd7a2d4ab8e86dad1644d7f,A special Aniimo nest found only on the Lost Isles. You may be able to dig up <style=Hint_BgL>rare Aniimo eggs</style> here.
357254145,19679b99efcebe4e94788fb55b1e68046bd28792fbd7a2d4ab8e86dad1644d7f,A special Aniimo nest found only on the Lost Isles. You may be able to dig up <style=Hint_BgL>rare Aniimo eggs</style> here.
369724545,19679b99efcebe4e94788fb55b1e68046bd28792fbd7a2d4ab8e86dad1644d7f,A special Aniimo nest found only on the Lost Isles. You may be able to dig up <style=Hint_BgL>rare Aniimo eggs</style> here.
370998175,19679b99efcebe4e94788fb55b1e68046bd28792fbd7a2d4ab8e86dad1644d7f,A special Aniimo nest found only on the Lost Isles. You may be able to dig up <style=Hint_BgL>rare Aniimo eggs</style> here.
372290867,19679b99efcebe4e94788fb55b1e68046bd28792fbd7a2d4ab8e86dad1644d7f,A special Aniimo nest found only on the Lost Isles. You may be able to dig up <style=Hint_BgL>rare Aniimo eggs</style> here.
377135013,19679b99efcebe4e94788fb55b1e68046bd28792fbd7a2d4ab8e86dad1644d7f,A special Aniimo nest found only on the Lost Isles. You may be able to dig up <style=Hint_BgL>rare Aniimo eggs</style> here.
377885994,19679b99efcebe4e94788fb55b1e68046bd28792fbd7a2d4ab8e86dad1644d7f,A special Aniimo nest found only on the Lost Isles. You may be able to dig up <style=Hint_BgL>rare Aniimo eggs</style> here.
382107282,19679b99efcebe4e94788fb55b1e68046bd28792fbd7a2d4ab8e86dad1644d7f,A special Aniimo nest found only on the Lost Isles. You may be able to dig up <style=Hint_BgL>rare Aniimo eggs</style> here.
382623245,19679b99efcebe4e94788fb55b1e68046bd28792fbd7a2d4ab8e86dad1644d7f,A special Aniimo nest found only on the Lost Isles. You may be able to dig up <style=Hint_BgL>rare Aniimo eggs</style> here.
384800526,19679b99efcebe4e94788fb55b1e68046bd28792fbd7a2d4ab8e86dad1644d7f,A special Aniimo nest found only on the Lost Isles. You may be able to dig up <style=Hint_BgL>rare Aniimo eggs</style> here.
387841718,19679b99efcebe4e94788fb55b1e68046bd28792fbd7a2d4ab8e86dad1644d7f,A special Aniimo nest found only on the Lost Isles. You may be able to dig up <style=Hint_BgL>rare Aniimo eggs</style> here.
389531366,19679b99efcebe4e94788fb55b1e68046bd28792fbd7a2d4ab8e86dad1644d7f,A special Aniimo nest found only on the Lost Isles. You may be able to dig up <style=Hint_BgL>rare Aniimo eggs</style> here.
389666005,19679b99efcebe4e94788fb55b1e68046bd28792fbd7a2d4ab8e86dad1644d7f,A special Aniimo nest found only on the Lost Isles. You may be able to dig up <style=Hint_BgL>rare Aniimo eggs</style> here.
395015422,19679b99efcebe4e94788fb55b1e68046bd28792fbd7a2d4ab8e86dad1644d7f,A special Aniimo nest found only on the Lost Isles. You may be able to dig up <style=Hint_BgL>rare Aniimo eggs</style> here.
399116814,19679b99efcebe4e94788fb55b1e68046bd28792fbd7a2d4ab8e86dad1644d7f,A special Aniimo nest found only on the Lost Isles. You may be able to dig up <style=Hint_BgL>rare Aniimo eggs</style> here.
400861499,19679b99efcebe4e94788fb55b1e68046bd28792fbd7a2d4ab8e86dad1644d7f,A special Aniimo nest found only on the Lost Isles. You may be able to dig up <style=Hint_BgL>rare Aniimo eggs</style> here.
423803919,19679b99efcebe4e94788fb55b1e68046bd28792fbd7a2d4ab8e86dad1644d7f,A special Aniimo nest found only on the Lost Isles. You may be able to dig up <style=Hint_BgL>rare Aniimo eggs</style> here.
427013183,19679b99efcebe4e94788fb55b1e68046bd28792fbd7a2d4ab8e86dad1644d7f,A special Aniimo nest found only on the Lost Isles. You may be able to dig up <style=Hint_BgL>rare Aniimo eggs</style> here.
428946400,19679b99efcebe4e94788fb55b1e68046bd28792fbd7a2d4ab8e86dad1644d7f,A special Aniimo nest found only on the Lost Isles. You may be able to dig up <style=Hint_BgL>rare Aniimo eggs</style> here.
432273691,19679b99efcebe4e94788fb55b1e68046bd28792fbd7a2d4ab8e86dad1644d7f,A special Aniimo nest found only on the Lost Isles. You may be able to dig up <style=Hint_BgL>rare Aniimo eggs</style> here.
432775301,19679b99efcebe4e94788fb55b1e68046bd28792fbd7a2d4ab8e86dad1644d7f,A special Aniimo nest found only on the Lost Isles. You may be able to dig up <style=Hint_BgL>rare Aniimo eggs</style> here.
435225121,19679b99efcebe4e94788fb55b1e68046bd28792fbd7a2d4ab8e86dad1644d7f,A special Aniimo nest found only on the Lost Isles. You may be able to dig up <style=Hint_BgL>rare Aniimo eggs</style> here.
435592176,19679b99efcebe4e94788fb55b1e68046bd28792fbd7a2d4ab8e86dad1644d7f,A special Aniimo nest found only on the Lost Isles. You may be able to dig up <style=Hint_BgL>rare Aniimo eggs</style> here.
443997414,19679b99efcebe4e94788fb55b1e68046bd28792fbd7a2d4ab8e86dad1644d7f,A special Aniimo nest found only on the Lost Isles. You may be able to dig up <style=Hint_BgL>rare Aniimo eggs</style> here.
449302576,19679b99efcebe4e94788fb55b1e68046bd28792fbd7a2d4ab8e86dad1644d7f,A special Aniimo nest found only on the Lost Isles. You may be able to dig up <style=Hint_BgL>rare Aniimo eggs</style> here.
449629705,19679b99efcebe4e94788fb55b1e68046bd28792fbd7a2d4ab8e86dad1644d7f,A special Aniimo nest found only on the Lost Isles. You may be able to dig up <style=Hint_BgL>rare Aniimo eggs</style> here.
456839739,19679b99efcebe4e94788fb55b1e68046bd28792fbd7a2d4ab8e86dad1644d7f,A special Aniimo nest found only on the Lost Isles. You may be able to dig up <style=Hint_BgL>rare Aniimo eggs</style> here.
460122869,19679b99efcebe4e94788fb55b1e68046bd28792fbd7a2d4ab8e86dad1644d7f,A special Aniimo nest found only on the Lost Isles. You may be able to dig up <style=Hint_BgL>rare Aniimo eggs</style> here.
461290488,19679b99efcebe4e94788fb55b1e68046bd28792fbd7a2d4ab8e86dad1644d7f,A special Aniimo nest found only on the Lost Isles. You may be able to dig up <style=Hint_BgL>rare Aniimo eggs</style> here.
462948343,19679b99efcebe4e94788fb55b1e68046bd28792fbd7a2d4ab8e86dad1644d7f,A special Aniimo nest found only on the Lost Isles. You may be able to dig up <style=Hint_BgL>rare Aniimo eggs</style> here.
474121183,19679b99efcebe4e94788fb55b1e68046bd28792fbd7a2d4ab8e86dad1644d7f,A special Aniimo nest found only on the Lost Isles. You may be able to dig up <style=Hint_BgL>rare Aniimo eggs</style> here.
478578794,19679b99efcebe4e94788fb55b1e68046bd28792fbd7a2d4ab8e86dad1644d7f,A special Aniimo nest found only on the Lost Isles. You may be able to dig up <style=Hint_BgL>rare Aniimo eggs</style> here.
479195176,19679b99efcebe4e94788fb55b1e68046bd28792fbd7a2d4ab8e86dad1644d7f,A special Aniimo nest found only on the Lost Isles. You may be able to dig up <style=Hint_BgL>rare Aniimo eggs</style> here.
484078202,19679b99efcebe4e94788fb55b1e68046bd28792fbd7a2d4ab8e86dad1644d7f,A special Aniimo nest found only on the Lost Isles. You may be able to dig up <style=Hint_BgL>rare Aniimo eggs</style> here.
485046717,19679b99efcebe4e94788fb55b1e68046bd28792fbd7a2d4ab8e86dad1644d7f,A special Aniimo nest found only on the Lost Isles. You may be able to dig up <style=Hint_BgL>rare Aniimo eggs</style> here.
485899465,19679b99efcebe4e94788fb55b1e68046bd28792fbd7a2d4ab8e86dad1644d7f,A special Aniimo nest found only on the Lost Isles. You may be able to dig up <style=Hint_BgL>rare Aniimo eggs</style> here.
487892480,19679b99efcebe4e94788fb55b1e68046bd28792fbd7a2d4ab8e86dad1644d7f,A special Aniimo nest found only on the Lost Isles. You may be able to dig up <style=Hint_BgL>rare Aniimo eggs</style> here.
492055561,19679b99efcebe4e94788fb55b1e68046bd28792fbd7a2d4ab8e86dad1644d7f,A special Aniimo nest found only on the Lost Isles. You may be able to dig up <style=Hint_BgL>rare Aniimo eggs</style> here.
494204259,19679b99efcebe4e94788fb55b1e68046bd28792fbd7a2d4ab8e86dad1644d7f,A special Aniimo nest found only on the Lost Isles. You may be able to dig up <style=Hint_BgL>rare Aniimo eggs</style> here.
495793794,19679b99efcebe4e94788fb55b1e68046bd28792fbd7a2d4ab8e86dad1644d7f,A special Aniimo nest found only on the Lost Isles. You may be able to dig up <style=Hint_BgL>rare Aniimo eggs</style> here.
497383443,19679b99efcebe4e94788fb55b1e68046bd28792fbd7a2d4ab8e86dad1644d7f,A special Aniimo nest found only on the Lost Isles. You may be able to dig up <style=Hint_BgL>rare Aniimo eggs</style> here.
500591945,19679b99efcebe4e94788fb55b1e68046bd28792fbd7a2d4ab8e86dad1644d7f,A special Aniimo nest found only on the Lost Isles. You may be able to dig up <style=Hint_BgL>rare Aniimo eggs</style> here.
502854036,19679b99efcebe4e94788fb55b1e68046bd28792fbd7a2d4ab8e86dad1644d7f,A special Aniimo nest found only on the Lost Isles. You may be able to dig up <style=Hint_BgL>rare Aniimo eggs</style> here.
506084666,19679b99efcebe4e94788fb55b1e68046bd28792fbd7a2d4ab8e86dad1644d7f,A special Aniimo nest found only on the Lost Isles. You may be able to dig up <style=Hint_BgL>rare Aniimo eggs</style> here.
506221315,19679b99efcebe4e94788fb55b1e68046bd28792fbd7a2d4ab8e86dad1644d7f,A special Aniimo nest found only on the Lost Isles. You may be able to dig up <style=Hint_BgL>rare Aniimo eggs</style> here.
520706886,19679b99efcebe4e94788fb55b1e68046bd28792fbd7a2d4ab8e86dad1644d7f,A special Aniimo nest found only on the Lost Isles. You may be able to dig up <style=Hint_BgL>rare Aniimo eggs</style> here.
523702220,19679b99efcebe4e94788fb55b1e68046bd28792fbd7a2d4ab8e86dad1644d7f,A special Aniimo nest found only on the Lost Isles. You may be able to dig up <style=Hint_BgL>rare Aniimo eggs</style> here.
529989063,19679b99efcebe4e94788fb55b1e68046bd28792fbd7a2d4ab8e86dad1644d7f,A special Aniimo nest found only on the Lost Isles. You may be able to dig up <style=Hint_BgL>rare Aniimo eggs</style> here.
530189328,19679b99efcebe4e94788fb55b1e68046bd28792fbd7a2d4ab8e86dad1644d7f,A special Aniimo nest found only on the Lost Isles. You may be able to dig up <style=Hint_BgL>rare Aniimo eggs</style> here.
1657086682,19679b99efcebe4e94788fb55b1e68046bd28792fbd7a2d4ab8e86dad1644d7f,A special Aniimo nest found only on the Lost Isles. You may be able to dig up <style=Hint_BgL>rare Aniimo eggs</style> here.
1897854991,19679b99efcebe4e94788fb55b1e68046bd28792fbd7a2d4ab8e86dad1644d7f,A special Aniimo nest found only on the Lost Isles. You may be able to dig up <style=Hint_BgL>rare Aniimo eggs</style> here.
1657113743,9c552d7517beac6fffc1a50c8914d09e8c55651fb580919dda7b77359d589c02,The flame from Icho’s fist carries its past—and everything it has come to understand about what battle truly means.
2086393557,9c552d7517beac6fffc1a50c8914d09e8c55651fb580919dda7b77359d589c02,The flame from Icho’s fist carries its past—and everything it has come to understand about what battle truly means.
1657128517,6df922ffa56061e1cb65d97eaf09c23c92fbae645211545f57aa9ff36f2c2b76,Shield of Golden Protection
1739103430,6df922ffa56061e1cb65d97eaf09c23c92fbae645211545f57aa9ff36f2c2b76,Shield of Golden Protection
1829896673,6df922ffa56061e1cb65d97eaf09c23c92fbae645211545f57aa9ff36f2c2b76,Shield of Golden Protection
1657181703,db7f67a6bfda6d2f9f0d17a33b700a352da0560187ac12951cf121744bc25f7b,But a ride store is supposed to be open here.
1657182168,d2c8c2cd246d1e2cfe51932fecbb94dfdebc21e64b905cb9edc607457072bd7e,"Saw a butterfly, fell asleep, achoo! Starine, gone!"
1657188418,672bddb06e4321a546de91b490b330a4a1cb4b11ad548e149768a2fee8729df7,To put it as plainly and directly as possible: yes. The Polaris Institute encourages every new idea.
1657188980,be3686afa1e6ad6bde068be798664426e38e0eba7a3eab6971aaa7c876f1bbc1,A commemorative trophy for completing all challenges in the Global Closed Beta Journey of Trials event. Pathfinders who own this trophy will receive an exclusive accessory reward during Global Launch.
1657223248,8f8ef1899c7df6f082fc6b9f8655771e5fa9f40854f42cff9f5f86050fbc92a8,Defeat all targets
1983852520,8f8ef1899c7df6f082fc6b9f8655771e5fa9f40854f42cff9f5f86050fbc92a8,Defeat all targets
1657226539,16305cff5d3bc2a83c11e82a97e39e7d1b3d2af1fb4107b5355301e2e91427b2,I’ve been thinking about what she said. What is the difference between illusions and dreams?
1657234670,1375f3c0971d8cf7d85bc20d04f6423b491bd70b82fcf66e700ccb9c43e1684d,Hey...
2147008410,1375f3c0971d8cf7d85bc20d04f6423b491bd70b82fcf66e700ccb9c43e1684d,Hey...
1657242307,1c270d9338dd80120c08a2a239e44e295103b97a0dc17ddb05173f680e107a5b,They’re taking photos■■Is photography a way of saving data■■Then why do they keep taking so many.
1657292427,f86b5dcb58d5d5b6296a9890d4da83373f68dad6dbbaa5465389646688c99c6a,The <style=Hint_BgL>vines</style> look strong enough to climb. Maybe you can <style=Hint_BgL>twine with a Celestis and try climbing them</style>!
1657292604,fba05bd45a430dfbc0406351f5b8737b0d82685fbc963f5e393538dd5f81ec2d,"Next, Nicole will take you to collect your basic Pathfinder knowledge reward. It’s one of the prizes you won in this event."
1657309907,0d01ddeb7eb4f38c161c9ccf4c8a7412001dd5821ceb59fa9d529e247789c87e,Events Unlocked
1657359118,a0f1a60c3f4513e40d7a7349444d28fe713fc437acfc4236517ebc13d22f3070,Coral Hat
2001739611,a0f1a60c3f4513e40d7a7349444d28fe713fc437acfc4236517ebc13d22f3070,Coral Hat
1657375321,db650ce43cbd537febc8010dd2ced497784fd8d194ea0418d17893c1fe136c0e,Each attempt brings you closer to perfection!
1657419857,e7af4d7d1b43a1fcfe550457a614f935902bdff815c47e223eceaae0f10e4784,DMG Red (Placeholder)
1657428029,2ed161a84a45303a4cf393fc504a41587553cf22cc9d520bddc4e5df1f46e6e2,Collection progress
1657460816,ef9034ea68f7a5b4e4e6c6c3ae179cba82401c0f2b6fdb22edc30802e9c55990,Let’s get this built first.
1657466102,f193d19a046a27e5a2e934c56799850d5bf4569e0c76db8e9a7d7cca8c00173c,Beginner’s luck is on. Pick an egg and see what fate gives you.
1657498703,f3e295f05f837f163d2de9164b5394dd13216d57f7edb7e9f2d78af58844ff2b,TapTap
1768160428,f3e295f05f837f163d2de9164b5394dd13216d57f7edb7e9f2d78af58844ff2b,TapTap
1657500914,7449ba79a46c9b4fd01dbc67ad4645122235149b45c4b2336e800dedd12c9acc,Need to unlock previous slots first.
1657523252,055f607d12bae571ab7b312208adf6fae5db0ec11626aa9721d70874f2605122,Story - Mural Trigger
1657530499,db88da39a8b5e100d5661d84dfb6fa4dd060a953597a2cf194addb4724db19a2,Press <style=Hint_BgL>#kHud/Interact#z</style> to open the camera and record a video of the Emberpup.
1657561574,62fb0489f20e13f280435f033cf79bc387df978c866a48fd11f534d46cfd1ccc,Essence of Earth
2022569528,62fb0489f20e13f280435f033cf79bc387df978c866a48fd11f534d46cfd1ccc,Essence of Earth
1657580917,af501c29c14675c44819c2912ae32872b939902c2bd57b7913dc2c8a51368102,Got any more Stinky Sea Breeze? I feel like reminiscing about Hayes... that third-rate sailor.
1657584384,3aa7d923cff2169852cf8381ab8cdaced33ffe0e666c745ceeeeb6129f2d4017,Welcome to the Sea of Flowers Park! Please park within the marked area and don’t run over the flowers.
1657671800,c9d4072ff3a377a5f677385952a0014309810ca8e031af866058d6bc2279a09c,Account login failed. Log in again.
1657677112,e60648d598b388c535c49c6dfe1f4f8420f6bb2ce923d0df4f4b7351f0b1a69d,"Sniff... Sorry, I wasn’t crying!
It was the light and wind, and the smell in the hall..."
1657726140,98b6fa5e7a9ba34165a76b0dc1ec2f290557dd95693cd4cc1091ea9e6b0ecd52,GoGoHomes - Warm Orange Triangular Wall - Large
1910810058,98b6fa5e7a9ba34165a76b0dc1ec2f290557dd95693cd4cc1091ea9e6b0ecd52,GoGoHomes - Warm Orange Triangular Wall - Large
1657732775,cc131fae908dc6a87942ab738694e68276f835b930b7f98d0ac2e13fbf0ecd28,"Honey, I told you there were new Aniimo, I wasn't lying."
1657738893,874d126876dc0f42c9026f277a320b03bfc1eb9791e57b8bc8a6df5e6a6cbca3,The <style=Hint_BgL>patterns on the two boulders</style> seem to line up when viewed from above... There might be clues in the nearby aircraft. Go take a look.
1657745865,24029562f1fd50d2c053ea31c8e273b6fd42a471c4bf4e37380d8bc2abf6b22e,Are you sure you want to leave duet?
1657758278,ad79164ee282bbdcd1af7b95e75e91215f15a6eb8d413ad857887caf6f8e6c2a,B - Upgrade a Branch to activate a <style=Hint_BgD>prismana flow</style>
1657870589,bdfd423a702b8dd3c80a5a84bf3749ee87d7195f4e16a4659c911a7fd184edbb,Extreme P.DEF
1657873133,00d031bcb7139b76cc412de97cee8bbae0dbfbbc32ddec69ae441927f5b0b73d,Prefix Title: {0}
1657891714,400d1a685832d43c3f69e11c5737c0ad252d7e022d19c70f2830df712e585828,Why not ask the Tufties on the rock to help?
1657901271,62d4957f44d20ed9fe6afbc36169b02092d1b0f723902d74336dc8323ec7232a,"Waaah... When the Thornblade finds out, how are we going to explain ourselves?! Bud-bud..."
1657943673,5904af2e9cc7f990315daf066a0356039d28561e5742d9f976e22d777058038d,"Extremely rare wheat with dual mutations, enveloped in a rainbow-like glow while having exceptionally large and full ears."
1965259193,5904af2e9cc7f990315daf066a0356039d28561e5742d9f976e22d777058038d,"Extremely rare wheat with dual mutations, enveloped in a rainbow-like glow while having exceptionally large and full ears."
1657976759,f3ba7db331035d7b5e381498d7d87179d2b6c5c57dc8797eaa07083f7e35c060,Eye Makeup 7
1658022700,85d6d1cae8d4b39e7418f40501978a0e42ed0b434e54d075a05945d0f7d6093a,BINI! You're back!
1658028708,ba678808f8412465623326fe3ad9143643c637d3fd0ba96e69d54eb02971c5ee,(Munching)
1658076161,b58f99fcb41efe37d61cec32a6a9eb45b0fe892702a38b6f4624831c504142e2,"Yes, it's more efficient than I expected.
Last time was a temporary suspension, so this time it will progress quickly."
1658100205,6928538e696f02a695bfe445a6ee484c29e41c95261fb1a2a4272e06fcbf97c4,"Strange, strange, why is this mushroom flickering..."
1658122558,1eba4b02f085a4de39ca11a59758cfacad2d0e7222485bab43d555484a2e3b8f,Capture moments with performing Aniimo in Selfie Mode.
1979366224,1eba4b02f085a4de39ca11a59758cfacad2d0e7222485bab43d555484a2e3b8f,Capture moments with performing Aniimo in Selfie Mode.
1658130192,4ef11d2d90f8fd3e2354371fce613d2e81125684cd6730e3988feeff6c884e52,Use to unlock <style=Hint_BgL>Harvest Moon - Tart Berries</style>.
1658158200,456560dcf9e88e03a72a80f5a576fe9a539d191ebee13c74988e97e3011a26e0,Press and hold to save the QR code to your album
1658167885,729afcc7d3d83731fa1a74d8dc66fb09e80dde4d8eff6f1b1630878bbc21df4f,12 Report Cards used.
1658168343,5999cb90d76da979b9580520c04303d8191f8b6f5f7aca646808f0cbbb1ca7ac,Awaah... Gwah!
1658188092,20dcec54c2f6284e7fb4e65e198157393e02cdeb54018d0e62d1071b62c5744b,To Distant Horizons · Echo of the Mysterious Keep
1658218677,6b628ed6a045c6b6f10bff5ae5bb540e45a470d3c3808b4cc0668702d0af3067,"Once you get close, you're hypnotized. Several people tried to break in, but none could get through..."
1658232227,2a913e6bee491d277062ffb805f10b97ec65edfe21437ebbbbcc052aa82b64d1,Test Do Not Use
1658244539,0d5507837491c47b4b6f7642304b0b52a683fe0bc5e8d4ab031c28a2e777499d,Low Hardwood Step - Maple
1801449801,0d5507837491c47b4b6f7642304b0b52a683fe0bc5e8d4ab031c28a2e777499d,Low Hardwood Step - Maple
1658247405,05c19f3d96e2bc309821948237d9632ddccc89757c57a59e86ed151faccbea75,Localization Text Tag
1658250124,51d4e6dfb883ec19e4c756283d22103977fa34be9dddd312cdc591f2ab65e126,You’re right. We need to face the truth.
1658259255,49ec9473a3d8383422795cc616679996eeb3906a5129b9541009dd7615c5d83d,Chest Unlocking
1658260354,de7cb23632127fe490a6d9344f09f99f537a3a15364a98e32977e2f28322a25a,Lucky
2005755269,de7cb23632127fe490a6d9344f09f99f537a3a15364a98e32977e2f28322a25a,Lucky
1658269161,8070ac69b881d74b7418c1765acc27682533f40ec073d6456cb59f2cbd41cddd,"To catch more Aniimo, you’ll need to buy enough number of Aniipods from me. I mean, you can always earn more credits, but opportunities to see a truly rare Aniimo don’t come every day. You wouldn’t want to find yourself without any Aniipods when that moment comes, right?"
1658282428,fe74d1c09e9c8c06fa96239217fcd591d43687d01a922d2c859707e67466d2eb,Mutated rare strawberry with exceptionally large and plump fruits.
1778962787,fe74d1c09e9c8c06fa96239217fcd591d43687d01a922d2c859707e67466d2eb,Mutated rare strawberry with exceptionally large and plump fruits.
1658291918,f615bb656d3148042fea586e13fede2f64c0f044917838f1f14495a9c3c605bc,Insert 3 Starines
1658318892,9f1f4b0e5111e38ad85365f579a2067e37e906d62689e850298c7f6f62a688ba,Alpha Dewy
1782721774,9f1f4b0e5111e38ad85365f579a2067e37e906d62689e850298c7f6f62a688ba,Alpha Dewy
1658338346,a5f9f20148eac0ad944a1001f9762e27436262b5fa9bb9ddf07a50af25950cff,"A new plot has been connected to the Home space!
Time to build my very own dream house here!"
1658357252,871ae226c74ae5759585a03409abce01c17be4a739bdb5c62011f991486539c0,Baseball Cap
1658358613,e9f4f69d60d78a2d25bbd6df649cf0efdb465dd5cd49b74b0d88e993a6b2cf43,"Entered the Aniimo Style Contest,
and actually won!
Hope the Aniimo fashion industry starts paying more attention to how the Aniimo themselves feel."
1658360026,6fb8b2f5105070c41aec7ad4ae82881e85fa005b69286384893a50490b198bf5,Purchase Level
1658369892,028f307deb199eb8eef59c99100364effdcc2976ef8d4b2d14e11700aa0730d3,Watch closely. This old-timer’s passing on the torch!
1658441972,32c2e12ad5a2b7dc604a9d16ea786f77af4c393cee8da85a8f1e47cc12b0dd34,Obtain Lumin Amber in Driftwise Meadow
1658467305,0c0a2dbc9ccc44e96ae6785a3c505107005673507a24762aece4ea4ae087771f,Found them! See? The voxel coins are right on the <style=Hint_BgD>Celestis’ tail</style> beside the building! I can’t believe Stellalord won’t even spare his own home!
1658526779,83694c0f37c05b604a794b825e7351f0db6f216e9cba210bdcf554424fb5c909,"Here, take these—the <color=#a36fff>advanced bonus for being part of the Dr. Glass Test Program</color>!"
1658543193,b889d2281bcfb0f17ffe3c2808251b57a653df7671c6c4a446d5b0cfd8a42032,"Even so, she continues to guard Echoback Landing... and the young Echobacks.
She keeps swimming forward with her longing—never letting herself be trapped in that stormy past."
1658544918,9e3ee503c45042e78ba80825e71a1d2da1e5b37baf0a688cba1875fa94f1366f,7/10
1658545704,5a59553bf9da46591818d2b239e979d59b054f8c3a0e354606b55d8828cd687f,Rare Skill Research
1658558227,323e6c03715765073ad1b0ae3ad1136cb795dc57ea650839daf81e8920e2922d,Team will be automatically filled after start.
1658609891,2f22f20a268cfb5e8ac2c13dfaf682f70cdb2c17ae930774d971fc20338437e7,"Aha, you’re the one who’s been following Whelpy! Come on, little Whelpies!"
1658624669,54c2d600b274a1caf95fb11520cb00166b503c93da2a27132d6384b5ca499366,"Estee cannot understand why Irelia failed to appear, but when she notices Velouria, she wonders whether the Somniwing may actually have enjoyed the offering."
1658628163,fb9ff2112d08a7c8cc2adaaa17be67c3d4ec3ea6ba7fc299570ae56d0975cc93,"They are not dark circles, they are its gothic style!"
1658632467,a54a132d89b481448c1f20a52ff37891c9a8830848cf6ffe665937b1acaa1837,"A somewhat different aura... You're a Flutternym from another region, aren't you?"
1658644604,d548b52c0d0a47cc92a01d1c47b154a61f9c732e6d36a2de3bf405496e7f7607,A pack that can be purchased at RV level <style=Hint_BgL>7</style>.
1658675993,17920029f4ce43d813f88942603261d9ed1c172c66a00fc434ee60873214bfec,<style=Hint_BgL>Processed goods</style> produced by the Jukebox Dryer in your Home. They can be sold in the relevant shop or processed further.
1746180102,17920029f4ce43d813f88942603261d9ed1c172c66a00fc434ee60873214bfec,<style=Hint_BgL>Processed goods</style> produced by the Jukebox Dryer in your Home. They can be sold in the relevant shop or processed further.
1658741950,ecd92222337708e21febc01ca0eca804c4b727eeae42d4641b054aa0f8033fa3,BREAK the Shield to stop Leafy from recovering HP!
1658748475,e89760d40b2b179c9a68598843b290bea4ec85866236f7da1deb49a3eef83338,Hmm... guess you’re not the one.
1658763288,f8121903273933320d613339d6a9d1acbbb4ab40261309321b3c3adfd574bcc4,"You can reach the Tower by following the outside of the castle, but we can’t climb! That’s right—you need to be able to <style=Hint_BgD>Climb</style> to get in."
1658766474,1856716d9eb505a078c17387dee8acedf5d11cdd7fdf0f544b3d73016b77b7a5,"...Pretty unrealistic, huh? But that’s my secret girlish dream, special teenage-delusion edition.
I’m no genius inventor. My Homeland is really just what those people in Astra said it was."
287792758,44527392ee1c988b40d220d77fc45335aed21878f20ee024c8c3dc6c6acdb2db,Pick up 10 Aniimo eggs in the world.
1658777885,44527392ee1c988b40d220d77fc45335aed21878f20ee024c8c3dc6c6acdb2db,Pick up 10 Aniimo eggs in the world.
1658787496,fd1f4f8a493f63fc456d6ea3994576868bcbd2b1c984a8eeccdc540d0b3030ba,Those lights and shadows showed my past.
1658823864,138539d99e1c029520ed1f060a2459f4125c73c5eace7d9353fdd61f60432977,A pack that can be purchased at RV level <style=Hint_BgL>2</style>.
1658834503,5e6bc7057e18118bbb96dc9653e8afd58a396d233c593b5c9e7d5e36f0dff91b,REGEN and BREAK
1658890130,0eea9dc868917e8814b177a055d6305f31e7b788964b362f6ae209eeba7a0047,What else?
1658936323,eeb91ed39856be7c00b829ed40010ed65e3441c5cc9a42154caa85f91e5fdc15,Wow! This place is alive with Aniimo!
1658950389,dd4bcfad379464ef92c266bbe077d2be8cde0207ae708bbee4ab58f347a6cc4a,"Evolution can change an Aniimo in many ways, but it can’t change it’s personality."
1658951915,b3afb31ebca402f87fbd1911d0a9a2ca4096029cdaff7cde066f903d1ca99ae2,Unlock the Stellarys Avatar
1658958915,5875c6503b099a5b8b411195eeb83c7165917f928053182147971036e76bc53a,"The moment you step forward, victory is already decided."
1658986232,9ebf93ca98f761cd208931108416c0453d99808889f79e76860cf342ecc741a9,"Sticky rice mashed into soft, bite-sized sweets. Chewy and fragrant."
1659007488,00ca82b55e7acbc4bca9b079d0d9f233838f2b8a7769844c6b27d68e09a1c495,Rock Speaker
2008409080,00ca82b55e7acbc4bca9b079d0d9f233838f2b8a7769844c6b27d68e09a1c495,Rock Speaker
1659022986,6441906e5061bc8ef62358db59e1b6c804d9e5c4c7b2fbe17be917f1f0330191,"Truly remarkable. In such a short time, you have set yourself apart and grown to this level.
You are indeed the other future moon of the <style=Hint_BgD>Umbral Society</style>..."
1659046080,4a27eba4643de370cdc3c22ccf4541be49ee3d068cf740bc106bf976b1163d6d,Middle-Aged Spectator
1732576550,4a27eba4643de370cdc3c22ccf4541be49ee3d068cf740bc106bf976b1163d6d,Middle-Aged Spectator
2124571825,4a27eba4643de370cdc3c22ccf4541be49ee3d068cf740bc106bf976b1163d6d,Middle-Aged Spectator
1659074431,a8cd2f1008841c7a3fe05257d94a24c18217cd9d72330a77165cba0bc42ccd8a,"Mutated rare rose, sparkling with dazzling spots of light."
1783557519,a8cd2f1008841c7a3fe05257d94a24c18217cd9d72330a77165cba0bc42ccd8a,"Mutated rare rose, sparkling with dazzling spots of light."
1659077524,3b66e25ddee05da70be9dfbb8c8d9bbe4255ebf4cc6e8f877ff3830a2164e102,"Oh, gossip—this one I like! Just between you and me, Instructor Bohr only acts like that because he’s a total sociophobe!"
1659125739,b30efb277d6f192529d798b602e073cb8b5022b826d0cebead1eee0de9d3a4bc,"A stone ball that had stayed with Baleetle day and night. It gained consciousness after a rough bump, tired of being controlled, it swallowed Baleetle and could finally move by its own will."
1659133245,82989c28bfe366e89db92fc88aa421c3c4bfa7f5c65146ba959fef087c826c68,Bold angular lines project outward to create a sunlit nook where daylight can linger.
1659963240,82989c28bfe366e89db92fc88aa421c3c4bfa7f5c65146ba959fef087c826c68,Bold angular lines project outward to create a sunlit nook where daylight can linger.
1659135555,129020314ca10c89a058cd646799acdf4483210d9085da358d673c909a992cb6,Complete the related quests of the Aniimo Discovery event
1659142910,cfbbd2c7843e32b0135326ffdd84bf553f60a9df7d831810c2fb64ce40a2d736,"Ngh, ngh..."
1659229406,016230230f6c4d83fb4da3f7dc31702c8ead3f7c35d42929064e764daeed46c4,Defend the Glacy
1659257480,2118ccce10d0c2e6f4da470438966273d922e5a80c85b9b8ab93dc3241fb2a9a,"Indeed, and right on schedule too.
Is there something you need, Principal?"
1659274223,68479788f5c02acd2b0ad54257183daf4988dd9915e63cf82d61d524ef962723,Tell Elvira what happened on Echoback Landing...
1659277596,cafa0ef706174ff4d4987cbdba1f3fd97d2b29e2be7ad9a46358c4835331962b,Only the team leader can invite
1659292455,8114c67dc885766a83fe716616999e12b982694a7e563ea6b22ed0864b802c79,Outing
2028296824,8114c67dc885766a83fe716616999e12b982694a7e563ea6b22ed0864b802c79,Outing
1659311204,d8a9d95211bc64986e96adeb8e995fa8d27a78289706dad7f9a2c34d1a4fcea2,We’re in the middle of developing a new model of aniipods to catch sparkling Aniimo and we need even more raw materials now for testing purposes.
1659319601,c90273b6af3e6d9713d2e33570391fddce3ba1a7afd3cf727e0684d78f9adc5b,Hmm? The seedling looks... different.
1659346711,843dd8b0832038f32658cdac54910650981d5bc670cd4f2c904706de4c489063,Aniimo work efficiency increases by 20% when assigned to the Phonolfactory Table or Dewy House.
1659353016,4b581c8f22b97e66563e1053f13d35daf45d5fb81f44c047111916bba3471e1d,"Reduces Stamina recovery rate by <style=Hint_BgL><customRichText(calcData,buff,6003034,param0,1,%d)>%</style>, increases Stamina cost by <style=Hint_BgL><customRichText(calcData,buff,6003034,param1,1,%d)>%</style>, and increases fall damage by <style=Hint_BgL><customRichText(calcData,buff,6003034,param2,1,%d)>%</style>."
1659373167,07da3abaf99b74496aa6ac7f26433862a49a03f7c76f6260a8fcd2ac349a0722,"Golden petals intertwine with emerald vines, while tiny points of starlight glimmer among the leaves."
2060835805,07da3abaf99b74496aa6ac7f26433862a49a03f7c76f6260a8fcd2ac349a0722,"Golden petals intertwine with emerald vines, while tiny points of starlight glimmer among the leaves."
1659406996,db4eb5629c3e67405e223bb8ccb5c98151cb7379c1898ee42a438bd33a885fe4,"When Sunia tried to return the color, Snowy refused to absorb it, and since Irelia didn’t appear... the transfer failed."
1659425287,89a7c82d8eaec65190c6e8460065f289c32f8b02ec9d8c4a52faa9ea86c51d7b,Why didn’t Lady Irelia appear...?
1659457104,ae18806b389a8323185dd5b1e745139d51f396baec332bbbd86dd5ada7e0b89b,Research Center ({0}/3)
1659503735,275c001119e498008eec02715c214d720a638b460bc190c117951ead133f56b9,Polaris Grand Prize: Aniimo Discovery Tour streaming NOW!
1659509931,051275d3d1c3abaa22e814068479e4f506ed9ae1c069cda109d97fadb63f5edd,"Damage taken by the shield increases by <style=Hint_BgL><customRichText(calcData,buff,26999303,param0,1,%d)>%</style>."
1659513715,8024bccc0b4c1ceb88656cd4392317da6d91405bfab44d797cc20a069ff4da4e,Adjust the in-game time cycle (day and night)
1659535417,36951c674a8da47f21e7fb8dcf8185e6a4b41bce80e3bc1dc450e537b8f1074e,Chain Lightning
1659543417,6243f8d5a8d5817a33966d6f50704e140b716f583b1a8e6f21b8aeb14ac72312,Shrout happily bounces over and waves goodbye.
1659564409,c42b17ea1a79421a3505c7852987636b7118ccc4507c93237255db2e34d5e299,Wind-up Column
1953240634,c42b17ea1a79421a3505c7852987636b7118ccc4507c93237255db2e34d5e299,Wind-up Column
1659574764,34ea4ede0e675ef441672a75f067b0c87d3fe7ebfdfa4081d75dfb020eace95d,"My Celestis has gotten chubbier lately, and it’s eating even more than ever..."
1659590158,1f1803c5f67355a358b0683890598dc4e8d59b9267c33654abe808fcc2f85f2f,We’re out?
1659614443,e3326ee1c4f8cfeced72ae37778c2aeac9212f03694043878edb90a9bd33ddee,"Light, fragrant particles drift into the air, filling it with layered notes of scent."
1659635910,bca19910c5c452b55435355afa6a52b92ad1daac534afc0185afd4ce436efecf,"Well, what do you think? Learned anything intriguing about Aniimo?"
1962980262,bca19910c5c452b55435355afa6a52b92ad1daac534afc0185afd4ce436efecf,"Well, what do you think? Learned anything intriguing about Aniimo?"
1659669062,ba1717c017d4b915f852357490e7487b9393b5c141060db943414a372f4b44de,That’s it! That’s it! Kick out gloom—make way for joy!
1659669407,6fa1d2e1b8bf8ef3c963f3f54603169fd280e938a3d8eb7f3d149b488b58f8b9,Paw Print Tile - Terracotta
2075120472,6fa1d2e1b8bf8ef3c963f3f54603169fd280e938a3d8eb7f3d149b488b58f8b9,Paw Print Tile - Terracotta
1659669936,0649ab21ac4e3220a66e42ba9906d52d2e1b2a4d7d704edb85a3a9a68374bcb7,"Wait, the emberbud aromathysts and moondew spices are not blending properly..."
1659708950,f5eed0cd19b095161f912be55ca56ecfdcfa30abc4a14ba4342ea4ac2a45157e,Breakable Rock
1659737340,162edcc7182f4bc1d07080fbf0170ca611e4773cdd40455abdc3e9f62efeb445,Story Battle NPC - Nicole
1659749838,b8cb3358389dc545ebbc8c6a27bb60be22f35b782fdc86d437532aa431a1c527,Lovey
1659782558,2349849fe6320bbf3e6ddf550b85916534acf746ea9ca2c6d15a9fa7ecd63797,LV.3
1659785169,2d8e29e9808b957ad97ad1a9bc3e4d26386beca8e8a0b923a98026efb9b9d075,Encounter a Prismana Form Scorchhowl.
1659816543,b44ab8ad2f85f8e2d01454714198a41a8821ce56dc0d83051c82656b94c5e1c4,No Message
1659844880,d0276959909874287560950925c6043c030b57143ca90d0ddecb5797b8bafa44,Mechanical Ball
1817947549,d0276959909874287560950925c6043c030b57143ca90d0ddecb5797b8bafa44,Mechanical Ball
1659855370,43ebeec548e66ee9374401c5631febe386b21c94dceeb6289e6a37942d13ce35,The lightning has faded! But this is only the prelude to a magnificent epic!
1659955315,de8bf2eea92be8655138e685eb7c0bd4f2fd6877023a62315c71b9e5a2392ced,"Is it hard to remember? Perhaps this route is a bit complicated for outsiders. If the flowers for the festival weren't still being prepared, I'd take you there myself."
1659965462,a52d68861398a0d0d46a0a6f0846c5132b9b0ae78cca2a37e7cdcde71016ddf0,Stubborn Popapus
1660057919,b0b25a1051de81a6fde81a68bc9bbe59678fff127629ff156345914081dc9853,"Waaah, no fair... What’s wrong with my Celestis?"
1660064036,aed5ae6c53974a39541583543828441d2b1260e159364adc7f58eda05cf45d34,"Phew... #playerName#, I finally put together the perfect setup for Held Items!"
1660143886,8b288a67240fea5268f5bda2bfc5d0b83af8754834298fa902086c3ddbf41099,"With a hard texture, a slight brown color and silk-like patterns, it has a slight sour, apple-like scent."
1660148972,a4048d2e677838896817074d8f7d83a0687eb3fc3fb372e29a6e87d1a50fa78b,"Research manual, recording various information about Aniimo, contributed by all students.
Provide Research results for rewards."
1660153312,6067b0e5b5060e4a447cf5dc37503b4cf17f9dc6837c507b9aad1aed9d3a35ec,View Catch Completion Progress
1660162234,b739cd7a0bcce7d4366baa52f03b43e3d057a138f49f10411824107f1f684414,"Woof! I just have some things to do in <style=Hint_BgD>Bloomville</style>, and once I finish these things..."
1660191349,713be64687a9681f834ed75a522de4a1e7cf381d3496db95cd0ee6638b8683bb,Institute Initiation
1660200233,ab7c2283d57d2004e8db5bcc7fb6318b58d535f85c92e033a2d9043d28be91ea,Oil Painting Easel
1830655230,ab7c2283d57d2004e8db5bcc7fb6318b58d535f85c92e033a2d9043d28be91ea,Oil Painting Easel
1660244404,a891f16ec6fac3878575c6537731c64e2c033c944459dbc8175bd1a22533bd5e,Blend in with the Jawling guarding the treasure chest
1991251348,a891f16ec6fac3878575c6537731c64e2c033c944459dbc8175bd1a22533bd5e,Blend in with the Jawling guarding the treasure chest
1660347368,04d1c5603a6ccd7f221879af99d5127c6f73665513857d10bdd09d2a7813c1d8,The white flowers seem to have the power to soothe everyone.
1660361571,60ba15f9c9e179224936df7a70fa4211c90596ab6813d8feffc962f9113294d7,"The stone dissolves, ripples spread, time reverses—I seem to have returned to the World of the past..."
1660376587,1c93efcab616c2687a2728a7835817eff21da3b197fb678bafba82574be91648,What’s going on with him?
1660376722,ee742370e80384e4a5b450d46ffb6f519b6570e80f2ea79454baa25748e15689,Hanging Wheat Bundle
2121118138,ee742370e80384e4a5b450d46ffb6f519b6570e80f2ea79454baa25748e15689,Hanging Wheat Bundle
1660384245,f0611070ca1cfeb3db00229c6b7af38fbaa6d68d2634dc0ddc72b004a6cf691a,"Today I chased a Nimbi from cloud to cloud, and it felt like I got a year's worth of exercise."
1660394961,5adc5ed4f8973da02fade86d47e40f475f6e15b1d22463c461568ba5a5555eee,Ancient Wooden Chest (Large) (No Reward)_Lv2
1660407428,a8dca64ee34f1136811096eade196b03b038ddb76f1d7b02e9f9e4a5cb22c200,Text content (placeholder) text text text
1777756719,a8dca64ee34f1136811096eade196b03b038ddb76f1d7b02e9f9e4a5cb22c200,Text content (placeholder) text text text
1660452468,9af5cc0a44b71e39bcc90f8e770fa220ecaf9b5405cf05f7bd9d4bbf8a9518fe,Giant unit
1660459497,ea5c4c0cfc720254e69952ae151a86005e6aee9d8c87f46d2a6b889e0aacc9c3,Appears after collecting all incredible eggs in the area.
1814221717,ea5c4c0cfc720254e69952ae151a86005e6aee9d8c87f46d2a6b889e0aacc9c3,Appears after collecting all incredible eggs in the area.
1866935680,ea5c4c0cfc720254e69952ae151a86005e6aee9d8c87f46d2a6b889e0aacc9c3,Appears after collecting all incredible eggs in the area.
1919596269,ea5c4c0cfc720254e69952ae151a86005e6aee9d8c87f46d2a6b889e0aacc9c3,Appears after collecting all incredible eggs in the area.
1660482230,197630670a794610c8463ba81b993b736bf0a0c505f50c34fdf7c6d2d7e43aaa,Settle the result and leave
2003293597,197630670a794610c8463ba81b993b736bf0a0c505f50c34fdf7c6d2d7e43aaa,Settle the result and leave
1660499378,2a4b5257d807d407f684f3bdc2551d75fc083164e77e8fc5dc337e1b6126c468,Harvest Mutated Plants
1660517928,7ed76d72ed57ee88a362c52d7239ca4ca0665a715f1ebe746d6923ef06c3df92,Welcome to Astra’s premier Celestis-themed gacha shop.
1660547148,10b1ab01c6f43784bdeaa69f6c06dce235cfa350b9a4b63e20fcd446131f5752,I don't know... Only the principal can make the final judgment.
1660589655,d0ba91645537ff308451de276e7799de6701488cc76226c9eef30347d060d908,"Complete Home <style=Hint_BgL>orders</style>, or sell Home products and <style=Hint_BgL>Home materials</style> gathered across Idyll at the Home <style=Hint_BgL>Co-op Store</style> to earn Home Coins."
1660597086,5dd015fd3c793a19926f972955ea6b0e7d9384a5bde06268aece6c34e34a5c86,PlayStation*Plus Member Pack - PS5
1949121379,5dd015fd3c793a19926f972955ea6b0e7d9384a5bde06268aece6c34e34a5c86,PlayStation*Plus Member Pack - PS5
1660597755,8ed6791bdf3d61a1e6edcbb253979b0a6bef7f3d99dda0fb49cffe96923514b6,My
1805721485,8ed6791bdf3d61a1e6edcbb253979b0a6bef7f3d99dda0fb49cffe96923514b6,My
1660690470,eae1621ab3169b798296300b3fc19185cc8d9e8f9541cf5c2f523e3ab56fed6f,Reset the flute's Matchmaking cooldown
1660738864,ae4736b9a0f8e744d42418eaef0c0c647e0752ed5de6223808256103bb73d4bb,Garden Court - Empty Nursery
2036083314,ae4736b9a0f8e744d42418eaef0c0c647e0752ed5de6223808256103bb73d4bb,Garden Court - Empty Nursery
1660755625,dd66e93f4cd897e64a8e6abee1a2e91daa2fad27bd29dcfaa8dc7ed0e27f301c,Apply assigning plan
1660864641,cade0cff7eb39519a4429f0e58e3c9142169a7e3cb3f5bf84aee8fb6813a498b,"When <style=Hint_BgD>the sky shines with Prismana</style>, a <style=Hint_BgD>purple Blazen</style> appears here. His temper is awful! One wrong word, and boom, total destruction!
(The Bolty puffs up its fur, mimicking the Blazen’s furious demeanor.)"
1660916415,97f5b5b17db5189704f913ab02ef97881147ef8f329499b0806b0301a5dc3bf0,CP 5078
1668842784,97f5b5b17db5189704f913ab02ef97881147ef8f329499b0806b0301a5dc3bf0,CP 5078
1660920659,0a7213e093824bc460023de3253f694ba315b0fe038b3f7d2bf53c699b512343,"Ah! The more I think about it, the scarier it gets. Let’s get out of here! If he finds me again, I’m finished!"
1660924556,fe1f6dbe66c0e3ea2b5eae0412ec614b148f3ac8d3ccabbbcefd413ea4aa3583,The highland chill adorns the petals with a touch of frost.
1660933344,358641ed0d241fa283b4e4094db7a21c434bf348de69efb3e321b14c79327b76,Your friend does not have exchange attempts left today.
1660941298,6c93813fa7051852fdbac856018139cc33df08bde5c701cc434605bb1b3e6118,Grass-type Damage Reduction
1660980841,ac31bed5b56e21dfe89091a39759780d4fd4f2b4cc835d137746e3e8e0bb0333,"Unexpectedly, after the great upheaval a century ago, they were never able to return to Azureville."
1660982538,5a2e67da663d9ff80fe6b06f9de21ffdc2ef11f71da3b43a0050d8be20082751,"Extremely rare Moondew Radish with dual mutations, enveloped in a rainbow-like glow while having exceptionally large and plump roots."
1945786898,5a2e67da663d9ff80fe6b06f9de21ffdc2ef11f71da3b43a0050d8be20082751,"Extremely rare Moondew Radish with dual mutations, enveloped in a rainbow-like glow while having exceptionally large and plump roots."
1661000488,b1ddcc40a1219ab4373b2f5b597aff8bd60065f471f2e41c907f470ffa969479,"In Command Mode, you can press the Attack button to instruct an Aniimo to engage with the locked-on target."
1878186458,b1ddcc40a1219ab4373b2f5b597aff8bd60065f471f2e41c907f470ffa969479,"In Command Mode, you can press the Attack button to instruct an Aniimo to engage with the locked-on target."
1661005050,849f0611617fb73b432f7eedeb3490f015ed2d6fb0c8cffe4a719f82f01d505b,Press the button to capture the Alpha!