1951895260,f70ebfee2b2598c9bd75cf751eb77895c1b7b95177e09e2aa22b4e89f19154d4,Saved to cloud album and local album
1951907319,81ebbe6c38c8c4a37e1a3b8a6d4d1b368725922a85afd328f2212d9e9b2c383a,Continue watching
1951915445,aa27a98a0d23f3505c68d074dca1f6bd54b079cf8a2a5a09ad3d4c9f00d9b75a,You’re way too strong... I didn’t stand a chance...
1951986498,3fd8a391e99ee2fb112c52d8991869b895e6d1f6e1952a567899c3db2bb6895c,I’m the one who fixed you! *beaming smugly*
1952019920,ff86989c52da7ebc22ad14a9f1714589083f48ed2e7d6fb12af6fba396908226,"Ow! ...Ah, did I fall asleep?"
1952033556,39204001503f83b7ddfbbda3934d2b75cf1a477481bbcd090fc93ad708c8ea19,Breezy Watch
1952122640,00bd65a719ffee46e8639416cd8e03c45c7efa70a51244f5a31a036221e02fc3,"Over the mountains, really, really far away, it’s all dark inside. The swamp smells yucky, and there are scary, ugly songs too... I’m not going there!"
1952184715,b7a967d1087091e0aaa42d029c23204b14758e4cce63eea32125bb52dcedefc0,Celestis (Abandoned)
1952223522,5427a011889f5c72f60d56d65f87912ba1f48f654b0f27f3674daf14923ecedd,<style=Hint_BgD>Let’s start now!</style>
1952229785,e9b3d39b3ed6c0ab101b675fe3aa02931df1313a1389c68c55a9b69e5d520c07,Gold-en Bub-ble!!!
1952237302,861a59821a30e17e52f475e853cfdd1e45993664123b06912fd1ca6bba369a09,Turbulence
1952255769,61fa0abfcc1deeaa0f39792aaf212ef541fc911f5cfea1b330e4e09c2c5ffc9c,Get Quest Data
1952265310,ee5b79ee533134898bdf6e1a74af74b585ff7bc28aaa86d1a72e999597139198,Zzzz... (He looks like he’s fast asleep.)
1952273886,ce7cfeaf6cc986f2b3c5217a38c90ec0033d785c003e7adb1a6856978f423f6e,Accept Invitation
1952274593,6f3f1a9aa38a954b8a65f764a99c8d5fa58fc27942366114a83e30f7c79e2964,Spirit Skippy
1952300680,dff68ad9aaaa9a2dc85d5509d79a97aaa7cd7a1334024c17f7a3eb8956054938,"It sounded like static... and a kind of scraping noise.
Then it vanished in an instant."
1952309950,3a48794360af4ca2bb71a75972f61b13446b294ea4b7b8d2f07407d3cc55a849,Tip: Try progressing the quest “Flowers and Thorns: Rosetower Woods” first. Tap here for a quick view.
1952310670,d84e102765128a4dafb50f2cecadad052dd494a9b8083233ce657e5181cb4258,Charge!
1992371454,d84e102765128a4dafb50f2cecadad052dd494a9b8083233ce657e5181cb4258,Charge!
1952313596,8a76c756c3d1f9d9f9b884c5cff1bb8f28aac647698b7655770e3aaf268a8fcd,Purple Balloon
1952330384,9c6843df2e4e87261e04b980cdd9d3d1cd65e508d7ac6e34f54b4dc593966f00,"Before we start, let me explain the rules and objective of the race."
1952340712,ad927705f9dc4672ff266b07cf8e5883f6c064a30a824cf817a02e54ef2fbfca,Is it the <style=Hint_BgD>white</style> Nimbi?
1952372176,bad6002d6ccde3cd7cda9bd4b9d295a9a317860d3aefa824e490e2d84a095668,Bolu~ Bolu~ (It seems very happy)
1952390696,5d08e6039b67a3d1dac8890042d2be94b737f10c4d1e8a4611c186c9534d46a7,"When your RV reaches <style=Hint_BgL>level 6</style> and you own the prerequisite plot, you’ll gain permission to purchase this plot of land. Clearing the debris on this plot rewards you with <link=""item_4001064""><style=Hint_BgL><u>Wood Blocks</u></style></link> x<style=Hint_BgL>360</style> and <link=""item_4001065""><style=Hint_BgL><u>Mineral Sand</u></style></link> x<style=Hint_BgL>180</style>."
1952449464,ed567838d0196ff89489a9488685bf561372f201ab4c27b2d4f2187baf4e53ed,Yummy yummy... these mushrooms are the best!
1952457370,4757d7675d743fa65593228d5f7dbe172aac4df192849bbc747f9def0e59ac29,But he had a terrible weakness...
1952459972,a1c5006f2897800f9d2ce84b96ba877a68b3a79886376215cfe889ef35f4452a,"Oh, I almost forgot—such words might be hard for you to understand since you’re so young."
1952483486,b8649aef524be39fbc93f83f4cba70ea93ae1cc381bc38f11a586f914a60ad3e,Tap the <style=Hint_BgL>Dodge Button</style> to dodge!
1952493238,563e84de9a2ffd47f64129db4c12f5bc2bb72a94a07656edd99b7280d6cfba5c,Gradient Range
1952569829,41279f3ac836e9e2f53254308ea5bf1e92c042617eeec566ff78a5547003276e,"Once, under Tideblossom Coast, I saw a swarm of jellyfish pass by like a meteor shower. In the waters of Echoback Landing, you can see stars drop to the bottom and turn into Shellies as they surface."
1952570055,6c0c4d2f4bd968e2128416c3bf8325f10ef1ee88204dba57c6a6e300c9f5429d,[Elite Training] Rewards from the Battle Art Department 
1952577537,ad54c2634107c81823df5b44937e85b435db05a591fb528eafcce0aea32d88cb,This is undoubtedly my finest work of late... A shame I can’t experience its brilliance myself.
1952579753,8cf1a7ebaac33a53408892602dcfa6d12f706e3e0d23caa939067f54eb563ab9,"I’m not surprised. It’s like your principal. I would’ve never thought of him as an old human if I hadn’t heard people calling him ""old man""!"
1952586175,c80b041f5d1d11574f40bd79c2ea8f64cfc47a49c6b8846abed3c294931a7946,Legendary
1952593177,d284cdc56da2c00a59e58a54d3e2ab22d7016a4c1ada14498692d39e89cbad0f,It keeps throwing Ember Coals into our home! 
1952601961,bc77c8b6d4fa0d829edf603d42e754f582e9f60c4780d5b03accb6b0e09fed7c,"Echoback Landing is most famous for the massive Echoback bones on its shore.
That’s how this beach got its name."
1952718684,41aaf4024f15519af7bd41d81ab452dfe5ca8dab89dd1961a096347537516e12,Aniimo Level Cap (Placeholder)
1952749397,0cb62239a0b4ffe4bb4a2613ab0e06102d9ae3709a0f3da14f8908bb42b2c811,"Press <sprite name=""UI_KeyWASD_PC""> to move. Press and hold #kPlayer/StartSprint#z to run."
1952750018,83ccbf6b54a514b0440297153af58e16ef83bfd5996e97e070bec4270606ddfa,The Umbral Society and the Assessment
1952758310,9f29a130438b81170b92a42650f9a94291ecad60bd47af2a3886e75f7f728725,1.5
1952787074,828b8ff77cc2337f00002e124c73da2ba34f112fdbad2eab40ff3e89918255e1,Used in Profile to change your Pathfinder nickname.
1952797482,d6cb9c0391574e8562f1eb12868b2c0f3f55e3c65babd3eddbf663c3f87811fa,Please wait for the team leader
1952826293,89f84db262b1f4630cebc2cd8366b41e0d45ca1074ddb50c0dac51f15101c633,Instructor Ling sounds nice.
1952833994,9aed59e0c4213e0a311b75acb1459f188a6cae025c64add0a1e4fadd64e45b62,Learn Defense Command
1952834697,5588c9ce2a450f89e197400e76a6a98b42d50a4b486756dc8b3740ebc4431908,Have other wild Aniimo fight near a wild Pomegg.
1952844600,aec77a8e7fce356539af2f86957f0adbf2dac9e7603f924f0d95c9167d35deb2,"Increases Skill Damage of derivative Skills triggered upon successful parries by <customRichText(calcData,buff,9156401,param0,1,%d)>%"
1952867686,a52c7e416503128092c29153a0c170d6e63ab40f5b1016621857c98f3b34c91b,Automatically saves your <style=Hint_BgL>10 best presets</style>. Saving and applying a preset will clear your current history.
1952877383,3d7afed393c67ab6b3c7d564163bf18d0e0203f51ba45a36a1b6b2514757d89f,An eggshell fragment retaining traces of Prismana energy. Collect enough and exchange them for a Prismana Aniimo Egg at the <style=Hint_BgL>Egg Heist Shop</style>.
2068800526,3d7afed393c67ab6b3c7d564163bf18d0e0203f51ba45a36a1b6b2514757d89f,An eggshell fragment retaining traces of Prismana energy. Collect enough and exchange them for a Prismana Aniimo Egg at the <style=Hint_BgL>Egg Heist Shop</style>.
1952878617,029d9383014b2b981580b79c29a18c968c92c68b4ac77f3a78eb6ece8df2bfa7,Heading to see Irelia?
1952899545,982b6a0634d28c33c6560fe22314514bad5d0079ca32d8ce4c5f1b86676979b1,Bear Ear Cub Vanity Mirror: Small
1952930096,5da07a35c50cd6de2f7d3bf95a99072cc72b363ede42fc27b0cdafe356f84540,"Restores <customRichText(calcData,buff, 9104501,param0,1)> Energy when attacking targets on Turf. Can be triggered once every <customRichText(calcData,buff, 9104501,param1,1)> seconds at most."
1952966805,bd039bf36c157816a53f36648e9de93e20260b4067aee715f94f324d5e93debc,Unlocks Flame Cookies in the Event Supply Shop. Use them at a Bloom to nurture the ecosystem and attract Sparkelves.
1953004190,ee684569a7efe3c37129936d49847565e0c9f3c3800ad1a63aeaf28101d6e4fa,A mysterious Aniimo you haven’t met before
1953009492,dedd9af9608c40b9af4914a82f1652d4dc3bcf3448480552526bb9c8962f52ff,Vitae Fruit
1953046904,3007f43e8c685829bc645bb4df86f1715822b858f2c0d87803d03e1b1041eaca,"Yeah, she did."
1953053285,073e2b99e734d7852e6814d99618b52962636dacee3e919087eb4603ef0f1cfb,Affix obtained from this forging: {0}
1953070835,7f87b22d62c6f9b7bbdcd8f72796953dc0dae71c3c041814a90d7e5cb7f8cd20,Coarsely sifted ore rubble with impurities removed and particles of similar size.
1953071374,ba4eaf07d4233a57581e983bfb350e693a0454425493b80b9eb25a2dedf72f2e,View Female Outfits
1953085260,014d93da357f5934bab1060686808b163873077743c7c96446b0e35489b3e192,"After transformation ends, all teammates restore <style=Hint_BgL><customRichText(getConfigData,extra_random_buff, 3003002,param0)></style> EP per second for <style=Hint_BgL><customRichText(getConfigData,extra_random_buff, 3003002,param1)></style>s."
1953144420,c6803065109463c86f78a7436b440fa896cacaa63a3a91572a50e5dd55d7fb2d,"A sigil wreathed in a strange glow, sealing away the will and legacy of mighty Aniimo through the ages."
2019338683,c6803065109463c86f78a7436b440fa896cacaa63a3a91572a50e5dd55d7fb2d,"A sigil wreathed in a strange glow, sealing away the will and legacy of mighty Aniimo through the ages."
1953152531,c1e8b40bd6fcf7a6d50d4901e936854f30c31473587c7eb97cab5b6ac5abd90f,"Use to exchange for desired items with the <style=Hint_BgL>Trendsetter in Astra</style>.
Whether you’re pursuing trendy outfits or unique accessories, Fashion Vouchers can fulfill your wishes."
1953154897,780fd42eeeaa7111565a9e601fb81bcb2b4d6a80a73aa7092666e23e49192a8e,"Page 16
Clovis Junior has not grown up yet, but I’m getting old.
The truth that he is an independent boy makes me proud.
It also makes me feel guilty.
I ignored him when he needed me the most.
————
I can feel my life gradually flowing away.
I don’t think I’ll be around for too long.
I hope Clovis Junior won’t be too upset.
If almighty Aeolus or Lady Irelia can hear my prayer, please send a friend to Clovis Junior when I’m gone. I just can’t leave knowing that Clovis Junior would be left alone in this world."
1953156123,9ac583da7d4bc8513323f3bce17150c2a20a536bd4849532289233da8b11d4a8,Top-Up Received
1953176331,3d715ea3f8ebed8cc1bd76339ad27627903f2eaacb90953c9622f80ee8febe0d,About the Ghost Glynsera...
1953269869,ab2aadfcab3dfcec59546d9b02afc281ea92cf8e0664632064da23ce880628c2,Floating Lotus Leaf
1953274412,4bca1baaede96d1a6364ceb05ab95bfbbf9c62e0eb31ba1ed0fa65ead4f9e522,Your Position
1953295012,76741dc8692527f41e0b3c8b2bc666ceced6657349ab6eb216360d9c461938b6,"My adventures are just too dangerous and bumpy for carrying an egg. So, is there any chance that you can take care of it?"
1953296428,7f638be8e8fcc799aadae90398c79781cc2026fd65f12ffd7fc6308e2ceed898,"The Home now has a climate control system installed.
Outdoor air conditioning, right in the middle of nowhere?"
1953330572,681db6e3eeef3fa0a49a10d426013ff1b56afdd674e149a2957190ee037ea76a,"Reduces Water damage taken by <customRichText(calcData,buff,6003026,param0,3,%d)>%."
1953345750,5548d549c21cfe6926e1301839db19f6904a7685114e36d9d9db63bcac2b46bd,<style=Hint_BgL>Each Aniimo consumes 10 Energy worth of food per minute</style>. Different foods provide different amounts of Energy.
1953387624,dd3a4704ce62bd627a9102802db302203030ae23c617f0726fd26ee80746db09,@%￥#￥... Woof! Awoooo!!!
1953411538,f16446c4a916f0bac08d9ab47b013f5a1457e5f985ec37ae4e1f7fd05399729b,"While electrified, charges toward the target to deal damage."
1953452273,3f4e08c3c44f30b8017de0c0d31e3f28ede0c4e86f5bc2b004ff1d58df7d4f4c,Quantity per Row
1953461075,ca381d0f18f75e346cfd585dc4209b960e06c460208844405034208909661c59,Sigh... maybe we’ll never make it back home.
1953473393,dfed2e02693b4ec20a92fd43c416f2c192f0a969dab89ee9a6f1ab0596e67f68,Research complete. You can claim the final reward!
1953478528,837192999803a9c21b2660a1e154ea8dbcd73e51251f19cbc4be930b19145f82,The Catch success rate will be <color=#d89c28>higher</color> if not discovered by the mysterious spirit.
1953530521,9f8de05677357c0af02d70a8434f8a3b92839c09e2c0ece3d04b6d445a1b365b,I'm in a hurry.
1953575474,61d5747eb6f62451ee4a5f87dceb0cfffd044cea7bd90b42d17092f4bdcd1f08,Check buff
1953586243,2e24eb8ac3378a24fb64d99f02cd9135880e26f0b84b5dd3feac1be91a16a00f,Melee
2104427615,2e24eb8ac3378a24fb64d99f02cd9135880e26f0b84b5dd3feac1be91a16a00f,Melee
317629669,dd1578587585137fe4b869a240a7de696b5527fe2b06fa1c1aaf8ee9db530ef2,Activate 20 Blooms.
1953595467,dd1578587585137fe4b869a240a7de696b5527fe2b06fa1c1aaf8ee9db530ef2,Activate 20 Blooms.
1953616242,701bfb631e9ad0a83ddbde261516d035d76659ea302f57c56cf5be70b815512d,Mapping Zone No.
1953663105,81508687c80f6590cf494171dccaa61b6d0acd77635ae3d3b7586897008aaeda,The cave is too narrow for combat. Get out as soon as you can!
1953686256,cba4b4a55c741c3d431dec0fbfa681b75d063756dd2753fcef0ed4904793477f,Scenic
1953736556,a2b8b9fb3688a837e6bce527715aac6820ba2bea6033e6ceba6bd67096864e1b,"Plays music and gains the movement-series buff: <style=Hint_BgL>[Waltz]</style>, increasing Crit Damage by <style=Hint_BgL><customRichText(calcData,buff,2118402,param0,1,%d)></style> for <style=Hint_BgL><customRichText(buffConfigData,2118402,duration)></style>s. With <style=Hint_BgL>3</style> movement-series buffs active, all effects from those buffs are increased by <style=Hint_BgL><customRichText(calcData,buff, 2118104,param0,1,%d)>%</style>."
1953746278,4fbaa96ec9f3a36eef2ce2b2bff17e268f525610e75de61aaf77f55ddc1f99a6,Class {0}
1953748514,abab8dbe1bf4fd01da06cada43f41949594b30bd1428449e41a99ab273f3e193,"Tunneling underground is an effective way for them to protect themselves, but the tremors of the earth also become more unbearable down there."
1953761499,b9837f659465c80467f86b901e69e3fc09978422b06d58a05562ba4e1c3ece04,Yes! Ho-hoo! Fight back!
1991316343,b9837f659465c80467f86b901e69e3fc09978422b06d58a05562ba4e1c3ece04,Yes! Ho-hoo! Fight back!
1953766471,250cd3cdc3ac61c0e1072726a5f6442239ae572c433495b55b12c35b8da59790,"Deals true damage equal to <customRichText(calcData,buff, 2012000,param10,1,%d)>% ATK and freezes targets for 3s."
1953832707,4c42b98b57949882f2b8daf47bc1d9b4ddd3968e12d7faa13ecd7a403de60d81,"After placing a facility, don’t forget to set a formula so the facility can properly work."
1953845985,c8730472d88cdbbbfb4657f665f59ef8143bc9420be773f238d89fbc36c71643,A bookshelf for your Home.
1953872520,b863bd22dbf851550bc7b2f84beeb4e493fac7d96540d34ac6a5b617e2db0530,"Ah, did I make an unreasonable request... (Deprecated)"
1953918569,e56dc4edc75cd2fcf101036cce56cf0b14169c7eb2da74ea830011032c2b3611,Reduces Water resistance by 20%.
1953922984,524b357870c20b481bd36777f5b232639e849b4e1f9af8cd9b4242486d5e420f,Real training?
1953927188,c7cb977d3e00aaf9215b296e3be315ae598d9e88400237507dc92e79ccb6f921,"""From the moment we twined, we became each other’s greatest friend."" This is an eternal and binding oath."
2127370092,c7cb977d3e00aaf9215b296e3be315ae598d9e88400237507dc92e79ccb6f921,"""From the moment we twined, we became each other’s greatest friend."" This is an eternal and binding oath."
1953982752,0df957f0ac552d4d702718843396021d4873f13fa240508c0b67af0bb64c1550,"Assign Capability Points %s <sprite name=""ui_item_TalentPower_small""> as recommended?"
1953999843,ceeded3aaea1a766f1cce8a2ab8acaadf60f152f7d14f664b20ef4f5c6875dae,Bingo!
1954019150,821f5b95a57f1f02da98f7c4e724bc88a0b28161077296e85123b1416be81fbb,Dodge the holographic pillars and reach the high platform!
1954051884,6d52b78ce5d47105d38c7647d90cc1fa73c979c9954830ccf6af7a6e658bf3ee,These are the Truffles commonly found everywhere in the forest soil.
1954086333,eed8b18ff5fdc613a997d667768bd765a581fd3ec2bd5e9d27859ddc10e79305,"At the Holographic Discovery Booth, you meet Bohr, head of the Aniimology Department. He explains where the Prismana Aniimo on display came from and tells you that, although the original operation was halted by an accident, the Pathfinding Department will continue its search for Prismana."
1954086493,1a1a1ac739ef999fa2304bbd20b53c74971e413aa5ab4fc4081a4b4eafb1f084,Wait...
2009313329,1a1a1ac739ef999fa2304bbd20b53c74971e413aa5ab4fc4081a4b4eafb1f084,Wait...
1954232640,2cac47f70c67ad333a737d7ac692aed2d0abbaf1ea873584ee952acb04f5c82e,Silent Owlmark
1954252686,641154ed5f269d05107301f6d5d80127da15b4e1fde7a162d19fc0df180f37f6,Reset Training Ground
1954278939,8c40f41406b6d6d8acf16cbd3b957605684eadb0cffba4abbe2f0b303908f4e3,"Flames travel beside you, a mark of untamed spirit."
1954281283,b14ca87bfa0d383d10b06dc8eaf2d777407219f2842260c498e3f4ed2e98a67b,"A plant containing the essence of Lightning.
Can be exchanged with <link=""item_4040019""><style=Q_4><u>Element Gem</u></style></link> x<style=Hint_BgL>10</style>.
Placing it at the RV Park grants residents a park buff of +<style=Hint_BgL>2</style>% Lightning Attack and +<style=Hint_BgL>2</style>% Lightning Resistance."
1954296728,294a36cbe1e39abd72a486dfd55c39aabb9eff3b7c30c778451f206384408757,"Indeed... my blazing friend, bright as the sun."
1954303405,13bf5423422ad239262c15151dac0a946d809c1bf57f1394f6f67662fab97a40,Dash Spiral
1954305103,42602b3a77638541a5bde6d16e25e63d97d0b5584f69feb2fd6206178938fe02,"See those strange Bulblies? Quick, get the camera!"
1954364868,f76e3434835eacba0ca73013cf09f410b5059730d62d97d3cea74237ca1ece80,Hide from Others
1954380525,56122d1702f2aa3a49d2613aa7d814ae5fbb6ed43272c742fa7d9ba4a780e4a5,Draw one hundred times!
1954391674,9bfb227041277567ebd61ac6ce4a8653775f3e5b277cfdf527055b3561942b6b,Aniimo Research Progress
1954519838,0d09a8ad3101b3995bb38f3ff6cd614c7b9fa02b91cc20533658c6c76470f176,Twine and Transform!
1954534835,51128893bdd690b3d5e305a46d6ab1889c65707de39acbe2c5c2a680e65bd495,"Instructor Lita, my Stellarys learned an Incredible Skill!
With this Skill, I'll be able to make the top ten in the next Match, right?"
1954570249,e6478fe82ee6513b264a59a46c6e11cb76c1e7e9dbcb22277b3485dcc5349c26,View Omni-gloves
1954580614,514549ab4f7be391094d74666080e1161f3d19abe19d5a1ab8c7351ca02ae792,"Don’t be discouraged. When the day comes that you’re a Legendary Pathfinder, I’ll give you my absolute best discount—0.2% off!"
1954674940,9796a10bd0e14240389e7058fbf7f9c34f844710263a44a26bed0f785034f186,Family preset of {0}
1954708472,080276a2d4a973435343c920f6bef2974b9a8e1c8d419ed816acb14b1150a27a,"Look! This is a Lumin Crystal, commonly found all over the Idyll Continent.
The Equipped gear you use in Idyll is developed using the Lumin Energy contained within it."
1954731085,e2658c26fd1d994cd9c03a21f36eed944a773d8ff1bca6dfa086fbb606a88296,"Open the Interaction Panel and use an <link=""appearHelp_808""><color=#5090df><u>Interaction Emote</u></color></link>. Give the world a big hug!"
1954735791,2e4f82710bc78d0c8ad639c063bc824eab170f0a85787bfd3b5ef2a6a736eb3d,"The flower has split into three smaller flowers.
<style=Hint_BgD>Touch them and see what happens...</style>"
1954761363,e1740145916f3ce5476075f70259290bd7d02e670b1947803750d666c647f0be,Damage reduction
1954764571,3ee3071204fb0846fb29bfdfb7c3983c17bdd6c2627b83461263f0d36aa5b23e,"I wonder what's in those ruins, if they actually exist..."
1954779576,467e050f31eaca66efcd0f41970c4472f20201a74d683292aacafd05496cc63e,Wah-woo*&^*! **#@...
1954805453,24b53c243a13e9a99126d5a7d53d9753804627a179695b280b65aeecafbd9ce7,Press #kRaw/GamepadButtonSouth#z to open [<style=Hint_BgL>RV Upgrade</style>].
1954894426,3aa25434f920b0a419d35ff42d5a51e5360eacd0ff3a99128a0740aa46018e57,Are you getting sleepy?
1954899851,5403ee646a663c3e4a286965eece2d9927561ec9cb875b6ba249d8010537d3fd,Defeat {0}/5 Aniimo while Dazmand is deployed.
1954941391,df6a9d860ba92128ee828248119f7b0b9f2888b9d21a163c7123d0bce62f7f90,I still do...
2015106584,df6a9d860ba92128ee828248119f7b0b9f2888b9d21a163c7123d0bce62f7f90,I still do...
1954959457,9f10654f6d0ab42a1c13b546983f2dd809823b98a80e07d373cb86ad56bf7134,Face Creation Station
1954968080,ac5c78b6ab960da70f340d28a2266daf2b5c3bc4fa55481103d537b41404e541,"That might work... Could you try...?
Even knocking me out would be fine... as long as I can sleep..."
1954974011,850dc290700029a14636adc9ce4037ec4416c9672e0fe3078b5118ddab1e28f4,And the place where Irelia is resting seems odd too...
1955066506,7045e47b93b36187b3612812f47864e12880b9c99950d68cd14d6eb104cde2f1,I don’t know the exact cause. That sort of thing concerns humans more than me.
1955086601,bc8391cddc4e3df6f21eb14684d5d6e891c1970f360b7afdee130e80bf193c13,"If you need help, feel free to contact me anytime."
1955142123,816f35635ba3f3ba9001975333316be30250a79d43679e8f3859648690140757,Ten minutes later...
1955195189,387e241e114d7baa4081948a154faef0fadae455a56e41b8db1dc6847e81c759,No Aniipods equipped. Cannot throw one.
1955219819,d799965a9e7310198dda516a6000eb668c27b37b62a73869d994c094ead2d3e1,"Use the <link=""appearHelp_101""><color=#5090df><u>Camera</u></color></link> to capture special moments anytime, anywhere."
2037036435,d799965a9e7310198dda516a6000eb668c27b37b62a73869d994c094ead2d3e1,"Use the <link=""appearHelp_101""><color=#5090df><u>Camera</u></color></link> to capture special moments anytime, anywhere."
2073550740,d799965a9e7310198dda516a6000eb668c27b37b62a73869d994c094ead2d3e1,"Use the <link=""appearHelp_101""><color=#5090df><u>Camera</u></color></link> to capture special moments anytime, anywhere."
1955230966,0b97ed54ab759ea83d6f5be75d26e2a7aa43d341b337c3b422fa412690a2d8a8,"Oh, the ocean! Even the breeze smells of waves."
2025355020,0b97ed54ab759ea83d6f5be75d26e2a7aa43d341b337c3b422fa412690a2d8a8,"Oh, the ocean! Even the breeze smells of waves."
1955232864,94ded5ae7602cb3f128a979c76247f43bfa667834aca96d0bbd7514c25875cd3,Spring Stroll Susuta - Right
2078267864,94ded5ae7602cb3f128a979c76247f43bfa667834aca96d0bbd7514c25875cd3,Spring Stroll Susuta - Right
1955309467,a39bb6af260b5a580185d39d17fd68fed38d9663a7b0e640850faed65345c617,"Jilly really is a remarkable opponent.
To earn her badge, you’ll probably need more than Held Items. You’ll need skill too."
1955313399,876c79ca6055c56a9784283872e5e4e7c20b33bf2f905801085bbb8f9fe47be9,<color=#5090df>%s</color> was put to sleep by repeating the same movement too many times.
1955317001,b89860a3bd30f573e57bb671086240ffac9969cb5695db86bcfba6dcf48e26c6,Cool Summer - Duckie Swim Ring
2096337837,b89860a3bd30f573e57bb671086240ffac9969cb5695db86bcfba6dcf48e26c6,Cool Summer - Duckie Swim Ring
1955318269,1ad5d693e1e9ab27763d76a07e97bab7f4f94f3d5fda592437432051bf3816f4,"...You can’t fool me.
Truffles, salt... and a burning rock..."
1955326666,113740832ce31ad7e13bfbc8ae3941b9b79baf347eef1c100c8efdc72a724f4f,"When the gods still watched over the mortal world from the clouds, an ancient prophecy spread across the land—"
1955328156,2b5f89ca6710d4e0b5f29b1980a57ac14963f6f4da275b463df92a22098841ec,Someone as perfect as me never makes mistakes. Be sure to thank them.
1955368434,81d84d24292e5bd00a4161ec1b013f1d26f72d7adb8ca8d12d5d1a51be433832,Dark Tide
1971709009,81d84d24292e5bd00a4161ec1b013f1d26f72d7adb8ca8d12d5d1a51be433832,Dark Tide
1955379315,86ac1b094cc74f83bc1050981a8dcfe253dd9c66290e8d5d888a9813a46bf69e,Extra Sticky
1955382440,a041c6d5e0b71a4f44ad627b7a9a708cd2b2d6184874162ef5bc29dc1e84fd04,Fast-Growing Sugarcane
1955415019,ab971a3b69cff1d746ad062e2222a335e41f2c58856efe5bd003002474fb09e7,Budsquire Tea Party
1955427110,2d17eccd11d793ac5982f7809ec37d5063d9b3dd9873e7934d42a7a85b555dd8,Search Park
1955439584,b335a3021266b6d2874dfbe878a9400900efa0ec496aa11aee3ee73e86cd9d89,"Right, Astra has quite a few <style=Hint_BgD>holidays</style>."
1955461528,c99f74749b0f5292e517023c551f44b21d086010e43ff15e577f4d627e71d744,A photo of a mischievous Hummin wearing a sly little grin. Someone is clearly about to have a very bad day!
2110818945,c99f74749b0f5292e517023c551f44b21d086010e43ff15e577f4d627e71d744,A photo of a mischievous Hummin wearing a sly little grin. Someone is clearly about to have a very bad day!
1955500627,1c3e737db182dcd7b29b0a0d4dfead886604633cef2b4cdac268aebcd81adac0,Such beautiful colors...
1955509752,78bf76c9c992c5d3de8caa91990e01d8f1ea2445c36aead57f99f3a156d4fb69,"After <style=Hint_BgL>Switching</style> targets, <style=Hint_BgL>press</style> <style=Hint_BgL>#kHud/NormalAttack#z</style> again to issue a command. The deployed Aniimo will then fight automatically according to the Pathfinder’s <style=Hint_BgL>new</style> <style=Hint_BgL>command direction</style>."
1955537427,24a6e82da3d0a43bb3ec2965a134c3fb1ea02c4810d6eb41a066ac6cfb04f63e,Observe and photograph: Dizzy Budclaw
1955556506,11da3b4e367734db5c4a5d9ed59e4207dee6e32890ce9ad2e69df405fa67868f,But there’s just a herd of calm Nimbis here and not one Emberpup. Weird...
1955611115,2f94a4b8877da73851cbc0869a60a94872ab2847cd54b4215d1a654c1d811168,"Alpha Magmarex will <style=Hint_BgL>build up heat</style>. At enough stacks of heat, it enters <style=Hint_BgL>Overheated state</style>. Triggering BREAK can <style=Hint_BgL>remove</style> its Overheated state."
1955621065,b74cc45f14bdbba101453b78353c4afc229947b876bca9e62e6564af1227a264,"Your account has been reported by other Pathfinders for a violation involving your in-game avatar, and we have verified that a violation exists.
Action taken: Your avatar will be reset to the system default. Please upload a new one if you wish to change it.
If you disagree, you can file an appeal by contacting customer service in-game.
Maintaining a healthy gaming environment requires the participation of all Pathfinders. Please observe the rules."
1955659428,33529f34d21cfa7e2fcb8e0022dfc8dbf881d8e6e77902cf349f1d7844c203b4,Current Status: <color=#FFE451>Beginner Protection</color>. Remaining matches: ({0}/{1})
1955703053,3ab1a16c1734e79366a5ad7a1932f97edf25b1fe2f4094ad6051cc88e6e05af2,Catch me if you can! Get up here and maybe I’ll go home!
1955704156,aac03c0f4b3de535a5e58267cc706be05a32805e18ab7f7b939e47e87c094e0f,A faint silver glow with a gentle chill.
1955727686,5cd3c5acd925a0f712093a282030a72dd2afb721ccba8590d11e95349c6fe35e,"Restores <customRichText(calcData,buff, 270010024,param1,1,%d)>% of max HP every <customRichText(calcData,buff,270010024,param0,1)>s."
1955762047,8da822b783e32b4864d2a2983c91db55495c6aba1c36b4f9225c2ac5fe8f507f,"Wawu! We’ll dig up a new shell!
Mating season’s still long! There’ll be more shells!"
1955788122,ba343e398bdd9e73f65c87703845d1eb6cda7c476a41b23588fcf5e4197a5303,You are near the target location.
1955847506,1b20521fad409f231eeb4b67a19db7187a227b78e962412ef7e295b681e52752,Place 9 woodlands in your Home.
1955853503,9159cacc079337d380c0fb651cff0595a83627bc76963c6e12ceb38c2a81b793,Purchased Companion Handbook target level
1955976971,48da067fe8c9c602871e1a9bd901b54ae19ec7bc0c97ab9c49b908f1fb244141,"Of course you can. Every Budsquire is welcome, unless..."
1956000837,05b24e01b2bef6873d80323558abdc676820c520dd0580340d9c84d72bb40840,Cannot reach the target location.
1956041918,dd1046e1051d3be4ba22f726ddbd776ba7879b61e0f1451e19a7ea6f895c6620,"I'm the head of Aniimology Department.
I've been following your case—and that incredible Aniimo you brought back!"
1956064310,f93dd5d3216041d73bee3be12a3bcd148399255b34097ba44ea10665987ddde9,"...
So, make it fast."
1956089481,e71980b4e417cf8b837be969550679186f8b515b134e6cb7e98dc3ee03b2ec2a,It seems Aniimo has insomnia too.
1956094082,cf10b6beefd2a411263041fdd683b52d030d828fa0ba572d3937731b1cc0e92f,Pass through the tornado and enter the stormy altar.
1956125023,23a8689a749c9aaa4604e2ecaea73f8bd60e2ad4166fd7a35d7c3244cff3640d,Tell him about the Bittersweet Bloom.
1956140523,0d1331a70a0b313be80564497868b7ed27002837e88a78a4367882735fcf1a32,Primegy Management Pro
1956181161,b38dc94cdbed0d457034773a08b52e0dca1b9d58a4d3a55f76aed34c1e3e0178,"The two Cornets fly off toward Crescendo Cliff, looking just a little flustered."
1956205013,fadc99eb43f5a36e64476d8fcc7ee956561dc7d4efdc7bf8a0b499f8d2e56ce7,"Yes, but probably not around here.
Somewhere much, much farther away."
1956223428,18c47e4622587326ef4e92f6da507fa0b1a339092493ee4e6c6dd0f43bd21362,Distance to Sandbox Center
1956243047,464880e02e379feed897eb80352ffc986d6e3096c964482371a437c51343c542,"2,500 Training Coins, includes 1 Core Gizmo"
1956257192,0e503f5096f4b51c85d00bc15e7661e7b02840bdb96e46a48357cc2ef6a3d091,Thanks. I’m a little more awake now...
1956273655,1b2b11569cbe1947952ec679fe5b30969d792f8153c16d59d5e9f66d56d1faaf,"Coconut milk’s refreshing note softens cocoa’s mild bitterness, every sip smooth and creamy."
1956359359,2e2e999c1e557d2dc8e4c908aa43c5e4ce3b3757d11bec5f69c573d7b86f8702,"But the next day, <style=Hint_BgD>both Starry and that large starine were gone</style>. Maybe the pink-and-blue starine tasted so bad that he left home."
1956370842,3d54861a1e0dfc8c87851a4420db35d82232349d8c85f7208060e0c80950a2e2,Woosh—woosh woosh
1956399623,636c960a71f45761ff456dead056226ae2c83792b8ade8a436ad390f78ab5145,Alpha Nimbi Battle Injury
1956403139,e59b8d8315a4c0224d825a4909fbd86749dc23073638da78cb7cfd8b6d650d87,"Heh heh, see that? That's a <style=Hint_BgD>Turbo</style>!
It's the biggest, whitest, fluffiest member of the Nimbi family!"
1956403810,1f140d37e0c41858386512fae7b5c152607979603fc8f74f3c39f09a490104af,Nurture at a Bloom to attract Wind-type Aniimo.
1956414986,57ccd7a4acdfc2983e90d895485be6ec6a2de5727996da82abf48d3edac62252,"After charging, unleash a powerful blast forward, dealing damage. Upon reaching the maximum Charge stage, consume all remaining Energy and dash up to <style=Hint_BgL>6</style> meters to the Lock On target to strike, dealing an additional <style=Hint_BgL><customRichText(calcData,ability,10530532,param3,1,%d)>%</style> damage for every extra <style=Hint_BgL>10</style> Energy consumed."
1956425771,e673f30319af5cb14195393ace6a54d1037a86f2a1402ebe8837ae010e6a41a0,"My grandpa, my dad, and me are the best diggers around!"
1956464195,8353d12ce31389d2f4f68b8c577d8d887717f59824ecd8e8080a4b1f89523385,"Thus, the Thornblades joined forces and defeated the evil grumpy monsters..."
1956465540,aac9035cc18867a53d4dd3c31adc2cc352bf162e42bab69607620470acd4f984,Obtained via Companion Handbook
2122165594,aac9035cc18867a53d4dd3c31adc2cc352bf162e42bab69607620470acd4f984,Obtained via Companion Handbook
1956469194,4fec64b20d6f9d28ec8e7c2c3aa1e6cba04ce1e447e58148f05560be61fee6ee,Abnormal signal... Abnormal—
1956592176,5da52db469b72de7ca11d7aa0710abe472642602c41f35c6d052ad1cbd35cb35,"But after hearing your tale of the Russet Highlands... oh, I’m certain this time I’ll succeed!"
363582978,c1de0d5f01a06451c6f9d307dd5cf11f282b6f40f60573f782276dda681d756c,Reach Affinity level 2 with 1 friend.
1956666585,c1de0d5f01a06451c6f9d307dd5cf11f282b6f40f60573f782276dda681d756c,Reach Affinity level 2 with 1 friend.
1956678430,b38ac0c77ef673833278c686d14f7d19a204725e73fed021bac6c19b708d02a5,Top-Up Amount
1956679996,9bc6b95ac352d504d27fc1fc518e6fa80f72ed69be4683ec0d0fd2b7135e3a24,Helmut and Dragon Final Showdown 
1956708187,95dd31481597e8dd7cce3ab641a390d41d4f8a4d1f047fe547ee75205f0a1c69,Aniimo EXP gained from catching and defeating targets or using EXP items increases by <color=#d89c28>20%</color>.
1956714633,3309878c63a506230645afec30cf7ecea491ff2266154231dd751c12b7890676,Not heading back?
1956777844,75a920377b6ed09c5b4c4b8070fc900f04d26a954da58a8d32ed8a31b12e2e80,Monthly Pass Benefits
1956814481,da532da0072a0daea387c88b4212c4b10d557b3169e6458bea8ba0a004be9316,Gameplay Guide: Helgon
1956870871,6381d97ced7ec44c5c5115a66c08f3409e770d14eb4d04c0753d94cd71295998,"This bronze figure is <style=Hint_BgD>Aeolus</style>, the Aeon who rules the Zephyr Coast."
1956877105,5185c86f8750575edfb9b5a530315a800eb68dfe8e82c1b7048cfe68889cf8f3,"Plays music and gains the movement-series buff <style=Hint_BgL>[Waltz]</style>, increasing Crit Damage by <style=Hint_BgL><customRichText(calcData,buff,2118402,param0,1,%d)></style> for <style=Hint_BgL><customRichText(buffConfigData,2118402,duration)></style>s. Also gains <style=Hint_BgL><link=""source_8044""><u>[March]</u></link></style>. With <style=Hint_BgL>3</style> movement-series buffs active, all effects from those buffs are increased by <style=Hint_BgL><customRichText(calcData,buff, 2118104,param0,1,%d)>%</style>."
1956893568,30f20420d0354a557737b07534c05bd3ce5f0d935a1eadbf85dc39d68876c811,HP Lock
1956936541,7ded7f62406889b2dd948cab23c232eecaccad49ec320c817c496b630f16df5a,CP First
1957057371,65c289b8ba8fbeadeb1ce8dae11834339fd96a87fab9c34ea25d7b54927ebfc6,"Irelia’s gift is collecting colors and weaving them into something vivid, singular, unmatched..."
1957113642,91888c89a68290e68d2d1e7286684772bf5f381cbe74c2fb7b3012e74dd678fa,Zephyr Coast?
1957142908,0528dd6d3215b76185df2c724c4457e1dce56c0e8b4555b4137a0ccb07ebad63,NpcDuel - Clear Data - DuelId
1957150055,35a194cd07b1326633e47a1429a6be699885228bd14b92674938ae46a6ce8a40,"I hear the view at the <style=Hint_BgD>Sea of Flowers</style> is second to none!
And there are plenty of special Aniimo there too!"
1957172179,1da0287c7894707a63426b4f318d92c6b9264f2c4b52035cbd039e118a84f44b,Aerial Spin
2029165019,1da0287c7894707a63426b4f318d92c6b9264f2c4b52035cbd039e118a84f44b,Aerial Spin
1957219058,6f1b5aeabf419ab283da17feb1ae8e974271c6cded992cf02b6d015e413bc700,"Well, Helmut won’t hide here forever; Helmut came here to teach those stupid Whelpies a lesson!"
1957256385,edb717c2f8fce1926d8dd8312c15fced62a8510102db6f81ddaa60d5ea0ed4af,Ah... forget I said anything!
1957259115,8d76c303bddb6f7cc41e5a3b25883e6a5e33ec8e37466a54b96b15ca2ac07500,"For every additional %s badges earned, you’ll receive a reward"
1957274469,d26daf682d011d7fdf86c6c48cfec068c74f4f5a31036fcd6151a28399f29b06,"You’re #playerName#, right? I saw you on the news!
Wait—your badge... d-d-don’t tell me that’s—?!"
1957284553,b93f20f12e03a24dfea6bddb0e8f8870369fd4808a0a452f5f0a0284f4bfe3d4,Why not see the landscapes of Idyll with your own eyes?
1957289488,3ee0e5a17c8ef6f4beb2c324000b62e233741df06a8a4b0252bc2715a231d09b,Thorns and Roses
1957310190,e01757a80446a76d56c37f69f27de2f395e9379a479100b316246c925fc41376,Tear up the arena and feel the rush of competition.
1957332982,f81f4c42b4361853992f3993536194d5734b4b5723c07b08e160da43f8969de5,"After drinking, damage dealt by all Aniimo in the party +5% for 10m."
1957355255,bd50cc42597cc3597e577d703ac4bab6abaf885488c95f21317dbc35522aee34,Bamboo Wall Tile
2057206342,bd50cc42597cc3597e577d703ac4bab6abaf885488c95f21317dbc35522aee34,Bamboo Wall Tile
1957361762,b7e052b08e1c8fb1eacd7de646c42a790cfb7150660f474fa364853c58b81426,Unlocked by completing Story 1-1
2016095105,b7e052b08e1c8fb1eacd7de646c42a790cfb7150660f474fa364853c58b81426,Unlocked by completing Story 1-1
2113140081,b7e052b08e1c8fb1eacd7de646c42a790cfb7150660f474fa364853c58b81426,Unlocked by completing Story 1-1
1957391710,7f1ec8818d790bf45bbbdd212622461c64df87d40b6b171508098e8e6d89f18d,"Normally, they live near starine trees and feed on starines. They love the smell of starines, sleep a lot, eat a lot, and aren’t very smart. However, despite all of this, they evolve into mysterious and wise Stellaryses."
1957394279,956b101bafb223a3251e93e3c585eef09581831c9648312299e1194f79822887,Quick Twine
1957413745,691f849af276c55134dd7b4a5b86799df96deb9bab314e35336d8f020e842dc8,"When basic attacks hit a target, increases the next skill’s damage by <customRichText(calcData,buff,910120701,param0,1,%d)>%. Stacks up to 5 times."
1957433243,c4e1b49a9fd9457d731f171816430389d8daf722056b0f76b57b34af18026457,"I really was ready to give up, but you reminded me... Before I leave—whether it’s to apologize or to thank her—"
1957444819,7113d40a1598be031f3c02c7cff1ffb8e79657dbbdfcb8903315bd00b4a2e61c,[Energy] Blessing of Protection
1957465415,7b9b224fafe69df02a54069058e6382e98428dc5d7399bb7746a9d1b4c4f3d80,Little Grumpbear! So fierce!
1957503344,1f346d01f3f6d2dbb68e92dde7bc50935efb22e8bf2b21a8191d1fe74a589abf,Lotus Root
1957507864,05d604600348f2aa200e3f72ecc3bc8953751cfda66a9f4387136a945f011a4e,"Switch to Shelly, wet the wooden crate, and power the circuit"
1957533205,e55f34dedaef562d101f0c4534497517971da060f3fb0785e7c645e05477d964,This spot was made for sleeping.
1957536121,a3b18038c9f3f5d8295b34becf8b1fdca8d84152f8557ed7a1019876350f5265,Makeup Preset Unlocked
1957569020,09ca1e519e325e88d7a6e4d010381d04dfab49fdda1564c351e827b26f3ca237,Don’t care what you did...
1957587382,0994e7b02146ef566bc8e3dc181bbe85cb2bd2dac026a4be76a54df72c0eb725,Holo-Battle Sim Quick Training Reward
1957595132,1771a7cbb400962312f480b6989c2a16bd76eea53d7de5cb15192a92ad84deee,Reduces damage taken by 25%. Expires after moving.
1957599451,bf5414f3fc3bdf432c0850cd06bd1ed22864f1b08d7a72e272f96980952ed3ad,"Thank you for your gift—this fiery aroma... Wait, these are flareburst flowers?"
1957604527,4859786529314627823a5c6314d118287f7a51b1ba7e4a4a88f603ee10a71aa2,"It is a ghost. A ghost legend, to be precise."
1957651473,02eca40fc925747a4f8087301821ec5c49d114a2dbcba78964218ffe6078f392,"Summons <style=Hint_BgL>2</style> clones to attack the selected location. Summons 1 extra clone while in the <style=Hint_BgL><link=""source_8046""><u>[Full Energy]</u></link></style> state."
1957685431,4671bb8d4572feb941df82de8512ffaed12e251f025b0051fff2df6fb763228a,Danger warning! Evade immediately!
1957689640,5d500bb329630b4f038226179c3759953ef3d5edc92b02be26f525d4d1f35606,Bally
1957695398,3e1672eb19477247539cdc41f2076b9ae0ca04b7388e00d509633c9763a9a595,I keep picturing that speed... that perfect run. Feels like chasing it is the only thing that makes sense.
1957703433,6430f6b406cb3099cfa304b9f477289283b67c6957d21ec40de736323fa1db9b,Resources Not Downloaded
1957706418,4a8a604db88a52e5a6f8697ac3f112f309d5997471ef606a4662a37de272a683,Bottoms
1957774261,369cb179bc2199b1c1a137a494a0582ff9f102e2e5b2553c60389648b7d97b6e,Tracking Complete
362955610,671417280b892cc28e99a337a9a6d72d006badfad596189551f9cd8bde95a50d,RV Park: Sea of Flowers
368332434,671417280b892cc28e99a337a9a6d72d006badfad596189551f9cd8bde95a50d,RV Park: Sea of Flowers
402832534,671417280b892cc28e99a337a9a6d72d006badfad596189551f9cd8bde95a50d,RV Park: Sea of Flowers
431069221,671417280b892cc28e99a337a9a6d72d006badfad596189551f9cd8bde95a50d,RV Park: Sea of Flowers
459714195,671417280b892cc28e99a337a9a6d72d006badfad596189551f9cd8bde95a50d,RV Park: Sea of Flowers
1957776955,671417280b892cc28e99a337a9a6d72d006badfad596189551f9cd8bde95a50d,RV Park: Sea of Flowers
1957811799,aecb4fc67648df665e9d758e5d558a743c7883ad61eaef1dc711cedaa69727a8,Log unlocked
1957823230,bf6748b3c2ab82cabbc5cead04111c64773da6589f3e1745683af04088192453,"Step one, sandstorm—step two, what was it again... just hit things and it’ll all work out!"
1957826958,ebed32c0de604b9710c69c0fc8b087c3e79c0c6c9e8e3f4979bec7f0a10d140b,Yeah... it feels like journeys...
1957857376,551cbf3d4087105c7d9c2e323be914020f15c75066f608a4625b72aa58a6e736,Don’t get the wrong idea. It was nothing.
1957896465,dee7adb85c7ed1b222c6379484656ba384410eb538562a8e2d1901840edbe49e,"After overcoming the Sanctum’s challenges, you feel the Vein energy returning and understand why generations of Emberpups have guarded this place. The trial reveals how Emberpups can grow, and you notice the one beside you beginning to undergo a new transformation."
1957896620,b7f98c97a8d69b48a4fe2cc639146f5d2bd94abfcd2e7367f100b01705e86410,"During the <style=Hint_BgL>calming phase</style>, you can use Aniipods (except Sparkling Cubes and Tumblers) to calm Legendary Aniimo and increase Calming Progress.
Press the <style=Hint_BgL>Rules</style> button in the upper-right corner of the screen to view the full rules. Each Aniipod restores Calming Progress as follows:

<sprite name=""ui_item_110003_small""><style=Q_5>Aniipod Ultra</style>: Restores 20 Calm points;
<sprite name=""ui_item_110007_small""><style=Q_4>Aniipod Mega</style>: Restores 1 Calm point;
<sprite name=""ui_item_110005_small""><style=Q_4>Aniipod Trace</style>: Restores 1 Calm point;
<sprite name=""ui_item_110004_small""><style=Q_4>Aniipod Hyper</style>: Restores 1 Calm point;
<sprite name=""ui_item_110002_small""><style=Q_4>Aniipod Pro</style>: Restores 0.75 Calm points;
<sprite name=""ui_item_110001_small""><style=Q_3>Aniipod</style>: Restores 0.5 Calm points."
1957939843,bdb236cfaffcbe91f7a9bcca69cf4a12e3ee47c4ae87a014ae5a869095cd6712,Too childish!
1957973333,00d2a6a9272d73bb6216576ad19dcb490d9147bb255dcb7d3e87bad4ccb7bc6a,Username cannot exceed 13 characters
1986666510,00d2a6a9272d73bb6216576ad19dcb490d9147bb255dcb7d3e87bad4ccb7bc6a,Username cannot exceed 13 characters
1957982807,b702e9d606dcd18e7fb6bb1d87f872966a5459584d6541baaed4b490d51a507f,"I’m Lita, the Polaris Institute’s Battle Art Instructor!
Training students and Aniimo to fight as one—that’s my mission!"
1958012652,ffe5899a42565ec5e6459a14e727f4424e9baf90d3c9909b54b9d367675a7c80,Add while Nurturing the Branch to increase the <style=Hint_BgL>chance of Sparkling Aniimo</style> appearing.
1958025857,cae3fb2f2c09735dd787c71fa4e757b1ff54692d9bc1b5863be0928479f278a0,The Fentufts are having so much fun... I bet they’ve already forgotten about me...
1958152107,6ab7fd065ff5e96b747c0cd89f9cbd2fb63e1483454b00466d1c35086a717cc8,Boss Name Planning (Placeholder) Configuration
1958179509,010252e590fe45340734817510f4f81329ca69dd93eca413a12dd601be893ee3,Emotional Energy generated by completing Fire Companion Quests can be accumulated as Sparks and exchanged for event rewards.
1958198977,4de11fb8efd1133f440ec3bcdf1c6ed0acf45c12d608473f1de1c0a0517892cb,Apple Tree Timber
1958199005,c2904755ae7351f1a385725d12d9762e337ba3a43d21504e43313d6d91b255e3,The small battery capacity is sufficient only for essential RV electricity needs.
1958236491,05bffde151ad42e1270f8e68db85acc1458a67db27c5336bf3992e332986c10d,Come find me at the cafe when you’ve got time!
1958265850,330a58f96e7c187793f5575dd3df6e25857f041157d40bda69f10e70a512e49b,...And this is what you call the Bloom Festival.
1958295369,ba88a71b3cc57f6f86310ea0ce187182dea094eb2d8c1e51ee41f3676e54763f,Tucking BOSS_Official Vine_06
1958321917,519115f22dc0c0afc4a9f6995ac05a168855a880389cce99e04a9e2f6ee87824,Those big ears catch every sound nearby. Even footsteps from behind can give you away.
288312926,9d992f3b831d431714ceb56df6678d24b534b264333be7e7a8ed0d009cf4d444,Complete 1 Aniimo trip at the Park.
1958344134,9d992f3b831d431714ceb56df6678d24b534b264333be7e7a8ed0d009cf4d444,Complete 1 Aniimo trip at the Park.
1958375541,f224380498b982c27b712b11d15a6711d8273942556d77a1d27cf4a95456c75d,"Items treasured by powerful Aniimo carry that Aniimo’s power within them. When carried by another Aniimo, they trigger a resonance of energy."
1958473624,a3f2c26fef57aeb55034ae115963b6a3f84ce3346f68e774be2ab7e1c825b30b,Quick Formula: Pearl
1958494315,bf5762130f9204ec7607808bb7ff2eba21683bc257cff624c1937f7dafb5fe94,"Big chest, here I come!"
1958525002,c1380d0efe8aaa0789b1bf4dbabd3c7a3afe3a9ea21535b2f135f92fdfcc00fe,Unlocks at Ecological Module Level 6
1958540957,2c70eb87cef1d84007ac8f5c98b945cbbed4ee019a1cc4932e6eb07861839c8d,I felt your enthusiasm. I had so much fun practicing today.
1958601290,80b12f86ff882910f60a1f1969903510b636e3bccc0c9e790419def6bdc031d5,Level 4 RV Welcome Pack
1958613711,402b3d52f2b518033afcb036fa2e95b43f4a050a150dc7786cafd67c042b8154,Atmosphere
1958636066,7fa6186a785f602beaee76485081e03f7834812248c2a030fe308da70400ca72,Still need time? No problem. We’ll begin once you’re set.
1958663990,185f8f6124af786cb28c26f007a3ed376d0caaf4ba684369f913aadb3f8e1525,Enter My Home
1958684725,738e26032539b0ba8383c3857e95056773b6b96e89dcd0fa8558f6764bd172fc,Grants an additional 30% Crit Rate at max stacks.
1958700897,ccc53ed17a9a2defbd73062cdf3335dcc06d262dc42e0bab559e6c22ae6042ab,Face Tattoo 20
1958703908,c3153b8d2ee857442fb866037c3e95b65b8bc97316020eba252197236b59d530,This Home is currently closed to visitors.
1958708694,872615260eb2b1e2c83ac1f7e5f248fb3960f20a20348bb710ff487749e9109d,"She’s my idol! The Administration Director—kind, strong, and always looking out for everyone. Wait... She’s not just my idol—she’s everyone’s idol!"
1958713801,4e1c7a997b380c4a8d6c726959ffe37c12b47322d80d545ad6375fe5b210c318,"If she ever actually wakes up, that is."
1958719574,424824e43b0b30ce449f527f3dcae1d4930a5edc8910ccff119e50bdaa23ac62,"I was just playing with an Emberpup. If I get close, will I scare them all away?"
1958724500,329c55953ba85eeaf2cf8b8f38693d471c72eac319b8ecfd99ef92d2eec0bc2f,A great performance takes relentless refinement. I’ll keep rehearsing. I’ll save you a ticket for next time!
1958751505,1cb5bfce39d2146a1e8fcd5111d7ed0cbb24b37ad1284f40da5bfdaf7a981264,Test Data 2
1958772176,3538b894d01af27c3470b2edbd0a58977b187c815a436b376b7c5f4a4a69e736,Carried Item Level Up
1958782969,7e7d6aaaee58ef0b3bdd57782f7ae4045fabaa351ea0bc657a9dbfb3057b24c9,New Skill Set added
1958789569,62e2dd177b512ca624bac7d5ac6d7b9ed798562909518f8c89e4fac66f9ffa84,Egg begins to Teleport
1958816830,7fabee63f2bb89ecd51d88d09abeb65853f8ae952a6f30434aa5165e542affb4,You want the chest next to me?
1958827979,118fd0ef3d2367a453ba2112c9bb12c6cbfd199fc2d4769bec922704cfb1caca,Switch world channels here
2074950361,118fd0ef3d2367a453ba2112c9bb12c6cbfd199fc2d4769bec922704cfb1caca,Switch world channels here
1958842380,023ff9d82dcef7ce52d45dcd423caa26bd6571290a9103a7b60191f546a7d76f,"Well, you’re not exactly the sharpest tool in the shed... but thanks for the show! Hehe, the chest is yours."
1958907135,88e7b970b3801ca91d8b4020db24dbc2e564a0ac67f809a586b9131629cdca79,A sparkling Aniimo! I knew I made the right investment!
1958935969,61fea4a3e2d370f9870f27942ec507b66c56456c04a063b8c10e17d3d5ec082d,"It starts as just a faint fragrance drifting into your nostrils, and in an instant, it's as if you're submerged in an ocean of flowers."
1958943547,1812e8d31d29ad71f0d744121ba70888e80a05f6dba59500e235287566b1f265,Aeolus... is that you?
1958947298,2f158bec7652db0ff625cb5fb4dc0507e73b6c4ad64f760308e95122d1a22bf8,Astra Gacha Store Owner’s Aniimo 4
1958975818,8de1586c6108b26a44a71187cafb782425a0a98b864a42f532d613582a54193b,Activate Branch Node
1958994761,3279da86b2a08d3e44fc4e08312e5e6c11ec84b99277c63c116e743d5403c464,Add Conversation
1959002631,6a9f9fe68825aa52d38d15f56f1f246375270d08411ede05d984f94ce296b110,N-No... I’m good...
1959017806,721dd3e493f0ad1864fade154695a8c6d0fd1d4b5e9b35374e14c5229e1dec7c,"Some amber looks just like ordinary amber, but is actually very <style=Hint_BgL>unstable</style>..."
1959031943,aed433facef734ffc8bd004b8d98997a05f2bac53c7c33211151bb7799d7b463,This Held Item is equipped on another Aniimo. Replace it?
1959039127,b9776403c5ef08e779b77e09639d8cef15e0665bef59058fdf0e5f0b2d2d1096,Helpful Training Coach
1959042641,875de3fee4b86f19c3e1dddb2b6b0600a9cf0cbbdc5dff6ee7659085f047ff70,"Astra hangs high above Idyll, glowing softly in the sky.
Before first contact, Idyllians never knew the ""star beside the moon"" was a city. To them, it was simply the <style=Hint_BgD>second moon</style>."
1959052469,c7b3db12a44dca65e7104e3a1dd9c87dd0e632c4f96878b711f4955fc3818bcb,Echoback Landing Park Manager
1959078262,fc2e8c687f0fe2611e87f56383b0a355bd4f9308d9ad1eb7c71d508717ce4ffe,Moon-Washed
1959094457,7ba0f9c7b9e24229761e6becf4b47b5517336f65c8d35d224ba25f084ff5e999,They are obsolete files I cleared from memory but have not yet fully deleted.
1959102838,b281ec32b1b85c6769a5731bb3364f4344d406a23aa6a5c672ee0089357b7767,"Map-wide deep clean—not a blade of grass left! Wait, no—not a speck of dust!"
1959115350,45c9b43fd65bfaaa68fc7d7eab78421bb39db5fca872d2dccbe79a9c61037e9e,"How to Increase Affinity (Daily Limit: 100 points)
Home Visit: 20 points (Daily Limit: {1}/20)
Friend Chat: 10 points (Daily Limit: {2}/20)
Use Emotes: 20 points (Daily Limit: {3}/20)
Defeat an Alpha or Omega as a Team: 20 points (Daily Limit: {4}/60)
Complete Multiplayer Modes as a Team: 40 points (Daily Limit: {5}/40)
Send a <style=Hint_BgD><link=""item_7000"">Gift of Encounter</link></style>: 10 points
Send a <style=Hint_BgD><link=""item_7001"">Gift of Affection</link></style>: 30 points
Send a <style=Hint_BgD><link=""item_7002"">Gift of Celebration</link></style>: 99 points"
1959123139,bfd4fbee56a86b980167a26077e6f7fa442bdc90c651de797f33b886febe9200,Simplified Chinese Name Ning
1959212645,72e0bf45e36ea9a7fa654d030e26ecb81b08b9cbac4a37101910ac1bb49338d6,"But if no new Aniimo appears by tomorrow, I’ll have to head back to the Academy to deliver my data. 
Don’t leave me hanging—I need something to show my professor!"
1959227681,36356990a515639027212c047ea84a8379ebfbd6dc0b1bf724a5cdb2be0c1d38,Nimbis with no one to snuggle must be so sad!
1959257047,16e6d25ec27098a75c142359f5b7f6a671e5af9fe4d63ceeb014bd852595a5fd,That makes sense... There are many ways to express longing. Maybe I’ve been too rigid by only telling stories.
1959275307,fe0604347df1a161e80d7022fede94098e18f967dd8f0c5e95845023bb1c8a41,Whelpy wants to learn too!
1959353342,33511ad1826d41ee945f0442c45bb21d5f60af324868d9de4dfa5b8f51f9dce4,"Dashes forward with a punch, dealing damage and piercing through targets. Each stack of <style=Hint_BgL><link=""source_8038""><u>[Fire Debuff]</u></link></style> on the target deals additional damage equal to <style=Hint_BgL><customRichText(calcData,ability, 12830202,param2,1,%d)>%</style> Might."
1959393214,7b28b27470b5fd943d6b09dc74f04ec7421a630a4d861f81550bdbb16b6d0f0b,Exclusive resonance material for the Baleetle family.
1959394234,a09c1bdf02a04d2736c0a9b5008b7a9c2793b67b83152c8031342ee770d34fb7,"Hello there, well-traveled Pathfinder. Do you think Astra’s buildings are beautiful?"
1959397926,40be3f0b3144056d285b3ba1947613d33ec96c6ab8167f95db85ce8f0e5c884d,Bursting Fist Badge Holder
1959401116,31651512f3529ec8bf7e76b76e0305ad49f4bba0a17f0c85ca2634ebcfa6920e,Exchange Shop
1959452482,0d79586474abb593e6789f793f800bde87c7d42d44b86ffd5f6017dcc8fff6a6,A shell-shaped rug that feels wonderfully soft underfoot. Susutas love it so much that they always bring their favorite companion along to claim it together.
2008509028,0d79586474abb593e6789f793f800bde87c7d42d44b86ffd5f6017dcc8fff6a6,A shell-shaped rug that feels wonderfully soft underfoot. Susutas love it so much that they always bring their favorite companion along to claim it together.
1959458503,474925d060b933d83326f0484d43fad32bb7518821750f6a258dcaf3ffc2c9b9,"Max HP increased by <style=Hint_BgL><customRichText(calcData,buff, 2020005,param0,1)></style>."
1959478099,69280271ce23c0c680e563799d3a1cda3f48d5910e5319ec2f60ba5a4c295dc9,First Kill
1959480798,6742ad11961995727541c2babfc65e0ccc499262b8e6ebe4e5dd1f98ad335213,Add Food.
1959538303,73caceb7b615b48758e84ebb6481fecf7de91c304fdd44f76c30a1fad3e202b2,Take a break and have a cup of coffee~
1959566384,b568bdc563e17d5963c845a13bead87ced47391893462b26fa2dd56b1212b328,The lead Aniimo has a chance to receive a Chance Encounter Gift: Energy Resonance
1959575893,4644a1c4b6568829c02240b2e0119678aa7034614edee5084262cc939e66a79e,Exhibit Wall Info-C4
1959590556,bc233914517f0a96f44b423cd6702319c1b127fbc627636a4741abe043f6f23e,"No, I'm not ready yet"
1959653288,9f6370691ad11813b9e063620005800afd02061a8b7c30eff88815f500961215,"M.DEF increases by <style=Hint_BgD><customRichText(getConfigData,rogue_talent_data,10,param0)></style>."
1959662730,0c821ab4b24d44ca850b8c24d693da163e22181c4a28dd2191b9f19c5b39c723,What about the other exhibits?
1959689796,70a9f80231c9db65cb43730b599caafa0ae4bcdb40871cda0e28659c8157975e,Press #kHud/Interact#z to perform a quick catch!
1959712819,2f0fdacb514315d6d93fd4967efc4ed88dcd23f1615eb361a82e55d86bbfb0f7,"Extremely rare Moondew Radish with dual mutations, sparkling with dazzling spots of light while having exceptionally large and plump roots."
2025842299,2f0fdacb514315d6d93fd4967efc4ed88dcd23f1615eb361a82e55d86bbfb0f7,"Extremely rare Moondew Radish with dual mutations, sparkling with dazzling spots of light while having exceptionally large and plump roots."
1959744872,5a99836c7bc33f588ad1c37cf31b1c664f0ed507074e573aa23f3761e9f457ea,"Well, I’m not so bad myself. I’ve got plenty of different colored bubbles right here."
1959756972,e8edee0a83a517f82efd3fc6a065242b53d452b85053ec603590fcfb233099be,"There are two mysterious buttons. Tap the red button — you might upgrade your reward, or you might leave empty-handed. Tap the blue button to leave with your current reward."
1959784736,9d93bf800917068a634ac68b0c150497965738d0ecccaf1bcebcd3f741b2139a,Runaway Amber: Sonic Glide
1959828526,4b37108291a85ad990c0c8ae06443b2fb63dcf9244b8bb66f4fd596adef7a896,Umbral Pebbling
1959829374,cf0cdef7029b8e5ea22eb59ee78d785376dd0842c159756043ed7d1522e9c8fc,An energetic pup with a pair of big ears. The ice-bone bow tie on its chest is its favorite toy. It hates Emberpups that don’t respect personal space.
1959866525,46874037dd7d914cb62e474d5663e0c3f6c9b6a98fc6714777f521a7d0ecbbab,"A large, winged Aniimo... No, I haven't seen anything like that.
But the <style=Hint_BgD>Branch</style> did seem to give off an unusual fluctuation not long ago."
1959907644,75c05e000b1092e4b08fbebd5a780e7aac12e396010eab707d896834fa5f81fa,Wanna hear the rules again? No problem!
1959927702,94f61bec4ff505d39fff80f0bbf8506c1979ef80f0357bc48e2c28e07c6c4f19,"As long as you keep practicing, your Cloak skills will get better and better!"
1959936806,6394b486ba63544187229af951242b54e89b721040996625bfd9598353f69148,Pawprint Swing
2045236182,6394b486ba63544187229af951242b54e89b721040996625bfd9598353f69148,Pawprint Swing
2128512867,6394b486ba63544187229af951242b54e89b721040996625bfd9598353f69148,Pawprint Swing
2134149025,6394b486ba63544187229af951242b54e89b721040996625bfd9598353f69148,Pawprint Swing
1959956841,05e2acb4f7f71b7b162fcd5a218eabdbb07cbac69e5462aa543efb7dcc1a67b7,"Hah, you’ve been slacking off, eh?
That won’t do at all! Fight, fight, and fight some more! That’s the only way to get stronger!"
1959962263,7725401fc5357ff59483f00e751ea493e0fe2e7e392868ac4719cf13c5dc605a,"No, it really was an Aniimo! It flew right over our heads!
It was huge and beautiful—"
390258963,28b312108a13347ccef06f654b2794ffa736b947d72373776a58f5d4d009406e,And you are...?
1959964553,28b312108a13347ccef06f654b2794ffa736b947d72373776a58f5d4d009406e,And you are...?
1959964768,ccf1fe039f82fa614e354b6e6c1b3505cda774bf637f6449e6e0bf53b7b230ef,Level 30 Training Certificate
1959972318,875266ce297e4361b2621cb90243c1a3007475e813e26e40cfacc0c48b3baefa,Fentuft Dewdrop Crystal
1959982987,7ad2daee43ac6f71473a597c16dccd7eb450adab619c37d53790b6b866b110c5,"A mysterious power keeps you from entering.
""Only Celestises can enter this place!"""
1960028445,ecc57acc9655e83964a0b9cf4669ea116678cc7131cf8784c7f0f3b1d2ce25b2,View Prismana Luminelle
1960035266,d18002bcd5a529a39bcec2dec6e1464a93103807975472b5c8cf20fab45f7487,I want both style and warmth!
1960073501,0c5335bbf15d84938961d9f69c2507d72abcbcfaf9d9ea8bff16ab6fa5b3afbe,They’re so paranoid they won’t let sweet little Hummin in! Something about them being spies—can you believe it?
1960133153,07afd68b972ad941f8059fd37e7f6a309ba4668d71989224d0debf4c40ef5195,"You meet the perfumer Elvira, who has spent a full year trying and failing to recreate her mother’s perfume, ""Whisper of Longing."" The key ingredient, the whalesong blossom, still hasn’t bloomed. Elvira explains that it only blooms when it senses true longing. She has spent a year telling stories to the sea without success, so she asks you to help her find another way."
1960133901,6e8cd8f1815c58df434c0958dd8e82afb273cabba1605d2ecac63891260d0c3d,"It is as small as an ink drop but ready to rise. After one rainfall, it will grow into graceful bamboo swaying in the wind."
1960135674,a3f5b2b02fcb5bb9c8731157149518c7feb8657e3093d81ffb1f36a36b1f243a,"To be honest, it’s been some time since I last spoke with anyone... so please forgive me if I express myself poorly."
1960167636,3e23928cd0b35a58d5693c4b7e0f7862ce98ac8f21f949398ca2536b6a2105ae,"We meet again, young human."
1960175290,27e886a69b4d28fcd5913d387bfc2c4aa024b1e71490b32cc858e0546e3c5b82,Complete the tasks on [Get Stamps] page to obtain stamps and open blind boxes
1960204531,a55b35f511c5dc92a0399be4cd2284942c56dd71a8d42f5ee85b223f8bac6a9c,"This way, <style=Hint_BgD>Saucite</style> will be happy when it comes back, after all it loves cleanliness~"
1960226420,6179c1387bd15e5a95bf167391163e5748c529edebfd194be342b74767f9ca14,"Quickly leap up to Dodge attacks, then dive down with flames surrounding the body to deal Damage to targets around the landing point and apply 2 stacks of Flame Abnormal Status. When successfully Dodging target's ATK, deal <customRichText(calcData,ability,10530210,param1,1,%d)>% Damage and apply 3 stacks of Flame Abnormal Status."
1960275814,29d7778b4f0d98d18aa46bf5c688cb8b47babe123f4947e5967d1a891249e9af,HP and M.DEF
378678128,f3caa89bb879ab58a6e01c6809d6ff4ab2a356fd3bfc03555a07fb0332b579de,Own 20 character accessories
1960288833,f3caa89bb879ab58a6e01c6809d6ff4ab2a356fd3bfc03555a07fb0332b579de,Own 20 character accessories
1960296568,32a28544dd049ace602f5bdebf38eb32932a945bfd71f5a89071a6ce180483fb,The once-glorious Ancient Idyll Civilization now lies in ruins. Venture deep into Sanctum ruins scattered across the land to uncover the secrets of Mechina. What forgotten stories lie sealed behind this lost history?
1960319580,c7e4ca42ee64f3eabab40deeeb3bcbdaff74b23a2aeb0b1e855fcc34965b18f9,"Rapidly generates a large area of blooms. While standing in the blooms, HP is continuously restored and healing received is increased."
1960359776,3abb8156e539bf44b564133f9f661b3552214d5919b8c105eeaf1d1b32959c8c,Restore default settings?
1960376111,85fe3c61aae6fa985323f6a923c9f54831516deafdeabb3d5fa4610228a2f86a,Less than 1 minute
1960447404,b384efb7eb42e477f20cc3753bedceb48a400e8f638301115dd103f7515df26e,Join a group of Chirpi while they are singing
2072713321,b384efb7eb42e477f20cc3753bedceb48a400e8f638301115dd103f7515df26e,Join a group of Chirpi while they are singing
1960515013,620786322981d2e408167793e29edd5526ed54bfb69208f182e06669c177a64a,Place 34 farmlands in your Home.
1960532896,dffca3ed73b4d570b9baed089a81f5e5561606d3336bb3c314b111065830e530,The Land where Dreams Come True
1960551252,ba88cc5b8eb4d4279ae0de142f860214edb83836a44bac267447c4aac384d650,"Once this is over, I’ll fully merge with the Vein. Then the fading will end, and the land will recover."
1960551530,5fa2252954c569c67527ba22d033b456f06d8e733928b2c530073d156f1007a7,"Oops! Sorry, I tend to get carried away when discussing floral cultivation... Anyway, I can absolutely produce the best nectar out of these duskwhispers. After all, it’s a new variety jointly developed by several perfumers of the flower school."
1960619131,6ce4cf02ef9bdf28578536e17248d4d4555797e2a64c43658acb15e6a92b074c,Double-Hung Lattice Window
2033031031,6ce4cf02ef9bdf28578536e17248d4d4555797e2a64c43658acb15e6a92b074c,Double-Hung Lattice Window
1960629378,f23eefcaa832d98458e8aab78094ea9c7ffb3904c062e566c136f7ebfab1570f,Quick Recipe: Deep Rock Spring Water
1960670303,d63f5d51fe49792cb798f752d23f45863dd5134ff77aa16d2dcc04d71d94aef2,Press to Confirm.
1960729352,4c76d5df6da058eb810c75e40fd2f14f6fb2a954c3c850fe0f3aa9e8fbab0828,"Mode Type (1 = 1+3 Mode, 2 = 2+2 Mode)"
1960792384,04931a34c7576b6bd5a1cdb17699c19a4bd19a61bec13c12234986ed1280c1cc,"At 10 stacks, it triggers Icebound and Freezes the target for 4s."
1960827454,6425726703f9a6989ea2939dbcf69925e977bcefd9431a8bece1313ffef55d94,The love-themed gifts are wildly popular among Budclaws! Stock is almost gone!
1960841627,24c3c368049c8a32131871bc8faa93d6313b5e45e7200a96674e88e3837df7d7,"You are <style=Hint_BgL>[Immersed]</style> in sorrow and cannot act for <style=Hint_BgL><customRichText(buffConfigData,6126103,duration)></style>s. Struggle to break free of <style=Hint_BgL>[Immersed]</style> early."
1960880260,ad13cfaa899e9fe23fc2e8af80c2c191ebbd7110d63ef847ed1b42b35e09feaf,Onlooking Chirpi
2038526071,ad13cfaa899e9fe23fc2e8af80c2c191ebbd7110d63ef847ed1b42b35e09feaf,Onlooking Chirpi
1960889248,2cdd0f57573c43c603ba26d9352c6dbc5e2a66c439b33f5a615d586952637f89,Cherry Incense
472237074,ff216b4913d65373415718e7c873cc9c7ae2b5ada5f9a85bf8a285d68ccfe308,Reach Affinity Level 4 with 1 friend
1960889826,ff216b4913d65373415718e7c873cc9c7ae2b5ada5f9a85bf8a285d68ccfe308,Reach Affinity Level 4 with 1 friend
1960926045,058ae592ce6c5cdbd636f75b2cc7712ca209c91f31db79a26c584f17dbf4ce79,I’m so happy that you chose me with your last attempt. I can’t wait to meet you again!
1960950631,6b4213ee7e5f4e257a146c298f6f67c4494feb032f307c931d28579bae5f07d7,"Dance!
Just keep dancing!"
1960952839,9818badfef65a940103f6add7b6def389b4d37985ccf8925e1c84e3b31880c83,Woof—
1960958633,0891a81a01985a67cb38db00dc72437d0939da5b1210f75649c0b2ea311c1bff,"If you don’t help me, it’s very likely that I will disappear soon..."
1960983334,cf708092f34ab41f44ddbfb23438510de332e230e0cb9fea5743c986f4f58c29,Can Guardians oversleep too?
1960986623,1fa17604be19928686a22de890dd7f638a9df304cf9358c65e7e5094367b9bff,Too many Aniimo in Home.
1961041884,82a0d8bbffc243d4f2806d2f8e2bae0316048461d64350e17b7fa895aac51275,"Butterfly-shaped blossoms fill the stems. An Aniimo crouches nearby, watching intently and waiting for one of them to take flight."
2020417126,82a0d8bbffc243d4f2806d2f8e2bae0316048461d64350e17b7fa895aac51275,"Butterfly-shaped blossoms fill the stems. An Aniimo crouches nearby, watching intently and waiting for one of them to take flight."
1961055537,067dea0e353ec6a73cd8215b23bc00f5da78a72739c75e1406078992be7e1940,Institute
1961060431,453873ae35177efd0a092bfe975c2c12baa181ac79910fb97e55ade70800b81a,Helpful Pranky
2130971085,453873ae35177efd0a092bfe975c2c12baa181ac79910fb97e55ade70800b81a,Helpful Pranky
1961076444,be1e0fe529b84c3af169c69e63ccc04cff2a469523d930495e20f4f647fe5334,"<style=Hint_BgL>Byproducts</style> produced by Mines in your Home. They can be used to upgrade the RV and RV components, or exchanged for building materials."
1961164543,92e5d91193b27310baf7d5657c1dd59f9450e2dfc3881fab8e183574c806af45,"Confident, flashy, and full of dramatic hero energy."
2017253103,92e5d91193b27310baf7d5657c1dd59f9450e2dfc3881fab8e183574c806af45,"Confident, flashy, and full of dramatic hero energy."
1961180088,63195c99edf810553a65b4e2c0912b7014392cc4145452d20ba5e3efeeeccd62,"The dreadful Hexxin song knocks you out cold... When you wake up, you find yourself in a safe spot."
1961205797,42b0e9983b249eb128efce6b95891063ac29422fb94cceece640dc7a6e6bdaff,Companion Handbook purchase level consumption channel
1961238267,1f8f06cee94e48555ef093d60ab3be3864b156d804035ddda824ed8c5ffd69ef,"Recently people keep coming here to pick starines, only to end up falling into the water themselves..."
1961243662,64c00c7644f61bbefb1db000e996f451e5afa1debe80436a6da67e3ef8b4e1f9,"A flower that contains the essence of fire.
Placing this flower at the RV Park provides guests with a fire ATK buff of +<style=Hint_BgL>2</style>% and fire resistance of +<style=Hint_BgL>2</style>%."
1961308571,6c0b363f3e371eed40a924c918b4649aa0bf821e87e34cf59e7b2fdd8cc3b379,Potato Kvass
1961350156,651aba904d3f5b94731eddc46e611d29d88201a494041eca294c6e503eefd2da,"Natural and minimalist, comfort above all."
1961368128,dca1b025358b586c02a528ac28cda680b51bc3dc50dd6104b986bb5cf7ea5b02,Look at the Skippies go!
1961371312,3416d9aa64861ea2a586f98916b573bc99aaf544d2e8ef76b554057c04d0c437,The sea breeze has stilled. May your days ahead be as calm as the ocean...
1961451485,0bbbd108ed33a0367ed85bfe8a3a1ed7c815d49a5ba6d86086f459dadab4049e,[NEW] Crazy Investment (50 Training Coins)
1961453003,47581d5714d213dd036c9138912ca854248915310ec930a0afc05f20f9cd4a36,Rejoin the match within 120 seconds if reconnected (placeholder text)
1961469289,0a8f48d4ed23578a1570224488163dda7685b35c0454a793a399493f377c0e3b,View the Aniimo Protection Law
2054436448,0a8f48d4ed23578a1570224488163dda7685b35c0454a793a399493f377c0e3b,View the Aniimo Protection Law
1961494515,e8b4fdaa478ad6980fd5c2e66ff8becd04f76c894ade60ca9d422a63253c9d8f,I like you too!
1961496888,edece0b92c760476b6c962e35b3b5ecadace878ff70438761a61a1048d5443ee,Faction Mark Point
1961515453,6660f23978c59dc84446f5a46e6203cdc7931acf23741e4c685922be72af4a79,Lift your left foot and flap it.
1961516656,bab8f6b36197a76c6694e89a61788e726ecc5a99147d3bf93826ecbd271a20b5,Energy Aggregator
1961537755,b8a1ea6dfc215e9de3b867e6e03800cddd961dfeec036cf1c3ee7c825cf02b27,Order Complete
1961544239,00e8f52d0538eff50c919a245759167e5b99451845d3971dda002274ff93576b,Floral Garden Set
1961551333,d3daa1ebfff74ee27a38563de27737314f065b85cfae9a12553d0422caac19b4,"If you want, you can come back anytime and tell me your worries!"
1961570798,4c04581d1f913b15567c9dc61a791115da43bab7ec7e9106873efd7a69dc0a90,"Increases damage by <customRichText(calcData,buff,210120400,param0,1,%d)>% for <customRichText(buffConfigData,210120400,duration)>s. Stacks up to 15 times."
1961574964,95cc128a10e1e6b4907dd1ecb3ba20c9a3e8cc96381a5275e25e79f96b106366,Keep petting the egg to hatch the Aniimo!
1961607698,2d52ef06c9f5554b0a751e2df2c0fc046c220e36d671ce7636d4542d003d6677,Small Wooden Crate_Lv2
1961618127,f01ea3d86b55af77739c776e1c7ac5251e3d145c0285f2aa8ce9d0792304d40b,"A new assessment is here!
Target: Jilly at Beast Fang Ridge!
<style=Hint_BgD>This is a title promotion assessment. Complete it to become a Grade III Student.</style>"
1961626176,6c4ba44eb83d271d0ca6c05cc8b6e2b72ec41085f2d9338547a45bccc4bc6b0d,"After each new topic is launched, you will automatically receive one free search attempt."
1961650597,217537082a17ec64ea202ea982bee39f70b1c50c632f0840c9349a95493ff8dd,Acquiring knowledge of <style=Hint_BgL>electrolinguistics</style> will greatly improve communication.
1961663104,5b5a009454353219ca71c2177efb53ae7f2ecfbc6aeb6f847d5ae48d83c02fac,"Oh, take a look at this—"
1961691374,e175ec7b792f4be350468a5d0195bdc1c02e229bd3e843f9bf5ed746a3d839ca,Small Training Coin
1977979774,e175ec7b792f4be350468a5d0195bdc1c02e229bd3e843f9bf5ed746a3d839ca,Small Training Coin
1961702801,18c953425e5f0093b32b86c6fb55f4d5f605b016b8fc31a239a1c2ad12a1202b,Quiet—see them? Flutternyms hide themselves well and are hard to catch...
1961720512,4eb81aa2c5c2de02903aa8810a72385b3d48b76eb6d430e02317aa6a227b6115,A power-infused device that hatches any Pathfinder-owned Eggs within a 10-meter radius.
1961861672,b336742cc4eab49e92c3750585a19755262a1e567b486a42260aeb62b94d944a,"The Blessing of Flowers and Butterfly Shadows... the Bloom Festival...
Aniimo who can talk to humans are pretty powerful, so it makes sense they can bestow blessings."
1961862076,8c5f39c7bbd308a3b8e212de2524e405ac85c945eb3113f4fa2c75e9f758a1e2,Coconut Tree B
1961871017,bd54864e4fd6bfa93555b45f0670446379f8f927caf62ec30a81cb38daf36979,I’m the third speech bubble.
1961904543,656a95e2f27fc0a8b592848fe818a1785707e3a36ac6a8b11448763615c0474f,Talent Unlocked
1961920054,85e9a360dbfa623ca450655490896740e442e0096dd9d1e07bd2a55be98c50d5,Impressive! Congratulations on winning this match — please accept your rewards.
1961930242,3aadc814ef6761df5604793116a45edeccf3fb223e6699ef9d8dcdd3b51ad600,It possesses incomparable Research value in itself.
1961960771,de493d8e2f8ac2b8ee545ad92ff2e5e867eeba5d7a480286b9a313a51185355d,Obtain by unlocking new Aniimo research. Accumulate these to improve Research progress for the corresponding Aniimo.
1962029982,fef0c048488a2bba66b0bde5ae532f7149af3abf18c29fa38c6d9e0de355c4b5,A wood-carved figurine with natural wood grains.
2066801587,fef0c048488a2bba66b0bde5ae532f7149af3abf18c29fa38c6d9e0de355c4b5,A wood-carved figurine with natural wood grains.
1962036711,9aba3df4129d02d94b263ed5889e04a88486c968f1b39d2321c3ff9a8d96ecb8,Please select two tags.
1962052555,bdae62afe951208badc5f8d94ab4a22e035879cb8cccdb3e0f661513be9100ab,"Face towels, hair towels, and paw-shaped bath poufs hang neatly on the wall, each within easy reach whenever you need it."
2067515075,bdae62afe951208badc5f8d94ab4a22e035879cb8cccdb3e0f661513be9100ab,"Face towels, hair towels, and paw-shaped bath poufs hang neatly on the wall, each within easy reach whenever you need it."
1962056455,3c8aff024634c3b41f94e401911ab6dc092b9f113000a09b15f5133e17178e0d,"When the Alpha enters the Break State, it accumulates 1 stack of Vulnerability. Each stack increases damage taken by an additional <customRichText(calcData,buff,4002051,param1,1,%d)>%, up to <customRichText(buffConfigData,4002051,maxLayer)> stacks."
2043962710,3c8aff024634c3b41f94e401911ab6dc092b9f113000a09b15f5133e17178e0d,"When the Alpha enters the Break State, it accumulates 1 stack of Vulnerability. Each stack increases damage taken by an additional <customRichText(calcData,buff,4002051,param1,1,%d)>%, up to <customRichText(buffConfigData,4002051,maxLayer)> stacks."
1962073451,0f6dcd50ec8f28c42022805a341222ad20534e7896af3a215257dc3872bcc350,"Oh, there's a painter right over there!
Perfect, let's go ask him where the best colors are around here!"
1962079654,0217e1acdc0f6eb3415d9e563ea72dd033d4a9cca579b2a1ca945ee79acce0e6,A work of art? This thing under my feet?
500741071,0c650e30d0ffd5330acf1f0d3948982df2698167e4143dae490a2cb5fb7adb3b,Infuse energy into the Branch in Breezy Plains a total of 15 times.
1962101311,0c650e30d0ffd5330acf1f0d3948982df2698167e4143dae490a2cb5fb7adb3b,Infuse energy into the Branch in Breezy Plains a total of 15 times.
1962136392,f115e0c5694b88137bce7d287d1e2094015ef1ae2c6553251cb5644b3c4c6877,Try out the Celestis’s Flying ability.
1962145837,1d4557f8a3691f2f96fd1b5a570a2b6e44ea8900a1a8162237c7b6e08e8d5c9b,"Gabri, repeat what I just said."
1962189897,1c5465a25e8c91af52b2865f36a974bab452400bab07fb90fb6001f96d5bf124,"Oh, the sun feels amazing... Guess work can wait."
1962199872,4e611727b2adf1e1d939a501fbcd1d5534b9e46246b841c43ffa0735b4797552,Coo coo
1962214230,c157cbf647f56e730a083e3cfd4de511b593e9f0e665b0b81fed4815137358ce,Hammer
1962334928,43bcb4d0871da16a11cda3d8819e64d4bb4bc658b91183901d5367d799f9b15d,Fantasy Products
1962354738,84fb87bec4e0a9bcb7163ac7d0006fea6e210cfb69691ccb254b787e4d38d6b1,There are two Hexxins slacking off up ahead.
1962374246,c1d7b5f1389e76175cac427af70f095a9de2cae67a5314f12f4ced55b8c99532,Clear Abnormal Status Injection Point (Debug)
1962378920,978eab46e0eb335b395c4ce9576febc7c85d9aec8705387b92e1e7fa01010496,"A Bolty once asked me whether ""Hair Dryers"" really exists in the World of Wonders."
1962399382,ab9b72a59d2614022445e5e8030d9948dd9b187d4f4c268ac997876a72507432,Complete all Quests in Column 1 of the Journey of Trials
1962409251,e516f89838186b52fa17eeed1fcd9022abca7b3ff421dc354e9e3a58be46da17,Client Auto-Cast Skill - Create Environment (Training Dummy + Invincible + gmMode)
1962434100,1777642f80ad6a086931b1a9750d802487062c4ae2151616c37c86ed779ba93f,Wind Dewdrop Crystal - Zephyr Coast
1962482132,dc6be92223fa2b6f92fc47fdce1e7797cfb4dba595c5e3069fe5bdce54507863,A delicious meal that fills Aniimo with energy. One serving gets them fired up and working twice as efficiently.
1962486255,b10aaec0b098298878b3d3c366dbd159402e8df4a0605822cbf9507d3e77e5cb,"Oh, right. Instructor Bohr was looking for you earlier. He seemed worried, so don’t forget to go see him."
1962533392,1ed0d078ce3cb11bc87e2cd83cbf671d22305a3cbad8067a9f4d8a44c1f336f5,Wait. You have the scent of a true fighter.
1962569089,a1be86b30bb380310211913c7366b1766fddc25b62c9ac2aa387dd02edbb36d0,Heavy Stomp - Medium Range
1962630201,b82dd3549544b85144351fb8ce2e3c56fb0817e1995b3710e9edf933f48e66eb,"Thank you, dear Pathfinder, we’ll never forget you!"
1962637135,cd897cfb98b12bd2d9559363f5efec4871d636b586cead1c265b6cc3c9ecbd0d,"Greatly increases damage against <style=Hint_BgL>targets on Chaos and Nightmare difficulties or lower</style>.
With a chip installed, <style=Hint_BgL>significantly increases load capacity</style> and grants the Pathfinder access to <style=Hint_BgL>tactical skills</style>."
1996483283,cd897cfb98b12bd2d9559363f5efec4871d636b586cead1c265b6cc3c9ecbd0d,"Greatly increases damage against <style=Hint_BgL>targets on Chaos and Nightmare difficulties or lower</style>.
With a chip installed, <style=Hint_BgL>significantly increases load capacity</style> and grants the Pathfinder access to <style=Hint_BgL>tactical skills</style>."
1962680194,73415efc4bd9c2eb008c542ed63a6a143341e5e249439a98f516229ce00ad631,Voice of the Stars
1962702339,35e54c220a42e27df1ae03f88c00e1aa9bd5f6547c604ffaf48a3c4093790447,"Builds <style=Hint_BgL>[Rage]</style> during battle. Basic attacks grant <style=Hint_BgL>2</style> points, every <style=Hint_BgL>10</style> EP spent on skills grants <style=Hint_BgL>10</style>, and taking damage grants <style=Hint_BgL>2</style>. At <style=Hint_BgL>100</style> points, enters the <style=Hint_BgL>[Enraged]</style> state.
<style=Hint_BgL>[Enraged]</style> increases own skill damage by <style=Hint_BgL>30%</style>, increases the EP recovery rate by <style=Hint_BgL><customRichText(calcData,buff,915010201,param0,1,%d)>%</style>, and prevents <style=Hint_BgL>[Rage]</style> gain. Lasts <style=Hint_BgL>20s."
1962708763,5657286d98edd976726f95c150bbf53b7df9d6ece60401939df5cb484f070e66,Raw Material Production
1962780686,d5b8ae957682b09b2f04b769f3aa1c062de0c53ef57d47da3d032cfd8c190cc6,"Don’t let their kindness go to waste.
Come, let’s dance together."
1962787580,2ac205149396967e2b6ac916d5cc409b2e7eb6ad46670cfca936fa7226115e8c,Alpha Tubster is a defensive counterattack Alpha with outstanding survivability. Its skills grant powerful shields and deal AoE damage based on the shield amount.
1962794358,1a063db55e2bcd38fcaa97fc4e473830c761ad5fa867d5094c87b1e8406fb102,Short Lines
1962802993,bddcd76d3afe0be62419251be884b11bf98396fffa02468bb2cb749d9ef1a1a6,"Merchants in Astra don’t have much use for elemental power, so I’m going to put it to work in my Homeland!
You can trade it for “<style=Hint_BgD>Element Essence</style>”, and it also grants your Aniimo helpful bonuses."
1962805656,f1526b87f2e1b5e400912733e7e73c3c27f152ed62a9cad8ed3bfe562a373968,"It seems that the abandoned engine can be used. But to start the engine, some <color=#d89c28> Lightning power supply devices </color> are still missing."
1962808788,82f77637966d0663f907400250821ea4efcb2439aee690dd6daf29ccc763132e,This is just a corner of Idyll... go explore.
1962808835,033c36c84de31cc11d837f8403dec3f00f9ae446dd2a57726ee17e16f2557008,Ambush Feedback
1962809677,e38a9319b3a79d603d7e628d81ed261c0f13cbbb2bb61fcddf874f9bebb32a58,"Unlock <link=""item_4020033""><style=Hint_BgL><u>Quick Formula: Wheat</u></style></link> for <link=""item_4040020""><style=Hint_BgL><u>farmland</u></style></link> in your Home."
1962857786,2329d9f783f138fc32cf6b3526920caed98b05e7a68e50b3b3dbac553af83a4f,When everyone sees it again—
1962861706,c4be4345699f0109fcbb7b7bb37cb50f52d48677e651d890839de195467bb691,A team member is in gameplay. Cannot join matchmaking.
1962882522,769c04fd56d09d0c0f9f4e7d019e2ef664c865488151b0daa225a4373ccecc62,"Their scale dust can heal wounds and leave you feeling refreshed, body and mind.
Plenty of people say adventuring goes much more smoothly with them around."
1962889092,6a2b9334ace8093269c0ee45fe0406a224c97e3cafb8ae719160a25afa91217f,Stone Ball Cutter
1962952417,967c4f5eaf77989ff06f479c33a185af5d9ada44669330add5f6949d443e2953,[Near the Riverside Ruins]
1962952479,c11346fcbb6a1b285f6aaa7ea04bf4d71300d3c0073e3498e60dee89c1f55994,Witness Fentuft freeing you from sorrow.
1962966233,c2bcb46c401bbce33e3e98df4ab83e7168d752caa6bb47bfa5631aabba1e85e9,"Ah, that's because of the gear you're wearing. It runs on <style=Hint_BgD>Primegy</style>.
After all, we're from Astra, so we have to rely on gear to get around in Idyll."
1962966869,d6832bf76ef7ee8d8cea84a87c88b96b993a478c4df51f6ded6a64850aba80dc,"Sigh... Anyway, I’ve got something really important going on.
Astra is a city where people and Aniimo live together, and Aniimo can take on lots of jobs too."
1962972144,53dac8a93510d532d07f0c66eae8b944fa0ac577a5ef9dbb18d2e3da63d7e1e6,Singing Chirpi
1963006690,770e676984484e5946a0a81cc81845b7ce68a6d0d1f705ec348bb38f463200e9,A wooden fence with minimalist appeal.
2128544044,770e676984484e5946a0a81cc81845b7ce68a6d0d1f705ec348bb38f463200e9,A wooden fence with minimalist appeal.
1963038169,b9b9de66ae284bb426ae559591eea63649264cd322edfdb0b23387ae5fa1d16d,Did everyone forget about me...?
1963048143,cb4d763dd1e2a7695dc7217ee09e25f06177b2071f3d5c19330849c625fca3f9,Could you explain the rules again?
1963100243,9f9ad64855d68e905249335f8736626b7ec1304fa41760e2a7bf378aec118a2f,Cross-platform settings do not match. Cannot join.
1963102636,126d41a230f65aa9e15cb4b1f05280c7bcd83cdd5395d7373a1f08439d95c1d1,"Sorry, I still ended up keeping you waiting."
1963222221,eaa8ac647743a35f3c6db5760bcb795622d88219f0b34b69ee5b0ddce60c4681,"Gold-quality Carried Item. When equipped by an Aniimo, it enhances the Aniimo’s abilities."
1963268360,0bbfb9ebed8821227c13f444f78bd8980b118bd3844dd53826c4100277cea06b,"Wow! You’re really strong, you must work out a lot, right?"
1963297847,24c6fbf8bbe534bdc8c47eddab1ac134f1ffd01618200376f3d29ae5a43b0c00,Special order
1963302491,163a4a6734ed439822f16add08155ab2648dd5940a2c5ae81b20ce2daad5199a,"The light of the full moon spills across the land as the wind carries the scent of ripened crops far and wide. Drawn by the fragrance, people follow the moonlit path to celebrate the harvest together."
1963392600,d916d53eb99be6d4422c24d7dc1b930a1849019f2ae3c8b9541bfe85ee0d562d,Aniimo EXP gained from catching and defeating targets or using EXP items increases by <color=#d89c28>10%</color>.
1963403464,d3f32f0ba7407e74d9c9fc1c6dde823034ecd96fb34261d3ddab21372003ce60,How could this happen? Lady Irelia didn’t appear...
1963426594,7c89d5036af1df164fbe8b7718d826411fedc09e9b5ef6c229961966f852cc56,"The Hummins in the shop want to decorate the scare platform to make it more fun, and they’ll need the following materials."
1963453587,315e24a552fbf1da1e8d10510c8494e8f6b53ed5cd2493ba8fd31f3547cf1e1c,This Aniimo is currently deployed in Holo-Battle Sim and cannot be moved.
1963493626,a0a35f51c5b53a6723f85cee3aa28d2a2800519834bee175900f0a4d9797b77a,The recent Aniimo Accessory Snap event has created quite a buzz! We need more accessories!
1963495471,bae5f27d9ef81dd9cf9ee76b742f216b0c597864f1441c3bd8bc76280ab3ff24,Only Helmuts can compete.
1963512473,9838a40557e5b4eba58320da6024c9281bb4ac7f187bef9ec9b42bd03e083fbd,Cherry Dew
1963521106,4750417c5229ba3582a45f1021b3e4264c80b03f1ec2380250dd8b5a332dacda,"This guy and I are truly destined Opponents... I will become the strongest Glynsera, and it will become the strongest Scorchhowl. After that, we will have our final battle. Whoever survives will be <style=Hint_BgD>the strongest of Beast Fang Ridge</style>."
1963565031,07781cfdb385f51a9f6fbe6dacf41159b4007c867aa6554320216e96417ad0ea,Do you have any other companions?
1963591220,f4ccfb24288612dc3a0fd7ab8163931746139c10d5e217172c97a32a1c606072,"Regenerates health for 10s, restoring 5% HP every 1s. Taking damage interrupts this effect. Cooldown: 60s."
1963647649,f57f12ea35561d59a71985e404c95be82d201503dafb978dd273c43450480931,Go to Aniilog
2134875306,f57f12ea35561d59a71985e404c95be82d201503dafb978dd273c43450480931,Go to Aniilog
2145339243,f57f12ea35561d59a71985e404c95be82d201503dafb978dd273c43450480931,Go to Aniilog
1963657604,ed636320079f4fa4f6680dce23af3e6615b8dd7d9f8c20134bed56bc48de9e31,Good news! I heard AstraCog AI is rolling out a new version of BINI AI.
1963703104,9fa27788af022edc11c4d9c80bd0356fb6c7306c6a53e35842d6d3eaa4722d26,Inappropriate Title
1963772894,730173e27c2447b1f053d6c4444634350b0422e7782dba4d5cea3a2e5847dcc4,[The edge of the Berylline Vale forest]
1963859875,57932be45d3b54316c454620e2a0b8ff546c2ddfbb9082feee6598c0fb9005c3,"So, do you like the continent? Interested in anything in particular?"
1963901460,e3f3381a5359a896515f54a27dbdad5bf89c6f738d3bf86ae7233c20c975d292,"For each Prismatic or Exceptional item in the backpack, stamina recovery rate +<customRichText(calcData,buff,6003005,param0,3,%d)>%, up to <customRichText(calcData,buff,6003005,param1,3,%d)>%."
1963930264,ee8a005d16efca7b10ee84c16ead272dece7aa9f86e1534553e15bc8313108cc,"Moondew radishes are crisp and delicately sweet, while waxing moon peppers are tender and juicy. They’re perfect this time of year."
1963934696,02ba907d67ba0931e3ca723314c92d4bc84ab7dacd73f395c3e693990ed03bc4,"Honestly! If you wander off again, I won’t talk to you anymore!"
1963945796,869a1891e50bb457beae4674b0d7f0a9537a1b490846750d6db645d3c3f4d00b,Why are you selling stuff here?
1963978921,4d6607f69cb743c37d1e3421ac57f26abb049d6b9010429ea7b7dedac6a4f77e,Exclusive resonance material for the Eko family.
1963996348,362f2ab7e15bf3848c29e044b72c028773ed2923cf07421c1e6a227966c0cdb6,Pro Egg Snatcher IV
1963999088,60172cadf33dd1fceedce0f2fb40b4159a92848732290de84156ddd71897e323,"Waist-length hair, as time flows on."
1964058468,fe2dee07b58f9f1bc7f98ab2d1a744f7e0445b2b3991509b3f289ff42a21b778,[Official Shop] Your Purchase Has Been Delivered
1964117005,ba3e1984061d4a99c26e25c4b94c308f18e8c3fd13339f61bf5198118e7bae8f,"On the island, Scar-faced Helgon has been capturing Helmut left and right, seemingly because his son wants <u icon=""Symbol1"">a Helmut friend</u> of his own?
Maybe only by twining into Helmut can you move freely around the island."
1964156268,7ea92f7d90820ae063d830ddea90b616f1354e770c82582713562720d1f69a63,Follow quest guidance to explore Idyll more easily. Complete quests to <style=Hint_BgL>earn various rewards</style>.
1964160180,ae93b668fe0280e58ab5cf1bd0e8b86975a6c52b03a9740817edce19a897b381,Full Energy:
1964226025,47de2eef72a5852facbb526d86f5768b649f332491c2da815f131bf0f73e3b28,The intricately carved wooden ornament bears the wisdom of its maker in each of its marks.
1964243710,6a254c9fc6235da13f0b1cab24b41f1c03c952ad21ac02d6f877d82c9edda868,Face Tattoo 23
1964361155,d493bc71fc596f134c2a43be6b13479db57e0976d949444dce2247773bb274a7,"In the stoneflower hollow, you meet an old Bouldus, heartbroken to find that the perfect stone ball it once pushed here through countless hardships has shattered. It tells you how a landslide flung it and the ball to this side of the mountain, then resolves to find a bigger, rounder ball and push it all the way back. From its story, you realize that it may have something to do with the legendary ""perfect racer"" and that racetrack."
1964366438,8ddcd6fb7cc73431ae3763bcc5ac0cb37607a68a21b42099794c926d50de7d86,Use to unlock <style=Hint_BgL>Harvest Moon - Market Stall</style>.
1964373909,0fa8ee176773e4f4bee90f7fd3df244bc891d077fbfde9dd31f5432e221a154d,%s<style=Q2_5>+%s</style>
1964385386,49245b7b4e2f74be656d2844ded7df574040427b8d1f9ed5111600e63a47b4b8,"After restoring {0}% of the team’s HP with water, restore {1}% of the team’s HP per second for {2}s."
1964437524,41f44ab8b768a00e9d47e9e8b4703d87e0eda128dec6d6102bf5d2e0fa8d7569,Sorry... I’ve got other things to do.
1964506335,a0e03d4b83039b01897ede64d5e164053355feab0f48a566d296b34b2719e65d,Celestises steal things too?
1964522523,2c6a1df7e26a2dfa010f1ecadb7d025e7f748efaa9b958fdc51a3af25001eaf2,Boss Catch Ticket Consumed
1964552875,1b7cef0e7d03d881b8ac071992e2c7731bc96fb8bd516ffac2e503d6b7bf537d,Learn about the Flutternyms.
1964558458,752a0158b1735cb1bb72efe4f4d52ff15d73fc279d9f91d572f286501af8560e,When the world itself... is already so full of sorrow...
1964617289,6cf01231a595c6b174c332b85b1fc2fb9e063561622fe6ef436c4602f57961fe,Unlock Badge - Dreamfoam Ode
1964637490,80da0e8a8793f31c2a1414f3cd41211d3a049183ced9b55667a144845a7887db,Tap Model to Lock On Target
1964656674,52438d1d05a54223ea5c6295d92dab6b5ebf071e1a8be93bd402bda6a925cfa4,"A marvelous crystal bound to no single form. Its gentle, all-embracing glow can soothe the energy turbulence caused when a living being pushes past its limits."
1964711716,571d99bb08e42cd209b661ef74d08e34eb0a26b0df87c00d10e20cec230293b1,"Hi there! This is Shiny, my Aniimo. He’s an Astra superstar! Want to see him in battle?"
1964737374,9ca7904537d45784f6c1b7531ec11c74662403541a60f5ec8caa1a9a420f60f9,Sell the <style=Hint_BgL>ancient relics</style> you bring back from the island to earn lots of <style=Hint_BgL>Eggshell Coins</style>. Spend them in the <style=Hint_BgL>Egg Heist Shop</style> to buy all kinds of goods!
1964781708,e9e0ac583d573197d0337c190402981ec5df210a2f526e9873e8ca9a0367fca8,You’ll need to collect another Voxel Cube to enter this area if you leave now. Leave?
1964808875,b96832198488166b433596bd6379d3cc5881c6b735d29e68c83d892fab577a31,"You like Jenny, don’t you?"
2051897234,b96832198488166b433596bd6379d3cc5881c6b735d29e68c83d892fab577a31,"You like Jenny, don’t you?"
1964823551,adcab43787d139918fb2e2a69c7bc4ae90ae7d65241f611d25d2b58a7566bd0e,Aniimo limit exceeded.
1964929702,8f5e3bf2a92ecaa48506361eaf0dde99e1bc4ce86077feeeefb7b686cd7161b3,"Oops, you jumped the beat again!"
1964940697,d4524fd30569d221a65a12dca716c29b27a3e8cced1184008cb3067b76b5b108,"I lost... But did you see those forms just now? During the current season, you’ll have a chance to get them from wild Aniimo Wild Surge!"
1964957031,039dcc01ae4541c852d1b512e32818772ff372658b6bfc500d0b21336c989b5a,Leave the Dungeon once the countdown is over
1964986613,bc668676472be99711d6dc9e6e256c7fd01410f8a94f49edb3668a5c5752c94f,"Instructor Lita, feel free to say more."
1965016438,09134d2be18723343ad72dfd3c04e844b34e9ecd45f78e0b1ffc782b1e20169c,Patrol together
1965034288,bb9538b5b0f64aba053b436b2d3fdbabf8ae63572161af3c495c20789bb76909,Damage Interval (sec)
1965057304,df47fe871c357e8dcfe8b2d25c7c8d53097e697a396c8d15a1d2327a516b3ad7,The Tromber in the Rain
1965132211,dfbc08c19821a7f11d26ae4a01fced085d73fa77b6e1c61dfa7f41728f8cce07,Don’t forget to greet other Pathfinders you meet using <style=Hint_BgL>Interaction Panel</style>!
1965152751,c4de5c35bff8b6e610bb9c17dac8010c925aa0125f12555d177649843caa48fb,I’m beat. Gonna rest for a bit!
1965166928,4f49a29257630432b0ba2b93708dd520a4d5ffa4d2aad19740b78315d8de4a7c,"You can switch Active Skills in the Pathfinder <style=Hint_BgL>Skill Setup</style> interface. Here, you can set up both combat skill sets and Mobility skill sets. Combat skill sets are used in battle, while Mobility skill sets are used out of battle."
1965168622,c8e221d16bcbefe895adadb16638ad4b3a0b4202256b2eebb86e43fc4dce7955,Where could the Pranky from five years ago be now?
2089724572,c8e221d16bcbefe895adadb16638ad4b3a0b4202256b2eebb86e43fc4dce7955,Where could the Pranky from five years ago be now?
1965175234,c239e36d1e525707f52fa9cba2bd348b3ae3e94cb5244765573e3a4f25a58102,Moody Cap
2127897427,c239e36d1e525707f52fa9cba2bd348b3ae3e94cb5244765573e3a4f25a58102,Moody Cap
1965212853,62b083428c85f54f6293b880b0c400012e0ed0bd78e107b516d87ed8b4f72e1d,I'll always be there for you...
1965237682,5d7a5846a78071c29bfec6eb27d8c97c1b1b46c24a670e12c25d05ba8fd6fc08,"Open your Profile to <link=""appearHelp_805""><color=#5090df><u>Exchange Aniimo</u></color></link> with friends."
1965237692,ab6c2d6460a8db0191008e1c096e9cf0def3c43f22e9e0ab5e36619609572be3,Not enough space here. Action failed.
1965238386,8b10f707444d6536414fc8a76ad22e2568ce9d31285b56b6755e754d9891441f,Detective Panache
1965276689,0937f47c0b1bf4ff440762c168f4f6a1314cd712229d80877ab3e0e4876cf143,"I’m technically in charge, but AI handles almost everything."
1965312668,c403dbea8143ba64699ddb7e7e0be9a0a63dedd941ba9d47e235be66fb305c7b,"Teams land at different <style=Hint_BgL>landing points</style> across the island. Gather as many supplies and eggs as you can, then make your way to your Egg Boat on the <style=Hint_BgL>other side of the map</style> to evacuate!"
1965343908,33a9ce13a881e8b63116b0800a55d90d78519cb0b175f404ad8f17302e6cf6b1,Placeholder text content placeholder text content placeholder text content placeholder text content placeholder text content placeholder text content placeholder text content
1965352973,337400a1f063e009e1f2936f645cea8530fbb354a773fc58e4e1e0ae8a4a6ab7,Destructible Stone Aniipod_Lv4_Destruction Count 3 Large
1965402598,94560e0d02c7b43432dbae86b8cdb1aa4935d13451abe959116ea56fe5f55c76,Facilities can be upgraded to Lv.{1} once the RV reaches Lv.{0}.
1965426839,79ef3c8f250210307e5c632991312d858ad3abde2c727ed55fcc466b0fc496c6,Are you a...human?
1965427672,f30990b2cc14c7195eaad175dde6431f598acb788408970f59839e006e3e8714,Hide from Strangers
1965430656,26787869d8443de81fc05dbe3b94732365db3a2272f65fe2ea247db4ba6d3f46,"Uh, don’t ask how I know... I just do!"
1965473623,5ddf1d059610c6f8455abbd7159e4891da597b0111f2ba436c1b2bbbfb8ff6e0,"See how incredible Inferlupa is? No wonder it’s called the legend of Beast Fang Ridge.
One win clearly isn’t enough. It’s already hungry for the next one!"
1965487554,6752044f2175c57f8424137cc59fb41dbc0356b8354501890101200ebef09bfc,"Welcome to the ECS Test Field, you can quickly Transport through the portal~"
1965490179,b6dc59f3cae983279c71139802d10719b2a4307d3cfeeed8e9d48ba374645eab,(Accepting it for who it is!)
1965506293,bd7264a5b80cc8cfa2d45285a69a31f03c65228638aa89d8d20302140c4b5d99,Reach Prismatic tier for your Cubbo research level
1965529046,29e52d1511a33cde6ecf1aa5fc335692898bd88093456ca18352e99194e968ac,SHERRO
1965600227,d3b3e690a20328779a5bc5bf657302fdadcb278218f57ccef33b372b2c142ae9,Hatchery Manager
1965606905,6fdefb49a750d9a150cae66d6c9018f4596d2c22015dab1f1b8974fba144e7d4,This message has expired.
1965624656,246c2c3813390c4ee6a9dea326689b76a7236e57850b380a3a317149981405d0,"When the target is <style=Hint_BgL>within attack range</style>, the lock-on circle will <style=Hint_BgL>highlight</style>, and ranged attacks can <style=Hint_BgL>auto-aim</style> at the target.
When the target is <style=Hint_BgL>outside attack range</style>, the lock-on circle will <style=Hint_BgL>turn gray</style>, and ranged attacks <style=Hint_BgL>cannot auto-aim</style> at the target."
1965625655,6cb203ba54b9b455cb3954e0484db8506994c9d1e28b1b76868cfa43b3694f8a,Can directly chain into the final hit of a normal attack.
1965637811,73cd08789fa4ebc912e62575c417928bb1257d23e5208e6b801ea8198cd74b53,Appear during Prismana Flow.
1965789490,a8f186d4601436b69ab248eddd5ff44cc76152233fb2b85489023191cde01770,Common Aniipod Catch Recovery
1965790011,db033c2a5ede76b2b9f7476af23b339b3aa5503ac9d25a931b0fbfb742bad285,Evenly Matched
1965796953,9bea2fb78b0e96a52789f6c41c66f33ca19782b60d090ca007e27b984241f1d0,Woven Toy
1965811091,f745ddb42049ed29c2ad04d5bb03cf070bcc65b5c95f3206d05707eaaff7e9e7,"Day One
I’ve sailed for many years, but never have I faced such a storm surge.
The waves threw me onto the beach like flotsam—what a disgrace to an old sailor like me.
Fortunately, there is enough wild fruit and fresh water near the beach so I don’t need to worry about starving.
I’ll just wait for the storm to die down and then set sail again.

Day Four
I built a shelter to keep me out of the rain—it looks sturdy enough.
I was shocked to see an Echoback stranded on the beach.
It looks young—perhaps the storm messed with its echolocation.
I’ll try to take it back home once the storm stops.

Day Seven
Another shelter destroyed by the storm... That makes three now. The storm shows no sign of stopping.
More and more Echobacks are getting stranded. It’s strange since they almost never get lost at sea.
I can’t even remember how many times their singing has guided me out of storms.
Now we’re trapped on this beach together, and there’s nothing I can do to help them but listen to their wailing all day long in the pouring rain.
I pray to you, Aeolus.
Please help us through the storm and guide us home safely.

Day Ten
I’ve lost another shelter. I’m too tired to build more.
Almighty Aeolus, am I going to die in this foreign land’s endless storm?

Day Eleven
This has to be the most unbelievable scene I’ve witnessed in my entire life.
An enormous Echoback showed up in the storm and guided his struggling brothers and sisters back into the depths of the sea, one by one.
His powerful singing even drowned out the howling winds and thunder. He just kept singing until all the stranded Echobacks found their way back.
Watching his figure swimming through the waves, I realized that no storm lasts forever. 
Just like every storm I’ve been through, they always end with blue skies.

Day Fifteen
The storm has finally stopped.
I didn’t fail my reputation as an old sailor, just like the Echoback didn’t fail his brothers and sisters.
He brought them all back to the sea, but stayed behind... forever, on this shore.
The raft I made was too small to tow him, so I could only carve my journal into this stone.
I know that his bones will stand here for a very long time.

May his life outlast even this story.
May all sailors finally see their blue skies."
1965813553,70dd8c548457978545f684d10420d6e3234e675e3fae70df02ca769aaedff1e1,Stone Wall (Destructible)
1965822548,a7d294625a30c91ddad42d3ab3dc98245bb85296e918b6c812f34a54241e7bce,"What do you think? They’re strong, right? Don’t underestimate us baristas!"
1965889756,de9feb57f1b70d0808c96f05121a4ba84ffd272da3d16816885cc4582f297578,Building Block - Gray Mauve
1972351094,de9feb57f1b70d0808c96f05121a4ba84ffd272da3d16816885cc4582f297578,Building Block - Gray Mauve
1965908791,2c27973958c4441a7ea1593d0145110a3caefb50864a0f145ad0089b48d9c263,Unlock plot 20
1965950385,9fcb87e3cad608cfacdf44c42ec7077d1bc76d3bd2f92b6e15c829c58d1e1976,Petals that scatter and fall while dancing in the air.
1965986085,3f35f1fe71487e01d7d411a94a9da79399e1ef6859d15c5e4505b6a9e015cd21,The fluffy white wool is softer than clouds.
1966016652,c3539e8f93f52e154b497385e26778c27ba766f3994dd6d06d26bccd0a48ac14,Huge Colorful Sorghum
1966024186,64230479ab65a4db36ed96306b9583bf4dbb2d8765f81775863090121d50e414,We just got an urgent order for some custom training supplies. We need fresh raw materials for the best results.
1966066476,a22d351d168ec412d8b89617133801efeb72d49a2d75d26921b0f536bc7a40a6,Learn Power Cheer Level 1
1966067292,6fc78368591e3a655b8fba40c8e98570a83f82acd3ee0f8ccee13a96e9daa1c2,Take it!
1966067912,0e7d0ccbd676abe4c34c77ba6cf2325fd7308781e72f4c20b3c8e3e7a323cf0f,"When threatened, Nimbis retreat into the clouds. <style=Nml_L>Studies suggest they become more flexible and agile there</style>."
1966099106,c54ed961e53bb3e824102995709c5d9e73ae1133f4e08ecde968230fc26c7f29,"Moonlight flows softly, reflecting the joy of the harvest."
2034332531,c54ed961e53bb3e824102995709c5d9e73ae1133f4e08ecde968230fc26c7f29,"Moonlight flows softly, reflecting the joy of the harvest."
1966144221,7e6634b26cff11ed5b67cfde078f217ed7bd76c8d47d098e00eee883e226bf57,"The mushroom lit up, go tell the curious Cozite"
1966166252,e05ddb3f6bb64f40550e9da3860a48c0863798f442477bf1e735e602154ae7ca,Hold to record voice message
1966201202,7aa4f598d126c79f634eeaf64be3f2d2fceb705e6315cb5d2cbb5a645ffefd9c,Don’t worry. There’s no need to stand on ceremony. Bloomville welcomes every friend who comes to witness the festival.
1966205791,a941bb31982ffe767d99d8c160c444cbbd8231aee9bfe2f3b9458fc43e7ce18c,Polaris Institute Live TV
1966225327,9ae54d74f18a4ac5a70a0194b4116e2246f5a885b88acf3ea8206ef0c6605f89,"Wow! You beat both Wisptis brothers! My friend, you’re amazing! Here’s your reward!"
1966283095,4daeba62131bbcfbd0e7c7e05cfc11e13200077414a8328b26246ae45af004bb,For Helion enthusiasts
1966312623,8079a3b877634c13379ac5e31136af22e2d6cb95e3d75d9902f376dda45a4288,Twine with Aniimo
1983989007,8079a3b877634c13379ac5e31136af22e2d6cb95e3d75d9902f376dda45a4288,Twine with Aniimo
2024499608,8079a3b877634c13379ac5e31136af22e2d6cb95e3d75d9902f376dda45a4288,Twine with Aniimo
1966327562,47d40daf4f6d8df2f63be597250f0c030d62bf14fa98a7da19ad0335c2c112f0,We’re going on adventures together.
1966342276,9d06f53e2aca43cf6146da72962742b5790d02d98b3cd7d89ef9488acbe5429e,Chapter Five
1966347261,a626a529658fa8577026eabe875d44a69669c942b8cce01a166dfddd842e6e76,"The best is still to come, so stay tuned!"
1966370758,ae181ecd557c5bf05936b619b38c324035de989326b43a43548314e32afdad8b,Insert Starine
1966375239,ef7222f83b94a9b2363f88bc8adf717248cb11cc9413900dcb5784cb24df5f88,Let’s start by learning the <color=#d89c28>basic catch mechanics</color>.
1966376940,f0ea4e172e763ca7f5219a0dfe2164a4d649d7f5141fcaf15b1cbeb38b6ad880,No way... I think this gacha machine’s busted!
1966379690,60a065604e3db7bb73d89be7e009ca62b4abb52edfb21f6c2d2482d959176626,"While on terrain matching the Aniimo’s element, magical damage dealt +<customRichText(calcData,buff,4001011,param0,1,%d)>%."
2127342265,60a065604e3db7bb73d89be7e009ca62b4abb52edfb21f6c2d2482d959176626,"While on terrain matching the Aniimo’s element, magical damage dealt +<customRichText(calcData,buff,4001011,param0,1,%d)>%."
1966416655,af47bc45ee2f40820b77e431ecf9d6cafa2158c73a9b6fb3a8bb77bad4a6fc8d,Learn Hat Trick
1966439318,d8698eae95275e1f434c87904e18a0b0ac13ea33172bb08312e640460d07fa4c,"Don’t be fooled by the pink color, it still causes pain."
1966509055,52d905131eedf9f59cde9eab12b139cad9704b2721ca93baae2a6792cc3fa7f8,Resource Cleanup
2082038069,52d905131eedf9f59cde9eab12b139cad9704b2721ca93baae2a6792cc3fa7f8,Resource Cleanup
1966521012,e6c4a1fcde9334c5c5f39deeee5b21b338fd67fc35fadf11f83a3a3cc26ef2b5,Go to Infuse Energy
1966528572,e6831d76a03ce5405ea70e95e8ecdaa4fad32b4e23235e52f407f0705c7f719a,"Phew... you’re a great opponent! It lost, but its lust for battle is only more inflamed for it."
1966565350,81236a28a2cc8455d4d25da810d75f30a6bd358a32585e0cf45a569209dea165,Default Background
1966567788,0c9f4286c2d9615e37a80f488a643a7dc80c2ff9b5e3728a1534379b157d3725,Dismantle Crops
1966593809,030a7837ccfeb6c737630a2b50a14ed56080004c846e34a14742840798079708,You two have no taste.
1966669971,4322252e285cf72909992769a51830db18e69387e9e83dd1530bb83fb94df5ea,"Dense clusters of blue flowers forming perfect spherical blooms.
Dismantle to obtain Credits."
1966710443,adf2631012af55b901f5b25dcf96c4c2191a003a08c3955c9fded6aca70f2619,Perfect Match
1966716326,85f544b01762819ff182a20890011493dcd2426d2eecac90b3b86d30c7e2c993,Eating
1966733781,d0ea6652ba9fd4302cef17fe402fe79a1ae42a108dd28376116f23633484bdf2,The grassland sunshine makes flowers more colorful.
1966733874,cd865985cf62fb93790aca94a7ca218b32d11c220a645e01d737e96572cc04a1,"After entering the game, adjust to <style=Q_5>30</style> level"
2123909427,cd865985cf62fb93790aca94a7ca218b32d11c220a645e01d737e96572cc04a1,"After entering the game, adjust to <style=Q_5>30</style> level"
1966736235,18e739b5c94f2516869df350c648f7b549f544f4c34de6c2d4e47a7da47b0456,It’s Irelia! This is her past!
1966762521,370578c0cd37f152b3e5b62c967c32f04055a40654f4708963e55106fa10dd5d,I mean you no harm!
1966773645,c9bd4c06c98546d68c22e337648e4579d04db2c448d79c18f8e4e9aa483cdeb5,You’ve still got your Helgon dad!
1966775690,2f573e44e9f102872abacbe9fc3aba594285c4336c9b6e342dc1bdb848c9badd,"Okay, I’ll leave you to it."
1966811148,c02d5c798797fa7cedacc884052fb9bfa5c3fd1fa5c2336e7eec0cbd0c2ffbb0,"Increases BREAK efficiency by <customRichText(calcData,buff,6000205,param0,1,%d)>%"
1966868789,81b051e765b6d3745340c4294163fe0d44b4fbbc2721ece9e926f4d2f95505e9,Skippable in {0}s
1966927425,37ce1bac9f608de5e0f973036c8df60d1939b805c09ef4d3e90ae524a2d5bd82,Text content loading Simplified Chinese Text content loading Simplified Chinese Text content loading Simplified Chinese Text content loading Simplified Chinese
1966950501,96c181b3063691d07223f20e23f8f8c50b2035eb15a6b197be29608195bdf912,"Tap <style=Hint_BgL>Twine</style> to twine with Emberpup, then head to the green marker"
1966994376,9561a7e2e62bfd647fcbb10c688c4eeb61245b871b5b5d043de5b98b3818d06f,"Anyway, it’s a gift for you! Interpret the reason however you like, and pull as much as you want. May your next ten-pull bring eight legendaries!
Gift delivered. I’m outta here!"
1966997071,187d17d320971c759ecf229546f1f1d1a678a3e17d70f96bb8af3268e1426dfd,Some Pathfinders are ordering training plans for their new Aniimo. This is what we estimate that we’ll need.
1967028018,ecda6803a73a2f6e2f4d0dd758e2ab479c27ecb0efbde55a5be1a539ac084764,You sound more motivated now.
1967051763,83978461d81d9aec1be3ba794684e989e4c80c9b531cf3c24c0804ba1fbb72dc,Glim
1967107176,6f0ae584f45df81b03b0f2346b25fc5305e36d710d1c0891c1ccc02ef6ab5c9b,Holo-Battle Sim Start Point
1967173602,91bb8f49123f5d30a3c14c13c0baf4bfed05df12769c6b1fcadc721ee194c1a3,"Come to think of it, I seem to remember that the Vein energy in the Sea of Flowers is more abundant than elsewhere."
1967196292,bcafaca4387bef84b4ab698cb2e2ed54d908519cc84069b96471bcec98040306,[Topic] Successfully Catch an Aniimo
1967207637,871b853ff272fb852c49c6319c5628f18af1ea906af445aaf8dd37b3f9c32ced,Wawu... But the shell shovel is gone too...
1967234197,f985600a3f03d8f10040f2e6b8f3479607d20e6837a03ecc0e25d3005ba701ce,Wooden Base Cabinet - Spruce
1972041988,f985600a3f03d8f10040f2e6b8f3479607d20e6837a03ecc0e25d3005ba701ce,Wooden Base Cabinet - Spruce
1967236094,00318b76a3b2edb734dae062cb7c44a3b18a125ba6744d14b3a87c09fe9e1c86,You cannot pick up this item as you haven’t equipped a backpack
1967253936,2092599e774a8447e661d6dc442f8e467b5cef3383a0a9d83c4e4b212d523da2,"Um... there’s something I need to talk to you about.
You noticed the ""Chief Photographer"" title above my head, right?"
1967268664,7d3c6e7bb06a7a953f1aa6f8df4c435d2b20a0646a10b431fa5f49845dde839c,Seabreeze Concerto
1967292313,27bc3f73835d0724976d25857ee00e1a8a1a76a0479e9f7ee5c8242c9dbc0840,Susuta Figurine I
2119852230,27bc3f73835d0724976d25857ee00e1a8a1a76a0479e9f7ee5c8242c9dbc0840,Susuta Figurine I
1967352744,27ffb4fe518620473745d19400883271585aa68817aca8fc1440f13d95831ebe,"Yes, Pathfinder... I seem to be at an impasse."
1967357260,a2bf5c9297ffb3959cb562381cd8a3f63775ac8072b0aae20b6e048464826e1d,"Like thunder clouds, electricity flickers within their fur and randomly strikes innocent passersby when they are upset."
1967418017,bcadd77cf7e6f4c1e52776190b42a2660075f5521cbccbf896823f4a0eac1ecc,"Next time you go, maybe you’ll already be a powerful Pathfinder!"
1967428760,3c219c6fd40eefd8ea439ca32510a153cddc2c37767e802354362377df9c4f8f,"After you activate the Branch, Dr. Lewis explains the meaning of its blessing—the Vein has accepted you, and so has this world. Once the Branch regains its energy, nearby Aniimo will become more active, and its blessing will help you continue exploring Idyll."
1967435674,a9535bfbfababd1a84b4de4c839222433b0777978332cbdb8db5ebdcbfb04965,"Well, I’m already here — might as well do what it says."
1967436452,67493b1064800abb28fa245ebe46f7acad154f557797fc04386f12aedeeb5665,Server not responding. Please try again later.
1967447561,ea9db623f493558674bb60400229fac9daa92edbbf332052695a7e6105251122,Magnify Text
1967542901,ce3f08288e3a0c93e9e1d1ea108945c7006a146f8629ef733ee47c2f5484079e,Start Rift Mode
1967593712,33f1f6146b415f1c64ddbd748e85c4f6fc656497e754bd94689647f31010361e,C - Unlock Aniimo habits by snapping photos
1967655408,747d4610f4c0d1ecba0058ae94af3999c2c2cb99879a4b590976e68e95a94ca8,Table Manners
1967667280,f985fd9a5cee7e8c85f969df96f95872afa56b2e0e32dc0a929d61bf2e2aaa88,"Back at the outpost, you complete a theory quiz on Star Dust, Wild Surges, and the unusual Aniimo Besauce, earning your promotion to Grade II Wayfarer. Dr. Lewis believes you can now stand on your own and will go on to explore uncharted lands alongside your fellow Institute members."
1967671154,da3c4ecf75f614a490b03edd8850872dedaf73704f882aa37e55d8e0c8b82156,"Astra’s Harvest Moon Festival is almost here!
A batch of new orders has shown up at the Homeland too.
Let’s get ready for the festival gathering together!"
1967804720,8b0383a3b37bbb2f26c8c25ce7897e91f7ce52bcbe752cd9f9c90ac4f87b50ab,"It dances with flower balls in hand, scattering joy and fragrance with every sway."
1967810416,507f4af464def1e6101464cf67dc42f083ba4e24669fbe6aa21455a15a206541,Even my friend told me... It knew the moment it saw me.
1967823141,6fda83a984e6cd38ee2b8a19246b1141486ea5d4a3896cf7441582f28ca0d721,An egg nurturing an unknown life. It seems to be closely tied to Aniimo that have returned from an outing.
1967823285,c844790d8a72a24743ac5c9c2197347fd2dd354511489ab7431686bca7bb124b,"Oh—#playerName#? It’s really you.
Hi, I’m Ling, Director of Administration at the Polaris Institute."
1967831603,e990e019267ba49d676164ca90aecc087b0726bfc70e3af2031ea62117e1d62b,This week’s Holo-Battle Sim has been cleared on all difficulties.
1967842485,c47242db876723d1082b65dca15f4b1289659ac15bf0c1d7b7107755c57c6c52,You don’t like those stories?
1967875898,dcd941908951879fabd049c3647fdc47da06e0e2a0cb0fdc893b5b281e18620e,"The first day at the Celestis outpost, I’ll just feel the simple and happy atmosphere, and complete recording some basic info.

Basic info recording not completed.
Reason: Hit by a Celestis that fell from the sky and passed out.
Solution: Return to camp and recover.
————
Returned to the Celestis outpost.

As described in the Aniimo database, Celestises love food and like to hoard Starines. They are good at climbing and flying but are not very smart.
Also, based on my observation, Celestises are clearly social and regard certain specific territories as their ""home.""
————
Basic info recording is complete. Now, I’m going to visit the Forest of Falling Stars. Hope everything goes well."
1967891707,f6fc2cac5fd4c1045a754fa6b712982a65e33e063e0bd7926f67fb469506631c,"Of course, I'd be happy to join the academy!"
1967928564,9adc2e46f95fb51910db1878c5bc41ad547b173764060087975717b51aab02f5,About World Regions
1967999617,8cc38efc4b07cb0bc2c2838d60ed849ad0d15946580a41facdea08593a761baf,"<style=Hint_BgL>Aniimo Alphas</style> are scattered throughout the World, and you can check their locations via the Map.
Defeating them grants Chests and capture opportunities."
1968032637,3547def3e20809d505603852d5c85baf376ea0869041bd21b7d1ca04133f679b,Bloomville Quests Placeholder
1968066864,61332c6f83e070dfeab4103db63bd2f25f7121d2d6853bf6bbe927f75d5d8f5d,"Oh dear, it looks like physical attacks really won’t work... Great. Now my instructor is going to keep me after class."
1968077730,fd6492616f1b220ca255e1b129fedaf30f0bf63133ef79850cf35f3c55e25e5f,Its wide brim shields you from scorching sunlight while you soak in coastal scenery.
1968114983,0fa8d897367d57dc9a08f152c9b02a4421ebae3c691a189a7f721f91e0451e54,Cloudwalk
1968130361,a5f2216d07677da329d0ecb627abc22ea0906365a3ea0ec02e9469d8d7dd6818,"Spin and dance, applying a co-op buff to self (inherited on swap): each time another Skill is Released, Summon 1 Sugarfish to charge at the target and deal Damage, with a 1s trigger cooldown, buff lasts 20s"
1968170512,aec1cea7926a08377b9302570b7ecf004a64a063eb263eb21dad0c627653ca37,"Installing the HD Resource Pack will uninstall the Lite Pack. The HD Resource Pack offers better graphics but requires higher device specifications.

Once you confirm, the game will restart. Continue?"
1968185000,2ed660a83684a7707ebf9bdaea47c754b0701015b2f33f8989fe1deda6e7e111,Come on then! Show me the strength that failure built!
1968203671,d46841df12a89da2fd95a19be0c1ea45d15b5d9dbbe68a2c60075e04268c5c2c,"The wind here is strong. I think it comes from the crack on the wall. Maybe we can <color=#d89c28>go underground</color> to avoid the wild wind, or try twining with a <color=#d89c28>heavier</color> Aniimo ?"
1968225754,cdcde3a9f93e28657c0a7e4d19cfffc58f0e2ec32c7c5f683fc082280d4374cd,Homie
1968235796,aabc62f166c69b75f3e8014b82ba2fc05c1d8bbd583d10feee7cc1544ea6a871,"Even with her colors injected... it was only temporary.
The energy still leaked away."
1968242384,6a664ff81581834c28aabfd064fe816788de6596c610f47657f807b9ba7a3ab2,There are unsaved edits in the current studio. Are you sure you want to proceed?
1968262856,9d0b558fc500c19039dc8a764a91775ad67914976e82d673cec1e8784f509b21,Still not working. Try having an Aniimo use <style=Hint_BgD>Pound</style> and see if that does it!
1968281746,60cd290b2791af32835756b9a1e44e37c49ddbc37b73cdd7c93ccf3ac265b908,Arboreal Egg
1968283112,c9388d95edc69d39d07528f78a854a1c983ac868fb75afd019df839d8184ab05,Hey! Interested in an exciting challenge?
1968290846,5a57b1076ec3b4861ac6dae3f7d460d7dcb664874298bad63d2661c426509d2d,A Starine with a piece missing
1968302915,7d1da328131aa3355181ba53b384af5c367d0aa0faf28049aeb5674019674843,A new egg has finally joined us!
1968307310,cd6cf0c4ba0532e2866ac6dbd06aad539f26b29c3e63b74897c826333231c901,"Defeating Aniimo is a good way to upgrade Aniilog, but it’s not the only way."
1968377279,185f8db32271fe25f561a6fc938b2e264306ec304eda518007d1764826381969,Hello
1968386716,468b36f1c861a837eb97641d3e3f84da522b7ca73458bb540a8373a600ad9a5b,Inappropriate RV Park Name
1968389037,0fd6e7b58cbda82c26319a018fe5fe6a3502a3c5eb9bfaaec0cd1f5066e032fc,"Besides, the Prismana Flow and Irisalis are both worth investigating!"
1968412156,ca3a5d904a7e5a09c56d46baea645a10fd42a67caa6509ae578ebad9eff7f65d,Plank Bonk
1968415424,2bb88a8007e958735ca54052a14d374b721ed8b82439c4f0e6f836cbe302f125,Boutique
1968438325,c637f8769af660070aad3f8c618202d8bd5f317199296917f53c32222737d2b9,Special Appearance:
1968443863,3719660f03b5defdb41319d40950ff99c86dea4967b9f9fdb05a0c76d76d7a83,Need to prepare a bit more.
1968524226,7331628b809a15fb6fa903c738d1499d32130d782f75f10f3d4a00f201f34776,"Turbo sneezes, shaking 7 collectibles out of its wool. Picking up a collectible restores <style=Hint_BgL><customRichText(calcData,timeline,2126202,param0,1,%d)>%</style> HP."
1968549464,89fff208a795ceeff86fb2d5069fb55fe66d9adf3d66ada82c4bf459cd589432,"Enter coordinates to locate.
"
1968567451,916a0b9c11488f7f8fcc2151805b5eae1e44e0b094b12fca62c8b024fa76256e,The Little Match Girl
1968575526,5ac437df266d927954e5bcf83c34b052481680c1522c13eb97f00624df654765,Legendary Aniimo?
1968583201,f64daba28019ad31679c5b83cb33f4bbe7c5f343926bb2c1476057291ff49e34,Wait! I think I’m running out of flowers...
1968588999,d7a891b39b96ade5098725fef6775417627e39acda63ed25ee390db1acdbabf7,A painting of seaside sunrise rests on the easel.
2073058652,d7a891b39b96ade5098725fef6775417627e39acda63ed25ee390db1acdbabf7,A painting of seaside sunrise rests on the easel.
1968598071,0e5e57d79e7d8b588165fce11581d2389ea578b188d16074ceaf35fbe1991ce8,"Quality assurance found that a shipment of aniipods had a consistently lower catch chance, which means we need an emergency shipment of supplies to produce more!"
1968599106,2f97d9167954452f29f79ea1b0d833a06e0a538cff4847513649ea42528ad476,Why at night?
1968628953,09bd4c292fb4b24195f43a80cfac9ed24c36b57d7104efab78c7d8ed9ecd56a5,400/400
1968652682,c92d2a41ddf95981f5633555337e2e8a503a87f3b88c2ad3d1dc8972bebbd11a,Receive 3 [Vitality] holo-gizmos for 1000 training coins
1968656687,475e9662c617edb21cc8292428a4ca7fca1487452329a04cdefa6723823856b5,Building Block - Spring Cyan
2138693022,475e9662c617edb21cc8292428a4ca7fca1487452329a04cdefa6723823856b5,Building Block - Spring Cyan
1968662216,cbe56351e8fb8dfae8344eb0bf0bb85939a6bc76d4a85528ace06a1a8940d4b3,"Huh? You’re... <style=Hint_BgD>Saucite</style>! The legendary ant that can command the wind, fly freely through the skies, and lives for adventure and travel!"
1968702494,a3a3371066a08e908f6aafe37ab37cbf9fda8142908067b6147becea6a556bdc,The <style=Hint_BgL>automatic door</style> opened.
1968718196,2965a1ace60690a297c167588421472236a85b94f39812ea029c9b8fc5a468b7,An egg containing the power of Prismana Panpanta. It is one of many Prismana eggs collected by Polaris Institute during the Prismana Flow caused by the Bloom Festival ten years ago.
1968790291,5933b4bb5edfdebe42be8d01b49da02c1949f50a6470dc16e1fc3ff8740fe589,Memory Echo
1968816387,e9fd03c496eb025b22fe65c64ed30790406b4ea766467a2ddbb4d103a9c17ecc,...Do I look like the big boss Infergon right now?
1968849339,04f609f597eb29a130c2757d06a85d90643ff6d70f5271003e946d6627dfd830,"Small wings, big dreams"
1968855786,8e62233358628571fdc6fae66d0c9ce466033001708b0a30f6fc7f710bcf4c69,A witness to every heart-pounding moment of Holo-Battle Sim training.
1968945157,c8202bd186b8f8190932593de20cbc365ca2c61deaa5c878ee73c62dfedecd95,"Or, maybe there is something <color=#d89c28> heavy </color> that can help me press down the switch?"
1968965292,fbba8470fd7d52a5a67438e814889fd04272186a6d852d389c573ddec2af20d7,Lip Makeup 9
1968967264,b9a46949d68e9b8ab91e42a1503889c36ab01474431bd0dba59a44db8b479f22,Makes it easier for QA to contact you
1968968467,40b994f195b7a322227f09c62465707b37b340c76c6d7e1ef796b1a018a12d07,"Zephyr Coast
Nimbus Fields"
1969029244,ea0f73331b5cc35a01c1a98c97af644b4ceccf34950aefa65c8b77aa4906f059,"Huh? Hey, I'm an honest Vendor, I never lie!"
1969062917,74b8040f03c5787a92f20ec55c38b693855d869f63915886d726272544b723df,Irisalis Wings
1969067832,9ecdaba26314a3c2e638dfa24d09060f3534f71c6c698eb2635c88f73ee1f5ca,"Oh please, I bought Aniimo eggs with nothing but credits, ninety-nine of them! If even one high-potential Aniimo hatched, your next arena match would be in the bag! Who could’ve known..."
1969069301,2bd8d2137e346466d5a23d9e4ae7a2d1e5dad6c09bb017ed87500426218ae246,"Hehe, of course! No one leaves empty-handed! No matter your strength, you’ll receive a carefully prepared club-exclusive gift!"
1969112725,19509b10b656e9f19f40028a2f6e483e7835f8a9dc659f2440d41278720dcfce,Catch Report
2054446598,19509b10b656e9f19f40028a2f6e483e7835f8a9dc659f2440d41278720dcfce,Catch Report
1969125125,b868382d6df955555013c1b677b613841652ba92860d4963669cbe88fa62e73d,Give <style=Hint_BgL>{0}</style> to Companion <style=Hint_BgL>{1}</style>?
1969202351,2969c65933f56af33e5d54d42e6aea6329d3004a7b6b3a52e259673361a954e5,Attacker
1969291940,0149661673a1ef091c9200179a9f64fbd5a4fd8efc729e7db4d3269d0b2c7942,The golden tips of its fur sway like continuous flowing currents of lightning.
1969296307,bf8b4c6998570b6ce8edc80d5ea99ffe68643434d6e0f1c9ff7a8e018f136876,Relatively Playful
1969308150,524efeff85b174fbce979880d04ea2d1185772ccd6045bbb908bd5a4d0364644,Heh-heh. Then let me show you what the real me can do!
1969311700,8d183c0e20898b669898b15ae89c9c8be27b97a57c33c403db8c2232afe63458,Storage Basket - Wicker
1987793634,8d183c0e20898b669898b15ae89c9c8be27b97a57c33c403db8c2232afe63458,Storage Basket - Wicker
1969343082,d9ea56e4d99ae33799ca2cd63904f0b7da8bc6851c6cadd4ba74ce1976253182,"When dealing damage, applies 5s of damage over time and slows by <customRichText(calcData,buff, 2700200130,param1,1,%d)>%."
1969344670,8732ce3e178c1cd3a5cd3dfaba2be344f5eb1b347bbb6d03c5c62591d4b5fb68,Exploring the Continent is so much fun!
1969379210,8fffc7bd0b4925e66daf163f4c2294155f81c4629bbdca9631bb7bebf8aad0da,"...Forest dwellers are leaf green, highland dwellers are near-scorched red...
I need more sample data."
1969396575,5defddb394b2e2d1ed68c628d5578ad95717b036be9235b9ea34957c38e93919,Obtain 5 Lumin Amber in Forest of Falling Stars
1969408296,fa3d85d10e23242bcffcd09b71c8e99bc3373d42130044612fcaedb156c7a163,"Hiding in a self-made portable house, they never worry about being homeless."
1969409491,c767a89e6b2e06f7478e386393d13ce708f053e0cb8ad49c4c642169527281c6,Our company’s new product line is heading into production. We need to increase the scale of the materials we’re buying.
1969431269,30ba51bccba72fafcc12b2fd0b11cceabc91bc18ebe3cd9cd4e2579b9024132b,"Dear Pathfinder, these are the items you lost in your last match. Please claim them soon."
1969469627,5498612eb151dc92288f38f6aba564f8709b86a46d99e589893a8c31ac359f82,Recovers <style=Hint_BgL>{param0}</style> EP upon receiving healing. CD time: <style=Hint_BgL>{param1}</style> seconds.
1969484567,5aba547e749bf21ad56639234883236e83e9e6a79dd55c9fd3813b7b890bbd7d,But only the hardest thorns can truly protect.
1969498094,af343fed9cf09d2157e741f2ef4bfbde89553e4426a75fb31c450073833c9ccc,Water-type Damage slightly increased.
1969556201,311d1755d7b9010977a5ae881daac724fbae2b9ad3589bdc4c766c72f50bb949,The Aniimo formed from mask fragments is indistinguishable in appearance!
1969589599,8c4eef5ab2532515ef24a662db70f6e5b8063c7f924342b2a463f763f1091634,This week
276386566,2f804d55fbb1ef990a2167661ad99f2b12a1f23b28389543a87cf99de46f6898,Defeat 15 different Alpha or Omega Aniimo.
1969594167,2f804d55fbb1ef990a2167661ad99f2b12a1f23b28389543a87cf99de46f6898,Defeat 15 different Alpha or Omega Aniimo.
1969607542,7e8aa3956c60ea2ab4d56cfd438040f5fcbf2a7d3b5ded999598b58f8a6fe77d,Adjust minigame Control multiplier
1969615412,d038e3cbbe7eab49a882144171ad93cb767c923442c85c7b55e401da0e16c4e6,Level to Set
1969653445,31bffdcb5c941a6cf0c8943d5c86f4c1be1f5ccb8e5ed4ef74596ea787a590b7,Invitation declined
1969674736,344fabb10ef6df294cbd876702b89eab90c30c9b5cc8ad5438bb14fd26358ee2,Why they evolve?
1969675685,dbac891e9a649e8edfcb0c4c94d0537f5c5fb8c36fdb15092958af60371e7fe8,"An egg with powerful vitality, found in Argent Strait. Guaranteed to hatch an Aniimo with <style=Q_4>Elite</style> potential or higher."
1969689642,b83f5ae2e9d0bc1ab769d19d85241957d833b744e305cc8089cbd08342c6b0d9,Text  Hyperlink Name60 5090df  Text text text text
1969698033,eaf2f5f1e8386cd67d2b642e6385ae3513886c4aa2d123b2993a63154d6978ef,"A relatively rare tin ore, also known as tinstone, shining with a metallic luster."
2078548614,eaf2f5f1e8386cd67d2b642e6385ae3513886c4aa2d123b2993a63154d6978ef,"A relatively rare tin ore, also known as tinstone, shining with a metallic luster."
1969758559,6b8698c5859ec52e98c536c8a756d9a7607ba489c4650b32dbf2b0f323c55dfa,"It’s easy to find, don’t worry!
Keep following this road and you’ll be there in no time!"
1969759458,4d98e200ca1a6867b471fc3004f4520f47baca49d595b0c5fdadacb6f08f1872,The boss is attacking. Press [Shift] to dodge!
1969845020,4b5519225f1d11e2a436cdbbd728afb7c812a88ae1566ab812889a6c54c074fd,A dormant seed waiting for the full moon’s radiant light to awaken it.
1969858934,e143aa5939f1adcc6ad72d0154933628b9596e0736cde113352af6d0e2516d5f,Press to Track.
1969887945,2857a8eda0c9b29f20ddf250574ee2da188b660dab264948c45346942e7643b5,The art of hairstyle design adds more style to your adventure.
1969890681,8857a861ffb040e5cb776935514d10f79162b66d90699f826814afc1d79b2b75,For gameplay Track use
1969899969,32066a801637a160c44979e20ccacc2540ad6d8700bae0edb15edc86f698723e,"Fannie has introduced a power system to the Home!
Now Aniimo have a much easier time."
1969905095,840916dfc2c8b1d0785d38c3eed2c021bdff2ae640cbe843ed573b7ec32bf520,"Charges and gathers Energy above the target, then drops it to strike the target. Hold the Skill button to charge. Every <style=Hint_BgL>0.6</style>s, consumes <style=Hint_BgL><customRichText(calcData,ability,12330700,param5,1)></style> Energy to increase the skill damage, up to <style=Hint_BgL>4</style> times. Stages <style=Hint_BgL>1</style> to <style=Hint_BgL>5</style> deal damage equal to <style=Hint_BgL>1/2/3/4.5/6</style>x Might, respectively."
1969910717,f299fd428558de16d127881f18fc8c195d14060d87c1bed5ea5b4cef16021d91,"Ice skill hits apply a Bloodthirst mark to the target for 12s. While the mark is active, the target is inflicted with Freeze for 2s after taking Ice skill damage 10 times."
1969912011,1412704946bf7d5265223b77de8fbe02c838c3b31cdfcd4d3fcbfcdccb6ce1fc,Grass Shard
1969925042,af8fae561056281390eed22f72051ad88b8c97d52fccf8625532942d932141ec,"No matter how many times you beat me, I’ll never give up! That would go against the spirit of Battle Art!
Next time we meet, let’s go again!"
1969926326,141ce32d26a7b73e7eef206c55fd30c646c5bbd699032a048e0b49d6d96f7618,"I really miss him. If you happen to run into him, could you tell him that for me?"
1969952196,a0c4997008ad7b15aade757fa9e743c5578893b88acaadea940c81eaeb09bf49,"Of—course—not!
That’s just a derived value. To put it in terms of your farm products, it’s just a by-product."
1969995838,91a24d1212ad92d30767dab16ab84adc0ba05df27bb046999a41425fea670005,"Sharpen your body, increasing your P.DEF by {0}% and P.ATK by {1}% for {2}s."
1970007768,85d5add0a3df3484e10b367b6aa936faea09b7df60ecd35b7a193a9d034b4337,[Prospering Clusters] Nurture the ecosystem.
1970040952,32d74550492cd881418634069f25236c01880a3036e5773a7708a4f2bdbbe851,"From the mud, elegant lotus flowers and leaves emerge, while crunchy and delicious lotus roots remain hidden in the mud."
1970057593,49e631bfa11f7f0953c337d71188852cabc15d4f90dbbe272c5fb1318facac3c,I’m outta here!
1970061582,fca2bdaa2a7ed2264425f92112658a4c911dacec41742025dcd63f4d48300241,Starch
1970065484,d672203081f46b2c4108ffb3dfe8216556d78cc4369405a2d62680b5063a023e,"What kind of past does Icho actually have?
Perhaps some of the locals in Beast Fang Ridge know a thing or two."
1970068608,4dd6cf1fb29d0e9fb96c324abdcfb777d0b241f8b3b05d8f9eac34a83d57b1fc,"As the first Aniimo moved into Astra with their human partners, construction began on the ""New District,"" a place built for humans and Aniimo to live together. Its first phase has already been completed."
1970071368,edee1a6d4d1d6584a728663e4d38dc42e0e2585f905e6e77c83afe4b1c32d90f,"The Inferlupa, its fighting spirit rekindled, makes for a fine friend indeed."
1970090090,39f946479acb77640521380050474361e5c7e7cf58597bb03076b821a73dcc0c,Rainy day... nowhere to be seen...
1970145306,5b238114bfba5ad3526f1ea15889380a24455defa87cad353d78509bed9576fc,"If Held Items are like fertile soil providing basic nourishment,
then <style=Hint_BgD>Cores</style> are like sunlight, temperature, water, and nutrient solutions."
1970151943,07ad1a08a3f59e3fc58636cd361a5cf876358ae730201785c0e086c6e27119a5,All terrain is treated as Turf.