1342856219,faa6b077e9c3dfe94730b2e890ca90b26cf2bb58d5b0d20f8eea6a5f2314e7fa,"Anyway, our priority is visiting Lady Velouria."
1342870176,56b24e279ec166f5fb995b648849c871edb8d85625a74ce7447dca69ba89cf3b,"Cool, sharp, and stylish."
1777468183,56b24e279ec166f5fb995b648849c871edb8d85625a74ce7447dca69ba89cf3b,"Cool, sharp, and stylish."
1863601541,56b24e279ec166f5fb995b648849c871edb8d85625a74ce7447dca69ba89cf3b,"Cool, sharp, and stylish."
1342881311,02a240e50e419201c7346f357509637d03dd3ea54aa933620b3f22b6ff85ce52,Leave RV Park
1342882641,f9b08eb4cb505de77fb9f935589e94b3a333c02a976ea46ead81868017ecea08,Those potions are actually designed to switch among activated traits. I’ll give you a chance to choose again.
1342896699,47ec1eb8013bb6c3d9f8ee7a1341d5e26c903971fb2fc19ed6682b9465354395,"Near the ruins, you find a Helmut crying, saying it nearly got snatched up by a dragon. But mid-sob, panic sends it stumbling deeper into the red land, right into real danger."
1342897919,684aacd0c26953a39f2c2b49b68cb171c563f6756ae21e0eb8ca0320a1ac2ac4,Exclusive Scene
1342907750,545aa527ca8e746f02ccf3f1ec2d029d1464a2eee22def2ab338298ef50f5c3d,A swing for decorating your Home.
1692067958,545aa527ca8e746f02ccf3f1ec2d029d1464a2eee22def2ab338298ef50f5c3d,A swing for decorating your Home.
2076052863,545aa527ca8e746f02ccf3f1ec2d029d1464a2eee22def2ab338298ef50f5c3d,A swing for decorating your Home.
1342958797,2da87606ba68258e01100348b2e00b76639d210a7d09a1fdb388f9a0bc862a75,Bud Ticket production
1343002061,41b7be78fc94d89ea692d4c21ae5798fe9f1bab6bed9d2894db080298143c052,Not selected...
1610961835,41b7be78fc94d89ea692d4c21ae5798fe9f1bab6bed9d2894db080298143c052,Not selected...
1781691523,41b7be78fc94d89ea692d4c21ae5798fe9f1bab6bed9d2894db080298143c052,Not selected...
1885052406,41b7be78fc94d89ea692d4c21ae5798fe9f1bab6bed9d2894db080298143c052,Not selected...
1950785807,41b7be78fc94d89ea692d4c21ae5798fe9f1bab6bed9d2894db080298143c052,Not selected...
2111027660,41b7be78fc94d89ea692d4c21ae5798fe9f1bab6bed9d2894db080298143c052,Not selected...
1343038276,76ce7e80fdf4e58621e174b50bd0ace641e6827c6392caad8981eeef4847bd85,"#playerName#, Helion... Are you alright...?"
1343059999,3dc982df93beab2c6726a311775319e8db336955682d0ec78741dce7defccb84,· Rewards
1343064317,5e13c6bde4060d2e26785c9e2be67f54c752e2f434a3ec468b896c9aa3aad577,Unlocks at Kitchen Module Level 2
1767561902,5e13c6bde4060d2e26785c9e2be67f54c752e2f434a3ec468b896c9aa3aad577,Unlocks at Kitchen Module Level 2
1343088891,8353ab94b74a7288b7829e8d9f3a0760ef80044b87423a0c46c619ad78ccb77d,Dash speed
1405589106,8353ab94b74a7288b7829e8d9f3a0760ef80044b87423a0c46c619ad78ccb77d,Dash speed
1343106026,546e8f62aacd2013c73926528c1ee83048af167db36a1be44199d6f05a070a20,Ascension Successful!
1392021049,546e8f62aacd2013c73926528c1ee83048af167db36a1be44199d6f05a070a20,Ascension Successful!
1411420021,546e8f62aacd2013c73926528c1ee83048af167db36a1be44199d6f05a070a20,Ascension Successful!
1530228166,546e8f62aacd2013c73926528c1ee83048af167db36a1be44199d6f05a070a20,Ascension Successful!
1343127009,8baf3f208d50b22f06b862a47781638da92fd1cd344e33b35b99088e71085402,You don’t own this makeup set yet.
1343154521,39be4782612e2191db190a9ad166edae0809ee58f4e7e6714323f00520de3cc2,"Still struggling with your incense blends? Come take a look! Top-quality spices, classic blends... there’s something for everyone!"
1343178145,70a1622b2991130e4229e01711488750e7c965807379c20fc86403d4d7a8939d,%s not yet recorded in Aniilog
1343180390,d68bf213da07341f4bd138ebe93f274ab4f9607080141364d1573c49d72cd12c,Catching Aniimo.
1823019823,d68bf213da07341f4bd138ebe93f274ab4f9607080141364d1573c49d72cd12c,Catching Aniimo.
2112403428,d68bf213da07341f4bd138ebe93f274ab4f9607080141364d1573c49d72cd12c,Catching Aniimo.
2121311917,d68bf213da07341f4bd138ebe93f274ab4f9607080141364d1573c49d72cd12c,Catching Aniimo.
1343180657,046b98efbe3742fa8c38d47e39187e044859366dc0f24d518bb4e509288e8b2c,Precious Dewdrop Crystal
1343195957,58e114b53f3ae28cde03605395c669e17f34a0150c0b0132ab5eb03da8a25b3d,Aniimo Accessory Shop
1343208722,f29e55190d5b4290ec18ee3f9c2b61a74f8663619af596b16f47d623583175e1,Instantly restore {0}% HP to all allied units.
1343223752,3093c31df83bf35361b13b48fb596970e61919150136aa6ef22f61e90b240af2,Delete all created accounts?
1343256986,490978c030bda8ae14964cd2fd017a2314028d519796ef2dd351dfc7f6572b77,"And now we’ve confirmed that strange emblem... Next time we see them, we can’t let them go!"
1343261936,d64b2ee94cfeb95c058cd7df4af744cb39b281a5b4299ab7af3bef0d7b925d9f,"I put together new Holo-Battle stages here all the time.
If you need training, come find me—but don’t expect me to go easy on you!"
1343298172,837c3f350cb0b6bb08701949d9625b81f1200b527270dc6681e406cade960ab2,Give me back my darling! I’ll fight you to the bitter end!
279817655,75a125da1e0ba61472c6a0ce8119cf339e60759e45688f9c08a5424eff3951ef,Talk to Dr. Lewis.
1343309177,75a125da1e0ba61472c6a0ce8119cf339e60759e45688f9c08a5424eff3951ef,Talk to Dr. Lewis.
1343315973,5b48c0bcfa0873bf8333673f3d67ab3c17a74d485ddd8a22306e3921cc87cf7d,Obtained from a collaboration.
1343335811,31e392d1c0378beca611de66c0f4c71cba29159905cc54242d9bddee5b23d851,Apply
1347413725,31e392d1c0378beca611de66c0f4c71cba29159905cc54242d9bddee5b23d851,Apply
1445766407,31e392d1c0378beca611de66c0f4c71cba29159905cc54242d9bddee5b23d851,Apply
1452934279,31e392d1c0378beca611de66c0f4c71cba29159905cc54242d9bddee5b23d851,Apply
1454018951,31e392d1c0378beca611de66c0f4c71cba29159905cc54242d9bddee5b23d851,Apply
1486576349,31e392d1c0378beca611de66c0f4c71cba29159905cc54242d9bddee5b23d851,Apply
1567295915,31e392d1c0378beca611de66c0f4c71cba29159905cc54242d9bddee5b23d851,Apply
1636889350,31e392d1c0378beca611de66c0f4c71cba29159905cc54242d9bddee5b23d851,Apply
1667032827,31e392d1c0378beca611de66c0f4c71cba29159905cc54242d9bddee5b23d851,Apply
1716224865,31e392d1c0378beca611de66c0f4c71cba29159905cc54242d9bddee5b23d851,Apply
1717100873,31e392d1c0378beca611de66c0f4c71cba29159905cc54242d9bddee5b23d851,Apply
1755468858,31e392d1c0378beca611de66c0f4c71cba29159905cc54242d9bddee5b23d851,Apply
1838501792,31e392d1c0378beca611de66c0f4c71cba29159905cc54242d9bddee5b23d851,Apply
2027459356,31e392d1c0378beca611de66c0f4c71cba29159905cc54242d9bddee5b23d851,Apply
1343341008,4786cd5110a4a25d7f290ecdc62053c3e521475e725dcee6df863e0e86fd9c60,Identify
1422159005,4786cd5110a4a25d7f290ecdc62053c3e521475e725dcee6df863e0e86fd9c60,Identify
1343357980,0384bf5cdee0c96defb85c35ea407bd9a4d29bef370f3ba021dcf423ce5311fe,press to go 
1365118045,0384bf5cdee0c96defb85c35ea407bd9a4d29bef370f3ba021dcf423ce5311fe,press to go 
1343368215,aec1ef444b9d3dc21d1c446cffa8666978e2a8497babf1c18cedf9d35578f0d5,"Dr. Lewis!
You mean..."
1343435380,99875e147796af25512753d1b6345bdc9ccedc6ad858064f90ac0b2b79f7bedd,Base Stats
1832600445,99875e147796af25512753d1b6345bdc9ccedc6ad858064f90ac0b2b79f7bedd,Base Stats
1914873066,99875e147796af25512753d1b6345bdc9ccedc6ad858064f90ac0b2b79f7bedd,Base Stats
1343438943,df2696d28cced6657f6ec6e2c6c574b4bbd5852d59e76914a9e5a8092f51a278,Full speed ahead!
1343469587,7a8756d35e14a2b995273280dd2f84b759c4fecd7777dce749ba3634d55ccff0,A Moment on TikTok
1453760382,7a8756d35e14a2b995273280dd2f84b759c4fecd7777dce749ba3634d55ccff0,A Moment on TikTok
1343476529,9b4b19376c493bac8eccc9f742966e110da59435b3be30548f468e2e49e85c58,Icewolf Frostedge
1343477060,a39829cd0f7cc44308c305b61671f54963d31594f2b49fba48f3f7218bfbd0ee,"Replenish the Branch's Energy with Lumin Amber, and perhaps the Area's ecology will change."
1343483255,012e23a9360b6cf6aeaee5e233882867a3d8f8e71336e57fd466ad44f5dfa048,<b>Friends<size=56></b>(3/10)</size>
1343529716,206c36a11db2af842f9cde954f27b9613e1843ad90aaf09fb5685f22208c5769,Pine Tree
1990477917,206c36a11db2af842f9cde954f27b9613e1843ad90aaf09fb5685f22208c5769,Pine Tree
1343592185,f5387f9bb6ed70315a77fdcb9335facc27a9bf241f35955bd2755c55e0c016c7,Kind
1343604876,61eb018f78f06a42cade53251f43774df8433b5876a34418db403ebf01efdb7f,"Keep warm or freeze, it’s a simple choice."
1343610778,6070b3181f5f216a0a5a821353a544b535dcde65469ae4288bcf316fca8a2b8f,"Time has weathered the surface into a mottled blur, and most of the carved patterns have faded beyond recognition."
1343623268,52c8c11f7fa2a23a86ce3fc3532063122b092ce0e867c2f8b5567027fa08a54f,Growing
1343631872,c0b96b239f2a54227004b1a6b27fe18291b8fe7e6cda614618e0781077595c5b,"You toss a giant dice at the engaged Aniimo, inflicting buffs on it based on the number rolled:
*1 increases P.ATK; 2 increases M.ATK; 3 increases P.DEF; 4 increases M.DEF, 5 increases EP recovery speed; 6 grants all the above buffs."
1343676654,7158823650a8097bd60fecb4658f3936c9e382f08ebf71ae15aabc24172e3cea,Waiting for the friend to choose
1343699801,3cd60e9be100ee0741b06f3628216ad487d92c917a943867042ebe553d8a6dd4,"But that Emberpup’s words got me thinking—so what if I lose a hundred times? I’ll just call myself the ""Hundred Wins, Hundred Losses Warrior."""
1343736166,b515f0944cc4021053abc6503d5333d6a44067a38c36ad07842601981b593b9e,Select universal Aniipods to carry into the Rift (10/50)
1343746230,657a91a73e53380825584aa2986877751d7ec4f380fc34668ec8e4cdd51a0435,Wanderer’s Might
1458815681,657a91a73e53380825584aa2986877751d7ec4f380fc34668ec8e4cdd51a0435,Wanderer’s Might
1343755766,cbea15bcc39ee59dc123a7f47e6e37d0e619a75a4c4f39a122abfc8347d5ab20,It seems <style=Hint_BgL>activating this device</style> to generate strong wind power will do.
1343770769,2d9250f959958fe2ed772a00c033608951e80fb5e635901d634e2643d0f63414,Select your chat bubble and custom message
1343798051,48ddc419422e080af254621e303872f4e60dd6e459be85e06838f022b0f2953b,Click-clack...
1651353039,48ddc419422e080af254621e303872f4e60dd6e459be85e06838f022b0f2953b,Click-clack...
1343804715,46cd0bbad6c1c5ab89a2344f98edf1714eb9854e0567684b91818efb947d5fc8,"Exploration is the pursuit of the unknown—never stopping, roaming the world.

Freely explore the vast world and challenge powerful Alphas and Omegas. Solve the world’s mysteries, collect Lumin Amber to power the Branch, nurture the ecosystem, and bask in the Prismana Flow. Travel with your Aniimo and write a chapter that is uniquely yours."
1343806644,449e3aab7de6f802ebb768de8a4e0f2ed0cbc71bdabb6fa9447909a5f301057a,Advanced Edition
1637448768,449e3aab7de6f802ebb768de8a4e0f2ed0cbc71bdabb6fa9447909a5f301057a,Advanced Edition
1343850572,4b63b96ae5c589ab93aa1024699b1137f822d73f3f4d6cd2749bbf4fa9193440,Stun
1357575089,4b63b96ae5c589ab93aa1024699b1137f822d73f3f4d6cd2749bbf4fa9193440,Stun
1751579062,4b63b96ae5c589ab93aa1024699b1137f822d73f3f4d6cd2749bbf4fa9193440,Stun
2086208670,4b63b96ae5c589ab93aa1024699b1137f822d73f3f4d6cd2749bbf4fa9193440,Stun
1343858717,85c68054e1f8acf4339a126a47c3e2c3df882cdd0e3951c42c82cb859ce8160f,Life in Idyll
1343877745,c2dc03b6c0e20c749c83129046e254dc38da1ae7ef0286ceb7c886a06d6e431e,Take the Reward
1343900360,448caf1cea35ce8c7d61078ac81d91032cbf1dcf7da0fb2fa60972b066c00545,Up ahead is the Institute History Hall.
1343900461,1dc1453c502d7c071a92b5e3e4f5f94ce8e1ffb508248653d8af93f5e866942a,"1. During the event, log in to the game each day to complete that day’s check-in and earn rewards based on your cumulative check-in count.
2. The daily check-in count resets at 04:00 server time. Check in for a total of 7 days to claim all rewards."
1521081884,1dc1453c502d7c071a92b5e3e4f5f94ce8e1ffb508248653d8af93f5e866942a,"1. During the event, log in to the game each day to complete that day’s check-in and earn rewards based on your cumulative check-in count.
2. The daily check-in count resets at 04:00 server time. Check in for a total of 7 days to claim all rewards."
1607861729,1dc1453c502d7c071a92b5e3e4f5f94ce8e1ffb508248653d8af93f5e866942a,"1. During the event, log in to the game each day to complete that day’s check-in and earn rewards based on your cumulative check-in count.
2. The daily check-in count resets at 04:00 server time. Check in for a total of 7 days to claim all rewards."
1699735997,1dc1453c502d7c071a92b5e3e4f5f94ce8e1ffb508248653d8af93f5e866942a,"1. During the event, log in to the game each day to complete that day’s check-in and earn rewards based on your cumulative check-in count.
2. The daily check-in count resets at 04:00 server time. Check in for a total of 7 days to claim all rewards."
1343901906,9f931d4cab23de2603b301e1e9cf659638b734adc7369bf0a71eb48356d87f40,"+<style=Hint_BgL>{param0}%</style> P.DEF and M.DEF
Every <style=Hint_BgL>{param1}</style>s, deals True Damage equal to <style=Hint_BgL>{param3}%</style> of the user’s P.DEF and M.DEF to targets within <style=Hint_BgL>{param2}</style> m."
1343902404,5bc1b3bf7517467f3d2dfcd20d28b6eec3b00d060f42521b8cd06863c94f5288,Wearing it feels like drinking a chilled orange soda — it leaves you feeling energized.
1343942915,fb4bd097c63e03e920758d5464ce8f9ec22630bb36841f69861c301b2f89bd22,"Healthy Gaming Advisory:
Reject harmful games and pirated games. Protect yourself and beware of scams. Moderate gaming benefits the mind, while excessive gaming harms the body. Manage your time wisely and enjoy a healthy life.
Approval No.: Guo Xin Chu Shen [2024] 2159 ISBN 978-7-498-14108-8 Publisher: East China Normal University Electronic Audio-Visual Press Co., Ltd.
Copyright Holder: Shanghai Qule Candy Network Technology Co., Ltd. Operator: Shanghai Qule Candy Network Technology Co., Ltd."
1343965750,2e8e03fe812e54415d98067ebbbdb19d936d09fb1b5c456a37132cfc292b6853,Colorful Moondew Radish
1629397594,2e8e03fe812e54415d98067ebbbdb19d936d09fb1b5c456a37132cfc292b6853,Colorful Moondew Radish
1667790499,2e8e03fe812e54415d98067ebbbdb19d936d09fb1b5c456a37132cfc292b6853,Colorful Moondew Radish
1864163663,2e8e03fe812e54415d98067ebbbdb19d936d09fb1b5c456a37132cfc292b6853,Colorful Moondew Radish
1343967439,334afd66f4906743be9b72a1b3c842978b7cf7b1eb4c71feab03bfdeb15e4200,Aniimo Compatibility Score
1343981167,ec66e8f577a2bf1e4d13465fb292bee906a9c97d2951a74729194ff1f97f7ab6,But everybody says it’s dangerous out there...
1344032641,70b1ba51a241008948d42b2c571d16ff1640414fc1142295b8caef7198dcdb34,Plot Name
1402893594,70b1ba51a241008948d42b2c571d16ff1640414fc1142295b8caef7198dcdb34,Plot Name
1344033578,259eb3f826726bb45ecf91ec3a244887b3ecdc93071ca894b8a02f3acba67641,Eyebrows 3
1356291080,259eb3f826726bb45ecf91ec3a244887b3ecdc93071ca894b8a02f3acba67641,Eyebrows 3
1344073988,22b94f9a05da18083c2b7d5b2810a1e94526b417a5c31ab3a6757902bbba80a0,Patterned Cement Tile - Pale Green
1626479957,22b94f9a05da18083c2b7d5b2810a1e94526b417a5c31ab3a6757902bbba80a0,Patterned Cement Tile - Pale Green
1344076897,cbe485b4fa0d819962bb1ad190781d838193694721ab716d0e7b83748f281747,"Don’t cry, Tucker! I know I’m a little late, but look what I brought you!"
1344123997,fd9c6c387debc9fe80435f5cb089aad87967b38bcffdad1e566a36271cf3cfec,Pierre
1349306240,fd9c6c387debc9fe80435f5cb089aad87967b38bcffdad1e566a36271cf3cfec,Pierre
1364140906,fd9c6c387debc9fe80435f5cb089aad87967b38bcffdad1e566a36271cf3cfec,Pierre
1411344541,fd9c6c387debc9fe80435f5cb089aad87967b38bcffdad1e566a36271cf3cfec,Pierre
1457040641,fd9c6c387debc9fe80435f5cb089aad87967b38bcffdad1e566a36271cf3cfec,Pierre
1846060128,fd9c6c387debc9fe80435f5cb089aad87967b38bcffdad1e566a36271cf3cfec,Pierre
1924975802,fd9c6c387debc9fe80435f5cb089aad87967b38bcffdad1e566a36271cf3cfec,Pierre
1344130047,05f1e717165efb497253bbe167c39adf9642334681cdc2ab901acee371aca83e,Reach Prismatic tier for your Chirpi research level
1344130800,d7e18252554ed747be4ce51c139cae8480abf45dacbd607e06105aa47e90f1d4,SP Recovery Percentage
1936137162,d7e18252554ed747be4ce51c139cae8480abf45dacbd607e06105aa47e90f1d4,SP Recovery Percentage
1344146333,3e9a3ac683b89139abab15fe6b27a0c9821e2872f3980ca957c770943a3cb165,Delete all message stamps
1344146664,be1cda7551e7b461ded83c038d8a8dc4f15b3cf3a7f0ebe635144f2a6f5befa2,Storm of Justice
1961795056,be1cda7551e7b461ded83c038d8a8dc4f15b3cf3a7f0ebe635144f2a6f5befa2,Storm of Justice
1344156771,af7c94e04fa6218d60a095fdeb9079906332e22086fa09664bc0752d10292b9e,No Aniimo selected — Combat
1344183214,3cf996906316b5e07e1ea433978b0b3e8c82701170e4789634ad43d80fec8f53,Catch 30 Aniimo
1344192787,3fd0b69341d9996bab6555f4570e69e55c928c51a58c8ad3787e844119d5599e,Ornate Clay Pot
2000431750,3fd0b69341d9996bab6555f4570e69e55c928c51a58c8ad3787e844119d5599e,Ornate Clay Pot
1344203610,b6dc040aedd366afa44c72fff79bf85c08228bf04e928dc51f7ba79e09d1377c,BREAK DEF
1349252949,b6dc040aedd366afa44c72fff79bf85c08228bf04e928dc51f7ba79e09d1377c,BREAK DEF
1386720978,b6dc040aedd366afa44c72fff79bf85c08228bf04e928dc51f7ba79e09d1377c,BREAK DEF
1510347154,b6dc040aedd366afa44c72fff79bf85c08228bf04e928dc51f7ba79e09d1377c,BREAK DEF
1540957670,b6dc040aedd366afa44c72fff79bf85c08228bf04e928dc51f7ba79e09d1377c,BREAK DEF
1569073706,b6dc040aedd366afa44c72fff79bf85c08228bf04e928dc51f7ba79e09d1377c,BREAK DEF
1630389454,b6dc040aedd366afa44c72fff79bf85c08228bf04e928dc51f7ba79e09d1377c,BREAK DEF
1706628976,b6dc040aedd366afa44c72fff79bf85c08228bf04e928dc51f7ba79e09d1377c,BREAK DEF
1861428750,b6dc040aedd366afa44c72fff79bf85c08228bf04e928dc51f7ba79e09d1377c,BREAK DEF
2117942130,b6dc040aedd366afa44c72fff79bf85c08228bf04e928dc51f7ba79e09d1377c,BREAK DEF
1344228899,241673ec40f8e480f47bb482718ff3ab7c8d0f5fb78c5e01909fb8b2835b29e7,Move Backwards
1344248021,1c39d46184ee510c8fe660bdbc0db82c2fdcc954105f498d0040cda2581af49a,"Susuta, in order to become an excellent Pathfinder like Instructor Lita..."
2050882422,1c39d46184ee510c8fe660bdbc0db82c2fdcc954105f498d0040cda2581af49a,"Susuta, in order to become an excellent Pathfinder like Instructor Lita..."
1344271917,8299c6a162f01155c8f11495536257ccdaac71a660c7a316b9a74c63dbf8a216,HP Display Mode
1344286020,159113d16691570be548de4ed72eaab30bb83e87f4d8593d8f13e5627e592a37,"<style=Hint_BgL>Temporary item. Usable only in this game. Cannot be taken out during extraction.</style>
An Attack Amplifier chip with the Blink skill. Avoid using it while facing a wall."
1344289766,fdee641ff853ef1bc69c21b12b20ee944be7dc951b5c91f74a8acfd4a5335206,Little objects that stay beside you each day and fill it with small moments of happiness.
1470301302,fdee641ff853ef1bc69c21b12b20ee944be7dc951b5c91f74a8acfd4a5335206,Little objects that stay beside you each day and fill it with small moments of happiness.
1344296859,a4c2bebf74b0e20af83c8d11e63abec32bfa7c82db2557cc17845251733e5d24,Tousled waves whip in the howling wind.
1378291674,a4c2bebf74b0e20af83c8d11e63abec32bfa7c82db2557cc17845251733e5d24,Tousled waves whip in the howling wind.
1344303735,2dd90a70c271dd5937a888d95e266027aacc999b2d61e94cd13763babb935699,Starburst - Mist Gray Tall Brick Wall
1794257570,2dd90a70c271dd5937a888d95e266027aacc999b2d61e94cd13763babb935699,Starburst - Mist Gray Tall Brick Wall
1344308026,1553b7404b33d39544763acdcef3eed19fd50b482f5f0439a9f687c2f75a9844,Total Accessory Score: 108
1344325080,b47b2bccf4208443f283549fb4cf263a0f66cefe81761c526fb1698d951e998e,View Boss
1344420873,9d21517636331ab7373e5851d6f83fccb160a671c5e4b083fe8a47a95aaaf788,"Text (placeholder) Bloomville is under the protection of the Iris Guardian, and there is a Legendary Aniimo Somniwing balbala, the Bloom Festival is the most important Sol in Bloomville, people on this Sol baabala............"
1344424628,d671178a17d531a6f1247724536cd4d3de98dccc12f7678d0369a04da5803858,Will you continue practicing on the track?
1344455086,0272d42b7344a29be5fe69d1b6a8d5a36f093d62d419cde8e1c496456753bebd,Goo-woo... hoo-hoo-woo!
1344476476,a37d02bf17228c4bca13abe44e9d54b9f8461f61e997fc8ff292b16b23cdff35,Load +6
1344620664,1fe41f586d80bfd9efcaa64f290169f15fc48b08085a43b5f589c4f8aa05cf73,Wind of the Whistling Plains
1344662820,d887326fc145dbf26621cafe76fd36dab1903228b0548461404f37d42e9d437c,Action failed. Insufficient target space.
1344663299,e6c42549cc012d0c9371294ac96f67f57a1c4ac3e10e735faf6386d962cc34d5,Pensive Pebbling
1933909880,e6c42549cc012d0c9371294ac96f67f57a1c4ac3e10e735faf6386d962cc34d5,Pensive Pebbling
1344679648,5cfb2196b7750f983500bff6608bb585f15afa99e391b2a1c3e1bbcb9e90183e,Perfect BREAK Egg
1344682580,94b06c88b0a4d98a9e631402217e3c73bbd642413362736ce09ec3b878f7f13b,So that’s what it was? I thought you were sick!
1344729560,ec1ef9e7dcbf56accd89da726f39215dfb91ca746e8ded08399848e847ad56c2,Why does everyone keep bothering me?!
1344737412,382c1f407f52167fa727278c745ee6363116971809f29a92b1b892b768f65f5c,"And there are crops flourishing here, trees, flowers...
Even if you don’t think this counts as a new way of life, at least the happiness you created here is real."
1344772692,a8147c4faa358e9b0206e1d5ed681a0fa48c83159d51bae40058550cd5e419c0,Character reaches Apprentice Rookie
1344781683,665a2e49e1d29099300d92f050c2867903340ae52711be4162444a54dd262c64,Journey of Trials Glimmer Pack
1344821217,d6deed8733a99d57829db39da1f5ab35c1e2270845670b23b40ccb904de3cab9,Specify the maximum number of monsters within the selected modification range.
1344823225,14e8ab93ef9270472040491f97cb0af9959aea1859c73b346d7bcbdc31d88045,"I'll leave the customer to you, Uncle.
I need to go prepare the spices again. I haven't finished preparing <style=Hint_BgD>the spices to be offered to Lady Irelia</style> tomorrow!"
1344833402,4c279fbfef02bb5da4f1aa61aa042533658610ff44a66e078734b1408eb0d7b6,Bot153005
1344869684,f90f5bb18d338be9296845975fb72f13bb4bc19183eec2d2e4b7d8b524542266,Press X.
1544408534,f90f5bb18d338be9296845975fb72f13bb4bc19183eec2d2e4b7d8b524542266,Press X.
1344871819,c1b959a56cd9e45282cc745be64fb05c93cf00178c125c0d3c4ec229557b6c56,"Bloom staticId (required for offline Pathfinders; if omitted for online Pathfinders, the current Area is used by Default)"
1344883550,7a08c736d9cd87ae0debe8bc8daf93382be3a6b2361d8f8efedd93b9745ab476,Thorny Blessing
1482104018,7a08c736d9cd87ae0debe8bc8daf93382be3a6b2361d8f8efedd93b9745ab476,Thorny Blessing
1490707988,7a08c736d9cd87ae0debe8bc8daf93382be3a6b2361d8f8efedd93b9745ab476,Thorny Blessing
1668496957,7a08c736d9cd87ae0debe8bc8daf93382be3a6b2361d8f8efedd93b9745ab476,Thorny Blessing
1344896920,730bf3180978a8d404881e0c26e01f7adfeb40b659b93fff04c63302150e80a8,"Bring your Aniimo and unleash your strongest punch on the <style=Hint_BgD>Coilstrike Strength Tester</style> by the entrance!
Use one Coilstrike Coupon to play once!
Let me see how high you can push the gauge!"
1344909516,3efd95f0961c35f8d6c68c37b904cb98d9bf61c6c6668a7518808bdde49e27e2,"Increases the party's Fire Elemental Boost by <style=Hint_BgL><customRichText(calcData,buff,96999302,param0,1,%d)></style>. When Energy is above <style=Hint_BgL><customRichText(calcData,buff,96999302,param2,1)></style>, the effect increases to <style=Hint_BgL><customRichText(calcData,buff,96999302,param1,1,%d)></style>."
1860013261,3efd95f0961c35f8d6c68c37b904cb98d9bf61c6c6668a7518808bdde49e27e2,"Increases the party's Fire Elemental Boost by <style=Hint_BgL><customRichText(calcData,buff,96999302,param0,1,%d)></style>. When Energy is above <style=Hint_BgL><customRichText(calcData,buff,96999302,param2,1)></style>, the effect increases to <style=Hint_BgL><customRichText(calcData,buff,96999302,param1,1,%d)></style>."
1344913551,c7261fbbd81df186c9f640512b6c89863f7721c89f1041efb9d4808c9395396b,Ahh!!! Stay back!
1344951923,175458c4b991ed8a56bcd747f33b20992f60162e660263299b2bf029dee9e950,"So that was a dream? I saw it too!
Crying parents, a sick baby, and an... Iris?"
1344975792,c2fd6517251f987e9f04c0b1477cbfe16048ccda6a33e448a1021b7b51ebce5c,"They usually eat nectar and dreams... or aspirations, I guess."
1345004935,cc40fa5817cb11440a8feede469f8b197b431183bdb31e8db04e4382068882c4,Free Companion Handbook Level 59
1805291931,cc40fa5817cb11440a8feede469f8b197b431183bdb31e8db04e4382068882c4,Free Companion Handbook Level 59
345526662,8f0d1b30eba5742686a57f8305a2b0455e7148c428fc4b36743a23b97982e6e0,Pet
395449609,8f0d1b30eba5742686a57f8305a2b0455e7148c428fc4b36743a23b97982e6e0,Pet
1345007151,8f0d1b30eba5742686a57f8305a2b0455e7148c428fc4b36743a23b97982e6e0,Pet
1449496133,8f0d1b30eba5742686a57f8305a2b0455e7148c428fc4b36743a23b97982e6e0,Pet
1848911725,8f0d1b30eba5742686a57f8305a2b0455e7148c428fc4b36743a23b97982e6e0,Pet
1850007654,8f0d1b30eba5742686a57f8305a2b0455e7148c428fc4b36743a23b97982e6e0,Pet
1345034093,78b199caa124625560458215c638da4227f276a245195ae31da46aeae99d5b6c,Starbloom Moonlight
1875554504,78b199caa124625560458215c638da4227f276a245195ae31da46aeae99d5b6c,Starbloom Moonlight
1970954871,78b199caa124625560458215c638da4227f276a245195ae31da46aeae99d5b6c,Starbloom Moonlight
2052182297,78b199caa124625560458215c638da4227f276a245195ae31da46aeae99d5b6c,Starbloom Moonlight
1345039756,914272c66f1ccc4fba2f9e556eb4f64a86d5658e892df2bae95c49b7ca676ac8,Research Quest
1851712543,914272c66f1ccc4fba2f9e556eb4f64a86d5658e892df2bae95c49b7ca676ac8,Research Quest
1345101055,b4f59a6b362dbaeae913182c04c32c5a252fcfc999ff5bd1ac0f1622c1676627,Press #kCommon/GamepadConfirm#z to view badge details.
1345102739,a5233926631f3ac79547c906044a4eb8e7027898040ab80716efe0c804849d37,Woah!
2122355635,a5233926631f3ac79547c906044a4eb8e7027898040ab80716efe0c804849d37,Woah!
1345110533,c81a9611a1471afaf17b97359a1496fb2bf516cdc74f56870731607ad56685e0,Omega Infergon
1448007822,c81a9611a1471afaf17b97359a1496fb2bf516cdc74f56870731607ad56685e0,Omega Infergon
1516829930,c81a9611a1471afaf17b97359a1496fb2bf516cdc74f56870731607ad56685e0,Omega Infergon
1670915317,c81a9611a1471afaf17b97359a1496fb2bf516cdc74f56870731607ad56685e0,Omega Infergon
1715883727,c81a9611a1471afaf17b97359a1496fb2bf516cdc74f56870731607ad56685e0,Omega Infergon
1736251992,c81a9611a1471afaf17b97359a1496fb2bf516cdc74f56870731607ad56685e0,Omega Infergon
1756995822,c81a9611a1471afaf17b97359a1496fb2bf516cdc74f56870731607ad56685e0,Omega Infergon
1919464917,c81a9611a1471afaf17b97359a1496fb2bf516cdc74f56870731607ad56685e0,Omega Infergon
2012245126,c81a9611a1471afaf17b97359a1496fb2bf516cdc74f56870731607ad56685e0,Omega Infergon
1345139475,95e48208054d8bc5ca873fb2645d740b1e9e88931fef80309f106cf1045fbc7c,Warm golden lights hang indoors and across the windows like strings of stars.
1697051886,95e48208054d8bc5ca873fb2645d740b1e9e88931fef80309f106cf1045fbc7c,Warm golden lights hang indoors and across the windows like strings of stars.
1345143181,b81effb45533eac7eb9d66b100cc9ba1ff07c7e0f4b8fe6813c6852a39ebc243,"Oh boy... When I have time, I should <style=Hint_BgD>head over to the Battle Art Department and see Instructor Lita</style>."
1345149031,13f5e270aa7f671ee2769674c47f4c35e6f0d35df8cb08e7da10d8a12f303b7e,Sleeping outdoors isn't very safe.
1345154144,9511a7e191dfaee759f44c986272142b5355b75b69ae571803196627b4d5a528,Aniimo level 29.
1384036954,9511a7e191dfaee759f44c986272142b5355b75b69ae571803196627b4d5a528,Aniimo level 29.
1484525846,9511a7e191dfaee759f44c986272142b5355b75b69ae571803196627b4d5a528,Aniimo level 29.
1522681983,9511a7e191dfaee759f44c986272142b5355b75b69ae571803196627b4d5a528,Aniimo level 29.
1557228286,9511a7e191dfaee759f44c986272142b5355b75b69ae571803196627b4d5a528,Aniimo level 29.
1913886391,9511a7e191dfaee759f44c986272142b5355b75b69ae571803196627b4d5a528,Aniimo level 29.
2110418783,9511a7e191dfaee759f44c986272142b5355b75b69ae571803196627b4d5a528,Aniimo level 29.
1345157864,2f2f575b674fa32562eab7096db04410b35a9b54e08f65b34a9af43a87be617a,Furnaces
1345159629,e25e62aa610568038df4fb9d0a8cc677778bc87c4aab3ef4ab0db1f1e93f0672,Switch Aniimo
1462751312,e25e62aa610568038df4fb9d0a8cc677778bc87c4aab3ef4ab0db1f1e93f0672,Switch Aniimo
1345164434,2b0fbbe3cd980d2722e23359872d1fdcd3a961f972e3ead962c52cfcf83661dc,Garden Straw Hat
1476872862,2b0fbbe3cd980d2722e23359872d1fdcd3a961f972e3ead962c52cfcf83661dc,Garden Straw Hat
1345165687,7753a7524ded29e7773cfbc005b70d8b7911a5dada8d473d42122c946f871b9f,"I should thank you too. And thank you for helping me find Pippi!
Pippi has grown so much, so I’ve got to do my best too!"
1345173242,df027350e078ead9f399657796d54223757f0d17a2c4decc7cdc8f5d7fce4532,Show him the Voxel Cube you found.
1345180437,1503916a2ab2b0fd6768d3455fd8f2d9aa3b31333a8507dadcad983704a975d7,Tag
1523218559,1503916a2ab2b0fd6768d3455fd8f2d9aa3b31333a8507dadcad983704a975d7,Tag
1895434115,1503916a2ab2b0fd6768d3455fd8f2d9aa3b31333a8507dadcad983704a975d7,Tag
1345186814,7c88433aab814e31f1d4dd04cc7181b4820ca626366a8329f2e0520739e4df4f,They’re having so much fun! I don’t know why... but they look happy...
1345244113,96559b194fd1533e4bfc9702292b8872c72fc818f52580e4c25507d283e1cc72,"Oh no, oh no, Master is still waiting for this ant. I'll be going now~"
1345247660,53a56d07cd8896585dc9c2b889d874c9df2da75c6cdb5e4f94f45548e7f3ad6e,"Even Irelia cannot make color out of nothing.
So I didn’t just ""give"" you color."
1345254778,57685895fccd4164226ec0d0625bdc9a89a530f10b429f6d8e540680c8c5326c,Omega Challenge
1345295561,66ed016b097cd6037ef0d7fcf1bbc563b61f5181098e812ed4e64616dcccc5aa,"Great! Now we can head back to the castle, and I even found a perfect spot for placing decorations. We should hurry back and tell Master!"
1345323191,21b62fd902ceaf77aecd64ca69b4aae29a4de4cb0f39a8e5e1c4fdb6522a3fa9,The Angry Bolty knocks the Huffy Bolty away...
1345332148,df36d41e40e6fc1183dbe947b677e0c120ce9adaa97eb9c81ad534022c0c90da,Huge Shining Moondew Radish
1479132983,df36d41e40e6fc1183dbe947b677e0c120ce9adaa97eb9c81ad534022c0c90da,Huge Shining Moondew Radish
1875836843,df36d41e40e6fc1183dbe947b677e0c120ce9adaa97eb9c81ad534022c0c90da,Huge Shining Moondew Radish
2041161498,df36d41e40e6fc1183dbe947b677e0c120ce9adaa97eb9c81ad534022c0c90da,Huge Shining Moondew Radish
1345346612,5e59cf7bde85411312fae9f27b491fa89f4e69a6f6f9bc875aaa8e3cc692f717,Thunder Strike
1345370755,2f13fff917514c3cdfc2c812740dc045cdc3e8dea733ebbb8b66429930381580,"Still as glass, the well water mirrors an inquisitive Aniimo leaning over for a look."
1345374667,e8eed415c9041d8f78a0420e928e589f5cda817dba7f2e0840c01fd9c1574d85,"The land was saved and transformed into a flourishing sea of flowers...
And Bloomville was no exception."
1345397243,31f5d4037e8cadcaf395558865a515538e20f080fde03ef95e73b1b32aa96d67,"Every flower has thoughts and feelings of its own! If we listen closely, we can reach the inner world of flowers."
1345399612,19ba4d577a064efe226b53794c95e3d60834325164380d565929fe3926007b29,Protective Unit - Exploration
1701898791,19ba4d577a064efe226b53794c95e3d60834325164380d565929fe3926007b29,Protective Unit - Exploration
1828453186,19ba4d577a064efe226b53794c95e3d60834325164380d565929fe3926007b29,Protective Unit - Exploration
1830918740,19ba4d577a064efe226b53794c95e3d60834325164380d565929fe3926007b29,Protective Unit - Exploration
1969149313,19ba4d577a064efe226b53794c95e3d60834325164380d565929fe3926007b29,Protective Unit - Exploration
1984818050,19ba4d577a064efe226b53794c95e3d60834325164380d565929fe3926007b29,Protective Unit - Exploration
1345445435,82e1fa2414e40505ab27f84f1322396d654b3c163246171a0b573b59cd60ea1b,So hot... So dizzy...#&@%
1345469357,7f2465ac7cefab2766e6ee0714647089df9364b0ff09858c84b21b8a436a845d,Equipment
1345471425,a26afab450b342a94877616badb9fea6aff774eaad7806382db1572c765e86e8,How to Obtain (Placeholder) How to Obtain
1345480205,83f5110b7a1747f83fac3547f1d5ea3b699bd1f17259fb870cbe2304f4b17b1d,Runaway Amber: Woods Glide
1345484407,be9e8fd29e4621bd2c362338f7f8d41e209dd903809c15ab518a458d48f7367b,Iris - Bud Barrier
1345487148,797f8758322177630b7bd410b18f26627d3b4f6628e4b754bc2e1b9aa954fec6,"After you comforted %s, they cheered up and happily returned to building the Home."
1345488512,b6a85fa61962b7023ffa71d7e50d45d5617636d2f5238e9cb026ad814f449ff7,Scan an image containing a QR code
1345505872,5515c18ffe653cabe5a9260268064f28a5d98dddbaab65eb85183b774f1d8a53,Use to unlock the <style=Hint_BgL>Cool Summer - Duckie Swim Ring</style>.
1345539558,095122c83b9ea9a39b9fb968aabcea65702cc023d218e4f1b8ff27b321ce1f05,"Fair prices, honest deals for all! Come visit the shop if you need anything."
1345569490,b916bf811adb25b686127249221efcbac800b53d8d9d3caf5c8f95908e189733,Go to Change Linked Account
1345595847,10bd31d5d019d694252061f055e76e77f4794c70dd7336f28c83d747741c5240,"Yep, that's the one, <style=Hint_BgD>New Area Preliminary Expedition</style>
As the name suggests, the Academy has discovered an unknown Area and is preparing to organize a team for exploration."
1345595969,ece3afff9c38484bc30022d55deeedd9566aa2fe632ec545f663034f7e2bc1ac,{0} time(s)
1345597392,e813a472a4240687fb611f0db51b353c3a594c774beb7d5a6d89cfae6e6d3a42,Home Event Text Config Table ID
1345598231,b5c821a0f1c90cf396eedba81b45af969ff038f359e17dd1d0e3747d244dc090,"It’s you, Aniimo thief!"
1345619970,24274470c3b92a5935746f3ececdb4b57c330a8216d86c8f967125797f018d6a,"If it gets angry, it would be a big trouble for Nimbis! Let’s find it!"
1345649296,7c87130d1e45b21f314d922727415aa472bb27e8bdb4f052d9a0e2a1ccd22ed9,Really? They give you a badge for that too?
1345692794,f6a5418c2fd992bed718b020fad905736e91f6bbe4d50a1bdf672162023ff6bd,You can claim the First Clear Reward only once per season after clearing the training on a certain difficulty. Training Incentive refreshes weekly; clear the highest difficulty directly and you can claim all Training Incentives from the lower difficulties.
1345731969,c66f53a98c2cb8749d74ad27f0858385f30f41f71ed504392a555eb35fde5001,Star-Kissed and Moon-Crowned
1685750077,c66f53a98c2cb8749d74ad27f0858385f30f41f71ed504392a555eb35fde5001,Star-Kissed and Moon-Crowned
1874404270,c66f53a98c2cb8749d74ad27f0858385f30f41f71ed504392a555eb35fde5001,Star-Kissed and Moon-Crowned
1345739124,c7b1c28c1481ce28a6427396d3d1461bc4986efd7b75caa32c214bf8f27ac462,"In Gravity Pull mode, <style=Hint_BgL>scroll the mouse wheel</style> to fine-tune distance."
1345758616,924a1a75e6ae9618cdc2f6f4b4040988971f111e4a21d701ada1961437d61ea4,Who’s first? Let’s see who’s the toughest!
1345803811,b860810b5d7431382aa50e4f37efb198c620a2b423eb2640c1172ab029d4bfd0,Just because I showed you some respect doesn’t mean you’re the king of the world! This cave isn’t big enough for the both of us... I’m staying put!
1345805887,75d255fdea49b161859c2803e44a24667010aa0709d1fb3b61df41126814dcd4,This Aniimo radiates its signature Sparkling glow. The Aniimology classifies this variant as the Family’s Sparkling Type IV
1345825207,4a72e4b99dd592e41a08275308975cbfa2af73dc71096a07c215875c7e2357db,"Weightless seed that drifts on wind, landing to grow into steadfast willows."
1345826037,eb2d129a01661253d8907535686c5de18e59755e5eeeff1123692208db52dfa7,Deliver the Ingredients to Velouria
1345828459,887dd0eb3d6d0d6d875a5269473e6d4667fd18e834e1a484d2152abd08ff0ef2,Loot This Match
1770888666,887dd0eb3d6d0d6d875a5269473e6d4667fd18e834e1a484d2152abd08ff0ef2,Loot This Match
1345831827,1c59f79b09a21ad3d41b294fbb6a629619ba368a9d7a71debe80f4fcdeef0bf2,Environmental Nourishment
1365118086,1c59f79b09a21ad3d41b294fbb6a629619ba368a9d7a71debe80f4fcdeef0bf2,Environmental Nourishment
1345840749,ac04d01560837b64a140ffa7cb06312a13c1dcd3fb0fb77d9133c0f0ce81eb62,"#playerName#, wake up! The Bloom Festival is about to start!"
1345850271,38ccced9c03cbf8d3665bd98d83d12cb3c96ca86fd4794332732b3758c2ffb5b,"Psychic energy does take up space though, so once the bottle is full, it’ll stop capturing more.
Make sure to <style=Hint_BgD>come by regularly to collect the Bud Tickets inside</style>."
1345863736,f765638e8011eeebb495b5c13616f3a47bde088f2a533510c984cf3223f8670c,Small Torch
1689207542,f765638e8011eeebb495b5c13616f3a47bde088f2a533510c984cf3223f8670c,Small Torch
1781075731,f765638e8011eeebb495b5c13616f3a47bde088f2a533510c984cf3223f8670c,Small Torch
1988682047,f765638e8011eeebb495b5c13616f3a47bde088f2a533510c984cf3223f8670c,Small Torch
1345931083,1b05467a819c5e15aa7b256752bf2c660c70e5d0aa60ad10271cf53b23c5f3df,Capability Awakening Materials
1904855724,1b05467a819c5e15aa7b256752bf2c660c70e5d0aa60ad10271cf53b23c5f3df,Capability Awakening Materials
1346020490,553e587dcd62991c80aaab0b55daa0ef8b82f1b8d56ab056534adffdb8dd17a2,Insufficient Energy to switch Aniimo.
1346024683,ce08b195e96e72b802853444f0ea340edcf26aa1910b252f6ecb417769a367f8,A flower bed for your Home.
1508424737,ce08b195e96e72b802853444f0ea340edcf26aa1910b252f6ecb417769a367f8,A flower bed for your Home.
1346039669,56ef3d9c3622087d4c11b7a9b608c34a988cc15eb9e95d23ec51860799ef4025,I refuse to accept this! (Deprecated)
1346090953,c91c74220c0eb76467245b440eabd1ed64f3d79432cd5da46dd33d35492a8b5b,Subtitle Name (Placeholder)
1346155162,bb9cdbec3d67a0dc22f146d104bcc422711cde6647e650073a5d5ab2d7f26610,Apply this outfit?
1346165092,b8042ae200a0dc1ed0ae25510bc68f213708ee0c4b657a3c790def7331a58501,Let Me Taste It
1346174790,4e57c63daba87b59a023123c94b93b3ddc1b96f5bbeb27577514b79a6e0edbba,Take nectar back
1481648343,4e57c63daba87b59a023123c94b93b3ddc1b96f5bbeb27577514b79a6e0edbba,Take nectar back
1497758424,4e57c63daba87b59a023123c94b93b3ddc1b96f5bbeb27577514b79a6e0edbba,Take nectar back
1732565236,4e57c63daba87b59a023123c94b93b3ddc1b96f5bbeb27577514b79a6e0edbba,Take nectar back
1789573818,4e57c63daba87b59a023123c94b93b3ddc1b96f5bbeb27577514b79a6e0edbba,Take nectar back
1841957859,4e57c63daba87b59a023123c94b93b3ddc1b96f5bbeb27577514b79a6e0edbba,Take nectar back
1843698645,4e57c63daba87b59a023123c94b93b3ddc1b96f5bbeb27577514b79a6e0edbba,Take nectar back
1962136894,4e57c63daba87b59a023123c94b93b3ddc1b96f5bbeb27577514b79a6e0edbba,Take nectar back
1346187416,c14e8ddedca88fbefb4793f85fb892c862503761508d92cb479b47eab04ddcbe,Colors? Why?
1346187923,807750e0fb82f496fad934c6f56738af7a6f3a1cd51e393c009660f59d69bd74,Training of Fire - Hard
1346188414,99a43fff5c00e653df48b004cab35a5551134e845ec58b8e8bc3c8a7d41a5d19,"Continuously restores HP equal to <customRichText(calcData,buff,2104301,param0,1,%d)>% of the caster's max HP every second for <customRichText(buffConfigData,2104301,duration)>s."
1346192067,3a6fde03a6532579adc497b104c6af54d8eccdce50cd3328f7df838f80216ac7,Building Block - Dark Gray Purple
1543504551,3a6fde03a6532579adc497b104c6af54d8eccdce50cd3328f7df838f80216ac7,Building Block - Dark Gray Purple
1346204420,70f548c6b92c67fee41c837dee4f5dd2b8017347bc38fc90de03fd67bc6914cb,Wonder Egg
1350488012,70f548c6b92c67fee41c837dee4f5dd2b8017347bc38fc90de03fd67bc6914cb,Wonder Egg
1827996666,70f548c6b92c67fee41c837dee4f5dd2b8017347bc38fc90de03fd67bc6914cb,Wonder Egg
1346209056,3f0bdd399480ce7abed41a62c63ff0028917a0a1c7289ba861c0b4d89bfaf4dd,Start this course?
1346235727,7b18f83f9c8cb009dd7f0ab3cb52e165799cb2cf120536e9e5e3f3b11b05cef7,Hoo... hehe!
1427690966,7b18f83f9c8cb009dd7f0ab3cb52e165799cb2cf120536e9e5e3f3b11b05cef7,Hoo... hehe!
1694671982,7b18f83f9c8cb009dd7f0ab3cb52e165799cb2cf120536e9e5e3f3b11b05cef7,Hoo... hehe!
1860206579,7b18f83f9c8cb009dd7f0ab3cb52e165799cb2cf120536e9e5e3f3b11b05cef7,Hoo... hehe!
1955612075,7b18f83f9c8cb009dd7f0ab3cb52e165799cb2cf120536e9e5e3f3b11b05cef7,Hoo... hehe!
1346269667,8466db0ed4f98569d9899f869d40b3c16825e90a99e8ee8ce01329e436e6b235,What the...?
1428438641,8466db0ed4f98569d9899f869d40b3c16825e90a99e8ee8ce01329e436e6b235,What the...?
1346291856,54ef6c523e3225f21da1db366757e94916ce015c0ae87c95edb61d49c855df81,Already in your Home.
1346303511,7646be8848f5a96877c288de09e35015d21dbdd2577720135d644bc2e7f25ae5,There will be only one chance to catch an Alpha after defeating it. Switch to the most advanced Aniipod you have to catch!
1346313872,5ec2f4c68b782a2cd23d00a7d7c9419bfcbf09b864ed4b5a948cce17ff091268,Reach 70% Aniimo Collection Progress in Echoback Landing
1346404050,e51c2e2810fd254cb810314b84380ff6e76afe5b91266f0b8da155ab22e67dd4,Wooo... Doooo... Woooooooo...
1346438364,0989cae1d41a0959698dc72c24c00d917d385ca1f2aa9769ae0e9f6f505cad7f,Yeah! I really do!
1346440682,7b93966918998294ccbe3e31a729c8d734ef755c2dfcc8f460004dafb7ab52f6,Alpha Leafy
1692479359,7b93966918998294ccbe3e31a729c8d734ef755c2dfcc8f460004dafb7ab52f6,Alpha Leafy
1963468730,7b93966918998294ccbe3e31a729c8d734ef755c2dfcc8f460004dafb7ab52f6,Alpha Leafy
2039893085,7b93966918998294ccbe3e31a729c8d734ef755c2dfcc8f460004dafb7ab52f6,Alpha Leafy
1346488163,7ac95a3d0189b654d752e60b6d6da60beed1d7700cf872a6af744977702a54d0,"Socket Combination (Elua parameter, e.g. {[1]=101,[2]=202,[3]=303,[4]=404,[5]=501})"
1346504121,8e4d5ada1a30b78b02854e2cf6a9c258d93bf845844cc5b8cefd12eafbe19b2d,Fentuft
1496450141,8e4d5ada1a30b78b02854e2cf6a9c258d93bf845844cc5b8cefd12eafbe19b2d,Fentuft
1667222294,8e4d5ada1a30b78b02854e2cf6a9c258d93bf845844cc5b8cefd12eafbe19b2d,Fentuft
1752361556,8e4d5ada1a30b78b02854e2cf6a9c258d93bf845844cc5b8cefd12eafbe19b2d,Fentuft
1918383274,8e4d5ada1a30b78b02854e2cf6a9c258d93bf845844cc5b8cefd12eafbe19b2d,Fentuft
2103675410,8e4d5ada1a30b78b02854e2cf6a9c258d93bf845844cc5b8cefd12eafbe19b2d,Fentuft
2144876244,8e4d5ada1a30b78b02854e2cf6a9c258d93bf845844cc5b8cefd12eafbe19b2d,Fentuft
1346504496,2ba652bf51c69ebdd786645d1bc2657b924548e9aab835199f63a4c53057095a,That crate-pushing mechanism looks familiar. It’s a lot like the ones in Rosetower Woods.
1346565423,cc9b7616188c00446bcb82b387f6c0e6c22886d9caa0671be42eafe45586430a,Evolution Requirements
1346580883,24d9ba8e53ff919094cd65c1c048c365e8ba73901898d5ae7649ef075f22a520,Hummin grants Buffs to monsters
1346622599,d994c8ebe5e83a932399caa4b8d5b22975866be46242b9c0007a20a588d4e758,Lycus’s notebook
1346664098,21531098faf7f4043b55394d64093f30123ae52ae7b02b070d49bc99317cf643,"Release a grass Shield to protect yourself. While the Shield is active Over Time, you will not enter Abnormal Status."
1346665021,984b2048fc12b22f4ffdce51b61f66995890de1bf4f6e7fc43e47db492e1c80c,Blue Cap
1381307842,984b2048fc12b22f4ffdce51b61f66995890de1bf4f6e7fc43e47db492e1c80c,Blue Cap
1758932321,984b2048fc12b22f4ffdce51b61f66995890de1bf4f6e7fc43e47db492e1c80c,Blue Cap
1774566370,984b2048fc12b22f4ffdce51b61f66995890de1bf4f6e7fc43e47db492e1c80c,Blue Cap
1346666863,0e2bc738afd859a439a544c8687bef72be9d64522f1943c391edcf4352477f2d,Fire Dash
429067849,48fde94b3c7964cc4b96e0eeaadcefaad70ffb57df58f7dbb83a4140c44ddaba,Insert large Starine
456234158,48fde94b3c7964cc4b96e0eeaadcefaad70ffb57df58f7dbb83a4140c44ddaba,Insert large Starine
1346722965,48fde94b3c7964cc4b96e0eeaadcefaad70ffb57df58f7dbb83a4140c44ddaba,Insert large Starine
1346731088,b1d42a19594aa246922633a6da447b4f5e820f9d45271ea53d3bfcd22642c1ec,Seasonal Quests
1346731988,d6d371cc81e5a14d0fd1da258b194e67e233e2a340c589353c0d650d4e860f97,Maybe we shouldn't disturb them.
1346735313,2469d53585ba446bbdb76a47ddae4a47d5f11604e035af5244731153b692cbaf,"A faint aura of a strong one, are you joining our decisive battle too?"
1346746240,4c7e385b5a48c9b83bec575d3425f25f9c0f729b280cd74344fb95acb311f3f3,You can change this anytime in Settings
1346767381,25156ba4461b1a78c41d1d6dc45b66dcd239a10a18af00668fba12318c845eae,"When the <style=Hint_BgL>Rotating Pillar</style> on the gear is hit by a mud ball, it <style=Hint_BgL>rotates</style> the object linked to the gear once. When the Rotating Pillar is <style=Hint_BgL>hit again</style>, it will <style=Hint_BgL>reverse and reset</style>."
1346787397,bb424b1ec3980ed2fb7c42762b6eea5a314114bf300087b59c61881456fb13e2,Iris Dewdrop Crystal
1346801833,e60333e9015e6080884d3c2a193eed524a9169fd17d9863625c0c5b6fbd56b2b,Hollow Stump
1542605950,e60333e9015e6080884d3c2a193eed524a9169fd17d9863625c0c5b6fbd56b2b,Hollow Stump
1346815974,8969ae7eb3a7c34c9562a8d85d6700b4661477fccfa774f359e10f471611c9ff,An Attack Amplifier chip with the Weaken function that greatly reduces enemy attack power.
1662188269,8969ae7eb3a7c34c9562a8d85d6700b4661477fccfa774f359e10f471611c9ff,An Attack Amplifier chip with the Weaken function that greatly reduces enemy attack power.
1346872861,b9ca452f0d504e67e7a27c83b28fe112d482af3841ee7c025d8e623b3acc0c77,"Sunia should be around here at this time of day...
Weird, where is she?"
1346892499,7ee15608fd54fdaf587ab6c02f83447f95b09215d2599713571964fe9f437358,Fine then. You borrowed the form of my people and came here to see me...
2018148983,7ee15608fd54fdaf587ab6c02f83447f95b09215d2599713571964fe9f437358,Fine then. You borrowed the form of my people and came here to see me...
1346902917,005cbd08564fd893698eafccee843dcd7ee6e79b7a86b4384ef691d61c70f992,"That Hummin isn't red because it's shy.
I heard it got that color from soaking up too much sun."
1346909515,935a9a0995542b77d4367770a3056eb909085a044811be7beb03d649391c9182,REGEN Aura
1346939375,d505c7846761f165c6d6a6af48240aadeed81ae06d0c7167cefe94366e263f83,Defeat target using Cozite Nest Sentry.
1346973949,c0c857bf8abb7cf32f9fe70dcb3511a6bf496a7938015274c9998e3ac1c72407,"1. During the event, you can get Sparks through the following ways:
· Complete the Fire Companion Codex quest.
· Take part in the Continuing Sparks mode.
· Check in at the Co-Raise Sprite ""Sparkelf"" statue in Horizon Square (only once per day).
2. Continuing Sparks Mode Details:
· Each day, interact with friends to light up Sparks. Interactions include:
※ Chat: Send messages to each other.
※ Party Up: Form a team.
※ Gift: Send gifts to each other.
※ Aniimo Exchange: Exchange Aniimo.
※ Visit Home: Visit each other.
· After you light up a Spark, a Spark icon will appear next to your friend’s nickname. The number next to it shows how many days you and that friend have interacted during the event. Once you hit 5 days or more, the Spark icon will also level up.
· The Spark icon will gray out after the daily server refresh at 04:00. Interact with your friends to light it up again.
3. Event Rewards:
· When your personal total number of Sparks reaches the required amount, you can claim personal progress rewards.
· When the server-wide total number of Sparks reaches the required amount, all players can claim server-wide progress rewards.
· Special Notes:
※ The Co-Raise Sprite ""Sparkelf"" with the \<style=Hint\_BgL>Sparkling Mutation\</style> (including the Basic Form and Prismana Form) has a sparkling outline effect, but no partial recolor effect.
※ The Co-Raise Sprite ""Sparkelf"" (Prismana Form) will be unavailable after the event ends. Please stay tuned for future official announcements."
1347005723,9320f79e4dece52478e246dd80ab721e419426946b74cf2ef1aed76ea374fc0f,"Mini world-class... ""GoGoHomes""? Sounds fancy, is there anything special about it?"
1347028611,2a4d608bbe55e043dad08851e48b9c52a7467bd309bda09e000a596f45d3b6d8,Complete Sanctum: Spread Your Wings
1347034623,bd93c9f6b5987f4b6cd6613fa9ef335ea75f045d328b601b8e32ef4039b78ecb,"Curls into a ball and spins with a blade sticking out, dealing Physical damage."
1347043332,f789799c8754214457bc881208f7f8787ec68f2575d83b22a01df3712088f006,Error Message
1347044127,06ba9cb4aa1c7459ab635ac84d4011ce98bd0750c2ff0fe4c167088b3e3b436b,"You uncover the truth behind the Blitz Tree phone calls: a Bolty grandfather and his grandchild have been hiding inside the hollow trunk, pretending to be the departed Bolties everyone is trying to reach in the sky. The young Bolty has only just taken over from her grandfather and is still learning the ropes. The old Bolty asks you to keep their secret, while the young one asks you to help her practice by role-playing several different Bolties on the other end of the line."
1347097432,b4c4aa9cf6601fa6151b37ab00651aa2f7154458a46fd5109e6903e4ff0d9d67,It just keeps moving to the beat—it can’t stop!
1347104164,e8f5eaa62c358e32331efc1d12660c7af4a52629b4da3bef0abe27ce0570c6ef,"Whoo... Xing, work hard to Evolve! Next time we meet, I'll be a new knight!"
1347244893,a8814f48b1a69780498c45d87ddb5c0f30e9f741d630cc4575b026147e904929,"Lightweight and breathable with stylish design, a must-have for home and travel!"
1828299581,a8814f48b1a69780498c45d87ddb5c0f30e9f741d630cc4575b026147e904929,"Lightweight and breathable with stylish design, a must-have for home and travel!"
1347254000,3f8c4c417226e5cb84787000766fe9518f7b21ee2d002ddd2a6127ebfe2a0e70,That’s what an older Whelpy should do. But it would be nice if another Whelpy could help me at <color=#ffe451>night</color>.
1347267578,e5f8ce75e9ada8ca17be3a33a2ffb3d299487e1f2c7e29849c43111a58a47a2b,I didn’t know he was trapped in the ice... or that he became a Ghost Glynsera.
1347335632,e6e4cd58f034b1d3bc20c47a4e1e92ae4f05a6ae5694e837db45821c50b3c913,You’re such a nice Bolty! Can I ask your name?
1831827910,e6e4cd58f034b1d3bc20c47a4e1e92ae4f05a6ae5694e837db45821c50b3c913,You’re such a nice Bolty! Can I ask your name?
2009674696,e6e4cd58f034b1d3bc20c47a4e1e92ae4f05a6ae5694e837db45821c50b3c913,You’re such a nice Bolty! Can I ask your name?
1347342448,b3904101c7c3c4d587a78210f5ebb0ef18146a2fa03039f8ca2ee0a18115d7a5,"Ambitious Chirpi practices its whistling somewhere quiet, determined to amaze everyone one day."
1347347692,462046dd3ad903891da1dd9ae8a5cb082f821027a6b412fc41f2966f0b19fb93,It’s exquisite! I can die happy now!
1347353506,01db1e2445e7644943a6bd1c0548922edc18ff42a8c45473b06b5e53ef5c4ada,"That’s how the Russet Highlands got its name... but as you can tell, this isn’t a peaceful place."
1347363030,541747089e1e49f59cbdad59bf3748a9c927bf3fa91a132f3258a91efcb1ca50,Magnetite
1776429112,541747089e1e49f59cbdad59bf3748a9c927bf3fa91a132f3258a91efcb1ca50,Magnetite
2015544271,541747089e1e49f59cbdad59bf3748a9c927bf3fa91a132f3258a91efcb1ca50,Magnetite
1347363729,965c846eeb82bfe3b63b4c766d08274fa56acf24bd57632786356899418276d3,"Aniimo can’t tell time, but they love balloons dancing in the warm wind, are fascinated by the tunes from a record player, and could watch products slowly drying behind glass all day."
1361143192,965c846eeb82bfe3b63b4c766d08274fa56acf24bd57632786356899418276d3,"Aniimo can’t tell time, but they love balloons dancing in the warm wind, are fascinated by the tunes from a record player, and could watch products slowly drying behind glass all day."
1392551887,965c846eeb82bfe3b63b4c766d08274fa56acf24bd57632786356899418276d3,"Aniimo can’t tell time, but they love balloons dancing in the warm wind, are fascinated by the tunes from a record player, and could watch products slowly drying behind glass all day."
1505942173,965c846eeb82bfe3b63b4c766d08274fa56acf24bd57632786356899418276d3,"Aniimo can’t tell time, but they love balloons dancing in the warm wind, are fascinated by the tunes from a record player, and could watch products slowly drying behind glass all day."
1510280505,965c846eeb82bfe3b63b4c766d08274fa56acf24bd57632786356899418276d3,"Aniimo can’t tell time, but they love balloons dancing in the warm wind, are fascinated by the tunes from a record player, and could watch products slowly drying behind glass all day."
1543357480,965c846eeb82bfe3b63b4c766d08274fa56acf24bd57632786356899418276d3,"Aniimo can’t tell time, but they love balloons dancing in the warm wind, are fascinated by the tunes from a record player, and could watch products slowly drying behind glass all day."
1665859088,965c846eeb82bfe3b63b4c766d08274fa56acf24bd57632786356899418276d3,"Aniimo can’t tell time, but they love balloons dancing in the warm wind, are fascinated by the tunes from a record player, and could watch products slowly drying behind glass all day."
1712890410,965c846eeb82bfe3b63b4c766d08274fa56acf24bd57632786356899418276d3,"Aniimo can’t tell time, but they love balloons dancing in the warm wind, are fascinated by the tunes from a record player, and could watch products slowly drying behind glass all day."
1347396657,32488715ee467a0d268999e6fe76fb6096002e73105750bfbee5863e226540fd,(What was I doing?)
1347420184,3e37e6b7269c312fb1ac3d528945871f5c4618760c839bada12a8906b99c66d0,Strawberry Seed
1347434476,f20ca33f4bfece13de0023d9b8b248edfaa7736980b4f6d99c470012b1b00652,Plot 16
1347630769,f20ca33f4bfece13de0023d9b8b248edfaa7736980b4f6d99c470012b1b00652,Plot 16
1771802848,f20ca33f4bfece13de0023d9b8b248edfaa7736980b4f6d99c470012b1b00652,Plot 16
1347436628,169da3957e6ca53fbadf52282749aa4c67bf9760f9021e772e3fb7c71ccaa2ad,Extremely High
1347483120,d6d60586da8afebeed997e4b5384a016aeaf61d5eb4877ab8d5a25f232c95970,Feathered Bloomville
1347525004,5bfa7d90f70801bd72f8a27f2e42f0a8aa7be029190e7961f4f81623db4bd807,"Reach 13,500 Habitability."
1347541368,789637f96c94fd4148858a08f2f9108304df11118c7e715f4e389443bfde0b08,Featherblade Waltz
1347550980,199758142e7129e6e55d1c24b4d87e0958a34825ca3fa6448cec63ed78b416c4,Pippi
1678249872,199758142e7129e6e55d1c24b4d87e0958a34825ca3fa6448cec63ed78b416c4,Pippi
1816028227,199758142e7129e6e55d1c24b4d87e0958a34825ca3fa6448cec63ed78b416c4,Pippi
1347557902,7a81d2a34f9435076478fd657bc79f62be8f82e20b1a6f38b7c944751f242591,Maybe I’ll find out I still love perfumery... but maybe... I could become a painter instead!
1347597139,b2dccd643cffc10a3752459743829af01f6feeaa9d78c378071871cc2b6b3362,"Increases the BREAK damage of the Ultimate by <style=Hint_BgL><customRichText(calcData,buff, 2010000,param0,1,%d)>%</style>."
1347616371,4a72f534c31704f2cce004157deeb2ea6656d3a4864beada907dcfe6eccd6b68,A clear and mellow beige brew with a faintly sweet aroma of fermentation. The rich rice fragrance mingles with a refreshing aftertaste. Irresistibly smooth.
1347616450,1319a36d0724d5ef63f0a151943fafd50bb9190f15a0754399cf65f732ad4f1c,Bolty Call Log III
1347617910,c1eb27894c169e2f679b0e6367adcf0b3f46d5a102efbb2b8abba6f8d2a1712e,Growth Flower
1347622779,14a7705b90548fb20d88469ebeb2debae178122d9a6622242c5437359ec3b75a,These rings of light keep appearing and disappearing. How strange...
1347661338,b1ff49d8802931576d7f9fc9a9ff91c796dac102e3526e33f82df6163481ca1f,Whoa! You’re good! You found everyone!
1347667704,346a63ed87c9c9132efb6da3e6d91feeec7ad31b3bdfad75dbecba888564721c,Reduces the CD time of all healing skills by <style=Hint_BgL>{param0}%</style>.
1347672767,cb074f375ed689a3a52de0a15044263c9c2495f2347f8d00e7905b0c986c4108,Reset Ability Tree
1347675843,1c00001a21f191480cec0ffd0d2d1b26fe5f46dcede976e8e766c048b2ea20d1,I created a private RV Park at <style=Hint_BgL>{0}</style>. Join me and let’s build this Park together!
1347677710,4963a533cc086945565e5ed08d2dcf30f9e9e62f6d426d13d8ced79bd70e8a4d,Change Aniimo Body Type
1347690394,06081934a9f1e31f14285024dc02d2d13c55222a2825cca558318e9fddd5c867,"In this course, you will learn how to use the [<style=Hint_BgL>Snap</style>] feature to record Aniimo’s special behaviors.
When a wild Aniimo displays a special behavior, a <style=Hint_BgL>photo</style> indicator will appear above its head in <style=Hint_BgL>Camera Mode</style>,
[<style=Hint_BgL>Snap</style>] a photo now to record its special habit."
1347699054,92809b8cc26ff710fbf12a8b9db03efc5dfb3fb962f4e412c4091227c3d3ddb3,Welcome <color=#5b91e2>{0}</color> to the Polaris Institute Freshman Group! Chat freely and connect with like-minded friends.
1347727547,62e4e805655f4ac8911ce7f104116b7f8e5be95451e8fe9414c86d7e1148edef,Challenge the Turbo
1347748096,5c14c1ecea4f64af194f24380a7c80eebc15fc46a0a003425b1b3eb15d67e901,A smart fashion AI from Polaris Institute that dynamically adjusts your look. A hit with the younger crowd.
1699289532,5c14c1ecea4f64af194f24380a7c80eebc15fc46a0a003425b1b3eb15d67e901,A smart fashion AI from Polaris Institute that dynamically adjusts your look. A hit with the younger crowd.
1347752616,21a0e07311347677fa5371d9e4621cf11688ab4aa6919287a3a883cd0bf166db,"Upon being defeated for the first time, revives with <customRichText(calcData,buff,4001091,param1,1,%d)>% HP."
1347764089,5581903847c537ebdb31e639f6959f386e90c5bd01cdad567786220f9b9dacb5,Plan II (unlimited chances)
1347771144,715005ba920da6348c852389e2f4eefa78a23aff335f54d3d84bfffbcbefe302,"Also, I found this odd chest earlier, maybe you’ll need it!"
1347780367,fc52a1aee4e3f8e59cca81d2cbbc06826bd023d518136cf152008b0f00b7ee54,Paid Companion Handbook Level 18
1754665019,fc52a1aee4e3f8e59cca81d2cbbc06826bd023d518136cf152008b0f00b7ee54,Paid Companion Handbook Level 18
1347793662,1baaf5d21463db2f5abb7ccd7673bd139df618a60ffb62ba4ece66933fa276d7,The Pomawk went missing yesterday. We sent a Pomegg to look for him!
1347804220,c318d9f4bb16f17df0956098382a007dd36ba2070ea2fb008c2b3513d78196be,Its rousing horn call fires up endless courage.
1467784219,c318d9f4bb16f17df0956098382a007dd36ba2070ea2fb008c2b3513d78196be,Its rousing horn call fires up endless courage.
1347822052,5daa1d69233323e9059094e5c887e63f6605cff918fa61ef3ebbf2d9fe4f0e7a,Aim Skill
1347855597,3e48de926cd2cbcbd018464857c32d47cd7a9364b5df80770182cf88fe992103,"Hehe, that's good! Our Equipped gear has all been personally modified by Dr. Lewis."
1347900982,64e839cad0c5176e88c2e387e0bd32e6a4adfe333eda02107d67da684492b141,Wuu?
1347918616,bd5a120df37efcb81a72004db972867ff0aff5005d05e3dd32f50876a1c7c7fb,Like a pro photographer—brilliant shot!
1347919036,1e66d3f600ba2a4bfafb55dc3103ee4dcf54d92e35a5068826749b83170917c1,"When a powerful Legendary Aniimo is born, Vein energy gathers in strange, unstable ways, tearing open unusual energy rifts. But the disturbance is spreading. The Vein energy has grown wild and chaotic, and the Irisalis born from it has become restless, volatile, and dangerously aggressive. Pathfinder, head to the rift now. Find a way to calm this lost legendary spirit with courage and a healing heart."
2099591446,1e66d3f600ba2a4bfafb55dc3103ee4dcf54d92e35a5068826749b83170917c1,"When a powerful Legendary Aniimo is born, Vein energy gathers in strange, unstable ways, tearing open unusual energy rifts. But the disturbance is spreading. The Vein energy has grown wild and chaotic, and the Irisalis born from it has become restless, volatile, and dangerously aggressive. Pathfinder, head to the rift now. Find a way to calm this lost legendary spirit with courage and a healing heart."
1347919213,0d0beb7e67d638d18a96e708280c28d9ca0660ad59db8b52df0c75fb392fa851,Companion Gift
1625534684,0d0beb7e67d638d18a96e708280c28d9ca0660ad59db8b52df0c75fb392fa851,Companion Gift
1347953461,eafabd86ebfc1f4aea2d9be05df21c01b0b2ee58c76bbb5cc6acfadbbc5eec38,"During your rest break, Nicole tells you about the expedition team’s objective—the Prismana Flow—as well as the mysterious continent of Idyll and its badges. Just then, BINI #9 suddenly sounds an alarm..."
1347962397,c960e55f0d036352e3b961412c2dc547183ef9b7798ade18f1e6ce121c28c1b1,Phew—finally saw you all again! Are you alright?
1347966782,4031f80cd3ba530d77e0467a83b3125a8fc39a774b3c4620aa4379b5207690ad,"The <style=Hint_BgD>Core</style> Aeolus mentioned must be that big cube thing.
I can’t believe humans somehow managed to replicate its power..."
1347982904,e072757de4a26a76006fe2b5bed1d2f743bab19d1b14a4e076696cd0cdfa3c7f,Building Block - Charcoal Brown
1636552918,e072757de4a26a76006fe2b5bed1d2f743bab19d1b14a4e076696cd0cdfa3c7f,Building Block - Charcoal Brown
1348008954,c3812fc4acb861d5182fc2b8155f327f736fbe5e5eb86a7bd7afcb6dc5497282,Remove
1683950811,c3812fc4acb861d5182fc2b8155f327f736fbe5e5eb86a7bd7afcb6dc5497282,Remove
1919984958,c3812fc4acb861d5182fc2b8155f327f736fbe5e5eb86a7bd7afcb6dc5497282,Remove
1932909296,c3812fc4acb861d5182fc2b8155f327f736fbe5e5eb86a7bd7afcb6dc5497282,Remove
2041060263,c3812fc4acb861d5182fc2b8155f327f736fbe5e5eb86a7bd7afcb6dc5497282,Remove
1348020561,5ba68f2100f295cbebbd89baa64a6296e867fc47a8a62d3f55e45cb06189daa3,"<link=""item_4040109""><style=Hint_BgL><u>Dewy House</u></style></link> in your Home has unlocked a new recipe: <link=""item_4020066""><style=Hint_BgL><u>Quick Recipe: Aromathyst</u></style></link>."
1348047699,3e89debcf15669d9b7573204b75152d00d5a1013057cf90f3c938e008f9fe876,How to Obtain the Notes
1348052139,4c9556e858b3c9be3bf91cfd650a8988bf0e2a3a067594abe102993ce3027137,Monster Level
2134623050,4c9556e858b3c9be3bf91cfd650a8988bf0e2a3a067594abe102993ce3027137,Monster Level
1348058671,f4cf4b4b06553bad6ab4001ecbef01e270a206b29702e8f5cac590a312392125,Chirpppp
1442563505,f4cf4b4b06553bad6ab4001ecbef01e270a206b29702e8f5cac590a312392125,Chirpppp
2145014124,f4cf4b4b06553bad6ab4001ecbef01e270a206b29702e8f5cac590a312392125,Chirpppp
1348067167,cfc863c68d0ef54947bf518520cb6003e57b44508d624896779318f1b8c234c9,A clock used to decorate your Home.
1348067502,d8f3439fa6a8b6d4860d217fb1e66d461a716159f59e742469998a481ee98232,"Back with Dr. Lewis, you complete a theory quiz on Aniimo team combinations, Psyche Fruits, and advanced Held Item sets, earning your promotion to Grade I Trailblazer. Your new title means you’re ready to face even more of this unknown world, but Dr. Lewis hopes you will stay true to yourself as you continue into uncharted regions."
1348081781,0a6fe61aa01494822587af5f8cc54788bcfc0737536aa809263e5d0a8c7403ec,You play the flute to restore the HP of engaged Aniimo.
1348125557,891fb35840267a31982d784e66d4d4620b87c68b082e24750d9f050d398f7105,Not a <style=Hint_BgD>Grade I Trailblazer</style> yet? No deal. My master taught me that victory means nothing against an unqualified opponent. Earn that title first.
1348147295,98059cf752398fc4fc79b6eeae969fc9d9e4152e8d70db32f1dfef15ec6a6860,"Wow, your Aniimo is so amazing!"
1348157125,06d40ce7680108f5f29268745a73cef89c4f0bfb21d1c9f065abff70fd892970,Echoes of a Vigil.
2009455589,06d40ce7680108f5f29268745a73cef89c4f0bfb21d1c9f065abff70fd892970,Echoes of a Vigil.
1348183521,ecddf79d72157916af30b019a73d92ab0aa48e72381a6134db458d7bed6e3a9f,"A corkboard covered with notes, photos, and postcards. Pin up little things you might forget, and it’ll help keep you reminded."
1978569942,ecddf79d72157916af30b019a73d92ab0aa48e72381a6134db458d7bed6e3a9f,"A corkboard covered with notes, photos, and postcards. Pin up little things you might forget, and it’ll help keep you reminded."
1348184485,9c0d23c9cd114a88a4152224c3dbd21104122c4973c6bb7a6cc1f304176c93c2,"Diligent Aniimo are always focused and patient, demonstrating good resilience."
1348221307,f53d014868ccc4aa7fea25d4b28dacb6c9317b88194e3fedcc6b278cff68d129,"""Two Susutas who grew up together as childhood friends are separated after an attack from an outsider. When they finally meet again, one has become a carefree drifting Piopiota, and the other a settled homebody Panpanta..."""
1348223802,9a6c73adf92d07a8c70124955300aed3caef612789f04cc02545484460a55d9d,Welcome to Test Site No. 9: What kind of ball is this!
1348230983,d6919e98cd782f5b1c9b06d038a5a027457066c1b302c519f60a78cb5adc9039,"So we build a house in this new space?
It’s a decent size... but how do we get there?"
1348232643,5639d25a26165b2b70cabe9b8c487aab17285629a53695cad4a5c0bf4b5ba6e3,Enter nickname / note / UID / group name
1348253638,d669e6d0d6588ca966e4649bda8654cfb8fb58be69bdb5f9d7aa4795b3676fc9,Ee?!
1348269982,856dff94c2f641f3117e878773d9aef625f4cc2a2023bd6e0e40d977b9b3c44f,Our shop is planning on using livestreams to promote healthy methods to train Aniimo. Please help us prepare all of the trial products.
1348320351,b38c58fad6f51a24a8edb7dc594f6000c2ddf0421a3bd8ad2eb0f76c383cca0d,"Broad, clearly veined leaves spread like feathers, always reaching toward the light."
1912596153,b38c58fad6f51a24a8edb7dc594f6000c2ddf0421a3bd8ad2eb0f76c383cca0d,"Broad, clearly veined leaves spread like feathers, always reaching toward the light."
1348323473,44d10fd3fe4c41cd5b75fcfc40594ee1db5a05e334b03d6901ed8ffc5ccae275,"A natural wood chair paired with a fresh cushion, filling the home with lively touches of green. "
1702230712,44d10fd3fe4c41cd5b75fcfc40594ee1db5a05e334b03d6901ed8ffc5ccae275,"A natural wood chair paired with a fresh cushion, filling the home with lively touches of green. "
1348327213,5bacbaef2f6540db8aa51cc3093776996fae572229a04f1430ed3cb2620d694b,"When your RV reaches <style=Hint_BgL>level 15</style> and you own the prerequisite plot, you’ll gain permission to purchase this plot of land. Clearing the debris on this plot rewards you with <link=""item_4001064""><style=Hint_BgL><u>Wood Blocks</u></style></link> x<style=Hint_BgL>4,560</style> and <link=""item_4001078""><style=Hint_BgL><u>Mineral Sand</u></style></link> x<style=Hint_BgL>2,280</style>."
1348350257,53b1182362e4f2ba0126069e1f6bb38f7c1e115c29730d1dca7a8fbb28040396,Umbral Society Common Adult Male
1348432270,e33b643f9e6dc04a0dd1216088054f693bfd4ba087d7ac61ee8602fd7a01da57,"To be honest, I care less about your achievements than seeing you here, alive and well. That means everything.
Master, hero, champion—whatever you become, the Institute will celebrate your journey."
1348452551,2ff0e0be920abb394745ba4bc5ba3a1ecfdb7e78aee424d8610d845050833438,"A soft mound of snow like a little white hill, perfect for scooping up and packing into round snowballs."
2055952428,2ff0e0be920abb394745ba4bc5ba3a1ecfdb7e78aee424d8610d845050833438,"A soft mound of snow like a little white hill, perfect for scooping up and packing into round snowballs."
1348486808,4935f9dd88b8fd5bb82c88803907063c3278914bf46ca51613b2df3f4e565cd7,You can’t see me!
1348545796,2c7bbdde58e35103dc0faad62486f67f861e0e7a3a4a3cab6cc46cf225e2575a,BINI #2333 will collect shop orders from Astra. Complete orders to earn more [<style=Hint_BgL>Home Coins</style>] and rewards.
1348584375,fe862495e3287d89d94674079e5b1ef9635fdfce0d5f1ed4091b18583f72ca8c,Joy
1348584383,598e5bfc1a2e69d62e2837334ead071f825c5e7c8bc2ff5dba30f003f1b698fc,"(The first line is: <style=Hint_BgD>""Fly away! See the horizon in every Chirpi’s eyes!""</style> How do we sing this line...?)"
1348611290,0063f81fc5189afa6740bb8b4a8aeb31bbe3687a37ac6666f0f7c61d4e9f5bf6,"""Cave Research Notes"" (V)"
2093707031,0063f81fc5189afa6740bb8b4a8aeb31bbe3687a37ac6666f0f7c61d4e9f5bf6,"""Cave Research Notes"" (V)"
1348679355,c6f88a85d3aba98b1d6e1d6bafe89331c93da0f3c07994645d8b5823b9cc6dfb,For Princess Melloblum!
1348687733,cc0e19e591ac38830f0167cc1ebdd62ee8dbf161780dd1946cc37f966365c459,Small Stone Statue
1535273415,cc0e19e591ac38830f0167cc1ebdd62ee8dbf161780dd1946cc37f966365c459,Small Stone Statue
1584626375,cc0e19e591ac38830f0167cc1ebdd62ee8dbf161780dd1946cc37f966365c459,Small Stone Statue
1348694406,cbbeb8895e8201aaf7712daed00a4cd500933814048f13ad3694493d3881598c,"A fence with elegant yet playful charm, designed by a true Tubster fan."
2030189542,cbbeb8895e8201aaf7712daed00a4cd500933814048f13ad3694493d3881598c,"A fence with elegant yet playful charm, designed by a true Tubster fan."
1348707285,734a97d4852ed25a5da4a289e064b350be9645994d59f701934b83c45e3161ac,It’s the blessed Wisptis!
2139340493,734a97d4852ed25a5da4a289e064b350be9645994d59f701934b83c45e3161ac,It’s the blessed Wisptis!
1348713199,22bbb12474202ba0441e8f14532685a91922b7882d56762ca4f86630a72b7dd2,Egg Heist Supplies
1383889465,22bbb12474202ba0441e8f14532685a91922b7882d56762ca4f86630a72b7dd2,Egg Heist Supplies
1348736636,0c90fb258c63112492ee26eb2f2e0d26e703ca877e592b0fc38778bf830de67d,A grass green building block for all kinds of structures.
1416006084,0c90fb258c63112492ee26eb2f2e0d26e703ca877e592b0fc38778bf830de67d,A grass green building block for all kinds of structures.
1348752265,b935e026a9d02e0e3ead965d74061527e3fe269073cc7b4c17e0f00b13b37a5c,Chimney Kiln
1405496491,b935e026a9d02e0e3ead965d74061527e3fe269073cc7b4c17e0f00b13b37a5c,Chimney Kiln
1554619337,b935e026a9d02e0e3ead965d74061527e3fe269073cc7b4c17e0f00b13b37a5c,Chimney Kiln
2013956428,b935e026a9d02e0e3ead965d74061527e3fe269073cc7b4c17e0f00b13b37a5c,Chimney Kiln
1348766575,1aa2a0444e653fd4b9b221bf58ce28ddc99b07789a891f7b2d3a960c4d6441e2,Oldest Brother’s here! Now they’re in for it!
1348776989,15ff805576ea87150665d9bed620b3b6868ae8d7f97c8d930a61cfce2c44595b,Join Request
1382090935,15ff805576ea87150665d9bed620b3b6868ae8d7f97c8d930a61cfce2c44595b,Join Request
1348813523,d9a9fde2b8e394a6653d287b7cf83b06b1a240f811b06ac549ee61aa7bfabe9d,Each of them has a unique color and can be processed into precious items.
1568185391,d9a9fde2b8e394a6653d287b7cf83b06b1a240f811b06ac549ee61aa7bfabe9d,Each of them has a unique color and can be processed into precious items.
1348853312,f13428d5771665577aa820b932169113d10beb6b91c709f0acc3abad218f9cab,"When we first met, that big cube woke us.
We had some energy saved from sleeping, but not enough."
1348863294,ba09cab796bab7967befce1631e2ff8b7256fa66517d4719ed473b69d91ffe48,Rare Curio
1359403261,ba09cab796bab7967befce1631e2ff8b7256fa66517d4719ed473b69d91ffe48,Rare Curio
1376937855,ba09cab796bab7967befce1631e2ff8b7256fa66517d4719ed473b69d91ffe48,Rare Curio
1473923086,ba09cab796bab7967befce1631e2ff8b7256fa66517d4719ed473b69d91ffe48,Rare Curio
1569342966,ba09cab796bab7967befce1631e2ff8b7256fa66517d4719ed473b69d91ffe48,Rare Curio
1672681992,ba09cab796bab7967befce1631e2ff8b7256fa66517d4719ed473b69d91ffe48,Rare Curio
1774008190,ba09cab796bab7967befce1631e2ff8b7256fa66517d4719ed473b69d91ffe48,Rare Curio
2072107858,ba09cab796bab7967befce1631e2ff8b7256fa66517d4719ed473b69d91ffe48,Rare Curio
2092026917,ba09cab796bab7967befce1631e2ff8b7256fa66517d4719ed473b69d91ffe48,Rare Curio
2142584071,ba09cab796bab7967befce1631e2ff8b7256fa66517d4719ed473b69d91ffe48,Rare Curio
1348878423,66d7e4a1c738f0b1d805b18427c1bc2e5ab28f8c56c2668f46119be7d1de093c,Search History
1441314184,66d7e4a1c738f0b1d805b18427c1bc2e5ab28f8c56c2668f46119be7d1de093c,Search History
1348878575,95e848bb5e1023ed9ea058146798963af889998a735987a3b865b993b4433111,Wuwa? Mentor... student... passdown...? What’s that?
1348878783,d83518e1efc6c6a9c40f562b11d4269311c65ee288f574831dd66d7e89e47122,Scarlet Flowfire
1348970893,0cf16daa5ac5a8fdcd3bbf8a4324bbcfc6c456442df19516e1a8f64356890059,"So, it was the Susutas who started all this."
1495871055,0cf16daa5ac5a8fdcd3bbf8a4324bbcfc6c456442df19516e1a8f64356890059,"So, it was the Susutas who started all this."
1348985922,4a409027b3137eb4bd66b088047d93660ad8669ba72c7ec93a7aff349ea6ceab,You’ve completed the Elemental Crucible with the highest difficulty for the first time. Try challenging the other two trials.
1349011083,de838855e4a6e04ea2f284b246a07a1126e7fcd151be9449e112006ad7db5c50,Stage
1467267594,de838855e4a6e04ea2f284b246a07a1126e7fcd151be9449e112006ad7db5c50,Stage
2070480352,de838855e4a6e04ea2f284b246a07a1126e7fcd151be9449e112006ad7db5c50,Stage
2102405205,de838855e4a6e04ea2f284b246a07a1126e7fcd151be9449e112006ad7db5c50,Stage
1349028442,3d333ddd868cb9c54984b43696206a5956c17ef6ab5d165e19d92c57c3a7fa64,Another Aniimo is currently wearing this accessory. Would you like to remove it and have this Aniimo wear it instead?
1349038359,ed1fecbb1a3c86202a969b43086d398df498867ecfd479542cf3499d5bc2a33f,A light brush of the fingertips sends ripples spreading outward.
1349054872,991afae9a20a79c2670aa9702e77a00e459394e0be3179312c3ad0d875f4e49d,Unlock All Areas
1349075330,894320dd63bc6faed60f8119399946ab8360f02c5573634ce3c8f77057a39c97,Dew Flower
1399651009,894320dd63bc6faed60f8119399946ab8360f02c5573634ce3c8f77057a39c97,Dew Flower
1917110768,894320dd63bc6faed60f8119399946ab8360f02c5573634ce3c8f77057a39c97,Dew Flower
1349080000,a3e83d73b627c0d31e84226355854a974fe2d4b1e2dcefed4242c4b6ef126a92,[Dialogue Placeholder] Levi Dialogue Placeholder
1386539565,a3e83d73b627c0d31e84226355854a974fe2d4b1e2dcefed4242c4b6ef126a92,[Dialogue Placeholder] Levi Dialogue Placeholder
1349092962,5225d10ecdab1863fdf7de54e7fb3fe02319a606c2e7045376027d921588a1b8,Simulating environment
1355623146,5225d10ecdab1863fdf7de54e7fb3fe02319a606c2e7045376027d921588a1b8,Simulating environment
1646355872,5225d10ecdab1863fdf7de54e7fb3fe02319a606c2e7045376027d921588a1b8,Simulating environment
1349119621,662089f82309a3300bbf6d397cd7f92e66752fdafe985fcbf29b7dbaeedfe8b7,Astra Journey Placeholder 133
1613895199,662089f82309a3300bbf6d397cd7f92e66752fdafe985fcbf29b7dbaeedfe8b7,Astra Journey Placeholder 133
1349120456,eca99e40374f85ed168d3804694aaed35504b17b37bb41b8bd1992ffd89cf660,Crafting Table (Level 1)
1780159289,eca99e40374f85ed168d3804694aaed35504b17b37bb41b8bd1992ffd89cf660,Crafting Table (Level 1)
1349161761,9c23665545047d1e294edbc48b1f220341ad809dc68f19377afe23711b5f77ef,"Hello there! You’re from the Polaris Institute, aren’t you?"
1349197230,dd67f1872702d7219b10908bdee1956881472a4ba56a324beaee3270f6357688,Home Season Collection Rewards
1373825244,dd67f1872702d7219b10908bdee1956881472a4ba56a324beaee3270f6357688,Home Season Collection Rewards
1538102154,dd67f1872702d7219b10908bdee1956881472a4ba56a324beaee3270f6357688,Home Season Collection Rewards
1551371107,dd67f1872702d7219b10908bdee1956881472a4ba56a324beaee3270f6357688,Home Season Collection Rewards
1349208638,b02311642a4b698db72212761f253e404fd27a4bd4f4e1c7c00c061e2a3cd26b,Let’s get out of here. Good thing <style=Hint_BgD>it’s not nighttime</style>... or we’d be done for.
1349246912,d031d149750991e11150e3ec75c89886410ce1e34447bf3b49d054531927fde2,"Drawn by Bolties, thunder carves furrows into the earth, digging gray scorched soil out of a grassy slope while flickering electric sparks crackle in the thunder-struck wood."
1349249823,fb4477009db69fd50fc010297f8c65d9664c96884512d3c01e4ea54490f410b1,Log Toggle
1349267139,359582501b4279b736eec71b6bd66302e35c05398f5dcb6c5e113fca1e479ada,Snap Point Unlocked
1420590403,359582501b4279b736eec71b6bd66302e35c05398f5dcb6c5e113fca1e479ada,Snap Point Unlocked
1595421112,359582501b4279b736eec71b6bd66302e35c05398f5dcb6c5e113fca1e479ada,Snap Point Unlocked
1820485018,359582501b4279b736eec71b6bd66302e35c05398f5dcb6c5e113fca1e479ada,Snap Point Unlocked
1349306577,01e28e3b4c08c5528b30e50c7caccc682808ed12d5ad65cd7e9750c69afa528e,Don’t push yourself. Rest a bit longer if you’re not feeling well.
1349367056,5e44fb7536f6322407e49f0a8f40fed5246b273502917c2c6be4f9d5d4df162b,"My grandma had just passed... Mom was down for a few days, then she took me to Echoback Landing."
1349402610,7a5cf3f8bdeb31bd139fb616ec3675bb6c641ec5353ac534917ac6bbf5a34402,"The temperature's up in no time, what a huge help!"
1349404352,6767539469e4c753cb4a749a63f8e9c0b3ffd8dd201e929b01678652d986fc6e,"Increases Grass damage by <customRichText(calcData,buff, 9132301,param0,1,%d)>%."
1349410012,5fbc248a14aa7a5aacd6a7f82ee6d951855c66f9e280190d4420e9efd1ec4e45,Spawns during the quest [The Land Where Dreams Come True].
1349420103,9a916232eb8535a59919286a7844143bae92ad2270f5a112d9c89dd910816e17,Alpha Name Placeholder
1349426033,c16112a49f7ee0d68a0bbffed57d4a9a05e085a84f2ba888c330b13d105011cc,Touch the seal
1349429489,aa17023a41ef718c81f9e0544fff90ac74ef42cc0693d9b7ca644094b97ec7c5,Unlocks at Kitchen Module Level 4
1543018082,aa17023a41ef718c81f9e0544fff90ac74ef42cc0693d9b7ca644094b97ec7c5,Unlocks at Kitchen Module Level 4
1349434661,800fcd7f75c729d44fb6a2f6c815dbfe33a13331e2a81670c86bb1c4fe836112,"The device in the middle is the <style=Hint_BgD>Research Console</style>.
It lets you sync your catch research results to your Aniilog."
1349484795,dc22b0ee6dd6a61c29682114f6ace94c2690f3f6d6b87fb9ec45d0890baaea11,Can consume Primegy to Craft Baleetle's Dewdrop Crystal
1349488811,64e503b548245e4f92ff888dd18e5b76b0811b53e1c3a7d6069accba30d9b72f,Load +4
1439407319,64e503b548245e4f92ff888dd18e5b76b0811b53e1c3a7d6069accba30d9b72f,Load +4
1349568480,f4f6724874ebe9579981e15d0344cab2bec3ca7245e94b5e503b034061a4c84b,"Don't worry, just some Easy Q&A questions."
1349581974,71bc155a8df680bb626dc678f289f22e309e7e845c5529058870284ded685ab1,"<color=#5090df>%s</color> stepped on <color=#5090df>%s</color> and refused to apologize, so <color=#5090df>%s</color> ended up having a couple of foot marks on its face."
1349583841,d2fb43cc16ed491e87b12d58fa394d0eab5c22c55a266351676933b69d1a3e1c,"Of course, smooth sailing!"
1349617270,4837cd4c5bf554b9b359f338aeea6deb662a661986976ee243878bf0cd5f95e5,"Increases Crit Rate by 10% after a non-critical hit. Stacks indefinitely until a critical hit lands. Consecutive critical hits increase Crit Damage by 5% per hit, up to 6 stacks. Resets upon non-critical hit."
1349642708,f036bcd470bdd47185f82171266b79094406ad454890ffba457432adfc6a2fcd,Production Efficiency
1349683482,f7228311e5e2d0d4e3e41c3770e9bd114127dbfff8abfb9ec15e57effd98491c,Pre-Challenge Dialogue
1349685161,dafa128b1b747b59b4b6566aef0b0fa001d663eec871665ce5e2e7b264ec012c,Exclusive resonance material for the Morphling family.
1349731128,31bf6b02cd0208a3870331f13e87767b200137e8b8fea68c681aa656db2fbb9e,Reset Pathfinder Avatar (System Default Emberpup)
1349753641,ac4b440ea8d15186854dd5c1f62ea6506d4394822ea686fede58e8c941156ee3,"1. After crafting the ""Legendary Aniipod: Irisalis,"" Pathfinders can spend 50 Irisalis Petals to craft 1 ""Legendary Aniipod: Departure with the Wind.""
2. You can craft up to 10 ""Legendary Aniipod: Departure with the Wind.""
3. Using the ""Legendary Aniipod: Departure with the Wind"" guarantees a successful catch. The Aniimo’s Potential is guaranteed to be at least Perfect, and it is guaranteed to be Sparkling. It also gains an exclusive Departure with the Wind season effect."
1349754949,973e29ed783e1ffc1caf1e56eb7a1a757c27caff0c2f8e2dc751dbb33a31955f,Sprightly
1541532968,973e29ed783e1ffc1caf1e56eb7a1a757c27caff0c2f8e2dc751dbb33a31955f,Sprightly
1349767860,f596df9c9f3120560249cda318f29ba23c93c36d827282f3c35ab4fcb3077355,"At the end of the season, the ""Season Journey"" and ""Season Buffs"" will be reset."
1349790868,9caba749e187aac927d83a7057e832c1934430d80d2a8f29866b80fe4cb5f1c5,"Increases BREAK damage taken by <customRichText(calcData,buff,91027010,param0,1,%d)>% for <customRichText(buffConfigData,91027010,duration)>s."
1349791519,a5600e9a78256988ff502a29bf6fda710cc8a7740da3ed253178b897ec9531d5,"The great Irisalis, Lady Irelia—offering herself and her dreams for this land and its creatures..."
271872231,6c12beb800894934f6b4130a370aab31345899d7da050312709871c6a296b4e0,Echoback Landing
342994676,6c12beb800894934f6b4130a370aab31345899d7da050312709871c6a296b4e0,Echoback Landing
404071414,6c12beb800894934f6b4130a370aab31345899d7da050312709871c6a296b4e0,Echoback Landing
1349797696,6c12beb800894934f6b4130a370aab31345899d7da050312709871c6a296b4e0,Echoback Landing
1350738810,6c12beb800894934f6b4130a370aab31345899d7da050312709871c6a296b4e0,Echoback Landing
1787200583,6c12beb800894934f6b4130a370aab31345899d7da050312709871c6a296b4e0,Echoback Landing
2036932983,6c12beb800894934f6b4130a370aab31345899d7da050312709871c6a296b4e0,Echoback Landing
2139014566,6c12beb800894934f6b4130a370aab31345899d7da050312709871c6a296b4e0,Echoback Landing
1349819053,15e6fdd22654d40e222b90f95bb9d0c292930b4e26a58f2af74f68940b415519,Wooden plaque
1907522839,15e6fdd22654d40e222b90f95bb9d0c292930b4e26a58f2af74f68940b415519,Wooden plaque
1999663746,15e6fdd22654d40e222b90f95bb9d0c292930b4e26a58f2af74f68940b415519,Wooden plaque
1349857709,dc93d875dcce332da884c6fd9ac418f56aa676afbcbe50c094897a242c58890d,Use to reset the abilities available to Wayfarers.
1349903411,d95ccf313fe9ec45e2a321f8091e6af98bb469e9d12c97cbfd0b2d1689fa44f3,"<style=Hint_BgL>Tumblers</style> will remain activated for a while after being tossed. During this period, you can control it to roll in any direction you want and catch all Aniimo it touches.
A maximum of 10 Aniimo can be caught by one Tumbler."
1349926584,e5fd30566d84a807e30dae7fd3d2d8e0975686aef1a3d054b373b36c2683473a,Vigilant Helmut
1470959839,e5fd30566d84a807e30dae7fd3d2d8e0975686aef1a3d054b373b36c2683473a,Vigilant Helmut
1603284951,e5fd30566d84a807e30dae7fd3d2d8e0975686aef1a3d054b373b36c2683473a,Vigilant Helmut
1775890817,e5fd30566d84a807e30dae7fd3d2d8e0975686aef1a3d054b373b36c2683473a,Vigilant Helmut
2021291385,e5fd30566d84a807e30dae7fd3d2d8e0975686aef1a3d054b373b36c2683473a,Vigilant Helmut
1349930309,472be8603a146ebf60148617a1228f6e8814315401108b17890e283131cdab5f,Doo-ah... ey!
1349990312,b13d2806b9bcd7abfd1ddf417c52b18b64bd4bfc1e47ad1433f2c15e2b69fc57,Expert Egg Raider IV
1350032356,69d5466255ddbd83f1ed4b9574e72c277091ed866afae82c2e81e732d2539c06,"Squashel’s tail sparks with fire, whipping up cascading flames from the ground to deal heavy damage to the target."
1350075578,94de31546773161d260b7b7f82699cd58cf99ea5872278fcacd73d8a7cc68c39,Find [<style=Hint_BgL>Semi-finished Aniipod</style>] and select it.
1784701953,94de31546773161d260b7b7f82699cd58cf99ea5872278fcacd73d8a7cc68c39,Find [<style=Hint_BgL>Semi-finished Aniipod</style>] and select it.
1350078192,7c851b2760ab33c394a711531bf072e252722095b95f320f30a70c4629b5c236,Huff! Huff!
1350078539,e729aa22b4528e216ef00c9a5a1afd3fe0c11ca19fc86c26229a2939251f4445,"Irises can change their form depending on their environment, each one a unique splash of colour."
1350116055,b59cad5f5eec045165af25417b9915da2c46f01c04f315927ec9ea2f9267c6be,Since it’s already come to this... I might as well tell you.
1350123034,ae2b0016ba54756dd43672d615725c0d9e4b3b987e6a51fa1664116f5e4e1be6,Emm... This must be my <style=Hint_BgD>mindspace</style>. You must have touched one of the <style=Hint_BgD>mask fragments</style> and been transported here!
1350140189,9f555c0a092e8daae768577065cdc95d51b0eb5760d31a0e05eff9910d199d6b,Raw lead ore. Blue-grey lead can be seen through the cracks.
2133725534,9f555c0a092e8daae768577065cdc95d51b0eb5760d31a0e05eff9910d199d6b,Raw lead ore. Blue-grey lead can be seen through the cracks.
1350154151,efa3a030a7cfe1ac1909abd2386efc06f9e4fe4dc6486e91779c46e3cdaec274,"In front of a high wall, <style=Hint_BgL>press Climb</style> to enter the Climbing state."
1350188962,5dcb2552990f968d34ca524f1747a9c81cf5467256b584bc9afaa809e570f6e4,Resonance Star-Up Material
1545933849,5dcb2552990f968d34ca524f1747a9c81cf5467256b584bc9afaa809e570f6e4,Resonance Star-Up Material
1690750788,5dcb2552990f968d34ca524f1747a9c81cf5467256b584bc9afaa809e570f6e4,Resonance Star-Up Material
1789901223,5dcb2552990f968d34ca524f1747a9c81cf5467256b584bc9afaa809e570f6e4,Resonance Star-Up Material
1350211996,48ab0778cf7f2dc886ab1353e10bffabc44e536fc30cdea6443f965ffca48880,"Make your engaged Aniimo assume a <color=#d89c28>defensive stance</color>, slightly reducing their attack while significantly increasing their defense. Cast the skill again to cancel the defensive stance.
Recommended when facing <color=#d89c28>powerful enemies</color>."
1350217421,d3782e396f5c5d304de6cc45655d8707031e090dbe72125ce61ed463a0d65c60,Exclusive resonance material for the Helmut family.
1350261118,0d88e68e229eb1a9255129c957a1e0d6abc6b95150cf68454d0a4cd57c0861da,"I underestimated the Helmuts’ appetites. I never expected them to eat like that, and now our stock is running low!"
1350278598,068f5c612866e8456ce2ce764d295681dc4a00a2f0640c521a047c36e51a2705,"You wouldn't understand even if I told you, don't bother me. I need to wait for Amy to come back."
1350291602,4cedd7493ba9f14290fc5a6c62ce25106362d19b239633168ebde32215b768bc,Knight’s Little Follower
1350310277,0edf501593b8f705a8e4eeb5be5c4507f155d0dca272670a7b035280adefe9ef,The glow drove away the nearby fog
1350311221,4c53339bb5bb6ff99338dc3f3e32d571b0eb0cbd3c0c7cfa8c55a0709c63e264,Dark-type Aniimo
1350346908,0aa2849c515a8fd5d9ba86c139ef809c5a55a728266f3fc2e1446830c4726398,"Teleports all Hummin units next to the target to unleash Gravel Tackle, dealing damage."
1673603851,0aa2849c515a8fd5d9ba86c139ef809c5a55a728266f3fc2e1446830c4726398,"Teleports all Hummin units next to the target to unleash Gravel Tackle, dealing damage."
1350347613,94ade609122cee9627675fc181f51d7ce842a8f192637ebce3280f0e649dc336,"Cannot act for <customRichText(buffConfigData,2156304,duration)>s."
1350351034,b40a57c0c9b175576feaf235c16428623a3c9c2688728141ca66d0d820113ee5,Invite sent
1350431998,30eecfaf02650487540b6fabdb2307cf627f191659718d7e8c0436c0455a39a5,Reset Sanctum Chest Data
1350507026,a09122de90039bff4f0d699ed0a894e2f6af89571035b0c45ca19df613297d0c,"1. Every day from 18:00 to 2:00 (UTC+0) the next day, the cafe in Astra hosts the Star-Crossed Tea Party.
After a long day on your journey, why not stop by and relax?
Chat with passing travelers, share stories from today’s adventure, and you might even meet a new ally along the way.
2. Stay and interact during the tea party to earn Voxel Coins and Season Stamps.
Daily Limits:
Voxel Coin ×150
Season Stamp ×40"
1350516896,9c94c87782356ff394565a7b5949870d4ab900c31cf108d8f170872ede2be350,Dreams lead us to reality.
1350531772,3239ad1fe1e2488e815f91376e1242c8d8e1a7a750591a372ebf38ac79c5d3f6,W-W-Well... ahem. Yeah. That’s... a gift I set up for you.
1350545755,be89aff4001287ebd60b16013400f4193d3db86e27e5212e5b3f9cee58079c52,Find Bulbly flashing red at low HP.
1350547106,9d77a24d0f4c91a2e968ca607e49dd3b15d5489f66a5bc81fa72803b32443419,Luna
1843162436,9d77a24d0f4c91a2e968ca607e49dd3b15d5489f66a5bc81fa72803b32443419,Luna
1350550626,1d998c7ecb958964c0b2eed4080f54d8f963f7d6c82d29dabfa10a5466a12189,"The catch is, no one knows whether the hatched Aniimo’s potential will be high or low...
Oh, potential refers to an Aniimo’s passive attributes. High-potential Aniimo are especially strong in that area."
1350567455,3f020e335b3100047014e259020b0e29d124e0fd00e7e807a5c350b16566fa1b,"Tile with neat lines and warm earthy hues, elegant and grounded."
1624683990,3f020e335b3100047014e259020b0e29d124e0fd00e7e807a5c350b16566fa1b,"Tile with neat lines and warm earthy hues, elegant and grounded."
1350584897,a94a896df6689ed08986049d1d480e8141c52d39d5edd1f6cd7fd9735b603ab4,Awoo awoo! (It seems very happy)
1350633945,68b8603dada6c16bb6224f393145418df1b2b1937369d5ab73437a5c00b1071a,Owl’s Poise
1710077585,68b8603dada6c16bb6224f393145418df1b2b1937369d5ab73437a5c00b1071a,Owl’s Poise
1350687613,f0db3e4fed504bc930ea26e6c4aad1656d8f4be5551e9f204f807510cab8d880,"Increases Damage Amp by <customRichText(calcData,buff,6000204,param0,1,%d)>%"
1350770640,5f40917d872aa35ec7296abdef7d42f2373c27884cb2f02ff7a48ed57fb92be6,Big Kids and Little Kids
1780107284,5f40917d872aa35ec7296abdef7d42f2373c27884cb2f02ff7a48ed57fb92be6,Big Kids and Little Kids
1830476782,5f40917d872aa35ec7296abdef7d42f2373c27884cb2f02ff7a48ed57fb92be6,Big Kids and Little Kids
1350770712,3d1b950161b528da4df418dd26b7f7b335df195ca006109bf56ff444dbdf7947,Bolty Relic
1400839240,3d1b950161b528da4df418dd26b7f7b335df195ca006109bf56ff444dbdf7947,Bolty Relic
1436886072,3d1b950161b528da4df418dd26b7f7b335df195ca006109bf56ff444dbdf7947,Bolty Relic
1650419924,3d1b950161b528da4df418dd26b7f7b335df195ca006109bf56ff444dbdf7947,Bolty Relic
1350808089,74e773f2c6b0fe7f24f6fbee20dd5479b903b5e5172bd4571c18e58fd25c6214,"Restrained Inferlupa’s Spirit Dust. As the dust settles, its fighting spirit rekindles."
1437935185,74e773f2c6b0fe7f24f6fbee20dd5479b903b5e5172bd4571c18e58fd25c6214,"Restrained Inferlupa’s Spirit Dust. As the dust settles, its fighting spirit rekindles."
1350871762,e96f1604e1d6235146e98a0bf6de7848279b45ca985db2a2ac7a0c9108947d7c,"Two enormous pawprints stand out against the ocean blue and lemon yellow. Every passing Aniimo steps onto them to compare, dreaming of the day they’ll grow just as big."
2133460254,e96f1604e1d6235146e98a0bf6de7848279b45ca985db2a2ac7a0c9108947d7c,"Two enormous pawprints stand out against the ocean blue and lemon yellow. Every passing Aniimo steps onto them to compare, dreaming of the day they’ll grow just as big."
1350894492,5e251c288344838d3f32323476cdcca853e7cb0b621174cc5580c64b711507fe,Helion Dewdrop Crystal
1350906780,550bdf49c944a5077d8cd15ee0e6864c02b97cfee5af39fcd85d04c635c4c3d0,Listen to what they're talking about
1350921184,f4cdb24a2de5552578758d965b230d2ddb3d28305ac4d9f9fb50b74d024e4535,Lumin Amber: Breezy Plains
1350927042,d84cdbbab0837731094efb91f6531b1da9967e4da147c893d6056134dcd63cce,Only the listing seller can perform this action.
1350969860,2fcde159ac09844163a969e38f55359a04d18738ea135f99fbbccab9c90bc07c,You cannot sit in that seat. Swap failed.
1350986475,c823360b9e45d8b4c68fc33fa7f1f1cf8f530c92ccb541670ca57c6c35145d9a,Pink Foxglove
2093501115,c823360b9e45d8b4c68fc33fa7f1f1cf8f530c92ccb541670ca57c6c35145d9a,Pink Foxglove
1351030318,eaf0fe0a362b58490e9d73c9584a36ef7353872dd1663afef4e2099b88bf56bf,Warrior
1368163543,eaf0fe0a362b58490e9d73c9584a36ef7353872dd1663afef4e2099b88bf56bf,Warrior
1468199732,eaf0fe0a362b58490e9d73c9584a36ef7353872dd1663afef4e2099b88bf56bf,Warrior
1862482802,eaf0fe0a362b58490e9d73c9584a36ef7353872dd1663afef4e2099b88bf56bf,Warrior
1351039684,579fd70dd3e34ce1534658f9393e82da8f4c2390937c69bfef2e5df84c6caff9,The fluffy wool often sticks to all kinds of stuff.
1351041637,e3c38903f017b5a2e8bf6f5b3ba06ec2e3ce258e1978aa5890f942d62bdcc63a,Numerical Test - Electric
1966366513,e3c38903f017b5a2e8bf6f5b3ba06ec2e3ce258e1978aa5890f942d62bdcc63a,Numerical Test - Electric
1351062798,e92a106e01da5eb42c1a683f48fd29736c5a095afac514964ea779c33bce8144,Move Plot
1351082349,b2b8cdd03efcd7cf108702ad66eeb7f94a7baaff1d741b73fdc2991ebe428ca3,Take a photo of Helgon sleeping
1351103714,0975a30ecd39bf383fc61885dab111e2538eb60a33835e18d4652e1bc0169a7e,...Yeah. Made it look like some careless beetle just dropped it.
1351113480,2a15c8a3d2ffd842d09d3ba5b82916b79cab6630d8c9e8f121cef2be65b2e10b,Deliver Lumin Amber
1351116061,9d3cab2b5efed4eaef42a707dbc813da2ffad53220aa713b5f3c950596fe35f5,Focus
1351122106,2c4e80f004757a0759de8b0aa56d020a52325008b519a3347c82c06a779c5526,Disturb the sea?
1351163866,e63170a3a86030ead5b7d94bb08a3ba0fbbebcee1bc94dafe65cab5e38a1c7f4,"Don’t worry. Lunara and I both woke up, so she definitely will too!"
1351165915,45822ce0eadc9b285a3e64c65d6e1035493afbbf5a7ed8bf1aadf6be0ccf7feb,Soaring Flames
1351190478,a1b073535d25910bd3e2cd93c842f76bd2eceea279b7d468468de05915eeba96,"Randomly awards one of the following Held Items of <style=Q_5>any quality</style>: <style=Q_5>Ferocious Fang</style>, <style=Q_5>Miraculous Fleece</style>, or <style=Q_5>Lightning Needle</style>."
1351231394,f3aa486d5df1a7a2fcb1ea9a4582f49ad83b8dff609d0a372eede7c3a6ad2650,"After the Minespine Alpha swings its tail hammer and slams the ground, it unleashes a <style=Hint_BgL>Seismic Wave</style>. Staying on higher ground lets you avoid this damage. Bringing an Aniimo that can <style=Hint_BgL>alter terrain</style> makes it easier to handle."
1351237841,afed4f64fa267456e25fb4b6ff20d6659a0bd5f387730d8aea123ee6d178c376,I sometimes have that same feeling.
1351268261,c525060679574d21d70df55fbf5917fbf9c8090f212428b7fd43b00ffea34433,The shy Skippy is hiding in the cave. Hurry downstream and retrieve the leaf from that Pranky!
1351291455,90c3e06b33e1e5eb92e3a346697366abfac324a5d5348e4d6080ecf004e17488,Easy Tempo
1398578649,90c3e06b33e1e5eb92e3a346697366abfac324a5d5348e4d6080ecf004e17488,Easy Tempo
1351308241,062c277b791f23e2ad0413bf7eb4d27043494f05449dd390bf44c98e02b783e8,"A vision of delicate grace, wrapped in intoxicating scent."
1581345857,062c277b791f23e2ad0413bf7eb4d27043494f05449dd390bf44c98e02b783e8,"A vision of delicate grace, wrapped in intoxicating scent."
1712350121,062c277b791f23e2ad0413bf7eb4d27043494f05449dd390bf44c98e02b783e8,"A vision of delicate grace, wrapped in intoxicating scent."
1826216031,062c277b791f23e2ad0413bf7eb4d27043494f05449dd390bf44c98e02b783e8,"A vision of delicate grace, wrapped in intoxicating scent."
1915463885,062c277b791f23e2ad0413bf7eb4d27043494f05449dd390bf44c98e02b783e8,"A vision of delicate grace, wrapped in intoxicating scent."
2055986837,062c277b791f23e2ad0413bf7eb4d27043494f05449dd390bf44c98e02b783e8,"A vision of delicate grace, wrapped in intoxicating scent."
1351322000,e4d42b9bcf9320f1b5739d834f184b6e01e87a76f82a0c6d489a495c203cb2f0,"During the festival, a few lucky children will receive the blessing of <style=Hint_BgD>Flowers and Butterfly Shadows</style>!"
1351361019,cbc4751019ae29bbda748d2d3e369b879a8365da6d5576f24e8a9bd4191fbde6,About the chest...
1351369520,85c3560a35d715f4d6b1a28e03f92dc99ce06c594b9eafa46c1045ce0b777c40,Infuse enough Lumin Amber to unlock.
1351381575,cbaf8e99196bed45b674e781e712d90770eadbb092ae2f34c7fdf8df2d3c8ab6,Press #kRaw/GamepadRightStickPress#z to open [<style=Hint_BgL>Aniimo Info Panel</style>].
1351435538,be48c4785c19f1228a757eb583df7a08906c2996ff287999235d4f0f56cf94ec,Well (Level 3)
1662583510,be48c4785c19f1228a757eb583df7a08906c2996ff287999235d4f0f56cf94ec,Well (Level 3)
1351438360,9d09d9ecad77f5437c934c87311e2f2e03f941eabdda943dc50546eb3fc86c0b,"Relaxed and spontaneous, bursting with vitality."
1351460727,db031cd72a4bd23470a38d7ce6773b4de0dc0fa8aef112af07bf176fa9c94d70,"A freshly washed plate stands upright to drain, dry and ready for its next use."
1987956582,db031cd72a4bd23470a38d7ce6773b4de0dc0fa8aef112af07bf176fa9c94d70,"A freshly washed plate stands upright to drain, dry and ready for its next use."
1351468751,a8a7ee429dd0713205b3884a8689188be42e7da6119130fea9b60f110fdc1d44,"Explore Idyll and open clay pots, tree stumps, dirt mounds, and more."
1351474339,074d82b49ba4e5fda7ea1f220b51bf891ddf09001b01ec595bf988e4f93709e2,Exclusive Avatar Frame
1351474568,8a5f5c9cb957540f5ec59221d7bc96f03dd30d2ab046ab0bdc2827fc3881c119,Because you’ve developed pointless feelings.
1351534215,05ad5908f1439667c29af7108e254eac0f22ce2ab0dec866e8b32656b0a7195d,Trait Item
1351570635,fdabe5b82c80d567302bec904b112b627c1a4f9e525dc9db9554b60fb5e06f38,Sleepy Nimbi
1351592989,d0c5c978ae61a4d3fb86a134b4e2e294a9ebf287850045c0561514a1ab2986e1,Finely milled pale yellow herbal powder with a soft herb aroma.
1351640641,8b2c98d44d16a81c65371117ad478252660567b32c6bd19bdde541f77fd2d4cf,Find the real Morphling
1351640678,91c0af193ba4f7198c38dc7d5db08f72a90aa3a0dbb1ea2823f8bcce70e1ce5e,Girls’ Fashion Pack
1351647926,7e8de521e2bc97bdfd5b7c331b5cb7462a48af24dbd33614b20169d8040d54f4,"Now that everyone lives together in Astra, borders don’t really matter anymore, so any holiday becomes an excuse for everyone to celebrate together."
1351662636,79a407562e686c2e08acd6dd890074f2170b8b70801cf73a5c861fbccfe32374,"Simple and sleek, a versatile design that goes with everything."
1351668757,22579bbc5677efc28f80e2f8528819c7a0f7088e76d5ba1a8dfcca8143c7dea9,Holo-Battle Sim Entrance
1351683474,321ca3f1440118b8dc12a9723eb4db435ecb0c83e9e6182e66750b2d92a027cb,Today’s Picks
1804751346,321ca3f1440118b8dc12a9723eb4db435ecb0c83e9e6182e66750b2d92a027cb,Today’s Picks
1351701170,127dfd69b708ec3d0f65f4cecf6ff92edfdf20e76c68a0e0f040d16ea1efc69b,Learn Silent Step
1351705647,18c28f0c80f9b41a76413f9b7189bd4a06eb88dcf09dd313a74cfc03f3960b01,Don’t waste your time on %s
1351733933,3301aacea169cfeef19d158ae42097d77a7b05c6630209554107a087e71f2e5b,Altar
1966170853,3301aacea169cfeef19d158ae42097d77a7b05c6630209554107a087e71f2e5b,Altar
1351754269,980b77d4e8db9be7a64ea9789b68d125e324c9c29ff915c38bcae997974b033c,Display Resource Download Options
1351790679,bd6dd785820a2d668e3a879a7245b6b3cf4ffc154c8284879e6c1469fc3ff2b8,Common CRIT DMG Rune
1351819322,cd49dfbb6289300d65098777ada0ac522574e44c16fadb1e53166fb592488674,Force re-unlock or replace (For programming tests only: does not clear all data)
1351857191,a55f42660022e4129f0c84231825eac3e767f256942c717932b792f5beeab3c2,Naive fools... Can’t stand them.
1351858850,9e596bf3f96f0599a8d90d2a08c279270b0b69084f329479fec25742caa80882,Chasing your dreams is the embodiment of courage!
1351859367,78ed21dee2d071c4f29023f685e68193ff886eea6fe3b790179e966a04a13d69,I’ve actually been there!
1351892147,d332ee40bed14dac82ba3715c5c208ed027efbde0e64cd6ad1bba58e28c7a593,%02d/%02d Event Opens
1351919645,6e50361a222e252f7525dfad3d234b40bf318a3b1ea12b54f5f22cac3983486d,You have been removed from the private RV Park and will be randomly assigned to a public RV Park in the same area.
1351963173,3d5dface4c1b219a192b98e3b0bbf362b0b65feda89868a8f3097d3ea65bca88,Switched to Full Display
1351978211,0425f18796fa41d29f18c5262ab156d0ac901719c4c69ac1b4171bee4de8a2b2,A flower infused with the essence of Fire.
1351988121,205adaec0c2d3d7566bfdb00d6f45933540402d64afa69dd42a2dc34a0ca77a7,"After choosing a Holo-gizmo, the chance to obtain a <style=Hint_BgD>Holo-gizmo of the same Training Style</style> during this training session is <style=Hint_BgD>much higher</style>."
1351990051,c3a068ca3ba9b884ad51fb562568d694c024aa0b73672261ca063d969c756464,Complete Twining
1351999991,dec0ff5e072dfeab729dfcb2e1fbf167ea80c96da955f3616e1b5ff7bfba4076,Shining Wheat
1950382405,dec0ff5e072dfeab729dfcb2e1fbf167ea80c96da955f3616e1b5ff7bfba4076,Shining Wheat
2003006166,dec0ff5e072dfeab729dfcb2e1fbf167ea80c96da955f3616e1b5ff7bfba4076,Shining Wheat
1352000417,b8c16522f68ad97e7d3d27b740fcceefa5ae49b41bebc152af1a5e43d2552fe4,Finally!
1352059516,9c1250936b4667bf47254af232ce046dc162815c5fb11a7f4e65734c176349e3,"If you remove %s, your Collectible Points won’t be deducted. Placing this Collectible back will also not grant additional points. Remove this Collectible?"
1352075565,09072ee0aac2492bde3637b648bffe71afb5341b02ca9ff92c40333f0356e35c,Swift Egg II
1352101575,4a5d7f645dab89a8057382beaad9428da61f36623471c048b7bcd94cd8b70e36,Frame Generation
1352139527,891377dbd82a1c466ac735b06fc634e76b3ce7c9fae9545eafc2aec6878c26b6,"One soft inhale of this potent yet refreshing scent instantly melts away your stress and anxiety, wrapping you in the promise of peaceful dreams."
1352143355,8606d407f0a847229a828f264b702b6472ca8d89b0b583754c2c7bdcf5de2892,"Wait—we shouldn’t rush up there.
I don’t sense any powerful Aniimo nearby."
1352162459,f65779205ccdbe13c624354fb46f43c320e6a21822748b23fb4551b091a8a491,Climbing While Twined
1414938340,f65779205ccdbe13c624354fb46f43c320e6a21822748b23fb4551b091a8a491,Climbing While Twined
1650348590,f65779205ccdbe13c624354fb46f43c320e6a21822748b23fb4551b091a8a491,Climbing While Twined
2116500311,f65779205ccdbe13c624354fb46f43c320e6a21822748b23fb4551b091a8a491,Climbing While Twined
1352164980,888188463d9737a0c4b98017459c7eaade760c613d74b0ed19cd7addeee04e72,Lunara or Helion
1352188242,941489e6bc96ce9247e0d06ead6544d028ea96e2d9d83c7089f6df92a191fabd,"Reduces the Cooldown time of all healing skills by <style=Hint_BgL><customRichText(calcData,buff, 2030004,param0,1,%d)>%</style>."
1352243433,88ecebd440e9ff8f219dbb18e860360af607ff88b2e08d9a10a962737485e8a7,Add Items
1352257465,60b9699b67a9a428c22247af70aaf40a8bc13c260f9ae889d18e249a0ca05ff0,I think Grace’s energy is great!
1352272387,8a2bc968c9547917308c1987dabb89553e3332105c2fd31168ebf9e56f03e58e,"During transformation, for every <style=Hint_BgL><customRichText(getConfigData,extra_random_buff, 3033001,param0)></style> healings received, triggers a powerful water rush at up to <style=Hint_BgL><customRichText(getConfigData,extra_random_buff, 3033001,param1)></style> nearest target positions."
1352273206,dd00a5a647b8cd4687e10d96fbfa3f60d9d595a6ec39e744a7ca9e5a7fc361b4,(Translator) ...Huwu... Must... make them leave...
1352276875,5314b2ff644cedc2182a432eb3cec56ccf67e3925f18febf1008d8b35d2408c3,Starburst - Warm Apricot Low Wall
1800783386,5314b2ff644cedc2182a432eb3cec56ccf67e3925f18febf1008d8b35d2408c3,Starburst - Warm Apricot Low Wall
1352280640,6bee16f4ca36cf9ca5d9b0ba0967b1c69b81cca8cedae2f067bcacd5cab7750e,Aniimo in the surrounding area are becoming active
1670512138,6bee16f4ca36cf9ca5d9b0ba0967b1c69b81cca8cedae2f067bcacd5cab7750e,Aniimo in the surrounding area are becoming active
1352291936,b899461ac3ba686f0d9609b0fbd422ac973a5eb1c68eedbb1c0bc7c0d61ab9f2,"Grants an Aniimo <style=Hint_BgL>25,000 Aniimo EXP when used</style>."
1352294773,cf830a7ffffe9e2bc69f626d68159b97a9f5b965b1d20d8602c633c247fd56f3,Alpha Wisptis
1374356310,cf830a7ffffe9e2bc69f626d68159b97a9f5b965b1d20d8602c633c247fd56f3,Alpha Wisptis
1423515643,cf830a7ffffe9e2bc69f626d68159b97a9f5b965b1d20d8602c633c247fd56f3,Alpha Wisptis
1485590549,cf830a7ffffe9e2bc69f626d68159b97a9f5b965b1d20d8602c633c247fd56f3,Alpha Wisptis
1668756845,cf830a7ffffe9e2bc69f626d68159b97a9f5b965b1d20d8602c633c247fd56f3,Alpha Wisptis
1681195640,cf830a7ffffe9e2bc69f626d68159b97a9f5b965b1d20d8602c633c247fd56f3,Alpha Wisptis
1352309767,65ebcf0282a2168760875afb8048322236e57b963cc4cc06ea098a8bece6a91e,Making wishes is not that different from having a dream.
1352314791,1e86116556f162cf8deb5a7c0a5d978e8acfbf502c42a49520a0ee5385443741,Clue:
1359393245,1e86116556f162cf8deb5a7c0a5d978e8acfbf502c42a49520a0ee5385443741,Clue:
1415855533,1e86116556f162cf8deb5a7c0a5d978e8acfbf502c42a49520a0ee5385443741,Clue:
1578728011,1e86116556f162cf8deb5a7c0a5d978e8acfbf502c42a49520a0ee5385443741,Clue:
1652961645,1e86116556f162cf8deb5a7c0a5d978e8acfbf502c42a49520a0ee5385443741,Clue:
1986405830,1e86116556f162cf8deb5a7c0a5d978e8acfbf502c42a49520a0ee5385443741,Clue:
1352335337,51d53f0cd7e17ce8e2a90d1549dfa7eea532bc6a51bc7ebce1e92f69117eca86,A lone wolf rests upon cold slumber and drifts into dreams through the long night.
1537719330,51d53f0cd7e17ce8e2a90d1549dfa7eea532bc6a51bc7ebce1e92f69117eca86,A lone wolf rests upon cold slumber and drifts into dreams through the long night.
1942214541,51d53f0cd7e17ce8e2a90d1549dfa7eea532bc6a51bc7ebce1e92f69117eca86,A lone wolf rests upon cold slumber and drifts into dreams through the long night.
2058561987,51d53f0cd7e17ce8e2a90d1549dfa7eea532bc6a51bc7ebce1e92f69117eca86,A lone wolf rests upon cold slumber and drifts into dreams through the long night.
1352354135,63c30754741ec881eaf4388c4ad18d2edb8a3b589d5c5aa6bdbc716c0bb81604,Wind Shard
1352363293,bccb28b3481dc5ed7ac2395e8399905a7648856c3acadbf15477bfb2ca0b2b65,"Purple returns to the land, born of the starine tree, in the Forest of Falling Stars."
1352395623,66c863748ece716ab1fa6ad1e54dbbb0b4f8889532dd1203cdee0d97672bf6bd,Fascinated
1352400511,b3df308129394280d3f6022ec6891329f303754dfe3ff7967bc2725459ceba88,A Gemclaw! Get after it!
1352402590,9d61372b64b17045e577780c80d430a69abfd5a505dc55aef73f4fe88bd5990a,Hastens allies.
1955455592,9d61372b64b17045e577780c80d430a69abfd5a505dc55aef73f4fe88bd5990a,Hastens allies.
1352412500,157736052a1e7b06279d43d59f3e10638fedc469a133a5fcea2c820ce01eb196,Don’t really fit in?
1352420208,c650ddbd506719f25024ce5cd2578bc0468648ab411774cbcae5c675b5ed7858,A hometown photo taken for a homesick Cozite in the Institute Hall.
1352420781,49f5c10eb0a2fa9de098dc0451340d8e32886865e77b093befdb99bb7799a947,Cost per minute
1352469892,6d919d8aa13b0f8cec1ba3cee42a722877ecd6ba4753198e0dc3fd9db818bab0,Phew... This one thought it was a mean Helmwhelp.
1352490074,d4dcf1024e24538634cd12611af4d29f35e5a3aab6cb998018da812f8febea5a,Claim it from your mailbox after evacuation.
1352494305,e2ce9953c5f8413cc7a3a56dce910906e3dc79baa4860d716271cb119059a9b7,"If I had lots of Kim Wool, I'd definitely knit Ross a scarf!"
1352500931,158e0ebd2ae8754f6da076a398d3bd145a92064a35fcee064077ea938d4cc3ca,"That’s for you all to discover on your own. Maybe if you find a Thunderstorm Thornblade and defeat it, you’ll learn the truth!"
1352501568,347d5d8b6f543cf34b411b10873752ed2596dc2bc4ac90f834a7ff9a66d56059,Zoey
1352501590,b6982dc43a6efa627092e11665fdb8e14e68629cc88563bf82e26d17394bd12d,"Vines in the way? Annoying wooden crates? If Emberpup does not like it, one fireball burns it all away."
1352514824,587d506de0d1c995238ea417d0f407dab8abfdddd31325745f25facb2e910b51,7 Photos
2120793364,587d506de0d1c995238ea417d0f407dab8abfdddd31325745f25facb2e910b51,7 Photos
1352518798,5ddad78d562241dc261b32d73bf58956df7c9eae0661c6206fea4fde8589bd7c,Zzz...zzZ
1352534758,9d390b92d5ea9841846881ba7fa4676049871bd09ddddaa74f607e5a894e309d,"Right. Though this person is a bit strange...
Hey, where did you guys go just now?"
1352552219,f3416c37b1ec3ff2ce720e1a28f8983b189cde53afc47dacb6834f5b59ef0ffc,That’s what it feels like to lose a friend...
1352574358,91364dc126b78c9d3d355781abb5bfbbd41137faaaaa74a05061372836127f26,Ether Heart
1352576622,4878e5f5ff8d8d85f31c9f66fd7aafd173b4f20432dae41a7b7544221f87b0f5,Basic Movement
1368752016,4878e5f5ff8d8d85f31c9f66fd7aafd173b4f20432dae41a7b7544221f87b0f5,Basic Movement
1352584515,07746ef6c126fde8fcd6811eb971de07ebe5e85eed0193a12bb6bbe6ff361b67,Active buff:
1352592705,0c24ce11775010010af03b750dc6b1b76dd2d8a68db553844a09c49d1250a88c,Unlock the Legendary Crescent Glow badge
1352597988,daa9951117ba52c80bd06b8f0f63dc685e2ade05a3a2ed5a4598f52d120119d5,Extra {0}
1352601388,956492b789f27025d468ab1f236424e07356958e4359171f9a431df73f034669,"Don't slack off, the special training isn't over yet. Keep it up."
1352603142,2562e22a7d7f26c7558bcc0784ffcc47eb56975683c2a53c679e674a3870fe2e,Right Tail