1826226258,ce7efb5feb6c6573449ddb9172b9dcfc7272056549b8985220171a74a0208678,Rift Catcher
2033729226,ce7efb5feb6c6573449ddb9172b9dcfc7272056549b8985220171a74a0208678,Rift Catcher
1154423605,a787a712041487f49804b47ed133fe97610ced0a8c6af7d1591966045d6283fc,Only the team leader has the authority to select the tank role.
1154450249,1ba5d35e6dfec326225e05869f68e3114ae0ff0eb141c0244730142d516307ed,Luminous Seed
1154491446,01a604b9589b6e79065e2c4ddd27d5260f807a8896ca370a1f03a85d3ad74b08,"Golden autumn sunshine, bottled. Every drop is freshly squeezed, sweet, and tart."
1742591196,01a604b9589b6e79065e2c4ddd27d5260f807a8896ca370a1f03a85d3ad74b08,"Golden autumn sunshine, bottled. Every drop is freshly squeezed, sweet, and tart."
1154494384,f456734c4376128b635098d0470753ced709ca833a7d0f800858614abd350984,"Although we have seeds, we still need suitable farmland."
1154529893,b88f76d0ed0773d0fbf90fda1fd1f3bb64c25fdd622012624ce4748f66d36614,"He tried to create a legendary perfume for the Iris Guardian, but kept failing. The recipe calls for ridgeback blossoms—which haven’t bloomed in years—so he gave up and now spends his days lying around."
1154544789,bf687042462e2d9ea04b1b33ce8e14bb1c937d8c7b01247a2adcecf48ba3c60b,Radiates bright enthusiasm and lively energy.
1508780242,bf687042462e2d9ea04b1b33ce8e14bb1c937d8c7b01247a2adcecf48ba3c60b,Radiates bright enthusiasm and lively energy.
1154569236,f98a70982bcf981dbc8b56d94a1a70dd91d97430bcf957175d95ea6a1e1327d2,"Hey! I’ve upgraded my Aniimo party again, there’s no way I’ll lose this time. Let’s duel!"
1154594040,993c68edbf9f4f3eecb5311f7db613fa594217d78c3585323d600ad42f7ae8a1,Converts 100% of the remaining shield into healing for the whole team if the shield remains unbroken when its duration ends.
1154625542,35b5a66e660d70266e061613bbdabdc12d3d1ac7c41e61d6669b436651811d9c,Homes Abilities
1667791597,35b5a66e660d70266e061613bbdabdc12d3d1ac7c41e61d6669b436651811d9c,Homes Abilities
1732151087,35b5a66e660d70266e061613bbdabdc12d3d1ac7c41e61d6669b436651811d9c,Homes Abilities
2135759644,35b5a66e660d70266e061613bbdabdc12d3d1ac7c41e61d6669b436651811d9c,Homes Abilities
1154626663,25820e1c2d84bbb13f2afaaed068a028e040aaeffe00245e73faee6d4394a103,"While you’ve locked on a target, tap #kCatch/Focus#z to switch among targets to lock on!"
1154658381,7086b6512622dc2dc43e043d1d1a71b1db67ba25f284a37b6a725643cf095a6a,"A heavy rectangular wooden door that gives the room a clear, solid boundary."
1154674329,a2b03f456ab1c685f9b1910a3a9a0b337be3fd401061a5cb7ca7d081c50669a3,"Ha, I like the sound of that. I’m using it for GoGoHomes’ tagline next month!"
1154689532,053161c4b118bc9dae6e93670a72d39311d6d7d1ed114cdb69f89f13ef17f386,Warmgrain Low Brick Wall
2027538946,053161c4b118bc9dae6e93670a72d39311d6d7d1ed114cdb69f89f13ef17f386,Warmgrain Low Brick Wall
1154692365,3e68cb13f78e40c5d3ab9abeac4107cbd8837bd3c74e8f0e7121810fc3f929f3,A coffee table for your Home.
1489459989,3e68cb13f78e40c5d3ab9abeac4107cbd8837bd3c74e8f0e7121810fc3f929f3,A coffee table for your Home.
1977564513,3e68cb13f78e40c5d3ab9abeac4107cbd8837bd3c74e8f0e7121810fc3f929f3,A coffee table for your Home.
1154693961,a85c5b82c9238ff15d5355ad50b1e5cece16bc69ecb46e6afc55dea560d34a3b,"When choosing a Training Style, there is a chance for <style=Hint_BgD>Core Gizmo</style> to appear."
1154695202,3e3c895c2cf83e3136da7edf3a5a7176907e498a1a658b76216539199e9e46cf,Relaxed Sitting Pose
1154696215,0764958fc8bca2333fee5e85ecda9ff0c28a62948e9c7519d2d7315cacf6cc2f,HP +2%
1185444703,0764958fc8bca2333fee5e85ecda9ff0c28a62948e9c7519d2d7315cacf6cc2f,HP +2%
1685820978,0764958fc8bca2333fee5e85ecda9ff0c28a62948e9c7519d2d7315cacf6cc2f,HP +2%
2090925939,0764958fc8bca2333fee5e85ecda9ff0c28a62948e9c7519d2d7315cacf6cc2f,HP +2%
2141560041,0764958fc8bca2333fee5e85ecda9ff0c28a62948e9c7519d2d7315cacf6cc2f,HP +2%
1154699063,b34eb23cb6ed95d2a3f618d843b7a6a1914f6040a13afcca33b7f68953ef4917,Wooden Cross-Leg Table - Pine
1270260110,b34eb23cb6ed95d2a3f618d843b7a6a1914f6040a13afcca33b7f68953ef4917,Wooden Cross-Leg Table - Pine
1154723652,dbaa3d3a4c01d84a69ee32ecb6f3084538bfec9dc2f4ba2c5a716bcc3c42911b,Huh? It belongs to a Skippy? Then taking it must’ve made that Skippy so sad...
1154724607,b998fe7b0ac79de6b06b3d09af9a9176b23847b0140bd694260e024987b04d06,Starburst - Warm Apricot Narrow Wall
1791771356,b998fe7b0ac79de6b06b3d09af9a9176b23847b0140bd694260e024987b04d06,Starburst - Warm Apricot Narrow Wall
1154737398,dcd04db20f8795eb6c207585ec2143dad17d483f541552dd7b2ed3fcbdb68410,"Invite timed out, please try again later."
1154756383,c3cd7dfe5d1d03472e0d1f7ef965a9e32049d2a710d06a49032773290f6700e9,Reach 40% Aniimo Collection Progress in Beast Fang Ridge
1154756678,419e2c36dc45af206bebcd202ebb3c44faa1d3e9f750da5bb0913822b5715d8c,Aniimo Treasure Team
1657106833,419e2c36dc45af206bebcd202ebb3c44faa1d3e9f750da5bb0913822b5715d8c,Aniimo Treasure Team
1154761824,a71d1972f1e8242ca4f3a627512ebf8a70c6c623f9af7790ae837f05ec27cba8,The Minespine checks your ores and steps aside.
1154765956,972919d33c95ed94b6608f6e5e7a01430afdd583c3d7fb188e81129a780ac7fa,Wealth Event
1191599230,972919d33c95ed94b6608f6e5e7a01430afdd583c3d7fb188e81129a780ac7fa,Wealth Event
1268110857,972919d33c95ed94b6608f6e5e7a01430afdd583c3d7fb188e81129a780ac7fa,Wealth Event
1282141047,972919d33c95ed94b6608f6e5e7a01430afdd583c3d7fb188e81129a780ac7fa,Wealth Event
1309992297,972919d33c95ed94b6608f6e5e7a01430afdd583c3d7fb188e81129a780ac7fa,Wealth Event
1318354664,972919d33c95ed94b6608f6e5e7a01430afdd583c3d7fb188e81129a780ac7fa,Wealth Event
1342915152,972919d33c95ed94b6608f6e5e7a01430afdd583c3d7fb188e81129a780ac7fa,Wealth Event
1344066501,972919d33c95ed94b6608f6e5e7a01430afdd583c3d7fb188e81129a780ac7fa,Wealth Event
1409259225,972919d33c95ed94b6608f6e5e7a01430afdd583c3d7fb188e81129a780ac7fa,Wealth Event
1444725705,972919d33c95ed94b6608f6e5e7a01430afdd583c3d7fb188e81129a780ac7fa,Wealth Event
1447959361,972919d33c95ed94b6608f6e5e7a01430afdd583c3d7fb188e81129a780ac7fa,Wealth Event
1479131237,972919d33c95ed94b6608f6e5e7a01430afdd583c3d7fb188e81129a780ac7fa,Wealth Event
1510617287,972919d33c95ed94b6608f6e5e7a01430afdd583c3d7fb188e81129a780ac7fa,Wealth Event
1517485939,972919d33c95ed94b6608f6e5e7a01430afdd583c3d7fb188e81129a780ac7fa,Wealth Event
1527166989,972919d33c95ed94b6608f6e5e7a01430afdd583c3d7fb188e81129a780ac7fa,Wealth Event
1529806985,972919d33c95ed94b6608f6e5e7a01430afdd583c3d7fb188e81129a780ac7fa,Wealth Event
1606303726,972919d33c95ed94b6608f6e5e7a01430afdd583c3d7fb188e81129a780ac7fa,Wealth Event
1627316974,972919d33c95ed94b6608f6e5e7a01430afdd583c3d7fb188e81129a780ac7fa,Wealth Event
1630127716,972919d33c95ed94b6608f6e5e7a01430afdd583c3d7fb188e81129a780ac7fa,Wealth Event
1632080884,972919d33c95ed94b6608f6e5e7a01430afdd583c3d7fb188e81129a780ac7fa,Wealth Event
1668737579,972919d33c95ed94b6608f6e5e7a01430afdd583c3d7fb188e81129a780ac7fa,Wealth Event
1669295863,972919d33c95ed94b6608f6e5e7a01430afdd583c3d7fb188e81129a780ac7fa,Wealth Event
1732357366,972919d33c95ed94b6608f6e5e7a01430afdd583c3d7fb188e81129a780ac7fa,Wealth Event
1753883715,972919d33c95ed94b6608f6e5e7a01430afdd583c3d7fb188e81129a780ac7fa,Wealth Event
1757015341,972919d33c95ed94b6608f6e5e7a01430afdd583c3d7fb188e81129a780ac7fa,Wealth Event
1765357643,972919d33c95ed94b6608f6e5e7a01430afdd583c3d7fb188e81129a780ac7fa,Wealth Event
1795042328,972919d33c95ed94b6608f6e5e7a01430afdd583c3d7fb188e81129a780ac7fa,Wealth Event
1827185118,972919d33c95ed94b6608f6e5e7a01430afdd583c3d7fb188e81129a780ac7fa,Wealth Event
1875474427,972919d33c95ed94b6608f6e5e7a01430afdd583c3d7fb188e81129a780ac7fa,Wealth Event
1904320595,972919d33c95ed94b6608f6e5e7a01430afdd583c3d7fb188e81129a780ac7fa,Wealth Event
1909575267,972919d33c95ed94b6608f6e5e7a01430afdd583c3d7fb188e81129a780ac7fa,Wealth Event
1927581335,972919d33c95ed94b6608f6e5e7a01430afdd583c3d7fb188e81129a780ac7fa,Wealth Event
1967651821,972919d33c95ed94b6608f6e5e7a01430afdd583c3d7fb188e81129a780ac7fa,Wealth Event
2005261139,972919d33c95ed94b6608f6e5e7a01430afdd583c3d7fb188e81129a780ac7fa,Wealth Event
2053030311,972919d33c95ed94b6608f6e5e7a01430afdd583c3d7fb188e81129a780ac7fa,Wealth Event
2054405443,972919d33c95ed94b6608f6e5e7a01430afdd583c3d7fb188e81129a780ac7fa,Wealth Event
2082780786,972919d33c95ed94b6608f6e5e7a01430afdd583c3d7fb188e81129a780ac7fa,Wealth Event
2088415685,972919d33c95ed94b6608f6e5e7a01430afdd583c3d7fb188e81129a780ac7fa,Wealth Event
2094157868,972919d33c95ed94b6608f6e5e7a01430afdd583c3d7fb188e81129a780ac7fa,Wealth Event
2098669096,972919d33c95ed94b6608f6e5e7a01430afdd583c3d7fb188e81129a780ac7fa,Wealth Event
2108647784,972919d33c95ed94b6608f6e5e7a01430afdd583c3d7fb188e81129a780ac7fa,Wealth Event
2124776976,972919d33c95ed94b6608f6e5e7a01430afdd583c3d7fb188e81129a780ac7fa,Wealth Event
2136249382,972919d33c95ed94b6608f6e5e7a01430afdd583c3d7fb188e81129a780ac7fa,Wealth Event
2142829516,972919d33c95ed94b6608f6e5e7a01430afdd583c3d7fb188e81129a780ac7fa,Wealth Event
1154766018,fefc72f09eef53dd5a560b366180f5aa7e5d708c0b2578d035704906ea668824,SUPER CRYSTAL
1473322160,fefc72f09eef53dd5a560b366180f5aa7e5d708c0b2578d035704906ea668824,SUPER CRYSTAL
1585615703,fefc72f09eef53dd5a560b366180f5aa7e5d708c0b2578d035704906ea668824,SUPER CRYSTAL
1878659479,fefc72f09eef53dd5a560b366180f5aa7e5d708c0b2578d035704906ea668824,SUPER CRYSTAL
1154806908,85a32d3708739f6193b43854d7355a3e6fefd1df7a1a1a293d2983898b9fe806,It was strange—I felt happier when she was happy than when people called me a genius...
1154834479,d39d4d12f5ffa6d2bf0b0fa39c478676d2a306ec70a561c6f1869eb90ea4cb47,Researcher’s Quirk
1457438495,d39d4d12f5ffa6d2bf0b0fa39c478676d2a306ec70a561c6f1869eb90ea4cb47,Researcher’s Quirk
1154888181,74a425dd971c591b228769ea12a96d9043ad0244966c5964cdd1ef29defb8101,"A <style=Hint_BgD>""Shello""</style> is here! Shushuta shcared..."
1154903461,b396203dd5ae8e8e242192c75f2b9b70cbc6984d5adbe6f6cb60fa4d5b430486,A red-brown building block for all kinds of structures.
1533971025,b396203dd5ae8e8e242192c75f2b9b70cbc6984d5adbe6f6cb60fa4d5b430486,A red-brown building block for all kinds of structures.
1154949641,9d57b4c8e8396a57a025280e23096d2760e9f3da385e51647dc8dbed714fabfb,Ability does not match
1642426017,9d57b4c8e8396a57a025280e23096d2760e9f3da385e51647dc8dbed714fabfb,Ability does not match
1716807589,9d57b4c8e8396a57a025280e23096d2760e9f3da385e51647dc8dbed714fabfb,Ability does not match
1776235373,9d57b4c8e8396a57a025280e23096d2760e9f3da385e51647dc8dbed714fabfb,Ability does not match
1825721286,9d57b4c8e8396a57a025280e23096d2760e9f3da385e51647dc8dbed714fabfb,Ability does not match
1833026692,9d57b4c8e8396a57a025280e23096d2760e9f3da385e51647dc8dbed714fabfb,Ability does not match
2007761973,9d57b4c8e8396a57a025280e23096d2760e9f3da385e51647dc8dbed714fabfb,Ability does not match
2062066378,9d57b4c8e8396a57a025280e23096d2760e9f3da385e51647dc8dbed714fabfb,Ability does not match
1154960458,8fbfd5053517e37387429f87632c8aa8fba53acb68088a6ce33268db1aa25f47,Plan2 (Combo Skill)
1154964002,42556e819fc3eb41fdedb82ee5d271fdc558225d3fb8d50ce1fc9879b3b664bc,A dark gray building block for all kinds of structures.
1583957315,42556e819fc3eb41fdedb82ee5d271fdc558225d3fb8d50ce1fc9879b3b664bc,A dark gray building block for all kinds of structures.
1154968680,9881b1c27351f6b9bb83a2e2e844a4459551b73c0e01f10efbec093317ae01a2,The strange Hummin jumps into the hole and escapes...
1154968780,5c2251ffb764f4572d9e0189901eef3ccfeb2a842a34a8c0f632de68bfedc915,Switch Target
1213939221,5c2251ffb764f4572d9e0189901eef3ccfeb2a842a34a8c0f632de68bfedc915,Switch Target
1322379527,5c2251ffb764f4572d9e0189901eef3ccfeb2a842a34a8c0f632de68bfedc915,Switch Target
1380341964,5c2251ffb764f4572d9e0189901eef3ccfeb2a842a34a8c0f632de68bfedc915,Switch Target
1420494810,5c2251ffb764f4572d9e0189901eef3ccfeb2a842a34a8c0f632de68bfedc915,Switch Target
1679285055,5c2251ffb764f4572d9e0189901eef3ccfeb2a842a34a8c0f632de68bfedc915,Switch Target
1154994287,0b127c7e12ee3724378a75efdeb099c0a4739c99d6326e1ea3cf27ea0ca3740a,"The Lightning elevator has already <color=#d89c28>stopped on the first floor</color>. After entering the Lightning elevator, <color=#d89c28>choose the floor</color>."
1154996696,02285689bcf99e2c3ca9ad06327b465d29122523322e271213bf94b614992305,Huge Colorful Shining Crystalline Ginseng
1937885469,02285689bcf99e2c3ca9ad06327b465d29122523322e271213bf94b614992305,Huge Colorful Shining Crystalline Ginseng
2012720856,02285689bcf99e2c3ca9ad06327b465d29122523322e271213bf94b614992305,Huge Colorful Shining Crystalline Ginseng
1155005219,1b4d0b3f8c12c877834b53fc26ecc6140f4be29a8a110849b0516a079f669358,Odd-looking
1155618675,1b4d0b3f8c12c877834b53fc26ecc6140f4be29a8a110849b0516a079f669358,Odd-looking
1167916536,1b4d0b3f8c12c877834b53fc26ecc6140f4be29a8a110849b0516a079f669358,Odd-looking
1233219674,1b4d0b3f8c12c877834b53fc26ecc6140f4be29a8a110849b0516a079f669358,Odd-looking
1283360654,1b4d0b3f8c12c877834b53fc26ecc6140f4be29a8a110849b0516a079f669358,Odd-looking
1335656214,1b4d0b3f8c12c877834b53fc26ecc6140f4be29a8a110849b0516a079f669358,Odd-looking
1370889207,1b4d0b3f8c12c877834b53fc26ecc6140f4be29a8a110849b0516a079f669358,Odd-looking
1597777474,1b4d0b3f8c12c877834b53fc26ecc6140f4be29a8a110849b0516a079f669358,Odd-looking
1882925256,1b4d0b3f8c12c877834b53fc26ecc6140f4be29a8a110849b0516a079f669358,Odd-looking
1948247036,1b4d0b3f8c12c877834b53fc26ecc6140f4be29a8a110849b0516a079f669358,Odd-looking
1965679918,1b4d0b3f8c12c877834b53fc26ecc6140f4be29a8a110849b0516a079f669358,Odd-looking
2009472751,1b4d0b3f8c12c877834b53fc26ecc6140f4be29a8a110849b0516a079f669358,Odd-looking
2086373433,1b4d0b3f8c12c877834b53fc26ecc6140f4be29a8a110849b0516a079f669358,Odd-looking
2141356368,1b4d0b3f8c12c877834b53fc26ecc6140f4be29a8a110849b0516a079f669358,Odd-looking
1155011451,9a6f0df12e82cfdcd39f9f81629109886f6dcb42f6edfcbe082d541a503cc8d2,"Books stacked up, giving off the comfort of well-kept knowledge."
1216264925,9a6f0df12e82cfdcd39f9f81629109886f6dcb42f6edfcbe082d541a503cc8d2,"Books stacked up, giving off the comfort of well-kept knowledge."
1625179129,9a6f0df12e82cfdcd39f9f81629109886f6dcb42f6edfcbe082d541a503cc8d2,"Books stacked up, giving off the comfort of well-kept knowledge."
2003568824,9a6f0df12e82cfdcd39f9f81629109886f6dcb42f6edfcbe082d541a503cc8d2,"Books stacked up, giving off the comfort of well-kept knowledge."
1155022873,7c8f737e61e9ab26857b3c0d5dbe4f21e6cfac9f32cb2d1ebcf4298662c557ec,Current Level
1155064739,27fc33dfa6b3b9b5e165290ac8735fb96fec099cd0e8380282ef2914c1be3b5d,Flame flowers and a mighty Infergon fill the Russet Highlands. A perfect view to paint - yet I couldn’t start. Something was missing.
1155099270,0d3a51a03f113ed286b21769d8bc35302a3fcd2879aebeba136f22d0f9bb5c5e,Unlocks Interaction Gesture - Greet
1782060075,0d3a51a03f113ed286b21769d8bc35302a3fcd2879aebeba136f22d0f9bb5c5e,Unlocks Interaction Gesture - Greet
1155130806,915c47f00934bde61934bf1ff8d8e6ac2e8527ed12b99b640a93ddb38b298fea,Training Mastery
1278887016,915c47f00934bde61934bf1ff8d8e6ac2e8527ed12b99b640a93ddb38b298fea,Training Mastery
1538907733,915c47f00934bde61934bf1ff8d8e6ac2e8527ed12b99b640a93ddb38b298fea,Training Mastery
1694577575,915c47f00934bde61934bf1ff8d8e6ac2e8527ed12b99b640a93ddb38b298fea,Training Mastery
1852111570,915c47f00934bde61934bf1ff8d8e6ac2e8527ed12b99b640a93ddb38b298fea,Training Mastery
1155138633,50c021203990cb137a8eed26485b3412d2140add0bfd9c86bfd514268dc5f7dc,"Link two Pathfinders with a chain, continuously losing HP."
1155141838,3ec34df4f008baff78c2a6574ff9790b339f9ef27f4e3545d72139d1aafa7656,Helmut’s Thank-You Gift
1155144043,3d25d9ef35ab5e1efafe72898fd4be57a3381146dd25b291241fb6b5c1c898b3,Master Collector
1214306476,3d25d9ef35ab5e1efafe72898fd4be57a3381146dd25b291241fb6b5c1c898b3,Master Collector
1252200770,3d25d9ef35ab5e1efafe72898fd4be57a3381146dd25b291241fb6b5c1c898b3,Master Collector
1275418963,3d25d9ef35ab5e1efafe72898fd4be57a3381146dd25b291241fb6b5c1c898b3,Master Collector
1323935012,3d25d9ef35ab5e1efafe72898fd4be57a3381146dd25b291241fb6b5c1c898b3,Master Collector
1356403429,3d25d9ef35ab5e1efafe72898fd4be57a3381146dd25b291241fb6b5c1c898b3,Master Collector
1490048936,3d25d9ef35ab5e1efafe72898fd4be57a3381146dd25b291241fb6b5c1c898b3,Master Collector
1530356148,3d25d9ef35ab5e1efafe72898fd4be57a3381146dd25b291241fb6b5c1c898b3,Master Collector
1651222519,3d25d9ef35ab5e1efafe72898fd4be57a3381146dd25b291241fb6b5c1c898b3,Master Collector
1670852140,3d25d9ef35ab5e1efafe72898fd4be57a3381146dd25b291241fb6b5c1c898b3,Master Collector
1712727010,3d25d9ef35ab5e1efafe72898fd4be57a3381146dd25b291241fb6b5c1c898b3,Master Collector
1928307349,3d25d9ef35ab5e1efafe72898fd4be57a3381146dd25b291241fb6b5c1c898b3,Master Collector
2078575473,3d25d9ef35ab5e1efafe72898fd4be57a3381146dd25b291241fb6b5c1c898b3,Master Collector
1155158543,e255ae8e302300a68c1deb6116e74595b9328d04944034a3dc13d6206091be06,The recent special energy drink blends have been really popular among programmers. We have to buy more ingredients.
1155187129,3e671a632b4a78b4a43c79a07efb35127b186dc563cc72b943eb5e43d12ccdca,Advanced ATK Rune
1155211972,133cde1045edc3f18d977c48009d22dad46d3dc612ce2bc2479845dc3ab06ecb,Fire elemental shots from a slingshot at targets to change their element type.
1155217732,2721d462a4cce1b4ee224b4d2317418fbc6e0c0f37e2100ec1bd67e59fdafc03,About Object Control
1200913930,2721d462a4cce1b4ee224b4d2317418fbc6e0c0f37e2100ec1bd67e59fdafc03,About Object Control
1155223656,717714893421c24824481a9b7fc577a563cd79610f1c7ab0b10623dad61c5080,Uninspired Painter
1781382659,717714893421c24824481a9b7fc577a563cd79610f1c7ab0b10623dad61c5080,Uninspired Painter
1155247454,3bd84f4665079132eed9c7f2e1390b615b851fac49d7e9b089c98fc48848b467,The dark circles under its eyes suggest its bed time.
1155260773,24c58a5070b668cdee2f09884bc4664c7405844be1126436f0436119b9b6a7ec,The Hummins in the Mistwoods excavate ripe truffles and bring them to the surface.
1155274793,30567303fb372dda12377e3ef358f901687fbd1bf8042ca04025e0f3e369f98a,Sanctum Rewards
1155281550,647594cbde3d8cb0f7c11cfc5050e1565d3be6dced1aeba050d48ee6af81de6b,Coconut
1155323558,8ada8f0d301b86e55a12ef080643cf14b70130388be08ef4c7f1e1d02486d19b,So cool! I wanna be like that when I grow up!
1155345573,17c2c202794b8fe791b609285554137e6c00aaa1e39827049c705d7f45a21400,Flower Pattern - Green Rhombus Narrow Wall
2119086716,17c2c202794b8fe791b609285554137e6c00aaa1e39827049c705d7f45a21400,Flower Pattern - Green Rhombus Narrow Wall
1155363705,619683f98eb9e8dad44affeed6b79d1bcf7c0e1d8efecdfd0fa42846e9e2ccac,Lv.
1189909122,619683f98eb9e8dad44affeed6b79d1bcf7c0e1d8efecdfd0fa42846e9e2ccac,Lv.
1208799265,619683f98eb9e8dad44affeed6b79d1bcf7c0e1d8efecdfd0fa42846e9e2ccac,Lv.
1224786558,619683f98eb9e8dad44affeed6b79d1bcf7c0e1d8efecdfd0fa42846e9e2ccac,Lv.
1233722379,619683f98eb9e8dad44affeed6b79d1bcf7c0e1d8efecdfd0fa42846e9e2ccac,Lv.
1245411730,619683f98eb9e8dad44affeed6b79d1bcf7c0e1d8efecdfd0fa42846e9e2ccac,Lv.
1262148581,619683f98eb9e8dad44affeed6b79d1bcf7c0e1d8efecdfd0fa42846e9e2ccac,Lv.
1287929113,619683f98eb9e8dad44affeed6b79d1bcf7c0e1d8efecdfd0fa42846e9e2ccac,Lv.
1363155119,619683f98eb9e8dad44affeed6b79d1bcf7c0e1d8efecdfd0fa42846e9e2ccac,Lv.
1367879413,619683f98eb9e8dad44affeed6b79d1bcf7c0e1d8efecdfd0fa42846e9e2ccac,Lv.
1421393406,619683f98eb9e8dad44affeed6b79d1bcf7c0e1d8efecdfd0fa42846e9e2ccac,Lv.
1432647385,619683f98eb9e8dad44affeed6b79d1bcf7c0e1d8efecdfd0fa42846e9e2ccac,Lv.
1451428498,619683f98eb9e8dad44affeed6b79d1bcf7c0e1d8efecdfd0fa42846e9e2ccac,Lv.
1453276614,619683f98eb9e8dad44affeed6b79d1bcf7c0e1d8efecdfd0fa42846e9e2ccac,Lv.
1488697358,619683f98eb9e8dad44affeed6b79d1bcf7c0e1d8efecdfd0fa42846e9e2ccac,Lv.
1512666182,619683f98eb9e8dad44affeed6b79d1bcf7c0e1d8efecdfd0fa42846e9e2ccac,Lv.
1527848390,619683f98eb9e8dad44affeed6b79d1bcf7c0e1d8efecdfd0fa42846e9e2ccac,Lv.
1595854068,619683f98eb9e8dad44affeed6b79d1bcf7c0e1d8efecdfd0fa42846e9e2ccac,Lv.
1720338288,619683f98eb9e8dad44affeed6b79d1bcf7c0e1d8efecdfd0fa42846e9e2ccac,Lv.
1737326776,619683f98eb9e8dad44affeed6b79d1bcf7c0e1d8efecdfd0fa42846e9e2ccac,Lv.
1777447433,619683f98eb9e8dad44affeed6b79d1bcf7c0e1d8efecdfd0fa42846e9e2ccac,Lv.
1796556665,619683f98eb9e8dad44affeed6b79d1bcf7c0e1d8efecdfd0fa42846e9e2ccac,Lv.
1851843865,619683f98eb9e8dad44affeed6b79d1bcf7c0e1d8efecdfd0fa42846e9e2ccac,Lv.
1905327309,619683f98eb9e8dad44affeed6b79d1bcf7c0e1d8efecdfd0fa42846e9e2ccac,Lv.
1915885207,619683f98eb9e8dad44affeed6b79d1bcf7c0e1d8efecdfd0fa42846e9e2ccac,Lv.
1995188426,619683f98eb9e8dad44affeed6b79d1bcf7c0e1d8efecdfd0fa42846e9e2ccac,Lv.
2021184657,619683f98eb9e8dad44affeed6b79d1bcf7c0e1d8efecdfd0fa42846e9e2ccac,Lv.
2035472903,619683f98eb9e8dad44affeed6b79d1bcf7c0e1d8efecdfd0fa42846e9e2ccac,Lv.
2074867748,619683f98eb9e8dad44affeed6b79d1bcf7c0e1d8efecdfd0fa42846e9e2ccac,Lv.
2097583087,619683f98eb9e8dad44affeed6b79d1bcf7c0e1d8efecdfd0fa42846e9e2ccac,Lv.
2106267645,619683f98eb9e8dad44affeed6b79d1bcf7c0e1d8efecdfd0fa42846e9e2ccac,Lv.
1155377931,8560d826ec641efdfad2af044e4942eb737c2d3511fa3780085a93acfe96434a,Blend the Deep Blue Fragrance
1155408511,b73a8870528977c3ad313d6d4a9ae503cd9f288a9cf58e9a1dacc80ba1a07013,Season Tile 2
1155415246,2b558a5704f4dd4c501b49b0411684e3efe785535612040fd329a8eb440d1f4c,Log in 3 days this week
1402153397,2b558a5704f4dd4c501b49b0411684e3efe785535612040fd329a8eb440d1f4c,Log in 3 days this week
1600808944,2b558a5704f4dd4c501b49b0411684e3efe785535612040fd329a8eb440d1f4c,Log in 3 days this week
1646537154,2b558a5704f4dd4c501b49b0411684e3efe785535612040fd329a8eb440d1f4c,Log in 3 days this week
1155427546,7501709d5ed04bb12757390f30e23104a5cbcf70c54924c2f90a94f3d6f12e3b,Unlock Badge - Cloudherder
1155466461,00faf4315c83ea499102fcdf04ee951652e838f1b787e18c91d0b5d2cbb6d2ee,"...If you meet Awen in Rosetower Woods, please look after her for me. As for my deposit, consider that free story payment in advance!"
1155468270,da478a227f29d54c85a6435e76b4869d9110d7a93f110d5e708721061996d3e4,"I heard your wish too, you silly little thing."
1155482762,4999439d121c9aa0da12007f76c7f6276a82ec6159503f2b8c2c7875e5181f2d,Curtains for your Home.
1221983718,4999439d121c9aa0da12007f76c7f6276a82ec6159503f2b8c2c7875e5181f2d,Curtains for your Home.
1294871025,4999439d121c9aa0da12007f76c7f6276a82ec6159503f2b8c2c7875e5181f2d,Curtains for your Home.
1630072871,4999439d121c9aa0da12007f76c7f6276a82ec6159503f2b8c2c7875e5181f2d,Curtains for your Home.
1155498046,3c3242cf522c347eb7eede522b97eb91a6c223103643bd669ba83eeea259b52a,Cone-Shaped Shrub
2083963883,3c3242cf522c347eb7eede522b97eb91a6c223103643bd669ba83eeea259b52a,Cone-Shaped Shrub
1155506031,13e4fc57fe3a681c0c812d0bfd868a278bd66ba785204a50d12e3d8091353fcf,"The routine battle earlier was hardly exciting for you, was it?
This time, both of us should show what we can truly do."
1155506358,09cb514a3a956681e09bca7402b0f396330ea56957ff357946cf89fd02b20508,"Good, it looks like you’ve learned a lot about catching and researching Aniimo."
1155525298,932a00b9198538db292b8cca49cbc7e42e957197864331d1b07480cd2695f12a,Read Info
1196500548,932a00b9198538db292b8cca49cbc7e42e957197864331d1b07480cd2695f12a,Read Info
1232695409,932a00b9198538db292b8cca49cbc7e42e957197864331d1b07480cd2695f12a,Read Info
1232848433,932a00b9198538db292b8cca49cbc7e42e957197864331d1b07480cd2695f12a,Read Info
1389775055,932a00b9198538db292b8cca49cbc7e42e957197864331d1b07480cd2695f12a,Read Info
1393605831,932a00b9198538db292b8cca49cbc7e42e957197864331d1b07480cd2695f12a,Read Info
1399248600,932a00b9198538db292b8cca49cbc7e42e957197864331d1b07480cd2695f12a,Read Info
1584063114,932a00b9198538db292b8cca49cbc7e42e957197864331d1b07480cd2695f12a,Read Info
1712753791,932a00b9198538db292b8cca49cbc7e42e957197864331d1b07480cd2695f12a,Read Info
1902183732,932a00b9198538db292b8cca49cbc7e42e957197864331d1b07480cd2695f12a,Read Info
1155532380,9916e26ffac166434b3be8a51c3479b25ea13634e1dc8e74b1b9718d73d4867a,Shrubclaw
1334147072,9916e26ffac166434b3be8a51c3479b25ea13634e1dc8e74b1b9718d73d4867a,Shrubclaw
1395326762,9916e26ffac166434b3be8a51c3479b25ea13634e1dc8e74b1b9718d73d4867a,Shrubclaw
1501528846,9916e26ffac166434b3be8a51c3479b25ea13634e1dc8e74b1b9718d73d4867a,Shrubclaw
1525041216,9916e26ffac166434b3be8a51c3479b25ea13634e1dc8e74b1b9718d73d4867a,Shrubclaw
1654817014,9916e26ffac166434b3be8a51c3479b25ea13634e1dc8e74b1b9718d73d4867a,Shrubclaw
1670182566,9916e26ffac166434b3be8a51c3479b25ea13634e1dc8e74b1b9718d73d4867a,Shrubclaw
1699553822,9916e26ffac166434b3be8a51c3479b25ea13634e1dc8e74b1b9718d73d4867a,Shrubclaw
1826082782,9916e26ffac166434b3be8a51c3479b25ea13634e1dc8e74b1b9718d73d4867a,Shrubclaw
2122504816,9916e26ffac166434b3be8a51c3479b25ea13634e1dc8e74b1b9718d73d4867a,Shrubclaw
1155537653,8e98773610ed402593e80bf166c1d34cf4f349d0525fa093713f98319c6daaf2,"I am Aeolus, ruler of this place—the land called the Zephyr Coast."
1155539189,fe0df43abff6996d8c8a71572234724c33c462c1272fdce8b885fd51e65d6812,Apple Tree
1308071384,fe0df43abff6996d8c8a71572234724c33c462c1272fdce8b885fd51e65d6812,Apple Tree
1155569997,9dfa847a2fdda88753ecebd3ca200f7a841255f9811eb6ec563dafb5518a250d,The Ghost Glynsera’s Spirit Dust. Its heart lies buried in dust—its hatred refuses to fade.
2010516162,9dfa847a2fdda88753ecebd3ca200f7a841255f9811eb6ec563dafb5518a250d,The Ghost Glynsera’s Spirit Dust. Its heart lies buried in dust—its hatred refuses to fade.
1155570136,aca0c030b6844b8e9c7b881140a4fe32b866f03ba562d1189a927237602612c5,Water Interactions
1306224934,aca0c030b6844b8e9c7b881140a4fe32b866f03ba562d1189a927237602612c5,Water Interactions
1376431329,aca0c030b6844b8e9c7b881140a4fe32b866f03ba562d1189a927237602612c5,Water Interactions
1547936234,aca0c030b6844b8e9c7b881140a4fe32b866f03ba562d1189a927237602612c5,Water Interactions
1707129078,aca0c030b6844b8e9c7b881140a4fe32b866f03ba562d1189a927237602612c5,Water Interactions
1742290990,aca0c030b6844b8e9c7b881140a4fe32b866f03ba562d1189a927237602612c5,Water Interactions
1835713922,aca0c030b6844b8e9c7b881140a4fe32b866f03ba562d1189a927237602612c5,Water Interactions
1902943428,aca0c030b6844b8e9c7b881140a4fe32b866f03ba562d1189a927237602612c5,Water Interactions
1986710296,aca0c030b6844b8e9c7b881140a4fe32b866f03ba562d1189a927237602612c5,Water Interactions
2126187555,aca0c030b6844b8e9c7b881140a4fe32b866f03ba562d1189a927237602612c5,Water Interactions
1155595183,ac8de31c5eaeccf9c70d82594ea1a3c9c943fa2c06d0d1b02c762b052eebc4ef,Head to the gate
1608696299,ac8de31c5eaeccf9c70d82594ea1a3c9c943fa2c06d0d1b02c762b052eebc4ef,Head to the gate
1653317160,ac8de31c5eaeccf9c70d82594ea1a3c9c943fa2c06d0d1b02c762b052eebc4ef,Head to the gate
1155603128,ea92782cdb1081e727a320ac1d7a0d811850b0e64260be4c17fe519eff2bc806,To join
1155611244,95e154398a4bc0091aa4d6b607472ac5a89e41fbc84a3a49f823314d6de9eebc,Replace
1520637774,95e154398a4bc0091aa4d6b607472ac5a89e41fbc84a3a49f823314d6de9eebc,Replace
1534172185,95e154398a4bc0091aa4d6b607472ac5a89e41fbc84a3a49f823314d6de9eebc,Replace
1632855269,95e154398a4bc0091aa4d6b607472ac5a89e41fbc84a3a49f823314d6de9eebc,Replace
1881983819,95e154398a4bc0091aa4d6b607472ac5a89e41fbc84a3a49f823314d6de9eebc,Replace
1922607126,95e154398a4bc0091aa4d6b607472ac5a89e41fbc84a3a49f823314d6de9eebc,Replace
1943849150,95e154398a4bc0091aa4d6b607472ac5a89e41fbc84a3a49f823314d6de9eebc,Replace
1984778477,95e154398a4bc0091aa4d6b607472ac5a89e41fbc84a3a49f823314d6de9eebc,Replace
2105789485,95e154398a4bc0091aa4d6b607472ac5a89e41fbc84a3a49f823314d6de9eebc,Replace
2121745320,95e154398a4bc0091aa4d6b607472ac5a89e41fbc84a3a49f823314d6de9eebc,Replace
1155614349,4ff96dc6db7c94bb18f40ad53dad7fd063a14d71aea2af1933dd4b87d2551db7,"Right! That mean Sherro took all our sparkly shells!
Now the Sherro has disappeared, and we’re getting those shells back! Hey-shu!"
1155623486,00ab16c3f22dc87eb09eb02ce6f8d419b65d4f8e5d7874f33366e561177e6188,"Fluff as light as clouds envelops Dreaple’s dream mist, soothing wounded hearts in peaceful slumber. Successfully extract the [Cloudsoft Slumber] Collectible during Operation: Egg Heist to unlock it."
1155648638,e26cb54b021d0e43261924420e449b7f18cc5718cbfdb9ff97ca60f22075da36,"The gathering is almost here. The better the venue is set up, the livelier it’ll be, and there might even be a few surprises in store."
1155648652,c1030b23de58382e93ca7e168f9d8f877fb9a4349cf44bd4c6309020607a7791,Revive
1238269491,c1030b23de58382e93ca7e168f9d8f877fb9a4349cf44bd4c6309020607a7791,Revive
1353298178,c1030b23de58382e93ca7e168f9d8f877fb9a4349cf44bd4c6309020607a7791,Revive
1420029746,c1030b23de58382e93ca7e168f9d8f877fb9a4349cf44bd4c6309020607a7791,Revive
1577923318,c1030b23de58382e93ca7e168f9d8f877fb9a4349cf44bd4c6309020607a7791,Revive
1691829744,c1030b23de58382e93ca7e168f9d8f877fb9a4349cf44bd4c6309020607a7791,Revive
1750649225,c1030b23de58382e93ca7e168f9d8f877fb9a4349cf44bd4c6309020607a7791,Revive
1913284980,c1030b23de58382e93ca7e168f9d8f877fb9a4349cf44bd4c6309020607a7791,Revive
1992738470,c1030b23de58382e93ca7e168f9d8f877fb9a4349cf44bd4c6309020607a7791,Revive
2134019846,c1030b23de58382e93ca7e168f9d8f877fb9a4349cf44bd4c6309020607a7791,Revive
1155659549,1b5df96eea14dd9f351de7052356d850fdb346451331232bab21b7f74f22a4d5,"Commonly used as a perfume-making plant in Bloomville. They symbolize friendship and companionship. The pink and yellow flowers always grow together, allowing their nectar to have two different tastes."
1155675208,dfc0d33d78c127be604ab2054074bca423b97eada3f007a658cce35d834bcb4d,Phonolfactory Table
1232154591,dfc0d33d78c127be604ab2054074bca423b97eada3f007a658cce35d834bcb4d,Phonolfactory Table
1267749245,dfc0d33d78c127be604ab2054074bca423b97eada3f007a658cce35d834bcb4d,Phonolfactory Table
1320589330,dfc0d33d78c127be604ab2054074bca423b97eada3f007a658cce35d834bcb4d,Phonolfactory Table
1549623037,dfc0d33d78c127be604ab2054074bca423b97eada3f007a658cce35d834bcb4d,Phonolfactory Table
1579016317,dfc0d33d78c127be604ab2054074bca423b97eada3f007a658cce35d834bcb4d,Phonolfactory Table
1882543457,dfc0d33d78c127be604ab2054074bca423b97eada3f007a658cce35d834bcb4d,Phonolfactory Table
1155692567,1651b81f75d6fcad505070c3051efa0afed1837ec1b9104c7d5e1ceb6e9071d6,Tell me about your request.
1155736574,db9aa5232dce16c66afa7ed5921634304c9c6e8299b50b0f20e7e2221bf02481,Aniimo Management
1224836799,db9aa5232dce16c66afa7ed5921634304c9c6e8299b50b0f20e7e2221bf02481,Aniimo Management
1240048660,db9aa5232dce16c66afa7ed5921634304c9c6e8299b50b0f20e7e2221bf02481,Aniimo Management
1240848749,db9aa5232dce16c66afa7ed5921634304c9c6e8299b50b0f20e7e2221bf02481,Aniimo Management
1241515766,db9aa5232dce16c66afa7ed5921634304c9c6e8299b50b0f20e7e2221bf02481,Aniimo Management
1277099127,db9aa5232dce16c66afa7ed5921634304c9c6e8299b50b0f20e7e2221bf02481,Aniimo Management
1374323314,db9aa5232dce16c66afa7ed5921634304c9c6e8299b50b0f20e7e2221bf02481,Aniimo Management
1513232905,db9aa5232dce16c66afa7ed5921634304c9c6e8299b50b0f20e7e2221bf02481,Aniimo Management
1571239245,db9aa5232dce16c66afa7ed5921634304c9c6e8299b50b0f20e7e2221bf02481,Aniimo Management
1571859200,db9aa5232dce16c66afa7ed5921634304c9c6e8299b50b0f20e7e2221bf02481,Aniimo Management
1596419683,db9aa5232dce16c66afa7ed5921634304c9c6e8299b50b0f20e7e2221bf02481,Aniimo Management
1708784007,db9aa5232dce16c66afa7ed5921634304c9c6e8299b50b0f20e7e2221bf02481,Aniimo Management
1749871358,db9aa5232dce16c66afa7ed5921634304c9c6e8299b50b0f20e7e2221bf02481,Aniimo Management
1837605705,db9aa5232dce16c66afa7ed5921634304c9c6e8299b50b0f20e7e2221bf02481,Aniimo Management
2014215568,db9aa5232dce16c66afa7ed5921634304c9c6e8299b50b0f20e7e2221bf02481,Aniimo Management
2037324356,db9aa5232dce16c66afa7ed5921634304c9c6e8299b50b0f20e7e2221bf02481,Aniimo Management
2145954123,db9aa5232dce16c66afa7ed5921634304c9c6e8299b50b0f20e7e2221bf02481,Aniimo Management
1155740637,213d82061af2260066d8b25a2b12358f1e4139354e125f84da420652464985eb,Private Chat with Stranger
1155764839,3372184107a0064bebdc036a9430a7f4372d70eec6c57d2ea443ae2d088e5f10,"Consumes the least common bubble color. The next basic attack is guaranteed to fire the most common color, and basic attack damage increases by <style=Hint_BgL><customRichText(calcData,buff, 9162303,param0,1,%d)>%</style> for <style=Hint_BgL><customRichText(buffConfigData,9162303,duration)></style>s."
1155846351,9cc1d385d2cb561a236479321b1e0c499f015e9e338686c12ce9220bf20ea659,Time Collapse (Placeholder)
1155880840,aeee2444295ad86710e12f4d1a8f3f6b7595c0c4de27bca5f46f8ce55e2d8a33,Is that a new trick by the arcade owner?
1155897949,5ccc079dd6d082f4bc0c8e59bee70f77509e862790510f2ae62719b2ac196e2d,Ice Lily
1719630355,5ccc079dd6d082f4bc0c8e59bee70f77509e862790510f2ae62719b2ac196e2d,Ice Lily
1997453610,5ccc079dd6d082f4bc0c8e59bee70f77509e862790510f2ae62719b2ac196e2d,Ice Lily
1155911379,aac04504e55bc44bc33f7a83fc9466203be72f95c8a3503158a3fa8a30016e66,Increases Aniimo’s work efficiency by 20% when working on [Crafting Table]
1283742790,aac04504e55bc44bc33f7a83fc9466203be72f95c8a3503158a3fa8a30016e66,Increases Aniimo’s work efficiency by 20% when working on [Crafting Table]
1296758311,aac04504e55bc44bc33f7a83fc9466203be72f95c8a3503158a3fa8a30016e66,Increases Aniimo’s work efficiency by 20% when working on [Crafting Table]
1790973757,aac04504e55bc44bc33f7a83fc9466203be72f95c8a3503158a3fa8a30016e66,Increases Aniimo’s work efficiency by 20% when working on [Crafting Table]
1826503824,aac04504e55bc44bc33f7a83fc9466203be72f95c8a3503158a3fa8a30016e66,Increases Aniimo’s work efficiency by 20% when working on [Crafting Table]
1830365952,aac04504e55bc44bc33f7a83fc9466203be72f95c8a3503158a3fa8a30016e66,Increases Aniimo’s work efficiency by 20% when working on [Crafting Table]
2067897291,aac04504e55bc44bc33f7a83fc9466203be72f95c8a3503158a3fa8a30016e66,Increases Aniimo’s work efficiency by 20% when working on [Crafting Table]
1155917223,8feb8ece7487555a82a890f8a2ce3a81a367c9101412e44afa96cac9b797d16b,You can do it! Don’t give up!
391173453,1f6a3249e9db2960c5e0259f8f7ae5fc8312eaede95948452adffca8652a48a5,Complete the Journey quest: Warrior.
1155931069,1f6a3249e9db2960c5e0259f8f7ae5fc8312eaede95948452adffca8652a48a5,Complete the Journey quest: Warrior.
1155941690,05aa97f77b1a37a876a338584a857b12fe7470662730eceebccf59209f38cc60,Hazard Pay
1286072934,05aa97f77b1a37a876a338584a857b12fe7470662730eceebccf59209f38cc60,Hazard Pay
1155963611,e8e1cb02623166ce5b00d98a019fd82038757b138f5bb61bd350d9a8e3fa2f85,Spend 3 Active Skill Points
1155964533,62bead626765fde9dc0afaea336d6844daa98b2b33718ddd2d156bd7a26d7448,Reporting grants <color=#d89c28>10%</color> more Credits.
1155982579,38178a20b470cfd18299fb1593dd4ba706f1a83321dac051d01086efd8b7a96f,No.
1171913457,38178a20b470cfd18299fb1593dd4ba706f1a83321dac051d01086efd8b7a96f,No.
1302452001,38178a20b470cfd18299fb1593dd4ba706f1a83321dac051d01086efd8b7a96f,No.
1303057079,38178a20b470cfd18299fb1593dd4ba706f1a83321dac051d01086efd8b7a96f,No.
1335096461,38178a20b470cfd18299fb1593dd4ba706f1a83321dac051d01086efd8b7a96f,No.
1833932386,38178a20b470cfd18299fb1593dd4ba706f1a83321dac051d01086efd8b7a96f,No.
2094195296,38178a20b470cfd18299fb1593dd4ba706f1a83321dac051d01086efd8b7a96f,No.
2136918088,38178a20b470cfd18299fb1593dd4ba706f1a83321dac051d01086efd8b7a96f,No.
2141450540,38178a20b470cfd18299fb1593dd4ba706f1a83321dac051d01086efd8b7a96f,No.
1155983044,3fe9a410952dbfc8dd816b121d89992250aa9dc223e4f05faed2cc3c92293db3,Black-framed Sunglasses
1214954799,3fe9a410952dbfc8dd816b121d89992250aa9dc223e4f05faed2cc3c92293db3,Black-framed Sunglasses
1155988158,d0153fb32cc0aa512d6a2055dd33f2a5b978fc4397eccbe6d8445381283f4933,You’re stranger than the rock!
1155988324,93f9b8f3a30e0087f932baddf6b49d8c51fcb9e67598281cb3dec1a00bf2c464,Event 2
1249082954,93f9b8f3a30e0087f932baddf6b49d8c51fcb9e67598281cb3dec1a00bf2c464,Event 2
1324410135,93f9b8f3a30e0087f932baddf6b49d8c51fcb9e67598281cb3dec1a00bf2c464,Event 2
1796509610,93f9b8f3a30e0087f932baddf6b49d8c51fcb9e67598281cb3dec1a00bf2c464,Event 2
1156009152,80f1e148f14f3b82aaec65244d7685c1096a8174d748fdc497ecd28ad41ee0b0,Rex
1273973020,80f1e148f14f3b82aaec65244d7685c1096a8174d748fdc497ecd28ad41ee0b0,Rex
1479896177,80f1e148f14f3b82aaec65244d7685c1096a8174d748fdc497ecd28ad41ee0b0,Rex
1508938752,80f1e148f14f3b82aaec65244d7685c1096a8174d748fdc497ecd28ad41ee0b0,Rex
1868579892,80f1e148f14f3b82aaec65244d7685c1096a8174d748fdc497ecd28ad41ee0b0,Rex
1955439787,80f1e148f14f3b82aaec65244d7685c1096a8174d748fdc497ecd28ad41ee0b0,Rex
2060512658,80f1e148f14f3b82aaec65244d7685c1096a8174d748fdc497ecd28ad41ee0b0,Rex
1156016944,22ce716e455674c52003b2aee6788af0666a79ddd08779273ccbf12f72e24592,"If you complete the whole route across the plateau with a ""perfect"" run..."
1156017751,84bc3c9a8faff34c180dada87c06bdcbbd90bec6d5d5a10a62991347d3a8a238,"One day, I wanna be a mighty Flameruff, just like the Boss..."
2128658128,84bc3c9a8faff34c180dada87c06bdcbbd90bec6d5d5a10a62991347d3a8a238,"One day, I wanna be a mighty Flameruff, just like the Boss..."
1156058829,c4e5241aae600a9775c54e2ee3437940febad14ed1720acadc2d2f4d97715962,Hot Fountain
1980565620,c4e5241aae600a9775c54e2ee3437940febad14ed1720acadc2d2f4d97715962,Hot Fountain
1156076548,b5b0c6b182386823861d7c23efda608a105c4a795cf2211fe73c1ac5babdf6f1,"Black frames add a cool sharpness, shading the light while bringing sleek attitude."
1179982222,b5b0c6b182386823861d7c23efda608a105c4a795cf2211fe73c1ac5babdf6f1,"Black frames add a cool sharpness, shading the light while bringing sleek attitude."
1336369631,b5b0c6b182386823861d7c23efda608a105c4a795cf2211fe73c1ac5babdf6f1,"Black frames add a cool sharpness, shading the light while bringing sleek attitude."
1156090944,889155d46499124be86d6d049fba6c5a293d96cac278e1677baede0ab6ceb910,Save as Guide Character
1156093624,1d7e81ae81ab24dfea2a40d17bd38da34aa4647a49833e52f572898a8a15113e,Allows you to <color=#d89c28>revive</color> Aniimo in your party.
1156116254,8ffd8934d014a12f023af38609945cc62873f8813637ae0cf7807e3cdb263a09,"That upset you, hmm? But a brave Budsquire should—"
1156121123,400eadebab4bdcbfeb94f6153efa627b0f2c5b7cdd265fbee17863bc3c08203c,Healing Tune
1639150361,400eadebab4bdcbfeb94f6153efa627b0f2c5b7cdd265fbee17863bc3c08203c,Healing Tune
1677030576,400eadebab4bdcbfeb94f6153efa627b0f2c5b7cdd265fbee17863bc3c08203c,Healing Tune
1156128662,896ceb22e6f5590b36296862747e8499aa0e2a19615c120b102fe3aaab5a8d0b,(Translator) Thank you for setting up the Bouncy Pads... or I wouldn’t have survived that.
1156145034,c6e293ba74753f2d323d3529b8f03ccc582456363862aaaf083431df4cb5eaef,Execute Event
1156147781,89a7e994ccb240d5619118db0666542993636609e77ba5e3ddfbd1cdd995b20a,I’m ready—for victory or defeat.
1156148488,18367b47f819154edae4a231c41468172a3e6a13730113c8148176ad5c842d92,Trumpet
1156177108,8de0b3c47f112c59745f717a626932264c422a7563954872e237b223af4ad643,S
1156185151,ddd9ee58ffe90ad1661724dbaef7cf3f225ee38a239f51da99cb73b7862277de,"An educational and research institution founded by renowned scholar and explorer Oswen, dedicated to Aniimo research and Idyll expeditions.
Students and Aniimo study and train together under the Institute’s guidance, living and growing side by side."
1156203409,87c34e5816e7ec49c219e07350b055f7d38226cf31cb4cbe5437c426f7ceeaed,Confirm %s?
1156217555,78bd99dca191832230ab0c2b9e976d66acb8d6cb8c3621681658d317b1298156,"A Helgon, a Rookey, and an Infergon are chatting in a circle, while Helmuts and Jawlings are sleeping on the ground. One of the Jawlings even has its teeth on a Helmut’s helmet... Someone recorded all this in an ancient language. Maybe a long time ago, Helmuts and Jawlings were friends."
1792743954,78bd99dca191832230ab0c2b9e976d66acb8d6cb8c3621681658d317b1298156,"A Helgon, a Rookey, and an Infergon are chatting in a circle, while Helmuts and Jawlings are sleeping on the ground. One of the Jawlings even has its teeth on a Helmut’s helmet... Someone recorded all this in an ancient language. Maybe a long time ago, Helmuts and Jawlings were friends."
453698939,7f0dc48bbb51a24c5034131443b9d842d80580f5bacf92ba3a6feec4acf5d0e8,Sea of Flowers
471200584,7f0dc48bbb51a24c5034131443b9d842d80580f5bacf92ba3a6feec4acf5d0e8,Sea of Flowers
485845125,7f0dc48bbb51a24c5034131443b9d842d80580f5bacf92ba3a6feec4acf5d0e8,Sea of Flowers
1156222793,7f0dc48bbb51a24c5034131443b9d842d80580f5bacf92ba3a6feec4acf5d0e8,Sea of Flowers
1411042912,7f0dc48bbb51a24c5034131443b9d842d80580f5bacf92ba3a6feec4acf5d0e8,Sea of Flowers
1455411606,7f0dc48bbb51a24c5034131443b9d842d80580f5bacf92ba3a6feec4acf5d0e8,Sea of Flowers
1745545241,7f0dc48bbb51a24c5034131443b9d842d80580f5bacf92ba3a6feec4acf5d0e8,Sea of Flowers
1877102031,7f0dc48bbb51a24c5034131443b9d842d80580f5bacf92ba3a6feec4acf5d0e8,Sea of Flowers
1948956783,7f0dc48bbb51a24c5034131443b9d842d80580f5bacf92ba3a6feec4acf5d0e8,Sea of Flowers
1975904113,7f0dc48bbb51a24c5034131443b9d842d80580f5bacf92ba3a6feec4acf5d0e8,Sea of Flowers
2055027862,7f0dc48bbb51a24c5034131443b9d842d80580f5bacf92ba3a6feec4acf5d0e8,Sea of Flowers
2067297521,7f0dc48bbb51a24c5034131443b9d842d80580f5bacf92ba3a6feec4acf5d0e8,Sea of Flowers
1156247493,c1800f6775e7536b8834e94eb757562681e791c1e86fe553b50ae94f2fe91c03,"After the gathering effect ends, you can pick the Veinfruit to receive rewards. At the same time, the stored Prismatic Energy will be released into the area, increasing the area’s Prismatic Energy."
1811494747,c1800f6775e7536b8834e94eb757562681e791c1e86fe553b50ae94f2fe91c03,"After the gathering effect ends, you can pick the Veinfruit to receive rewards. At the same time, the stored Prismatic Energy will be released into the area, increasing the area’s Prismatic Energy."
1156298446,627a6dc02c1fe5255c11cb2028e46d884a49e2cbf4e2035278cc0439d703e6ed,Switch to Aniimo 2
2032715170,627a6dc02c1fe5255c11cb2028e46d884a49e2cbf4e2035278cc0439d703e6ed,Switch to Aniimo 2
2089572272,627a6dc02c1fe5255c11cb2028e46d884a49e2cbf4e2035278cc0439d703e6ed,Switch to Aniimo 2
1156340196,89e5fd66ce44d8788f6deb232cdd1136abb7df5622a8c4e29d8594e277895193,Whoa! It’s... beautiful here!
1156349462,0d351be612d8520d7a45b098847892319198cfb43cf9856f1cac92d36827e26f,Harvest Moon - Osmanthus Rain
1620191673,0d351be612d8520d7a45b098847892319198cfb43cf9856f1cac92d36827e26f,Harvest Moon - Osmanthus Rain
1156349977,96035569ed91bbb076ab77167153bb942f9628e52b2c11bd69f4b3168a11d9cf,(Placeholder) Item description item description item description item description item description item description item description item description item description item description item description item description item description item description item description item description item description item description item description item description item description item description item description item description item description item description item description item description item description item description item description
1323891173,96035569ed91bbb076ab77167153bb942f9628e52b2c11bd69f4b3168a11d9cf,(Placeholder) Item description item description item description item description item description item description item description item description item description item description item description item description item description item description item description item description item description item description item description item description item description item description item description item description item description item description item description item description item description item description item description
1385866713,96035569ed91bbb076ab77167153bb942f9628e52b2c11bd69f4b3168a11d9cf,(Placeholder) Item description item description item description item description item description item description item description item description item description item description item description item description item description item description item description item description item description item description item description item description item description item description item description item description item description item description item description item description item description item description item description
1625429186,96035569ed91bbb076ab77167153bb942f9628e52b2c11bd69f4b3168a11d9cf,(Placeholder) Item description item description item description item description item description item description item description item description item description item description item description item description item description item description item description item description item description item description item description item description item description item description item description item description item description item description item description item description item description item description item description
1156378106,97f0e285f8ca8850418d7fd05330a37de1fe487963a9331e3280f810544df3d9,All I could think about when I saw this bow was—
1156386385,7b67ccc15726710f2e856f0d94f6482afc6dffbb22d261b47c519dab97a8467f,Required Aniimo missing!
1945255653,7b67ccc15726710f2e856f0d94f6482afc6dffbb22d261b47c519dab97a8467f,Required Aniimo missing!
1156432255,6ee8a98a334678a6b7e2f196a5875674e4b221a4eb42631530091b4b1fba76c5,"Restores Hummin units to their maximum number, then roars with them to release a massive shockwave at the target."
1156444377,f1c0f86d020e4f52dd62080ba36433e8f525bee29824a0d4113a998bf7492a72,Miyazaki
1156466705,5e871ae1b07dafb9a8ce9d8aa52cd696883f536d35d9a5213d086d9e0b918c61,"If freedom means singing whenever I want, then..."
1156536279,7945ab0aeb2a3b022f816aaffc1e9ae387648f3bbeca742b7fb6b586680a02e8,Curious Baby Cheekie
1301969803,7945ab0aeb2a3b022f816aaffc1e9ae387648f3bbeca742b7fb6b586680a02e8,Curious Baby Cheekie
1156569599,587c6b1d470d190685c480a98075a2bf265d1baeee26ea06c695289c97c5d513,Heal (placeholder)
1197870512,587c6b1d470d190685c480a98075a2bf265d1baeee26ea06c695289c97c5d513,Heal (placeholder)
1229002402,587c6b1d470d190685c480a98075a2bf265d1baeee26ea06c695289c97c5d513,Heal (placeholder)
1245054780,587c6b1d470d190685c480a98075a2bf265d1baeee26ea06c695289c97c5d513,Heal (placeholder)
1602934064,587c6b1d470d190685c480a98075a2bf265d1baeee26ea06c695289c97c5d513,Heal (placeholder)
1748498469,587c6b1d470d190685c480a98075a2bf265d1baeee26ea06c695289c97c5d513,Heal (placeholder)
1156599675,bbbda2cfa5b45a85d6171b65a96108b582caeddbc2148c603f2962e34d5c2f66,Retro Chic
1156603077,e738681fff758ec8d29161100ed10e8a5fffb0bf8a88c0aea1c690ab658e6506,Egg Form Movement Speed Modifier
1890141382,e738681fff758ec8d29161100ed10e8a5fffb0bf8a88c0aea1c690ab658e6506,Egg Form Movement Speed Modifier
1156606847,67b94b728f42ce9ed309ed6c4f755bcf05b495c1a20f0b9525ff8008372659c9,"
Sanctum: Frigid Waters"
1156626171,b31e8a32d886fef1a9efc3133f4212c161a7d5fe347a1fa088ad29e5126398ee,"I slept well, thanks. The room was really comfy!"
1156635539,633a450caaa5f588f256b9e6276ceb212750931b839b31c039586230254abe74,Levi went ahead to the Transport facility...
1156636199,49d8141370c748f75bcee131b71345862533e74826999fa2a9eb5ee6e77edd03,"Text content (placeholder) Our Aniimo has already Taken Off, super Evolved our Aniimo has already Taken Off, super Evolved our Aniimo has already Taken Off"
1540810278,49d8141370c748f75bcee131b71345862533e74826999fa2a9eb5ee6e77edd03,"Text content (placeholder) Our Aniimo has already Taken Off, super Evolved our Aniimo has already Taken Off, super Evolved our Aniimo has already Taken Off"
1156674241,a00df10bc8b3c36fb0bb447a2fb662aab1d650e1bd122f14166c876ed72020e7,Rekindling Feather
1258228861,a00df10bc8b3c36fb0bb447a2fb662aab1d650e1bd122f14166c876ed72020e7,Rekindling Feather
1679074500,a00df10bc8b3c36fb0bb447a2fb662aab1d650e1bd122f14166c876ed72020e7,Rekindling Feather
1813137140,a00df10bc8b3c36fb0bb447a2fb662aab1d650e1bd122f14166c876ed72020e7,Rekindling Feather
2021903189,a00df10bc8b3c36fb0bb447a2fb662aab1d650e1bd122f14166c876ed72020e7,Rekindling Feather
2077880042,a00df10bc8b3c36fb0bb447a2fb662aab1d650e1bd122f14166c876ed72020e7,Rekindling Feather
1156680201,f79339c250d3477b7a8cc13157871ebbbb85079afd5f684090c01041164cbdbe,Shelly on the Beach
1574792774,f79339c250d3477b7a8cc13157871ebbbb85079afd5f684090c01041164cbdbe,Shelly on the Beach
1628346827,f79339c250d3477b7a8cc13157871ebbbb85079afd5f684090c01041164cbdbe,Shelly on the Beach
1965764698,f79339c250d3477b7a8cc13157871ebbbb85079afd5f684090c01041164cbdbe,Shelly on the Beach
1156692387,0c592b8ece6b94825eed9916851cb986d6b180ae30adb971e43df95614a85ab2,"Splish, splash—see the Susuta dive right into the waves."
1296781559,0c592b8ece6b94825eed9916851cb986d6b180ae30adb971e43df95614a85ab2,"Splish, splash—see the Susuta dive right into the waves."
1352138958,0c592b8ece6b94825eed9916851cb986d6b180ae30adb971e43df95614a85ab2,"Splish, splash—see the Susuta dive right into the waves."
1592377362,0c592b8ece6b94825eed9916851cb986d6b180ae30adb971e43df95614a85ab2,"Splish, splash—see the Susuta dive right into the waves."
1156698553,198adf2a44ee42be901ea8c788020a1db217d9220113b698ea29e90834c51a7a,"1. Once the event begins, Polaris Institute will reveal this period’s mystery Aniimo silhouette.
2. The initial silhouette will only show the mystery Aniimo’s distinctive features, with the remaining parts hidden. Pathfinders can reveal the hidden parts by photographing Aniimo that share the same features as the mystery Aniimo.
3. Photograph an Aniimo matching the silhouette’s corresponding form and submit it to complete the research topic and claim the corresponding rewards. Successfully photographing before the full silhouette is revealed earns you bonus Aniimo Observation Rewards!
4. Pathfinders can also select photos from their existing album that meet the topic requirements for submission. If a photo contains this period’s mystery Aniimo, it counts toward event completion too.
5. Pay attention to Aniimo forms — only photos where the submitted Aniimo matches the mystery Aniimo’s exact form will count toward event completion.
6. Pathfinders can complete the event by photographing their own Aniimo, other players’ Aniimo, or wild Aniimo on the continent of Idyll.
7. Aniimo in the Holo-Battle Sim are holographic projections, and Aniimo found in Sanctums are bound by ancient seals. Photos taken in these two locations cannot be recognized or submitted."
1258091206,198adf2a44ee42be901ea8c788020a1db217d9220113b698ea29e90834c51a7a,"1. Once the event begins, Polaris Institute will reveal this period’s mystery Aniimo silhouette.
2. The initial silhouette will only show the mystery Aniimo’s distinctive features, with the remaining parts hidden. Pathfinders can reveal the hidden parts by photographing Aniimo that share the same features as the mystery Aniimo.
3. Photograph an Aniimo matching the silhouette’s corresponding form and submit it to complete the research topic and claim the corresponding rewards. Successfully photographing before the full silhouette is revealed earns you bonus Aniimo Observation Rewards!
4. Pathfinders can also select photos from their existing album that meet the topic requirements for submission. If a photo contains this period’s mystery Aniimo, it counts toward event completion too.
5. Pay attention to Aniimo forms — only photos where the submitted Aniimo matches the mystery Aniimo’s exact form will count toward event completion.
6. Pathfinders can complete the event by photographing their own Aniimo, other players’ Aniimo, or wild Aniimo on the continent of Idyll.
7. Aniimo in the Holo-Battle Sim are holographic projections, and Aniimo found in Sanctums are bound by ancient seals. Photos taken in these two locations cannot be recognized or submitted."
1279961953,198adf2a44ee42be901ea8c788020a1db217d9220113b698ea29e90834c51a7a,"1. Once the event begins, Polaris Institute will reveal this period’s mystery Aniimo silhouette.
2. The initial silhouette will only show the mystery Aniimo’s distinctive features, with the remaining parts hidden. Pathfinders can reveal the hidden parts by photographing Aniimo that share the same features as the mystery Aniimo.
3. Photograph an Aniimo matching the silhouette’s corresponding form and submit it to complete the research topic and claim the corresponding rewards. Successfully photographing before the full silhouette is revealed earns you bonus Aniimo Observation Rewards!
4. Pathfinders can also select photos from their existing album that meet the topic requirements for submission. If a photo contains this period’s mystery Aniimo, it counts toward event completion too.
5. Pay attention to Aniimo forms — only photos where the submitted Aniimo matches the mystery Aniimo’s exact form will count toward event completion.
6. Pathfinders can complete the event by photographing their own Aniimo, other players’ Aniimo, or wild Aniimo on the continent of Idyll.
7. Aniimo in the Holo-Battle Sim are holographic projections, and Aniimo found in Sanctums are bound by ancient seals. Photos taken in these two locations cannot be recognized or submitted."
1295351300,198adf2a44ee42be901ea8c788020a1db217d9220113b698ea29e90834c51a7a,"1. Once the event begins, Polaris Institute will reveal this period’s mystery Aniimo silhouette.
2. The initial silhouette will only show the mystery Aniimo’s distinctive features, with the remaining parts hidden. Pathfinders can reveal the hidden parts by photographing Aniimo that share the same features as the mystery Aniimo.
3. Photograph an Aniimo matching the silhouette’s corresponding form and submit it to complete the research topic and claim the corresponding rewards. Successfully photographing before the full silhouette is revealed earns you bonus Aniimo Observation Rewards!
4. Pathfinders can also select photos from their existing album that meet the topic requirements for submission. If a photo contains this period’s mystery Aniimo, it counts toward event completion too.
5. Pay attention to Aniimo forms — only photos where the submitted Aniimo matches the mystery Aniimo’s exact form will count toward event completion.
6. Pathfinders can complete the event by photographing their own Aniimo, other players’ Aniimo, or wild Aniimo on the continent of Idyll.
7. Aniimo in the Holo-Battle Sim are holographic projections, and Aniimo found in Sanctums are bound by ancient seals. Photos taken in these two locations cannot be recognized or submitted."
1400062060,198adf2a44ee42be901ea8c788020a1db217d9220113b698ea29e90834c51a7a,"1. Once the event begins, Polaris Institute will reveal this period’s mystery Aniimo silhouette.
2. The initial silhouette will only show the mystery Aniimo’s distinctive features, with the remaining parts hidden. Pathfinders can reveal the hidden parts by photographing Aniimo that share the same features as the mystery Aniimo.
3. Photograph an Aniimo matching the silhouette’s corresponding form and submit it to complete the research topic and claim the corresponding rewards. Successfully photographing before the full silhouette is revealed earns you bonus Aniimo Observation Rewards!
4. Pathfinders can also select photos from their existing album that meet the topic requirements for submission. If a photo contains this period’s mystery Aniimo, it counts toward event completion too.
5. Pay attention to Aniimo forms — only photos where the submitted Aniimo matches the mystery Aniimo’s exact form will count toward event completion.
6. Pathfinders can complete the event by photographing their own Aniimo, other players’ Aniimo, or wild Aniimo on the continent of Idyll.
7. Aniimo in the Holo-Battle Sim are holographic projections, and Aniimo found in Sanctums are bound by ancient seals. Photos taken in these two locations cannot be recognized or submitted."
1489916475,198adf2a44ee42be901ea8c788020a1db217d9220113b698ea29e90834c51a7a,"1. Once the event begins, Polaris Institute will reveal this period’s mystery Aniimo silhouette.
2. The initial silhouette will only show the mystery Aniimo’s distinctive features, with the remaining parts hidden. Pathfinders can reveal the hidden parts by photographing Aniimo that share the same features as the mystery Aniimo.
3. Photograph an Aniimo matching the silhouette’s corresponding form and submit it to complete the research topic and claim the corresponding rewards. Successfully photographing before the full silhouette is revealed earns you bonus Aniimo Observation Rewards!
4. Pathfinders can also select photos from their existing album that meet the topic requirements for submission. If a photo contains this period’s mystery Aniimo, it counts toward event completion too.
5. Pay attention to Aniimo forms — only photos where the submitted Aniimo matches the mystery Aniimo’s exact form will count toward event completion.
6. Pathfinders can complete the event by photographing their own Aniimo, other players’ Aniimo, or wild Aniimo on the continent of Idyll.
7. Aniimo in the Holo-Battle Sim are holographic projections, and Aniimo found in Sanctums are bound by ancient seals. Photos taken in these two locations cannot be recognized or submitted."
1613405063,198adf2a44ee42be901ea8c788020a1db217d9220113b698ea29e90834c51a7a,"1. Once the event begins, Polaris Institute will reveal this period’s mystery Aniimo silhouette.
2. The initial silhouette will only show the mystery Aniimo’s distinctive features, with the remaining parts hidden. Pathfinders can reveal the hidden parts by photographing Aniimo that share the same features as the mystery Aniimo.
3. Photograph an Aniimo matching the silhouette’s corresponding form and submit it to complete the research topic and claim the corresponding rewards. Successfully photographing before the full silhouette is revealed earns you bonus Aniimo Observation Rewards!
4. Pathfinders can also select photos from their existing album that meet the topic requirements for submission. If a photo contains this period’s mystery Aniimo, it counts toward event completion too.
5. Pay attention to Aniimo forms — only photos where the submitted Aniimo matches the mystery Aniimo’s exact form will count toward event completion.
6. Pathfinders can complete the event by photographing their own Aniimo, other players’ Aniimo, or wild Aniimo on the continent of Idyll.
7. Aniimo in the Holo-Battle Sim are holographic projections, and Aniimo found in Sanctums are bound by ancient seals. Photos taken in these two locations cannot be recognized or submitted."
1696700530,198adf2a44ee42be901ea8c788020a1db217d9220113b698ea29e90834c51a7a,"1. Once the event begins, Polaris Institute will reveal this period’s mystery Aniimo silhouette.
2. The initial silhouette will only show the mystery Aniimo’s distinctive features, with the remaining parts hidden. Pathfinders can reveal the hidden parts by photographing Aniimo that share the same features as the mystery Aniimo.
3. Photograph an Aniimo matching the silhouette’s corresponding form and submit it to complete the research topic and claim the corresponding rewards. Successfully photographing before the full silhouette is revealed earns you bonus Aniimo Observation Rewards!
4. Pathfinders can also select photos from their existing album that meet the topic requirements for submission. If a photo contains this period’s mystery Aniimo, it counts toward event completion too.
5. Pay attention to Aniimo forms — only photos where the submitted Aniimo matches the mystery Aniimo’s exact form will count toward event completion.
6. Pathfinders can complete the event by photographing their own Aniimo, other players’ Aniimo, or wild Aniimo on the continent of Idyll.
7. Aniimo in the Holo-Battle Sim are holographic projections, and Aniimo found in Sanctums are bound by ancient seals. Photos taken in these two locations cannot be recognized or submitted."
1764184008,198adf2a44ee42be901ea8c788020a1db217d9220113b698ea29e90834c51a7a,"1. Once the event begins, Polaris Institute will reveal this period’s mystery Aniimo silhouette.
2. The initial silhouette will only show the mystery Aniimo’s distinctive features, with the remaining parts hidden. Pathfinders can reveal the hidden parts by photographing Aniimo that share the same features as the mystery Aniimo.
3. Photograph an Aniimo matching the silhouette’s corresponding form and submit it to complete the research topic and claim the corresponding rewards. Successfully photographing before the full silhouette is revealed earns you bonus Aniimo Observation Rewards!
4. Pathfinders can also select photos from their existing album that meet the topic requirements for submission. If a photo contains this period’s mystery Aniimo, it counts toward event completion too.
5. Pay attention to Aniimo forms — only photos where the submitted Aniimo matches the mystery Aniimo’s exact form will count toward event completion.
6. Pathfinders can complete the event by photographing their own Aniimo, other players’ Aniimo, or wild Aniimo on the continent of Idyll.
7. Aniimo in the Holo-Battle Sim are holographic projections, and Aniimo found in Sanctums are bound by ancient seals. Photos taken in these two locations cannot be recognized or submitted."
1768555295,198adf2a44ee42be901ea8c788020a1db217d9220113b698ea29e90834c51a7a,"1. Once the event begins, Polaris Institute will reveal this period’s mystery Aniimo silhouette.
2. The initial silhouette will only show the mystery Aniimo’s distinctive features, with the remaining parts hidden. Pathfinders can reveal the hidden parts by photographing Aniimo that share the same features as the mystery Aniimo.
3. Photograph an Aniimo matching the silhouette’s corresponding form and submit it to complete the research topic and claim the corresponding rewards. Successfully photographing before the full silhouette is revealed earns you bonus Aniimo Observation Rewards!
4. Pathfinders can also select photos from their existing album that meet the topic requirements for submission. If a photo contains this period’s mystery Aniimo, it counts toward event completion too.
5. Pay attention to Aniimo forms — only photos where the submitted Aniimo matches the mystery Aniimo’s exact form will count toward event completion.
6. Pathfinders can complete the event by photographing their own Aniimo, other players’ Aniimo, or wild Aniimo on the continent of Idyll.
7. Aniimo in the Holo-Battle Sim are holographic projections, and Aniimo found in Sanctums are bound by ancient seals. Photos taken in these two locations cannot be recognized or submitted."
1782683815,198adf2a44ee42be901ea8c788020a1db217d9220113b698ea29e90834c51a7a,"1. Once the event begins, Polaris Institute will reveal this period’s mystery Aniimo silhouette.
2. The initial silhouette will only show the mystery Aniimo’s distinctive features, with the remaining parts hidden. Pathfinders can reveal the hidden parts by photographing Aniimo that share the same features as the mystery Aniimo.
3. Photograph an Aniimo matching the silhouette’s corresponding form and submit it to complete the research topic and claim the corresponding rewards. Successfully photographing before the full silhouette is revealed earns you bonus Aniimo Observation Rewards!
4. Pathfinders can also select photos from their existing album that meet the topic requirements for submission. If a photo contains this period’s mystery Aniimo, it counts toward event completion too.
5. Pay attention to Aniimo forms — only photos where the submitted Aniimo matches the mystery Aniimo’s exact form will count toward event completion.
6. Pathfinders can complete the event by photographing their own Aniimo, other players’ Aniimo, or wild Aniimo on the continent of Idyll.
7. Aniimo in the Holo-Battle Sim are holographic projections, and Aniimo found in Sanctums are bound by ancient seals. Photos taken in these two locations cannot be recognized or submitted."
1938086030,198adf2a44ee42be901ea8c788020a1db217d9220113b698ea29e90834c51a7a,"1. Once the event begins, Polaris Institute will reveal this period’s mystery Aniimo silhouette.
2. The initial silhouette will only show the mystery Aniimo’s distinctive features, with the remaining parts hidden. Pathfinders can reveal the hidden parts by photographing Aniimo that share the same features as the mystery Aniimo.
3. Photograph an Aniimo matching the silhouette’s corresponding form and submit it to complete the research topic and claim the corresponding rewards. Successfully photographing before the full silhouette is revealed earns you bonus Aniimo Observation Rewards!
4. Pathfinders can also select photos from their existing album that meet the topic requirements for submission. If a photo contains this period’s mystery Aniimo, it counts toward event completion too.
5. Pay attention to Aniimo forms — only photos where the submitted Aniimo matches the mystery Aniimo’s exact form will count toward event completion.
6. Pathfinders can complete the event by photographing their own Aniimo, other players’ Aniimo, or wild Aniimo on the continent of Idyll.
7. Aniimo in the Holo-Battle Sim are holographic projections, and Aniimo found in Sanctums are bound by ancient seals. Photos taken in these two locations cannot be recognized or submitted."
1940191267,198adf2a44ee42be901ea8c788020a1db217d9220113b698ea29e90834c51a7a,"1. Once the event begins, Polaris Institute will reveal this period’s mystery Aniimo silhouette.
2. The initial silhouette will only show the mystery Aniimo’s distinctive features, with the remaining parts hidden. Pathfinders can reveal the hidden parts by photographing Aniimo that share the same features as the mystery Aniimo.
3. Photograph an Aniimo matching the silhouette’s corresponding form and submit it to complete the research topic and claim the corresponding rewards. Successfully photographing before the full silhouette is revealed earns you bonus Aniimo Observation Rewards!
4. Pathfinders can also select photos from their existing album that meet the topic requirements for submission. If a photo contains this period’s mystery Aniimo, it counts toward event completion too.
5. Pay attention to Aniimo forms — only photos where the submitted Aniimo matches the mystery Aniimo’s exact form will count toward event completion.
6. Pathfinders can complete the event by photographing their own Aniimo, other players’ Aniimo, or wild Aniimo on the continent of Idyll.
7. Aniimo in the Holo-Battle Sim are holographic projections, and Aniimo found in Sanctums are bound by ancient seals. Photos taken in these two locations cannot be recognized or submitted."
2020422462,198adf2a44ee42be901ea8c788020a1db217d9220113b698ea29e90834c51a7a,"1. Once the event begins, Polaris Institute will reveal this period’s mystery Aniimo silhouette.
2. The initial silhouette will only show the mystery Aniimo’s distinctive features, with the remaining parts hidden. Pathfinders can reveal the hidden parts by photographing Aniimo that share the same features as the mystery Aniimo.
3. Photograph an Aniimo matching the silhouette’s corresponding form and submit it to complete the research topic and claim the corresponding rewards. Successfully photographing before the full silhouette is revealed earns you bonus Aniimo Observation Rewards!
4. Pathfinders can also select photos from their existing album that meet the topic requirements for submission. If a photo contains this period’s mystery Aniimo, it counts toward event completion too.
5. Pay attention to Aniimo forms — only photos where the submitted Aniimo matches the mystery Aniimo’s exact form will count toward event completion.
6. Pathfinders can complete the event by photographing their own Aniimo, other players’ Aniimo, or wild Aniimo on the continent of Idyll.
7. Aniimo in the Holo-Battle Sim are holographic projections, and Aniimo found in Sanctums are bound by ancient seals. Photos taken in these two locations cannot be recognized or submitted."
2041887944,198adf2a44ee42be901ea8c788020a1db217d9220113b698ea29e90834c51a7a,"1. Once the event begins, Polaris Institute will reveal this period’s mystery Aniimo silhouette.
2. The initial silhouette will only show the mystery Aniimo’s distinctive features, with the remaining parts hidden. Pathfinders can reveal the hidden parts by photographing Aniimo that share the same features as the mystery Aniimo.
3. Photograph an Aniimo matching the silhouette’s corresponding form and submit it to complete the research topic and claim the corresponding rewards. Successfully photographing before the full silhouette is revealed earns you bonus Aniimo Observation Rewards!
4. Pathfinders can also select photos from their existing album that meet the topic requirements for submission. If a photo contains this period’s mystery Aniimo, it counts toward event completion too.
5. Pay attention to Aniimo forms — only photos where the submitted Aniimo matches the mystery Aniimo’s exact form will count toward event completion.
6. Pathfinders can complete the event by photographing their own Aniimo, other players’ Aniimo, or wild Aniimo on the continent of Idyll.
7. Aniimo in the Holo-Battle Sim are holographic projections, and Aniimo found in Sanctums are bound by ancient seals. Photos taken in these two locations cannot be recognized or submitted."
2056987845,198adf2a44ee42be901ea8c788020a1db217d9220113b698ea29e90834c51a7a,"1. Once the event begins, Polaris Institute will reveal this period’s mystery Aniimo silhouette.
2. The initial silhouette will only show the mystery Aniimo’s distinctive features, with the remaining parts hidden. Pathfinders can reveal the hidden parts by photographing Aniimo that share the same features as the mystery Aniimo.
3. Photograph an Aniimo matching the silhouette’s corresponding form and submit it to complete the research topic and claim the corresponding rewards. Successfully photographing before the full silhouette is revealed earns you bonus Aniimo Observation Rewards!
4. Pathfinders can also select photos from their existing album that meet the topic requirements for submission. If a photo contains this period’s mystery Aniimo, it counts toward event completion too.
5. Pay attention to Aniimo forms — only photos where the submitted Aniimo matches the mystery Aniimo’s exact form will count toward event completion.
6. Pathfinders can complete the event by photographing their own Aniimo, other players’ Aniimo, or wild Aniimo on the continent of Idyll.
7. Aniimo in the Holo-Battle Sim are holographic projections, and Aniimo found in Sanctums are bound by ancient seals. Photos taken in these two locations cannot be recognized or submitted."
1156731057,4fac376dcadd065b735c0aa7dac7aab7fb33384aa324a9b0f7e988400eda3a73,<color=#81D67B>Hug ■■ hug ■■ hug ■■ hug—</color>
1957399846,4fac376dcadd065b735c0aa7dac7aab7fb33384aa324a9b0f7e988400eda3a73,<color=#81D67B>Hug ■■ hug ■■ hug ■■ hug—</color>
1156756809,d9b8def266063985094dff1afc9c59173a91bbc3ebe5344136bb00640fb15120,How can you obtain <style=Hint_BgD>Cores</style> that enhance an Aniimo’s Held Item stats?
1156763170,6836816ee00deae6e2f194823cef658194fbcefec7433fbd821641f7f76e00a2,Custom Marker
1343411810,6836816ee00deae6e2f194823cef658194fbcefec7433fbd821641f7f76e00a2,Custom Marker
1156814389,e449c5b6d3dd9ccec96f7d39dd8c7786d71e0075e726965abd53560e8bbef30d,"I can feel his powerful magic aura. He must be amazing! Chrrr!
(The Celestis is filled with admiration, its eyes practically sparkling with stars.)"
1156847845,086c0a32f617b8de2a5b8c70e766c4215a7bb23fb6103da4a7b3f91ea44d1a17,A Fragrant Journey: Echoback Landing
1156851502,77c54bef1409dc64fa78b18027d46bb72579423b661a3bee5fc70732368bf35b,"A basket brimming with golden oranges. Peel one open and the juice bursts free, leaving a fresh citrus scent all over your hands."
1520588938,77c54bef1409dc64fa78b18027d46bb72579423b661a3bee5fc70732368bf35b,"A basket brimming with golden oranges. Peel one open and the juice bursts free, leaving a fresh citrus scent all over your hands."
1156861597,18a0200ed64cd26b69519bccab23a9e8b87581b69509b447657b84cf3f100f28,Increases Crit Damage by 22.5%
2005618933,18a0200ed64cd26b69519bccab23a9e8b87581b69509b447657b84cf3f100f28,Increases Crit Damage by 22.5%
1156931110,ce50186969ad1d2e7f527a6c2dac3f38ee2550c03f2da310ee9bc7d805fba162,Florae Descent
1156951292,bd420de88983a98ac77fe407a4e2c7938f6daad0526be25d0a98cfd552ecdb84,"Really? Being happy is enough? Even if I don’t have beautiful fur, a sharp mind, or a powerful electric charge?"
1156992403,5efcf4c231dbcf8b9445bde889ba3927e4410ed47f10e9c010b3857bb6f0a078,This plot is not available in this test!
1225128776,5efcf4c231dbcf8b9445bde889ba3927e4410ed47f10e9c010b3857bb6f0a078,This plot is not available in this test!
1524268072,5efcf4c231dbcf8b9445bde889ba3927e4410ed47f10e9c010b3857bb6f0a078,This plot is not available in this test!
1601806865,5efcf4c231dbcf8b9445bde889ba3927e4410ed47f10e9c010b3857bb6f0a078,This plot is not available in this test!
1744511318,5efcf4c231dbcf8b9445bde889ba3927e4410ed47f10e9c010b3857bb6f0a078,This plot is not available in this test!
1799818888,5efcf4c231dbcf8b9445bde889ba3927e4410ed47f10e9c010b3857bb6f0a078,This plot is not available in this test!
1936325306,5efcf4c231dbcf8b9445bde889ba3927e4410ed47f10e9c010b3857bb6f0a078,This plot is not available in this test!
2071903806,5efcf4c231dbcf8b9445bde889ba3927e4410ed47f10e9c010b3857bb6f0a078,This plot is not available in this test!
2082398387,5efcf4c231dbcf8b9445bde889ba3927e4410ed47f10e9c010b3857bb6f0a078,This plot is not available in this test!
1157002643,7c1802f0823625cb0b13f2745340597fb1d6ad57eed0c17e4837ef9bb77cc7e7,Wooo! Nimbi looks happier now! Try harder!
1157017877,1f024c1ed0ba1b88bade9a4988777d1d5071c528447e206180dfb83b423c20a5,Thank you for your business! That wraps up this sparring session perfectly!
1157019293,a51cdb49a143232074a472648761e405f8320716dcbf4d5b706279d88b5f5584,Umbral Susuta
2109826740,a51cdb49a143232074a472648761e405f8320716dcbf4d5b706279d88b5f5584,Umbral Susuta
1157024605,b36c2fe3c5bc8497679ed7d0bad0d1d6971dbaf37e82f8a8a5cc6e864ef9bdc8,Large Wooden Plank (Floatable)
1157035086,ae395b94fe11eefebbbcc61e554af55da6fee416be01742b1c5e617246737c03,Hiding Helmut
1630696517,ae395b94fe11eefebbbcc61e554af55da6fee416be01742b1c5e617246737c03,Hiding Helmut
1868534774,ae395b94fe11eefebbbcc61e554af55da6fee416be01742b1c5e617246737c03,Hiding Helmut
2128151116,ae395b94fe11eefebbbcc61e554af55da6fee416be01742b1c5e617246737c03,Hiding Helmut
1157065405,70faf3924b1622421d295550ce1b40831d2d1e59899c500e73499ba607be367f,Save it!
1157120762,6450568cf09e9ad513f1d942fa22da712fd9737c2371d46d760156fa8f3fa4b4,Woof woof woof woof! No slacking off!
1157121898,ca70de408afe1bfd5dca873d6b3402b0ecfec6977cbb5a1f572ee859b8dd2597,Free Companion Handbook Level 49
1958753128,ca70de408afe1bfd5dca873d6b3402b0ecfec6977cbb5a1f572ee859b8dd2597,Free Companion Handbook Level 49
1157123023,7add5759474398b31585789756be78419487b7bd763d7326691996ea447778cc,The Aniimo have gone on a trip! Wait for them to return with plenty of rewards!
1157131048,bc4f4e857155c94569984312c12563de0f59cdccaa540a096f846a49b906b2f6,"For some reason, I suddenly turned black. Now my friend would never come out if it sees me like this. Can you help me find it?"
1157135833,74634d317f8f1f1d032c9fc4669f081e37c790a60ac913ec17e62eff9254b6ff,Now that was a fascinating battle—one I’ll savor for a long time.
1157153738,acdf5ac28d44ce61fe622170643e5cc4db3032974bf6a9de2ab34bf3dbf92f24,"Mutated crops can be <style=Hint_BgL>sold</style>, and also <style=Hint_BgL>placed</style> in your Home or Outpost. When in your Inventory, they can be taken out for <style=Hint_BgL>display</style> too!"
1157166102,45fe870dd0ae6a5a9322b6dfe51ecdac6d6ccbff25bfddde94c36ec4a17388f2,The golden glow highlights its extraordinary majesty.
1157176480,cb2dfa2023cddc9ea01dd21f118f2c46ad24e6c222cb59f09cd573652ee59ef1,Scorchhowl! We found you at last!
1330669761,cb2dfa2023cddc9ea01dd21f118f2c46ad24e6c222cb59f09cd573652ee59ef1,Scorchhowl! We found you at last!
1157195799,2dffdfad34d7205935dbc45c59e23c4bcd80614a59b89b1d697368f15529831d,Laminated Beams
1157228248,5b38240fe76f2c802d3156710a77c596011a993e778778e0fbf72e1492057aa4,Huge Colorful Strawberry
1244391972,5b38240fe76f2c802d3156710a77c596011a993e778778e0fbf72e1492057aa4,Huge Colorful Strawberry
1606947643,5b38240fe76f2c802d3156710a77c596011a993e778778e0fbf72e1492057aa4,Huge Colorful Strawberry
1931176569,5b38240fe76f2c802d3156710a77c596011a993e778778e0fbf72e1492057aa4,Huge Colorful Strawberry
1157228385,7ac442414d1054474f6062a7426df438630eb5acdc0bfb573dcea1ec3289567d,Quick Formula: Iron Ore
1157239946,01ebe07f8cdb02fb416d1d220891cae8569f2de5fc64fa3526b885587c994a05,New Appearance
2051976638,01ebe07f8cdb02fb416d1d220891cae8569f2de5fc64fa3526b885587c994a05,New Appearance
2131528010,01ebe07f8cdb02fb416d1d220891cae8569f2de5fc64fa3526b885587c994a05,New Appearance
1157259037,f1d489b0d24d76fa9704f52b3d9cd8e86cda3ebe76e998df33b16162bd6c9fc9,Disguised
1197012733,f1d489b0d24d76fa9704f52b3d9cd8e86cda3ebe76e998df33b16162bd6c9fc9,Disguised
1886604815,f1d489b0d24d76fa9704f52b3d9cd8e86cda3ebe76e998df33b16162bd6c9fc9,Disguised
1974882475,f1d489b0d24d76fa9704f52b3d9cd8e86cda3ebe76e998df33b16162bd6c9fc9,Disguised
1157275633,30130d2a71a04479f0563522590143377187b3d9e699a57113cbae57db41e8f8,Layered Strength
1175755537,30130d2a71a04479f0563522590143377187b3d9e699a57113cbae57db41e8f8,Layered Strength
1157275691,0eb91568636dde624421724a706e516c0747de1be04b613c7f29031202782c84,Owned:
1173330347,0eb91568636dde624421724a706e516c0747de1be04b613c7f29031202782c84,Owned:
1175582242,0eb91568636dde624421724a706e516c0747de1be04b613c7f29031202782c84,Owned:
1179528835,0eb91568636dde624421724a706e516c0747de1be04b613c7f29031202782c84,Owned:
1216984616,0eb91568636dde624421724a706e516c0747de1be04b613c7f29031202782c84,Owned:
1222203147,0eb91568636dde624421724a706e516c0747de1be04b613c7f29031202782c84,Owned:
1226913859,0eb91568636dde624421724a706e516c0747de1be04b613c7f29031202782c84,Owned:
1238674720,0eb91568636dde624421724a706e516c0747de1be04b613c7f29031202782c84,Owned:
1265527761,0eb91568636dde624421724a706e516c0747de1be04b613c7f29031202782c84,Owned:
1266233563,0eb91568636dde624421724a706e516c0747de1be04b613c7f29031202782c84,Owned:
1316422895,0eb91568636dde624421724a706e516c0747de1be04b613c7f29031202782c84,Owned:
1318154957,0eb91568636dde624421724a706e516c0747de1be04b613c7f29031202782c84,Owned:
1370182195,0eb91568636dde624421724a706e516c0747de1be04b613c7f29031202782c84,Owned:
1487398610,0eb91568636dde624421724a706e516c0747de1be04b613c7f29031202782c84,Owned:
1687150421,0eb91568636dde624421724a706e516c0747de1be04b613c7f29031202782c84,Owned:
1718607806,0eb91568636dde624421724a706e516c0747de1be04b613c7f29031202782c84,Owned:
1808720374,0eb91568636dde624421724a706e516c0747de1be04b613c7f29031202782c84,Owned:
1817376720,0eb91568636dde624421724a706e516c0747de1be04b613c7f29031202782c84,Owned:
1918522697,0eb91568636dde624421724a706e516c0747de1be04b613c7f29031202782c84,Owned:
1964459034,0eb91568636dde624421724a706e516c0747de1be04b613c7f29031202782c84,Owned:
1979403004,0eb91568636dde624421724a706e516c0747de1be04b613c7f29031202782c84,Owned:
2071936571,0eb91568636dde624421724a706e516c0747de1be04b613c7f29031202782c84,Owned:
2080772702,0eb91568636dde624421724a706e516c0747de1be04b613c7f29031202782c84,Owned:
2130507279,0eb91568636dde624421724a706e516c0747de1be04b613c7f29031202782c84,Owned:
1157307581,4c764cb6248ef9337fc1c8769d4b74fc1d4c1fff6a9e8d00ca6753a560b3e74b,Shadow
1999598710,4c764cb6248ef9337fc1c8769d4b74fc1d4c1fff6a9e8d00ca6753a560b3e74b,Shadow
1157314671,b766ad960c3b918bed6ef9c95e01664cc06366f3551bbaaddb601e4f41ce022b,Let sunlight flood your rooms and frame outdoor scenery.
1224272588,b766ad960c3b918bed6ef9c95e01664cc06366f3551bbaaddb601e4f41ce022b,Let sunlight flood your rooms and frame outdoor scenery.
1157330272,d17f062e5caa4e838fb19a0f31209807a9a7d29c3c0d83f75008b11f9262f8db,"Come on, everybody! Try my snacks—"
1157349365,a66ca95f5b16459d8fd351e496103c3b633d57e4f2646c7624dbf1b000a2f7ca,"Increases stamina recovery rate by <customRichText(calcData,buff,6003006,param0,2,%d)>%."
1157374378,f73b7aa8037f99b16b20109985932da16c85453309468db5aeadaf1f16d12650,"Let me show you how it works!
You’ve still got some extra funds, right? You can spend a little on a pull!"
1157401836,b4d5f35f19cbc4241c67d01526ea02a85f1e625496922ca4055c3273999bcc73,I don’t want to go...
1157411243,2bf35b6781b67398abb96b8f23d2cb37a516be4599d8166d0e95854fa4d3429f,Are you going to collect fragrances too?
1157436801,55c3eddc601d62719790b9cd142c4d1ee2b4c5ba0619782566839ea57f7cdf06,Unlock Building Plot 14
1157437912,23b9079df01688be054f6a8ad0ae6c36f351e7a6673633bba6afd9a40b36bc1b,"Its jiggling belly serves as proof of rich, nutritious soil."
1157448990,3adac8bb3337fa3f21936ba3563ebbac6a84420bf62bb837256218202b96ac0d,Lavender Cookies
1157470954,ccfa11b34fb8507aac1b3a622827a5ed1282924e92cf43d8f9a42ba18658e831,Ducky on the Go
1786620961,ccfa11b34fb8507aac1b3a622827a5ed1282924e92cf43d8f9a42ba18658e831,Ducky on the Go
1157479491,88a3b86210faa4c595e72eb716cec446ed6d1781d4595c27a319ae8b5b80f616,Collector’s Edition: Wolfspirit Ghost Lantern
1504205327,88a3b86210faa4c595e72eb716cec446ed6d1781d4595c27a319ae8b5b80f616,Collector’s Edition: Wolfspirit Ghost Lantern
1640663707,88a3b86210faa4c595e72eb716cec446ed6d1781d4595c27a319ae8b5b80f616,Collector’s Edition: Wolfspirit Ghost Lantern
1710654567,88a3b86210faa4c595e72eb716cec446ed6d1781d4595c27a319ae8b5b80f616,Collector’s Edition: Wolfspirit Ghost Lantern
1860558520,88a3b86210faa4c595e72eb716cec446ed6d1781d4595c27a319ae8b5b80f616,Collector’s Edition: Wolfspirit Ghost Lantern
2072111296,88a3b86210faa4c595e72eb716cec446ed6d1781d4595c27a319ae8b5b80f616,Collector’s Edition: Wolfspirit Ghost Lantern
1157494142,63b880265da50d3e80f1bba978953a386723ae90c1cb9e15aca0380cd08b3dba,"When switching Aniimo in battle, restores <style=Hint_BgL><customRichText(calcData,buff,91181042,param0,1)></style> EP to the next Chirpi family member switched in. Triggers once every <style=Hint_BgL><customRichText(buffConfigData,91181041,duration)></style>s at most."
1157550899,2138d39217a01f1b1d55dcde295051611f5c61ba719998d3896c552a9bac27d7,Basic Attack
1157597826,879674214496dbea31cd22707adf41d7ba334a9d0344ae1873a03ddf56aaf53f,Premium Companion Handbook Level 67
1401591204,879674214496dbea31cd22707adf41d7ba334a9d0344ae1873a03ddf56aaf53f,Premium Companion Handbook Level 67
1157598021,4919dbb81ed1492f6750245626b775a4d0fdfd7aa091c4435793f08e2911be5d,Do not cross.
1157626016,76afc9ad4d1d6b462a484521eefa7185f09cff7f29cc17defd931a2e13fd33e1,Continuous supply of resources isn't really difficult. You just need to make a trip with our shop's logistics specialist.
1292717369,76afc9ad4d1d6b462a484521eefa7185f09cff7f29cc17defd931a2e13fd33e1,Continuous supply of resources isn't really difficult. You just need to make a trip with our shop's logistics specialist.
1616900465,76afc9ad4d1d6b462a484521eefa7185f09cff7f29cc17defd931a2e13fd33e1,Continuous supply of resources isn't really difficult. You just need to make a trip with our shop's logistics specialist.
1157646279,8b394b7552207035271c11fe2b2583247f2c89fba4fc6a8d05e5045dddebaac9,Increases Element Resistance Effect
1162317006,8b394b7552207035271c11fe2b2583247f2c89fba4fc6a8d05e5045dddebaac9,Increases Element Resistance Effect
1249270124,8b394b7552207035271c11fe2b2583247f2c89fba4fc6a8d05e5045dddebaac9,Increases Element Resistance Effect
1368214819,8b394b7552207035271c11fe2b2583247f2c89fba4fc6a8d05e5045dddebaac9,Increases Element Resistance Effect
1498440847,8b394b7552207035271c11fe2b2583247f2c89fba4fc6a8d05e5045dddebaac9,Increases Element Resistance Effect
1968373364,8b394b7552207035271c11fe2b2583247f2c89fba4fc6a8d05e5045dddebaac9,Increases Element Resistance Effect
2020572581,8b394b7552207035271c11fe2b2583247f2c89fba4fc6a8d05e5045dddebaac9,Increases Element Resistance Effect
1157683336,ff41a666a4e3a00338a47d53a5b4bb25865f4596015962b7009c8a50d39b566d,"Looks like there’s quite a legendary story behind it! We should definitely sit down and talk about it sometime!
So how did you raise your Aniimo?"
1157684133,02fed7ce19bc0e2bb45a8ca37b559c975783f845ca7216750963bc0a30786f16,"Extremely rare cotton with dual mutations, enveloped in a rainbow-like glow while sparkling with dazzling spots of light."
1856664575,02fed7ce19bc0e2bb45a8ca37b559c975783f845ca7216750963bc0a30786f16,"Extremely rare cotton with dual mutations, enveloped in a rainbow-like glow while sparkling with dazzling spots of light."
1157689026,cfcf64aef201efa28c10bbfff295a7c7acd3dc54b67a75fb5000b5ab482e3212,"(Keeping that playful, free-spirited Bolty vibe.)"
1157703654,c4f9909d749d7ed157d2cdc8f4117ac063c60934a5b8d9ff5d8184ae3163fcc1,Items in Inventory
1157720887,4e5d343bc688ed60ead54e17b351517f97dc137bae92520435a57d76b5066531,Main Camera Control
1157743450,27a1e81b38564051870cf1438be16568d27996153ea598b6178aff7be18529ac,Scroll and Book Set
1157754021,a07c1af5da05be4d3be92a67d3707f6e4535cca900fb1a866a4921ab50c29925,Reach RV level 2.
1402261445,a07c1af5da05be4d3be92a67d3707f6e4535cca900fb1a866a4921ab50c29925,Reach RV level 2.
1157762705,f88c64e59918af5b6ae49ee241255509754bc5158f04ea4762af2fd297c24957,"The deeper you go, the fresher and denser the claw marks become... What could be in there?"
1157801633,2426f9406954841e40e6dc0f6a4e9653a5c4535203553c4d7f86e2fa6fc15bae,Your device isn’t supported yet! Stay tuned!
1157840641,5e13de426fa035b16e062f482bdeb8b273d3681316ea733fdc4ebbee0465c4a5,Connection timed out. Please try again later.
1157853176,8afd32b69a6b69491e3765f07ff0664e1c44d4adeed2cfd5131b7296809d646c,Glameep Relic
1482933739,8afd32b69a6b69491e3765f07ff0664e1c44d4adeed2cfd5131b7296809d646c,Glameep Relic
1833709729,8afd32b69a6b69491e3765f07ff0664e1c44d4adeed2cfd5131b7296809d646c,Glameep Relic
1945163518,8afd32b69a6b69491e3765f07ff0664e1c44d4adeed2cfd5131b7296809d646c,Glameep Relic
1157855889,18189394337f41b07849763ec450667c44735591979fa6ae8ba99dc606170ae6,"<style=Hint_BgD>""Shello,"" near the rock by the shea</style>! Shank you, nice Shushuta!"
1157862836,b58126bc77723fd6ef5a8465fddc0b758fc5dbfc42c9841a3adc8372d45d6a69,"Catching Aniimo is indeed one of the greatest joys of exploring Idyll.
However, it won’t earn you Star Dust. Think again."
1157875729,89265cd93a5e91b2a8c5d9eb960cc8bcfbbbd1cef666dc4021c73d9bbda060c2,A torn piece of paper
1157880044,6b45d9d82d19b6b04d7d8afd02bd3e89872192897afe60c6455e4fbd933c0bbc,Skip The Final Bloom Festival cutscene?
1157927522,71f888d1f4bb6976b232f6b938425de2913fa8a679adf7c10a15469479777387,Plot 18
1157949113,80ce80211cb82bab9dba83c8f85dbb6de4cecff975d805a4c5d9c60e49da2f2a,I never thought my skills would be so famous among my own kind!
1157981180,2377901f2ae03dc4b7526b4f367e4f1de56e6d91a5dc7ad6cd06fdce40dd26de,Frost Slam
1157983451,e52b1b4e5e1d74d2bfe59a55c941deb2fbc8ba1d74b832b9505d27ffcebae0c6,Doo... doo-wah!
1174588113,e52b1b4e5e1d74d2bfe59a55c941deb2fbc8ba1d74b832b9505d27ffcebae0c6,Doo... doo-wah!
1193416547,e52b1b4e5e1d74d2bfe59a55c941deb2fbc8ba1d74b832b9505d27ffcebae0c6,Doo... doo-wah!
1158011232,a23c454754bfa21d31f1eee212246f62ec0d22bc15ad79dda5c4f20c64dfebc1,Dadaduda!
1348530266,a23c454754bfa21d31f1eee212246f62ec0d22bc15ad79dda5c4f20c64dfebc1,Dadaduda!
1884772270,a23c454754bfa21d31f1eee212246f62ec0d22bc15ad79dda5c4f20c64dfebc1,Dadaduda!
1969505006,a23c454754bfa21d31f1eee212246f62ec0d22bc15ad79dda5c4f20c64dfebc1,Dadaduda!
2098086317,a23c454754bfa21d31f1eee212246f62ec0d22bc15ad79dda5c4f20c64dfebc1,Dadaduda!
1158013325,ae648dfbf50e50a39b9d8ce2e95069cd237650e452c2ccb2874c59ce7e21a69a,Change RV Park
1241264426,ae648dfbf50e50a39b9d8ce2e95069cd237650e452c2ccb2874c59ce7e21a69a,Change RV Park
1669876537,ae648dfbf50e50a39b9d8ce2e95069cd237650e452c2ccb2874c59ce7e21a69a,Change RV Park
1669956554,ae648dfbf50e50a39b9d8ce2e95069cd237650e452c2ccb2874c59ce7e21a69a,Change RV Park
1705493107,ae648dfbf50e50a39b9d8ce2e95069cd237650e452c2ccb2874c59ce7e21a69a,Change RV Park
1780140778,ae648dfbf50e50a39b9d8ce2e95069cd237650e452c2ccb2874c59ce7e21a69a,Change RV Park
1796770602,ae648dfbf50e50a39b9d8ce2e95069cd237650e452c2ccb2874c59ce7e21a69a,Change RV Park
1158028003,36ef41214aea44e9c8cd0f26c99a10010d6d08888c1a8aae5641d8fdacf63ee9,13013
1158051154,9b620cdcb133cf0e87e87791ff3ceec3785208f0c803f584ee8ebac6341c96ba,Electric light blinks and swift shadows cut through with style.
1498137479,9b620cdcb133cf0e87e87791ff3ceec3785208f0c803f584ee8ebac6341c96ba,Electric light blinks and swift shadows cut through with style.
1158058487,cd559ea0abca085ef144273caaf7266183bba222f39d894e74966fc04b8fff18,September
1158063275,589c8087184d411106e0926df11c97f259edec0830784a51f7fb587baefd0030,We will keep guarding this chest!
1158066301,cce5d3ea4b1de7a73ceb1fe6e15d86cea4243d236d1e3b0fe3fc523c7e67a790,Unbroken Flameruff Spirit
1993331507,cce5d3ea4b1de7a73ceb1fe6e15d86cea4243d236d1e3b0fe3fc523c7e67a790,Unbroken Flameruff Spirit
2050146246,cce5d3ea4b1de7a73ceb1fe6e15d86cea4243d236d1e3b0fe3fc523c7e67a790,Unbroken Flameruff Spirit
1158077104,79e4bf27d1a747c6a0d2e739c00dd4fefd1f459ac036e3367ece906e451e499b,Join <style=Hint_BgD>{0}</style>
1911046097,79e4bf27d1a747c6a0d2e739c00dd4fefd1f459ac036e3367ece906e451e499b,Join <style=Hint_BgD>{0}</style>
1158117314,502b3c04fcd0d613aea8462b3db43ccdda9ed80c7d6e6da03c3f49288ab5e686,[Thunder]
1158145856,885dddc458064a38cacca5e2891e87a317f1981c479d744d6632a67dce575640,"(Placeholder) Detailed description text, detailed description text, detailed description text, detailed description text 66666666666666"
1158150125,f43725716fc12b2d2937163f08bfdc7f5592123cba23e1d4f00729304aceac66,Preset applied
1181686844,f43725716fc12b2d2937163f08bfdc7f5592123cba23e1d4f00729304aceac66,Preset applied
1255255465,f43725716fc12b2d2937163f08bfdc7f5592123cba23e1d4f00729304aceac66,Preset applied
1351701568,f43725716fc12b2d2937163f08bfdc7f5592123cba23e1d4f00729304aceac66,Preset applied
2025396975,f43725716fc12b2d2937163f08bfdc7f5592123cba23e1d4f00729304aceac66,Preset applied
2117584098,f43725716fc12b2d2937163f08bfdc7f5592123cba23e1d4f00729304aceac66,Preset applied
1158231644,d0d9d7688f580bc10cd449f63f8deb51705f101af55e96222ace1cf16d06b73f,"...Is that you, Senior Cecelia?"
1158253990,34a94dd578dae032eea61fcfeec7fc346c5b28a1b308f2247633e96eea83c7c1,He...?
1158281626,a76e33f5274237c3d5b281fe81b0c36c2f0aa7fe3313f5cec24333c2f7ccdfe8,<color=#5090df>%s</color> can’t stop its tears from its allergy to flowers.
1158283566,0b20efe88d888df497da5120f05fbfe3b6a8dcce2d01ed61628ff4d92821db8c,Aniimo Transmog Points — How to Obtain
1158310997,5314ef6f700cda1492681072e1ca97e92b531f0bbe7a17fe5b14031677839b70,Apply this assigning plan will reset all assigned points. Do you really want to spend the following items to reset:
1158318199,e1ae83098488151ed935b7b3a42c132423093b65f006341939306a462b03a74a,Collector’s Edition: Dragonflame Horn
1228358331,e1ae83098488151ed935b7b3a42c132423093b65f006341939306a462b03a74a,Collector’s Edition: Dragonflame Horn
1663408463,e1ae83098488151ed935b7b3a42c132423093b65f006341939306a462b03a74a,Collector’s Edition: Dragonflame Horn
1872650035,e1ae83098488151ed935b7b3a42c132423093b65f006341939306a462b03a74a,Collector’s Edition: Dragonflame Horn
1990392556,e1ae83098488151ed935b7b3a42c132423093b65f006341939306a462b03a74a,Collector’s Edition: Dragonflame Horn
1999193811,e1ae83098488151ed935b7b3a42c132423093b65f006341939306a462b03a74a,Collector’s Edition: Dragonflame Horn
1158331410,4398c2bd1f7a8a5e88bddd0b38ca71252df67356a6905e15badd111f5ed96e77,Huge Rice
1451249834,4398c2bd1f7a8a5e88bddd0b38ca71252df67356a6905e15badd111f5ed96e77,Huge Rice
1717547173,4398c2bd1f7a8a5e88bddd0b38ca71252df67356a6905e15badd111f5ed96e77,Huge Rice
1834136628,4398c2bd1f7a8a5e88bddd0b38ca71252df67356a6905e15badd111f5ed96e77,Huge Rice
1158349660,0602d7c813c1f6e7351a5832730f29daf739674976caba8d9dd955be838d46ea,0.05
1322527895,0602d7c813c1f6e7351a5832730f29daf739674976caba8d9dd955be838d46ea,0.05
1455540927,0602d7c813c1f6e7351a5832730f29daf739674976caba8d9dd955be838d46ea,0.05
1753180852,0602d7c813c1f6e7351a5832730f29daf739674976caba8d9dd955be838d46ea,0.05
2066872005,0602d7c813c1f6e7351a5832730f29daf739674976caba8d9dd955be838d46ea,0.05
1158367944,bb56fb6809f97ae887fa14fa4fc3ffaa416a15886126ec39423ff956f96261dd,Huwu? Such a nice dream... Huu...
1961502031,bb56fb6809f97ae887fa14fa4fc3ffaa416a15886126ec39423ff956f96261dd,Huwu? Such a nice dream... Huu...
1158373399,b57e20dd981f81e77951436505171ed68a9e70f0d030e5d625ab72ca0548a7cb,P.DEF +6%
1481014173,b57e20dd981f81e77951436505171ed68a9e70f0d030e5d625ab72ca0548a7cb,P.DEF +6%
1486221871,b57e20dd981f81e77951436505171ed68a9e70f0d030e5d625ab72ca0548a7cb,P.DEF +6%
1569804694,b57e20dd981f81e77951436505171ed68a9e70f0d030e5d625ab72ca0548a7cb,P.DEF +6%
1623433864,b57e20dd981f81e77951436505171ed68a9e70f0d030e5d625ab72ca0548a7cb,P.DEF +6%
1804186720,b57e20dd981f81e77951436505171ed68a9e70f0d030e5d625ab72ca0548a7cb,P.DEF +6%
1974196292,b57e20dd981f81e77951436505171ed68a9e70f0d030e5d625ab72ca0548a7cb,P.DEF +6%
2025044073,b57e20dd981f81e77951436505171ed68a9e70f0d030e5d625ab72ca0548a7cb,P.DEF +6%
1158410230,87d25eec9456a249b5a329f784fc27eac07b2d39e67a2d8f369d12b9509f4860,Leader’s Call
1236181742,87d25eec9456a249b5a329f784fc27eac07b2d39e67a2d8f369d12b9509f4860,Leader’s Call
1158414986,f49e8e552f4cbd63bc294ad6194dcc7e86f812adc3ba8eb0a85a8f3347043251,Hoah? Haba!
1158421771,b0ab774f456a8ef602f6f20dadfe956f7ba5893c686155929fc82589ee39ae1d,Marquee Test
1158429488,c16470a2383a39f557b33bbeca34e6469aa114f4b1ef49726a56baea3c9fe0e2,Text content (placeholder)
1190415272,c16470a2383a39f557b33bbeca34e6469aa114f4b1ef49726a56baea3c9fe0e2,Text content (placeholder)
1835164432,c16470a2383a39f557b33bbeca34e6469aa114f4b1ef49726a56baea3c9fe0e2,Text content (placeholder)
2062787786,c16470a2383a39f557b33bbeca34e6469aa114f4b1ef49726a56baea3c9fe0e2,Text content (placeholder)
1158430738,f92fc033cd75bfdae50fbe6df275549cdc7b65bb01fc767043013d9d0a0f7f72,Press #kHud/SwitchPet#z to twine with an Emberpup.
1158432104,a2b90990bd3655d746fc2cc902f196949cb960157f75ee055bfff149553767d6,Open Aniimo
1649692760,a2b90990bd3655d746fc2cc902f196949cb960157f75ee055bfff149553767d6,Open Aniimo
1817336559,a2b90990bd3655d746fc2cc902f196949cb960157f75ee055bfff149553767d6,Open Aniimo
2139259703,a2b90990bd3655d746fc2cc902f196949cb960157f75ee055bfff149553767d6,Open Aniimo
1158447428,2ffb96813b211c8e419e8d25c1b620433913f665f979b641e204110fd0a95cb1,Place it in a Residential Area in your Home to spend Home Coins on Gacha draws.
1164990968,2ffb96813b211c8e419e8d25c1b620433913f665f979b641e204110fd0a95cb1,Place it in a Residential Area in your Home to spend Home Coins on Gacha draws.
1158474260,7c1fa5e62a61c088176d8a40a5eb954a7528dd367cd27e3fe154f94f988f4ea6,"My time has come. I return to the stars—
like every Sherro who once guarded this shore."
1158475237,7b5b4cc581650dddba81cf92c18f2c18a3112a94dae734a5579e1b68c262ebc5,Ethereal Light Wave
1649521225,7b5b4cc581650dddba81cf92c18f2c18a3112a94dae734a5579e1b68c262ebc5,Ethereal Light Wave
1879226209,7b5b4cc581650dddba81cf92c18f2c18a3112a94dae734a5579e1b68c262ebc5,Ethereal Light Wave
1158477182,b47b471b1f20ba11e86cf43c6d3c7ca0bd8dcfd41627bb588427f4c5ccadc3c8,Tucking is protected by [Earth Shield]. Focus on [Dodging] and wait for an opening!
1158479642,eb5f0e255e7e906a5c2944a5be451d65c4ae14f142620a8fdb0c436ffaf350c7,"That still won’t work. You need Aniimo with <style=Hint_BgD>healing abilities</style>, or they won’t last long."
1158481145,c4dc542b511fd74f401665a02dd5a20cf41cebd16daa6a7f78ddfbcce88239fe,What happened?
1165411043,c4dc542b511fd74f401665a02dd5a20cf41cebd16daa6a7f78ddfbcce88239fe,What happened?
1169719011,c4dc542b511fd74f401665a02dd5a20cf41cebd16daa6a7f78ddfbcce88239fe,What happened?
1201072856,c4dc542b511fd74f401665a02dd5a20cf41cebd16daa6a7f78ddfbcce88239fe,What happened?
1223624515,c4dc542b511fd74f401665a02dd5a20cf41cebd16daa6a7f78ddfbcce88239fe,What happened?
1229782506,c4dc542b511fd74f401665a02dd5a20cf41cebd16daa6a7f78ddfbcce88239fe,What happened?
1272465389,c4dc542b511fd74f401665a02dd5a20cf41cebd16daa6a7f78ddfbcce88239fe,What happened?
1299118095,c4dc542b511fd74f401665a02dd5a20cf41cebd16daa6a7f78ddfbcce88239fe,What happened?
1324688404,c4dc542b511fd74f401665a02dd5a20cf41cebd16daa6a7f78ddfbcce88239fe,What happened?
1460723934,c4dc542b511fd74f401665a02dd5a20cf41cebd16daa6a7f78ddfbcce88239fe,What happened?
1542851962,c4dc542b511fd74f401665a02dd5a20cf41cebd16daa6a7f78ddfbcce88239fe,What happened?
1579788396,c4dc542b511fd74f401665a02dd5a20cf41cebd16daa6a7f78ddfbcce88239fe,What happened?
1629983014,c4dc542b511fd74f401665a02dd5a20cf41cebd16daa6a7f78ddfbcce88239fe,What happened?
1688985360,c4dc542b511fd74f401665a02dd5a20cf41cebd16daa6a7f78ddfbcce88239fe,What happened?
1733626217,c4dc542b511fd74f401665a02dd5a20cf41cebd16daa6a7f78ddfbcce88239fe,What happened?
1846636818,c4dc542b511fd74f401665a02dd5a20cf41cebd16daa6a7f78ddfbcce88239fe,What happened?
1852339972,c4dc542b511fd74f401665a02dd5a20cf41cebd16daa6a7f78ddfbcce88239fe,What happened?
1885620143,c4dc542b511fd74f401665a02dd5a20cf41cebd16daa6a7f78ddfbcce88239fe,What happened?
1895313101,c4dc542b511fd74f401665a02dd5a20cf41cebd16daa6a7f78ddfbcce88239fe,What happened?
1970480443,c4dc542b511fd74f401665a02dd5a20cf41cebd16daa6a7f78ddfbcce88239fe,What happened?
1990001155,c4dc542b511fd74f401665a02dd5a20cf41cebd16daa6a7f78ddfbcce88239fe,What happened?
1994728418,c4dc542b511fd74f401665a02dd5a20cf41cebd16daa6a7f78ddfbcce88239fe,What happened?
2107007856,c4dc542b511fd74f401665a02dd5a20cf41cebd16daa6a7f78ddfbcce88239fe,What happened?
1158482540,652bcc3a478428893cc505ae19f847b49be52f861bedc64bb192ceed409fa733,Item
1203612822,652bcc3a478428893cc505ae19f847b49be52f861bedc64bb192ceed409fa733,Item
1331005344,652bcc3a478428893cc505ae19f847b49be52f861bedc64bb192ceed409fa733,Item
1453589465,652bcc3a478428893cc505ae19f847b49be52f861bedc64bb192ceed409fa733,Item
1604138092,652bcc3a478428893cc505ae19f847b49be52f861bedc64bb192ceed409fa733,Item
1963976834,652bcc3a478428893cc505ae19f847b49be52f861bedc64bb192ceed409fa733,Item
1972228755,652bcc3a478428893cc505ae19f847b49be52f861bedc64bb192ceed409fa733,Item
2068950259,652bcc3a478428893cc505ae19f847b49be52f861bedc64bb192ceed409fa733,Item
1158501464,f5dbc861d8ee8558d47cd0e42dc261dd955e07f77d08b1d87eacdafcf078dc86,Studio Background
1459203874,01824da7831339fd19c7db28d6650f857843ef76f32fa709f7779cdfbb9922cb,Photo Studio Background
1550974878,f5dbc861d8ee8558d47cd0e42dc261dd955e07f77d08b1d87eacdafcf078dc86,Studio Background
1796997515,f5dbc861d8ee8558d47cd0e42dc261dd955e07f77d08b1d87eacdafcf078dc86,Studio Background
1845632918,f5dbc861d8ee8558d47cd0e42dc261dd955e07f77d08b1d87eacdafcf078dc86,Studio Background
1158506676,5205c6695da87e6c5c847f17c51139383e37fd3311a1bed6da8b0effe30fea49,"I thought you were more composed than this!
I mean it's just a decoration, right? It doesn't have any special powers..."
1158555093,bc9a7f7d5faed608ee064901a75a1588cb66b28232cd81a8feef56ab83092e35,"Thank you, for helping my father pull himself together."
1158576828,c642f6ec80297807040a680fb6f111d25a180df40b497ce1eafdf27ede55a395,Garden Court Set
1708238289,c642f6ec80297807040a680fb6f111d25a180df40b497ce1eafdf27ede55a395,Garden Court Set
1158596162,119ea20e74bd8b3aed7c0ce387872af7ab74c669de78be37107e441294150606,Cannot switch parties in the current state.
1158601455,139fa40f34087505ca7365d8aa5e3d3f4564ff0ce6098c9f8314a0348047df02,Perfect Blazen Egg
47622986,a39dc3fb6e26c1faa3f90e953e4fdabc0060555777773fc922e493dbb1202a6b,Base Style
1158602196,a39dc3fb6e26c1faa3f90e953e4fdabc0060555777773fc922e493dbb1202a6b,Base Style
1238251815,a39dc3fb6e26c1faa3f90e953e4fdabc0060555777773fc922e493dbb1202a6b,Base Style
1419302567,a39dc3fb6e26c1faa3f90e953e4fdabc0060555777773fc922e493dbb1202a6b,Base Style
1158617777,0f01f827e5a5f81c4ba73d67d6135ef0e5b20494b0d0a7186bef18984381e314,Not exactly.
2069419378,0f01f827e5a5f81c4ba73d67d6135ef0e5b20494b0d0a7186bef18984381e314,Not exactly.
1158658596,47184a18b7f6d4b48b0fd546b23d868b338a5841ff99ee251a6c1056989f2fa4,Electrifying
1706878174,47184a18b7f6d4b48b0fd546b23d868b338a5841ff99ee251a6c1056989f2fa4,Electrifying
1158673663,bcb0fc302f1c99e233da5baec2ea1ffb2a678547a5a88fc2cc6251738024964e,"Spend 1,000 training coins and get 3 random [Defense] holo-gizmos"
1158674126,1cfa6d21862227d6b0e1f8f97679aef6c019ab8440266ba40a4542395c4e6ec2,We ran into an Aniimo that strong and it still ended in a stalemate!
1158706123,a9b7f3f14fe3927445a9ffdfacd70444c6c1b9250874b152a9495f4229bdd059,Countdown
1284317230,a9b7f3f14fe3927445a9ffdfacd70444c6c1b9250874b152a9495f4229bdd059,Countdown
1284758500,a9b7f3f14fe3927445a9ffdfacd70444c6c1b9250874b152a9495f4229bdd059,Countdown
1158708287,b4058fd272f74b8f1710980d775634ea4b975ad870c6e716eef953c0f3436524,"We also want to collect data on how form affects combat ability. Could you battle us?
Ah, don’t worry—we won’t gang up on you two-on-one. My brother is just here to take notes!"
1158718472,dc7c89981f89ca4770850872f49600b76126aaa8fd84a61ed526fda92669c7ff,Scorching Breath
1158726393,e86a08c67c93400a13c6860677fdcffe828c5180c634b5afb6f93f10ba8940b8,"That's right, defeat it and we'll have the last ingredient."
1158733652,9d50e94160ec08eb5d04f6d574c9ac2acd34c87920a6953d1ec73e1389c13273,Floor %s/%s — Fallen
1158764909,5aea00b9a1b1934a6027b4f2d5f4944dba7ecf540316b26f3f7a0fa3afa017cf,Woodland (Level 7)
1158815011,b2b6d3df15b2180dd01a5512bee6e69085655914d6539ba5087f5f0be3249d94,Starly Wooden Stake Version
1158829416,c333e61a33925473f1844397748fe94602f9b88a88266bd5d4b5fd3444eb58ce,(Placeholder)
1416744126,c333e61a33925473f1844397748fe94602f9b88a88266bd5d4b5fd3444eb58ce,(Placeholder)
1857512105,c333e61a33925473f1844397748fe94602f9b88a88266bd5d4b5fd3444eb58ce,(Placeholder)
2128140439,c333e61a33925473f1844397748fe94602f9b88a88266bd5d4b5fd3444eb58ce,(Placeholder)
1158830434,ef284353766ab3a0bb043b2109c93cf6b2bff107667083f03337e29c7623e559,Grants a shield equal to 4% of max HP for 5s after taking damage 10 times.
1158842821,54548032b3b94bb31a25c5787f1645841b685e64b942eb757688d9872702a527,"Astra held a citizens’ assembly and passed the ""Aniimo Protection Law."" The following is a summary of the initial provisions:"
1158871625,77dc41f4e9f0e9f63629836daee6fda69d1ef37a01bff505b2b650f81acdb9d2,Kid Fruit - Wooden Window
1158886587,1f697c6486ca8611ba7669a0ca19774f18af4e2de94117376dd7a717a976398d,<style=Debuff>Not started</style>
1158922263,2ec7a05ad107bc576a85812eea329a49c853763647fddd17cc0c71f84140a60c,Restrict to socialId (optional)
1158922971,70f4d3f615bc6ced94eb347795089d73fe86a0b8e8792a05cb32b40ce90a9efd,Next Rank
1158930197,1d862963a052b2c63ee7e7806539c4c0ce215644f4273a94d2a185a78497dd59,"Choose one Skill to use: Defense Mode, Repair Mode, or Counterattack Mode."
1158930644,8ca6967b2b3b7065126ff65088f98de803d162cdf5001d5e0d6013456b889b87,Drifting
1819296652,8ca6967b2b3b7065126ff65088f98de803d162cdf5001d5e0d6013456b889b87,Drifting
1158941779,90a1cf13b2753338bb7ab47023042f725ed00cef3d2a50d6a12f14a97ca8f340,[Topic] Use Skills
1159018982,0f75c14e6b31e23fc0267c5447cc4e05384aa5158f9ff3e752e5c1fac3ec0c75,"""Only the hardest thorn can protect the most beautiful flowers""... I haven’t forgotten! I know how much the First Lethal Thorn has sacrificed, but..."
1159022694,835ddfdb45ffcf85450f87c0af145bd30d305efc2cad3af1169918a5b5efa56d,Why are all your prices so high?
1159038207,9b7be61cd9fc253f4e0d3e8ba194b23e5031e4ad510b42bdf704e95a8470ee7e,"Hold to charge, continuously powering up the blast. While charging, gains Super Armor and Damage Reduction. Each blast consumes 50% of current HP to greatly increase damage and range. (This skill cannot reduce HP below 25%.)"
1159042462,4ee213d1b19a85ec9fe2e79556a9116a18d7467c6a5f80d580ec0f94104865e9,"Mutated rare strawberry, sparkling with dazzling spots of light."
1335439586,4ee213d1b19a85ec9fe2e79556a9116a18d7467c6a5f80d580ec0f94104865e9,"Mutated rare strawberry, sparkling with dazzling spots of light."
1159047177,b93ece7ef4fd1a944bc04f37f157a23a9efb68d58a9f5888cf65526aba48d905,Gleam
1159056467,acbbacd84619104cdb89241d3ec359af697f0e01450c58259e607c71c70e1e3d,A best friend!
1159094596,6233b8c2f0dd4ff1e5e529c0664d279365b20ac493746bd164c9283dc1f98e89,"Nimbi, in a Sleeping state, Catch success rate significantly increased."
1159123324,1e0613fd69437fbfd86052c46ace73ae50feb787ca7ebe560cb7534de60e147c,Helmwhelp
1200977518,1e0613fd69437fbfd86052c46ace73ae50feb787ca7ebe560cb7534de60e147c,Helmwhelp
1258250922,1e0613fd69437fbfd86052c46ace73ae50feb787ca7ebe560cb7534de60e147c,Helmwhelp
1268890139,1e0613fd69437fbfd86052c46ace73ae50feb787ca7ebe560cb7534de60e147c,Helmwhelp
1275278514,1e0613fd69437fbfd86052c46ace73ae50feb787ca7ebe560cb7534de60e147c,Helmwhelp
1279059561,1e0613fd69437fbfd86052c46ace73ae50feb787ca7ebe560cb7534de60e147c,Helmwhelp
1539734552,1e0613fd69437fbfd86052c46ace73ae50feb787ca7ebe560cb7534de60e147c,Helmwhelp
1557790931,1e0613fd69437fbfd86052c46ace73ae50feb787ca7ebe560cb7534de60e147c,Helmwhelp
1560062433,1e0613fd69437fbfd86052c46ace73ae50feb787ca7ebe560cb7534de60e147c,Helmwhelp
1590980756,1e0613fd69437fbfd86052c46ace73ae50feb787ca7ebe560cb7534de60e147c,Helmwhelp
1631752811,1e0613fd69437fbfd86052c46ace73ae50feb787ca7ebe560cb7534de60e147c,Helmwhelp
1636568262,1e0613fd69437fbfd86052c46ace73ae50feb787ca7ebe560cb7534de60e147c,Helmwhelp
1672027425,1e0613fd69437fbfd86052c46ace73ae50feb787ca7ebe560cb7534de60e147c,Helmwhelp
1677867433,1e0613fd69437fbfd86052c46ace73ae50feb787ca7ebe560cb7534de60e147c,Helmwhelp
1814661473,1e0613fd69437fbfd86052c46ace73ae50feb787ca7ebe560cb7534de60e147c,Helmwhelp
1949281920,1e0613fd69437fbfd86052c46ace73ae50feb787ca7ebe560cb7534de60e147c,Helmwhelp
1956233606,1e0613fd69437fbfd86052c46ace73ae50feb787ca7ebe560cb7534de60e147c,Helmwhelp
2016366012,1e0613fd69437fbfd86052c46ace73ae50feb787ca7ebe560cb7534de60e147c,Helmwhelp
2031944014,1e0613fd69437fbfd86052c46ace73ae50feb787ca7ebe560cb7534de60e147c,Helmwhelp
2093564329,1e0613fd69437fbfd86052c46ace73ae50feb787ca7ebe560cb7534de60e147c,Helmwhelp
2122758062,1e0613fd69437fbfd86052c46ace73ae50feb787ca7ebe560cb7534de60e147c,Helmwhelp
2141160151,1e0613fd69437fbfd86052c46ace73ae50feb787ca7ebe560cb7534de60e147c,Helmwhelp
1159123475,e7d9bb4e1b0823d809bbba3022d6452a15807c328b2c3056d956053a1ec26388,15632
1159126357,9b7a7bfb1de98470749e0cbb51dc1c7552f87fa7879542593a9fcd6ca1ca1948,Hatchinator Control takeover
1159133309,df3ce7404dbd1648a2976501f845b920c24b934c67f1900529a4e55a3fd6d975,"Petals picked before morning dew dries, distilled into a fragrance full of romantic charm."
1418302224,df3ce7404dbd1648a2976501f845b920c24b934c67f1900529a4e55a3fd6d975,"Petals picked before morning dew dries, distilled into a fragrance full of romantic charm."
1159150389,9bcb618691634a9f8fd208a7fc8862a2178db3ab7dc618f4313ca872f2ecc336,Ha-mm!
1172152453,9bcb618691634a9f8fd208a7fc8862a2178db3ab7dc618f4313ca872f2ecc336,Ha-mm!
1663575408,9bcb618691634a9f8fd208a7fc8862a2178db3ab7dc618f4313ca872f2ecc336,Ha-mm!
1915820180,9bcb618691634a9f8fd208a7fc8862a2178db3ab7dc618f4313ca872f2ecc336,Ha-mm!
1159157381,8bd878c9653ec651ec8b270689926f89e61c23aa3a7841cb16e3daad775eab6a,"<color=#fff38b>Nimbus Fields</color>’s Vein energy is running high, drawing special Prismana Aniimo, who will appear when the Prismana Flow arrives!"
1159164998,4aa9201a755ece9d17398ba5cb9aab26b13a1ce78f0c4b934ac49dce5f7fec2c,Aniimo Switch Cooldown Reduction Multiplier
1533899326,4aa9201a755ece9d17398ba5cb9aab26b13a1ce78f0c4b934ac49dce5f7fec2c,Aniimo Switch Cooldown Reduction Multiplier
1159173234,df6078dc75ecce898007ef1c9649bdb3c76dc6501d07b6cb2cd75801242b576c,Started tracking target.
1235499483,df6078dc75ecce898007ef1c9649bdb3c76dc6501d07b6cb2cd75801242b576c,Started tracking target.
1159191356,1f847678d1d873fc3da97c7fadcffdd7b4ef6883e33d967f96b76cae7e980a0e,Sparkling Wheat
1638794180,1f847678d1d873fc3da97c7fadcffdd7b4ef6883e33d967f96b76cae7e980a0e,Sparkling Wheat
1159201168,d55b34d48eb7e957c79994f7c3e854704942eb86947f6d3c293fac30f2529a7b,"A playful floor lamp with a wavy stand and trumpet-shaped shade, simple in design but full of character."
1899690812,d55b34d48eb7e957c79994f7c3e854704942eb86947f6d3c293fac30f2529a7b,"A playful floor lamp with a wavy stand and trumpet-shaped shade, simple in design but full of character."
1159203525,07b9fcbb6ab70f1c6819e4f2276cc4b307905e077675aadb2e4076fefcd68ecd,00:00
1333040691,07b9fcbb6ab70f1c6819e4f2276cc4b307905e077675aadb2e4076fefcd68ecd,00:00
2083718427,07b9fcbb6ab70f1c6819e4f2276cc4b307905e077675aadb2e4076fefcd68ecd,00:00