403255729,3aeb028aeea526312ba961c09fb7c85791d14a5fad1e5f34f6a0c5ea05e5c4d4,"Mysterious chests are scattered across Idyll. They may be luggage lost by travelers, supplies left behind by Pathfinders, or treasures sealed away by an ancient civilization... All await discovery and opening."
403834488,3aeb028aeea526312ba961c09fb7c85791d14a5fad1e5f34f6a0c5ea05e5c4d4,"Mysterious chests are scattered across Idyll. They may be luggage lost by travelers, supplies left behind by Pathfinders, or treasures sealed away by an ancient civilization... All await discovery and opening."
403852198,3aeb028aeea526312ba961c09fb7c85791d14a5fad1e5f34f6a0c5ea05e5c4d4,"Mysterious chests are scattered across Idyll. They may be luggage lost by travelers, supplies left behind by Pathfinders, or treasures sealed away by an ancient civilization... All await discovery and opening."
403881079,3aeb028aeea526312ba961c09fb7c85791d14a5fad1e5f34f6a0c5ea05e5c4d4,"Mysterious chests are scattered across Idyll. They may be luggage lost by travelers, supplies left behind by Pathfinders, or treasures sealed away by an ancient civilization... All await discovery and opening."
403980821,3aeb028aeea526312ba961c09fb7c85791d14a5fad1e5f34f6a0c5ea05e5c4d4,"Mysterious chests are scattered across Idyll. They may be luggage lost by travelers, supplies left behind by Pathfinders, or treasures sealed away by an ancient civilization... All await discovery and opening."
404361552,3aeb028aeea526312ba961c09fb7c85791d14a5fad1e5f34f6a0c5ea05e5c4d4,"Mysterious chests are scattered across Idyll. They may be luggage lost by travelers, supplies left behind by Pathfinders, or treasures sealed away by an ancient civilization... All await discovery and opening."
404415200,3aeb028aeea526312ba961c09fb7c85791d14a5fad1e5f34f6a0c5ea05e5c4d4,"Mysterious chests are scattered across Idyll. They may be luggage lost by travelers, supplies left behind by Pathfinders, or treasures sealed away by an ancient civilization... All await discovery and opening."
404741996,3aeb028aeea526312ba961c09fb7c85791d14a5fad1e5f34f6a0c5ea05e5c4d4,"Mysterious chests are scattered across Idyll. They may be luggage lost by travelers, supplies left behind by Pathfinders, or treasures sealed away by an ancient civilization... All await discovery and opening."
405141510,3aeb028aeea526312ba961c09fb7c85791d14a5fad1e5f34f6a0c5ea05e5c4d4,"Mysterious chests are scattered across Idyll. They may be luggage lost by travelers, supplies left behind by Pathfinders, or treasures sealed away by an ancient civilization... All await discovery and opening."
405691189,3aeb028aeea526312ba961c09fb7c85791d14a5fad1e5f34f6a0c5ea05e5c4d4,"Mysterious chests are scattered across Idyll. They may be luggage lost by travelers, supplies left behind by Pathfinders, or treasures sealed away by an ancient civilization... All await discovery and opening."
405707535,3aeb028aeea526312ba961c09fb7c85791d14a5fad1e5f34f6a0c5ea05e5c4d4,"Mysterious chests are scattered across Idyll. They may be luggage lost by travelers, supplies left behind by Pathfinders, or treasures sealed away by an ancient civilization... All await discovery and opening."
406026720,3aeb028aeea526312ba961c09fb7c85791d14a5fad1e5f34f6a0c5ea05e5c4d4,"Mysterious chests are scattered across Idyll. They may be luggage lost by travelers, supplies left behind by Pathfinders, or treasures sealed away by an ancient civilization... All await discovery and opening."
406041937,3aeb028aeea526312ba961c09fb7c85791d14a5fad1e5f34f6a0c5ea05e5c4d4,"Mysterious chests are scattered across Idyll. They may be luggage lost by travelers, supplies left behind by Pathfinders, or treasures sealed away by an ancient civilization... All await discovery and opening."
406150426,3aeb028aeea526312ba961c09fb7c85791d14a5fad1e5f34f6a0c5ea05e5c4d4,"Mysterious chests are scattered across Idyll. They may be luggage lost by travelers, supplies left behind by Pathfinders, or treasures sealed away by an ancient civilization... All await discovery and opening."
406167237,3aeb028aeea526312ba961c09fb7c85791d14a5fad1e5f34f6a0c5ea05e5c4d4,"Mysterious chests are scattered across Idyll. They may be luggage lost by travelers, supplies left behind by Pathfinders, or treasures sealed away by an ancient civilization... All await discovery and opening."
406264144,3aeb028aeea526312ba961c09fb7c85791d14a5fad1e5f34f6a0c5ea05e5c4d4,"Mysterious chests are scattered across Idyll. They may be luggage lost by travelers, supplies left behind by Pathfinders, or treasures sealed away by an ancient civilization... All await discovery and opening."
406568979,3aeb028aeea526312ba961c09fb7c85791d14a5fad1e5f34f6a0c5ea05e5c4d4,"Mysterious chests are scattered across Idyll. They may be luggage lost by travelers, supplies left behind by Pathfinders, or treasures sealed away by an ancient civilization... All await discovery and opening."
406901987,3aeb028aeea526312ba961c09fb7c85791d14a5fad1e5f34f6a0c5ea05e5c4d4,"Mysterious chests are scattered across Idyll. They may be luggage lost by travelers, supplies left behind by Pathfinders, or treasures sealed away by an ancient civilization... All await discovery and opening."
407140377,3aeb028aeea526312ba961c09fb7c85791d14a5fad1e5f34f6a0c5ea05e5c4d4,"Mysterious chests are scattered across Idyll. They may be luggage lost by travelers, supplies left behind by Pathfinders, or treasures sealed away by an ancient civilization... All await discovery and opening."
407266343,3aeb028aeea526312ba961c09fb7c85791d14a5fad1e5f34f6a0c5ea05e5c4d4,"Mysterious chests are scattered across Idyll. They may be luggage lost by travelers, supplies left behind by Pathfinders, or treasures sealed away by an ancient civilization... All await discovery and opening."
407464440,3aeb028aeea526312ba961c09fb7c85791d14a5fad1e5f34f6a0c5ea05e5c4d4,"Mysterious chests are scattered across Idyll. They may be luggage lost by travelers, supplies left behind by Pathfinders, or treasures sealed away by an ancient civilization... All await discovery and opening."
407575825,3aeb028aeea526312ba961c09fb7c85791d14a5fad1e5f34f6a0c5ea05e5c4d4,"Mysterious chests are scattered across Idyll. They may be luggage lost by travelers, supplies left behind by Pathfinders, or treasures sealed away by an ancient civilization... All await discovery and opening."
407590138,3aeb028aeea526312ba961c09fb7c85791d14a5fad1e5f34f6a0c5ea05e5c4d4,"Mysterious chests are scattered across Idyll. They may be luggage lost by travelers, supplies left behind by Pathfinders, or treasures sealed away by an ancient civilization... All await discovery and opening."
407675123,3aeb028aeea526312ba961c09fb7c85791d14a5fad1e5f34f6a0c5ea05e5c4d4,"Mysterious chests are scattered across Idyll. They may be luggage lost by travelers, supplies left behind by Pathfinders, or treasures sealed away by an ancient civilization... All await discovery and opening."
407844509,3aeb028aeea526312ba961c09fb7c85791d14a5fad1e5f34f6a0c5ea05e5c4d4,"Mysterious chests are scattered across Idyll. They may be luggage lost by travelers, supplies left behind by Pathfinders, or treasures sealed away by an ancient civilization... All await discovery and opening."
407915065,3aeb028aeea526312ba961c09fb7c85791d14a5fad1e5f34f6a0c5ea05e5c4d4,"Mysterious chests are scattered across Idyll. They may be luggage lost by travelers, supplies left behind by Pathfinders, or treasures sealed away by an ancient civilization... All await discovery and opening."
408105036,3aeb028aeea526312ba961c09fb7c85791d14a5fad1e5f34f6a0c5ea05e5c4d4,"Mysterious chests are scattered across Idyll. They may be luggage lost by travelers, supplies left behind by Pathfinders, or treasures sealed away by an ancient civilization... All await discovery and opening."
408141014,3aeb028aeea526312ba961c09fb7c85791d14a5fad1e5f34f6a0c5ea05e5c4d4,"Mysterious chests are scattered across Idyll. They may be luggage lost by travelers, supplies left behind by Pathfinders, or treasures sealed away by an ancient civilization... All await discovery and opening."
408205710,3aeb028aeea526312ba961c09fb7c85791d14a5fad1e5f34f6a0c5ea05e5c4d4,"Mysterious chests are scattered across Idyll. They may be luggage lost by travelers, supplies left behind by Pathfinders, or treasures sealed away by an ancient civilization... All await discovery and opening."
408406451,3aeb028aeea526312ba961c09fb7c85791d14a5fad1e5f34f6a0c5ea05e5c4d4,"Mysterious chests are scattered across Idyll. They may be luggage lost by travelers, supplies left behind by Pathfinders, or treasures sealed away by an ancient civilization... All await discovery and opening."
408655311,3aeb028aeea526312ba961c09fb7c85791d14a5fad1e5f34f6a0c5ea05e5c4d4,"Mysterious chests are scattered across Idyll. They may be luggage lost by travelers, supplies left behind by Pathfinders, or treasures sealed away by an ancient civilization... All await discovery and opening."
408948711,3aeb028aeea526312ba961c09fb7c85791d14a5fad1e5f34f6a0c5ea05e5c4d4,"Mysterious chests are scattered across Idyll. They may be luggage lost by travelers, supplies left behind by Pathfinders, or treasures sealed away by an ancient civilization... All await discovery and opening."
409292708,3aeb028aeea526312ba961c09fb7c85791d14a5fad1e5f34f6a0c5ea05e5c4d4,"Mysterious chests are scattered across Idyll. They may be luggage lost by travelers, supplies left behind by Pathfinders, or treasures sealed away by an ancient civilization... All await discovery and opening."
409534986,3aeb028aeea526312ba961c09fb7c85791d14a5fad1e5f34f6a0c5ea05e5c4d4,"Mysterious chests are scattered across Idyll. They may be luggage lost by travelers, supplies left behind by Pathfinders, or treasures sealed away by an ancient civilization... All await discovery and opening."
409576452,3aeb028aeea526312ba961c09fb7c85791d14a5fad1e5f34f6a0c5ea05e5c4d4,"Mysterious chests are scattered across Idyll. They may be luggage lost by travelers, supplies left behind by Pathfinders, or treasures sealed away by an ancient civilization... All await discovery and opening."
410069287,3aeb028aeea526312ba961c09fb7c85791d14a5fad1e5f34f6a0c5ea05e5c4d4,"Mysterious chests are scattered across Idyll. They may be luggage lost by travelers, supplies left behind by Pathfinders, or treasures sealed away by an ancient civilization... All await discovery and opening."
410542310,3aeb028aeea526312ba961c09fb7c85791d14a5fad1e5f34f6a0c5ea05e5c4d4,"Mysterious chests are scattered across Idyll. They may be luggage lost by travelers, supplies left behind by Pathfinders, or treasures sealed away by an ancient civilization... All await discovery and opening."
410755161,3aeb028aeea526312ba961c09fb7c85791d14a5fad1e5f34f6a0c5ea05e5c4d4,"Mysterious chests are scattered across Idyll. They may be luggage lost by travelers, supplies left behind by Pathfinders, or treasures sealed away by an ancient civilization... All await discovery and opening."
410775211,3aeb028aeea526312ba961c09fb7c85791d14a5fad1e5f34f6a0c5ea05e5c4d4,"Mysterious chests are scattered across Idyll. They may be luggage lost by travelers, supplies left behind by Pathfinders, or treasures sealed away by an ancient civilization... All await discovery and opening."
410875384,3aeb028aeea526312ba961c09fb7c85791d14a5fad1e5f34f6a0c5ea05e5c4d4,"Mysterious chests are scattered across Idyll. They may be luggage lost by travelers, supplies left behind by Pathfinders, or treasures sealed away by an ancient civilization... All await discovery and opening."
410880261,3aeb028aeea526312ba961c09fb7c85791d14a5fad1e5f34f6a0c5ea05e5c4d4,"Mysterious chests are scattered across Idyll. They may be luggage lost by travelers, supplies left behind by Pathfinders, or treasures sealed away by an ancient civilization... All await discovery and opening."
410990999,3aeb028aeea526312ba961c09fb7c85791d14a5fad1e5f34f6a0c5ea05e5c4d4,"Mysterious chests are scattered across Idyll. They may be luggage lost by travelers, supplies left behind by Pathfinders, or treasures sealed away by an ancient civilization... All await discovery and opening."
411005438,3aeb028aeea526312ba961c09fb7c85791d14a5fad1e5f34f6a0c5ea05e5c4d4,"Mysterious chests are scattered across Idyll. They may be luggage lost by travelers, supplies left behind by Pathfinders, or treasures sealed away by an ancient civilization... All await discovery and opening."
411242260,3aeb028aeea526312ba961c09fb7c85791d14a5fad1e5f34f6a0c5ea05e5c4d4,"Mysterious chests are scattered across Idyll. They may be luggage lost by travelers, supplies left behind by Pathfinders, or treasures sealed away by an ancient civilization... All await discovery and opening."
411497816,3aeb028aeea526312ba961c09fb7c85791d14a5fad1e5f34f6a0c5ea05e5c4d4,"Mysterious chests are scattered across Idyll. They may be luggage lost by travelers, supplies left behind by Pathfinders, or treasures sealed away by an ancient civilization... All await discovery and opening."
411553704,3aeb028aeea526312ba961c09fb7c85791d14a5fad1e5f34f6a0c5ea05e5c4d4,"Mysterious chests are scattered across Idyll. They may be luggage lost by travelers, supplies left behind by Pathfinders, or treasures sealed away by an ancient civilization... All await discovery and opening."
411667452,3aeb028aeea526312ba961c09fb7c85791d14a5fad1e5f34f6a0c5ea05e5c4d4,"Mysterious chests are scattered across Idyll. They may be luggage lost by travelers, supplies left behind by Pathfinders, or treasures sealed away by an ancient civilization... All await discovery and opening."
412227832,3aeb028aeea526312ba961c09fb7c85791d14a5fad1e5f34f6a0c5ea05e5c4d4,"Mysterious chests are scattered across Idyll. They may be luggage lost by travelers, supplies left behind by Pathfinders, or treasures sealed away by an ancient civilization... All await discovery and opening."
412383038,3aeb028aeea526312ba961c09fb7c85791d14a5fad1e5f34f6a0c5ea05e5c4d4,"Mysterious chests are scattered across Idyll. They may be luggage lost by travelers, supplies left behind by Pathfinders, or treasures sealed away by an ancient civilization... All await discovery and opening."
412671256,3aeb028aeea526312ba961c09fb7c85791d14a5fad1e5f34f6a0c5ea05e5c4d4,"Mysterious chests are scattered across Idyll. They may be luggage lost by travelers, supplies left behind by Pathfinders, or treasures sealed away by an ancient civilization... All await discovery and opening."
412778050,3aeb028aeea526312ba961c09fb7c85791d14a5fad1e5f34f6a0c5ea05e5c4d4,"Mysterious chests are scattered across Idyll. They may be luggage lost by travelers, supplies left behind by Pathfinders, or treasures sealed away by an ancient civilization... All await discovery and opening."
412783064,3aeb028aeea526312ba961c09fb7c85791d14a5fad1e5f34f6a0c5ea05e5c4d4,"Mysterious chests are scattered across Idyll. They may be luggage lost by travelers, supplies left behind by Pathfinders, or treasures sealed away by an ancient civilization... All await discovery and opening."
412871174,3aeb028aeea526312ba961c09fb7c85791d14a5fad1e5f34f6a0c5ea05e5c4d4,"Mysterious chests are scattered across Idyll. They may be luggage lost by travelers, supplies left behind by Pathfinders, or treasures sealed away by an ancient civilization... All await discovery and opening."
413027363,3aeb028aeea526312ba961c09fb7c85791d14a5fad1e5f34f6a0c5ea05e5c4d4,"Mysterious chests are scattered across Idyll. They may be luggage lost by travelers, supplies left behind by Pathfinders, or treasures sealed away by an ancient civilization... All await discovery and opening."
413055013,3aeb028aeea526312ba961c09fb7c85791d14a5fad1e5f34f6a0c5ea05e5c4d4,"Mysterious chests are scattered across Idyll. They may be luggage lost by travelers, supplies left behind by Pathfinders, or treasures sealed away by an ancient civilization... All await discovery and opening."
413069575,3aeb028aeea526312ba961c09fb7c85791d14a5fad1e5f34f6a0c5ea05e5c4d4,"Mysterious chests are scattered across Idyll. They may be luggage lost by travelers, supplies left behind by Pathfinders, or treasures sealed away by an ancient civilization... All await discovery and opening."
413648562,3aeb028aeea526312ba961c09fb7c85791d14a5fad1e5f34f6a0c5ea05e5c4d4,"Mysterious chests are scattered across Idyll. They may be luggage lost by travelers, supplies left behind by Pathfinders, or treasures sealed away by an ancient civilization... All await discovery and opening."
413766674,3aeb028aeea526312ba961c09fb7c85791d14a5fad1e5f34f6a0c5ea05e5c4d4,"Mysterious chests are scattered across Idyll. They may be luggage lost by travelers, supplies left behind by Pathfinders, or treasures sealed away by an ancient civilization... All await discovery and opening."
413806164,3aeb028aeea526312ba961c09fb7c85791d14a5fad1e5f34f6a0c5ea05e5c4d4,"Mysterious chests are scattered across Idyll. They may be luggage lost by travelers, supplies left behind by Pathfinders, or treasures sealed away by an ancient civilization... All await discovery and opening."
414068795,3aeb028aeea526312ba961c09fb7c85791d14a5fad1e5f34f6a0c5ea05e5c4d4,"Mysterious chests are scattered across Idyll. They may be luggage lost by travelers, supplies left behind by Pathfinders, or treasures sealed away by an ancient civilization... All await discovery and opening."
414096275,3aeb028aeea526312ba961c09fb7c85791d14a5fad1e5f34f6a0c5ea05e5c4d4,"Mysterious chests are scattered across Idyll. They may be luggage lost by travelers, supplies left behind by Pathfinders, or treasures sealed away by an ancient civilization... All await discovery and opening."
414358084,3aeb028aeea526312ba961c09fb7c85791d14a5fad1e5f34f6a0c5ea05e5c4d4,"Mysterious chests are scattered across Idyll. They may be luggage lost by travelers, supplies left behind by Pathfinders, or treasures sealed away by an ancient civilization... All await discovery and opening."
414390867,3aeb028aeea526312ba961c09fb7c85791d14a5fad1e5f34f6a0c5ea05e5c4d4,"Mysterious chests are scattered across Idyll. They may be luggage lost by travelers, supplies left behind by Pathfinders, or treasures sealed away by an ancient civilization... All await discovery and opening."
415018430,3aeb028aeea526312ba961c09fb7c85791d14a5fad1e5f34f6a0c5ea05e5c4d4,"Mysterious chests are scattered across Idyll. They may be luggage lost by travelers, supplies left behind by Pathfinders, or treasures sealed away by an ancient civilization... All await discovery and opening."
415025662,3aeb028aeea526312ba961c09fb7c85791d14a5fad1e5f34f6a0c5ea05e5c4d4,"Mysterious chests are scattered across Idyll. They may be luggage lost by travelers, supplies left behind by Pathfinders, or treasures sealed away by an ancient civilization... All await discovery and opening."
415397835,3aeb028aeea526312ba961c09fb7c85791d14a5fad1e5f34f6a0c5ea05e5c4d4,"Mysterious chests are scattered across Idyll. They may be luggage lost by travelers, supplies left behind by Pathfinders, or treasures sealed away by an ancient civilization... All await discovery and opening."
416120600,3aeb028aeea526312ba961c09fb7c85791d14a5fad1e5f34f6a0c5ea05e5c4d4,"Mysterious chests are scattered across Idyll. They may be luggage lost by travelers, supplies left behind by Pathfinders, or treasures sealed away by an ancient civilization... All await discovery and opening."
416698440,3aeb028aeea526312ba961c09fb7c85791d14a5fad1e5f34f6a0c5ea05e5c4d4,"Mysterious chests are scattered across Idyll. They may be luggage lost by travelers, supplies left behind by Pathfinders, or treasures sealed away by an ancient civilization... All await discovery and opening."
416913661,3aeb028aeea526312ba961c09fb7c85791d14a5fad1e5f34f6a0c5ea05e5c4d4,"Mysterious chests are scattered across Idyll. They may be luggage lost by travelers, supplies left behind by Pathfinders, or treasures sealed away by an ancient civilization... All await discovery and opening."
416920934,3aeb028aeea526312ba961c09fb7c85791d14a5fad1e5f34f6a0c5ea05e5c4d4,"Mysterious chests are scattered across Idyll. They may be luggage lost by travelers, supplies left behind by Pathfinders, or treasures sealed away by an ancient civilization... All await discovery and opening."
417067849,3aeb028aeea526312ba961c09fb7c85791d14a5fad1e5f34f6a0c5ea05e5c4d4,"Mysterious chests are scattered across Idyll. They may be luggage lost by travelers, supplies left behind by Pathfinders, or treasures sealed away by an ancient civilization... All await discovery and opening."
417133549,3aeb028aeea526312ba961c09fb7c85791d14a5fad1e5f34f6a0c5ea05e5c4d4,"Mysterious chests are scattered across Idyll. They may be luggage lost by travelers, supplies left behind by Pathfinders, or treasures sealed away by an ancient civilization... All await discovery and opening."
417230492,3aeb028aeea526312ba961c09fb7c85791d14a5fad1e5f34f6a0c5ea05e5c4d4,"Mysterious chests are scattered across Idyll. They may be luggage lost by travelers, supplies left behind by Pathfinders, or treasures sealed away by an ancient civilization... All await discovery and opening."
417294598,3aeb028aeea526312ba961c09fb7c85791d14a5fad1e5f34f6a0c5ea05e5c4d4,"Mysterious chests are scattered across Idyll. They may be luggage lost by travelers, supplies left behind by Pathfinders, or treasures sealed away by an ancient civilization... All await discovery and opening."
417303945,3aeb028aeea526312ba961c09fb7c85791d14a5fad1e5f34f6a0c5ea05e5c4d4,"Mysterious chests are scattered across Idyll. They may be luggage lost by travelers, supplies left behind by Pathfinders, or treasures sealed away by an ancient civilization... All await discovery and opening."
417365333,3aeb028aeea526312ba961c09fb7c85791d14a5fad1e5f34f6a0c5ea05e5c4d4,"Mysterious chests are scattered across Idyll. They may be luggage lost by travelers, supplies left behind by Pathfinders, or treasures sealed away by an ancient civilization... All await discovery and opening."
417396012,3aeb028aeea526312ba961c09fb7c85791d14a5fad1e5f34f6a0c5ea05e5c4d4,"Mysterious chests are scattered across Idyll. They may be luggage lost by travelers, supplies left behind by Pathfinders, or treasures sealed away by an ancient civilization... All await discovery and opening."
417508137,3aeb028aeea526312ba961c09fb7c85791d14a5fad1e5f34f6a0c5ea05e5c4d4,"Mysterious chests are scattered across Idyll. They may be luggage lost by travelers, supplies left behind by Pathfinders, or treasures sealed away by an ancient civilization... All await discovery and opening."
417537336,3aeb028aeea526312ba961c09fb7c85791d14a5fad1e5f34f6a0c5ea05e5c4d4,"Mysterious chests are scattered across Idyll. They may be luggage lost by travelers, supplies left behind by Pathfinders, or treasures sealed away by an ancient civilization... All await discovery and opening."
418052096,3aeb028aeea526312ba961c09fb7c85791d14a5fad1e5f34f6a0c5ea05e5c4d4,"Mysterious chests are scattered across Idyll. They may be luggage lost by travelers, supplies left behind by Pathfinders, or treasures sealed away by an ancient civilization... All await discovery and opening."
418247904,3aeb028aeea526312ba961c09fb7c85791d14a5fad1e5f34f6a0c5ea05e5c4d4,"Mysterious chests are scattered across Idyll. They may be luggage lost by travelers, supplies left behind by Pathfinders, or treasures sealed away by an ancient civilization... All await discovery and opening."
418377531,3aeb028aeea526312ba961c09fb7c85791d14a5fad1e5f34f6a0c5ea05e5c4d4,"Mysterious chests are scattered across Idyll. They may be luggage lost by travelers, supplies left behind by Pathfinders, or treasures sealed away by an ancient civilization... All await discovery and opening."
418385067,3aeb028aeea526312ba961c09fb7c85791d14a5fad1e5f34f6a0c5ea05e5c4d4,"Mysterious chests are scattered across Idyll. They may be luggage lost by travelers, supplies left behind by Pathfinders, or treasures sealed away by an ancient civilization... All await discovery and opening."
418447584,3aeb028aeea526312ba961c09fb7c85791d14a5fad1e5f34f6a0c5ea05e5c4d4,"Mysterious chests are scattered across Idyll. They may be luggage lost by travelers, supplies left behind by Pathfinders, or treasures sealed away by an ancient civilization... All await discovery and opening."
418533488,3aeb028aeea526312ba961c09fb7c85791d14a5fad1e5f34f6a0c5ea05e5c4d4,"Mysterious chests are scattered across Idyll. They may be luggage lost by travelers, supplies left behind by Pathfinders, or treasures sealed away by an ancient civilization... All await discovery and opening."
418763267,3aeb028aeea526312ba961c09fb7c85791d14a5fad1e5f34f6a0c5ea05e5c4d4,"Mysterious chests are scattered across Idyll. They may be luggage lost by travelers, supplies left behind by Pathfinders, or treasures sealed away by an ancient civilization... All await discovery and opening."
418924770,3aeb028aeea526312ba961c09fb7c85791d14a5fad1e5f34f6a0c5ea05e5c4d4,"Mysterious chests are scattered across Idyll. They may be luggage lost by travelers, supplies left behind by Pathfinders, or treasures sealed away by an ancient civilization... All await discovery and opening."
419188576,3aeb028aeea526312ba961c09fb7c85791d14a5fad1e5f34f6a0c5ea05e5c4d4,"Mysterious chests are scattered across Idyll. They may be luggage lost by travelers, supplies left behind by Pathfinders, or treasures sealed away by an ancient civilization... All await discovery and opening."
419375961,3aeb028aeea526312ba961c09fb7c85791d14a5fad1e5f34f6a0c5ea05e5c4d4,"Mysterious chests are scattered across Idyll. They may be luggage lost by travelers, supplies left behind by Pathfinders, or treasures sealed away by an ancient civilization... All await discovery and opening."
419468942,3aeb028aeea526312ba961c09fb7c85791d14a5fad1e5f34f6a0c5ea05e5c4d4,"Mysterious chests are scattered across Idyll. They may be luggage lost by travelers, supplies left behind by Pathfinders, or treasures sealed away by an ancient civilization... All await discovery and opening."
419772721,3aeb028aeea526312ba961c09fb7c85791d14a5fad1e5f34f6a0c5ea05e5c4d4,"Mysterious chests are scattered across Idyll. They may be luggage lost by travelers, supplies left behind by Pathfinders, or treasures sealed away by an ancient civilization... All await discovery and opening."
419783499,3aeb028aeea526312ba961c09fb7c85791d14a5fad1e5f34f6a0c5ea05e5c4d4,"Mysterious chests are scattered across Idyll. They may be luggage lost by travelers, supplies left behind by Pathfinders, or treasures sealed away by an ancient civilization... All await discovery and opening."
419925856,3aeb028aeea526312ba961c09fb7c85791d14a5fad1e5f34f6a0c5ea05e5c4d4,"Mysterious chests are scattered across Idyll. They may be luggage lost by travelers, supplies left behind by Pathfinders, or treasures sealed away by an ancient civilization... All await discovery and opening."
419999302,3aeb028aeea526312ba961c09fb7c85791d14a5fad1e5f34f6a0c5ea05e5c4d4,"Mysterious chests are scattered across Idyll. They may be luggage lost by travelers, supplies left behind by Pathfinders, or treasures sealed away by an ancient civilization... All await discovery and opening."
420022305,3aeb028aeea526312ba961c09fb7c85791d14a5fad1e5f34f6a0c5ea05e5c4d4,"Mysterious chests are scattered across Idyll. They may be luggage lost by travelers, supplies left behind by Pathfinders, or treasures sealed away by an ancient civilization... All await discovery and opening."
420326198,3aeb028aeea526312ba961c09fb7c85791d14a5fad1e5f34f6a0c5ea05e5c4d4,"Mysterious chests are scattered across Idyll. They may be luggage lost by travelers, supplies left behind by Pathfinders, or treasures sealed away by an ancient civilization... All await discovery and opening."
420535357,3aeb028aeea526312ba961c09fb7c85791d14a5fad1e5f34f6a0c5ea05e5c4d4,"Mysterious chests are scattered across Idyll. They may be luggage lost by travelers, supplies left behind by Pathfinders, or treasures sealed away by an ancient civilization... All await discovery and opening."
420683197,3aeb028aeea526312ba961c09fb7c85791d14a5fad1e5f34f6a0c5ea05e5c4d4,"Mysterious chests are scattered across Idyll. They may be luggage lost by travelers, supplies left behind by Pathfinders, or treasures sealed away by an ancient civilization... All await discovery and opening."
421180566,3aeb028aeea526312ba961c09fb7c85791d14a5fad1e5f34f6a0c5ea05e5c4d4,"Mysterious chests are scattered across Idyll. They may be luggage lost by travelers, supplies left behind by Pathfinders, or treasures sealed away by an ancient civilization... All await discovery and opening."
421244236,3aeb028aeea526312ba961c09fb7c85791d14a5fad1e5f34f6a0c5ea05e5c4d4,"Mysterious chests are scattered across Idyll. They may be luggage lost by travelers, supplies left behind by Pathfinders, or treasures sealed away by an ancient civilization... All await discovery and opening."
421361133,3aeb028aeea526312ba961c09fb7c85791d14a5fad1e5f34f6a0c5ea05e5c4d4,"Mysterious chests are scattered across Idyll. They may be luggage lost by travelers, supplies left behind by Pathfinders, or treasures sealed away by an ancient civilization... All await discovery and opening."
421424717,3aeb028aeea526312ba961c09fb7c85791d14a5fad1e5f34f6a0c5ea05e5c4d4,"Mysterious chests are scattered across Idyll. They may be luggage lost by travelers, supplies left behind by Pathfinders, or treasures sealed away by an ancient civilization... All await discovery and opening."
421464023,3aeb028aeea526312ba961c09fb7c85791d14a5fad1e5f34f6a0c5ea05e5c4d4,"Mysterious chests are scattered across Idyll. They may be luggage lost by travelers, supplies left behind by Pathfinders, or treasures sealed away by an ancient civilization... All await discovery and opening."
421479530,3aeb028aeea526312ba961c09fb7c85791d14a5fad1e5f34f6a0c5ea05e5c4d4,"Mysterious chests are scattered across Idyll. They may be luggage lost by travelers, supplies left behind by Pathfinders, or treasures sealed away by an ancient civilization... All await discovery and opening."
421517715,3aeb028aeea526312ba961c09fb7c85791d14a5fad1e5f34f6a0c5ea05e5c4d4,"Mysterious chests are scattered across Idyll. They may be luggage lost by travelers, supplies left behind by Pathfinders, or treasures sealed away by an ancient civilization... All await discovery and opening."
421979864,3aeb028aeea526312ba961c09fb7c85791d14a5fad1e5f34f6a0c5ea05e5c4d4,"Mysterious chests are scattered across Idyll. They may be luggage lost by travelers, supplies left behind by Pathfinders, or treasures sealed away by an ancient civilization... All await discovery and opening."
422057399,3aeb028aeea526312ba961c09fb7c85791d14a5fad1e5f34f6a0c5ea05e5c4d4,"Mysterious chests are scattered across Idyll. They may be luggage lost by travelers, supplies left behind by Pathfinders, or treasures sealed away by an ancient civilization... All await discovery and opening."
422639991,3aeb028aeea526312ba961c09fb7c85791d14a5fad1e5f34f6a0c5ea05e5c4d4,"Mysterious chests are scattered across Idyll. They may be luggage lost by travelers, supplies left behind by Pathfinders, or treasures sealed away by an ancient civilization... All await discovery and opening."
422689371,3aeb028aeea526312ba961c09fb7c85791d14a5fad1e5f34f6a0c5ea05e5c4d4,"Mysterious chests are scattered across Idyll. They may be luggage lost by travelers, supplies left behind by Pathfinders, or treasures sealed away by an ancient civilization... All await discovery and opening."
422801194,3aeb028aeea526312ba961c09fb7c85791d14a5fad1e5f34f6a0c5ea05e5c4d4,"Mysterious chests are scattered across Idyll. They may be luggage lost by travelers, supplies left behind by Pathfinders, or treasures sealed away by an ancient civilization... All await discovery and opening."
423000007,3aeb028aeea526312ba961c09fb7c85791d14a5fad1e5f34f6a0c5ea05e5c4d4,"Mysterious chests are scattered across Idyll. They may be luggage lost by travelers, supplies left behind by Pathfinders, or treasures sealed away by an ancient civilization... All await discovery and opening."
423255124,3aeb028aeea526312ba961c09fb7c85791d14a5fad1e5f34f6a0c5ea05e5c4d4,"Mysterious chests are scattered across Idyll. They may be luggage lost by travelers, supplies left behind by Pathfinders, or treasures sealed away by an ancient civilization... All await discovery and opening."
423276166,3aeb028aeea526312ba961c09fb7c85791d14a5fad1e5f34f6a0c5ea05e5c4d4,"Mysterious chests are scattered across Idyll. They may be luggage lost by travelers, supplies left behind by Pathfinders, or treasures sealed away by an ancient civilization... All await discovery and opening."
423350808,3aeb028aeea526312ba961c09fb7c85791d14a5fad1e5f34f6a0c5ea05e5c4d4,"Mysterious chests are scattered across Idyll. They may be luggage lost by travelers, supplies left behind by Pathfinders, or treasures sealed away by an ancient civilization... All await discovery and opening."
423492309,3aeb028aeea526312ba961c09fb7c85791d14a5fad1e5f34f6a0c5ea05e5c4d4,"Mysterious chests are scattered across Idyll. They may be luggage lost by travelers, supplies left behind by Pathfinders, or treasures sealed away by an ancient civilization... All await discovery and opening."
423756737,3aeb028aeea526312ba961c09fb7c85791d14a5fad1e5f34f6a0c5ea05e5c4d4,"Mysterious chests are scattered across Idyll. They may be luggage lost by travelers, supplies left behind by Pathfinders, or treasures sealed away by an ancient civilization... All await discovery and opening."
423816904,3aeb028aeea526312ba961c09fb7c85791d14a5fad1e5f34f6a0c5ea05e5c4d4,"Mysterious chests are scattered across Idyll. They may be luggage lost by travelers, supplies left behind by Pathfinders, or treasures sealed away by an ancient civilization... All await discovery and opening."
423888334,3aeb028aeea526312ba961c09fb7c85791d14a5fad1e5f34f6a0c5ea05e5c4d4,"Mysterious chests are scattered across Idyll. They may be luggage lost by travelers, supplies left behind by Pathfinders, or treasures sealed away by an ancient civilization... All await discovery and opening."
424101205,3aeb028aeea526312ba961c09fb7c85791d14a5fad1e5f34f6a0c5ea05e5c4d4,"Mysterious chests are scattered across Idyll. They may be luggage lost by travelers, supplies left behind by Pathfinders, or treasures sealed away by an ancient civilization... All await discovery and opening."
424275901,3aeb028aeea526312ba961c09fb7c85791d14a5fad1e5f34f6a0c5ea05e5c4d4,"Mysterious chests are scattered across Idyll. They may be luggage lost by travelers, supplies left behind by Pathfinders, or treasures sealed away by an ancient civilization... All await discovery and opening."
424499973,3aeb028aeea526312ba961c09fb7c85791d14a5fad1e5f34f6a0c5ea05e5c4d4,"Mysterious chests are scattered across Idyll. They may be luggage lost by travelers, supplies left behind by Pathfinders, or treasures sealed away by an ancient civilization... All await discovery and opening."
424533056,3aeb028aeea526312ba961c09fb7c85791d14a5fad1e5f34f6a0c5ea05e5c4d4,"Mysterious chests are scattered across Idyll. They may be luggage lost by travelers, supplies left behind by Pathfinders, or treasures sealed away by an ancient civilization... All await discovery and opening."
424746068,3aeb028aeea526312ba961c09fb7c85791d14a5fad1e5f34f6a0c5ea05e5c4d4,"Mysterious chests are scattered across Idyll. They may be luggage lost by travelers, supplies left behind by Pathfinders, or treasures sealed away by an ancient civilization... All await discovery and opening."
424774366,3aeb028aeea526312ba961c09fb7c85791d14a5fad1e5f34f6a0c5ea05e5c4d4,"Mysterious chests are scattered across Idyll. They may be luggage lost by travelers, supplies left behind by Pathfinders, or treasures sealed away by an ancient civilization... All await discovery and opening."
424839828,3aeb028aeea526312ba961c09fb7c85791d14a5fad1e5f34f6a0c5ea05e5c4d4,"Mysterious chests are scattered across Idyll. They may be luggage lost by travelers, supplies left behind by Pathfinders, or treasures sealed away by an ancient civilization... All await discovery and opening."
424851596,3aeb028aeea526312ba961c09fb7c85791d14a5fad1e5f34f6a0c5ea05e5c4d4,"Mysterious chests are scattered across Idyll. They may be luggage lost by travelers, supplies left behind by Pathfinders, or treasures sealed away by an ancient civilization... All await discovery and opening."
425154590,3aeb028aeea526312ba961c09fb7c85791d14a5fad1e5f34f6a0c5ea05e5c4d4,"Mysterious chests are scattered across Idyll. They may be luggage lost by travelers, supplies left behind by Pathfinders, or treasures sealed away by an ancient civilization... All await discovery and opening."
425296842,3aeb028aeea526312ba961c09fb7c85791d14a5fad1e5f34f6a0c5ea05e5c4d4,"Mysterious chests are scattered across Idyll. They may be luggage lost by travelers, supplies left behind by Pathfinders, or treasures sealed away by an ancient civilization... All await discovery and opening."
425630467,3aeb028aeea526312ba961c09fb7c85791d14a5fad1e5f34f6a0c5ea05e5c4d4,"Mysterious chests are scattered across Idyll. They may be luggage lost by travelers, supplies left behind by Pathfinders, or treasures sealed away by an ancient civilization... All await discovery and opening."
426320342,3aeb028aeea526312ba961c09fb7c85791d14a5fad1e5f34f6a0c5ea05e5c4d4,"Mysterious chests are scattered across Idyll. They may be luggage lost by travelers, supplies left behind by Pathfinders, or treasures sealed away by an ancient civilization... All await discovery and opening."
427066621,3aeb028aeea526312ba961c09fb7c85791d14a5fad1e5f34f6a0c5ea05e5c4d4,"Mysterious chests are scattered across Idyll. They may be luggage lost by travelers, supplies left behind by Pathfinders, or treasures sealed away by an ancient civilization... All await discovery and opening."
427109592,3aeb028aeea526312ba961c09fb7c85791d14a5fad1e5f34f6a0c5ea05e5c4d4,"Mysterious chests are scattered across Idyll. They may be luggage lost by travelers, supplies left behind by Pathfinders, or treasures sealed away by an ancient civilization... All await discovery and opening."
427405094,3aeb028aeea526312ba961c09fb7c85791d14a5fad1e5f34f6a0c5ea05e5c4d4,"Mysterious chests are scattered across Idyll. They may be luggage lost by travelers, supplies left behind by Pathfinders, or treasures sealed away by an ancient civilization... All await discovery and opening."
427612471,3aeb028aeea526312ba961c09fb7c85791d14a5fad1e5f34f6a0c5ea05e5c4d4,"Mysterious chests are scattered across Idyll. They may be luggage lost by travelers, supplies left behind by Pathfinders, or treasures sealed away by an ancient civilization... All await discovery and opening."
427707429,3aeb028aeea526312ba961c09fb7c85791d14a5fad1e5f34f6a0c5ea05e5c4d4,"Mysterious chests are scattered across Idyll. They may be luggage lost by travelers, supplies left behind by Pathfinders, or treasures sealed away by an ancient civilization... All await discovery and opening."
427749468,3aeb028aeea526312ba961c09fb7c85791d14a5fad1e5f34f6a0c5ea05e5c4d4,"Mysterious chests are scattered across Idyll. They may be luggage lost by travelers, supplies left behind by Pathfinders, or treasures sealed away by an ancient civilization... All await discovery and opening."
427772451,3aeb028aeea526312ba961c09fb7c85791d14a5fad1e5f34f6a0c5ea05e5c4d4,"Mysterious chests are scattered across Idyll. They may be luggage lost by travelers, supplies left behind by Pathfinders, or treasures sealed away by an ancient civilization... All await discovery and opening."
428270025,3aeb028aeea526312ba961c09fb7c85791d14a5fad1e5f34f6a0c5ea05e5c4d4,"Mysterious chests are scattered across Idyll. They may be luggage lost by travelers, supplies left behind by Pathfinders, or treasures sealed away by an ancient civilization... All await discovery and opening."
428473402,3aeb028aeea526312ba961c09fb7c85791d14a5fad1e5f34f6a0c5ea05e5c4d4,"Mysterious chests are scattered across Idyll. They may be luggage lost by travelers, supplies left behind by Pathfinders, or treasures sealed away by an ancient civilization... All await discovery and opening."
428477004,3aeb028aeea526312ba961c09fb7c85791d14a5fad1e5f34f6a0c5ea05e5c4d4,"Mysterious chests are scattered across Idyll. They may be luggage lost by travelers, supplies left behind by Pathfinders, or treasures sealed away by an ancient civilization... All await discovery and opening."
428543480,3aeb028aeea526312ba961c09fb7c85791d14a5fad1e5f34f6a0c5ea05e5c4d4,"Mysterious chests are scattered across Idyll. They may be luggage lost by travelers, supplies left behind by Pathfinders, or treasures sealed away by an ancient civilization... All await discovery and opening."
428776837,3aeb028aeea526312ba961c09fb7c85791d14a5fad1e5f34f6a0c5ea05e5c4d4,"Mysterious chests are scattered across Idyll. They may be luggage lost by travelers, supplies left behind by Pathfinders, or treasures sealed away by an ancient civilization... All await discovery and opening."
428800468,3aeb028aeea526312ba961c09fb7c85791d14a5fad1e5f34f6a0c5ea05e5c4d4,"Mysterious chests are scattered across Idyll. They may be luggage lost by travelers, supplies left behind by Pathfinders, or treasures sealed away by an ancient civilization... All await discovery and opening."
428919136,3aeb028aeea526312ba961c09fb7c85791d14a5fad1e5f34f6a0c5ea05e5c4d4,"Mysterious chests are scattered across Idyll. They may be luggage lost by travelers, supplies left behind by Pathfinders, or treasures sealed away by an ancient civilization... All await discovery and opening."
429022292,3aeb028aeea526312ba961c09fb7c85791d14a5fad1e5f34f6a0c5ea05e5c4d4,"Mysterious chests are scattered across Idyll. They may be luggage lost by travelers, supplies left behind by Pathfinders, or treasures sealed away by an ancient civilization... All await discovery and opening."
429066535,3aeb028aeea526312ba961c09fb7c85791d14a5fad1e5f34f6a0c5ea05e5c4d4,"Mysterious chests are scattered across Idyll. They may be luggage lost by travelers, supplies left behind by Pathfinders, or treasures sealed away by an ancient civilization... All await discovery and opening."
429917028,3aeb028aeea526312ba961c09fb7c85791d14a5fad1e5f34f6a0c5ea05e5c4d4,"Mysterious chests are scattered across Idyll. They may be luggage lost by travelers, supplies left behind by Pathfinders, or treasures sealed away by an ancient civilization... All await discovery and opening."
430094801,3aeb028aeea526312ba961c09fb7c85791d14a5fad1e5f34f6a0c5ea05e5c4d4,"Mysterious chests are scattered across Idyll. They may be luggage lost by travelers, supplies left behind by Pathfinders, or treasures sealed away by an ancient civilization... All await discovery and opening."
430121349,3aeb028aeea526312ba961c09fb7c85791d14a5fad1e5f34f6a0c5ea05e5c4d4,"Mysterious chests are scattered across Idyll. They may be luggage lost by travelers, supplies left behind by Pathfinders, or treasures sealed away by an ancient civilization... All await discovery and opening."
430299847,3aeb028aeea526312ba961c09fb7c85791d14a5fad1e5f34f6a0c5ea05e5c4d4,"Mysterious chests are scattered across Idyll. They may be luggage lost by travelers, supplies left behind by Pathfinders, or treasures sealed away by an ancient civilization... All await discovery and opening."
430366139,3aeb028aeea526312ba961c09fb7c85791d14a5fad1e5f34f6a0c5ea05e5c4d4,"Mysterious chests are scattered across Idyll. They may be luggage lost by travelers, supplies left behind by Pathfinders, or treasures sealed away by an ancient civilization... All await discovery and opening."
430579349,3aeb028aeea526312ba961c09fb7c85791d14a5fad1e5f34f6a0c5ea05e5c4d4,"Mysterious chests are scattered across Idyll. They may be luggage lost by travelers, supplies left behind by Pathfinders, or treasures sealed away by an ancient civilization... All await discovery and opening."
430664958,3aeb028aeea526312ba961c09fb7c85791d14a5fad1e5f34f6a0c5ea05e5c4d4,"Mysterious chests are scattered across Idyll. They may be luggage lost by travelers, supplies left behind by Pathfinders, or treasures sealed away by an ancient civilization... All await discovery and opening."
430795820,3aeb028aeea526312ba961c09fb7c85791d14a5fad1e5f34f6a0c5ea05e5c4d4,"Mysterious chests are scattered across Idyll. They may be luggage lost by travelers, supplies left behind by Pathfinders, or treasures sealed away by an ancient civilization... All await discovery and opening."
431231518,3aeb028aeea526312ba961c09fb7c85791d14a5fad1e5f34f6a0c5ea05e5c4d4,"Mysterious chests are scattered across Idyll. They may be luggage lost by travelers, supplies left behind by Pathfinders, or treasures sealed away by an ancient civilization... All await discovery and opening."
431497390,3aeb028aeea526312ba961c09fb7c85791d14a5fad1e5f34f6a0c5ea05e5c4d4,"Mysterious chests are scattered across Idyll. They may be luggage lost by travelers, supplies left behind by Pathfinders, or treasures sealed away by an ancient civilization... All await discovery and opening."
431499996,3aeb028aeea526312ba961c09fb7c85791d14a5fad1e5f34f6a0c5ea05e5c4d4,"Mysterious chests are scattered across Idyll. They may be luggage lost by travelers, supplies left behind by Pathfinders, or treasures sealed away by an ancient civilization... All await discovery and opening."
431529057,3aeb028aeea526312ba961c09fb7c85791d14a5fad1e5f34f6a0c5ea05e5c4d4,"Mysterious chests are scattered across Idyll. They may be luggage lost by travelers, supplies left behind by Pathfinders, or treasures sealed away by an ancient civilization... All await discovery and opening."
431658719,3aeb028aeea526312ba961c09fb7c85791d14a5fad1e5f34f6a0c5ea05e5c4d4,"Mysterious chests are scattered across Idyll. They may be luggage lost by travelers, supplies left behind by Pathfinders, or treasures sealed away by an ancient civilization... All await discovery and opening."
431696853,3aeb028aeea526312ba961c09fb7c85791d14a5fad1e5f34f6a0c5ea05e5c4d4,"Mysterious chests are scattered across Idyll. They may be luggage lost by travelers, supplies left behind by Pathfinders, or treasures sealed away by an ancient civilization... All await discovery and opening."
432376962,3aeb028aeea526312ba961c09fb7c85791d14a5fad1e5f34f6a0c5ea05e5c4d4,"Mysterious chests are scattered across Idyll. They may be luggage lost by travelers, supplies left behind by Pathfinders, or treasures sealed away by an ancient civilization... All await discovery and opening."
432551735,3aeb028aeea526312ba961c09fb7c85791d14a5fad1e5f34f6a0c5ea05e5c4d4,"Mysterious chests are scattered across Idyll. They may be luggage lost by travelers, supplies left behind by Pathfinders, or treasures sealed away by an ancient civilization... All await discovery and opening."
432697782,3aeb028aeea526312ba961c09fb7c85791d14a5fad1e5f34f6a0c5ea05e5c4d4,"Mysterious chests are scattered across Idyll. They may be luggage lost by travelers, supplies left behind by Pathfinders, or treasures sealed away by an ancient civilization... All await discovery and opening."
432747384,3aeb028aeea526312ba961c09fb7c85791d14a5fad1e5f34f6a0c5ea05e5c4d4,"Mysterious chests are scattered across Idyll. They may be luggage lost by travelers, supplies left behind by Pathfinders, or treasures sealed away by an ancient civilization... All await discovery and opening."
433141986,3aeb028aeea526312ba961c09fb7c85791d14a5fad1e5f34f6a0c5ea05e5c4d4,"Mysterious chests are scattered across Idyll. They may be luggage lost by travelers, supplies left behind by Pathfinders, or treasures sealed away by an ancient civilization... All await discovery and opening."
433350497,3aeb028aeea526312ba961c09fb7c85791d14a5fad1e5f34f6a0c5ea05e5c4d4,"Mysterious chests are scattered across Idyll. They may be luggage lost by travelers, supplies left behind by Pathfinders, or treasures sealed away by an ancient civilization... All await discovery and opening."
433460797,3aeb028aeea526312ba961c09fb7c85791d14a5fad1e5f34f6a0c5ea05e5c4d4,"Mysterious chests are scattered across Idyll. They may be luggage lost by travelers, supplies left behind by Pathfinders, or treasures sealed away by an ancient civilization... All await discovery and opening."
433838016,3aeb028aeea526312ba961c09fb7c85791d14a5fad1e5f34f6a0c5ea05e5c4d4,"Mysterious chests are scattered across Idyll. They may be luggage lost by travelers, supplies left behind by Pathfinders, or treasures sealed away by an ancient civilization... All await discovery and opening."
434266011,3aeb028aeea526312ba961c09fb7c85791d14a5fad1e5f34f6a0c5ea05e5c4d4,"Mysterious chests are scattered across Idyll. They may be luggage lost by travelers, supplies left behind by Pathfinders, or treasures sealed away by an ancient civilization... All await discovery and opening."
434853708,3aeb028aeea526312ba961c09fb7c85791d14a5fad1e5f34f6a0c5ea05e5c4d4,"Mysterious chests are scattered across Idyll. They may be luggage lost by travelers, supplies left behind by Pathfinders, or treasures sealed away by an ancient civilization... All await discovery and opening."
435350478,3aeb028aeea526312ba961c09fb7c85791d14a5fad1e5f34f6a0c5ea05e5c4d4,"Mysterious chests are scattered across Idyll. They may be luggage lost by travelers, supplies left behind by Pathfinders, or treasures sealed away by an ancient civilization... All await discovery and opening."
435531785,3aeb028aeea526312ba961c09fb7c85791d14a5fad1e5f34f6a0c5ea05e5c4d4,"Mysterious chests are scattered across Idyll. They may be luggage lost by travelers, supplies left behind by Pathfinders, or treasures sealed away by an ancient civilization... All await discovery and opening."
435639364,3aeb028aeea526312ba961c09fb7c85791d14a5fad1e5f34f6a0c5ea05e5c4d4,"Mysterious chests are scattered across Idyll. They may be luggage lost by travelers, supplies left behind by Pathfinders, or treasures sealed away by an ancient civilization... All await discovery and opening."
435823502,3aeb028aeea526312ba961c09fb7c85791d14a5fad1e5f34f6a0c5ea05e5c4d4,"Mysterious chests are scattered across Idyll. They may be luggage lost by travelers, supplies left behind by Pathfinders, or treasures sealed away by an ancient civilization... All await discovery and opening."
435883765,3aeb028aeea526312ba961c09fb7c85791d14a5fad1e5f34f6a0c5ea05e5c4d4,"Mysterious chests are scattered across Idyll. They may be luggage lost by travelers, supplies left behind by Pathfinders, or treasures sealed away by an ancient civilization... All await discovery and opening."
435921264,3aeb028aeea526312ba961c09fb7c85791d14a5fad1e5f34f6a0c5ea05e5c4d4,"Mysterious chests are scattered across Idyll. They may be luggage lost by travelers, supplies left behind by Pathfinders, or treasures sealed away by an ancient civilization... All await discovery and opening."
435966616,3aeb028aeea526312ba961c09fb7c85791d14a5fad1e5f34f6a0c5ea05e5c4d4,"Mysterious chests are scattered across Idyll. They may be luggage lost by travelers, supplies left behind by Pathfinders, or treasures sealed away by an ancient civilization... All await discovery and opening."
436047081,3aeb028aeea526312ba961c09fb7c85791d14a5fad1e5f34f6a0c5ea05e5c4d4,"Mysterious chests are scattered across Idyll. They may be luggage lost by travelers, supplies left behind by Pathfinders, or treasures sealed away by an ancient civilization... All await discovery and opening."
436268151,3aeb028aeea526312ba961c09fb7c85791d14a5fad1e5f34f6a0c5ea05e5c4d4,"Mysterious chests are scattered across Idyll. They may be luggage lost by travelers, supplies left behind by Pathfinders, or treasures sealed away by an ancient civilization... All await discovery and opening."
436547858,3aeb028aeea526312ba961c09fb7c85791d14a5fad1e5f34f6a0c5ea05e5c4d4,"Mysterious chests are scattered across Idyll. They may be luggage lost by travelers, supplies left behind by Pathfinders, or treasures sealed away by an ancient civilization... All await discovery and opening."
437200863,3aeb028aeea526312ba961c09fb7c85791d14a5fad1e5f34f6a0c5ea05e5c4d4,"Mysterious chests are scattered across Idyll. They may be luggage lost by travelers, supplies left behind by Pathfinders, or treasures sealed away by an ancient civilization... All await discovery and opening."
437464477,3aeb028aeea526312ba961c09fb7c85791d14a5fad1e5f34f6a0c5ea05e5c4d4,"Mysterious chests are scattered across Idyll. They may be luggage lost by travelers, supplies left behind by Pathfinders, or treasures sealed away by an ancient civilization... All await discovery and opening."
438828366,3aeb028aeea526312ba961c09fb7c85791d14a5fad1e5f34f6a0c5ea05e5c4d4,"Mysterious chests are scattered across Idyll. They may be luggage lost by travelers, supplies left behind by Pathfinders, or treasures sealed away by an ancient civilization... All await discovery and opening."
438890901,3aeb028aeea526312ba961c09fb7c85791d14a5fad1e5f34f6a0c5ea05e5c4d4,"Mysterious chests are scattered across Idyll. They may be luggage lost by travelers, supplies left behind by Pathfinders, or treasures sealed away by an ancient civilization... All await discovery and opening."
438983876,3aeb028aeea526312ba961c09fb7c85791d14a5fad1e5f34f6a0c5ea05e5c4d4,"Mysterious chests are scattered across Idyll. They may be luggage lost by travelers, supplies left behind by Pathfinders, or treasures sealed away by an ancient civilization... All await discovery and opening."
439037366,3aeb028aeea526312ba961c09fb7c85791d14a5fad1e5f34f6a0c5ea05e5c4d4,"Mysterious chests are scattered across Idyll. They may be luggage lost by travelers, supplies left behind by Pathfinders, or treasures sealed away by an ancient civilization... All await discovery and opening."
439097777,3aeb028aeea526312ba961c09fb7c85791d14a5fad1e5f34f6a0c5ea05e5c4d4,"Mysterious chests are scattered across Idyll. They may be luggage lost by travelers, supplies left behind by Pathfinders, or treasures sealed away by an ancient civilization... All await discovery and opening."
439292566,3aeb028aeea526312ba961c09fb7c85791d14a5fad1e5f34f6a0c5ea05e5c4d4,"Mysterious chests are scattered across Idyll. They may be luggage lost by travelers, supplies left behind by Pathfinders, or treasures sealed away by an ancient civilization... All await discovery and opening."
439447108,3aeb028aeea526312ba961c09fb7c85791d14a5fad1e5f34f6a0c5ea05e5c4d4,"Mysterious chests are scattered across Idyll. They may be luggage lost by travelers, supplies left behind by Pathfinders, or treasures sealed away by an ancient civilization... All await discovery and opening."
439517310,3aeb028aeea526312ba961c09fb7c85791d14a5fad1e5f34f6a0c5ea05e5c4d4,"Mysterious chests are scattered across Idyll. They may be luggage lost by travelers, supplies left behind by Pathfinders, or treasures sealed away by an ancient civilization... All await discovery and opening."
439627427,3aeb028aeea526312ba961c09fb7c85791d14a5fad1e5f34f6a0c5ea05e5c4d4,"Mysterious chests are scattered across Idyll. They may be luggage lost by travelers, supplies left behind by Pathfinders, or treasures sealed away by an ancient civilization... All await discovery and opening."
439815760,3aeb028aeea526312ba961c09fb7c85791d14a5fad1e5f34f6a0c5ea05e5c4d4,"Mysterious chests are scattered across Idyll. They may be luggage lost by travelers, supplies left behind by Pathfinders, or treasures sealed away by an ancient civilization... All await discovery and opening."
439867135,3aeb028aeea526312ba961c09fb7c85791d14a5fad1e5f34f6a0c5ea05e5c4d4,"Mysterious chests are scattered across Idyll. They may be luggage lost by travelers, supplies left behind by Pathfinders, or treasures sealed away by an ancient civilization... All await discovery and opening."
439868078,3aeb028aeea526312ba961c09fb7c85791d14a5fad1e5f34f6a0c5ea05e5c4d4,"Mysterious chests are scattered across Idyll. They may be luggage lost by travelers, supplies left behind by Pathfinders, or treasures sealed away by an ancient civilization... All await discovery and opening."
440172945,3aeb028aeea526312ba961c09fb7c85791d14a5fad1e5f34f6a0c5ea05e5c4d4,"Mysterious chests are scattered across Idyll. They may be luggage lost by travelers, supplies left behind by Pathfinders, or treasures sealed away by an ancient civilization... All await discovery and opening."
440404350,3aeb028aeea526312ba961c09fb7c85791d14a5fad1e5f34f6a0c5ea05e5c4d4,"Mysterious chests are scattered across Idyll. They may be luggage lost by travelers, supplies left behind by Pathfinders, or treasures sealed away by an ancient civilization... All await discovery and opening."
440404647,3aeb028aeea526312ba961c09fb7c85791d14a5fad1e5f34f6a0c5ea05e5c4d4,"Mysterious chests are scattered across Idyll. They may be luggage lost by travelers, supplies left behind by Pathfinders, or treasures sealed away by an ancient civilization... All await discovery and opening."
440431510,3aeb028aeea526312ba961c09fb7c85791d14a5fad1e5f34f6a0c5ea05e5c4d4,"Mysterious chests are scattered across Idyll. They may be luggage lost by travelers, supplies left behind by Pathfinders, or treasures sealed away by an ancient civilization... All await discovery and opening."
440461700,3aeb028aeea526312ba961c09fb7c85791d14a5fad1e5f34f6a0c5ea05e5c4d4,"Mysterious chests are scattered across Idyll. They may be luggage lost by travelers, supplies left behind by Pathfinders, or treasures sealed away by an ancient civilization... All await discovery and opening."
440545794,3aeb028aeea526312ba961c09fb7c85791d14a5fad1e5f34f6a0c5ea05e5c4d4,"Mysterious chests are scattered across Idyll. They may be luggage lost by travelers, supplies left behind by Pathfinders, or treasures sealed away by an ancient civilization... All await discovery and opening."
440605985,3aeb028aeea526312ba961c09fb7c85791d14a5fad1e5f34f6a0c5ea05e5c4d4,"Mysterious chests are scattered across Idyll. They may be luggage lost by travelers, supplies left behind by Pathfinders, or treasures sealed away by an ancient civilization... All await discovery and opening."
440616611,3aeb028aeea526312ba961c09fb7c85791d14a5fad1e5f34f6a0c5ea05e5c4d4,"Mysterious chests are scattered across Idyll. They may be luggage lost by travelers, supplies left behind by Pathfinders, or treasures sealed away by an ancient civilization... All await discovery and opening."
440627257,3aeb028aeea526312ba961c09fb7c85791d14a5fad1e5f34f6a0c5ea05e5c4d4,"Mysterious chests are scattered across Idyll. They may be luggage lost by travelers, supplies left behind by Pathfinders, or treasures sealed away by an ancient civilization... All await discovery and opening."
440630081,3aeb028aeea526312ba961c09fb7c85791d14a5fad1e5f34f6a0c5ea05e5c4d4,"Mysterious chests are scattered across Idyll. They may be luggage lost by travelers, supplies left behind by Pathfinders, or treasures sealed away by an ancient civilization... All await discovery and opening."
440740030,3aeb028aeea526312ba961c09fb7c85791d14a5fad1e5f34f6a0c5ea05e5c4d4,"Mysterious chests are scattered across Idyll. They may be luggage lost by travelers, supplies left behind by Pathfinders, or treasures sealed away by an ancient civilization... All await discovery and opening."
440837987,3aeb028aeea526312ba961c09fb7c85791d14a5fad1e5f34f6a0c5ea05e5c4d4,"Mysterious chests are scattered across Idyll. They may be luggage lost by travelers, supplies left behind by Pathfinders, or treasures sealed away by an ancient civilization... All await discovery and opening."
440844750,3aeb028aeea526312ba961c09fb7c85791d14a5fad1e5f34f6a0c5ea05e5c4d4,"Mysterious chests are scattered across Idyll. They may be luggage lost by travelers, supplies left behind by Pathfinders, or treasures sealed away by an ancient civilization... All await discovery and opening."
441032189,3aeb028aeea526312ba961c09fb7c85791d14a5fad1e5f34f6a0c5ea05e5c4d4,"Mysterious chests are scattered across Idyll. They may be luggage lost by travelers, supplies left behind by Pathfinders, or treasures sealed away by an ancient civilization... All await discovery and opening."
441046413,3aeb028aeea526312ba961c09fb7c85791d14a5fad1e5f34f6a0c5ea05e5c4d4,"Mysterious chests are scattered across Idyll. They may be luggage lost by travelers, supplies left behind by Pathfinders, or treasures sealed away by an ancient civilization... All await discovery and opening."
441083759,3aeb028aeea526312ba961c09fb7c85791d14a5fad1e5f34f6a0c5ea05e5c4d4,"Mysterious chests are scattered across Idyll. They may be luggage lost by travelers, supplies left behind by Pathfinders, or treasures sealed away by an ancient civilization... All await discovery and opening."
441222595,3aeb028aeea526312ba961c09fb7c85791d14a5fad1e5f34f6a0c5ea05e5c4d4,"Mysterious chests are scattered across Idyll. They may be luggage lost by travelers, supplies left behind by Pathfinders, or treasures sealed away by an ancient civilization... All await discovery and opening."
441440069,3aeb028aeea526312ba961c09fb7c85791d14a5fad1e5f34f6a0c5ea05e5c4d4,"Mysterious chests are scattered across Idyll. They may be luggage lost by travelers, supplies left behind by Pathfinders, or treasures sealed away by an ancient civilization... All await discovery and opening."
441758535,3aeb028aeea526312ba961c09fb7c85791d14a5fad1e5f34f6a0c5ea05e5c4d4,"Mysterious chests are scattered across Idyll. They may be luggage lost by travelers, supplies left behind by Pathfinders, or treasures sealed away by an ancient civilization... All await discovery and opening."
442196565,3aeb028aeea526312ba961c09fb7c85791d14a5fad1e5f34f6a0c5ea05e5c4d4,"Mysterious chests are scattered across Idyll. They may be luggage lost by travelers, supplies left behind by Pathfinders, or treasures sealed away by an ancient civilization... All await discovery and opening."
442214517,3aeb028aeea526312ba961c09fb7c85791d14a5fad1e5f34f6a0c5ea05e5c4d4,"Mysterious chests are scattered across Idyll. They may be luggage lost by travelers, supplies left behind by Pathfinders, or treasures sealed away by an ancient civilization... All await discovery and opening."
442235381,3aeb028aeea526312ba961c09fb7c85791d14a5fad1e5f34f6a0c5ea05e5c4d4,"Mysterious chests are scattered across Idyll. They may be luggage lost by travelers, supplies left behind by Pathfinders, or treasures sealed away by an ancient civilization... All await discovery and opening."
442361297,3aeb028aeea526312ba961c09fb7c85791d14a5fad1e5f34f6a0c5ea05e5c4d4,"Mysterious chests are scattered across Idyll. They may be luggage lost by travelers, supplies left behind by Pathfinders, or treasures sealed away by an ancient civilization... All await discovery and opening."
442366694,3aeb028aeea526312ba961c09fb7c85791d14a5fad1e5f34f6a0c5ea05e5c4d4,"Mysterious chests are scattered across Idyll. They may be luggage lost by travelers, supplies left behind by Pathfinders, or treasures sealed away by an ancient civilization... All await discovery and opening."
442690787,3aeb028aeea526312ba961c09fb7c85791d14a5fad1e5f34f6a0c5ea05e5c4d4,"Mysterious chests are scattered across Idyll. They may be luggage lost by travelers, supplies left behind by Pathfinders, or treasures sealed away by an ancient civilization... All await discovery and opening."
442852833,3aeb028aeea526312ba961c09fb7c85791d14a5fad1e5f34f6a0c5ea05e5c4d4,"Mysterious chests are scattered across Idyll. They may be luggage lost by travelers, supplies left behind by Pathfinders, or treasures sealed away by an ancient civilization... All await discovery and opening."
442868239,3aeb028aeea526312ba961c09fb7c85791d14a5fad1e5f34f6a0c5ea05e5c4d4,"Mysterious chests are scattered across Idyll. They may be luggage lost by travelers, supplies left behind by Pathfinders, or treasures sealed away by an ancient civilization... All await discovery and opening."
443109192,3aeb028aeea526312ba961c09fb7c85791d14a5fad1e5f34f6a0c5ea05e5c4d4,"Mysterious chests are scattered across Idyll. They may be luggage lost by travelers, supplies left behind by Pathfinders, or treasures sealed away by an ancient civilization... All await discovery and opening."
443196092,3aeb028aeea526312ba961c09fb7c85791d14a5fad1e5f34f6a0c5ea05e5c4d4,"Mysterious chests are scattered across Idyll. They may be luggage lost by travelers, supplies left behind by Pathfinders, or treasures sealed away by an ancient civilization... All await discovery and opening."
443320224,3aeb028aeea526312ba961c09fb7c85791d14a5fad1e5f34f6a0c5ea05e5c4d4,"Mysterious chests are scattered across Idyll. They may be luggage lost by travelers, supplies left behind by Pathfinders, or treasures sealed away by an ancient civilization... All await discovery and opening."
443494906,3aeb028aeea526312ba961c09fb7c85791d14a5fad1e5f34f6a0c5ea05e5c4d4,"Mysterious chests are scattered across Idyll. They may be luggage lost by travelers, supplies left behind by Pathfinders, or treasures sealed away by an ancient civilization... All await discovery and opening."
443506666,3aeb028aeea526312ba961c09fb7c85791d14a5fad1e5f34f6a0c5ea05e5c4d4,"Mysterious chests are scattered across Idyll. They may be luggage lost by travelers, supplies left behind by Pathfinders, or treasures sealed away by an ancient civilization... All await discovery and opening."
443622212,3aeb028aeea526312ba961c09fb7c85791d14a5fad1e5f34f6a0c5ea05e5c4d4,"Mysterious chests are scattered across Idyll. They may be luggage lost by travelers, supplies left behind by Pathfinders, or treasures sealed away by an ancient civilization... All await discovery and opening."
443742970,3aeb028aeea526312ba961c09fb7c85791d14a5fad1e5f34f6a0c5ea05e5c4d4,"Mysterious chests are scattered across Idyll. They may be luggage lost by travelers, supplies left behind by Pathfinders, or treasures sealed away by an ancient civilization... All await discovery and opening."
443935229,3aeb028aeea526312ba961c09fb7c85791d14a5fad1e5f34f6a0c5ea05e5c4d4,"Mysterious chests are scattered across Idyll. They may be luggage lost by travelers, supplies left behind by Pathfinders, or treasures sealed away by an ancient civilization... All await discovery and opening."
444269416,3aeb028aeea526312ba961c09fb7c85791d14a5fad1e5f34f6a0c5ea05e5c4d4,"Mysterious chests are scattered across Idyll. They may be luggage lost by travelers, supplies left behind by Pathfinders, or treasures sealed away by an ancient civilization... All await discovery and opening."
444493923,3aeb028aeea526312ba961c09fb7c85791d14a5fad1e5f34f6a0c5ea05e5c4d4,"Mysterious chests are scattered across Idyll. They may be luggage lost by travelers, supplies left behind by Pathfinders, or treasures sealed away by an ancient civilization... All await discovery and opening."
444608590,3aeb028aeea526312ba961c09fb7c85791d14a5fad1e5f34f6a0c5ea05e5c4d4,"Mysterious chests are scattered across Idyll. They may be luggage lost by travelers, supplies left behind by Pathfinders, or treasures sealed away by an ancient civilization... All await discovery and opening."
444906361,3aeb028aeea526312ba961c09fb7c85791d14a5fad1e5f34f6a0c5ea05e5c4d4,"Mysterious chests are scattered across Idyll. They may be luggage lost by travelers, supplies left behind by Pathfinders, or treasures sealed away by an ancient civilization... All await discovery and opening."
444923663,3aeb028aeea526312ba961c09fb7c85791d14a5fad1e5f34f6a0c5ea05e5c4d4,"Mysterious chests are scattered across Idyll. They may be luggage lost by travelers, supplies left behind by Pathfinders, or treasures sealed away by an ancient civilization... All await discovery and opening."
444925127,3aeb028aeea526312ba961c09fb7c85791d14a5fad1e5f34f6a0c5ea05e5c4d4,"Mysterious chests are scattered across Idyll. They may be luggage lost by travelers, supplies left behind by Pathfinders, or treasures sealed away by an ancient civilization... All await discovery and opening."
445333560,3aeb028aeea526312ba961c09fb7c85791d14a5fad1e5f34f6a0c5ea05e5c4d4,"Mysterious chests are scattered across Idyll. They may be luggage lost by travelers, supplies left behind by Pathfinders, or treasures sealed away by an ancient civilization... All await discovery and opening."
445788584,3aeb028aeea526312ba961c09fb7c85791d14a5fad1e5f34f6a0c5ea05e5c4d4,"Mysterious chests are scattered across Idyll. They may be luggage lost by travelers, supplies left behind by Pathfinders, or treasures sealed away by an ancient civilization... All await discovery and opening."
445879768,3aeb028aeea526312ba961c09fb7c85791d14a5fad1e5f34f6a0c5ea05e5c4d4,"Mysterious chests are scattered across Idyll. They may be luggage lost by travelers, supplies left behind by Pathfinders, or treasures sealed away by an ancient civilization... All await discovery and opening."
446157060,3aeb028aeea526312ba961c09fb7c85791d14a5fad1e5f34f6a0c5ea05e5c4d4,"Mysterious chests are scattered across Idyll. They may be luggage lost by travelers, supplies left behind by Pathfinders, or treasures sealed away by an ancient civilization... All await discovery and opening."
446280354,3aeb028aeea526312ba961c09fb7c85791d14a5fad1e5f34f6a0c5ea05e5c4d4,"Mysterious chests are scattered across Idyll. They may be luggage lost by travelers, supplies left behind by Pathfinders, or treasures sealed away by an ancient civilization... All await discovery and opening."
446309400,3aeb028aeea526312ba961c09fb7c85791d14a5fad1e5f34f6a0c5ea05e5c4d4,"Mysterious chests are scattered across Idyll. They may be luggage lost by travelers, supplies left behind by Pathfinders, or treasures sealed away by an ancient civilization... All await discovery and opening."
446376453,3aeb028aeea526312ba961c09fb7c85791d14a5fad1e5f34f6a0c5ea05e5c4d4,"Mysterious chests are scattered across Idyll. They may be luggage lost by travelers, supplies left behind by Pathfinders, or treasures sealed away by an ancient civilization... All await discovery and opening."
446479870,3aeb028aeea526312ba961c09fb7c85791d14a5fad1e5f34f6a0c5ea05e5c4d4,"Mysterious chests are scattered across Idyll. They may be luggage lost by travelers, supplies left behind by Pathfinders, or treasures sealed away by an ancient civilization... All await discovery and opening."
446507701,3aeb028aeea526312ba961c09fb7c85791d14a5fad1e5f34f6a0c5ea05e5c4d4,"Mysterious chests are scattered across Idyll. They may be luggage lost by travelers, supplies left behind by Pathfinders, or treasures sealed away by an ancient civilization... All await discovery and opening."
446843587,3aeb028aeea526312ba961c09fb7c85791d14a5fad1e5f34f6a0c5ea05e5c4d4,"Mysterious chests are scattered across Idyll. They may be luggage lost by travelers, supplies left behind by Pathfinders, or treasures sealed away by an ancient civilization... All await discovery and opening."
447042509,3aeb028aeea526312ba961c09fb7c85791d14a5fad1e5f34f6a0c5ea05e5c4d4,"Mysterious chests are scattered across Idyll. They may be luggage lost by travelers, supplies left behind by Pathfinders, or treasures sealed away by an ancient civilization... All await discovery and opening."
447317900,3aeb028aeea526312ba961c09fb7c85791d14a5fad1e5f34f6a0c5ea05e5c4d4,"Mysterious chests are scattered across Idyll. They may be luggage lost by travelers, supplies left behind by Pathfinders, or treasures sealed away by an ancient civilization... All await discovery and opening."
447730557,3aeb028aeea526312ba961c09fb7c85791d14a5fad1e5f34f6a0c5ea05e5c4d4,"Mysterious chests are scattered across Idyll. They may be luggage lost by travelers, supplies left behind by Pathfinders, or treasures sealed away by an ancient civilization... All await discovery and opening."
447766605,3aeb028aeea526312ba961c09fb7c85791d14a5fad1e5f34f6a0c5ea05e5c4d4,"Mysterious chests are scattered across Idyll. They may be luggage lost by travelers, supplies left behind by Pathfinders, or treasures sealed away by an ancient civilization... All await discovery and opening."
448063264,3aeb028aeea526312ba961c09fb7c85791d14a5fad1e5f34f6a0c5ea05e5c4d4,"Mysterious chests are scattered across Idyll. They may be luggage lost by travelers, supplies left behind by Pathfinders, or treasures sealed away by an ancient civilization... All await discovery and opening."
448763614,3aeb028aeea526312ba961c09fb7c85791d14a5fad1e5f34f6a0c5ea05e5c4d4,"Mysterious chests are scattered across Idyll. They may be luggage lost by travelers, supplies left behind by Pathfinders, or treasures sealed away by an ancient civilization... All await discovery and opening."
448852622,3aeb028aeea526312ba961c09fb7c85791d14a5fad1e5f34f6a0c5ea05e5c4d4,"Mysterious chests are scattered across Idyll. They may be luggage lost by travelers, supplies left behind by Pathfinders, or treasures sealed away by an ancient civilization... All await discovery and opening."
448972195,3aeb028aeea526312ba961c09fb7c85791d14a5fad1e5f34f6a0c5ea05e5c4d4,"Mysterious chests are scattered across Idyll. They may be luggage lost by travelers, supplies left behind by Pathfinders, or treasures sealed away by an ancient civilization... All await discovery and opening."
449028792,3aeb028aeea526312ba961c09fb7c85791d14a5fad1e5f34f6a0c5ea05e5c4d4,"Mysterious chests are scattered across Idyll. They may be luggage lost by travelers, supplies left behind by Pathfinders, or treasures sealed away by an ancient civilization... All await discovery and opening."
449354502,3aeb028aeea526312ba961c09fb7c85791d14a5fad1e5f34f6a0c5ea05e5c4d4,"Mysterious chests are scattered across Idyll. They may be luggage lost by travelers, supplies left behind by Pathfinders, or treasures sealed away by an ancient civilization... All await discovery and opening."
449545379,3aeb028aeea526312ba961c09fb7c85791d14a5fad1e5f34f6a0c5ea05e5c4d4,"Mysterious chests are scattered across Idyll. They may be luggage lost by travelers, supplies left behind by Pathfinders, or treasures sealed away by an ancient civilization... All await discovery and opening."
449704724,3aeb028aeea526312ba961c09fb7c85791d14a5fad1e5f34f6a0c5ea05e5c4d4,"Mysterious chests are scattered across Idyll. They may be luggage lost by travelers, supplies left behind by Pathfinders, or treasures sealed away by an ancient civilization... All await discovery and opening."
449751577,3aeb028aeea526312ba961c09fb7c85791d14a5fad1e5f34f6a0c5ea05e5c4d4,"Mysterious chests are scattered across Idyll. They may be luggage lost by travelers, supplies left behind by Pathfinders, or treasures sealed away by an ancient civilization... All await discovery and opening."
449824258,3aeb028aeea526312ba961c09fb7c85791d14a5fad1e5f34f6a0c5ea05e5c4d4,"Mysterious chests are scattered across Idyll. They may be luggage lost by travelers, supplies left behind by Pathfinders, or treasures sealed away by an ancient civilization... All await discovery and opening."
450045807,3aeb028aeea526312ba961c09fb7c85791d14a5fad1e5f34f6a0c5ea05e5c4d4,"Mysterious chests are scattered across Idyll. They may be luggage lost by travelers, supplies left behind by Pathfinders, or treasures sealed away by an ancient civilization... All await discovery and opening."
450594588,3aeb028aeea526312ba961c09fb7c85791d14a5fad1e5f34f6a0c5ea05e5c4d4,"Mysterious chests are scattered across Idyll. They may be luggage lost by travelers, supplies left behind by Pathfinders, or treasures sealed away by an ancient civilization... All await discovery and opening."
450747010,3aeb028aeea526312ba961c09fb7c85791d14a5fad1e5f34f6a0c5ea05e5c4d4,"Mysterious chests are scattered across Idyll. They may be luggage lost by travelers, supplies left behind by Pathfinders, or treasures sealed away by an ancient civilization... All await discovery and opening."
450764097,3aeb028aeea526312ba961c09fb7c85791d14a5fad1e5f34f6a0c5ea05e5c4d4,"Mysterious chests are scattered across Idyll. They may be luggage lost by travelers, supplies left behind by Pathfinders, or treasures sealed away by an ancient civilization... All await discovery and opening."
450978641,3aeb028aeea526312ba961c09fb7c85791d14a5fad1e5f34f6a0c5ea05e5c4d4,"Mysterious chests are scattered across Idyll. They may be luggage lost by travelers, supplies left behind by Pathfinders, or treasures sealed away by an ancient civilization... All await discovery and opening."
451090173,3aeb028aeea526312ba961c09fb7c85791d14a5fad1e5f34f6a0c5ea05e5c4d4,"Mysterious chests are scattered across Idyll. They may be luggage lost by travelers, supplies left behind by Pathfinders, or treasures sealed away by an ancient civilization... All await discovery and opening."
451104746,3aeb028aeea526312ba961c09fb7c85791d14a5fad1e5f34f6a0c5ea05e5c4d4,"Mysterious chests are scattered across Idyll. They may be luggage lost by travelers, supplies left behind by Pathfinders, or treasures sealed away by an ancient civilization... All await discovery and opening."
451140880,3aeb028aeea526312ba961c09fb7c85791d14a5fad1e5f34f6a0c5ea05e5c4d4,"Mysterious chests are scattered across Idyll. They may be luggage lost by travelers, supplies left behind by Pathfinders, or treasures sealed away by an ancient civilization... All await discovery and opening."
451176534,3aeb028aeea526312ba961c09fb7c85791d14a5fad1e5f34f6a0c5ea05e5c4d4,"Mysterious chests are scattered across Idyll. They may be luggage lost by travelers, supplies left behind by Pathfinders, or treasures sealed away by an ancient civilization... All await discovery and opening."
451302785,3aeb028aeea526312ba961c09fb7c85791d14a5fad1e5f34f6a0c5ea05e5c4d4,"Mysterious chests are scattered across Idyll. They may be luggage lost by travelers, supplies left behind by Pathfinders, or treasures sealed away by an ancient civilization... All await discovery and opening."
451521160,3aeb028aeea526312ba961c09fb7c85791d14a5fad1e5f34f6a0c5ea05e5c4d4,"Mysterious chests are scattered across Idyll. They may be luggage lost by travelers, supplies left behind by Pathfinders, or treasures sealed away by an ancient civilization... All await discovery and opening."
451587195,3aeb028aeea526312ba961c09fb7c85791d14a5fad1e5f34f6a0c5ea05e5c4d4,"Mysterious chests are scattered across Idyll. They may be luggage lost by travelers, supplies left behind by Pathfinders, or treasures sealed away by an ancient civilization... All await discovery and opening."
451913732,3aeb028aeea526312ba961c09fb7c85791d14a5fad1e5f34f6a0c5ea05e5c4d4,"Mysterious chests are scattered across Idyll. They may be luggage lost by travelers, supplies left behind by Pathfinders, or treasures sealed away by an ancient civilization... All await discovery and opening."
452222145,3aeb028aeea526312ba961c09fb7c85791d14a5fad1e5f34f6a0c5ea05e5c4d4,"Mysterious chests are scattered across Idyll. They may be luggage lost by travelers, supplies left behind by Pathfinders, or treasures sealed away by an ancient civilization... All await discovery and opening."
452293879,3aeb028aeea526312ba961c09fb7c85791d14a5fad1e5f34f6a0c5ea05e5c4d4,"Mysterious chests are scattered across Idyll. They may be luggage lost by travelers, supplies left behind by Pathfinders, or treasures sealed away by an ancient civilization... All await discovery and opening."
452520146,3aeb028aeea526312ba961c09fb7c85791d14a5fad1e5f34f6a0c5ea05e5c4d4,"Mysterious chests are scattered across Idyll. They may be luggage lost by travelers, supplies left behind by Pathfinders, or treasures sealed away by an ancient civilization... All await discovery and opening."
452595716,3aeb028aeea526312ba961c09fb7c85791d14a5fad1e5f34f6a0c5ea05e5c4d4,"Mysterious chests are scattered across Idyll. They may be luggage lost by travelers, supplies left behind by Pathfinders, or treasures sealed away by an ancient civilization... All await discovery and opening."
452817335,3aeb028aeea526312ba961c09fb7c85791d14a5fad1e5f34f6a0c5ea05e5c4d4,"Mysterious chests are scattered across Idyll. They may be luggage lost by travelers, supplies left behind by Pathfinders, or treasures sealed away by an ancient civilization... All await discovery and opening."
452911943,3aeb028aeea526312ba961c09fb7c85791d14a5fad1e5f34f6a0c5ea05e5c4d4,"Mysterious chests are scattered across Idyll. They may be luggage lost by travelers, supplies left behind by Pathfinders, or treasures sealed away by an ancient civilization... All await discovery and opening."
453002270,3aeb028aeea526312ba961c09fb7c85791d14a5fad1e5f34f6a0c5ea05e5c4d4,"Mysterious chests are scattered across Idyll. They may be luggage lost by travelers, supplies left behind by Pathfinders, or treasures sealed away by an ancient civilization... All await discovery and opening."
453157465,3aeb028aeea526312ba961c09fb7c85791d14a5fad1e5f34f6a0c5ea05e5c4d4,"Mysterious chests are scattered across Idyll. They may be luggage lost by travelers, supplies left behind by Pathfinders, or treasures sealed away by an ancient civilization... All await discovery and opening."
453455220,3aeb028aeea526312ba961c09fb7c85791d14a5fad1e5f34f6a0c5ea05e5c4d4,"Mysterious chests are scattered across Idyll. They may be luggage lost by travelers, supplies left behind by Pathfinders, or treasures sealed away by an ancient civilization... All await discovery and opening."
453946001,3aeb028aeea526312ba961c09fb7c85791d14a5fad1e5f34f6a0c5ea05e5c4d4,"Mysterious chests are scattered across Idyll. They may be luggage lost by travelers, supplies left behind by Pathfinders, or treasures sealed away by an ancient civilization... All await discovery and opening."
454130441,3aeb028aeea526312ba961c09fb7c85791d14a5fad1e5f34f6a0c5ea05e5c4d4,"Mysterious chests are scattered across Idyll. They may be luggage lost by travelers, supplies left behind by Pathfinders, or treasures sealed away by an ancient civilization... All await discovery and opening."
454350271,3aeb028aeea526312ba961c09fb7c85791d14a5fad1e5f34f6a0c5ea05e5c4d4,"Mysterious chests are scattered across Idyll. They may be luggage lost by travelers, supplies left behind by Pathfinders, or treasures sealed away by an ancient civilization... All await discovery and opening."
454533286,3aeb028aeea526312ba961c09fb7c85791d14a5fad1e5f34f6a0c5ea05e5c4d4,"Mysterious chests are scattered across Idyll. They may be luggage lost by travelers, supplies left behind by Pathfinders, or treasures sealed away by an ancient civilization... All await discovery and opening."
454571472,3aeb028aeea526312ba961c09fb7c85791d14a5fad1e5f34f6a0c5ea05e5c4d4,"Mysterious chests are scattered across Idyll. They may be luggage lost by travelers, supplies left behind by Pathfinders, or treasures sealed away by an ancient civilization... All await discovery and opening."
454932523,3aeb028aeea526312ba961c09fb7c85791d14a5fad1e5f34f6a0c5ea05e5c4d4,"Mysterious chests are scattered across Idyll. They may be luggage lost by travelers, supplies left behind by Pathfinders, or treasures sealed away by an ancient civilization... All await discovery and opening."
454949650,3aeb028aeea526312ba961c09fb7c85791d14a5fad1e5f34f6a0c5ea05e5c4d4,"Mysterious chests are scattered across Idyll. They may be luggage lost by travelers, supplies left behind by Pathfinders, or treasures sealed away by an ancient civilization... All await discovery and opening."
455241693,3aeb028aeea526312ba961c09fb7c85791d14a5fad1e5f34f6a0c5ea05e5c4d4,"Mysterious chests are scattered across Idyll. They may be luggage lost by travelers, supplies left behind by Pathfinders, or treasures sealed away by an ancient civilization... All await discovery and opening."
455468380,3aeb028aeea526312ba961c09fb7c85791d14a5fad1e5f34f6a0c5ea05e5c4d4,"Mysterious chests are scattered across Idyll. They may be luggage lost by travelers, supplies left behind by Pathfinders, or treasures sealed away by an ancient civilization... All await discovery and opening."
455686488,3aeb028aeea526312ba961c09fb7c85791d14a5fad1e5f34f6a0c5ea05e5c4d4,"Mysterious chests are scattered across Idyll. They may be luggage lost by travelers, supplies left behind by Pathfinders, or treasures sealed away by an ancient civilization... All await discovery and opening."
456392144,3aeb028aeea526312ba961c09fb7c85791d14a5fad1e5f34f6a0c5ea05e5c4d4,"Mysterious chests are scattered across Idyll. They may be luggage lost by travelers, supplies left behind by Pathfinders, or treasures sealed away by an ancient civilization... All await discovery and opening."
456401752,3aeb028aeea526312ba961c09fb7c85791d14a5fad1e5f34f6a0c5ea05e5c4d4,"Mysterious chests are scattered across Idyll. They may be luggage lost by travelers, supplies left behind by Pathfinders, or treasures sealed away by an ancient civilization... All await discovery and opening."
456871935,3aeb028aeea526312ba961c09fb7c85791d14a5fad1e5f34f6a0c5ea05e5c4d4,"Mysterious chests are scattered across Idyll. They may be luggage lost by travelers, supplies left behind by Pathfinders, or treasures sealed away by an ancient civilization... All await discovery and opening."
457274217,3aeb028aeea526312ba961c09fb7c85791d14a5fad1e5f34f6a0c5ea05e5c4d4,"Mysterious chests are scattered across Idyll. They may be luggage lost by travelers, supplies left behind by Pathfinders, or treasures sealed away by an ancient civilization... All await discovery and opening."
457358540,3aeb028aeea526312ba961c09fb7c85791d14a5fad1e5f34f6a0c5ea05e5c4d4,"Mysterious chests are scattered across Idyll. They may be luggage lost by travelers, supplies left behind by Pathfinders, or treasures sealed away by an ancient civilization... All await discovery and opening."
457570926,3aeb028aeea526312ba961c09fb7c85791d14a5fad1e5f34f6a0c5ea05e5c4d4,"Mysterious chests are scattered across Idyll. They may be luggage lost by travelers, supplies left behind by Pathfinders, or treasures sealed away by an ancient civilization... All await discovery and opening."
457846099,3aeb028aeea526312ba961c09fb7c85791d14a5fad1e5f34f6a0c5ea05e5c4d4,"Mysterious chests are scattered across Idyll. They may be luggage lost by travelers, supplies left behind by Pathfinders, or treasures sealed away by an ancient civilization... All await discovery and opening."
458014364,3aeb028aeea526312ba961c09fb7c85791d14a5fad1e5f34f6a0c5ea05e5c4d4,"Mysterious chests are scattered across Idyll. They may be luggage lost by travelers, supplies left behind by Pathfinders, or treasures sealed away by an ancient civilization... All await discovery and opening."
458052646,3aeb028aeea526312ba961c09fb7c85791d14a5fad1e5f34f6a0c5ea05e5c4d4,"Mysterious chests are scattered across Idyll. They may be luggage lost by travelers, supplies left behind by Pathfinders, or treasures sealed away by an ancient civilization... All await discovery and opening."
458077649,3aeb028aeea526312ba961c09fb7c85791d14a5fad1e5f34f6a0c5ea05e5c4d4,"Mysterious chests are scattered across Idyll. They may be luggage lost by travelers, supplies left behind by Pathfinders, or treasures sealed away by an ancient civilization... All await discovery and opening."
458121691,3aeb028aeea526312ba961c09fb7c85791d14a5fad1e5f34f6a0c5ea05e5c4d4,"Mysterious chests are scattered across Idyll. They may be luggage lost by travelers, supplies left behind by Pathfinders, or treasures sealed away by an ancient civilization... All await discovery and opening."
458177670,3aeb028aeea526312ba961c09fb7c85791d14a5fad1e5f34f6a0c5ea05e5c4d4,"Mysterious chests are scattered across Idyll. They may be luggage lost by travelers, supplies left behind by Pathfinders, or treasures sealed away by an ancient civilization... All await discovery and opening."
458339788,3aeb028aeea526312ba961c09fb7c85791d14a5fad1e5f34f6a0c5ea05e5c4d4,"Mysterious chests are scattered across Idyll. They may be luggage lost by travelers, supplies left behind by Pathfinders, or treasures sealed away by an ancient civilization... All await discovery and opening."
458392070,3aeb028aeea526312ba961c09fb7c85791d14a5fad1e5f34f6a0c5ea05e5c4d4,"Mysterious chests are scattered across Idyll. They may be luggage lost by travelers, supplies left behind by Pathfinders, or treasures sealed away by an ancient civilization... All await discovery and opening."
458477678,3aeb028aeea526312ba961c09fb7c85791d14a5fad1e5f34f6a0c5ea05e5c4d4,"Mysterious chests are scattered across Idyll. They may be luggage lost by travelers, supplies left behind by Pathfinders, or treasures sealed away by an ancient civilization... All await discovery and opening."
458626797,3aeb028aeea526312ba961c09fb7c85791d14a5fad1e5f34f6a0c5ea05e5c4d4,"Mysterious chests are scattered across Idyll. They may be luggage lost by travelers, supplies left behind by Pathfinders, or treasures sealed away by an ancient civilization... All await discovery and opening."
458657582,3aeb028aeea526312ba961c09fb7c85791d14a5fad1e5f34f6a0c5ea05e5c4d4,"Mysterious chests are scattered across Idyll. They may be luggage lost by travelers, supplies left behind by Pathfinders, or treasures sealed away by an ancient civilization... All await discovery and opening."
458806993,3aeb028aeea526312ba961c09fb7c85791d14a5fad1e5f34f6a0c5ea05e5c4d4,"Mysterious chests are scattered across Idyll. They may be luggage lost by travelers, supplies left behind by Pathfinders, or treasures sealed away by an ancient civilization... All await discovery and opening."
458872119,3aeb028aeea526312ba961c09fb7c85791d14a5fad1e5f34f6a0c5ea05e5c4d4,"Mysterious chests are scattered across Idyll. They may be luggage lost by travelers, supplies left behind by Pathfinders, or treasures sealed away by an ancient civilization... All await discovery and opening."
459012493,3aeb028aeea526312ba961c09fb7c85791d14a5fad1e5f34f6a0c5ea05e5c4d4,"Mysterious chests are scattered across Idyll. They may be luggage lost by travelers, supplies left behind by Pathfinders, or treasures sealed away by an ancient civilization... All await discovery and opening."
459727961,3aeb028aeea526312ba961c09fb7c85791d14a5fad1e5f34f6a0c5ea05e5c4d4,"Mysterious chests are scattered across Idyll. They may be luggage lost by travelers, supplies left behind by Pathfinders, or treasures sealed away by an ancient civilization... All await discovery and opening."
459796885,3aeb028aeea526312ba961c09fb7c85791d14a5fad1e5f34f6a0c5ea05e5c4d4,"Mysterious chests are scattered across Idyll. They may be luggage lost by travelers, supplies left behind by Pathfinders, or treasures sealed away by an ancient civilization... All await discovery and opening."
459818113,3aeb028aeea526312ba961c09fb7c85791d14a5fad1e5f34f6a0c5ea05e5c4d4,"Mysterious chests are scattered across Idyll. They may be luggage lost by travelers, supplies left behind by Pathfinders, or treasures sealed away by an ancient civilization... All await discovery and opening."
459892309,3aeb028aeea526312ba961c09fb7c85791d14a5fad1e5f34f6a0c5ea05e5c4d4,"Mysterious chests are scattered across Idyll. They may be luggage lost by travelers, supplies left behind by Pathfinders, or treasures sealed away by an ancient civilization... All await discovery and opening."
459947531,3aeb028aeea526312ba961c09fb7c85791d14a5fad1e5f34f6a0c5ea05e5c4d4,"Mysterious chests are scattered across Idyll. They may be luggage lost by travelers, supplies left behind by Pathfinders, or treasures sealed away by an ancient civilization... All await discovery and opening."
460098276,3aeb028aeea526312ba961c09fb7c85791d14a5fad1e5f34f6a0c5ea05e5c4d4,"Mysterious chests are scattered across Idyll. They may be luggage lost by travelers, supplies left behind by Pathfinders, or treasures sealed away by an ancient civilization... All await discovery and opening."
460277939,3aeb028aeea526312ba961c09fb7c85791d14a5fad1e5f34f6a0c5ea05e5c4d4,"Mysterious chests are scattered across Idyll. They may be luggage lost by travelers, supplies left behind by Pathfinders, or treasures sealed away by an ancient civilization... All await discovery and opening."
460398888,3aeb028aeea526312ba961c09fb7c85791d14a5fad1e5f34f6a0c5ea05e5c4d4,"Mysterious chests are scattered across Idyll. They may be luggage lost by travelers, supplies left behind by Pathfinders, or treasures sealed away by an ancient civilization... All await discovery and opening."
460405243,3aeb028aeea526312ba961c09fb7c85791d14a5fad1e5f34f6a0c5ea05e5c4d4,"Mysterious chests are scattered across Idyll. They may be luggage lost by travelers, supplies left behind by Pathfinders, or treasures sealed away by an ancient civilization... All await discovery and opening."
460466773,3aeb028aeea526312ba961c09fb7c85791d14a5fad1e5f34f6a0c5ea05e5c4d4,"Mysterious chests are scattered across Idyll. They may be luggage lost by travelers, supplies left behind by Pathfinders, or treasures sealed away by an ancient civilization... All await discovery and opening."
460551742,3aeb028aeea526312ba961c09fb7c85791d14a5fad1e5f34f6a0c5ea05e5c4d4,"Mysterious chests are scattered across Idyll. They may be luggage lost by travelers, supplies left behind by Pathfinders, or treasures sealed away by an ancient civilization... All await discovery and opening."
460565005,3aeb028aeea526312ba961c09fb7c85791d14a5fad1e5f34f6a0c5ea05e5c4d4,"Mysterious chests are scattered across Idyll. They may be luggage lost by travelers, supplies left behind by Pathfinders, or treasures sealed away by an ancient civilization... All await discovery and opening."
460980525,3aeb028aeea526312ba961c09fb7c85791d14a5fad1e5f34f6a0c5ea05e5c4d4,"Mysterious chests are scattered across Idyll. They may be luggage lost by travelers, supplies left behind by Pathfinders, or treasures sealed away by an ancient civilization... All await discovery and opening."
461073811,3aeb028aeea526312ba961c09fb7c85791d14a5fad1e5f34f6a0c5ea05e5c4d4,"Mysterious chests are scattered across Idyll. They may be luggage lost by travelers, supplies left behind by Pathfinders, or treasures sealed away by an ancient civilization... All await discovery and opening."
461195224,3aeb028aeea526312ba961c09fb7c85791d14a5fad1e5f34f6a0c5ea05e5c4d4,"Mysterious chests are scattered across Idyll. They may be luggage lost by travelers, supplies left behind by Pathfinders, or treasures sealed away by an ancient civilization... All await discovery and opening."
461325309,3aeb028aeea526312ba961c09fb7c85791d14a5fad1e5f34f6a0c5ea05e5c4d4,"Mysterious chests are scattered across Idyll. They may be luggage lost by travelers, supplies left behind by Pathfinders, or treasures sealed away by an ancient civilization... All await discovery and opening."
462317748,3aeb028aeea526312ba961c09fb7c85791d14a5fad1e5f34f6a0c5ea05e5c4d4,"Mysterious chests are scattered across Idyll. They may be luggage lost by travelers, supplies left behind by Pathfinders, or treasures sealed away by an ancient civilization... All await discovery and opening."
462641338,3aeb028aeea526312ba961c09fb7c85791d14a5fad1e5f34f6a0c5ea05e5c4d4,"Mysterious chests are scattered across Idyll. They may be luggage lost by travelers, supplies left behind by Pathfinders, or treasures sealed away by an ancient civilization... All await discovery and opening."
462971529,3aeb028aeea526312ba961c09fb7c85791d14a5fad1e5f34f6a0c5ea05e5c4d4,"Mysterious chests are scattered across Idyll. They may be luggage lost by travelers, supplies left behind by Pathfinders, or treasures sealed away by an ancient civilization... All await discovery and opening."
463517392,3aeb028aeea526312ba961c09fb7c85791d14a5fad1e5f34f6a0c5ea05e5c4d4,"Mysterious chests are scattered across Idyll. They may be luggage lost by travelers, supplies left behind by Pathfinders, or treasures sealed away by an ancient civilization... All await discovery and opening."
463617472,3aeb028aeea526312ba961c09fb7c85791d14a5fad1e5f34f6a0c5ea05e5c4d4,"Mysterious chests are scattered across Idyll. They may be luggage lost by travelers, supplies left behind by Pathfinders, or treasures sealed away by an ancient civilization... All await discovery and opening."
464038204,3aeb028aeea526312ba961c09fb7c85791d14a5fad1e5f34f6a0c5ea05e5c4d4,"Mysterious chests are scattered across Idyll. They may be luggage lost by travelers, supplies left behind by Pathfinders, or treasures sealed away by an ancient civilization... All await discovery and opening."
464039844,3aeb028aeea526312ba961c09fb7c85791d14a5fad1e5f34f6a0c5ea05e5c4d4,"Mysterious chests are scattered across Idyll. They may be luggage lost by travelers, supplies left behind by Pathfinders, or treasures sealed away by an ancient civilization... All await discovery and opening."
464283804,3aeb028aeea526312ba961c09fb7c85791d14a5fad1e5f34f6a0c5ea05e5c4d4,"Mysterious chests are scattered across Idyll. They may be luggage lost by travelers, supplies left behind by Pathfinders, or treasures sealed away by an ancient civilization... All await discovery and opening."
464324835,3aeb028aeea526312ba961c09fb7c85791d14a5fad1e5f34f6a0c5ea05e5c4d4,"Mysterious chests are scattered across Idyll. They may be luggage lost by travelers, supplies left behind by Pathfinders, or treasures sealed away by an ancient civilization... All await discovery and opening."
464606936,3aeb028aeea526312ba961c09fb7c85791d14a5fad1e5f34f6a0c5ea05e5c4d4,"Mysterious chests are scattered across Idyll. They may be luggage lost by travelers, supplies left behind by Pathfinders, or treasures sealed away by an ancient civilization... All await discovery and opening."
464776793,3aeb028aeea526312ba961c09fb7c85791d14a5fad1e5f34f6a0c5ea05e5c4d4,"Mysterious chests are scattered across Idyll. They may be luggage lost by travelers, supplies left behind by Pathfinders, or treasures sealed away by an ancient civilization... All await discovery and opening."
464976534,3aeb028aeea526312ba961c09fb7c85791d14a5fad1e5f34f6a0c5ea05e5c4d4,"Mysterious chests are scattered across Idyll. They may be luggage lost by travelers, supplies left behind by Pathfinders, or treasures sealed away by an ancient civilization... All await discovery and opening."
464997254,3aeb028aeea526312ba961c09fb7c85791d14a5fad1e5f34f6a0c5ea05e5c4d4,"Mysterious chests are scattered across Idyll. They may be luggage lost by travelers, supplies left behind by Pathfinders, or treasures sealed away by an ancient civilization... All await discovery and opening."
465291888,3aeb028aeea526312ba961c09fb7c85791d14a5fad1e5f34f6a0c5ea05e5c4d4,"Mysterious chests are scattered across Idyll. They may be luggage lost by travelers, supplies left behind by Pathfinders, or treasures sealed away by an ancient civilization... All await discovery and opening."
465426210,3aeb028aeea526312ba961c09fb7c85791d14a5fad1e5f34f6a0c5ea05e5c4d4,"Mysterious chests are scattered across Idyll. They may be luggage lost by travelers, supplies left behind by Pathfinders, or treasures sealed away by an ancient civilization... All await discovery and opening."
465446890,3aeb028aeea526312ba961c09fb7c85791d14a5fad1e5f34f6a0c5ea05e5c4d4,"Mysterious chests are scattered across Idyll. They may be luggage lost by travelers, supplies left behind by Pathfinders, or treasures sealed away by an ancient civilization... All await discovery and opening."
465527093,3aeb028aeea526312ba961c09fb7c85791d14a5fad1e5f34f6a0c5ea05e5c4d4,"Mysterious chests are scattered across Idyll. They may be luggage lost by travelers, supplies left behind by Pathfinders, or treasures sealed away by an ancient civilization... All await discovery and opening."
465536297,3aeb028aeea526312ba961c09fb7c85791d14a5fad1e5f34f6a0c5ea05e5c4d4,"Mysterious chests are scattered across Idyll. They may be luggage lost by travelers, supplies left behind by Pathfinders, or treasures sealed away by an ancient civilization... All await discovery and opening."
466020214,3aeb028aeea526312ba961c09fb7c85791d14a5fad1e5f34f6a0c5ea05e5c4d4,"Mysterious chests are scattered across Idyll. They may be luggage lost by travelers, supplies left behind by Pathfinders, or treasures sealed away by an ancient civilization... All await discovery and opening."
466193462,3aeb028aeea526312ba961c09fb7c85791d14a5fad1e5f34f6a0c5ea05e5c4d4,"Mysterious chests are scattered across Idyll. They may be luggage lost by travelers, supplies left behind by Pathfinders, or treasures sealed away by an ancient civilization... All await discovery and opening."
466695805,3aeb028aeea526312ba961c09fb7c85791d14a5fad1e5f34f6a0c5ea05e5c4d4,"Mysterious chests are scattered across Idyll. They may be luggage lost by travelers, supplies left behind by Pathfinders, or treasures sealed away by an ancient civilization... All await discovery and opening."
466789827,3aeb028aeea526312ba961c09fb7c85791d14a5fad1e5f34f6a0c5ea05e5c4d4,"Mysterious chests are scattered across Idyll. They may be luggage lost by travelers, supplies left behind by Pathfinders, or treasures sealed away by an ancient civilization... All await discovery and opening."
466955549,3aeb028aeea526312ba961c09fb7c85791d14a5fad1e5f34f6a0c5ea05e5c4d4,"Mysterious chests are scattered across Idyll. They may be luggage lost by travelers, supplies left behind by Pathfinders, or treasures sealed away by an ancient civilization... All await discovery and opening."
467953952,3aeb028aeea526312ba961c09fb7c85791d14a5fad1e5f34f6a0c5ea05e5c4d4,"Mysterious chests are scattered across Idyll. They may be luggage lost by travelers, supplies left behind by Pathfinders, or treasures sealed away by an ancient civilization... All await discovery and opening."
468121368,3aeb028aeea526312ba961c09fb7c85791d14a5fad1e5f34f6a0c5ea05e5c4d4,"Mysterious chests are scattered across Idyll. They may be luggage lost by travelers, supplies left behind by Pathfinders, or treasures sealed away by an ancient civilization... All await discovery and opening."
468243305,3aeb028aeea526312ba961c09fb7c85791d14a5fad1e5f34f6a0c5ea05e5c4d4,"Mysterious chests are scattered across Idyll. They may be luggage lost by travelers, supplies left behind by Pathfinders, or treasures sealed away by an ancient civilization... All await discovery and opening."
468360487,3aeb028aeea526312ba961c09fb7c85791d14a5fad1e5f34f6a0c5ea05e5c4d4,"Mysterious chests are scattered across Idyll. They may be luggage lost by travelers, supplies left behind by Pathfinders, or treasures sealed away by an ancient civilization... All await discovery and opening."
468457710,3aeb028aeea526312ba961c09fb7c85791d14a5fad1e5f34f6a0c5ea05e5c4d4,"Mysterious chests are scattered across Idyll. They may be luggage lost by travelers, supplies left behind by Pathfinders, or treasures sealed away by an ancient civilization... All await discovery and opening."
468667918,3aeb028aeea526312ba961c09fb7c85791d14a5fad1e5f34f6a0c5ea05e5c4d4,"Mysterious chests are scattered across Idyll. They may be luggage lost by travelers, supplies left behind by Pathfinders, or treasures sealed away by an ancient civilization... All await discovery and opening."
468735121,3aeb028aeea526312ba961c09fb7c85791d14a5fad1e5f34f6a0c5ea05e5c4d4,"Mysterious chests are scattered across Idyll. They may be luggage lost by travelers, supplies left behind by Pathfinders, or treasures sealed away by an ancient civilization... All await discovery and opening."
469151176,3aeb028aeea526312ba961c09fb7c85791d14a5fad1e5f34f6a0c5ea05e5c4d4,"Mysterious chests are scattered across Idyll. They may be luggage lost by travelers, supplies left behind by Pathfinders, or treasures sealed away by an ancient civilization... All await discovery and opening."
469218019,3aeb028aeea526312ba961c09fb7c85791d14a5fad1e5f34f6a0c5ea05e5c4d4,"Mysterious chests are scattered across Idyll. They may be luggage lost by travelers, supplies left behind by Pathfinders, or treasures sealed away by an ancient civilization... All await discovery and opening."
469235778,3aeb028aeea526312ba961c09fb7c85791d14a5fad1e5f34f6a0c5ea05e5c4d4,"Mysterious chests are scattered across Idyll. They may be luggage lost by travelers, supplies left behind by Pathfinders, or treasures sealed away by an ancient civilization... All await discovery and opening."
469263116,3aeb028aeea526312ba961c09fb7c85791d14a5fad1e5f34f6a0c5ea05e5c4d4,"Mysterious chests are scattered across Idyll. They may be luggage lost by travelers, supplies left behind by Pathfinders, or treasures sealed away by an ancient civilization... All await discovery and opening."
469834620,3aeb028aeea526312ba961c09fb7c85791d14a5fad1e5f34f6a0c5ea05e5c4d4,"Mysterious chests are scattered across Idyll. They may be luggage lost by travelers, supplies left behind by Pathfinders, or treasures sealed away by an ancient civilization... All await discovery and opening."
469934628,3aeb028aeea526312ba961c09fb7c85791d14a5fad1e5f34f6a0c5ea05e5c4d4,"Mysterious chests are scattered across Idyll. They may be luggage lost by travelers, supplies left behind by Pathfinders, or treasures sealed away by an ancient civilization... All await discovery and opening."
469948036,3aeb028aeea526312ba961c09fb7c85791d14a5fad1e5f34f6a0c5ea05e5c4d4,"Mysterious chests are scattered across Idyll. They may be luggage lost by travelers, supplies left behind by Pathfinders, or treasures sealed away by an ancient civilization... All await discovery and opening."
470121552,3aeb028aeea526312ba961c09fb7c85791d14a5fad1e5f34f6a0c5ea05e5c4d4,"Mysterious chests are scattered across Idyll. They may be luggage lost by travelers, supplies left behind by Pathfinders, or treasures sealed away by an ancient civilization... All await discovery and opening."
470139266,3aeb028aeea526312ba961c09fb7c85791d14a5fad1e5f34f6a0c5ea05e5c4d4,"Mysterious chests are scattered across Idyll. They may be luggage lost by travelers, supplies left behind by Pathfinders, or treasures sealed away by an ancient civilization... All await discovery and opening."
470477586,3aeb028aeea526312ba961c09fb7c85791d14a5fad1e5f34f6a0c5ea05e5c4d4,"Mysterious chests are scattered across Idyll. They may be luggage lost by travelers, supplies left behind by Pathfinders, or treasures sealed away by an ancient civilization... All await discovery and opening."
470763367,3aeb028aeea526312ba961c09fb7c85791d14a5fad1e5f34f6a0c5ea05e5c4d4,"Mysterious chests are scattered across Idyll. They may be luggage lost by travelers, supplies left behind by Pathfinders, or treasures sealed away by an ancient civilization... All await discovery and opening."
471200432,3aeb028aeea526312ba961c09fb7c85791d14a5fad1e5f34f6a0c5ea05e5c4d4,"Mysterious chests are scattered across Idyll. They may be luggage lost by travelers, supplies left behind by Pathfinders, or treasures sealed away by an ancient civilization... All await discovery and opening."
471291808,3aeb028aeea526312ba961c09fb7c85791d14a5fad1e5f34f6a0c5ea05e5c4d4,"Mysterious chests are scattered across Idyll. They may be luggage lost by travelers, supplies left behind by Pathfinders, or treasures sealed away by an ancient civilization... All await discovery and opening."
471298315,3aeb028aeea526312ba961c09fb7c85791d14a5fad1e5f34f6a0c5ea05e5c4d4,"Mysterious chests are scattered across Idyll. They may be luggage lost by travelers, supplies left behind by Pathfinders, or treasures sealed away by an ancient civilization... All await discovery and opening."
471655311,3aeb028aeea526312ba961c09fb7c85791d14a5fad1e5f34f6a0c5ea05e5c4d4,"Mysterious chests are scattered across Idyll. They may be luggage lost by travelers, supplies left behind by Pathfinders, or treasures sealed away by an ancient civilization... All await discovery and opening."
471940284,3aeb028aeea526312ba961c09fb7c85791d14a5fad1e5f34f6a0c5ea05e5c4d4,"Mysterious chests are scattered across Idyll. They may be luggage lost by travelers, supplies left behind by Pathfinders, or treasures sealed away by an ancient civilization... All await discovery and opening."
471970524,3aeb028aeea526312ba961c09fb7c85791d14a5fad1e5f34f6a0c5ea05e5c4d4,"Mysterious chests are scattered across Idyll. They may be luggage lost by travelers, supplies left behind by Pathfinders, or treasures sealed away by an ancient civilization... All await discovery and opening."
472167347,3aeb028aeea526312ba961c09fb7c85791d14a5fad1e5f34f6a0c5ea05e5c4d4,"Mysterious chests are scattered across Idyll. They may be luggage lost by travelers, supplies left behind by Pathfinders, or treasures sealed away by an ancient civilization... All await discovery and opening."
472433638,3aeb028aeea526312ba961c09fb7c85791d14a5fad1e5f34f6a0c5ea05e5c4d4,"Mysterious chests are scattered across Idyll. They may be luggage lost by travelers, supplies left behind by Pathfinders, or treasures sealed away by an ancient civilization... All await discovery and opening."
473022188,3aeb028aeea526312ba961c09fb7c85791d14a5fad1e5f34f6a0c5ea05e5c4d4,"Mysterious chests are scattered across Idyll. They may be luggage lost by travelers, supplies left behind by Pathfinders, or treasures sealed away by an ancient civilization... All await discovery and opening."
473278451,3aeb028aeea526312ba961c09fb7c85791d14a5fad1e5f34f6a0c5ea05e5c4d4,"Mysterious chests are scattered across Idyll. They may be luggage lost by travelers, supplies left behind by Pathfinders, or treasures sealed away by an ancient civilization... All await discovery and opening."
473302450,3aeb028aeea526312ba961c09fb7c85791d14a5fad1e5f34f6a0c5ea05e5c4d4,"Mysterious chests are scattered across Idyll. They may be luggage lost by travelers, supplies left behind by Pathfinders, or treasures sealed away by an ancient civilization... All await discovery and opening."
473381629,3aeb028aeea526312ba961c09fb7c85791d14a5fad1e5f34f6a0c5ea05e5c4d4,"Mysterious chests are scattered across Idyll. They may be luggage lost by travelers, supplies left behind by Pathfinders, or treasures sealed away by an ancient civilization... All await discovery and opening."
473867927,3aeb028aeea526312ba961c09fb7c85791d14a5fad1e5f34f6a0c5ea05e5c4d4,"Mysterious chests are scattered across Idyll. They may be luggage lost by travelers, supplies left behind by Pathfinders, or treasures sealed away by an ancient civilization... All await discovery and opening."
474173417,3aeb028aeea526312ba961c09fb7c85791d14a5fad1e5f34f6a0c5ea05e5c4d4,"Mysterious chests are scattered across Idyll. They may be luggage lost by travelers, supplies left behind by Pathfinders, or treasures sealed away by an ancient civilization... All await discovery and opening."
474218541,3aeb028aeea526312ba961c09fb7c85791d14a5fad1e5f34f6a0c5ea05e5c4d4,"Mysterious chests are scattered across Idyll. They may be luggage lost by travelers, supplies left behind by Pathfinders, or treasures sealed away by an ancient civilization... All await discovery and opening."
474478563,3aeb028aeea526312ba961c09fb7c85791d14a5fad1e5f34f6a0c5ea05e5c4d4,"Mysterious chests are scattered across Idyll. They may be luggage lost by travelers, supplies left behind by Pathfinders, or treasures sealed away by an ancient civilization... All await discovery and opening."
474718028,3aeb028aeea526312ba961c09fb7c85791d14a5fad1e5f34f6a0c5ea05e5c4d4,"Mysterious chests are scattered across Idyll. They may be luggage lost by travelers, supplies left behind by Pathfinders, or treasures sealed away by an ancient civilization... All await discovery and opening."
474782793,3aeb028aeea526312ba961c09fb7c85791d14a5fad1e5f34f6a0c5ea05e5c4d4,"Mysterious chests are scattered across Idyll. They may be luggage lost by travelers, supplies left behind by Pathfinders, or treasures sealed away by an ancient civilization... All await discovery and opening."
474930620,3aeb028aeea526312ba961c09fb7c85791d14a5fad1e5f34f6a0c5ea05e5c4d4,"Mysterious chests are scattered across Idyll. They may be luggage lost by travelers, supplies left behind by Pathfinders, or treasures sealed away by an ancient civilization... All await discovery and opening."
475223664,3aeb028aeea526312ba961c09fb7c85791d14a5fad1e5f34f6a0c5ea05e5c4d4,"Mysterious chests are scattered across Idyll. They may be luggage lost by travelers, supplies left behind by Pathfinders, or treasures sealed away by an ancient civilization... All await discovery and opening."
475301217,3aeb028aeea526312ba961c09fb7c85791d14a5fad1e5f34f6a0c5ea05e5c4d4,"Mysterious chests are scattered across Idyll. They may be luggage lost by travelers, supplies left behind by Pathfinders, or treasures sealed away by an ancient civilization... All await discovery and opening."
475307113,3aeb028aeea526312ba961c09fb7c85791d14a5fad1e5f34f6a0c5ea05e5c4d4,"Mysterious chests are scattered across Idyll. They may be luggage lost by travelers, supplies left behind by Pathfinders, or treasures sealed away by an ancient civilization... All await discovery and opening."
475467968,3aeb028aeea526312ba961c09fb7c85791d14a5fad1e5f34f6a0c5ea05e5c4d4,"Mysterious chests are scattered across Idyll. They may be luggage lost by travelers, supplies left behind by Pathfinders, or treasures sealed away by an ancient civilization... All await discovery and opening."
475468581,3aeb028aeea526312ba961c09fb7c85791d14a5fad1e5f34f6a0c5ea05e5c4d4,"Mysterious chests are scattered across Idyll. They may be luggage lost by travelers, supplies left behind by Pathfinders, or treasures sealed away by an ancient civilization... All await discovery and opening."
475821684,3aeb028aeea526312ba961c09fb7c85791d14a5fad1e5f34f6a0c5ea05e5c4d4,"Mysterious chests are scattered across Idyll. They may be luggage lost by travelers, supplies left behind by Pathfinders, or treasures sealed away by an ancient civilization... All await discovery and opening."
475977473,3aeb028aeea526312ba961c09fb7c85791d14a5fad1e5f34f6a0c5ea05e5c4d4,"Mysterious chests are scattered across Idyll. They may be luggage lost by travelers, supplies left behind by Pathfinders, or treasures sealed away by an ancient civilization... All await discovery and opening."
476070364,3aeb028aeea526312ba961c09fb7c85791d14a5fad1e5f34f6a0c5ea05e5c4d4,"Mysterious chests are scattered across Idyll. They may be luggage lost by travelers, supplies left behind by Pathfinders, or treasures sealed away by an ancient civilization... All await discovery and opening."
476092279,3aeb028aeea526312ba961c09fb7c85791d14a5fad1e5f34f6a0c5ea05e5c4d4,"Mysterious chests are scattered across Idyll. They may be luggage lost by travelers, supplies left behind by Pathfinders, or treasures sealed away by an ancient civilization... All await discovery and opening."
476330392,3aeb028aeea526312ba961c09fb7c85791d14a5fad1e5f34f6a0c5ea05e5c4d4,"Mysterious chests are scattered across Idyll. They may be luggage lost by travelers, supplies left behind by Pathfinders, or treasures sealed away by an ancient civilization... All await discovery and opening."
476460991,3aeb028aeea526312ba961c09fb7c85791d14a5fad1e5f34f6a0c5ea05e5c4d4,"Mysterious chests are scattered across Idyll. They may be luggage lost by travelers, supplies left behind by Pathfinders, or treasures sealed away by an ancient civilization... All await discovery and opening."
476508638,3aeb028aeea526312ba961c09fb7c85791d14a5fad1e5f34f6a0c5ea05e5c4d4,"Mysterious chests are scattered across Idyll. They may be luggage lost by travelers, supplies left behind by Pathfinders, or treasures sealed away by an ancient civilization... All await discovery and opening."
476679972,3aeb028aeea526312ba961c09fb7c85791d14a5fad1e5f34f6a0c5ea05e5c4d4,"Mysterious chests are scattered across Idyll. They may be luggage lost by travelers, supplies left behind by Pathfinders, or treasures sealed away by an ancient civilization... All await discovery and opening."
476697354,3aeb028aeea526312ba961c09fb7c85791d14a5fad1e5f34f6a0c5ea05e5c4d4,"Mysterious chests are scattered across Idyll. They may be luggage lost by travelers, supplies left behind by Pathfinders, or treasures sealed away by an ancient civilization... All await discovery and opening."
476723688,3aeb028aeea526312ba961c09fb7c85791d14a5fad1e5f34f6a0c5ea05e5c4d4,"Mysterious chests are scattered across Idyll. They may be luggage lost by travelers, supplies left behind by Pathfinders, or treasures sealed away by an ancient civilization... All await discovery and opening."
476995823,3aeb028aeea526312ba961c09fb7c85791d14a5fad1e5f34f6a0c5ea05e5c4d4,"Mysterious chests are scattered across Idyll. They may be luggage lost by travelers, supplies left behind by Pathfinders, or treasures sealed away by an ancient civilization... All await discovery and opening."
477004058,3aeb028aeea526312ba961c09fb7c85791d14a5fad1e5f34f6a0c5ea05e5c4d4,"Mysterious chests are scattered across Idyll. They may be luggage lost by travelers, supplies left behind by Pathfinders, or treasures sealed away by an ancient civilization... All await discovery and opening."
477186654,3aeb028aeea526312ba961c09fb7c85791d14a5fad1e5f34f6a0c5ea05e5c4d4,"Mysterious chests are scattered across Idyll. They may be luggage lost by travelers, supplies left behind by Pathfinders, or treasures sealed away by an ancient civilization... All await discovery and opening."
477268552,3aeb028aeea526312ba961c09fb7c85791d14a5fad1e5f34f6a0c5ea05e5c4d4,"Mysterious chests are scattered across Idyll. They may be luggage lost by travelers, supplies left behind by Pathfinders, or treasures sealed away by an ancient civilization... All await discovery and opening."
478068788,3aeb028aeea526312ba961c09fb7c85791d14a5fad1e5f34f6a0c5ea05e5c4d4,"Mysterious chests are scattered across Idyll. They may be luggage lost by travelers, supplies left behind by Pathfinders, or treasures sealed away by an ancient civilization... All await discovery and opening."
478255105,3aeb028aeea526312ba961c09fb7c85791d14a5fad1e5f34f6a0c5ea05e5c4d4,"Mysterious chests are scattered across Idyll. They may be luggage lost by travelers, supplies left behind by Pathfinders, or treasures sealed away by an ancient civilization... All await discovery and opening."
478378567,3aeb028aeea526312ba961c09fb7c85791d14a5fad1e5f34f6a0c5ea05e5c4d4,"Mysterious chests are scattered across Idyll. They may be luggage lost by travelers, supplies left behind by Pathfinders, or treasures sealed away by an ancient civilization... All await discovery and opening."
478475043,3aeb028aeea526312ba961c09fb7c85791d14a5fad1e5f34f6a0c5ea05e5c4d4,"Mysterious chests are scattered across Idyll. They may be luggage lost by travelers, supplies left behind by Pathfinders, or treasures sealed away by an ancient civilization... All await discovery and opening."
478478023,3aeb028aeea526312ba961c09fb7c85791d14a5fad1e5f34f6a0c5ea05e5c4d4,"Mysterious chests are scattered across Idyll. They may be luggage lost by travelers, supplies left behind by Pathfinders, or treasures sealed away by an ancient civilization... All await discovery and opening."
478776983,3aeb028aeea526312ba961c09fb7c85791d14a5fad1e5f34f6a0c5ea05e5c4d4,"Mysterious chests are scattered across Idyll. They may be luggage lost by travelers, supplies left behind by Pathfinders, or treasures sealed away by an ancient civilization... All await discovery and opening."
478814068,3aeb028aeea526312ba961c09fb7c85791d14a5fad1e5f34f6a0c5ea05e5c4d4,"Mysterious chests are scattered across Idyll. They may be luggage lost by travelers, supplies left behind by Pathfinders, or treasures sealed away by an ancient civilization... All await discovery and opening."
479640914,3aeb028aeea526312ba961c09fb7c85791d14a5fad1e5f34f6a0c5ea05e5c4d4,"Mysterious chests are scattered across Idyll. They may be luggage lost by travelers, supplies left behind by Pathfinders, or treasures sealed away by an ancient civilization... All await discovery and opening."
479774717,3aeb028aeea526312ba961c09fb7c85791d14a5fad1e5f34f6a0c5ea05e5c4d4,"Mysterious chests are scattered across Idyll. They may be luggage lost by travelers, supplies left behind by Pathfinders, or treasures sealed away by an ancient civilization... All await discovery and opening."
480682707,3aeb028aeea526312ba961c09fb7c85791d14a5fad1e5f34f6a0c5ea05e5c4d4,"Mysterious chests are scattered across Idyll. They may be luggage lost by travelers, supplies left behind by Pathfinders, or treasures sealed away by an ancient civilization... All await discovery and opening."
480695099,3aeb028aeea526312ba961c09fb7c85791d14a5fad1e5f34f6a0c5ea05e5c4d4,"Mysterious chests are scattered across Idyll. They may be luggage lost by travelers, supplies left behind by Pathfinders, or treasures sealed away by an ancient civilization... All await discovery and opening."
480796272,3aeb028aeea526312ba961c09fb7c85791d14a5fad1e5f34f6a0c5ea05e5c4d4,"Mysterious chests are scattered across Idyll. They may be luggage lost by travelers, supplies left behind by Pathfinders, or treasures sealed away by an ancient civilization... All await discovery and opening."
480801769,3aeb028aeea526312ba961c09fb7c85791d14a5fad1e5f34f6a0c5ea05e5c4d4,"Mysterious chests are scattered across Idyll. They may be luggage lost by travelers, supplies left behind by Pathfinders, or treasures sealed away by an ancient civilization... All await discovery and opening."
480825912,3aeb028aeea526312ba961c09fb7c85791d14a5fad1e5f34f6a0c5ea05e5c4d4,"Mysterious chests are scattered across Idyll. They may be luggage lost by travelers, supplies left behind by Pathfinders, or treasures sealed away by an ancient civilization... All await discovery and opening."
481313833,3aeb028aeea526312ba961c09fb7c85791d14a5fad1e5f34f6a0c5ea05e5c4d4,"Mysterious chests are scattered across Idyll. They may be luggage lost by travelers, supplies left behind by Pathfinders, or treasures sealed away by an ancient civilization... All await discovery and opening."
481585410,3aeb028aeea526312ba961c09fb7c85791d14a5fad1e5f34f6a0c5ea05e5c4d4,"Mysterious chests are scattered across Idyll. They may be luggage lost by travelers, supplies left behind by Pathfinders, or treasures sealed away by an ancient civilization... All await discovery and opening."
481931680,3aeb028aeea526312ba961c09fb7c85791d14a5fad1e5f34f6a0c5ea05e5c4d4,"Mysterious chests are scattered across Idyll. They may be luggage lost by travelers, supplies left behind by Pathfinders, or treasures sealed away by an ancient civilization... All await discovery and opening."
481940003,3aeb028aeea526312ba961c09fb7c85791d14a5fad1e5f34f6a0c5ea05e5c4d4,"Mysterious chests are scattered across Idyll. They may be luggage lost by travelers, supplies left behind by Pathfinders, or treasures sealed away by an ancient civilization... All await discovery and opening."
481945860,3aeb028aeea526312ba961c09fb7c85791d14a5fad1e5f34f6a0c5ea05e5c4d4,"Mysterious chests are scattered across Idyll. They may be luggage lost by travelers, supplies left behind by Pathfinders, or treasures sealed away by an ancient civilization... All await discovery and opening."
482252855,3aeb028aeea526312ba961c09fb7c85791d14a5fad1e5f34f6a0c5ea05e5c4d4,"Mysterious chests are scattered across Idyll. They may be luggage lost by travelers, supplies left behind by Pathfinders, or treasures sealed away by an ancient civilization... All await discovery and opening."
482301585,3aeb028aeea526312ba961c09fb7c85791d14a5fad1e5f34f6a0c5ea05e5c4d4,"Mysterious chests are scattered across Idyll. They may be luggage lost by travelers, supplies left behind by Pathfinders, or treasures sealed away by an ancient civilization... All await discovery and opening."
482358982,3aeb028aeea526312ba961c09fb7c85791d14a5fad1e5f34f6a0c5ea05e5c4d4,"Mysterious chests are scattered across Idyll. They may be luggage lost by travelers, supplies left behind by Pathfinders, or treasures sealed away by an ancient civilization... All await discovery and opening."
482417597,3aeb028aeea526312ba961c09fb7c85791d14a5fad1e5f34f6a0c5ea05e5c4d4,"Mysterious chests are scattered across Idyll. They may be luggage lost by travelers, supplies left behind by Pathfinders, or treasures sealed away by an ancient civilization... All await discovery and opening."
482575722,3aeb028aeea526312ba961c09fb7c85791d14a5fad1e5f34f6a0c5ea05e5c4d4,"Mysterious chests are scattered across Idyll. They may be luggage lost by travelers, supplies left behind by Pathfinders, or treasures sealed away by an ancient civilization... All await discovery and opening."
482588597,3aeb028aeea526312ba961c09fb7c85791d14a5fad1e5f34f6a0c5ea05e5c4d4,"Mysterious chests are scattered across Idyll. They may be luggage lost by travelers, supplies left behind by Pathfinders, or treasures sealed away by an ancient civilization... All await discovery and opening."
483081113,3aeb028aeea526312ba961c09fb7c85791d14a5fad1e5f34f6a0c5ea05e5c4d4,"Mysterious chests are scattered across Idyll. They may be luggage lost by travelers, supplies left behind by Pathfinders, or treasures sealed away by an ancient civilization... All await discovery and opening."
483128895,3aeb028aeea526312ba961c09fb7c85791d14a5fad1e5f34f6a0c5ea05e5c4d4,"Mysterious chests are scattered across Idyll. They may be luggage lost by travelers, supplies left behind by Pathfinders, or treasures sealed away by an ancient civilization... All await discovery and opening."
483177183,3aeb028aeea526312ba961c09fb7c85791d14a5fad1e5f34f6a0c5ea05e5c4d4,"Mysterious chests are scattered across Idyll. They may be luggage lost by travelers, supplies left behind by Pathfinders, or treasures sealed away by an ancient civilization... All await discovery and opening."
483491629,3aeb028aeea526312ba961c09fb7c85791d14a5fad1e5f34f6a0c5ea05e5c4d4,"Mysterious chests are scattered across Idyll. They may be luggage lost by travelers, supplies left behind by Pathfinders, or treasures sealed away by an ancient civilization... All await discovery and opening."
483725831,3aeb028aeea526312ba961c09fb7c85791d14a5fad1e5f34f6a0c5ea05e5c4d4,"Mysterious chests are scattered across Idyll. They may be luggage lost by travelers, supplies left behind by Pathfinders, or treasures sealed away by an ancient civilization... All await discovery and opening."
484141298,3aeb028aeea526312ba961c09fb7c85791d14a5fad1e5f34f6a0c5ea05e5c4d4,"Mysterious chests are scattered across Idyll. They may be luggage lost by travelers, supplies left behind by Pathfinders, or treasures sealed away by an ancient civilization... All await discovery and opening."
484144231,3aeb028aeea526312ba961c09fb7c85791d14a5fad1e5f34f6a0c5ea05e5c4d4,"Mysterious chests are scattered across Idyll. They may be luggage lost by travelers, supplies left behind by Pathfinders, or treasures sealed away by an ancient civilization... All await discovery and opening."
484372346,3aeb028aeea526312ba961c09fb7c85791d14a5fad1e5f34f6a0c5ea05e5c4d4,"Mysterious chests are scattered across Idyll. They may be luggage lost by travelers, supplies left behind by Pathfinders, or treasures sealed away by an ancient civilization... All await discovery and opening."
484494575,3aeb028aeea526312ba961c09fb7c85791d14a5fad1e5f34f6a0c5ea05e5c4d4,"Mysterious chests are scattered across Idyll. They may be luggage lost by travelers, supplies left behind by Pathfinders, or treasures sealed away by an ancient civilization... All await discovery and opening."
484630568,3aeb028aeea526312ba961c09fb7c85791d14a5fad1e5f34f6a0c5ea05e5c4d4,"Mysterious chests are scattered across Idyll. They may be luggage lost by travelers, supplies left behind by Pathfinders, or treasures sealed away by an ancient civilization... All await discovery and opening."
484837723,3aeb028aeea526312ba961c09fb7c85791d14a5fad1e5f34f6a0c5ea05e5c4d4,"Mysterious chests are scattered across Idyll. They may be luggage lost by travelers, supplies left behind by Pathfinders, or treasures sealed away by an ancient civilization... All await discovery and opening."
485041193,3aeb028aeea526312ba961c09fb7c85791d14a5fad1e5f34f6a0c5ea05e5c4d4,"Mysterious chests are scattered across Idyll. They may be luggage lost by travelers, supplies left behind by Pathfinders, or treasures sealed away by an ancient civilization... All await discovery and opening."
485188492,3aeb028aeea526312ba961c09fb7c85791d14a5fad1e5f34f6a0c5ea05e5c4d4,"Mysterious chests are scattered across Idyll. They may be luggage lost by travelers, supplies left behind by Pathfinders, or treasures sealed away by an ancient civilization... All await discovery and opening."
485208893,3aeb028aeea526312ba961c09fb7c85791d14a5fad1e5f34f6a0c5ea05e5c4d4,"Mysterious chests are scattered across Idyll. They may be luggage lost by travelers, supplies left behind by Pathfinders, or treasures sealed away by an ancient civilization... All await discovery and opening."
485769658,3aeb028aeea526312ba961c09fb7c85791d14a5fad1e5f34f6a0c5ea05e5c4d4,"Mysterious chests are scattered across Idyll. They may be luggage lost by travelers, supplies left behind by Pathfinders, or treasures sealed away by an ancient civilization... All await discovery and opening."
485793071,3aeb028aeea526312ba961c09fb7c85791d14a5fad1e5f34f6a0c5ea05e5c4d4,"Mysterious chests are scattered across Idyll. They may be luggage lost by travelers, supplies left behind by Pathfinders, or treasures sealed away by an ancient civilization... All await discovery and opening."
486276744,3aeb028aeea526312ba961c09fb7c85791d14a5fad1e5f34f6a0c5ea05e5c4d4,"Mysterious chests are scattered across Idyll. They may be luggage lost by travelers, supplies left behind by Pathfinders, or treasures sealed away by an ancient civilization... All await discovery and opening."
486377610,3aeb028aeea526312ba961c09fb7c85791d14a5fad1e5f34f6a0c5ea05e5c4d4,"Mysterious chests are scattered across Idyll. They may be luggage lost by travelers, supplies left behind by Pathfinders, or treasures sealed away by an ancient civilization... All await discovery and opening."
486769910,3aeb028aeea526312ba961c09fb7c85791d14a5fad1e5f34f6a0c5ea05e5c4d4,"Mysterious chests are scattered across Idyll. They may be luggage lost by travelers, supplies left behind by Pathfinders, or treasures sealed away by an ancient civilization... All await discovery and opening."
486930263,3aeb028aeea526312ba961c09fb7c85791d14a5fad1e5f34f6a0c5ea05e5c4d4,"Mysterious chests are scattered across Idyll. They may be luggage lost by travelers, supplies left behind by Pathfinders, or treasures sealed away by an ancient civilization... All await discovery and opening."
487069034,3aeb028aeea526312ba961c09fb7c85791d14a5fad1e5f34f6a0c5ea05e5c4d4,"Mysterious chests are scattered across Idyll. They may be luggage lost by travelers, supplies left behind by Pathfinders, or treasures sealed away by an ancient civilization... All await discovery and opening."
487192809,3aeb028aeea526312ba961c09fb7c85791d14a5fad1e5f34f6a0c5ea05e5c4d4,"Mysterious chests are scattered across Idyll. They may be luggage lost by travelers, supplies left behind by Pathfinders, or treasures sealed away by an ancient civilization... All await discovery and opening."
487425466,3aeb028aeea526312ba961c09fb7c85791d14a5fad1e5f34f6a0c5ea05e5c4d4,"Mysterious chests are scattered across Idyll. They may be luggage lost by travelers, supplies left behind by Pathfinders, or treasures sealed away by an ancient civilization... All await discovery and opening."
487494451,3aeb028aeea526312ba961c09fb7c85791d14a5fad1e5f34f6a0c5ea05e5c4d4,"Mysterious chests are scattered across Idyll. They may be luggage lost by travelers, supplies left behind by Pathfinders, or treasures sealed away by an ancient civilization... All await discovery and opening."
487569017,3aeb028aeea526312ba961c09fb7c85791d14a5fad1e5f34f6a0c5ea05e5c4d4,"Mysterious chests are scattered across Idyll. They may be luggage lost by travelers, supplies left behind by Pathfinders, or treasures sealed away by an ancient civilization... All await discovery and opening."
487697474,3aeb028aeea526312ba961c09fb7c85791d14a5fad1e5f34f6a0c5ea05e5c4d4,"Mysterious chests are scattered across Idyll. They may be luggage lost by travelers, supplies left behind by Pathfinders, or treasures sealed away by an ancient civilization... All await discovery and opening."
487703776,3aeb028aeea526312ba961c09fb7c85791d14a5fad1e5f34f6a0c5ea05e5c4d4,"Mysterious chests are scattered across Idyll. They may be luggage lost by travelers, supplies left behind by Pathfinders, or treasures sealed away by an ancient civilization... All await discovery and opening."
487815168,3aeb028aeea526312ba961c09fb7c85791d14a5fad1e5f34f6a0c5ea05e5c4d4,"Mysterious chests are scattered across Idyll. They may be luggage lost by travelers, supplies left behind by Pathfinders, or treasures sealed away by an ancient civilization... All await discovery and opening."
487888796,3aeb028aeea526312ba961c09fb7c85791d14a5fad1e5f34f6a0c5ea05e5c4d4,"Mysterious chests are scattered across Idyll. They may be luggage lost by travelers, supplies left behind by Pathfinders, or treasures sealed away by an ancient civilization... All await discovery and opening."
487889574,3aeb028aeea526312ba961c09fb7c85791d14a5fad1e5f34f6a0c5ea05e5c4d4,"Mysterious chests are scattered across Idyll. They may be luggage lost by travelers, supplies left behind by Pathfinders, or treasures sealed away by an ancient civilization... All await discovery and opening."
488325485,3aeb028aeea526312ba961c09fb7c85791d14a5fad1e5f34f6a0c5ea05e5c4d4,"Mysterious chests are scattered across Idyll. They may be luggage lost by travelers, supplies left behind by Pathfinders, or treasures sealed away by an ancient civilization... All await discovery and opening."
488522659,3aeb028aeea526312ba961c09fb7c85791d14a5fad1e5f34f6a0c5ea05e5c4d4,"Mysterious chests are scattered across Idyll. They may be luggage lost by travelers, supplies left behind by Pathfinders, or treasures sealed away by an ancient civilization... All await discovery and opening."
488917156,3aeb028aeea526312ba961c09fb7c85791d14a5fad1e5f34f6a0c5ea05e5c4d4,"Mysterious chests are scattered across Idyll. They may be luggage lost by travelers, supplies left behind by Pathfinders, or treasures sealed away by an ancient civilization... All await discovery and opening."
489085602,3aeb028aeea526312ba961c09fb7c85791d14a5fad1e5f34f6a0c5ea05e5c4d4,"Mysterious chests are scattered across Idyll. They may be luggage lost by travelers, supplies left behind by Pathfinders, or treasures sealed away by an ancient civilization... All await discovery and opening."
489110215,3aeb028aeea526312ba961c09fb7c85791d14a5fad1e5f34f6a0c5ea05e5c4d4,"Mysterious chests are scattered across Idyll. They may be luggage lost by travelers, supplies left behind by Pathfinders, or treasures sealed away by an ancient civilization... All await discovery and opening."
489465476,3aeb028aeea526312ba961c09fb7c85791d14a5fad1e5f34f6a0c5ea05e5c4d4,"Mysterious chests are scattered across Idyll. They may be luggage lost by travelers, supplies left behind by Pathfinders, or treasures sealed away by an ancient civilization... All await discovery and opening."
489702024,3aeb028aeea526312ba961c09fb7c85791d14a5fad1e5f34f6a0c5ea05e5c4d4,"Mysterious chests are scattered across Idyll. They may be luggage lost by travelers, supplies left behind by Pathfinders, or treasures sealed away by an ancient civilization... All await discovery and opening."
489769266,3aeb028aeea526312ba961c09fb7c85791d14a5fad1e5f34f6a0c5ea05e5c4d4,"Mysterious chests are scattered across Idyll. They may be luggage lost by travelers, supplies left behind by Pathfinders, or treasures sealed away by an ancient civilization... All await discovery and opening."
489826587,3aeb028aeea526312ba961c09fb7c85791d14a5fad1e5f34f6a0c5ea05e5c4d4,"Mysterious chests are scattered across Idyll. They may be luggage lost by travelers, supplies left behind by Pathfinders, or treasures sealed away by an ancient civilization... All await discovery and opening."
489885892,3aeb028aeea526312ba961c09fb7c85791d14a5fad1e5f34f6a0c5ea05e5c4d4,"Mysterious chests are scattered across Idyll. They may be luggage lost by travelers, supplies left behind by Pathfinders, or treasures sealed away by an ancient civilization... All await discovery and opening."
490135244,3aeb028aeea526312ba961c09fb7c85791d14a5fad1e5f34f6a0c5ea05e5c4d4,"Mysterious chests are scattered across Idyll. They may be luggage lost by travelers, supplies left behind by Pathfinders, or treasures sealed away by an ancient civilization... All await discovery and opening."
490197262,3aeb028aeea526312ba961c09fb7c85791d14a5fad1e5f34f6a0c5ea05e5c4d4,"Mysterious chests are scattered across Idyll. They may be luggage lost by travelers, supplies left behind by Pathfinders, or treasures sealed away by an ancient civilization... All await discovery and opening."
490288308,3aeb028aeea526312ba961c09fb7c85791d14a5fad1e5f34f6a0c5ea05e5c4d4,"Mysterious chests are scattered across Idyll. They may be luggage lost by travelers, supplies left behind by Pathfinders, or treasures sealed away by an ancient civilization... All await discovery and opening."
490302943,3aeb028aeea526312ba961c09fb7c85791d14a5fad1e5f34f6a0c5ea05e5c4d4,"Mysterious chests are scattered across Idyll. They may be luggage lost by travelers, supplies left behind by Pathfinders, or treasures sealed away by an ancient civilization... All await discovery and opening."
490867241,3aeb028aeea526312ba961c09fb7c85791d14a5fad1e5f34f6a0c5ea05e5c4d4,"Mysterious chests are scattered across Idyll. They may be luggage lost by travelers, supplies left behind by Pathfinders, or treasures sealed away by an ancient civilization... All await discovery and opening."
491212172,3aeb028aeea526312ba961c09fb7c85791d14a5fad1e5f34f6a0c5ea05e5c4d4,"Mysterious chests are scattered across Idyll. They may be luggage lost by travelers, supplies left behind by Pathfinders, or treasures sealed away by an ancient civilization... All await discovery and opening."
491288955,3aeb028aeea526312ba961c09fb7c85791d14a5fad1e5f34f6a0c5ea05e5c4d4,"Mysterious chests are scattered across Idyll. They may be luggage lost by travelers, supplies left behind by Pathfinders, or treasures sealed away by an ancient civilization... All await discovery and opening."
491291313,3aeb028aeea526312ba961c09fb7c85791d14a5fad1e5f34f6a0c5ea05e5c4d4,"Mysterious chests are scattered across Idyll. They may be luggage lost by travelers, supplies left behind by Pathfinders, or treasures sealed away by an ancient civilization... All await discovery and opening."
491303659,3aeb028aeea526312ba961c09fb7c85791d14a5fad1e5f34f6a0c5ea05e5c4d4,"Mysterious chests are scattered across Idyll. They may be luggage lost by travelers, supplies left behind by Pathfinders, or treasures sealed away by an ancient civilization... All await discovery and opening."
491529184,3aeb028aeea526312ba961c09fb7c85791d14a5fad1e5f34f6a0c5ea05e5c4d4,"Mysterious chests are scattered across Idyll. They may be luggage lost by travelers, supplies left behind by Pathfinders, or treasures sealed away by an ancient civilization... All await discovery and opening."
491600582,3aeb028aeea526312ba961c09fb7c85791d14a5fad1e5f34f6a0c5ea05e5c4d4,"Mysterious chests are scattered across Idyll. They may be luggage lost by travelers, supplies left behind by Pathfinders, or treasures sealed away by an ancient civilization... All await discovery and opening."
491713248,3aeb028aeea526312ba961c09fb7c85791d14a5fad1e5f34f6a0c5ea05e5c4d4,"Mysterious chests are scattered across Idyll. They may be luggage lost by travelers, supplies left behind by Pathfinders, or treasures sealed away by an ancient civilization... All await discovery and opening."
491779753,3aeb028aeea526312ba961c09fb7c85791d14a5fad1e5f34f6a0c5ea05e5c4d4,"Mysterious chests are scattered across Idyll. They may be luggage lost by travelers, supplies left behind by Pathfinders, or treasures sealed away by an ancient civilization... All await discovery and opening."
492061517,3aeb028aeea526312ba961c09fb7c85791d14a5fad1e5f34f6a0c5ea05e5c4d4,"Mysterious chests are scattered across Idyll. They may be luggage lost by travelers, supplies left behind by Pathfinders, or treasures sealed away by an ancient civilization... All await discovery and opening."
492237939,3aeb028aeea526312ba961c09fb7c85791d14a5fad1e5f34f6a0c5ea05e5c4d4,"Mysterious chests are scattered across Idyll. They may be luggage lost by travelers, supplies left behind by Pathfinders, or treasures sealed away by an ancient civilization... All await discovery and opening."
492728245,3aeb028aeea526312ba961c09fb7c85791d14a5fad1e5f34f6a0c5ea05e5c4d4,"Mysterious chests are scattered across Idyll. They may be luggage lost by travelers, supplies left behind by Pathfinders, or treasures sealed away by an ancient civilization... All await discovery and opening."
492815767,3aeb028aeea526312ba961c09fb7c85791d14a5fad1e5f34f6a0c5ea05e5c4d4,"Mysterious chests are scattered across Idyll. They may be luggage lost by travelers, supplies left behind by Pathfinders, or treasures sealed away by an ancient civilization... All await discovery and opening."
492856202,3aeb028aeea526312ba961c09fb7c85791d14a5fad1e5f34f6a0c5ea05e5c4d4,"Mysterious chests are scattered across Idyll. They may be luggage lost by travelers, supplies left behind by Pathfinders, or treasures sealed away by an ancient civilization... All await discovery and opening."
493000973,3aeb028aeea526312ba961c09fb7c85791d14a5fad1e5f34f6a0c5ea05e5c4d4,"Mysterious chests are scattered across Idyll. They may be luggage lost by travelers, supplies left behind by Pathfinders, or treasures sealed away by an ancient civilization... All await discovery and opening."
493071730,3aeb028aeea526312ba961c09fb7c85791d14a5fad1e5f34f6a0c5ea05e5c4d4,"Mysterious chests are scattered across Idyll. They may be luggage lost by travelers, supplies left behind by Pathfinders, or treasures sealed away by an ancient civilization... All await discovery and opening."
493078933,3aeb028aeea526312ba961c09fb7c85791d14a5fad1e5f34f6a0c5ea05e5c4d4,"Mysterious chests are scattered across Idyll. They may be luggage lost by travelers, supplies left behind by Pathfinders, or treasures sealed away by an ancient civilization... All await discovery and opening."
493190684,3aeb028aeea526312ba961c09fb7c85791d14a5fad1e5f34f6a0c5ea05e5c4d4,"Mysterious chests are scattered across Idyll. They may be luggage lost by travelers, supplies left behind by Pathfinders, or treasures sealed away by an ancient civilization... All await discovery and opening."
493306054,3aeb028aeea526312ba961c09fb7c85791d14a5fad1e5f34f6a0c5ea05e5c4d4,"Mysterious chests are scattered across Idyll. They may be luggage lost by travelers, supplies left behind by Pathfinders, or treasures sealed away by an ancient civilization... All await discovery and opening."
493337054,3aeb028aeea526312ba961c09fb7c85791d14a5fad1e5f34f6a0c5ea05e5c4d4,"Mysterious chests are scattered across Idyll. They may be luggage lost by travelers, supplies left behind by Pathfinders, or treasures sealed away by an ancient civilization... All await discovery and opening."
493409238,3aeb028aeea526312ba961c09fb7c85791d14a5fad1e5f34f6a0c5ea05e5c4d4,"Mysterious chests are scattered across Idyll. They may be luggage lost by travelers, supplies left behind by Pathfinders, or treasures sealed away by an ancient civilization... All await discovery and opening."
493660364,3aeb028aeea526312ba961c09fb7c85791d14a5fad1e5f34f6a0c5ea05e5c4d4,"Mysterious chests are scattered across Idyll. They may be luggage lost by travelers, supplies left behind by Pathfinders, or treasures sealed away by an ancient civilization... All await discovery and opening."
494106731,3aeb028aeea526312ba961c09fb7c85791d14a5fad1e5f34f6a0c5ea05e5c4d4,"Mysterious chests are scattered across Idyll. They may be luggage lost by travelers, supplies left behind by Pathfinders, or treasures sealed away by an ancient civilization... All await discovery and opening."
494156118,3aeb028aeea526312ba961c09fb7c85791d14a5fad1e5f34f6a0c5ea05e5c4d4,"Mysterious chests are scattered across Idyll. They may be luggage lost by travelers, supplies left behind by Pathfinders, or treasures sealed away by an ancient civilization... All await discovery and opening."
494575219,3aeb028aeea526312ba961c09fb7c85791d14a5fad1e5f34f6a0c5ea05e5c4d4,"Mysterious chests are scattered across Idyll. They may be luggage lost by travelers, supplies left behind by Pathfinders, or treasures sealed away by an ancient civilization... All await discovery and opening."
495091834,3aeb028aeea526312ba961c09fb7c85791d14a5fad1e5f34f6a0c5ea05e5c4d4,"Mysterious chests are scattered across Idyll. They may be luggage lost by travelers, supplies left behind by Pathfinders, or treasures sealed away by an ancient civilization... All await discovery and opening."
495218124,3aeb028aeea526312ba961c09fb7c85791d14a5fad1e5f34f6a0c5ea05e5c4d4,"Mysterious chests are scattered across Idyll. They may be luggage lost by travelers, supplies left behind by Pathfinders, or treasures sealed away by an ancient civilization... All await discovery and opening."
495492334,3aeb028aeea526312ba961c09fb7c85791d14a5fad1e5f34f6a0c5ea05e5c4d4,"Mysterious chests are scattered across Idyll. They may be luggage lost by travelers, supplies left behind by Pathfinders, or treasures sealed away by an ancient civilization... All await discovery and opening."
495930826,3aeb028aeea526312ba961c09fb7c85791d14a5fad1e5f34f6a0c5ea05e5c4d4,"Mysterious chests are scattered across Idyll. They may be luggage lost by travelers, supplies left behind by Pathfinders, or treasures sealed away by an ancient civilization... All await discovery and opening."
496434679,3aeb028aeea526312ba961c09fb7c85791d14a5fad1e5f34f6a0c5ea05e5c4d4,"Mysterious chests are scattered across Idyll. They may be luggage lost by travelers, supplies left behind by Pathfinders, or treasures sealed away by an ancient civilization... All await discovery and opening."
497143512,3aeb028aeea526312ba961c09fb7c85791d14a5fad1e5f34f6a0c5ea05e5c4d4,"Mysterious chests are scattered across Idyll. They may be luggage lost by travelers, supplies left behind by Pathfinders, or treasures sealed away by an ancient civilization... All await discovery and opening."
497299472,3aeb028aeea526312ba961c09fb7c85791d14a5fad1e5f34f6a0c5ea05e5c4d4,"Mysterious chests are scattered across Idyll. They may be luggage lost by travelers, supplies left behind by Pathfinders, or treasures sealed away by an ancient civilization... All await discovery and opening."
497613147,3aeb028aeea526312ba961c09fb7c85791d14a5fad1e5f34f6a0c5ea05e5c4d4,"Mysterious chests are scattered across Idyll. They may be luggage lost by travelers, supplies left behind by Pathfinders, or treasures sealed away by an ancient civilization... All await discovery and opening."
497651651,3aeb028aeea526312ba961c09fb7c85791d14a5fad1e5f34f6a0c5ea05e5c4d4,"Mysterious chests are scattered across Idyll. They may be luggage lost by travelers, supplies left behind by Pathfinders, or treasures sealed away by an ancient civilization... All await discovery and opening."
497780780,3aeb028aeea526312ba961c09fb7c85791d14a5fad1e5f34f6a0c5ea05e5c4d4,"Mysterious chests are scattered across Idyll. They may be luggage lost by travelers, supplies left behind by Pathfinders, or treasures sealed away by an ancient civilization... All await discovery and opening."
497799630,3aeb028aeea526312ba961c09fb7c85791d14a5fad1e5f34f6a0c5ea05e5c4d4,"Mysterious chests are scattered across Idyll. They may be luggage lost by travelers, supplies left behind by Pathfinders, or treasures sealed away by an ancient civilization... All await discovery and opening."
497864846,3aeb028aeea526312ba961c09fb7c85791d14a5fad1e5f34f6a0c5ea05e5c4d4,"Mysterious chests are scattered across Idyll. They may be luggage lost by travelers, supplies left behind by Pathfinders, or treasures sealed away by an ancient civilization... All await discovery and opening."
497905643,3aeb028aeea526312ba961c09fb7c85791d14a5fad1e5f34f6a0c5ea05e5c4d4,"Mysterious chests are scattered across Idyll. They may be luggage lost by travelers, supplies left behind by Pathfinders, or treasures sealed away by an ancient civilization... All await discovery and opening."
498265209,3aeb028aeea526312ba961c09fb7c85791d14a5fad1e5f34f6a0c5ea05e5c4d4,"Mysterious chests are scattered across Idyll. They may be luggage lost by travelers, supplies left behind by Pathfinders, or treasures sealed away by an ancient civilization... All await discovery and opening."
498337209,3aeb028aeea526312ba961c09fb7c85791d14a5fad1e5f34f6a0c5ea05e5c4d4,"Mysterious chests are scattered across Idyll. They may be luggage lost by travelers, supplies left behind by Pathfinders, or treasures sealed away by an ancient civilization... All await discovery and opening."
498350969,3aeb028aeea526312ba961c09fb7c85791d14a5fad1e5f34f6a0c5ea05e5c4d4,"Mysterious chests are scattered across Idyll. They may be luggage lost by travelers, supplies left behind by Pathfinders, or treasures sealed away by an ancient civilization... All await discovery and opening."
498561800,3aeb028aeea526312ba961c09fb7c85791d14a5fad1e5f34f6a0c5ea05e5c4d4,"Mysterious chests are scattered across Idyll. They may be luggage lost by travelers, supplies left behind by Pathfinders, or treasures sealed away by an ancient civilization... All await discovery and opening."
498671974,3aeb028aeea526312ba961c09fb7c85791d14a5fad1e5f34f6a0c5ea05e5c4d4,"Mysterious chests are scattered across Idyll. They may be luggage lost by travelers, supplies left behind by Pathfinders, or treasures sealed away by an ancient civilization... All await discovery and opening."
498794145,3aeb028aeea526312ba961c09fb7c85791d14a5fad1e5f34f6a0c5ea05e5c4d4,"Mysterious chests are scattered across Idyll. They may be luggage lost by travelers, supplies left behind by Pathfinders, or treasures sealed away by an ancient civilization... All await discovery and opening."
498830691,3aeb028aeea526312ba961c09fb7c85791d14a5fad1e5f34f6a0c5ea05e5c4d4,"Mysterious chests are scattered across Idyll. They may be luggage lost by travelers, supplies left behind by Pathfinders, or treasures sealed away by an ancient civilization... All await discovery and opening."
498905979,3aeb028aeea526312ba961c09fb7c85791d14a5fad1e5f34f6a0c5ea05e5c4d4,"Mysterious chests are scattered across Idyll. They may be luggage lost by travelers, supplies left behind by Pathfinders, or treasures sealed away by an ancient civilization... All await discovery and opening."
498955097,3aeb028aeea526312ba961c09fb7c85791d14a5fad1e5f34f6a0c5ea05e5c4d4,"Mysterious chests are scattered across Idyll. They may be luggage lost by travelers, supplies left behind by Pathfinders, or treasures sealed away by an ancient civilization... All await discovery and opening."
499013442,3aeb028aeea526312ba961c09fb7c85791d14a5fad1e5f34f6a0c5ea05e5c4d4,"Mysterious chests are scattered across Idyll. They may be luggage lost by travelers, supplies left behind by Pathfinders, or treasures sealed away by an ancient civilization... All await discovery and opening."
499128258,3aeb028aeea526312ba961c09fb7c85791d14a5fad1e5f34f6a0c5ea05e5c4d4,"Mysterious chests are scattered across Idyll. They may be luggage lost by travelers, supplies left behind by Pathfinders, or treasures sealed away by an ancient civilization... All await discovery and opening."
499575745,3aeb028aeea526312ba961c09fb7c85791d14a5fad1e5f34f6a0c5ea05e5c4d4,"Mysterious chests are scattered across Idyll. They may be luggage lost by travelers, supplies left behind by Pathfinders, or treasures sealed away by an ancient civilization... All await discovery and opening."
499635928,3aeb028aeea526312ba961c09fb7c85791d14a5fad1e5f34f6a0c5ea05e5c4d4,"Mysterious chests are scattered across Idyll. They may be luggage lost by travelers, supplies left behind by Pathfinders, or treasures sealed away by an ancient civilization... All await discovery and opening."
499698356,3aeb028aeea526312ba961c09fb7c85791d14a5fad1e5f34f6a0c5ea05e5c4d4,"Mysterious chests are scattered across Idyll. They may be luggage lost by travelers, supplies left behind by Pathfinders, or treasures sealed away by an ancient civilization... All await discovery and opening."
499763676,3aeb028aeea526312ba961c09fb7c85791d14a5fad1e5f34f6a0c5ea05e5c4d4,"Mysterious chests are scattered across Idyll. They may be luggage lost by travelers, supplies left behind by Pathfinders, or treasures sealed away by an ancient civilization... All await discovery and opening."
499811067,3aeb028aeea526312ba961c09fb7c85791d14a5fad1e5f34f6a0c5ea05e5c4d4,"Mysterious chests are scattered across Idyll. They may be luggage lost by travelers, supplies left behind by Pathfinders, or treasures sealed away by an ancient civilization... All await discovery and opening."
500200808,3aeb028aeea526312ba961c09fb7c85791d14a5fad1e5f34f6a0c5ea05e5c4d4,"Mysterious chests are scattered across Idyll. They may be luggage lost by travelers, supplies left behind by Pathfinders, or treasures sealed away by an ancient civilization... All await discovery and opening."
500439607,3aeb028aeea526312ba961c09fb7c85791d14a5fad1e5f34f6a0c5ea05e5c4d4,"Mysterious chests are scattered across Idyll. They may be luggage lost by travelers, supplies left behind by Pathfinders, or treasures sealed away by an ancient civilization... All await discovery and opening."
500462238,3aeb028aeea526312ba961c09fb7c85791d14a5fad1e5f34f6a0c5ea05e5c4d4,"Mysterious chests are scattered across Idyll. They may be luggage lost by travelers, supplies left behind by Pathfinders, or treasures sealed away by an ancient civilization... All await discovery and opening."
500802227,3aeb028aeea526312ba961c09fb7c85791d14a5fad1e5f34f6a0c5ea05e5c4d4,"Mysterious chests are scattered across Idyll. They may be luggage lost by travelers, supplies left behind by Pathfinders, or treasures sealed away by an ancient civilization... All await discovery and opening."
500904745,3aeb028aeea526312ba961c09fb7c85791d14a5fad1e5f34f6a0c5ea05e5c4d4,"Mysterious chests are scattered across Idyll. They may be luggage lost by travelers, supplies left behind by Pathfinders, or treasures sealed away by an ancient civilization... All await discovery and opening."
500975577,3aeb028aeea526312ba961c09fb7c85791d14a5fad1e5f34f6a0c5ea05e5c4d4,"Mysterious chests are scattered across Idyll. They may be luggage lost by travelers, supplies left behind by Pathfinders, or treasures sealed away by an ancient civilization... All await discovery and opening."
501061653,3aeb028aeea526312ba961c09fb7c85791d14a5fad1e5f34f6a0c5ea05e5c4d4,"Mysterious chests are scattered across Idyll. They may be luggage lost by travelers, supplies left behind by Pathfinders, or treasures sealed away by an ancient civilization... All await discovery and opening."
501075661,3aeb028aeea526312ba961c09fb7c85791d14a5fad1e5f34f6a0c5ea05e5c4d4,"Mysterious chests are scattered across Idyll. They may be luggage lost by travelers, supplies left behind by Pathfinders, or treasures sealed away by an ancient civilization... All await discovery and opening."
501095627,3aeb028aeea526312ba961c09fb7c85791d14a5fad1e5f34f6a0c5ea05e5c4d4,"Mysterious chests are scattered across Idyll. They may be luggage lost by travelers, supplies left behind by Pathfinders, or treasures sealed away by an ancient civilization... All await discovery and opening."
501288493,3aeb028aeea526312ba961c09fb7c85791d14a5fad1e5f34f6a0c5ea05e5c4d4,"Mysterious chests are scattered across Idyll. They may be luggage lost by travelers, supplies left behind by Pathfinders, or treasures sealed away by an ancient civilization... All await discovery and opening."
501363150,3aeb028aeea526312ba961c09fb7c85791d14a5fad1e5f34f6a0c5ea05e5c4d4,"Mysterious chests are scattered across Idyll. They may be luggage lost by travelers, supplies left behind by Pathfinders, or treasures sealed away by an ancient civilization... All await discovery and opening."
501431593,3aeb028aeea526312ba961c09fb7c85791d14a5fad1e5f34f6a0c5ea05e5c4d4,"Mysterious chests are scattered across Idyll. They may be luggage lost by travelers, supplies left behind by Pathfinders, or treasures sealed away by an ancient civilization... All await discovery and opening."
501899774,3aeb028aeea526312ba961c09fb7c85791d14a5fad1e5f34f6a0c5ea05e5c4d4,"Mysterious chests are scattered across Idyll. They may be luggage lost by travelers, supplies left behind by Pathfinders, or treasures sealed away by an ancient civilization... All await discovery and opening."
501971088,3aeb028aeea526312ba961c09fb7c85791d14a5fad1e5f34f6a0c5ea05e5c4d4,"Mysterious chests are scattered across Idyll. They may be luggage lost by travelers, supplies left behind by Pathfinders, or treasures sealed away by an ancient civilization... All await discovery and opening."
502076568,3aeb028aeea526312ba961c09fb7c85791d14a5fad1e5f34f6a0c5ea05e5c4d4,"Mysterious chests are scattered across Idyll. They may be luggage lost by travelers, supplies left behind by Pathfinders, or treasures sealed away by an ancient civilization... All await discovery and opening."
502260364,3aeb028aeea526312ba961c09fb7c85791d14a5fad1e5f34f6a0c5ea05e5c4d4,"Mysterious chests are scattered across Idyll. They may be luggage lost by travelers, supplies left behind by Pathfinders, or treasures sealed away by an ancient civilization... All await discovery and opening."
502543088,3aeb028aeea526312ba961c09fb7c85791d14a5fad1e5f34f6a0c5ea05e5c4d4,"Mysterious chests are scattered across Idyll. They may be luggage lost by travelers, supplies left behind by Pathfinders, or treasures sealed away by an ancient civilization... All await discovery and opening."
502582784,3aeb028aeea526312ba961c09fb7c85791d14a5fad1e5f34f6a0c5ea05e5c4d4,"Mysterious chests are scattered across Idyll. They may be luggage lost by travelers, supplies left behind by Pathfinders, or treasures sealed away by an ancient civilization... All await discovery and opening."
502895724,3aeb028aeea526312ba961c09fb7c85791d14a5fad1e5f34f6a0c5ea05e5c4d4,"Mysterious chests are scattered across Idyll. They may be luggage lost by travelers, supplies left behind by Pathfinders, or treasures sealed away by an ancient civilization... All await discovery and opening."
503023215,3aeb028aeea526312ba961c09fb7c85791d14a5fad1e5f34f6a0c5ea05e5c4d4,"Mysterious chests are scattered across Idyll. They may be luggage lost by travelers, supplies left behind by Pathfinders, or treasures sealed away by an ancient civilization... All await discovery and opening."
503050853,3aeb028aeea526312ba961c09fb7c85791d14a5fad1e5f34f6a0c5ea05e5c4d4,"Mysterious chests are scattered across Idyll. They may be luggage lost by travelers, supplies left behind by Pathfinders, or treasures sealed away by an ancient civilization... All await discovery and opening."
503067366,3aeb028aeea526312ba961c09fb7c85791d14a5fad1e5f34f6a0c5ea05e5c4d4,"Mysterious chests are scattered across Idyll. They may be luggage lost by travelers, supplies left behind by Pathfinders, or treasures sealed away by an ancient civilization... All await discovery and opening."
503372214,3aeb028aeea526312ba961c09fb7c85791d14a5fad1e5f34f6a0c5ea05e5c4d4,"Mysterious chests are scattered across Idyll. They may be luggage lost by travelers, supplies left behind by Pathfinders, or treasures sealed away by an ancient civilization... All await discovery and opening."
503496371,3aeb028aeea526312ba961c09fb7c85791d14a5fad1e5f34f6a0c5ea05e5c4d4,"Mysterious chests are scattered across Idyll. They may be luggage lost by travelers, supplies left behind by Pathfinders, or treasures sealed away by an ancient civilization... All await discovery and opening."
503528671,3aeb028aeea526312ba961c09fb7c85791d14a5fad1e5f34f6a0c5ea05e5c4d4,"Mysterious chests are scattered across Idyll. They may be luggage lost by travelers, supplies left behind by Pathfinders, or treasures sealed away by an ancient civilization... All await discovery and opening."
503617829,3aeb028aeea526312ba961c09fb7c85791d14a5fad1e5f34f6a0c5ea05e5c4d4,"Mysterious chests are scattered across Idyll. They may be luggage lost by travelers, supplies left behind by Pathfinders, or treasures sealed away by an ancient civilization... All await discovery and opening."
503687434,3aeb028aeea526312ba961c09fb7c85791d14a5fad1e5f34f6a0c5ea05e5c4d4,"Mysterious chests are scattered across Idyll. They may be luggage lost by travelers, supplies left behind by Pathfinders, or treasures sealed away by an ancient civilization... All await discovery and opening."
504098951,3aeb028aeea526312ba961c09fb7c85791d14a5fad1e5f34f6a0c5ea05e5c4d4,"Mysterious chests are scattered across Idyll. They may be luggage lost by travelers, supplies left behind by Pathfinders, or treasures sealed away by an ancient civilization... All await discovery and opening."
504130582,3aeb028aeea526312ba961c09fb7c85791d14a5fad1e5f34f6a0c5ea05e5c4d4,"Mysterious chests are scattered across Idyll. They may be luggage lost by travelers, supplies left behind by Pathfinders, or treasures sealed away by an ancient civilization... All await discovery and opening."
504319574,3aeb028aeea526312ba961c09fb7c85791d14a5fad1e5f34f6a0c5ea05e5c4d4,"Mysterious chests are scattered across Idyll. They may be luggage lost by travelers, supplies left behind by Pathfinders, or treasures sealed away by an ancient civilization... All await discovery and opening."
504347640,3aeb028aeea526312ba961c09fb7c85791d14a5fad1e5f34f6a0c5ea05e5c4d4,"Mysterious chests are scattered across Idyll. They may be luggage lost by travelers, supplies left behind by Pathfinders, or treasures sealed away by an ancient civilization... All await discovery and opening."
504435892,3aeb028aeea526312ba961c09fb7c85791d14a5fad1e5f34f6a0c5ea05e5c4d4,"Mysterious chests are scattered across Idyll. They may be luggage lost by travelers, supplies left behind by Pathfinders, or treasures sealed away by an ancient civilization... All await discovery and opening."
504512663,3aeb028aeea526312ba961c09fb7c85791d14a5fad1e5f34f6a0c5ea05e5c4d4,"Mysterious chests are scattered across Idyll. They may be luggage lost by travelers, supplies left behind by Pathfinders, or treasures sealed away by an ancient civilization... All await discovery and opening."
504754816,3aeb028aeea526312ba961c09fb7c85791d14a5fad1e5f34f6a0c5ea05e5c4d4,"Mysterious chests are scattered across Idyll. They may be luggage lost by travelers, supplies left behind by Pathfinders, or treasures sealed away by an ancient civilization... All await discovery and opening."
504820392,3aeb028aeea526312ba961c09fb7c85791d14a5fad1e5f34f6a0c5ea05e5c4d4,"Mysterious chests are scattered across Idyll. They may be luggage lost by travelers, supplies left behind by Pathfinders, or treasures sealed away by an ancient civilization... All await discovery and opening."
504968005,3aeb028aeea526312ba961c09fb7c85791d14a5fad1e5f34f6a0c5ea05e5c4d4,"Mysterious chests are scattered across Idyll. They may be luggage lost by travelers, supplies left behind by Pathfinders, or treasures sealed away by an ancient civilization... All await discovery and opening."
504968257,3aeb028aeea526312ba961c09fb7c85791d14a5fad1e5f34f6a0c5ea05e5c4d4,"Mysterious chests are scattered across Idyll. They may be luggage lost by travelers, supplies left behind by Pathfinders, or treasures sealed away by an ancient civilization... All await discovery and opening."
505064910,3aeb028aeea526312ba961c09fb7c85791d14a5fad1e5f34f6a0c5ea05e5c4d4,"Mysterious chests are scattered across Idyll. They may be luggage lost by travelers, supplies left behind by Pathfinders, or treasures sealed away by an ancient civilization... All await discovery and opening."
505092568,3aeb028aeea526312ba961c09fb7c85791d14a5fad1e5f34f6a0c5ea05e5c4d4,"Mysterious chests are scattered across Idyll. They may be luggage lost by travelers, supplies left behind by Pathfinders, or treasures sealed away by an ancient civilization... All await discovery and opening."
505206741,3aeb028aeea526312ba961c09fb7c85791d14a5fad1e5f34f6a0c5ea05e5c4d4,"Mysterious chests are scattered across Idyll. They may be luggage lost by travelers, supplies left behind by Pathfinders, or treasures sealed away by an ancient civilization... All await discovery and opening."
505221574,3aeb028aeea526312ba961c09fb7c85791d14a5fad1e5f34f6a0c5ea05e5c4d4,"Mysterious chests are scattered across Idyll. They may be luggage lost by travelers, supplies left behind by Pathfinders, or treasures sealed away by an ancient civilization... All await discovery and opening."
505275238,3aeb028aeea526312ba961c09fb7c85791d14a5fad1e5f34f6a0c5ea05e5c4d4,"Mysterious chests are scattered across Idyll. They may be luggage lost by travelers, supplies left behind by Pathfinders, or treasures sealed away by an ancient civilization... All await discovery and opening."
505541681,3aeb028aeea526312ba961c09fb7c85791d14a5fad1e5f34f6a0c5ea05e5c4d4,"Mysterious chests are scattered across Idyll. They may be luggage lost by travelers, supplies left behind by Pathfinders, or treasures sealed away by an ancient civilization... All await discovery and opening."
505590032,3aeb028aeea526312ba961c09fb7c85791d14a5fad1e5f34f6a0c5ea05e5c4d4,"Mysterious chests are scattered across Idyll. They may be luggage lost by travelers, supplies left behind by Pathfinders, or treasures sealed away by an ancient civilization... All await discovery and opening."
505651019,3aeb028aeea526312ba961c09fb7c85791d14a5fad1e5f34f6a0c5ea05e5c4d4,"Mysterious chests are scattered across Idyll. They may be luggage lost by travelers, supplies left behind by Pathfinders, or treasures sealed away by an ancient civilization... All await discovery and opening."
505870833,3aeb028aeea526312ba961c09fb7c85791d14a5fad1e5f34f6a0c5ea05e5c4d4,"Mysterious chests are scattered across Idyll. They may be luggage lost by travelers, supplies left behind by Pathfinders, or treasures sealed away by an ancient civilization... All await discovery and opening."
505982552,3aeb028aeea526312ba961c09fb7c85791d14a5fad1e5f34f6a0c5ea05e5c4d4,"Mysterious chests are scattered across Idyll. They may be luggage lost by travelers, supplies left behind by Pathfinders, or treasures sealed away by an ancient civilization... All await discovery and opening."
506007608,3aeb028aeea526312ba961c09fb7c85791d14a5fad1e5f34f6a0c5ea05e5c4d4,"Mysterious chests are scattered across Idyll. They may be luggage lost by travelers, supplies left behind by Pathfinders, or treasures sealed away by an ancient civilization... All await discovery and opening."
506466742,3aeb028aeea526312ba961c09fb7c85791d14a5fad1e5f34f6a0c5ea05e5c4d4,"Mysterious chests are scattered across Idyll. They may be luggage lost by travelers, supplies left behind by Pathfinders, or treasures sealed away by an ancient civilization... All await discovery and opening."
507034448,3aeb028aeea526312ba961c09fb7c85791d14a5fad1e5f34f6a0c5ea05e5c4d4,"Mysterious chests are scattered across Idyll. They may be luggage lost by travelers, supplies left behind by Pathfinders, or treasures sealed away by an ancient civilization... All await discovery and opening."
507275344,3aeb028aeea526312ba961c09fb7c85791d14a5fad1e5f34f6a0c5ea05e5c4d4,"Mysterious chests are scattered across Idyll. They may be luggage lost by travelers, supplies left behind by Pathfinders, or treasures sealed away by an ancient civilization... All await discovery and opening."
507616998,3aeb028aeea526312ba961c09fb7c85791d14a5fad1e5f34f6a0c5ea05e5c4d4,"Mysterious chests are scattered across Idyll. They may be luggage lost by travelers, supplies left behind by Pathfinders, or treasures sealed away by an ancient civilization... All await discovery and opening."
507773673,3aeb028aeea526312ba961c09fb7c85791d14a5fad1e5f34f6a0c5ea05e5c4d4,"Mysterious chests are scattered across Idyll. They may be luggage lost by travelers, supplies left behind by Pathfinders, or treasures sealed away by an ancient civilization... All await discovery and opening."
508126358,3aeb028aeea526312ba961c09fb7c85791d14a5fad1e5f34f6a0c5ea05e5c4d4,"Mysterious chests are scattered across Idyll. They may be luggage lost by travelers, supplies left behind by Pathfinders, or treasures sealed away by an ancient civilization... All await discovery and opening."
508300024,3aeb028aeea526312ba961c09fb7c85791d14a5fad1e5f34f6a0c5ea05e5c4d4,"Mysterious chests are scattered across Idyll. They may be luggage lost by travelers, supplies left behind by Pathfinders, or treasures sealed away by an ancient civilization... All await discovery and opening."
508335813,3aeb028aeea526312ba961c09fb7c85791d14a5fad1e5f34f6a0c5ea05e5c4d4,"Mysterious chests are scattered across Idyll. They may be luggage lost by travelers, supplies left behind by Pathfinders, or treasures sealed away by an ancient civilization... All await discovery and opening."
508337611,3aeb028aeea526312ba961c09fb7c85791d14a5fad1e5f34f6a0c5ea05e5c4d4,"Mysterious chests are scattered across Idyll. They may be luggage lost by travelers, supplies left behind by Pathfinders, or treasures sealed away by an ancient civilization... All await discovery and opening."
508353985,3aeb028aeea526312ba961c09fb7c85791d14a5fad1e5f34f6a0c5ea05e5c4d4,"Mysterious chests are scattered across Idyll. They may be luggage lost by travelers, supplies left behind by Pathfinders, or treasures sealed away by an ancient civilization... All await discovery and opening."
508396266,3aeb028aeea526312ba961c09fb7c85791d14a5fad1e5f34f6a0c5ea05e5c4d4,"Mysterious chests are scattered across Idyll. They may be luggage lost by travelers, supplies left behind by Pathfinders, or treasures sealed away by an ancient civilization... All await discovery and opening."
508585029,3aeb028aeea526312ba961c09fb7c85791d14a5fad1e5f34f6a0c5ea05e5c4d4,"Mysterious chests are scattered across Idyll. They may be luggage lost by travelers, supplies left behind by Pathfinders, or treasures sealed away by an ancient civilization... All await discovery and opening."
508694639,3aeb028aeea526312ba961c09fb7c85791d14a5fad1e5f34f6a0c5ea05e5c4d4,"Mysterious chests are scattered across Idyll. They may be luggage lost by travelers, supplies left behind by Pathfinders, or treasures sealed away by an ancient civilization... All await discovery and opening."
508885291,3aeb028aeea526312ba961c09fb7c85791d14a5fad1e5f34f6a0c5ea05e5c4d4,"Mysterious chests are scattered across Idyll. They may be luggage lost by travelers, supplies left behind by Pathfinders, or treasures sealed away by an ancient civilization... All await discovery and opening."
508893639,3aeb028aeea526312ba961c09fb7c85791d14a5fad1e5f34f6a0c5ea05e5c4d4,"Mysterious chests are scattered across Idyll. They may be luggage lost by travelers, supplies left behind by Pathfinders, or treasures sealed away by an ancient civilization... All await discovery and opening."
509218347,3aeb028aeea526312ba961c09fb7c85791d14a5fad1e5f34f6a0c5ea05e5c4d4,"Mysterious chests are scattered across Idyll. They may be luggage lost by travelers, supplies left behind by Pathfinders, or treasures sealed away by an ancient civilization... All await discovery and opening."
509690773,3aeb028aeea526312ba961c09fb7c85791d14a5fad1e5f34f6a0c5ea05e5c4d4,"Mysterious chests are scattered across Idyll. They may be luggage lost by travelers, supplies left behind by Pathfinders, or treasures sealed away by an ancient civilization... All await discovery and opening."
509741978,3aeb028aeea526312ba961c09fb7c85791d14a5fad1e5f34f6a0c5ea05e5c4d4,"Mysterious chests are scattered across Idyll. They may be luggage lost by travelers, supplies left behind by Pathfinders, or treasures sealed away by an ancient civilization... All await discovery and opening."
509993658,3aeb028aeea526312ba961c09fb7c85791d14a5fad1e5f34f6a0c5ea05e5c4d4,"Mysterious chests are scattered across Idyll. They may be luggage lost by travelers, supplies left behind by Pathfinders, or treasures sealed away by an ancient civilization... All await discovery and opening."
510299075,3aeb028aeea526312ba961c09fb7c85791d14a5fad1e5f34f6a0c5ea05e5c4d4,"Mysterious chests are scattered across Idyll. They may be luggage lost by travelers, supplies left behind by Pathfinders, or treasures sealed away by an ancient civilization... All await discovery and opening."
510464986,3aeb028aeea526312ba961c09fb7c85791d14a5fad1e5f34f6a0c5ea05e5c4d4,"Mysterious chests are scattered across Idyll. They may be luggage lost by travelers, supplies left behind by Pathfinders, or treasures sealed away by an ancient civilization... All await discovery and opening."
510688037,3aeb028aeea526312ba961c09fb7c85791d14a5fad1e5f34f6a0c5ea05e5c4d4,"Mysterious chests are scattered across Idyll. They may be luggage lost by travelers, supplies left behind by Pathfinders, or treasures sealed away by an ancient civilization... All await discovery and opening."
510729263,3aeb028aeea526312ba961c09fb7c85791d14a5fad1e5f34f6a0c5ea05e5c4d4,"Mysterious chests are scattered across Idyll. They may be luggage lost by travelers, supplies left behind by Pathfinders, or treasures sealed away by an ancient civilization... All await discovery and opening."
510812785,3aeb028aeea526312ba961c09fb7c85791d14a5fad1e5f34f6a0c5ea05e5c4d4,"Mysterious chests are scattered across Idyll. They may be luggage lost by travelers, supplies left behind by Pathfinders, or treasures sealed away by an ancient civilization... All await discovery and opening."
511414252,3aeb028aeea526312ba961c09fb7c85791d14a5fad1e5f34f6a0c5ea05e5c4d4,"Mysterious chests are scattered across Idyll. They may be luggage lost by travelers, supplies left behind by Pathfinders, or treasures sealed away by an ancient civilization... All await discovery and opening."
511449198,3aeb028aeea526312ba961c09fb7c85791d14a5fad1e5f34f6a0c5ea05e5c4d4,"Mysterious chests are scattered across Idyll. They may be luggage lost by travelers, supplies left behind by Pathfinders, or treasures sealed away by an ancient civilization... All await discovery and opening."
511594284,3aeb028aeea526312ba961c09fb7c85791d14a5fad1e5f34f6a0c5ea05e5c4d4,"Mysterious chests are scattered across Idyll. They may be luggage lost by travelers, supplies left behind by Pathfinders, or treasures sealed away by an ancient civilization... All await discovery and opening."
511624593,3aeb028aeea526312ba961c09fb7c85791d14a5fad1e5f34f6a0c5ea05e5c4d4,"Mysterious chests are scattered across Idyll. They may be luggage lost by travelers, supplies left behind by Pathfinders, or treasures sealed away by an ancient civilization... All await discovery and opening."
511678358,3aeb028aeea526312ba961c09fb7c85791d14a5fad1e5f34f6a0c5ea05e5c4d4,"Mysterious chests are scattered across Idyll. They may be luggage lost by travelers, supplies left behind by Pathfinders, or treasures sealed away by an ancient civilization... All await discovery and opening."
511859305,3aeb028aeea526312ba961c09fb7c85791d14a5fad1e5f34f6a0c5ea05e5c4d4,"Mysterious chests are scattered across Idyll. They may be luggage lost by travelers, supplies left behind by Pathfinders, or treasures sealed away by an ancient civilization... All await discovery and opening."
512320592,3aeb028aeea526312ba961c09fb7c85791d14a5fad1e5f34f6a0c5ea05e5c4d4,"Mysterious chests are scattered across Idyll. They may be luggage lost by travelers, supplies left behind by Pathfinders, or treasures sealed away by an ancient civilization... All await discovery and opening."
512480307,3aeb028aeea526312ba961c09fb7c85791d14a5fad1e5f34f6a0c5ea05e5c4d4,"Mysterious chests are scattered across Idyll. They may be luggage lost by travelers, supplies left behind by Pathfinders, or treasures sealed away by an ancient civilization... All await discovery and opening."
512576183,3aeb028aeea526312ba961c09fb7c85791d14a5fad1e5f34f6a0c5ea05e5c4d4,"Mysterious chests are scattered across Idyll. They may be luggage lost by travelers, supplies left behind by Pathfinders, or treasures sealed away by an ancient civilization... All await discovery and opening."
512812791,3aeb028aeea526312ba961c09fb7c85791d14a5fad1e5f34f6a0c5ea05e5c4d4,"Mysterious chests are scattered across Idyll. They may be luggage lost by travelers, supplies left behind by Pathfinders, or treasures sealed away by an ancient civilization... All await discovery and opening."
512828276,3aeb028aeea526312ba961c09fb7c85791d14a5fad1e5f34f6a0c5ea05e5c4d4,"Mysterious chests are scattered across Idyll. They may be luggage lost by travelers, supplies left behind by Pathfinders, or treasures sealed away by an ancient civilization... All await discovery and opening."
512899525,3aeb028aeea526312ba961c09fb7c85791d14a5fad1e5f34f6a0c5ea05e5c4d4,"Mysterious chests are scattered across Idyll. They may be luggage lost by travelers, supplies left behind by Pathfinders, or treasures sealed away by an ancient civilization... All await discovery and opening."
513216919,3aeb028aeea526312ba961c09fb7c85791d14a5fad1e5f34f6a0c5ea05e5c4d4,"Mysterious chests are scattered across Idyll. They may be luggage lost by travelers, supplies left behind by Pathfinders, or treasures sealed away by an ancient civilization... All await discovery and opening."
513380913,3aeb028aeea526312ba961c09fb7c85791d14a5fad1e5f34f6a0c5ea05e5c4d4,"Mysterious chests are scattered across Idyll. They may be luggage lost by travelers, supplies left behind by Pathfinders, or treasures sealed away by an ancient civilization... All await discovery and opening."
513820455,3aeb028aeea526312ba961c09fb7c85791d14a5fad1e5f34f6a0c5ea05e5c4d4,"Mysterious chests are scattered across Idyll. They may be luggage lost by travelers, supplies left behind by Pathfinders, or treasures sealed away by an ancient civilization... All await discovery and opening."
513854395,3aeb028aeea526312ba961c09fb7c85791d14a5fad1e5f34f6a0c5ea05e5c4d4,"Mysterious chests are scattered across Idyll. They may be luggage lost by travelers, supplies left behind by Pathfinders, or treasures sealed away by an ancient civilization... All await discovery and opening."
513882104,3aeb028aeea526312ba961c09fb7c85791d14a5fad1e5f34f6a0c5ea05e5c4d4,"Mysterious chests are scattered across Idyll. They may be luggage lost by travelers, supplies left behind by Pathfinders, or treasures sealed away by an ancient civilization... All await discovery and opening."
513996860,3aeb028aeea526312ba961c09fb7c85791d14a5fad1e5f34f6a0c5ea05e5c4d4,"Mysterious chests are scattered across Idyll. They may be luggage lost by travelers, supplies left behind by Pathfinders, or treasures sealed away by an ancient civilization... All await discovery and opening."
514009450,3aeb028aeea526312ba961c09fb7c85791d14a5fad1e5f34f6a0c5ea05e5c4d4,"Mysterious chests are scattered across Idyll. They may be luggage lost by travelers, supplies left behind by Pathfinders, or treasures sealed away by an ancient civilization... All await discovery and opening."
514043487,3aeb028aeea526312ba961c09fb7c85791d14a5fad1e5f34f6a0c5ea05e5c4d4,"Mysterious chests are scattered across Idyll. They may be luggage lost by travelers, supplies left behind by Pathfinders, or treasures sealed away by an ancient civilization... All await discovery and opening."
514381689,3aeb028aeea526312ba961c09fb7c85791d14a5fad1e5f34f6a0c5ea05e5c4d4,"Mysterious chests are scattered across Idyll. They may be luggage lost by travelers, supplies left behind by Pathfinders, or treasures sealed away by an ancient civilization... All await discovery and opening."
514421456,3aeb028aeea526312ba961c09fb7c85791d14a5fad1e5f34f6a0c5ea05e5c4d4,"Mysterious chests are scattered across Idyll. They may be luggage lost by travelers, supplies left behind by Pathfinders, or treasures sealed away by an ancient civilization... All await discovery and opening."
514462875,3aeb028aeea526312ba961c09fb7c85791d14a5fad1e5f34f6a0c5ea05e5c4d4,"Mysterious chests are scattered across Idyll. They may be luggage lost by travelers, supplies left behind by Pathfinders, or treasures sealed away by an ancient civilization... All await discovery and opening."
514589784,3aeb028aeea526312ba961c09fb7c85791d14a5fad1e5f34f6a0c5ea05e5c4d4,"Mysterious chests are scattered across Idyll. They may be luggage lost by travelers, supplies left behind by Pathfinders, or treasures sealed away by an ancient civilization... All await discovery and opening."
514693748,3aeb028aeea526312ba961c09fb7c85791d14a5fad1e5f34f6a0c5ea05e5c4d4,"Mysterious chests are scattered across Idyll. They may be luggage lost by travelers, supplies left behind by Pathfinders, or treasures sealed away by an ancient civilization... All await discovery and opening."
514702241,3aeb028aeea526312ba961c09fb7c85791d14a5fad1e5f34f6a0c5ea05e5c4d4,"Mysterious chests are scattered across Idyll. They may be luggage lost by travelers, supplies left behind by Pathfinders, or treasures sealed away by an ancient civilization... All await discovery and opening."
515013135,3aeb028aeea526312ba961c09fb7c85791d14a5fad1e5f34f6a0c5ea05e5c4d4,"Mysterious chests are scattered across Idyll. They may be luggage lost by travelers, supplies left behind by Pathfinders, or treasures sealed away by an ancient civilization... All await discovery and opening."
515298022,3aeb028aeea526312ba961c09fb7c85791d14a5fad1e5f34f6a0c5ea05e5c4d4,"Mysterious chests are scattered across Idyll. They may be luggage lost by travelers, supplies left behind by Pathfinders, or treasures sealed away by an ancient civilization... All await discovery and opening."
515594770,3aeb028aeea526312ba961c09fb7c85791d14a5fad1e5f34f6a0c5ea05e5c4d4,"Mysterious chests are scattered across Idyll. They may be luggage lost by travelers, supplies left behind by Pathfinders, or treasures sealed away by an ancient civilization... All await discovery and opening."
516779335,3aeb028aeea526312ba961c09fb7c85791d14a5fad1e5f34f6a0c5ea05e5c4d4,"Mysterious chests are scattered across Idyll. They may be luggage lost by travelers, supplies left behind by Pathfinders, or treasures sealed away by an ancient civilization... All await discovery and opening."
516809335,3aeb028aeea526312ba961c09fb7c85791d14a5fad1e5f34f6a0c5ea05e5c4d4,"Mysterious chests are scattered across Idyll. They may be luggage lost by travelers, supplies left behind by Pathfinders, or treasures sealed away by an ancient civilization... All await discovery and opening."
516884636,3aeb028aeea526312ba961c09fb7c85791d14a5fad1e5f34f6a0c5ea05e5c4d4,"Mysterious chests are scattered across Idyll. They may be luggage lost by travelers, supplies left behind by Pathfinders, or treasures sealed away by an ancient civilization... All await discovery and opening."
516930859,3aeb028aeea526312ba961c09fb7c85791d14a5fad1e5f34f6a0c5ea05e5c4d4,"Mysterious chests are scattered across Idyll. They may be luggage lost by travelers, supplies left behind by Pathfinders, or treasures sealed away by an ancient civilization... All await discovery and opening."
517144311,3aeb028aeea526312ba961c09fb7c85791d14a5fad1e5f34f6a0c5ea05e5c4d4,"Mysterious chests are scattered across Idyll. They may be luggage lost by travelers, supplies left behind by Pathfinders, or treasures sealed away by an ancient civilization... All await discovery and opening."
517244405,3aeb028aeea526312ba961c09fb7c85791d14a5fad1e5f34f6a0c5ea05e5c4d4,"Mysterious chests are scattered across Idyll. They may be luggage lost by travelers, supplies left behind by Pathfinders, or treasures sealed away by an ancient civilization... All await discovery and opening."
517266872,3aeb028aeea526312ba961c09fb7c85791d14a5fad1e5f34f6a0c5ea05e5c4d4,"Mysterious chests are scattered across Idyll. They may be luggage lost by travelers, supplies left behind by Pathfinders, or treasures sealed away by an ancient civilization... All await discovery and opening."
517300030,3aeb028aeea526312ba961c09fb7c85791d14a5fad1e5f34f6a0c5ea05e5c4d4,"Mysterious chests are scattered across Idyll. They may be luggage lost by travelers, supplies left behind by Pathfinders, or treasures sealed away by an ancient civilization... All await discovery and opening."
517425825,3aeb028aeea526312ba961c09fb7c85791d14a5fad1e5f34f6a0c5ea05e5c4d4,"Mysterious chests are scattered across Idyll. They may be luggage lost by travelers, supplies left behind by Pathfinders, or treasures sealed away by an ancient civilization... All await discovery and opening."
517468356,3aeb028aeea526312ba961c09fb7c85791d14a5fad1e5f34f6a0c5ea05e5c4d4,"Mysterious chests are scattered across Idyll. They may be luggage lost by travelers, supplies left behind by Pathfinders, or treasures sealed away by an ancient civilization... All await discovery and opening."
517862913,3aeb028aeea526312ba961c09fb7c85791d14a5fad1e5f34f6a0c5ea05e5c4d4,"Mysterious chests are scattered across Idyll. They may be luggage lost by travelers, supplies left behind by Pathfinders, or treasures sealed away by an ancient civilization... All await discovery and opening."
517891088,3aeb028aeea526312ba961c09fb7c85791d14a5fad1e5f34f6a0c5ea05e5c4d4,"Mysterious chests are scattered across Idyll. They may be luggage lost by travelers, supplies left behind by Pathfinders, or treasures sealed away by an ancient civilization... All await discovery and opening."
518191175,3aeb028aeea526312ba961c09fb7c85791d14a5fad1e5f34f6a0c5ea05e5c4d4,"Mysterious chests are scattered across Idyll. They may be luggage lost by travelers, supplies left behind by Pathfinders, or treasures sealed away by an ancient civilization... All await discovery and opening."
518212693,3aeb028aeea526312ba961c09fb7c85791d14a5fad1e5f34f6a0c5ea05e5c4d4,"Mysterious chests are scattered across Idyll. They may be luggage lost by travelers, supplies left behind by Pathfinders, or treasures sealed away by an ancient civilization... All await discovery and opening."
518345819,3aeb028aeea526312ba961c09fb7c85791d14a5fad1e5f34f6a0c5ea05e5c4d4,"Mysterious chests are scattered across Idyll. They may be luggage lost by travelers, supplies left behind by Pathfinders, or treasures sealed away by an ancient civilization... All await discovery and opening."
518449966,3aeb028aeea526312ba961c09fb7c85791d14a5fad1e5f34f6a0c5ea05e5c4d4,"Mysterious chests are scattered across Idyll. They may be luggage lost by travelers, supplies left behind by Pathfinders, or treasures sealed away by an ancient civilization... All await discovery and opening."
518633493,3aeb028aeea526312ba961c09fb7c85791d14a5fad1e5f34f6a0c5ea05e5c4d4,"Mysterious chests are scattered across Idyll. They may be luggage lost by travelers, supplies left behind by Pathfinders, or treasures sealed away by an ancient civilization... All await discovery and opening."
518981283,3aeb028aeea526312ba961c09fb7c85791d14a5fad1e5f34f6a0c5ea05e5c4d4,"Mysterious chests are scattered across Idyll. They may be luggage lost by travelers, supplies left behind by Pathfinders, or treasures sealed away by an ancient civilization... All await discovery and opening."
519015446,3aeb028aeea526312ba961c09fb7c85791d14a5fad1e5f34f6a0c5ea05e5c4d4,"Mysterious chests are scattered across Idyll. They may be luggage lost by travelers, supplies left behind by Pathfinders, or treasures sealed away by an ancient civilization... All await discovery and opening."
519195794,3aeb028aeea526312ba961c09fb7c85791d14a5fad1e5f34f6a0c5ea05e5c4d4,"Mysterious chests are scattered across Idyll. They may be luggage lost by travelers, supplies left behind by Pathfinders, or treasures sealed away by an ancient civilization... All await discovery and opening."
519385598,3aeb028aeea526312ba961c09fb7c85791d14a5fad1e5f34f6a0c5ea05e5c4d4,"Mysterious chests are scattered across Idyll. They may be luggage lost by travelers, supplies left behind by Pathfinders, or treasures sealed away by an ancient civilization... All await discovery and opening."
519487419,3aeb028aeea526312ba961c09fb7c85791d14a5fad1e5f34f6a0c5ea05e5c4d4,"Mysterious chests are scattered across Idyll. They may be luggage lost by travelers, supplies left behind by Pathfinders, or treasures sealed away by an ancient civilization... All await discovery and opening."
519859481,3aeb028aeea526312ba961c09fb7c85791d14a5fad1e5f34f6a0c5ea05e5c4d4,"Mysterious chests are scattered across Idyll. They may be luggage lost by travelers, supplies left behind by Pathfinders, or treasures sealed away by an ancient civilization... All await discovery and opening."
519896493,3aeb028aeea526312ba961c09fb7c85791d14a5fad1e5f34f6a0c5ea05e5c4d4,"Mysterious chests are scattered across Idyll. They may be luggage lost by travelers, supplies left behind by Pathfinders, or treasures sealed away by an ancient civilization... All await discovery and opening."
520083072,3aeb028aeea526312ba961c09fb7c85791d14a5fad1e5f34f6a0c5ea05e5c4d4,"Mysterious chests are scattered across Idyll. They may be luggage lost by travelers, supplies left behind by Pathfinders, or treasures sealed away by an ancient civilization... All await discovery and opening."
520466073,3aeb028aeea526312ba961c09fb7c85791d14a5fad1e5f34f6a0c5ea05e5c4d4,"Mysterious chests are scattered across Idyll. They may be luggage lost by travelers, supplies left behind by Pathfinders, or treasures sealed away by an ancient civilization... All await discovery and opening."
520468193,3aeb028aeea526312ba961c09fb7c85791d14a5fad1e5f34f6a0c5ea05e5c4d4,"Mysterious chests are scattered across Idyll. They may be luggage lost by travelers, supplies left behind by Pathfinders, or treasures sealed away by an ancient civilization... All await discovery and opening."
520729163,3aeb028aeea526312ba961c09fb7c85791d14a5fad1e5f34f6a0c5ea05e5c4d4,"Mysterious chests are scattered across Idyll. They may be luggage lost by travelers, supplies left behind by Pathfinders, or treasures sealed away by an ancient civilization... All await discovery and opening."
521115128,3aeb028aeea526312ba961c09fb7c85791d14a5fad1e5f34f6a0c5ea05e5c4d4,"Mysterious chests are scattered across Idyll. They may be luggage lost by travelers, supplies left behind by Pathfinders, or treasures sealed away by an ancient civilization... All await discovery and opening."
521124630,3aeb028aeea526312ba961c09fb7c85791d14a5fad1e5f34f6a0c5ea05e5c4d4,"Mysterious chests are scattered across Idyll. They may be luggage lost by travelers, supplies left behind by Pathfinders, or treasures sealed away by an ancient civilization... All await discovery and opening."
521345601,3aeb028aeea526312ba961c09fb7c85791d14a5fad1e5f34f6a0c5ea05e5c4d4,"Mysterious chests are scattered across Idyll. They may be luggage lost by travelers, supplies left behind by Pathfinders, or treasures sealed away by an ancient civilization... All await discovery and opening."
521554463,3aeb028aeea526312ba961c09fb7c85791d14a5fad1e5f34f6a0c5ea05e5c4d4,"Mysterious chests are scattered across Idyll. They may be luggage lost by travelers, supplies left behind by Pathfinders, or treasures sealed away by an ancient civilization... All await discovery and opening."
522023681,3aeb028aeea526312ba961c09fb7c85791d14a5fad1e5f34f6a0c5ea05e5c4d4,"Mysterious chests are scattered across Idyll. They may be luggage lost by travelers, supplies left behind by Pathfinders, or treasures sealed away by an ancient civilization... All await discovery and opening."
522269049,3aeb028aeea526312ba961c09fb7c85791d14a5fad1e5f34f6a0c5ea05e5c4d4,"Mysterious chests are scattered across Idyll. They may be luggage lost by travelers, supplies left behind by Pathfinders, or treasures sealed away by an ancient civilization... All await discovery and opening."
522364121,3aeb028aeea526312ba961c09fb7c85791d14a5fad1e5f34f6a0c5ea05e5c4d4,"Mysterious chests are scattered across Idyll. They may be luggage lost by travelers, supplies left behind by Pathfinders, or treasures sealed away by an ancient civilization... All await discovery and opening."
522441362,3aeb028aeea526312ba961c09fb7c85791d14a5fad1e5f34f6a0c5ea05e5c4d4,"Mysterious chests are scattered across Idyll. They may be luggage lost by travelers, supplies left behind by Pathfinders, or treasures sealed away by an ancient civilization... All await discovery and opening."
522461353,3aeb028aeea526312ba961c09fb7c85791d14a5fad1e5f34f6a0c5ea05e5c4d4,"Mysterious chests are scattered across Idyll. They may be luggage lost by travelers, supplies left behind by Pathfinders, or treasures sealed away by an ancient civilization... All await discovery and opening."
522544278,3aeb028aeea526312ba961c09fb7c85791d14a5fad1e5f34f6a0c5ea05e5c4d4,"Mysterious chests are scattered across Idyll. They may be luggage lost by travelers, supplies left behind by Pathfinders, or treasures sealed away by an ancient civilization... All await discovery and opening."
522941156,3aeb028aeea526312ba961c09fb7c85791d14a5fad1e5f34f6a0c5ea05e5c4d4,"Mysterious chests are scattered across Idyll. They may be luggage lost by travelers, supplies left behind by Pathfinders, or treasures sealed away by an ancient civilization... All await discovery and opening."
523394543,3aeb028aeea526312ba961c09fb7c85791d14a5fad1e5f34f6a0c5ea05e5c4d4,"Mysterious chests are scattered across Idyll. They may be luggage lost by travelers, supplies left behind by Pathfinders, or treasures sealed away by an ancient civilization... All await discovery and opening."
523821396,3aeb028aeea526312ba961c09fb7c85791d14a5fad1e5f34f6a0c5ea05e5c4d4,"Mysterious chests are scattered across Idyll. They may be luggage lost by travelers, supplies left behind by Pathfinders, or treasures sealed away by an ancient civilization... All await discovery and opening."
524102945,3aeb028aeea526312ba961c09fb7c85791d14a5fad1e5f34f6a0c5ea05e5c4d4,"Mysterious chests are scattered across Idyll. They may be luggage lost by travelers, supplies left behind by Pathfinders, or treasures sealed away by an ancient civilization... All await discovery and opening."
524247899,3aeb028aeea526312ba961c09fb7c85791d14a5fad1e5f34f6a0c5ea05e5c4d4,"Mysterious chests are scattered across Idyll. They may be luggage lost by travelers, supplies left behind by Pathfinders, or treasures sealed away by an ancient civilization... All await discovery and opening."
524288819,3aeb028aeea526312ba961c09fb7c85791d14a5fad1e5f34f6a0c5ea05e5c4d4,"Mysterious chests are scattered across Idyll. They may be luggage lost by travelers, supplies left behind by Pathfinders, or treasures sealed away by an ancient civilization... All await discovery and opening."
524400034,3aeb028aeea526312ba961c09fb7c85791d14a5fad1e5f34f6a0c5ea05e5c4d4,"Mysterious chests are scattered across Idyll. They may be luggage lost by travelers, supplies left behind by Pathfinders, or treasures sealed away by an ancient civilization... All await discovery and opening."
524476906,3aeb028aeea526312ba961c09fb7c85791d14a5fad1e5f34f6a0c5ea05e5c4d4,"Mysterious chests are scattered across Idyll. They may be luggage lost by travelers, supplies left behind by Pathfinders, or treasures sealed away by an ancient civilization... All await discovery and opening."
524605048,3aeb028aeea526312ba961c09fb7c85791d14a5fad1e5f34f6a0c5ea05e5c4d4,"Mysterious chests are scattered across Idyll. They may be luggage lost by travelers, supplies left behind by Pathfinders, or treasures sealed away by an ancient civilization... All await discovery and opening."
524745233,3aeb028aeea526312ba961c09fb7c85791d14a5fad1e5f34f6a0c5ea05e5c4d4,"Mysterious chests are scattered across Idyll. They may be luggage lost by travelers, supplies left behind by Pathfinders, or treasures sealed away by an ancient civilization... All await discovery and opening."
524758416,3aeb028aeea526312ba961c09fb7c85791d14a5fad1e5f34f6a0c5ea05e5c4d4,"Mysterious chests are scattered across Idyll. They may be luggage lost by travelers, supplies left behind by Pathfinders, or treasures sealed away by an ancient civilization... All await discovery and opening."
524873446,3aeb028aeea526312ba961c09fb7c85791d14a5fad1e5f34f6a0c5ea05e5c4d4,"Mysterious chests are scattered across Idyll. They may be luggage lost by travelers, supplies left behind by Pathfinders, or treasures sealed away by an ancient civilization... All await discovery and opening."
525340431,3aeb028aeea526312ba961c09fb7c85791d14a5fad1e5f34f6a0c5ea05e5c4d4,"Mysterious chests are scattered across Idyll. They may be luggage lost by travelers, supplies left behind by Pathfinders, or treasures sealed away by an ancient civilization... All await discovery and opening."
525388761,3aeb028aeea526312ba961c09fb7c85791d14a5fad1e5f34f6a0c5ea05e5c4d4,"Mysterious chests are scattered across Idyll. They may be luggage lost by travelers, supplies left behind by Pathfinders, or treasures sealed away by an ancient civilization... All await discovery and opening."
525709382,3aeb028aeea526312ba961c09fb7c85791d14a5fad1e5f34f6a0c5ea05e5c4d4,"Mysterious chests are scattered across Idyll. They may be luggage lost by travelers, supplies left behind by Pathfinders, or treasures sealed away by an ancient civilization... All await discovery and opening."
525828776,3aeb028aeea526312ba961c09fb7c85791d14a5fad1e5f34f6a0c5ea05e5c4d4,"Mysterious chests are scattered across Idyll. They may be luggage lost by travelers, supplies left behind by Pathfinders, or treasures sealed away by an ancient civilization... All await discovery and opening."
525935857,3aeb028aeea526312ba961c09fb7c85791d14a5fad1e5f34f6a0c5ea05e5c4d4,"Mysterious chests are scattered across Idyll. They may be luggage lost by travelers, supplies left behind by Pathfinders, or treasures sealed away by an ancient civilization... All await discovery and opening."
526309763,3aeb028aeea526312ba961c09fb7c85791d14a5fad1e5f34f6a0c5ea05e5c4d4,"Mysterious chests are scattered across Idyll. They may be luggage lost by travelers, supplies left behind by Pathfinders, or treasures sealed away by an ancient civilization... All await discovery and opening."
526569997,3aeb028aeea526312ba961c09fb7c85791d14a5fad1e5f34f6a0c5ea05e5c4d4,"Mysterious chests are scattered across Idyll. They may be luggage lost by travelers, supplies left behind by Pathfinders, or treasures sealed away by an ancient civilization... All await discovery and opening."
527155811,3aeb028aeea526312ba961c09fb7c85791d14a5fad1e5f34f6a0c5ea05e5c4d4,"Mysterious chests are scattered across Idyll. They may be luggage lost by travelers, supplies left behind by Pathfinders, or treasures sealed away by an ancient civilization... All await discovery and opening."
527615433,3aeb028aeea526312ba961c09fb7c85791d14a5fad1e5f34f6a0c5ea05e5c4d4,"Mysterious chests are scattered across Idyll. They may be luggage lost by travelers, supplies left behind by Pathfinders, or treasures sealed away by an ancient civilization... All await discovery and opening."
527649334,3aeb028aeea526312ba961c09fb7c85791d14a5fad1e5f34f6a0c5ea05e5c4d4,"Mysterious chests are scattered across Idyll. They may be luggage lost by travelers, supplies left behind by Pathfinders, or treasures sealed away by an ancient civilization... All await discovery and opening."
527676001,3aeb028aeea526312ba961c09fb7c85791d14a5fad1e5f34f6a0c5ea05e5c4d4,"Mysterious chests are scattered across Idyll. They may be luggage lost by travelers, supplies left behind by Pathfinders, or treasures sealed away by an ancient civilization... All await discovery and opening."
527706068,3aeb028aeea526312ba961c09fb7c85791d14a5fad1e5f34f6a0c5ea05e5c4d4,"Mysterious chests are scattered across Idyll. They may be luggage lost by travelers, supplies left behind by Pathfinders, or treasures sealed away by an ancient civilization... All await discovery and opening."
527717838,3aeb028aeea526312ba961c09fb7c85791d14a5fad1e5f34f6a0c5ea05e5c4d4,"Mysterious chests are scattered across Idyll. They may be luggage lost by travelers, supplies left behind by Pathfinders, or treasures sealed away by an ancient civilization... All await discovery and opening."
528586673,3aeb028aeea526312ba961c09fb7c85791d14a5fad1e5f34f6a0c5ea05e5c4d4,"Mysterious chests are scattered across Idyll. They may be luggage lost by travelers, supplies left behind by Pathfinders, or treasures sealed away by an ancient civilization... All await discovery and opening."
528721088,3aeb028aeea526312ba961c09fb7c85791d14a5fad1e5f34f6a0c5ea05e5c4d4,"Mysterious chests are scattered across Idyll. They may be luggage lost by travelers, supplies left behind by Pathfinders, or treasures sealed away by an ancient civilization... All await discovery and opening."
528729674,3aeb028aeea526312ba961c09fb7c85791d14a5fad1e5f34f6a0c5ea05e5c4d4,"Mysterious chests are scattered across Idyll. They may be luggage lost by travelers, supplies left behind by Pathfinders, or treasures sealed away by an ancient civilization... All await discovery and opening."
528805183,3aeb028aeea526312ba961c09fb7c85791d14a5fad1e5f34f6a0c5ea05e5c4d4,"Mysterious chests are scattered across Idyll. They may be luggage lost by travelers, supplies left behind by Pathfinders, or treasures sealed away by an ancient civilization... All await discovery and opening."
528933938,3aeb028aeea526312ba961c09fb7c85791d14a5fad1e5f34f6a0c5ea05e5c4d4,"Mysterious chests are scattered across Idyll. They may be luggage lost by travelers, supplies left behind by Pathfinders, or treasures sealed away by an ancient civilization... All await discovery and opening."
529025550,3aeb028aeea526312ba961c09fb7c85791d14a5fad1e5f34f6a0c5ea05e5c4d4,"Mysterious chests are scattered across Idyll. They may be luggage lost by travelers, supplies left behind by Pathfinders, or treasures sealed away by an ancient civilization... All await discovery and opening."
529279030,3aeb028aeea526312ba961c09fb7c85791d14a5fad1e5f34f6a0c5ea05e5c4d4,"Mysterious chests are scattered across Idyll. They may be luggage lost by travelers, supplies left behind by Pathfinders, or treasures sealed away by an ancient civilization... All await discovery and opening."
529283286,3aeb028aeea526312ba961c09fb7c85791d14a5fad1e5f34f6a0c5ea05e5c4d4,"Mysterious chests are scattered across Idyll. They may be luggage lost by travelers, supplies left behind by Pathfinders, or treasures sealed away by an ancient civilization... All await discovery and opening."
529366087,3aeb028aeea526312ba961c09fb7c85791d14a5fad1e5f34f6a0c5ea05e5c4d4,"Mysterious chests are scattered across Idyll. They may be luggage lost by travelers, supplies left behind by Pathfinders, or treasures sealed away by an ancient civilization... All await discovery and opening."
529484710,3aeb028aeea526312ba961c09fb7c85791d14a5fad1e5f34f6a0c5ea05e5c4d4,"Mysterious chests are scattered across Idyll. They may be luggage lost by travelers, supplies left behind by Pathfinders, or treasures sealed away by an ancient civilization... All await discovery and opening."
529713734,3aeb028aeea526312ba961c09fb7c85791d14a5fad1e5f34f6a0c5ea05e5c4d4,"Mysterious chests are scattered across Idyll. They may be luggage lost by travelers, supplies left behind by Pathfinders, or treasures sealed away by an ancient civilization... All await discovery and opening."
530111998,3aeb028aeea526312ba961c09fb7c85791d14a5fad1e5f34f6a0c5ea05e5c4d4,"Mysterious chests are scattered across Idyll. They may be luggage lost by travelers, supplies left behind by Pathfinders, or treasures sealed away by an ancient civilization... All await discovery and opening."
530160351,3aeb028aeea526312ba961c09fb7c85791d14a5fad1e5f34f6a0c5ea05e5c4d4,"Mysterious chests are scattered across Idyll. They may be luggage lost by travelers, supplies left behind by Pathfinders, or treasures sealed away by an ancient civilization... All await discovery and opening."
530222751,3aeb028aeea526312ba961c09fb7c85791d14a5fad1e5f34f6a0c5ea05e5c4d4,"Mysterious chests are scattered across Idyll. They may be luggage lost by travelers, supplies left behind by Pathfinders, or treasures sealed away by an ancient civilization... All await discovery and opening."
530307568,3aeb028aeea526312ba961c09fb7c85791d14a5fad1e5f34f6a0c5ea05e5c4d4,"Mysterious chests are scattered across Idyll. They may be luggage lost by travelers, supplies left behind by Pathfinders, or treasures sealed away by an ancient civilization... All await discovery and opening."
530445621,3aeb028aeea526312ba961c09fb7c85791d14a5fad1e5f34f6a0c5ea05e5c4d4,"Mysterious chests are scattered across Idyll. They may be luggage lost by travelers, supplies left behind by Pathfinders, or treasures sealed away by an ancient civilization... All await discovery and opening."
530495441,3aeb028aeea526312ba961c09fb7c85791d14a5fad1e5f34f6a0c5ea05e5c4d4,"Mysterious chests are scattered across Idyll. They may be luggage lost by travelers, supplies left behind by Pathfinders, or treasures sealed away by an ancient civilization... All await discovery and opening."
530499006,3aeb028aeea526312ba961c09fb7c85791d14a5fad1e5f34f6a0c5ea05e5c4d4,"Mysterious chests are scattered across Idyll. They may be luggage lost by travelers, supplies left behind by Pathfinders, or treasures sealed away by an ancient civilization... All await discovery and opening."
530629262,3aeb028aeea526312ba961c09fb7c85791d14a5fad1e5f34f6a0c5ea05e5c4d4,"Mysterious chests are scattered across Idyll. They may be luggage lost by travelers, supplies left behind by Pathfinders, or treasures sealed away by an ancient civilization... All await discovery and opening."
531040880,3aeb028aeea526312ba961c09fb7c85791d14a5fad1e5f34f6a0c5ea05e5c4d4,"Mysterious chests are scattered across Idyll. They may be luggage lost by travelers, supplies left behind by Pathfinders, or treasures sealed away by an ancient civilization... All await discovery and opening."
531153424,3aeb028aeea526312ba961c09fb7c85791d14a5fad1e5f34f6a0c5ea05e5c4d4,"Mysterious chests are scattered across Idyll. They may be luggage lost by travelers, supplies left behind by Pathfinders, or treasures sealed away by an ancient civilization... All await discovery and opening."
531339890,3aeb028aeea526312ba961c09fb7c85791d14a5fad1e5f34f6a0c5ea05e5c4d4,"Mysterious chests are scattered across Idyll. They may be luggage lost by travelers, supplies left behind by Pathfinders, or treasures sealed away by an ancient civilization... All await discovery and opening."
531715956,3aeb028aeea526312ba961c09fb7c85791d14a5fad1e5f34f6a0c5ea05e5c4d4,"Mysterious chests are scattered across Idyll. They may be luggage lost by travelers, supplies left behind by Pathfinders, or treasures sealed away by an ancient civilization... All await discovery and opening."
531753200,3aeb028aeea526312ba961c09fb7c85791d14a5fad1e5f34f6a0c5ea05e5c4d4,"Mysterious chests are scattered across Idyll. They may be luggage lost by travelers, supplies left behind by Pathfinders, or treasures sealed away by an ancient civilization... All await discovery and opening."
532188453,3aeb028aeea526312ba961c09fb7c85791d14a5fad1e5f34f6a0c5ea05e5c4d4,"Mysterious chests are scattered across Idyll. They may be luggage lost by travelers, supplies left behind by Pathfinders, or treasures sealed away by an ancient civilization... All await discovery and opening."
532306300,3aeb028aeea526312ba961c09fb7c85791d14a5fad1e5f34f6a0c5ea05e5c4d4,"Mysterious chests are scattered across Idyll. They may be luggage lost by travelers, supplies left behind by Pathfinders, or treasures sealed away by an ancient civilization... All await discovery and opening."
532460541,3aeb028aeea526312ba961c09fb7c85791d14a5fad1e5f34f6a0c5ea05e5c4d4,"Mysterious chests are scattered across Idyll. They may be luggage lost by travelers, supplies left behind by Pathfinders, or treasures sealed away by an ancient civilization... All await discovery and opening."
532539185,3aeb028aeea526312ba961c09fb7c85791d14a5fad1e5f34f6a0c5ea05e5c4d4,"Mysterious chests are scattered across Idyll. They may be luggage lost by travelers, supplies left behind by Pathfinders, or treasures sealed away by an ancient civilization... All await discovery and opening."
532540603,3aeb028aeea526312ba961c09fb7c85791d14a5fad1e5f34f6a0c5ea05e5c4d4,"Mysterious chests are scattered across Idyll. They may be luggage lost by travelers, supplies left behind by Pathfinders, or treasures sealed away by an ancient civilization... All await discovery and opening."
532667968,3aeb028aeea526312ba961c09fb7c85791d14a5fad1e5f34f6a0c5ea05e5c4d4,"Mysterious chests are scattered across Idyll. They may be luggage lost by travelers, supplies left behind by Pathfinders, or treasures sealed away by an ancient civilization... All await discovery and opening."
532964751,3aeb028aeea526312ba961c09fb7c85791d14a5fad1e5f34f6a0c5ea05e5c4d4,"Mysterious chests are scattered across Idyll. They may be luggage lost by travelers, supplies left behind by Pathfinders, or treasures sealed away by an ancient civilization... All await discovery and opening."
533458439,3aeb028aeea526312ba961c09fb7c85791d14a5fad1e5f34f6a0c5ea05e5c4d4,"Mysterious chests are scattered across Idyll. They may be luggage lost by travelers, supplies left behind by Pathfinders, or treasures sealed away by an ancient civilization... All await discovery and opening."
533615454,3aeb028aeea526312ba961c09fb7c85791d14a5fad1e5f34f6a0c5ea05e5c4d4,"Mysterious chests are scattered across Idyll. They may be luggage lost by travelers, supplies left behind by Pathfinders, or treasures sealed away by an ancient civilization... All await discovery and opening."
534012433,3aeb028aeea526312ba961c09fb7c85791d14a5fad1e5f34f6a0c5ea05e5c4d4,"Mysterious chests are scattered across Idyll. They may be luggage lost by travelers, supplies left behind by Pathfinders, or treasures sealed away by an ancient civilization... All await discovery and opening."
534299028,3aeb028aeea526312ba961c09fb7c85791d14a5fad1e5f34f6a0c5ea05e5c4d4,"Mysterious chests are scattered across Idyll. They may be luggage lost by travelers, supplies left behind by Pathfinders, or treasures sealed away by an ancient civilization... All await discovery and opening."
534340171,3aeb028aeea526312ba961c09fb7c85791d14a5fad1e5f34f6a0c5ea05e5c4d4,"Mysterious chests are scattered across Idyll. They may be luggage lost by travelers, supplies left behind by Pathfinders, or treasures sealed away by an ancient civilization... All await discovery and opening."
534946781,3aeb028aeea526312ba961c09fb7c85791d14a5fad1e5f34f6a0c5ea05e5c4d4,"Mysterious chests are scattered across Idyll. They may be luggage lost by travelers, supplies left behind by Pathfinders, or treasures sealed away by an ancient civilization... All await discovery and opening."
535041526,3aeb028aeea526312ba961c09fb7c85791d14a5fad1e5f34f6a0c5ea05e5c4d4,"Mysterious chests are scattered across Idyll. They may be luggage lost by travelers, supplies left behind by Pathfinders, or treasures sealed away by an ancient civilization... All await discovery and opening."
535378062,3aeb028aeea526312ba961c09fb7c85791d14a5fad1e5f34f6a0c5ea05e5c4d4,"Mysterious chests are scattered across Idyll. They may be luggage lost by travelers, supplies left behind by Pathfinders, or treasures sealed away by an ancient civilization... All await discovery and opening."
535382044,3aeb028aeea526312ba961c09fb7c85791d14a5fad1e5f34f6a0c5ea05e5c4d4,"Mysterious chests are scattered across Idyll. They may be luggage lost by travelers, supplies left behind by Pathfinders, or treasures sealed away by an ancient civilization... All await discovery and opening."
535490587,3aeb028aeea526312ba961c09fb7c85791d14a5fad1e5f34f6a0c5ea05e5c4d4,"Mysterious chests are scattered across Idyll. They may be luggage lost by travelers, supplies left behind by Pathfinders, or treasures sealed away by an ancient civilization... All await discovery and opening."
535605148,3aeb028aeea526312ba961c09fb7c85791d14a5fad1e5f34f6a0c5ea05e5c4d4,"Mysterious chests are scattered across Idyll. They may be luggage lost by travelers, supplies left behind by Pathfinders, or treasures sealed away by an ancient civilization... All await discovery and opening."
535648868,3aeb028aeea526312ba961c09fb7c85791d14a5fad1e5f34f6a0c5ea05e5c4d4,"Mysterious chests are scattered across Idyll. They may be luggage lost by travelers, supplies left behind by Pathfinders, or treasures sealed away by an ancient civilization... All await discovery and opening."
535751835,3aeb028aeea526312ba961c09fb7c85791d14a5fad1e5f34f6a0c5ea05e5c4d4,"Mysterious chests are scattered across Idyll. They may be luggage lost by travelers, supplies left behind by Pathfinders, or treasures sealed away by an ancient civilization... All await discovery and opening."
535757494,3aeb028aeea526312ba961c09fb7c85791d14a5fad1e5f34f6a0c5ea05e5c4d4,"Mysterious chests are scattered across Idyll. They may be luggage lost by travelers, supplies left behind by Pathfinders, or treasures sealed away by an ancient civilization... All await discovery and opening."
535970859,3aeb028aeea526312ba961c09fb7c85791d14a5fad1e5f34f6a0c5ea05e5c4d4,"Mysterious chests are scattered across Idyll. They may be luggage lost by travelers, supplies left behind by Pathfinders, or treasures sealed away by an ancient civilization... All await discovery and opening."
536116682,3aeb028aeea526312ba961c09fb7c85791d14a5fad1e5f34f6a0c5ea05e5c4d4,"Mysterious chests are scattered across Idyll. They may be luggage lost by travelers, supplies left behind by Pathfinders, or treasures sealed away by an ancient civilization... All await discovery and opening."
536311337,3aeb028aeea526312ba961c09fb7c85791d14a5fad1e5f34f6a0c5ea05e5c4d4,"Mysterious chests are scattered across Idyll. They may be luggage lost by travelers, supplies left behind by Pathfinders, or treasures sealed away by an ancient civilization... All await discovery and opening."
536534455,3aeb028aeea526312ba961c09fb7c85791d14a5fad1e5f34f6a0c5ea05e5c4d4,"Mysterious chests are scattered across Idyll. They may be luggage lost by travelers, supplies left behind by Pathfinders, or treasures sealed away by an ancient civilization... All await discovery and opening."
536805794,3aeb028aeea526312ba961c09fb7c85791d14a5fad1e5f34f6a0c5ea05e5c4d4,"Mysterious chests are scattered across Idyll. They may be luggage lost by travelers, supplies left behind by Pathfinders, or treasures sealed away by an ancient civilization... All await discovery and opening."
1756873766,3aeb028aeea526312ba961c09fb7c85791d14a5fad1e5f34f6a0c5ea05e5c4d4,"Mysterious chests are scattered across Idyll. They may be luggage lost by travelers, supplies left behind by Pathfinders, or treasures sealed away by an ancient civilization... All await discovery and opening."
1851666388,3aeb028aeea526312ba961c09fb7c85791d14a5fad1e5f34f6a0c5ea05e5c4d4,"Mysterious chests are scattered across Idyll. They may be luggage lost by travelers, supplies left behind by Pathfinders, or treasures sealed away by an ancient civilization... All await discovery and opening."
2134451836,3aeb028aeea526312ba961c09fb7c85791d14a5fad1e5f34f6a0c5ea05e5c4d4,"Mysterious chests are scattered across Idyll. They may be luggage lost by travelers, supplies left behind by Pathfinders, or treasures sealed away by an ancient civilization... All await discovery and opening."
2139700045,3aeb028aeea526312ba961c09fb7c85791d14a5fad1e5f34f6a0c5ea05e5c4d4,"Mysterious chests are scattered across Idyll. They may be luggage lost by travelers, supplies left behind by Pathfinders, or treasures sealed away by an ancient civilization... All await discovery and opening."
1756962071,099ad6fe340d6a5fd155a170d9a6d69d91ef0f01ea46622f900751e2535b4b63,[Dialogue Placeholder] Construction Worker 3 Interaction Dialogue
1756962312,869f3b535375f2200544b9bc27b9a63155e11c05b5d28d00bbff7ec6a9cedfae,Ends after {0}
1756970819,e0593096abc667297b3ed86462b6b8d294b968afcbb740334c785f958162e3fd,Sparkly Earring - Left
1756984571,f83096180c79cd84f264514f6609a303cb7d054e717e4f3963a04365bd2397db,Sorting will reorganize <color=#3f91ec>%s</color> in %s%s order
1756999225,3b246406a06f6378a3ca9c8cc203c2bfe6566478071016490ce1aeb808d0208f,Enter a name to verify
1757005360,8c6c6e30c62ba04f59bed50e90d14323be404dc2d074bd11c1a22c198330d52f,"The same goes for me... how strange.
After awakening, our power and memories should not be so... unclear."
1757013853,3eff589287999e0510274f65bd488cfa1cb80273520aa85cdd6adf394f5c7e47,Want to start your journey feeling energized? Then you’ve got to wear this energized gear!
1757018966,28427fa78a230e425f39ca571bdb28822b6ad43300a54ad4c1aaa84b232e63b0,Aim
1757046463,f668a815b807298e1ba33900c644f50cd2dc75890312e359dafa034c19827c67,"When I first met it in Idyll, it was already hugging an empty chest."
1757065626,cc0f63870830df8f05233b4b39d6994c9be2b87822edd8c40e38106eca74960f,Furniture Blueprint: Cool Summer - Duckie Swim Ring
1757075794,f2c512b7b51e7bbf5fdd046c90e21762c6210823547125c6877c4b6278ead0ea,"This...should be my <style=Hint_BgD>mindspace</style>... Yeah, it is!"
1757140336,be4178bc1c5699c04f3bc3054ebc3b20b4a027af269834e3eb4c5456d1268812,Cozite and Pebbling in this area will be friendly to you.
1757147955,ab533178f4251a7b4517d58ab11f487f10557a789434a836e5504de73ce4cfdf,Stop All GM Effects
1757149965,83b99ed9cfb0a02849863cd21bbc38bcc806d9bd2d128eccb960c51c9e073eca,"A rapier wrapped in Prismana never breaks, no matter how great the impact. Wielding it, a dauntless knight can pierce through any darkness."
1757161841,b5c14f81b7dfc62423b6b89e58cde8a3f63c253e4e379fb376d95b3a817a73cb,No slacking off! This is essential training for a ninja!
1757165969,371c64d450e7d0803d812c99dd6d3099d1d9d8786dfa3a854efa886b82393b8d,Power of the Crowd
1757182954,3339ea7f1b44b725abea92ddf4c6c23054fc965f9f45bfee97cbbc81e04ec082,Daily 16:00 to 24:00
1757195092,8b7c954b76216994152d530d93b4e81a66aa04204c7c5b808c2eee5d516ce78b,Unlock the Bonesky Avatar
1757234325,62ee8f739d984824058ef03cc367c911aa72c01e12362caf83d1ef9fa6ecc156,...zzZ...
1901294087,62ee8f739d984824058ef03cc367c911aa72c01e12362caf83d1ef9fa6ecc156,...zzZ...
1757246012,23d2d73543f9d7d92ac704296e5ee744037f5f4c938e21abf2c17002c4e9ba71,Dance
1940597765,23d2d73543f9d7d92ac704296e5ee744037f5f4c938e21abf2c17002c4e9ba71,Dance
1757273141,262d3e0e5c4949d66b3bf88fcb7f2043d079a0a60798009dd72f823500ae32f5,A reward given for completing your studies. It is the proof of your excellence in a professional field.
1757309021,9c2870dd3b7d5a83425960764c32e6e2c1d5d31241ec4c034d052db5a6cb7176,"Pathfinder, may your Heart's wish be heard as well."
1757323618,f7efa4b02407a91e0170abb271e08c0353565e3884798bef251c2c5375af4e35,There’s a gap in your lineup and I won’t be holding back!
1757325884,6ffae5f267b46408f081b158ece51055534429ac0e8022cbb90b9a5495b4eb89,Default Sort
1757336583,234c669251e354d55534cc967be32ad095ef5b7ae3f28da513d36478c149829e,Teleport to Driftwise Meadow RV Park to continue Home quests
1757345202,aab4ac1d45ad4e34e838bb075cb544c0b7a2f82659da5a490abefe3532c6e6e2,Cave (Placeholder) Underground
1757345574,0357ae942d239dcd992e925289bb6aafbcc2ae308bbb4cf74f74823ffede4013,Damage dealt to monsters in BREAK state is always treated as critical damage.
1757363883,e20ec1ae4dbf4b180cab2817a3059f0b59743e08689a04d31128d31f35516705,The Unresolved Sound
1757369051,a2b9f16e78746718d51a0e9b19c6ef7cb0076b9b4331b2873e6e76a2122918d4,Stealth Hunt
1757389439,039c64d956c1e006ca84f24299031ac2e7fecf386afc4d13d2f90ca6e4a4dcd3,Account permanently banned
1757393376,9a128c1fa046f438bff22bc2a65ff5fa29f4794cccdf7bff428fba3558f1d628,Born to Meddle
1757408083,afd88de6779d58c2d806a31b31b600baecb334e513623218018a9e22cdec07b3,"Automatically restores <style=Hint_BgL><customRichText(calcData,buff,9158301,param0,1)></style> <style=Hint_BgL>[Bubble Energy]</style> every <style=Hint_BgL>3</style>s. Each time this Aniimo’s skill deals damage to a target, restores an extra <style=Hint_BgL><customRichText(calcData,ability,15830200,param2,1)></style>. Stores up to <style=Hint_BgL>10</style>. Casting [Baa-Baa Healbubb] consumes <style=Hint_BgL>10</style> to restore an extra <style=Hint_BgL>12%</style>."
1757435281,e16ec2987ec2b5ba23b179101d0c1c1e901cd166c80c954d40863eedbf7d4880,"Unlock Furniture: <link=""item_10400023""><color=#5090df><u>Crackle Generator (Level 3)</u></color></link>.
<link=""item_10400011""><color=#5090df><u>Crackle Power Pole</u></color></link> placement limit increased."
1757444294,caac483ecf0979365f3de35322e003216a924650764a0ba8eb21523b137bcfd3,"You come across a fragrant Emberpup, a companion of the Bloomville perfumer Ranka. Ranka dreams of crafting a legendary perfume that requires the flower of a ridgeback tree, but the tree hasn’t flowered in years, and he’s been lying around dejected ever since. The Emberpup travels all this way hoping to make the tree bloom again and lift its friend’s spirits."
1757520405,e39570231d45136dff0d0f47401ebbc254e9a65f81b410c2ea4f57efd152b393,"You hand the Shell Sword to the Sparkling Shelly, who promises to keep it safe forever, even after it becomes a true knight with a sword of its own. You agree to meet again once it has evolved into a Sherro."
1757524129,66eaa3ba7dcb5f48286af9287931a07e8311549ec5b0d9c312fce567f2d723b1,Buff
2108132007,66eaa3ba7dcb5f48286af9287931a07e8311549ec5b0d9c312fce567f2d723b1,Buff
1757526090,f3ef9bb1a05780f1b8eb0aabb3e1422dc981c5780eb58e59225f5825032b3e12,Tucking must have set up obstacles to keep villains from reaching the Sanctum. I hope you can overcome the challenges along the way and find the end!
1757539057,d9cb21c698173888bc73b0be088ba79b22093c5a8f74b295d3274e6f074d936f,"The gathering venue is looking perfect now!
But of course, a harvest festival needs a proper feast.
Time to prepare food for the gathering!"
1757587492,b0a684d7ce1c99d1df450d21856869711632495aff0b2ed2ed59eeba99d0b56a,"In the distance, you spot the sacred tree that symbolizes the Vein. Nicole explains that it is one of Idyll’s important Branches. A strange disturbance ripples through the wind as a massive figure sweeps across the horizon, leaving you with an uncanny feeling. Only then do you realize that your true investigation of Idyll has just begun."
1757600089,5c42afc7a23018d32dcff346792b575bcdf63be118b98a61084b1afac32b93e9,Moderate
1757600113,1de93e3e8caba9b947bd3d88a4bbb0e67688ff10584dbe7672d090226dfe8b38,Jenny’s out looking for whoever lost it.
1757601908,81c40346a67b2f2489fb7632300b107fdda05477855bf2e27c90ba596bd712fc,Traces left by a Legendary Aniimo have been found in Echoback Landing!
1757631750,74b3f8c02265136e65aec479eab21c65aa9b5968bf44d9702337d9d9e90a9818,"During battle, Magmarex continually applies a <style=Hint_BgL>Fire Debuff</style> to nearby Pathfinders and <style=Hint_BgL>stuns</style> distant ones. When it inflicts Break on a Pathfinder, it switches to Scorchhowl and uses <style=Hint_BgL>Burn Breaker</style>."
1757637436,0f26452b9627190959f8d351c272e04a52066f8dcbdf8e4e3618d6c7f9db6672,"Indeed, indeed."
1757688191,4ba597ab8c4516920a45d6dcc29d6e1e451cf69f903fc9e197f74b4bb3290385,The Elder Sherro
1757727021,1bb8caff181b810732c46ecbd0e2fb37b2329e4544ee4ecc5f8856e0c4dbffb5,Ancient Wooden Crate (Small)
1757738371,aced641544c7cb49c072a07debe7f49b9abdac6175841b37ac7b26a09c9edeab,"Continuously releases shock waves, dealing damage every second for <style=Hint_BgL><customRichText(buffConfigData,2128501,duration)></style>s."
1757738749,69b4d283b4cfe55e6dbb572171e000dd4a7d7d068c6ec1b8804597615093ae18,"That gear doesn’t just help us adapt to Idyll’s environment,
it also keeps track of our vitals and can teleport us to a safe zone when we’re injured."
1757767624,512458973aa1979b860a1fbda5f46eb09bcb48196574abf4983e88a951c073f1,The defeated must snap their own thorn—this is a tradition established long ago by a master Thornblade.
1757768122,b380a3c748f2a62def9d3de3a8033a302302801bf6b35b7ff7fcd864387d17fa,"The wind brushes across the plains, gently touching every living thing. Follow it into freedom, and travel alongside a world full of life."