1895365941,f9ac75c8396a9e3ecba3eee9ed1d3b3f32ec3cd612899ca463db979cdf71449a,They wouldn’t let us get close. They must have been talking about the <color=#ffe451>big chest</color>.
1895394780,d916026d351fe09ed704f04530a4c06e064bd1c518871a9e1125a53e12d659cf,"It's over, it's over, I'm so nervous!"
1895403386,4bc0431368f177a7173f13a9555221d767a45dc8ae97f85fa5d0125bf8dbe88d,"Unlocks Interaction Gesture - First Meeting with friends at Affinity Level <sprite name=""UI_Img_Likability_2"">"
2145163088,4bc0431368f177a7173f13a9555221d767a45dc8ae97f85fa5d0125bf8dbe88d,"Unlocks Interaction Gesture - First Meeting with friends at Affinity Level <sprite name=""UI_Img_Likability_2"">"
1895424507,ee4aeb38d0f8418d78c2cd5501faa686cb1fb3f9aa8f1f87458ed9f1a5ba1925,An Aniimo item. Aniimo wearing this will gain the [Ruthless Thorn] effect.
1895458661,01475eeb9500ebdcec4b8a76a96ae6d2ee1f701ec4bafc951ee0458b2de478d5,"That's enough, Nicole. Let #playerName# think it over."
1895459378,bad35226c529bc4d0ebd4a98478ecf45f049d21230ae979f099f03fb18e10cf3,"Normally, you’d add some egg..."
1895479194,95df320387a3c383d77501bba7857cc2a88b75ebed9d1cffbf948c1b1620d3bd,"Equipped won't work, Incredible Skills won't work either... So how exactly can I win the battle championship..."
1895526344,f539eff346d9d9e71f71a3aa218470cc3e3bba1141c461f5308ef2e31987df2b,We’re coming up with a new design and need materials tough enough to handle Boulduses!
1895543419,1ed0b6864e850368fa808bffacd50b041c06f3e98a6054eedbd8e166e49f7bd1,Trapped Helmut
1895550965,ab551286bbc9ddb238cdd0ae1ad448130563e0a2a0a2b7ad1f267b15c83258ad,"On the first day a Mark is placed, it will be easier for other Pathfinders to spot. Once it receives more than 10 Likes, the boosted exposure period will be extended by one day, and this bonus can be extended multiple times. Keep placing great Marks!"
1895599968,0069789682548b07c2c69444ffc003febea3408d344e84dbf5e231b83c0e2d1c,"Trust me, Amy! We'll definitely get the first-hand information!"
1895617632,9393a742ab9cee6b9198d5fe967e16030e4fd069178b1d3f7bfb33a2a65295d4,Premium REGEN Rune
1895634631,771be3da9ead14ded8db4cb43029946ddb3ff350b16b1c600756051aa7d5ceba,Wind Chaser: Radiant Egg Emperor
1895638808,e2cf23488d4165a1865ee13bdc10e73a6fbca0886f7b1146eec417baf53d87d9,This is Idyll—signal problems happen a lot here.
1895689243,3b2123a43341e0c7eafb1448284375f697d322848a171cae7601012b1bf906f0,Unlock the Helmut Avatar
1895745150,f799f85535e62e72baf479b8bba72900511f43cf52d029779f14cb5328addede,"Turbo can <style=Hint_BgL>fly through the clouds</style>; while in flight mode, Turbo can <style=Hint_BgL>attach</style> itself to a <style=Hint_BgL>Mechina Battery</style> upon proximity."
1895758683,2cd3692246eba3de49dc4ad36c10e72fa94866913ee9f1ae1d90b58374089ffb,"Well, phone friends are still friends!"
1895763285,b5e0f10976d52c0f6cde18ad6df0d52bab787d2f7667cba81afa0635f24379fe,"Beautiful! That metallic sheen... Now this is an Aniimo for the truly refined. Don’t move - yes, just like that. That look of pure disdain for everything, including me, the photographer... Magnificent!"
1895804526,6b0baf1268ce6038f5544fcbfc20355bab14967bd815004d59cd58f44c2996d8,"I’m back! Oh, it feels so good to be my old self again!"
1895809786,186d2164652a57d0e99fc10c962c589379afe281c1c8ea156973f9f23b9d8f5c,[Deprecated] Ether Heart
1895851293,abec68057650f07d94f7c96b103e7d582ff4903cedfdb4958d62a2b5c5f95f87,Aniimo EXP items
1895864915,c2aac8a2f7695b47c7b11402602f9c7fb6cc1e23e1bbc1c274cd6031c40b1210,How did you sleep last night? Was the room comfortable?
1895875272,76669248779e67f56c310c4cc9c44cf766932bdcc079b29d0ad0620388df2925,"The rain came down♪, and a Nimbi became a dark cloud♪ Dididada♪"
1895885694,e4be6f61d1654f41bf93c6279f225150adcfec316671778bff951d9edb628fab,"Use to unlock the current Advanced Companion Handbook (Path Passes). If any Companion Handbook tier is already active, this item cannot be used this season. You can save it for a future version."
1895905564,0d2944b0785cc4d0911a1f18977427fbea2d6e2eb23f31241a2a3e26e076a7e0,Starine Tree
2140979110,0d2944b0785cc4d0911a1f18977427fbea2d6e2eb23f31241a2a3e26e076a7e0,Starine Tree
1895939138,f952368bfa709fa7d32b27975649e5bba4c43f2948258f69a350dc7c76add966,Unlock Aniimo habits through Snap
1895951457,e1e0153df55b4ee84319571a6114c3de1ef224241a5e304ce0a0b93ea1ca4774,Your remaining days had already reached the holding limit when you purchased the Monthly Pass. The corresponding items have been returned to you via mail. Please check!
1895958498,77d7e765a10f21e5e75dce41cccfde3e6f13652514c2f22154063f89cdaa8815,Order description order order description order description order description order order description order order description order description order description order
1896054486,a67c1a25ad1ac67563b23af039ddbfe1d32e7fe1a8854f94a0fa737381309dd7,Growth is important to an Aniimo’s training. An Aniimo’s Growth will gradually make a difference in the Aniimo’s attributes as it levels up. Increase Growth by exercising the Aniimo in a habi-cube.
1896076461,541430ec84556006f2a42300d7bb893c672d6fa2c90f56a3e1661d20e829ecbe,"The RV now has more practical upgrades, including a power module. Say goodbye to energy concerns and travel fully charged!"
1896116230,a6d1191e90ba279e17e6668b48ab83505e6762c0d469c5f05aca3f9838244276,Remove Companion
2046578015,a6d1191e90ba279e17e6668b48ab83505e6762c0d469c5f05aca3f9838244276,Remove Companion
1896136470,66b253058aadd08be85dbab45a34f97ecc1c68a0709a5264167f1d39ddce6207,Explore Idyll for the first time
1896213310,ff4a9f3073b1e8055842ad14eb743c4de41f612aa924fea00a4b5ed97610947c,"I’m nervous, but I’m looking forward to it..."
1896217169,ab0f63c577e1386f3d33671e1672d460a0aaa51c0d9c2c588d6311e4d39b7fb6,I want to go in and take a look...
1896246945,b5aba9adc6406fa8aff800dd868af94375119b22e78250a7fc56b146937e381a,"No! If we didn’t interrupt...
You were going to make her stay in the dream forever!"
1896282058,ca8de797b6c2046cd30f14c9bfa27e3caa9eaa5cc726542c832a9ba0a77f16bd,"Punch, retract, turn, switch stance—every action in the sequence crackles with force, and Squashel’s fighting spirit rises with every swing."
1896286548,0b3cf997bca89378ee5b744fe24bfee8e20d3524751f2f1f27ffe198603f28d3,"So, everyone did quite well.
When we return to the academy later, you'll all receive some rewards and praise."
1896318470,633d459ee30161484998b5fea6aea86cef8b3af3e28996c003732d0b50eb2f34,Executed successful
1896340841,2e5d0f264c43d51f8eedb062b5d5049f5c0a82d938da6add200965b141f58b86,Woolen Yarn
1896351343,50e609b6216bd71fcbea974bbd48d7fd6cb36548af33fcb01b1cf41e91c664c8,"The scent of life and growth... I think it symbolized plants, forests, and grasslands."
1896423030,e9aacd34aafeac7018b0047324d554f8721780ea01aec5b641f35ebc39869bab,No Home yet. Please create one first.
1896445166,dd9dd9b0be59795e5768a388358587034e8fe080ae3488b3a27fa9ac161e4fa2,"A spruce display cabinet that keeps your memories behind glass and gives Aniimo a home below. They treat everything you treasure as something worth protecting, standing guard as though the cabinet held your greatest riches."
2144617356,dd9dd9b0be59795e5768a388358587034e8fe080ae3488b3a27fa9ac161e4fa2,"A spruce display cabinet that keeps your memories behind glass and gives Aniimo a home below. They treat everything you treasure as something worth protecting, standing guard as though the cabinet held your greatest riches."
1896462363,641e417fee98984e29282845cda296935fb2a996e7fc28408e809e0feda514ce,"In that case, we’re all in, too. Nothing but the finest ingredients for your perfume!"
1896473967,5e9d507632ccdd70c7b1e815218063fbc72dda3b495496d7872726b3a6ae9ae5,Chickpsea
1896474911,72156f78c2c5dc1baf8d4d9916a3eabb349f954fdb64856f1259499d264c49e9,"In water, Popotas can <style=Hint_BgL>Jump</style> over obstacles. While dashing, Popotas <style=Hint_BgL>Haste</style>s through the water—and jump even farther! Watch your stamina, and race to the finish as quickly as possible!"
1896492339,190ac4e1b43ea48d20a1008ed675c65708732357b06e949edab43355787a03c3,"You're too kind, senior. That was actually an accident..."
1896507212,bd0c47f825ba0526b344387a50e582ca1e01df7bc9cb273cbead7c75ec44013a,"Their golden fleece is as brilliant and beautiful as sunlight!
I’m going to practice flying so I can visit the sea of clouds someday too!"
1896542211,6a839eefd35ef4b6d043795adaa911ed7ffb5dc1a83156f3dfd7be78c98e29e7,Textiles
1896549744,482aba91ff18609f8c2bced0363aad4dac5d19075e17b17964250df5f1c9a419,"Increases Fire damage by <customRichText(calcData,buff,6003016,param0,1,%d)>%."
1896549986,7e719cc940712fbd96c3763dca8ee380f8e5ca137b99d63238a1b05e11fbc7c0,Learn more <style=Hint_BgL>abilities</style> to aid your exploration of Idyll
279427839,f94978624d3fa574ec5c072ad9353a0bc0e3ff2215b00fc90f584862b65e4903,This majestic Idol holds mysterious power.
279680652,f94978624d3fa574ec5c072ad9353a0bc0e3ff2215b00fc90f584862b65e4903,This majestic Idol holds mysterious power.
398857268,f94978624d3fa574ec5c072ad9353a0bc0e3ff2215b00fc90f584862b65e4903,This majestic Idol holds mysterious power.
420550168,f94978624d3fa574ec5c072ad9353a0bc0e3ff2215b00fc90f584862b65e4903,This majestic Idol holds mysterious power.
486717091,f94978624d3fa574ec5c072ad9353a0bc0e3ff2215b00fc90f584862b65e4903,This majestic Idol holds mysterious power.
501374887,f94978624d3fa574ec5c072ad9353a0bc0e3ff2215b00fc90f584862b65e4903,This majestic Idol holds mysterious power.
515056730,f94978624d3fa574ec5c072ad9353a0bc0e3ff2215b00fc90f584862b65e4903,This majestic Idol holds mysterious power.
529049128,f94978624d3fa574ec5c072ad9353a0bc0e3ff2215b00fc90f584862b65e4903,This majestic Idol holds mysterious power.
1896568415,f94978624d3fa574ec5c072ad9353a0bc0e3ff2215b00fc90f584862b65e4903,This majestic Idol holds mysterious power.
1896575579,ccac9f6d26f7a3379f4d27ca8753dbe2c25294cd2d3a780d47f27880394586c9,These so-called illusions here are ineffective against me.
1896603797,2c7bcd82f96ada45d23cbc3ee206187308bb2c5a166e727581b63b671a7477b2,Say sorry?
1896605125,02b44c6e79e1b6c60796fc08981cf6a91821cfa146458658e65af80c10bd4ca1,"I was taught by the former Princess Melloblum in my youth... so I know only ""a little"" of their culture. It is truly fascinating... though I never had the chance to learn more..."
1896640799,71bf18cf1256a95396d3933863b4271d0eb9195a868e679f4193f8087c57083a,Delete Pathfinder's Aniimo
1896659754,4bc8e2c903ef429d4c39948211d5925d3701ef305283d12c365eb42df66909f6,"Wherever crystal minerals are found, so are they. Their hard spines serve both as protection and as storage for energy."
1896662181,9ebd4f5bdfb470b16c87a7a887a22e4e003813ea77ec014b8b5d1612d7da0fee,Sing your heart out! A score carried by the wind can’t cage us!
1896669887,e331ab306e6a3db68c43806aed73e0ff28772d50a9f68584bacb26d82b1e677f,Confirm Target
1896686772,7b91e552e7f2fadd63f338c1f05efd494f38d1927388d6147b7257aa8fc4a947,"Miraculous Captain Spud with triple mutations, enveloped in a rainbow-like glow and sparkling with dazzling spots of light while having exceptionally large and plump roots."
2082616637,7b91e552e7f2fadd63f338c1f05efd494f38d1927388d6147b7257aa8fc4a947,"Miraculous Captain Spud with triple mutations, enveloped in a rainbow-like glow and sparkling with dazzling spots of light while having exceptionally large and plump roots."
1896721037,443257887c28dba6afac9bdbac6191bfbc7b0e52decc6a4601cb71608f11a197,"Roses have thorns, and even stars have an edge. Take this, a gift of thorns."
1896725079,83c7f9000afca49b388f76e2fe65193e8a13cf519723c7adcaa8a5ee7203f1c0,Yes! It’s been so long. We’re busy building the stage—any chance you could help us find it? 
1896778423,2aa0587fc5e80b50afaf2d4c1fe6b99154c5a18ceed1e0a3aef8541dc56894fc,"A natural wood wardrobe. Even with a bed waiting at the bottom, Aniimo still sneak inside whenever you’re not looking. Perhaps your scent makes them feel safer."
1945375296,2aa0587fc5e80b50afaf2d4c1fe6b99154c5a18ceed1e0a3aef8541dc56894fc,"A natural wood wardrobe. Even with a bed waiting at the bottom, Aniimo still sneak inside whenever you’re not looking. Perhaps your scent makes them feel safer."
1896778884,d24334061d98c690443592a5fea91adca2e56783a82a0579acff2312c49caf9b,Aniimo does not exist.
1896786763,6373846957eba81231fda456dae3815803736a28445abd6beec741d23762fc91,The arena has a great vibe today. It’s packed with top-tier fighters.
1896802664,1865d9390ef05769aee4aa52003881b73a3fa15d57255e0a3fe9f023c012b5c6,"With your strength, you could surely deter those who threaten the peace.
Please join us! For the peace of Idyll!"
1896831446,6bd9ed862a3d5ec8517906da2f8865d4799f217bb787ba2363d7b2b55b1bc3e1,Blitz Tree Effect 07
1896941254,da65a8ca2356fa27f3b8269f5e487858081a30809cd42c8363b439bc067e9f89,Love Bubble
1896987040,31f1ba2b9bb4789c63daefd6429f72e2ddbceef784c4136664a82fcee7972b26,Collecting
2040900038,31f1ba2b9bb4789c63daefd6429f72e2ddbceef784c4136664a82fcee7972b26,Collecting
1897006816,5a10115e3b7562f546896a5986042bd9ddd93d24499cd4b6912943b616ce0e84,"Text content (placeholder) is the poetry of heroes, the Key to the World's mysteries. Text content text content text content text content"
1897037265,d6ae29a480f3a637812089714b6426c22fe143ac9cffb7596600d5a7947e66b2,Sunia waves her hands and three Aniimo come in...
1897079111,72bc8be19a05080273e1f59c4ae1109ca61f71cb72ca2adc1c2d685fb3ca5ea9,I miss you!
1897152011,d9f4649e31f17ac59ecfa217ab6c4a0b93b206726e9a3f905c01f8770f9b8ea6,Targets afflicted with debuffs deal 20% less Damage to themselves
1897158387,e4ec448e9d61d7feb13b73baae0b07f40b13a7d31d66057eeb8904e72dfa2f56,"But after Sunia blended a scent like this, I changed my mind too."
1897184004,54d9180381cdf67c2ab06e4dbdb8aec6a86bcf1accebc34050f3ca0219cd4b2b,"She can’t hear me at all...
And I can’t touch her dream! What is going on?!"
1897212660,0711bec875241cc65882500c4759f852f3501b5e7b1b2843c582e950e3622dd3,Wait a moment. Over there... there's an Abnormal Status.
1897224450,eac3276828401b1f4b12c45907cb164ddb5ee9995ed1202e56640483427c6f73,<color=#d89c28>Morphling</color> is back!
1897256753,da5546c47bc452ab475cd8e1d048cde0735a181f8e5fc124a1748e4a133ab8c3,Prompt text (placeholder)
1897358431,42edeea89114262cb59ea3b60dd1fc542d51ffa5b9c31f35b1f0689b75484488,Giselle
1897372823,211cbac591e0b28edccc4db4a34ec0fec986a32ffd3fa69e5c040d6f035e0cf9,"Dashing and refined, with calm, elegant confidence."
1897417782,b7e797c05b6bad4c3bfe3970907efbcd735b0b033811e8e48627d9da7d05483c,Looks great!
1897444843,0ea2ee97ecc19d5a3f1556d50f14d41292459efbc599123156548adb58d4f5dc,(Translator) It’s the Windgliders!
1897477851,549dc6e271dd1a99e2ac6c769e21b970de914115cc2153c4445fd3d50e531ae2,"<style=Hint_BgL><customRichText(calcData,buff,2021001,param0,1)></style> seconds after battle begins, max HP is increased by <style=Hint_BgL><customRichText(calcData,buff,2021001,param2,1,%d)>%</style> and a Shield equal to <style=Hint_BgL><customRichText(calcData,buff,20210010,param0,1,%d)>%</style> of max HP is granted, lasting until the end of battle."
1897486515,d0f18ee6699670f5ea966cba06ac9e900c43e7d3003f6ecfdbc267a44d98ca1b,"Classic wooden tray, solid and reliable, sturdy and durable."
1897495472,0eecfd2d6f09b9008815977e1662f47b5eaa58307bf3bfe4808a68ce9d9a193a,Stop Work
2012428187,0eecfd2d6f09b9008815977e1662f47b5eaa58307bf3bfe4808a68ce9d9a193a,Stop Work
1897536604,83e13be16ef5a5f571c8fa0bd86b734ac276e42270f99f00a198d1c6e81a5a3c,Work harder!
1897547916,267e3d39ddff3ae18fd1b0cca48e22fef1552c2f27ae868ea1dfcf3d6823de73,"Say, when Nimbi make deliveries, do they ever run into the rail?"
1897559999,ddac2d6823895f79200c5890475bbdb78d674b1fd0735655f9881df67662e1bc,"When Velouria disperses the outer barrier, the land before you suddenly fades to gray. You realize that the barrier had been sustaining what little energy remained, while an anomaly even Velouria cannot explain has appeared around Irelia. Protected by the Institute’s gear, you decide to press deeper toward her. As someone affected by colorlessness, Sunia cannot enter and stays outside to await your return."
1897575058,2bf3362905994178f9e157b579d0af253d8f52a4d9915d49a558d28e4fcded05,"When I stand in the water, the brook shakes my paws! (Nimbi will love this!)"
1897605146,b7091f16c8df032871fea1952292de4b3cd3c4c0ab6b71b08343d346277caee2,"Precisely specify a field instance ID (when not 0, only this field will take effect; takes priority over homeTemplateId)"
1897629416,8fe4467a6c10e2e87e4b295f335d391634c68c0cd2046c3f445151ed968ad503,Rotation Angle
1897670389,06aafa9a2169a0acf72508720800d615fb13485d7951b621778385bdf8314603,"Look, this is Sherro’s <style=Hint_BgD>Tidal Heart</style>. As long as it’s in water, its damage increases."
1897680746,4218de91beb646701096edd9e0a4175dcb4a10fbd26c3802b9c6b6217abe3458,Looks like we'll have to defeat it to get the last ingredient.
1897685673,5d645a9d8634de6c88ccea00b6f8d800acf90295f5b5e77c79fcda2b3875c969,Exceeds the load limit. Cannot place this combination.
1897784687,a069c4711cf472f19ee68458145d55c3080cdc8f9d6955483a242b9ed78bfe3d,"We’re optimizing the way that Aniimo rest inside aniipods, so we need another shipment of supplies for testing."
1897819643,89304c7a9a12bfef4664887cbb3c2974cb7565aa1da3b19ca591962b3012c53b,"That's right, Aniimo is the cutest treasure in the World!"
1897853125,803bc62d46ce5b281e8020fe869a9539615171a4535d7e0d4c7f36b94350f8fd,Colorful Sparkling Wheat
2011365229,803bc62d46ce5b281e8020fe869a9539615171a4535d7e0d4c7f36b94350f8fd,Colorful Sparkling Wheat
1897864605,0bbd82d530bebac46bd6858e8079bf385c4c030e1298c5c92282fb854e29456d,Furniture Blueprint: Harvest Moon - Golden Wheat
1897968947,4795d8924b9bd00cc95175fe893b2cb249e750cf4592b8acf95d3d9f80f99292,Obtain 5 Lumin Amber in Berylline Vale
1897978985,647b61aa444792220bee051f2401aea13ddcac7577effbd5f999a86bd2875aa4,"Iris has very strict requirements when it comes to creation, can't be careless!"
1898001508,34694871e698ba72f8ee5308f730134ccd53441c8aec7eeeb3823a127096db8b,Iron Ore
1898020348,332e04b724b0a984e338441a1825e0de925e8180b20ff7895df43238064343ea,Wells
1898099495,cb4f92b9f16193fb3a9af46d0cbb9cebffcce1fa780346a2b958abe08e8c01a2,You need to collect enough Shells.
1898136791,e83380ed0a95c81adc1d89d93143fc5dd889fdeed49c99361b51f410f02b7356,Ah! Still not a <style=Hint_BgD>Grade I Trailblazer</style>? A real villain needs a worthy rival! Readers would review-bomb me for fighting some nobody without a title!
1898142514,60c718b986b7a96a433ddae6521fa48b4f46ac55ef59d7f7559ae63ec7239f4e,Not enough Aniipods carried to equip
1898182043,47bacf1699acfa12a9d8a353f8a98efbea4621e3c5c6b55da105aa667c85f3b7,Large Wooden Crate
1898192038,8eb928be143cb40ccd07abc34ed92e4223d2ae345ba645310f405eb96e76f61a,Forest of Falling Stars Bonfire
1898200699,89171ec821bf86af4d6c2c1f0b3970a9c8a92878b84a5339f89e1914476811e9,There were even water-making championships that everyone in Beast Fang Ridge was crazy about.
2138766042,89171ec821bf86af4d6c2c1f0b3970a9c8a92878b84a5339f89e1914476811e9,There were even water-making championships that everyone in Beast Fang Ridge was crazy about.
1898228203,e2fb8abbd05eb83559346d241b63bba62b32a2c8bf2f6555c0a607f79fa60bc4,Unlock the Advanced Companion Handbook to receive
1898242341,3836083ca8a6ba3e71fcd9614f526f795dc0927bc48807f72d31368d8e3f5e20,Material required for evolving Aniimo that live in coastal areas like beaches.
1898256245,46afb8c8be14e817b7a14b3f8c138c22eb68d04a857dc8413a66c3aa64d5aa90,Rock Empowerment
2105526935,46afb8c8be14e817b7a14b3f8c138c22eb68d04a857dc8413a66c3aa64d5aa90,Rock Empowerment
1898273723,3192418c554a3f3e05c4eb0ca71c1bc7468d6612031bbccc6849b5ea577cb7f4,If only we could <color=#d89c28>Push them</color>...
1898274045,8230f39b9a0a4a7df1247603df44d01b48824d8164f7d830335b324dd9de5b33,"Cannot move or cast skills. When <style=Hint_BgL>[Imprisonment]</style> ends, deals damage equal to <style=Hint_BgL><customRichText(calcData,buff,9138304,param0,1,%d)>%</style> skill Might to the target and restores <style=Hint_BgL><customRichText(calcData,buff,9138304,param1,)></style> EP."
1898436080,b8888a54f7afbd173645c9fa8729f2026d12ee3057c3727ca9be0f4fbd5c5ee7,Thank you so much! I’ll stay here and see if it shows up again. Could you check the other parts of the park for me?
1898437047,3ec523df67d16bc76bcb118566d7e3ed6544de760774621eef7d6d1c2f4ebb70,"Boss Scorchhowl’s strong, no doubt... but it still feels like something’s off..."
1898437531,23ece3f597206865454a70c4fdf9467a0ab407816bead7596d06684f29d7c7c3,That’s exactly why he needs some fighting spirit!
1898462070,e34f1de8b11094edeca2f0d787b90229aab4d051bccb436a888919c899685603,We need to keep investigating.
1898490134,b6d134489897d6586ec35419356348f53877175f522e6729aa95b25554e4cb8b,A row of Emerald Bamboos rustle softly as the wind blows.
2003125747,b6d134489897d6586ec35419356348f53877175f522e6729aa95b25554e4cb8b,A row of Emerald Bamboos rustle softly as the wind blows.
1898503897,e7e72948c5d52dc64541958ee0337da07e2f54c12342c4be2bba9b21bdb990c0,Submit Report
1898520186,be9401826015a3c35085fd130aaa1825e90d4d459a7db931d10b541060997392,Use the <style=Hint_BgL>joystick</style> to move your character. Use the <style=Hint_BgL>Jump</style> and <style=Hint_BgL>Dash</style> buttons to perform actions.
1898526470,b3d5e86a864204cbbee281a603be5725bdebb302c4868652c4643539d4a47c0f,The queen just flew by...
1898548232,292397daf5e317c796f545ccdbd3d49d672d5f2149540a2abab587d7204f46dc,"But then, while I was out exploring one day, I saw an Irisalis appear."
1898595174,fb0d5badc57a95030f379da9bba4abc1a6595d3fa6bf2fa0910777340e204ca3,"Though at your pace... you might wanna put a bit more effort in, yeah?"
1898669042,07b24125d855823b9af4e3b5eb5804cba645b545e2873db40cc017f977cd2f9b,I can’t find that Jawling.
1898706064,c1ed0f45889c95cc86594e88d9492785183fa4e72315ac6c6200cedd57c690ab,Spring of Life
2055313498,c1ed0f45889c95cc86594e88d9492785183fa4e72315ac6c6200cedd57c690ab,Spring of Life
1898773773,70a21c6cd71e0e9f4b2ffa5e62d2734ffde4da72a3b93b2fcec4413174796729,Eye Makeup 16
1898790565,f0472fb4d7910fb6c261e5b209fecff043209d168222c5104f8f7d8a6f4c0ff8,This is the shop's most popular Iris tea. Freshly bloomed Iris paired with the coolness of mint makes the originally elegant floral aroma even more ethereal and subtle.
1898831491,d9c9a83c99d62e85b7e595222dc527b33c0c54559f7306ec9056cc46a2ecb739,Trigger a total of 10 stacks of buff while Gale Guard is active.
1898838224,3afd734cfbe946e1871d589ebbf17d71c0e3961c0d1d25244c4d8389f4f99779,Invalid item
1898900826,1fd9b81aab5d881ce549da3827eaa203c1a9b82bac46f34313a8e6ce0572620f,"Increases Dark damage by <customRichText(calcData,buff,6003015,param0,1,%d)>%."
1898905960,5f4ef3c0f4c2f5b1c9b9d8671d124b3b774801dad0077c81f012d8c0e591f74f,Such valuable raw materials were left behind... it seems the people of Bloomville left in great haste. Perhaps they didn’t manage to take all their records with them.
1898928080,6ae4d5572465e6c210ecaddcb0277ce36b99591abb7bc87460c6c7d5354eed92,"Goes all out, rapidly firing a continuous barrage of Wind Bombs. Each different Symphony buff active reduces EP cost by <style=Hint_BgL><customRichText(calcData,buff, 2118507,param0,1,%d)>%</style>."
1898960697,8117db13980671a6b6d0f08ac37cb022d84a8c190895dc8cb4eb8ca34f2319f6,"You said the scales were hard to get, so her habitat must be quite far from here, right?"
1899060074,0dba3a940ac4204e3350ebd76ee8c011f4c52475a23ddd66a7367eb3dfeef66d,Available to Learn
1899090776,77e78e95e3515ab109a62851b448febbc518a6a81b15f8a47644c30e88575f73,My problem...
1899176796,8b4f51909fee5c7c463365132665b0391f1f42e7a6bb7c8b71792d523bc081e4,"Step forward and spin to unleash 3 Lightening strikes at the target, dealing Damage."
1899182234,c30cc79705ef72f63e51a18aa7b5a2e1dd8646f27c1624f7a0a0798fb558b044,BREAK Max Value (White Text)
2050770971,c30cc79705ef72f63e51a18aa7b5a2e1dd8646f27c1624f7a0a0798fb558b044,BREAK Max Value (White Text)
1899184023,f33b7ea87a17848e685582188bbf9b74bcc1b92e683d2f5fa6115c37e0f44376,"Good day to you. Oh, mind the little blades of grass. They’re feeling cheerful today—let’s not bother them."
1899205102,fb46121b00fb586f584ec597a9ee42eda0c6ddf6e6f30729091c009602f64976,"I heard that on the Idyll Continent, <style=Hint_BgL>touching a lucky clover</style> will cause something wonderful to happen!
It seems that <style=Hint_BgL>activating this device</style> to generate powerful wind will allow you to reach it..."
1899236320,be4c691376d11be5efaf9a1734b1b7daabca6ffa32db2f5dca14b2cf3cf61343,"#playerName#, farewell! If I get the chance, I'll come visit you!"
1899238010,208546f64284a7013c2e52c08bd3eec4ab5cda608d11dae6d65c39ca706bba5b,"You believe me now, right? Still, I hear certain Aniimo can inflict <style=Hint_BgD>Healing Reduction</style> effects. If I ever face them, that’ll be real trouble."
1899248478,2077d152a641d34fba76c89d90aa8e7600bc6a49d79a830219095fbf79fda68e,There’s definitely something strange about that man... I’ll tail him and figure it out!
1899254579,4e3956ece50ac902a016f9e60b1b050d7aa114c44df5d7c2f36a9ce647bfda50,Tap to Close
1899293732,30948e18fe97465a2b8b4705b158aee8bd59982b729bf41b8dfa84bdac9e7532,Sow
1899320420,196cf10ac6ed9115f888444708f6d9e57b70943e5164b4a6e414e8b9d098daf6,Ugly scar-faced creature!
1899388559,df423d3237da3b1ef6bb01f17dbf8821903f1ba06e8b58106e40fc9002906b95,Aniimo Egg
2059423667,df423d3237da3b1ef6bb01f17dbf8821903f1ba06e8b58106e40fc9002906b95,Aniimo Egg
1899432715,e5deb3ba67b6df77578bb7f3e3c5bb6cdaf6dd4320a5f6bb34e1205286af754a,"I was running from the rain and forgot about all the rubble, then I got stuck here. "
1899442531,ef149e190394babbfeac88e432436e5552e8f3be96a04316648cae6467a8a6ec,"Come on, let’s get out of here."
1899443011,8dae02adfc4bf9a86afd7f89859aad5151e72a7bed9bd5668f85c7a43019e7c0,"Damage dealt +<customRichText(calcData,buff,6003011,param0,1,%d)>% under Light Load."
1899465785,68c679de6f2d05e9e6b4219dc6e7eda827748c307e2c5ed811b6f92d39999c54,Held Item World Concept Description Test 2
1899466528,dd7e057d0b9037403438d9a9238cd0ca1875f405294a97003f1cb1c6d78cebda,"""{0}"" is currently Legendary. Continuing with transmog will change its set. Proceed?"
1899502436,27fed31c456c325018c1bbc5f654a93cf19d41bac14e5fafadda3ff2b184d174,Activity Stamp Gift Pack
1899504114,55646d8bfac87a841d0474e92bcdedf7e2bdac3d4ec478652b6474704786ef0f,Coral Impact
1908578304,55646d8bfac87a841d0474e92bcdedf7e2bdac3d4ec478652b6474704786ef0f,Coral Impact
1899504469,01768f1f64bc2b0234dd41acf317a51c404fd6a537e1f4ab195436c04e225386,UID: 1234568
1899523122,76d4c4a442a2d2f4f2921fa558a0ab5f637a079058277ffe1db1ccb05340e184,HP buff
1899556592,6487ab0ae13e761f49bf16378753c42e4469199a44804ff51c6ebbd81056c2bf,Double-press #kPlayer/Jump#z to fly.
1899558410,c1f5bc2ab3e48a480de436dcc604a1a480e722d993c7119243cc9105e7a50ed6,"Try <style=Hint_BgD>twining with a Baleetle or Waleetle</style> first, then give the challenge another shot."
1899563722,7d75405c66eaa32137e3532a95a87d8476143db8c2cddb1ea07bb230845fdae5,The Arrogant Helmwhelp
1899573492,ea7015368798bd2f2fb86b99ca2a53d9421ab6dee9c62bdfdf9e95c4d8862127,"Pure Vein energy condensed into essence. Absorbed by a Branch in Breezy Plains, it attracts Aniimo."
1899600857,a692ed742bafcdbc7c60c9c5b1fd372e50bc590314601fa2f0301778b1759196,"A rich, berry-scented juice with a thick, deep-red hue. Its sharp tang pierces the senses, while a wild, fruity aroma conquers the palate. Unique and irresistibly charming."
1899606018,b90579a4bd24547cb053fa3f3b5005b10725db057a199c4add51a9160609480a,Scene Brightness
1899613210,7f77c3c0cb21ac4a97746477a0260ba508dbcc9ce106ca59700397a909cf47c8,Is that it? Nothing can make Big One happy?
1899627803,e8e3ea0849af17505f854ab8728831bc2b8239f2ee1b6fe29d0befba4d2bfb4a,"A savory bite brightened by lemon’s crisp tang, refreshing and palate-cleansing."
2133207452,e8e3ea0849af17505f854ab8728831bc2b8239f2ee1b6fe29d0befba4d2bfb4a,"A savory bite brightened by lemon’s crisp tang, refreshing and palate-cleansing."
1899652757,df28c16f2e47147e937d941165392e047cb238eb194e4642f74d7301f2b058d3,"Run, run, run!"
1899682796,5e8224e312547774555e09fd0f1c8508a398aa18a1211286c9752ba87c2f0214,Hm? This scent has shifted somehow... it’s moved from something like courage to something more like victory.
1899688809,a03afc2b188b3d958f97478cf20d7b43529835192a619373f41142596b758fd3,Increases BREAK DMG against units below Lv. 40
2079702784,a03afc2b188b3d958f97478cf20d7b43529835192a619373f41142596b758fd3,Increases BREAK DMG against units below Lv. 40
1899694059,60f9cddaca8f3a52c9e146f42ca69285d85ac9b84c4cffdf03a54b0ded1e405c,Wet Wooden Chest
2058987019,60f9cddaca8f3a52c9e146f42ca69285d85ac9b84c4cffdf03a54b0ded1e405c,Wet Wooden Chest
1899697719,cf2d3a73a268673ecb964e9c3a650cf86fa7b2a19f43f0e2774961c6e0d51c3c,Come on! Head to the teleportation device and on to Idyll!
1899718163,26997c468996cdd2564098b95d1af1693d6a30cb97123abb24ea931b78add4cf,This category has not been unlocked
1899724573,ee2d83ac9f1d15c954eb56f5735e8e467cd16dc0c6bbaaddb2c81de070c777d6,But their top spot has to be <style=Hint_BgD>Wolfie’s</style>. My Scorchhowl and the chef there are buddies.
1899760582,fde73d7a8f6374a1889b48bf9d1836e50269983bfbc1a72300c426a93534ad5e,"Skip the ""A Twist, a Turn, a Farewell"" Cutscene?"
1899822492,e3c22a07c38eed8449e504ba18938ae3ac31c1eb80fa0fa440df64d401811dc5,"Your presence has helped the Chirpis complete their song of freedom.
The melody carries across the Argent Strait, making even the waves dance with joy."
1899839644,368a60e648dd83901ed56165fc603dba66c700d06f7e6446eb0b291264f76627,· [{0}] - {1}
1899875865,a97377d77aafd52f78a4f11dc997b80af2eb786aa02809e481a4ca628e8d9283,"Duration of each test (seconds, Default: 10)"
1899903523,02a0a46ac76f77ccf2a48f88ea8364fa841465f7512ffc28b95d96abc7885d4f,Sometimes I wonder... if my Fentuft ate less barbecue...
1899905772,2d6bd0917d4f117ed213b74faf7ce756d605b5e547452c7e12055c888d3941db,The vines ahead seem unusual. Move closer and observe the Celestis to see what’s going on!
1899936709,1d26ce87c472a270d6e6a5afc53b439b6762b660ad74f3728ca5c3f51ae25049,"<style=Hint_BgD>Star Dust</style>? A very rare gift, indeed. It’s only awarded to those who overcome the Aniimo Alphas found throughout Idyll."
1899943598,d5c1110ac5f6f041800b24dc689fad6c8fac79743df7c9723b1cff65f3ae8997,"I’ll send you the relevant materials, including Dewdrop Crystal’s uses and handling precautions. They’ll come in handy later."
1900006560,48cc4597c0f2159af31b9ccdf315aa27356844c91a1b8f81946fa8007b5f132c,A lightly scented bar of soap resting on a wooden tray.
1959843418,48cc4597c0f2159af31b9ccdf315aa27356844c91a1b8f81946fa8007b5f132c,A lightly scented bar of soap resting on a wooden tray.
1900015301,45ee0ceae127d63b25ee5aeee38f74d9437d0f60fe8967c58a2605adf8ed2aeb,Reach Prismatic tier for your Dewy research level
1900040315,ed2ee2dda48df4685d086ebfffb074c4d2eec96fa99dc08d15c4611e004e4144,Reported Name: {0}
1900083897,0748f917df1b9e0dd53414c84c7a13571a7c61bbe33be46986976a3ebf20deff,Your Home produced resources worth <color=#5090df>%s</color>. What a harvest!
1900127851,4836f7237626c2da4a0e1e8913eb1c7bd9e0496ac9a8ed0b1053e8222a934bee,What kind of perfume is Whisper of Longing?
1900128782,a56e7e0bd58bebbd7d87c999c31691f66d1eba7397cb58715409308093af5396,Fluffy Friend Bundle
1900160546,f6c876bfce6617f58c66bb73a7ca71294877fa8bf4ceb93d6d245e5c38d9fea6,Additional activation items returned during Global Launch
1900228283,623e811c82d8c3946dad9dc5899a9a9c30487b2326e71299fa6d4d1009eab872,"No blooming flowers, no Prismana... The Aniimo just now—couldn’t be Irelia, could it?"
1900258585,859bc154ada2d9cba47d6b3ad631244e91e0b56a3bfcb64285e91362193f1ac2,Odd
1900314206,e7a3d36658caba2f2908b38542f9144ef0f954ba6ccee7a0d0d05c6cd6638829,"I’m on patrol here today. If I see him, I need to tell everyone nearby to stay far away!"
1900389244,ab4bbb7c1983bb05f78eb2ce4ad1c175c757603d3c486f9aefd57b4fd1f082b7,Insufficient Storage Space
1900398815,84b4fc9a81a1473c4ec60345bd62698d00dc97d3ed28c97a59fe92b7bf493b66,Plot 22
1900414313,75d23fa934deccad5794d3e71f4d003b72120c1e71a1cd31dc6dbfb835452673,Morning Blossom Festival
1900432959,fb924226909d02cbf3b234590181c39a07eb405fe766420ae69d1c31597a1f57,Sprouting
1900477401,b467cd57ddec85dd1ddee748cbdfbd787c1b730830762b52e8283b6a15022fe5,Product Name Product
1900498386,fe43cb97d9f9f57cb7ebcf1a817dfd0a25930c3264f974c45936303455cbcb76,"...Ugh, still as sarcastic as ever.
So, what’s our next move?"
1900517811,ff6c0c73d97245ff7f6ee4935b3ae349a5e5cd45e9f6ef37514b7d9ee6778d55,Hey! Could you spare a bit of that gorgeous ore for me?
1900532647,2e92f75cab978abec09ad6466af16e4a246a077d0c6b8cd260c84d85dfb02b45,New orders can be filled too — just collect what your Aniimo bring back from the Park and submit it.
1900543806,9a2441d8b6ca4340b67bd973fbfff7cf5d2fcf6348064c3d54e934bf6c705c8f,Challenge Senior Wendell again—he will send out even more powerful Aniimo to fight with everything he has! Defeat him and he will award you a <style=Hint_BgL>Badge</style> in recognition.
1900599355,303ad2183a836bdf8aabd9f4fa58db7a1477a0f2c5a84bb89a30d682540c40d2,Tip: Upgrade effects apply after the research is complete
2009478098,303ad2183a836bdf8aabd9f4fa58db7a1477a0f2c5a84bb89a30d682540c40d2,Tip: Upgrade effects apply after the research is complete
1900614898,1c823c328da301b97641c80a3b0f4d80f043bc31743071bb0dda8b31cd06196e,Rested up? Let’s continue our tour!
1900682184,040d79cb02e36e26e53545ed53199f20add8e625366b3f4c1c866b0bbf8677e9,"Please calm yourself, great Aeon.
The other now resides by the Saintess’s side."
1900691170,1a587abecc5a4dde4ac560d5259257a2948e08206279f7f785eaa8662ff3cd66,Module Name (Placeholder)
1900691604,c940f08f4d16fdb29134c7376a25671a06e39be260d0a2f47f51badbab4cee82,Helm... helm?
1900726363,5344cb05d64dd3ca8fac84b7ee1cfa674c926bda4ad37468c111748c10fd7db4,Take a tour of the exhibition room
2096656992,5344cb05d64dd3ca8fac84b7ee1cfa674c926bda4ad37468c111748c10fd7db4,Take a tour of the exhibition room
1900730488,bfdcdb308d0d3c2b585c9cf2f902b9e2334ddcdb300a27c3fa5215041d5017f9,"Wait, it already comes with a house?"
1900760612,2b6dc2044aaa5ed202bf2895d8b6e0b67d94d1c841291aa64663640185811897,...Fragrancier feathers... no good. Switch to Petals... what kind of Petals would be good...
1900803581,bdc583a1b4833f69b338add73dcbb7262db422e03407469442b9058b6a120e6a,"Selene explains where aromathysts come from. Dewies store duskwhisper nectar in their throat pouches, where the nectar ferments into the aromathysts used in perfume blending. To make perfume, you must gather aromathysts during the day, then take them to the perfume workshop for processing."
1900804671,db9dd093bfb5a527b94bb40ce831c06775d17a1ac0195c76d80e5d7da49440b8,"BINI #9 Unit, Amplifier, and Chip have been automatically <color=#FFE451>reclaimed</color>"
1900806596,c5a2d2291c73b0c4f7edbf942bfa54f5cff1ca10046522119f92305fa2a96bed,Level %d RV
1900837650,81f340b7206a71ebebf26c2f77f3b8b6f76ee182fe2f82e35704a0e76bbbd755,Blessed Pomegg
1900849263,5ec9025aee93b3bdcf4c7be2515a3b4cde84656342e343ac1389855ec8163e1f,Stamps
1900854381,61eaa5a00186eaab67dc3fa79f57f6a9e8aa0759ee5a1a7d37f3529b77fa35dd,Roots firmly into the ground.
1900872145,76c6ddde8c1d13b3efd878cc882417bee558b5d3ba58221c11182bee1f462eeb,Lewis and the Icho
1900874180,6bc65148738bbc7b9f310433ade19eb7bc3ffe17e609ec65f8584a38b0e8ec22,An Emberpup and a Fenrier have been detected in a standoff. Would you like to go check it out?
1900904118,f7a19d75315ab0dc16b99c68a92e387d580fb4490e144dce493fb3f999477c2b,Invincibility is a lonely place. Only the wind and the egg remain by your side!
1900925968,2d1b32bd0d6e7bcbde8654aa3b7dae28c9a3052a0860e0b7ea67dd47a1477b0c,<style=Hint_BgD>Change Weather</style> unavailable for <style=Hint_BgD>%s</style>
1900926121,01100232859f6c8b905c48709e348e787eb04854873b34d80c8d3564008bf1cd,Shy Otter Research
1900948495,7b4e2f358ecbc9acf2a57c2b761410d63ea119456d9d5a8918392940facd9ed1,"Training Coin earnings increase by <style=Hint_BgD><customRichText(getConfigData,rogue_multi_level_talent_data,48005,param0)>%</style>."
1900956072,6370ef1292dd0db1cd54fa7dad777b5603d69bcbad8a73b18db4de9c4a46baef,Help... Wowa...
1900974087,1bfd187facfadcfc3291376c9c8732416bfe4d43980783f8c26024b8781be685,Ride the Helgon Rail.
2125427903,1bfd187facfadcfc3291376c9c8732416bfe4d43980783f8c26024b8781be685,Ride the Helgon Rail.
1901018786,50eaac023caf85d78d71d2e32e7e5b9aaaf49d8f8924d67952ef40e5f61227f9,"Gains <style=Hint_BgL>[Thunder Imprint]</style>. While active, each hit against a target stores the damage dealt on the target. When the effect ends, all stored damage is dealt at once. Recasting the skill during this period triggers the stored damage early. Lasts <style=Hint_BgL>8</style>s. If the target has <style=Hint_BgL>10</style> stacks of <style=Hint_BgL><link=""source_8038""><u>[Lightning Debuff]</u></link></style>, consumes them to deal an additional <style=Hint_BgL>100%</style> damage."
1901034911,99df419a77cb87dfdf77fcdd2e9720858ca7fc743379f1dd81016c7f02816301,Not even close!
2003665261,99df419a77cb87dfdf77fcdd2e9720858ca7fc743379f1dd81016c7f02816301,Not even close!
1901053972,6e63358fb99b4e14e8d3efae227cc139350a3be658aa8f3713a64308fb724e36,"Significantly increases damage against <style=Hint_BgL>targets on Hard difficulty or lower</style>.
With a chip installed, grants <style=Hint_BgL>tactical skills</style> to Pathfinders."
2084507405,6e63358fb99b4e14e8d3efae227cc139350a3be658aa8f3713a64308fb724e36,"Significantly increases damage against <style=Hint_BgL>targets on Hard difficulty or lower</style>.
With a chip installed, grants <style=Hint_BgL>tactical skills</style> to Pathfinders."
1901063667,cd2af4d3ebce901edddabd62355c500f8a6e1312b588c80b4f52ec4c221df635,Successfully caught the Aniimo. Head to the finish gate.
1901071678,dbd336db207aa164a05b5ab39e6591f040ad81b9e33b987dbfe5c022caf935e0,My wish was fulfilled in a dream.
1901094099,a56f907f6e53090d57851dc1e2e5162866818eb3531c961d82c0946532827a11,A Lumin Amber that <style=Hint_BgL>flies away</style> when touched?
1901122394,65cf951423934644628e4e6790395978060a24b969d48f0569930c14c0f9f70a,Silver Bead
1901128597,b13aef05ed0f418f95dc10505cc82537fc95596f77c7bebe9e0e04af3a8493c9,Mute when Windowed Mode Is Inactive
1901129231,dbc0b0cc96d9238b72964692f35940fc53e6c810397da7e5e547d326fcfb0cbf,Break the rock and activate the powerful Wind Fields.
1901139122,05d27542b1531fc6d7d29cc2aeefd049986fc52978097322f8ba11f9d84b08cc,Twine with Tromber and sing near a wild Chirpi.
1901142049,f3e2b34959a1771aa72e7091c1f20b1a50c7ac0dbbf72729c17699c87fced6e7,I feel like... a flower blooming in the wrong season.
1901151592,7f19c6207c2144475509c26eb990a32a5e69bbc8fc803c0da23cd391a85a27a5,"Legend says the blue crystals formed from Echoback bones are called Echonites.
If activated in the correct order, they will resonate the Echoback Song thought lost to time."
1901184402,ccfcaec1b33d638c1df4792c7009335f0e3a54bb513b1ef3079fa29e3b182bae,Sanctum <style=Hint_BgL>Terminus</style> is a square-shaped core device linked to the fractured Vein energy—known as the <style=Hint_BgL>Tesseract</style>. Interacting with it allows you to <style=Hint_BgL>restore the Veins</style>.
1901192596,629932621ff87a9aa22f50bff11b597f0dc9dd227f93d1d08b84053f4df94dec,There are no Little Grumpbears around
1970605129,629932621ff87a9aa22f50bff11b597f0dc9dd227f93d1d08b84053f4df94dec,There are no Little Grumpbears around
1901196426,f21f61226984c81cba604d762e3fa9cb90783c5ca54839335026a7de8b54bd26,"It’s not impossible~ If you ever get a Sparkling Aniimo, you can test it yourself."
1901226890,79f5a86b33ef5f0fab011afbfbbef6ddc65516fb5aa4826002cc06eebc5303a1,Such a perfect day to just lie around...
2142786060,79f5a86b33ef5f0fab011afbfbbef6ddc65516fb5aa4826002cc06eebc5303a1,Such a perfect day to just lie around...
1901237171,fe58d3921a489bb6aa2921ce319408790bc456de79e7fbd4ee97612ead26589c,About the Legendary Pathfinder...
1901312709,101751de5eea5d1aaa379b8e25e46577f7f38caf22fabfa4df288133ddcae259,"But Little Grumpbears are strong, they can move big boxes, I tried many times but all failed."
1901383452,7acdfcec14e494f0faebe631cd41a7595e81b085f91adc09b3cd0c862ed4d3f1,"The Alpha deals <style=Hint_BgL><customRichText(getConfigData,extra_random_buff, 3013000,param0)>%</style> more damage during transformation."
1901413564,6b0fb03ea9b7961f8f35e7896005b63532bc6120c2a36ffb0a1af410b2259e62,"Hoptails... Well, maybe later."
1901427126,a908459ae2a27e37afe019ac629fb8291b02a8db87e16ba0f82890f53a356ec3,The Institute has discovered a brand-new Aniimo in Idyll! Go track it down!
1901449528,18b8a2a5621154ececb7b432261ffc950bdac4fe1ef91d9311e57f89fe470871,Colorful Egg Pebbling 2
1901454312,7e2ee940b6a3ae54efbdc124bf2f76ce1853cc53c9a7b5bfc0198e835757b7fe,"Each time a region’s Prismatic Energy increases, there is <style=Hint_BgL>a chance</style> for the region’s Prismatic Energy state to surge to Full, drawing out <style=Hint_BgL>Prismana Form Aniimo</style>. When this happens, a brilliant Prismana Flow appears in the area, and the location where the Prismana Form Aniimo spawns is marked with special colors."
1901562687,eca6912eb284dba2e1053dfcbbd7834ab5837c1e1e1bb3fecae92f666e43beab,Bubble Mark
1901566211,e58004912c390274403089fd8dea6f21b774eb5cc52c67e386964106b8b2148f,"<style=Hint_BgD>Simplified</style> and <style=Hint_BgD>Full</style> modes only affect the information displayed above characters during battle. In <style=Hint_BgD>Full</style> mode, additional information such as names, levels, and the Buff bar will also be shown."
1901584493,449d6123f07d4528b84bf953566cdf03d6e15207e0238f9e7b57d6857d92d68e,The patterns on these ruins feel like they could form a complete picture...
1901662942,60532a8f1a59f3007eb8b77320fb71b91cb59164b2fa647276e97aaee0d18a76,Shoots Water Orbs to attack a target. Press and hold the skill button to aim.
1901667719,a641985acf21cd0a25aeeea1bf720596945cfc25831c0d4b3b5dec70ca14e73d,Paid Companion Handbook Level 23
2081323854,a641985acf21cd0a25aeeea1bf720596945cfc25831c0d4b3b5dec70ca14e73d,Paid Companion Handbook Level 23
1901671501,17c8a94aac6329b74e87155d5d90fd5f1a964b01e1eac8be18964b87c1f2a577,Energy Item 10
1901673367,4a0a83b3ef81a8c8122694c62647a5d9d280873d7ba3a29e70d916ad547b02f1,If you want answers... find them yourself.
1901675134,d1c1f0d5a11a88648f9181ddcf06c177c9eecfc83c1b2fc3add6d608d30319fa,The illusion’s gone... Let’s keep going up. Velouria should be higher.
1901682500,75560f113534e467f10a2edd93a1db8dc84d3d215f972b8d19c8d8aa4484e377,"We meet again, Pathfinder.
Wait... I smell something... it’s exactly like when I was on Echoback Landing back then..."
1901684352,31d0cedea98fb98bd66c3a4ff6e4ad397d7ed1eb33583f5fa34bc2d9a7fac626,Voxelic Form 9
1901687714,0444b80d0a1e4ba20c587b0936a6014331fa9d2e72a84d9634f20e0a1ad7692c,"Greetings, Elder. I’m a Pathfinder from the Polaris Institute."
1901697595,cbb2eecfd337a1f53dd00a8b39eec41ee679e7ef9087110f27d30ca51cc185a6,"Take a bite, the sweet taste would closely cover your tongue."
1901700550,7e9530890ddd4af89c27aa29bbb361c5db905aca70c021b8025a411af2f0e52d,"...Mimicking the external environment through camouflage—that was a trait of saurians in ancient times...
And now it seems Aniimo share the same trait."
1901704492,997e5948a71877af1ed9e03beb2609fddd99911a6170f4570120d3f605146865,Press #kRaw/GamepadRightShoulder#z to switch to the Badge screen
2065754564,997e5948a71877af1ed9e03beb2609fddd99911a6170f4570120d3f605146865,Press #kRaw/GamepadRightShoulder#z to switch to the Badge screen
1901710060,839e20fb3599fc744d2b45386afdcc0091db03733269fceb25c89f37474a8478,Grade
1951722022,839e20fb3599fc744d2b45386afdcc0091db03733269fceb25c89f37474a8478,Grade
2123266546,839e20fb3599fc744d2b45386afdcc0091db03733269fceb25c89f37474a8478,Grade
1901729786,c5bc2c3e48dd857b95c8b3dcad848814c8c9720b7d62d20f9a85149ad3427dbb,The occasional anomalies in Northside and the holographic facilities were also caused unintentionally after the AI awakened and wished to observe the world!
1901756109,f1a216b1c4c6b1966c82ab7f78445ca3f477ec74539329395f4d6c6ad40aa17c,"Quit dawdling, Hall. Are the flowers ready?"
1901786179,9bc0b7e4c69acaaf7c2520d53a451e5a0b6df30475d08ad693d29a304b775960,"In Nimbus Fields, you find Lana twined with a Nimbi. She recognizes you as the new student Dr. Lewis mentioned. Although she became so absorbed in her research that she nearly forgot your appointment, she readily agrees to guide and assess you and says you can come to her with any questions you might have."
1901793926,d6df7ce1682d74f7c53dd0d1bafed074ba61af0e657811b40cd35618497e7690,Zephyr Coast Settlement
1901801905,846006d6a20cf92620438e80ad36602be1dc4da2c825f2e28ba5e19da9ec3f40,"Yes, indeed! She’s the soprano of our star ensemble. Her dream is to hit notes beyond the limits of the current vocal range!"
1901848891,c190baa40494cdbe3918b61b9b5fbb81e155d327c264b210126835140b2582dc,Full Set Rewards: {0}/{1}
1901895177,26956719e743f66617144fcbe4a7e35993393340e76227cc10c6ee44af3cbd1c,Energy Drain
1901902302,1b69fffc55d66f1eb4ec485149b635e26960f854a6dc17fa32fec9aace62a80b,Dream Iris Aromathyst
1901938466,42d8a11bd206eb434191fcbdfc082c5f199d5bcf14feef18ad2472ee5b3ac02c,"Woof~ Boss Knight, <style=Hint_BgD>near the naughty Panpanta</style>, patrol! Star, guard the house! Woof~"
1901989316,ba17347e0a15407b889c4b8661546682ad4a463fdc0c0e6755a43ed7a3ab288b,Gear Crafting
1901996461,83929ff78d8710b2519e3294efff9c4475b8445541d1fc249d98ea1be59c1a68,Happy Fentuft Team?
1902009572,3e06bd8ddb5e3b85770f1cb6edb778cad56abb65692f1a1562ebb6f4ca1589c9,Look at the glasses.
1902044375,c2cdc73fddf9a09b99e9666984efcd674bde3fde345d9c175b6a436dbe161c0d,"Johnny speeds off toward the starting line, like it’s finally ready for the race it’s been waiting on."
1902049126,24d7c1f1191ab3aa0208b5f5f1266fab03d5cc1608cd444f16a58b17763377e2,Something You Need to Know About Home
2029742271,24d7c1f1191ab3aa0208b5f5f1266fab03d5cc1608cd444f16a58b17763377e2,Something You Need to Know About Home
1902117436,daaa99b5921ef919b1956e465161c7d7e0122c59f711efc5f21e43ad805c4513,Detonates after taking 3 skill damage hits.
1902120237,a1f4c5d2ce9fd0cdb7b9e30a8a48084f364ffada82969cd7d420f104edb1cc45,Unlocks at Ecological Module Level 7
1902134493,0a4a3d7fede85877c35bb5377590395f2dc25c22f346d22bc2474dad5ed9e6ee,"A legendary perfume crafted by perfumer Ranka with Flareburst Flowers. Pure, fierce, and burning with spirit, it fills the chest with courage at the first breath."
1902137737,4282547a7e1253743c4ac51bdb460f60ecc9b9f7954ca0016878c7afd6f6c3d9,Researcher Titles
1902138765,20f76eacf0269b1e4c832cc83c8584a5deea63acb2cf7a10d23b021118fb971b,Whelpy can run really fast!
1902147602,449b112da1a3d800ba01191b6924fb607dda85862b19d4e675ffa0791ea1a645,<sprite name=ui_item_1011_small><color=#5090df>{0}</color>
1902188730,09a0c280a26fe8e31bd51637d4c902357da640f94b9ba7f9ef5aef56690b489f,Susuta sleep array detected in the Area ahead.
1902210193,df4d05b43bd19fd1748b1943050ec60b0dd02d66d33f3880dded9858db4d7bd3,A strike with full energy seems to cut through the sky.
1902259011,5616b421a46add5829e1df7e512811e2fd6bec17caaa07ed4620535159e65267,Press the <style=Hint_BgL>Twine button</style> to twine with a Bolty.
1902319521,a9f6394f7915460490129f86175981f14a0ca4120f3a721bec925031c74f6708,Energy seems to be flowing along these roots somewhere... Want to see where it leads?
349658446,edd2d28f29823eea8c12ce22fc6e5de624d117d9b59a4eacd074c4e2397ef6bb,Catch 1 Alpha Aniimo.
1902320798,edd2d28f29823eea8c12ce22fc6e5de624d117d9b59a4eacd074c4e2397ef6bb,Catch 1 Alpha Aniimo.
1902340310,4c62197717c8fab328a1806a7d6a95baacfdcd5103fecd01643c88b32298c887,"You're so smart! How didn't I think of that! If I join Polaris Institute too, Mary and I can see each other every day!"
1902363068,8fb8581d6f74a1cf26ffeea92fdf5318ec19576f2edfa5f651ff4f6f1dd68141,"After catching Aniimo , go to Aniilog to learn more about them."
1902387216,2d0486bd13c8400ce7be2cbebb2b0da54bd29ceb5c2f5ae03bf7ce81f086970e,Paper Bread Bag
1902401667,0249e91ef5a29a42d11a955b2aba385d4cddad9574d1809a52c0c2ada98d9ebf,"But now #playerName# is an elite student! 
So I know you can succeed if you work at it!"
1902445712,918baa226c46c3d296657afccbf18c0dc8e83f99fb2519211f58ab9ef9ac05bf,"Changes your Aniimo’s headwear appearance.
<color=#4c94e9>Rare: Iris in First Bloom</color>
<color=#b767e1>Epic: [Floral Glow] Set, [Shadowthorn Phantom] Set</color>
<color=#e49b43>Legendary: [Sunflare Rose] Set, [Starbloom Moonlight] Set</color>"
1902456705,52d3f4fee9b5b540aa4cd1bd70b955c589f569749bd05505a75f948d1793a5bb,"Yes, I’m Kim—the outpost’s resident doctor."
1902469395,82c2bbf179880c2c7530f59b3ca015f1b25fa0585b1e70fcbd6f5df80db69f76,An Emberpup wearing a hat? Worth investigating if you’re free!
1902519077,fb2780de718c98c566c9a5ff02b11a74ab20e667ea7ddc5b83136b52436cfd93,"Casts Flaming Claws at the target. A powerful claw strike can be cast again within <style=Hint_BgL>5</style>s. Both <style=Hint_BgL>2</style> claw strikes can consume <style=Hint_BgL>2</style> stacks of <style=Hint_BgL><link=""source_8038""><u>[Fire Debuff]</u></link></style> from the target to deal additional damage equal to <style=Hint_BgL><customRichText(calcData,ability, 10250101,param1,1,%d)></style> Might."
1902558410,c8c7444dc00b33f58bd1d63d308e1abd8b59b7047f8951815836261934eb0ba9,"Horns like a Bubbeep’s? Oh, but shorter and rounder? Do they get scared, so they hide inside their wool?
Then they’d better hide nice and snug!"
1902588332,d2521f35f55b0ff8084a2876ca93691c2811283edf3d819cd585951d0a8a8d91,Lunar Eclipse
1902627035,bd35b127982827a49009aa0cd41cd117515927b8ca86ca56167ad9237b0a40f5,A precious gem used to enhance an Aniimo’s core skill.
1902690352,f0bb23af88c83bc4ebbfada87d1e91f5bf2dba4744ad65df3d5b776e778d3712,"Right. So, that’s how Ron and Tucker met. That’s how they became friends that could twine with each other."
1902720672,e7548c5734b32b840e084817420793e5a3549d1191e971072deb55b84c34bf88,"Careful with that look, young warrior!"
1902730624,5d5f6f2f2890c326d298ad4b9729f9c06c906ed581b5a4147dc753191b112729,"...Alright, Aniimo behavior log complete!
Now then, next up—what will Eko's ""treasure"" be?"
1902766794,77429e7d5abd814386ab56bb08e63ce6b77b363bc916b30431c0c02cf9403a10,The Strongest Glynsera
1902778407,7bf35e7fb250979f33ea24f97cd12e3c7253a9b3641051ae181094015382b30e,"I couldn't have done it without your coaching, Senior Lana!"
1902778961,1dd7e0a236dd5fae46fba56eafa537b0647a7bdad9d8f4b888500095ad52625e,You’re not a <style=Hint_BgD>Grade I Trailblazer</style> yet? That’s like walking into an art museum with zero sense of aesthetics. Go take in the glorious compositions of nature and come back inspired!
1902800558,2ae0297f82e25be4feaa2a8f148c3b371712daeda17fcba42353e55e84c46cfd,You’re back already? That went much more smoothly than I expected. Looks like Aster didn’t keep you too long.
1902822764,78c096575fd8e589907880b3252cdea57193064d057b02118e80853b46d97792,Inside the Egg Heist
1902870040,0942ff96ec907445e470934d951c01ea28d96db084f67fa300da077bce4913fd,Can twine with the mysterious Aniimo
1902924156,c6e427d0acb9a86e78a5b0b42bae07b4f8816e1b259d06dafb2073a95184f4e7,—It's right here!
1902953994,2db0a7cacbb7e893271575543548d57513243ec2b93cf0e06c95523571a50913,"Yes, although I only saw part of it.
But in Bloomville, we can also see those beautiful flowers."
1902997740,44389f4a63e87098b7ebee7291f6a007629c44fcd46a84e821806171dadf053e,"The instant you pluck the vine core, a memory unfolds before your eyes—under the Mistwoods’ starlit sky, a boy sails through the air on a vine, stretching toward the stars as he, the Tucking, and the Hummins lose themselves in a starry reverie."
1903008385,be49b54cbcb6cd663b1a662fc8f299ecb48015c4d9cda3ac36b5e88f354759f0,Use Gravity Pull on the <style=Hint_BgL>battery</style>.
1903048429,82fbc06792bc43459f985f67b1203a5ce962b1940d5c9770fb66fe4f653552a4,You do not have this Aniimo yet
1903050116,13d25ae48872bee2aebf5e562f240ce10dab5034c53d7b2401abc87ad49c5248,Her
1903051455,1142ed96f0273af2f61c05d76686f0e42fba458acb3c7d45303dad8404dca9e6,"That’s not quite right. Your partner has its own unique advantages.
But it isn’t the most suitable choice for this setup. See if another option fits better."
1903082467,00931d915e500daa821947d619e339e5fc36663ca36df758cce73e172ab07990,"Fine, then. Since the boss is away, I’ll take a little break."
1903104470,d56d90c5545e33585c951c80f2e6ac5521a48b99594759c12b82808eb0792d0f,Thank you! Helmut feels so much better now!
1903105195,4a4f94c2ce77b9a64d1b8fda67a8018a9e8691410f8827ba13c190f7c38cd3aa,Exit Repair Mode
1903105606,fbae09dfa7c3cad56ac0803c855b7d23a8d7e1715d97f3505b134ecb87273164,And the land will embrace every Aniimo that returns.
1903140741,2895e12baee90f939989a9771eebb55dd434b02ae74a11e1ffc1afa3213174c9,Not in a party. Cannot perform this action.
1903279708,44e954d76a9cb4ba5c01d957e32f3bdcc41d20130c24dda68a0e24b3ca72bf1b,Being optimistic is a good thing.
1903283208,3b075fc06072c11265579f0668d505e48feacb81a0a292c625d94fa09f50353a,Consumes Stamina to craft Bonesky Dewdrop Crystal
1903313810,b77996d22561baf8890205c4d8f9eb101f99d9913370e98ff48cf637d11e37c7,Travel Perks
1903322790,328207d4e44663bbbc149ee137248dbde1c8b452eed0c2c223d9b32e3bb43e7b,Only the hardest thorns can protect the most beautiful flowers... I don’t regret my choice.
1903342815,8870a6465a19061c8c6c15fdadd28f449ef0e8b97f5d39479a8c0a82e7488e36,This item is locked. Unlock it inside your Inventory before you can use it.
1903346297,b9e8cae6b0da9b14d32324f6d68d5cdef5e2677c0a6e288abc008f7c9ef41c77,Additional Effort Value Bonus
1903392410,ef5f5a1794c9d0bb0b2a6dd78c779e429da52f0a2c742f9daed175a14d04a802,"Throws a two-hit punch forward. If the target hit carries the <style=Hint_BgL>Pinecone</style> mark, consumes the mark and empowers the next basic attack into <style=Hint_BgL>[Punch Rush]</style>. If the first hit lands on a <style=Hint_BgL>Pinecone</style>-marked target, the second hit no longer needs to land on a <style=Hint_BgL>Pinecone</style>-marked target to trigger <style=Hint_BgL>[Punch Rush]</style>.
<style=Hint_BgL>[Punch Rush]</style>: Continuously throws punches forward, dealing damage equal to <style=Hint_BgL>60</style> Might."
1903413026,31ad5588c42ca43c8cc8d3ab6cf5a619352a6db75af8adf4488e4a6b26333361,"#playerName#, I’ve reviewed your progress on Chapter 1 of the required Elite Training course.
You did well, and faster than I expected. It looks like you’re adapting to this pace nicely."
1903435267,e7dc4febf476b6ba7a623be53620e8b56801eee65299624016d19a813095b839,...Co... Cozite...
1903459824,ac364e1afdd79d8df7004bcf37e54097efac65ae763dff941dc65febfdcb1cec,Ultra
1903462506,2fc544172a01d8ef8f4f0e409630e952e23c0f5d6fd33389f2372127e47be6e2,Bouncy Scooter
1903466963,9fc8fdf518c4c3a28315e9d84cb6f404867526eca9e2adaacad7717e92095a0e,Complete any Quests in the first row of the Journey of Trials
1903476983,55685ee6593b1d7d22d3bc0186e42193f058ab064b0a9a5797341def0276a7ad,Aniimo buff ID
1903506564,806ae77cb93bc2b6940b4536c23fd92ff150444963fb0b7dddc71242a15a64be,Unlock Badges
1903563088,dc247fc01cfbdfeef67728ba367f4d87c030ee81d258eb0c7135fe7c2f60552a,Bilateral
2089022086,dc247fc01cfbdfeef67728ba367f4d87c030ee81d258eb0c7135fe7c2f60552a,Bilateral
1903600139,29d0d947677abbedd30ee8ac310b805ea7ff1f22d556b0f554c67f709591ab85,mode (0 or leave blank means hpValue is an HP percentage; 1 means a specific point value)
1903800546,7ee98892688412605550692fbab5d2f02d12f6eaee795f5d35c8f29aab7022bd,"<sprite name=""UI_Img_Weather_Cloudy"">Mistwood (Placeholder)"
1903840701,49ac35e4c313bf29b925412106d685d4778490a1b1bffb6946157b30afe9358e,"Oh! I almost forgot! Here, this is for you. It's from my secret stash!"
1903843835,6051a8f776abf830d9260750faf35df11811a58fdb37714f2fff6d3e644dd2aa,Aniipod containing Helmut (will flee)
1903846950,b181f4a4b0cd81198ca5dafa6ed8a1447dc3c16662c5f9d872dd0c19501e584f,Obtain Lumin Amber in Russet Highlands
1903864630,92bbbac5e6952e7cf4aa0af1e3fdd8cab2263c60527e771fb18cf90483451106,"In the plaza, the villagers prepare to bring their finest flowers to the Tideblossom Coast and offer their prayers to Irelia. The scene feels strangely familiar, and your thoughts drift to Aeolus..."
1903872305,d0b18eaafebf420467dc5e982fc3e01dec8f270d51cc05e8c2df091aa39b2f69,Stone Aniipod Trap (for egg snatching only)
1903882075,b1875f6cb461c1c1c5499cec3922565610945f83fc6d146dd3d7f46e4fa6b3c7,I have an unyielding heart!
1903902629,45423c9e8034779ea98736cb29122778051d91247591f1a825e2c65a41275626,"I’ll hide in a rock and you come and find me, helm..."
1903909163,29bebaa3ae0d624a5d1373b1862c52272acbad782607415879a661ce46a574d5,You’ve got this. Keep trying!
1903966222,ca9fac8b17d6eb8b6d53bb21c5ecb4ceae4ba27ae76c6a9ce9d6061d59d8e6db,Colorless Dream - Lightning
1903974675,f9e55ee715293e27594b5979add74cf4d60fbca31b5046d48bb55d7154bf4658,This top-up of {0} x {1} grants:
1904005576,5bed3d3de7e369d6aea8857b2884dac688c9a4dfb6818dbd374a8b3c37a45b68,A flower infused with the essence of Ice.
1904043648,12e49f1974017829cc3d0259e536f3aa5c363069ab603ac5cbf17c918cbfd44b,Rhythm Combo
1904103376,8aa1506d0148607abbb0aa9112b7ca04ad90e38f62b341d5ed99933908a52421,Polaris Institute ordered a lot of gifts from us to hand out to visitors for promotion.
1904108987,71988c4d8e0803ba4519f0b2864c1331c14a1890bf8694e251379177bfedb5c3,Text
1904189142,cfd041e43b9b775e167fce1123c8d4926a4940bc4cf09658dd81b149656b6051,Damage Amp +15%
1904314672,094062c69fe016bdbe0bfa1f68dcf2ee74fed19199225f2301e5f893a4d2b31d,%s entered the studio.
1904339938,d7d450c53e3e8a10364c2667fb6b01eda55a99a51d107419f69764941b08d72d,"At the bottom of the Aniimo Management screen, you will find several useful buttons: <style=Hint_BgL>Organize</style>, <style=Hint_BgL>Filter/Sort</style>, <style=Hint_BgL>Storage Actions</style>, and <style=Hint_BgL>Manage</style>.
These features become especially helpful once you have more Aniimo, so try making good use of them."
1904357120,804c32d50a1c63d94b4de99bf844d84500d392b30a9e4157f9f80b22a5840574,Give it a knock
1904388370,7eb12711af65c4601b71ea99f87d58128a0da7a77c3226391b146caa049b8d57,Higher-quality Chests take longer to unlock.
1904393705,dabfa7fc92cd9b648a8906c7fecfdffb8acf6b3f18860776bb98f44208b19db9,The Alpha is gathering power. Destroy its shield to interrupt the casting!
2138649959,dabfa7fc92cd9b648a8906c7fecfdffb8acf6b3f18860776bb98f44208b19db9,The Alpha is gathering power. Destroy its shield to interrupt the casting!
1904410863,d17b8cea70def911afe099e6fcbc128685054cd33b7b2b68ca95af4b32d7fcf7,Ginseng Chestnut Cake
1904424099,eaa21284fe46c5f041329c29d4c2af088c4000c93e1e8a47ac3a379a67a74ca5,Trait Name Trait Name (Placeholder) Trait Name
1904425739,d290754e7ea7dc0e5a185a577598a3751e1241b708f5df65a7c9accd5e8bd361,Warmfleece Sunflower Pack
1904487149,237b2ed87a045673537702ce849917155b5eb811ee38e145fe27daf40f3d32c6,Increase Currency
1904499503,e96247ef5fcc802ce4a89337e20fc34d2488f956d6e70e74b53cbca46e53fead,An error occurred during inventory checking. We must quickly restock specific materials to ensure garment quality.
1904516675,9f0950147f9ae6eca5f11f5441bad517f49668adea90b37e2c52c9811253aba3,"After being added to the blocklist, you will not receive chat messages or interaction invites from them. If they were a friend, the friendship will be terminated and Affinity points will be reset."
1904528306,22879db74825e46d0d453ac04c8bd32752dec1cc51537b06b50f6baa52e0d62a,We need to dig one here too...
1904555488,5379bd1f091cea9e07cf1cfd8effb4d48d50c9bd0664950955bd54919eff19d0,Eye Makeup 17
1904563351,25c861613f3459ffff743a6211424c6fae87ae00d3b135bed9d89a3c543624db,Unlocks at Student III.
1904598738,60f4d761c4b9aba7a51217cc34d1ac04eaccfbfc5a2cb8450133a46978652d24,...It's daylight already? It's so lively outside! Let's go check out the <style=Hint_BgD>Bloom Festival</style>!
1904603948,38484464d359b5601bbcafed81e499e4b46dbe493317ca183469169c589e7859,"The instant you pluck the vine core, a memory unfolds before your eyes—the Tucking and a boy slumber side by side in the hushed forest, their breathing in rhythm with the trees as they dream of sharing a lifetime together."
1904740322,8e9ef46cd5674a92d1063eb65545ddca38a944ca58ed0e3b02bbc8bb78399b98,Why is it always sleeping?
1904754512,681eb20076bbf31f9697ce643edb5dfb03d92082c66a6258ea51f1a4df7b5036,There are a few camouflaged Hummin near the dark cave deep in Mistwoods.
1904770546,f9f63f3de9dbb0340be8be8467849868e1b4a8c8f3fc1e86d69cd6679fde11e1,Thoughts of the Past
1904815063,1bd040e678b794cd400af4deaf1d13c528095ef54877d1122efb2eb1064fffe9,Starines contain a type of magical power that strengthens the willpower of anyone who consumes them! It’s amazing!
1904836480,a93dab47da7d836f85451f960db43e6d4970dfd3b509f34b3cea812de5d833cd,...It’s a dream.
1904841631,aac8bcf974e34a791772e2d53f1b46c27a5eb7d8191bfb033c53fd34d865c70d,"Astra was originally a doomsday shelter that preserved the spark of Earth’s civilization and provided humanity with a safe environment for hibernation. The year humanity awakened became known as Year One of the Astra Era, marking the end of our wandering among the stars and the beginning of a new chapter."
1904860107,141508fdae9581a30ffd4cb4ba9d7965b6046b63f6411d95b431eba64336fc0c,"Like a furnace, it converts minerals into crystals."
1904896087,d5563b4c2bb0863f2b4fff47c2b4ee6b85813a5f04631743eeba110a2c9f2507,"Equipping an Aniimo with a Held Item grants attribute boosts or unique effect enhancements. Held Items can be upgraded using other Held Items as materials. Upgrades increase the item’s base attributes by a fixed percentage. The maximum upgrade level depends on the Held Item’s rarity: <style=Q_3>Blue</style>-quality items can be upgraded up to Level 5, <style=Q_4>Purple</style>-quality up to Level 10, and <style=Q_5>Gold</style>-quality up to Level 15."
1904899098,965dcb4a56858ddcf5fb7595ade248bef510aeb446e721db6317dd74e9c1c157,"+Restores <style=Hint_BgL><customRichText(calcData,buff,20320001,param2,1,%d)>%</style> max HP every <style=Hint_BgL><customRichText(calcData,buff,20320001,param3,1)></style>s. When receiving healing, fires <style=Hint_BgL><customRichText(calcData,buff,2032000,param3,1)></style> pulses at the nearest target, dealing True Damage equal to <style=Hint_BgL><customRichText(calcData,buff,2032000,param6,1,%d)>%</style> of healing received plus <style=Hint_BgL><customRichText(calcData,buff,2032000,param13,1,%d)>%</style> of max HP. The pulse ricochets up to <style=Hint_BgL><customRichText(calcData,buff,2032000,param9,1)></style> times. If there is only one target, it can ricochet between the target and the player."
508928913,b1d1ac7c69c2af8aa887bce0d64be5b9c27932e2ee5e2883d146d353dc7bc03a,Complete 5 Aniimo trips at the Park.
1904899218,b1d1ac7c69c2af8aa887bce0d64be5b9c27932e2ee5e2883d146d353dc7bc03a,Complete 5 Aniimo trips at the Park.
1904904623,e392fb4509858f839ac6d580977960014304f6c3ed1e4e04152ac732c80d5986,Use to learn how to craft <style=Hint_BgL>Umbral Pickle</style>.
1904924894,091ddb6bb7c77e260c9672de056ec2b610b198045615f592553e3a39365588d7,(Translator) Wuum! Shelly will fight bravely...!
1904934744,a44e6173be6d1703ac4b05918a6f52466a3040dfa1522daa5ccd0c6cdb57198e,Advanced Gizmo
1904937424,dbf4cbac2a08a411b843c9f9f23bcb4f0c5bd2a06b6f8b9147e1ac236cafc03e,Dream Spark Exchange
1904938294,ec31067158a7d4fa2f3de0d581a1d5a10f6354ae65aa3a00090d51144802fc71,"Catch a total of 50 Aniimo from the Reefish, Popapus, or Bubbeep families."
1904939055,780f2c7b083b2ffb030b168dc9678cb8956e2c094f03bb1fb63b92d6c79b4e9d,"I snuck out—went looking for a Flameruff on patrol with its pack. Didn’t expect Grace to follow... She was terrified when she saw it, yappir!"
1958287800,780f2c7b083b2ffb030b168dc9678cb8956e2c094f03bb1fb63b92d6c79b4e9d,"I snuck out—went looking for a Flameruff on patrol with its pack. Didn’t expect Grace to follow... She was terrified when she saw it, yappir!"
1905018796,9e0ac38a429532f608e1be77d68d48e191da6f94c8976ca73b77ed60a48e93f7,Congratulations! You completed the tutorial! Now move to the finish gate.
1905024559,f1f866705c51ec84f0d4ab50fc6936d7b694c58253f96a45c0b5d187e71aeef4,Feature under maintenance.
1905038791,f3d20844fe607dc4622671e21bc9a44716b5372e7d58c812a6bae3709460671c,"But to satisfy that picky queen... ordinary truffles won’t do, right?"
1905057273,83a87a715b022dd6d555bf9cf524af1b3a2786030cf0acbeea82ae48165194f5,Keep Playing
1905068788,f64218a3eb6b8246f53e8d7724c5b79c61c02167732981408028453d04967775,"But— Lady Velouria, Bloomville—"
1905075032,9a9c4b6540450e45ae73aab0ed01ba6c7b42b033ecd5fe5188777a53b54ed6df,Everything’s sold out. Thanks for your support!
1905079998,0c44db52d1cec40c87e7f2f16fed61933c4e660ebd09b8c3900be74b502c568d,I can’t solve the cave puzzle.
1905118249,0e2aefe8cf1a622923229bbae21c3f95a4cf8538ae9eb0c704ccf9a25d24c675,We are the Windgliders!
1905142415,f89cd979372ff101164430b07969c30c7c3b8e5f2eba04c0d2261b0af2cca235,Dread Base 1
1905144296,417fa482dc3818dd89c64b7a617079a036089e4e94d0f6118e0a6049ed605f7b,RV Level 3
1905186878,3e42e385075b9b569620eb6d652cff77b19eab567ee2927d6e1bf901f51d8246,Threads
1905188575,5edcba722b3cacd23264d59a3fda15432dabeb72e1abcd75f3770690eca182e3,"Fires <style=Hint_BgL>5</style> homing stars. Each time a star damages a target, the user gains a <style=Hint_BgL><customRichText(calcData,buff,210120400,param0,1,%d)>%</style> Damage Boost, stacking up to <style=Hint_BgL>20</style> times."
1905189363,fe37f28e2471c9af3dd24a93c7735d1f7dfa53cf772f86c3575a1cb7d47d9cba,Character disconnected
1905216971,33360e937c4187a8cc9e856517c512e4a02c7d707ecd88dda608c36bdbdc53ab,"Awen finally understands why her scent is different from everyone else’s: her ancestors came from Azureville, but a great upheaval a century ago prevented them from ever returning. She decides to travel to Azureville in search of her roots and promises to use whitesnow rose aromathyst to create a legendary perfume called ""Home"" for you."
1905283508,819d102effbff617875bc01bca2a9c1ae96308e080e8223ee0215a40e87cfb5d,"Next time, try using <style=Hint_BgD>Ice, Lightning, or Grass-type</style> Aniimo. They’ll help block my splashes!"
1905286638,d4a94610bb99c734ee58f40c59172e1b568757f303c01add543435214ab8d9ea,Building Block - Wisteria
1915525630,d4a94610bb99c734ee58f40c59172e1b568757f303c01add543435214ab8d9ea,Building Block - Wisteria
1905344062,8d842fe9196e7d9f46f1599691a4c68e35631e9436d81951d6ad233b28853b1b,Cinnabar
1905804371,8d842fe9196e7d9f46f1599691a4c68e35631e9436d81951d6ad233b28853b1b,Cinnabar
2018112279,8d842fe9196e7d9f46f1599691a4c68e35631e9436d81951d6ad233b28853b1b,Cinnabar
1905348193,44df20b0cf6486ebb780f16da3a7ec3d55109d0151ca58fef868b0500ee08134,Give the colors to her? She’s already one with the vein. She likely has no need for them now.
1905361354,36d1ee9a53c6e40342098e299a358bb89ae35febfadb783f340ad9e3013d6afd,Come on! Let's go get you registered!
1905382624,c66f8e91529315bc163c3865eacdee344bde6ed42e7af9061f5e3bd823631041,Nicole! What are you doing here?!
1905398711,00cac6a4083e483ca1beb08091e2d33f9120b2f2865cef18685720bf4b194e94,What could be more important than becoming the strongest in Beast Fang Ridge?
1905400640,937c90ae27eaffd385c1278311638ff8ef68a6b194c54de47c260bfaa5f946cc,"""Those without respect shall not enter."""
1905426619,4dc9937507f1d878a41f559358cfb9ca161dbc1292ae34e0e89069c69b05d2b6,A rugged barrier built from earthy yellow stones.
2118860390,4dc9937507f1d878a41f559358cfb9ca161dbc1292ae34e0e89069c69b05d2b6,A rugged barrier built from earthy yellow stones.
1905452058,06e5c38baa80b6a90dc06d434f5eb50e203978f3912d80077c290bb6f6677fe0,"Of course. And it’s not just the expedition team—pretty much everyone at the Institute knows you now... actually, probably all of Astra."
1905543079,c1932c09683906a54607e9c307a91bc31bb1d3d6c4338bb2db9dc2e5bffffc37,It’s time to teach the bad parents a lesson!
1905555281,da2cec700e9554e56ea011d0bb895c16d5a889dd22afe35688872f4241b5d7cc,"Casting skills costs EP.
EP will recover <style=Hint_BgL>over time</style>."
1905707082,eedce37193b9612669d851ccaf13170116553896e813cbc08bdde3e5c5600465,Loading mail name
1905738794,66b06e996553a4e70d0f3a5a50c6b6877d23fb448cad524fef307399ebe36d5e,Growth
2126043358,66b06e996553a4e70d0f3a5a50c6b6877d23fb448cad524fef307399ebe36d5e,Growth
1905770397,fdbbc611388780f88edc8faf56dc2475544b5205eb5524b8aea51e29dbfc9962,I’m gonna be the fastest there is!
1905776331,e0ba1ab42cbde9387d8a30bb2b8327fa943290f4877524a4304d19d8e153bf44,Elite Training Refund
1905794829,28c65439ca2450d29b98d84af62aa815cab7b2ff708b2dd49960d93675f21e2b,With the support of the giant leaves
1905812431,5a02b0538c33e6e7ea0d065468d059031f2dbb2c2ca28f39751a384e98ad3aec,Decorations
1905823310,9a05778e061271578e1323e67d2e7b7c2e59396cfc879dd32cf4eb31f55e0f34,%s accessory(ies) applied; %s already in use
1905823946,449486fbc30e5373ec21568b7458851c27f506785bcbec8201ea0abdc10c7e81,Nurture at a Bloom to attract Light-type Aniimo.
1905823950,63a1dd7df5c3e85a2d72417a1c6182253461f43a29f7b9e5766c6ea39c61227e,"It’s you! The passing dream weaver, the mischievous prankmeister!"
1905836732,fd4049c127b681e02790cbb5689e1c11a322211b69d0e3bb8dba68f5d9027851,Super rare egg. Put it in an <style=Hint_BgL>Outpost Hatchinator</style> to hatch a <style=Hint_BgL>Nova Stage</style> Aniimo whose all Acquired Potentials are 2+.
1905840681,47c7fa0ff416a51a6c4338159b8f7a29c0380a8032b29c89919f5f010d987420,"Increases Dark damage for the whole team by <style=Hint_BgL><customRichText(calcData,buff, 2126307,param0,1,%d)></style> for <style=Hint_BgL><customRichText(buffConfigData,2126307,duration)></style>s."
1905848740,8eaa2653806ccbdd6243b52e3e582a7ca41a681d45e7aa93b30e03b7914794e6,"If you can tag me when I pop up, you win and I’ll go home!"
1905862632,145a9b815a61e66eacd17348658d5c9cd2828a91b63ffaa58aaadb2ddef0b8fc,Blush 8
1905896265,3aa91f0dc46f8386e8dab836ec7557ffd48764d00256b93217fb20cf371dc114,"When buried in the soil, Hummin gets dizzy from heavy shock waves and pops out uncontrollably."
1905975414,e84bc0a6b5c1686582eaaad82b616191ddf5431edc87e2e32a5f07029281dcfb,"Daily Cap: <sprite name=""UI_Img_Event_TikTok_Icon""> {0}/30. Updates daily at 4:00."
1905984386,8fa58df066113014d544111ff2c7318cdcd56ecd46d8d86539d3045cdd9de75a,"A fluffy chest, big sturdy paws, a thick bushy tail..."
1943288734,8fa58df066113014d544111ff2c7318cdcd56ecd46d8d86539d3045cdd9de75a,"A fluffy chest, big sturdy paws, a thick bushy tail..."
2078190682,8fa58df066113014d544111ff2c7318cdcd56ecd46d8d86539d3045cdd9de75a,"A fluffy chest, big sturdy paws, a thick bushy tail..."
1905985968,5f391405079af2088748cf6fd1081ac3e5cc0cc3065782c4944bc8c953ce91e9,Weekly Nurturing Delivery
1905986943,87abf8439149bf504bb122b7d4560c66fc6a08f28145b4a1afcaf1fcf863e68a,%s Research
1905987990,ab3a98b96c3bf103c6441a94846e59e6287f00354a942b093d4e4653669d2a57,Condition (Placeholder)
2072369782,ab3a98b96c3bf103c6441a94846e59e6287f00354a942b093d4e4653669d2a57,Condition (Placeholder)
1905991128,ca4bbbf7cd0ea823468ea801ad1dab085e8fde2889eaaa0eba572c5d3cd84fc9,"Oh, by the way, do you know the way to Bloomville?
<style=Hint_BgD>Go from here toward the Branch</style>, then keep following the road. You’ll find it in no time!"
1906009853,70c69b35409ac08f4af756da9150dcc7080f8ee1008faf335d1d275a4d9f0a94,This one isn’t fit to be a legend.
1906035480,1b5140881ca8069a8122b6d66121418195032acfe2a3cc21d20100b649ae61bc,[Placeholder Dialogue] Boss Battle Victory Dialogue
1906076104,b66a2ca8765680e1934c155ef21b2a0717c13acd998b8a718c68b02afe5f5333,Furniture Blueprint: Harvest Moon - Sweet Oranges
1906099601,014ef22d0b272e1abe906699ad7cf837fabff1398dcb792aa411330f9772a776,"Did you see a big, tall Pomawk around here?"
1906123077,7710fab5af44e70d090fdfd89ab4db53d042827ef6146efdc602b73b9d680180,"For each Prismatic or Exceptional item in the backpack, stamina recovery rate +<customRichText(calcData,buff,6003005,param0,2,%d)>%, up to <customRichText(calcData,buff,6003005,param1,2,%d)>%."
1906140240,e795882a9951847a3c846118f2ac81b1c39c389703e6df736750c94d0b36d34a,Open Hatchinator
1906150652,5b50e91830878ab191ce17dffbca306534f42a3be50fb7a2926b753191837018,"Made with a fine bamboo core wrapped in fragrant spices, it releases wisps of smoke that rise gracefully."
1906151184,51435e124115a7ae4a2bd47fa3e03e3c908ecfbd7cea5be29fd8db711261c71d,Seagull Nest Mark Point
1906239143,8da8da63b626ecdd96398f026b55efcd140119381e704b3b0aea7e528960b458,Reduces Fire Resistance.
1906276194,10f47bd9be2330105c9221530490ffddd2a8e6627b5041dfa45c55fbcc2e0710,Unlocks at Ecological Module Level 8
1906281914,52250e71b921178766fca23945e2370613978bf0f37ee80ccf502524983788c0,Wounded Pride
2075391172,52250e71b921178766fca23945e2370613978bf0f37ee80ccf502524983788c0,Wounded Pride
1906285846,bda050585a00f0f6cb502350559d75532ae3b244c9498b996e7c5df2d98dfc8d,—
1906302813,08aa98aa6db7faf6eb43b820a78f060fade48c494451741d998f0c1b0364f497,SPARKELF x Aniimo Collab Sparkelf
1906308847,db730a51cbf0784d634c7fbd29a22e55bd77f0542bc6dfbbac35f04e27415e1b,Whoa!!!!
1906358823,e5d7e9763603e0f312710f8063ef125095c7fbdee1ede4ad20e83d00d142d70b,"Increases Wind damage by <customRichText(calcData,buff,6003020,param0,2,%d)>%."
1906366669,11fa62705f39c989c43bb238bfd05dc9634234a4ff9d2bbcdc512899212cb1c4,"Round, full seed rich with the aroma and strength of fresh beans."
1906392092,f51e2669f4c64997831e96f05efcf4ae93c7c56d7b337c81d360116dc586a98c,"{0} selected, {1} total"
1906450894,22871d8db3be4bbb348a278c0a1cbbd86bd3737fbf9668d3a8bcaa17ad42039e,Huge Grapes
1962670441,22871d8db3be4bbb348a278c0a1cbbd86bd3737fbf9668d3a8bcaa17ad42039e,Huge Grapes
1906585245,9aab3682b6d2552ea59f93524258eae85085a1cc021e1dc7f851d69e3ad2b7dd,Petting %s / %s
1906642428,b639c243cebdfad98aee950e39ba8b2a00d82c17cd7d8310fffe40c331b32eec,Diamond
1906642446,02f6315dcf8f1cf24bf667e8688b5775a160607b4097f1223632726e55c39ef8,Shine bright with your Aniimo under Idyll’s sky!
1906653208,00084d12cf2f433322b929fac9094af5ae5cf33bbf61403f88f3e11ede9f93a2,A nearby Aniimo is controlling the vines!
1906695022,bce7e022455ff430d8e52b5411d9776a378c3511c3f4ffd1892a01149bab7ac4,"(Sounds a little off, but it’s nice in its own way. Let’s keep going.)"
1906731801,9681ed0e0b554a22bb152e98b06505b37c57858be3b0e5bda59391b24c2ff8c0,The Pathfinder’s basic attacks and attack skills can deal BREAK damage.
1968171880,9681ed0e0b554a22bb152e98b06505b37c57858be3b0e5bda59391b24c2ff8c0,The Pathfinder’s basic attacks and attack skills can deal BREAK damage.
1906749373,f3b938157b609dfe899c77b7868d6d6d7c0bc8a43ff714097f07d61cb71846ba,You can get <style=Hint_BgL>Season Stamps</style> by joining the activities in the list.
1906804893,a68677b9e79cfb1488c5ede1d7e7cd6308658217618a29d468e668b79a182fa9,Let’s begin the assessment!
1906808139,d3bc4acb3cb3d8a7a349e76104598eba5287cc51f8274ff221c9fa03fc2e2d29,I set up a little photo spot in the cafe garden. It even has standees I designed myself!
1906817032,ad8d7f3d3e98ab273cff381f69b94c0b75ca29f2fd58296af4a09f78b1617aed,Add Quantity
1906839431,8afbd8a67ccb24cfae23bbdea2184e3beb9d4602736a8e1757e1cdcf1fb83129,Import Hairstyle Data
1906936729,528b1613d49fd660342ee2de66bf0814b19a9a995e0934493fef1076674f531d,"Yeah, I saw it."
1906946162,d237b6be536ab8d4c0670dccbad1f9c2d87b2756cf50603d97bd4535fe0514d4,Summer on the Green
1906989080,43b202d183781ff4b7a66e40a2283b8dc0bf9a84560489dd724e8344cf7d998f,But why didn’t you stick to the score?
1907004569,693f506e1d6913e15d42140608f3385bbf71f4aa4cc7e7c5ac8ec57939c08771,Oh? You admire Princess Melloblum as well? Well... that’s only natural.
1907004967,e603adcb39f0779d78c24b80befa302c83d02ea74bf7db5ac263d7bfc8d380f5,Craft Test Material
1907011393,21b52ba44f67d0828fde5952cd24bfcb02920e81321fa55332454ed0cab1b1cb,Interaction Gestures
1907043916,99b5e7b7b0de7f02e5763f651418057748529db4a8c573f139ac11079be7a845,Not enough Currency
1907089535,2a4325617bd6e3138a6e7dffc203fff00a3ee3ffea067b0cb9bbaa3e07f1748a,You like the Hatchinator?
1907091477,31bcb8940fffb7d1328e4d989be6708a48e564d490a873652d6ea64f58156711,Gameplay
1907120777,aa05d941253f6fb01d73eda951f9125beb56a2133754fbdfcc272b6784b39aba,"...Pollen? That’s...
Alright, take as much as you need."
1907222672,a51979b3b566b0557090f6d9dc1f362badcf4ada6f6657f434adeeb2527b69a2,Blue sky!
1907262952,506500c22a7f02e45f3780fc548165800990a1a940a1f573202d20d32ca3b4c7,Lumin Amber - Whisperwake Isles
1907278068,b92334c9f7bca5a9ef64ec2a0ddcb36b9eafdd4153b4b7230489f8a7ef96ac99,Launch Announcement
1907289879,af826d947523d8275b80d7bb282b0f9e4eb10f020e38431af5fc046bd7b51c88,Woof! Woof! Is that you? How have you been lately?
1907298078,0473f8f9b985630e73acde7056c1e6da650c06dd79f9e3b58db38ccb982cfc0b,Pure white flowers symbolize prayers for happiness.
1907365253,2ade09ce34c5f571d4597e57b6d973f3420c07e01310f01556e84e4eb6faf2d2,return_false/raise_error/skip/pause(Default return_false)
1907372892,df0c16e20b411c6b133387119b927d24d3b4e43df31d6463b6fdf903f475d6b6,Sweet and Sour Lotus Root
1907389661,e252786c9a4752cf0bc29383af3a566cb0ab373999b1c0f2010097191301faba,"Pathfinder, please accept this bottle of Home. May you always have a place to long for—and a place to return to."
1907405384,441f38c1c6f7a3aa9f889a1e389c8aeebe45afec30505177756fa842f13ba65d,I'm in!
1907452495,94abeeb43d08ef9f99621930cfc8bee951202b649257209fd9c287a71519181e,It believed its light would quietly go out as the years passed.
1907456984,1d71334382da78a20858389833064296ffeb0821bdf3fc777a544d48dd44ee70,Didn't understand? Then let me explain it again.
1907556874,00db60dbbba0c58388466f2450ba2c4031061542ba4b97021cac445b99058775,"Can I look through them? There aren’t any confidential files in there, right?"
1907595654,b18fd63be97d230fd9d3bf9d0e7269ff4be755a7e04e9753cd2b510b1eadf94f,Puzzle Recovery - Apartment Open for Business
2017177316,b18fd63be97d230fd9d3bf9d0e7269ff4be755a7e04e9753cd2b510b1eadf94f,Puzzle Recovery - Apartment Open for Business
1907691239,b8a162c40a91a87cc58de88054bc51860d4d4a3a1874eda569ea9482ccb7b871,It was the Princess Melloblum’s last dance... A dance that brought happiness and hope back to everyone in the Maze of Thorns.
1907712403,7515f183d38ee01ca0984c15c8bfa373bdb0b46cab9a4e917b679fc9e014ca91,"Whether they’re climbing, jumping, playing, or simply swaying on the cushioned seat, Aniimo can relax on this swing however they please."
2098539386,7515f183d38ee01ca0984c15c8bfa373bdb0b46cab9a4e917b679fc9e014ca91,"Whether they’re climbing, jumping, playing, or simply swaying on the cushioned seat, Aniimo can relax on this swing however they please."
1907737719,bc9c646e583dc6c7cbca092ad61de4841d0ced92962cbd24dbc4bf65b581ffac,Island Adventure: Nightfall Tales
1907743838,ba20068cdccf52a15db393438bf9e4a7b8f40d847c99636491a6fb145d729402,"What do you think? <style=Hint_BgD>Fulmintis</style> is pretty powerful, right? You can get it from the <style=Hint_BgD>Companion Handbook</style>!"
1907801230,c376c1defaeca3b309e312abd3b311ad77dc3f1d5c97d146b26aee1eb70d3ce6,"Increases own EP recovery rate by <customRichText(calcData,buff,21012081,param0,1,%d)>% for <customRichText(buffConfigData,21012081,duration)>s."
1907811789,e3a72f157c86b0db710791fc32305f4bd091d78950e67c4feb34584de531a98e,"#playerName#, nice to meet you. Welcome to Campus Connect."
1907867106,6996d0276f911438330ae799505df3b521c4d40e71eb220f78d7e77c7bdb8916,Two weeks of special training paid off. Thunder Sweep!!
1907877307,5ecca2607c66fbb903b73cd938bfad1c4a0f3c47e5bb95eb71ddf44bcc671aca,Current reward
1907973025,c01e96d4eb38e6e39df663c4a2c8585de0366282e529dffcd71d0662e0172160,Encounter all different forms of Flamerions
1907982975,b86dc3d50e8fe757afaed65d554ec5239172631cf582e0256389567fa759f5f8,<color=#5090df>%s</color> keeps littering fruit peels and <color=#5090df>%s</color> slipped on one. It taught <color=#5090df>%s</color> a lesson as soon as it picked itself from the ground.
1907987637,05e33582ffb7b90813c80ce43f8753ab2cbe473ca946a35589de3da189e5cb7f,"Pretty neat, right? Totally hidden where you’d never think to look. The corners of Astra are packed with little treasures like that!"
1907994365,88a2bf379bb95129bae47cbeeac02a8605513e13f20265d22ceda34c30cb1702,"Many scholars believe this finding could greatly deepen the ""twining"" between Astra and Idyll,"
1908002369,4b55068c2b435ebabaca25348834572d6e759f0e60692ab7178977f1b55bdbb0,"Uh-oh! Move, quick!"
1908062183,bf1137ce917b52ba241f1820b336f325a6499b79be8c9a5e4343cf5dc142665c,Results Summary
1908079883,3bd476be9109b5f54ef04d6c3c969ef5c1b3c6b2ce07f65f646abe470f287f01,These little Shellies... and that massive Echoback skeleton we passed...
1908092385,543a4089284f90f35049e53436fac7d2362478c45f0b4b91d6b61f492ca87692,Photograph a Pebbling eating gravel in the Pebbling Habitat - Underground Cave.
1908106061,44e596bc7181c1d717f64964bb464ff0e0337b996291fdc73ec088ee6e817f1f,Need a teammate! Come play with me!
1908113978,a99e2c7d7a53939897875e3d64f70301079270e353b1cea82c360fa386b8335c,Auto-Add Friends
1908162261,80d95ced877a76d31d5a7528bf5ecd1784709c3ede479676421a0270aa6215f5,Voxelic Form 4
1908170694,102b239129751eea9fff1ae08ae406fbac6872a1ea940c4e5988f4b115cc15f3,Lun Inventory: 200/200
1908177597,6dfc7aeb874795909071b9861b538f4edf9c2e485dce6df60d35213938377b56,Event 2: High Difficulty Battle
1908181632,0782a095bc09cc717691a473d392a9caf7640ddc549fc6a588c07c7f7eb15b43,"During battle, summons 1 Hummin to assist every <customRichText(calcData,buff, 9120702,param0,1)>s, up to a maximum of 3."
1908184678,652c5cca1b54c8e05e0a62e240870d7d27d6252fee8c36b87cbddfada3f28aca,Return to the Outer Area
1908185672,a466884da9a856de3a8d67875ba5b974766103d5d51905b7561e13d467d5c2a0,Personality: Faithful
1908243530,a3ec80375b87f13a824cce07c1715f709479b09b093919a312af6a4ddd02ac39,Please bring me an Aniimo that <style=Hint_BgD>looks like a ball of cotton candy and has a pair of aqua-blue spiral horns</style>...
1908246235,20f70bd2a8f33fcd6d0019631311a5fb025540903881ebfd3a91de6b592bb624,I call this Frost-ever!
1908263987,1252d8ddf28e056e7938b2f696049d03b4a42bfcc33830a1e3f3283037c9812e,I wonder if Lady Irelia will like the incense I made...
1908271085,1231f843188baf7e96b5f57192222c00473908ab6a44ec14e02f0ffa14592f57,"Throws an ice blade forward, dealing damage to targets in range and applying stacks of <style=Hint_BgL><link=""source_8038""><u>[Ice Debuff]</u></link></style>. The ice blade continuously consumes energy while spinning, and pressing the Skill button again recalls it."
1908272276,98dea8379b6e44372f2ff922ddc04c3934c33df11c56144501bddd96248f9447,I can feel a powerful presence nearby! Can you feel it too?
1908276682,9bd691bafe4a63717ceedfef7f25846b014cce2662d2e30d6fa1ab7695cad581,"Powerful Alpha and Omega Aniimo roam across Idyll. Defeat them, and grow stronger through each battle."
1972140845,9bd691bafe4a63717ceedfef7f25846b014cce2662d2e30d6fa1ab7695cad581,"Powerful Alpha and Omega Aniimo roam across Idyll. Defeat them, and grow stronger through each battle."
1908304171,475a7f9e426a83ccc9da3e91038b9be5276cfe1986e928f4293f8284be04d154,This area’s Prismatic Energy state:
1908350091,faa28b31e2b821ea05759befb11a7b07fb036a1e0f38a2cc30a0bcbf5fe78408,"Builds <style=Hint_BgL>[Rage]</style> during battle. Basic attacks grant <style=Hint_BgL>2</style>, every <style=Hint_BgL>10</style> EP spent on skills grants <style=Hint_BgL>5</style>, and taking damage grants <style=Hint_BgL>2</style>. At <style=Hint_BgL>100</style>, enters the <style=Hint_BgL>[Enraged]</style> state.
[Enraged] increases ATK Speed and own skill damage by <style=Hint_BgL>30%</style>, increases the EP recovery rate by <style=Hint_BgL>20%</style>, and prevents <style=Hint_BgL>[Rage]</style> gain. Lasts <style=Hint_BgL>20s."
1908369422,2afe14d6261d66b6d75de0b1c3a12b0c86a8ee864a0208ed24fb9f5c56a04251,Failed to enter. Incorrect dungeon configuration.
1908390051,cfffe0b1208f9b47fd065f60b907077adc942fb9e81721e27c6292c27ba00992,"You find a scented Emberpup hiding nearby. It got so absorbed listening to the legend of Thousand-Fang Ridge that it forgot to run away. It tells you only the strongest Scorchhowl can earn the title ""Icho,"" and the last Icho was the strongest of all, a fighter who stood among the ridgeback trees and never lost."
1908401485,852b3a40f4e4dfbc8f36804f772b5243d09cb48155243813a7310ff61008d986,"Shh... keep it down. Master is in the back, meditating in seclusion to master an even stronger fighting style.
If we disturb him, we might both get launched like shooting stars by his Spring Fist..."
1908404846,2c5f47392c3d4def1a1a70b7c756da55818aaf541ebed2f978e54921852fdb81,"It thought I liked water but was too embarrassed to go for a dip, so it decided to help me."
1908462124,ddab1952d2d90fcde89b0ed740aeb461fa6304a975bd10f3dba527d825e3e832,"With the help of your observations and research, Wally finally remembers the key term: Dewdrop Crystal. Only then does he realize that you are the new student here for the assessment. He apologizes for forgetting and decides to complete your assessment before investigating the Dewdrop Crystals with you."
1908548683,b54fdfebc25a8b08fd49e5fe69d2a47648bc33106aba42568101684eb41c8720,Press the [<style=Hint_BgL>Attack button</style>] to command the Emberpup to act.
1908565345,3e2eb432612aa7ee5d52074338a87ef2fa9eeb5f929e8935e77312d2712a0767,"Oh, can you do me a favor?"
1908592486,2764d2ecff07a407cb75460a1562e0b7b4b8109ad53ad3476fe341e9230e8819,"No, that big guy is showing off and doesn't seem to Follow what's around much.
I feel like we could sneak around from the side and find a way to take it."
1908594901,b6f4cca19fd6f93dbec5ee398c5eef2305dba1c97f82b7eee893ac12492951bd,A rednote pop-up store has opened in Astra?
1908598502,20785fdce2c3994909b05e86d87714128bc0b80bfd51d68efaba3b17e514f0bf,Am I... about to become famous?
1908608222,4eb78e98da0d8004b57b312a21f1e61bc3a0265cb3ce857b0a3e47b7a3e02823,Aniimo Leisure
1908619671,969d464e1d8f653da59bc173ed7e7b541557007e43edea0fa4e90b196fdf6450,"Search the Archipelago Ruins for the <style=Hint_BgL>Lost Sanctum</style>!
There’s even a <style=Hint_BgL>mysterious egg</style>?!
<style=Hint_BgL>Treasure hunting! Egg heist! Evacuation! Get ready and set sail!</style>"
1908624027,a9bc5529ce53b9eab9a2e2de5a95eea573a301daa6c42027415851a38b6c26dd,[Alpha] Lightning Flash
1908632337,670795612ae99847e9449a97b7f244947c27023112a5e791e18fb454967343c1,Challenge Alpha on the Middle Route
1908649646,d7fa7906ecedf8e8870c077e936795470dc91bd6e7db6650f1fa93d4d9441c7d,Luminous Prowl
1908668491,84bbe143623c9ce6bee57bf342b95396c2119b16d6d328f782ff5065031a669c,Alright. Off you go. I’m expecting great things from you.
1908742991,88c97666f9ccadac02d371cd5d4e0544eb4811e4be89b998f24963cdf43e4f59,Grace...?
2140685189,88c97666f9ccadac02d371cd5d4e0544eb4811e4be89b998f24963cdf43e4f59,Grace...?
1908778299,e7e3ef5568c6143fb6ea54b9f4b80d7ac2229aba330cb6feaa5db64b08898cf4,The player declined your request to join their team.
1908782236,1c2a17ae229434d61a09cf457bc024f4a6b4542db35955620ec0acb1e29de01d,"My name is Dr. Glass, an Aniimo researcher.
Staying twined is a great way to get closer to the Nimbis."
1908924566,2e6707e3c33e9f73dd6d238da090f2d0759c40045517c599776717da76f8668c,"Actually, I’m not just the host—I’m also a professional talent scout. I happened to spot the runner-up, Bonesky, on Northside, but he still lost to you. That really stings!"
1908934100,67a7ab8772d747474461d8fd404df5cde4088f34a200f8af6b24de382af33c91,Helmut test
1908953782,56da9107a5537a57f796b47fdb5b0625dbbba72c24831b61bc5e0c82d6cc835b,Waaah! I don’t want to be like this!
1909049095,5aa8172efefc34adc2cbeb3783e29acd4561201fe29274a53853a2ea22bc4ddb,Yes... I made up my mind along the way.
1909063787,27d1111d2dabbcec485d2c53b8511b642dab5fd3047d0371fbbf827126cf58fd,Challenge Senior Wally again—he will send out even more powerful Aniimo to fight with everything he has! Defeat him and he will award you a <style=Hint_BgL>Badge</style> in recognition.
1909112873,3c6e3140bd4f20c5913bcbf5e25d3d0fb0fc7b10f03602f504cddcc112fa7321,Five minutes later...
1909113604,c866e7bd31a814f8f0db550b4af33816e92fdf8c33109261c15e22e0f5d63012,"Activation Conditions:
1. On PC, launch in DX12 mode; on Android, use Vulkan
2. The device supports VRS.
3. Actual rendering height is no lower than 1080."
1909130947,8c0deea07fe0b5fc7f9ac770d8c8a0810fc2cfbc8fb651401ece5b7ca7571776,Have you ever seen an Echoback?
1909172012,5779f32fab00c2aae390fe9f63877444b90eb7c12cca5e8903f7c02d2759f9db,Clone
1909221389,1a1d752dbcdbb1d7f01b89f21181fdb4903806daba837c93231c17ee6fc651cf,"Well done, #playerName#. You’ve passed the entire assessment.
From now on, you are no longer an ordinary student. You are officially a <style=Hint_BgD>Wayfarer</style>."
1909281439,2cfd83f623bb7edba150a3e615072f17f3647fc51ffb1ea33f730c9f82506041,Confirm Removing the Duet
1909324229,bae0a1d3fd3934b5a010b5e4ac5c44af88ff0543f871adb23ef43e54335cbd3e,So... it was drawn by the smell of honey cakes?
1909354148,2f0d69506794e45bd9acc04fca24a67a24b97646d1c60dcbf17f68ed9567dbbc,BP128 Rewards
1909406461,9ad3a6a7201092debc87f07867b398dc105522ea541c29b2f75996dd00be53cb,"In that case, maybe you’d be a good little Helmut friend for my kiddo..."
1909429754,42154493d60e20cc3beebffa2b55a825ae1cdfafdc5f03ba790bb73f9a09493c,Woof—woof? Woof...
1909468538,3d671d2d7722d1ae10281300e2929f7acebe0b9234aba77c23698260f8ed5763,Plot 25
1909475127,f143002434878720ce014a2a7e05a35df15c81c72885bb966c9580a5631bba65,Increases Final Damage by 30% against targets below 30% HP.
1909507381,15d32775f023251adc07adc1950f5fc23399147ac4ace87a41d48801a099f7ee,You lose money every time
1909530372,0e34a1307794f5532f9888ff73550c91eaedbeae47a5dbf340208961cd403511,"Do you need me to have my subjects help you?
They have wings—it’ll make things much easier."
1909535400,81266927def6f3100e3703d4e6de4d50b161a2eaec26c61b4af2347bb0a0aafa,Press to claim a <style=Hint_BgL>Prismana Fentuft Egg</style>!
1909583195,e6980ddbc18f30e2cd44838d7910df3eeea0c4c09822e8c1959d6c95aa5e3377,"For such a large piece of land, you’ll need the helping hands of your Aniimo — I mean, helping paws!"
1909702659,a28b893bce5d7aa2f1140a130b2dd38192c3a2fb9a509b17236225b7bdfefb89,"According to legend, if you write down your wish and set it on fire, it will be carried up to the sky to be fulfilled by the stars."
1909712932,693547f88f69b8e79ef3bb03da38ba7355b8e235960e4c6945b6e87f80e19f5c,Energizing Bracer
1917967539,693547f88f69b8e79ef3bb03da38ba7355b8e235960e4c6945b6e87f80e19f5c,Energizing Bracer
2012487516,693547f88f69b8e79ef3bb03da38ba7355b8e235960e4c6945b6e87f80e19f5c,Energizing Bracer
2085479556,693547f88f69b8e79ef3bb03da38ba7355b8e235960e4c6945b6e87f80e19f5c,Energizing Bracer
1909720261,9f40e48fd67aff109027e8a287eecabb6a82b5876a8693ba38d13a798d312e7f,Reach Prismatic tier for your Bulbly research level
1909728756,1cad4d6e12f6d90971dd3eecf2818dc5a79bedf684e25b8bd3aa985f592e6977,"#playerName#, you did well in your Elite Training. You can start preparing for the Chapter 3 assessment."
1909821563,eb320bbf040a595614f8441ceebd2beddfe12059797590f968d8a82a9207a5f2,Wah... Waaaah!
2072568087,eb320bbf040a595614f8441ceebd2beddfe12059797590f968d8a82a9207a5f2,Wah... Waaaah!
1909844357,c37a4311f9dc03334eced8f64063ffbbcc3e052e3ac061de59b3021515e892ae,Dreaple’s exceptional evolution unlocked.
1909844825,506310399a1300e43d93e004dc0ee955f57a6eabedd6433fe0e754331f2fb827,Chirpi seems to be attracted by shells. <color=#d89c28>Keep a distance</color> and wait for them to land!
1909855277,d1f7958f146173bfb94246fa9eb28be1a3ce3c5bda6a31d5dd2db7125f12fd6d,"Whoo~ Danger, whoo!"
1909857391,93e8d63ace959a6e45fc2d66371b41d70ce766acfa33c31f5748e0cbc90bf695,"Who else but the Somniwing? You heard it from the elder, right? We went to the Amethyst Tree and got knocked out by scales!"
1909868590,af9ddc90f90780c0e49fde6e8b61049a18073e9bd64b2ec7b0f0e8996e45071e,Free Companion Handbook Level 30
2125437783,af9ddc90f90780c0e49fde6e8b61049a18073e9bd64b2ec7b0f0e8996e45071e,Free Companion Handbook Level 30
1909875268,572473ac0ee781ddaaf903b69042f16c82670fc5dad66201deeb95a1ab28d6b1,Sssyo!
1909987403,f0e9d0414696490e850e4dc229d16b5f57eb8d83b601c403f34a6aa2997364d8,"Starlight Sparkling, and you can feel the immense power contained within it."
1909999594,03fe7ac1a41fcc6047ed3c498d045523bbc9ce2ac61ae8c942e5a82fc48871e3,"But because you couldn’t appear and grant that power to Aniimo, no new Guardian could take the role."
1910009938,910e025e6e40181ceb168d5c1f765543279ff9069f437594c24297debede332c,About Training Mastery
1910050543,5c1b8bb60fc54357541a42ee0eae2e403f27647abe3e8f83868fde2aae517ef7,"In the 2026 Second Closed Beta, you passed every challenge at Polaris Institute and completed an incredible Journey of Trials!"
1910059821,9bfcb0f69b6581dd64daa98202c3f52b23c2ef8be56c82b62bbf3af5cea9a928,[Elite Training] Rewards from Administration
1910079923,08cac4bb692fb02cc01faa495dd2c07a04b551ba7c54b25dfe716583d8a0c750,Some jawlings want to order some sparkly accessories with inlaid gems to gift to helgons. I’ve got this!
1910082324,4e86eccb7ba20dce326f2608bbda5c4936540e8a01710378b4d58c54bd94d0d3,(Translator) Wawu! Stop sleeping!
1910152951,3ff25c6dfb5e56448378b8a1d24255627db173205dd657a2d29771c45115b260,"It seems that even though the Petals were crushed, they still prove the eternity of spring with their fragrance."
1910197336,77676a03990ca6384aa0bca162fbab007ee2331088759de924a5c518ee569a0d,Twine trait rerolled.
1910245711,db330de06bff41fc0e862cbb0c1904581006a5c0e18882ccd6afbc6a7e4ed1e3,"I'll leave it to you then. During the creation process, you can't leave here or undo the Twine, otherwise you won't be able to see Iris's masterpiece!"
1910259230,819800ce0097e3784e9919a952d139cfde93be38f14f172ad55f6be14d161d69,The shell that is too small to live in has become a nest for dreams.
1910318461,dc6d7d2fc87fedbc876942d2a55aa7711b97a747055e3846e4411adfcf545c12,Thanks for taking the lead! You gave the Chirpis the inspiration they needed. I’ve never met a Chirpi with such perfect pitch!
1910326321,96b57d68e924eeaef9e67534a701f590ab6526384b6b3ea2ae57ed31d5c1bc15,Tunnel Stage (with BUFF)
1910363475,5ea9c65dd3904c493ac81cf8e981d8312b27d767e923b80d3831e708e9897e59,Use Budclaw to lift a chest buried in the sand
1910379448,e1580ddf5a0b177233d964d481a07a1503991f9f6651eaf8f54e723308911e38,Time to get moving with Pranky!
1910382450,fbe9ad27f33f537f3c317843ebbd6ba61590874eea2679b3b6ca98ef0f3f0969,Well...Not all bad.
1910440417,2cac47f70c67ad333a737d7ac692aed2d0abbaf1ea873584ee952acb04f5c82e,Silent Owlmark
1910493765,4583cc2cc0847ffbe74aa1d02941938429b65f6e429a00f241858ec43e2bcf00,Spend <sprite name=ui_item_%s_small>%d to purchase this Appearance?
1910498546,e92c5ef9d6d0c3b147e47d705bed12efa68828d50a0496aa8fcc998148ebf5fc,"If you can achieve victory... I might have to give Levi a good beating. Hehe, that guy actually let me get defeated by a younger member of my kind. Really needs to work harder."
1910518820,16fad9a5cf245614a1f9f0db68f3e76a835c5db0e4a6c2b0c6f6cf71a9539878,"I don’t know what we can do about it, really. Our operation’s grown so huge, and Astra keeps sending more orders.
What a nice problem to have, huh..."
1910525650,1ac43db8f08e981f511df6d679c67576f402d99bd3a753dc1fad7967ca52c0b0,"(I’m supposed to play Grandma Bolty, a fun elder who runs fast and lives freely. So the key here is...)"
1910551539,b60501568bcdff6e389cd97e12e3736bdc5c2e6511a1527639e3526e207ffdcd,Execute All Events (0) / Skip Presentation (1) / Skip Presentation + Transport (2)
1910563232,8bcae4bda7b0be05da41996ffc50c137775acd878e2a93cff121581c35207d45,"It's extracting the energy of courage... crimson, like hope."
1910584255,5d6b48f5cca197ec10d2df0d88a983e3827afb74cf742479d0a953f74cda3ca5,"Press forward bravely, with nothing to block your path."
1910598174,5945816381a5721cbdb5a5310cd2c78a8ff19fc4f150c23b72a61e525efa1e2e,"But no matter how much I paint, I’m still no closer to finding what I’m looking for."
1910606476,2bfc163d32de465d142632db8ae66bb10109efd3794df6880fee33124cabb220,"When Alpha Turbo is <style=Hint_BgL>carrying too many</style> Nimbi, it will <style=Hint_BgL>fall</style> from the sky."
1910662365,954d4e7832778d1b026937e6238feb1b980c80e18a2e2750235e50788b274eef,Develop collaborative combat abilities between humans and Aniimo
1910668249,d065499a08310f92ea60ef683dc6764041401272526bdd2a25f167b7c2dd4d96,"""Stepping down... is just another way to <style=Hint_BgD>pass on the torch</style>."" I guess he was right about that."
1910692526,771ae291c92d387f9aa592f8a60cbec86c3cbcf9bdf9f5c9655ef8a9686abd55,Tame a ild Starly with catch(占位)
1910710742,8d77018ced579cf8dbccaa7ff8daab35b531e508b5214b272ab984874efcff39,Reach Prismatic tier for your Budclaw research level
1910720486,bdaaeb53f318727802138582069f5cc25df739fa84e15b9cb8e3ae02caabbeb2,WeCom
1910743207,61d93856c780790a3c093f05d812da57c957123c2763c4c1fc967c7c52fd3730,Unleash a Beat of Passion at the Power Surge.
1910792200,64448eae47919ba4c7723d5ffc88fcbd865eea8d45543db04f5b8e3ca4bb26c0,"<link=""item_1009""><color=#5090df><u>Primegy</u></color> is allocated to each Pathfinder and can be used to claim rewards after defeating Alphas, or exchange for chests in modes such as the Holo-Battle Sim.</link>"
1910818666,9a122841bfc2d1947ff2a535d7ca1d66a3513c1daeb24f13b48ea19213bf3e80,Compare Aniimo aggregate statistics discrepancies
1910828371,7f2012a342adb49d586401b99afe831e88f07f879e74622e8d470f596fbec155,"I released the Lavazar from the Aniipod... Man, I’m way too soft-hearted!"
1910830568,5a00a406c98c30077a1e0012e4374afdfc50be8689ec4981ae9fabf96ff722fc,An ordinary helmet... but there’s something strange about it.
1910843613,b14ac81e50faa94beb262c267fb6128e358fc0f515a31ff5ea46f9fd1aca1123,Reach 40% Aniimo Collection Progress in Blitzwood
1910844604,002435512c2ac89df7711f0b3eed03a0ff8a81f99f8011a615cc07b928fef0cf,Delete read
1932393526,002435512c2ac89df7711f0b3eed03a0ff8a81f99f8011a615cc07b928fef0cf,Delete read
2015006354,002435512c2ac89df7711f0b3eed03a0ff8a81f99f8011a615cc07b928fef0cf,Delete read
2085452851,002435512c2ac89df7711f0b3eed03a0ff8a81f99f8011a615cc07b928fef0cf,Delete read
2094471913,002435512c2ac89df7711f0b3eed03a0ff8a81f99f8011a615cc07b928fef0cf,Delete read
1910856667,0563a1760bf728d98619b0cb4e74e8b25df18050ee6090a9b703e380bdceddaf,"Congratulations! You’ve passed the assessment and become a <style=Hint_BgD>Grade I Wayfarer</style>.
The Association will add your name to its records—though of course, future assessments will be stricter."
1910859210,8682f9e4e0848ec7ba3252df665611104565fa9ae834080869248c86f2e9484c,It’s an Ember Coal.
1910896914,ddb8cccb2a76421e1f6b6d11d09ea52886adddd1805a77f93f3cf09cbe3bc440,"These trees are so Wondrous, they can actually support such large stones."
1910909600,ebf53e2d6e1c88ea9988faa418a965f60bfd3cf1c5f872f95ab91a9d2c45aff7,Aren’t the three of us just awesome?!
1910914659,ae6344f644d3bdf64ccca64833e9cb3e99e81c08de0114558b6e45484a7b4052,Change Title
1910949537,091a871c6fb175afad317e0bef48de6e24c2c2b317da67d46bef9e4ecd10cf5d,Wisptis uses Cloak to avoid needless conflict and save stamina for real challenges.
1910978976,08e3597074b0d9d99783a517c26c0a62ecc4f2f1ff0b7bb1669b90e5c9f1f7ea,There is an interactable target nearby. You cannot place a marker here.
1911062685,b7118ba6a7b05af18b3526971a8dab6668e2cc391e7f36b80e59ef1b746c4b79,Opens to grant a ton of items.
1911073824,ffaec523acb77109a70a8a88affd31f7dc39039c8425aed3044fac5847565fa6,I’m that nice Magmarex!
1911112993,88efbb5e431052617ce8442b1495cf6a9d18bf5563ef25380d83ecc8d552aa4b,Reached the check-in location.
1911119798,0ca9e95afceb669d4fc1f0f2a2425c9a21071b9455af04b39302c6405fda5239,Using a coconut husk as its shell is truly sustainable!
1911125932,861cbc3476edc1ef2c90e8ee4179006b0143d428bd05722d2106d6c4a4b15ed5,"After you officially become a student, Dr. Lewis tells you that your real training is only just beginning. Everything so far has merely been an introductory course for newcomers. From here on, you will need to grow through more structured special training before you can face the challenges of exploring Idyll."
1911145332,669920a1cea68f65dc49fe3c4122df299167949ca8ea9efaa9985e02bf89f39e,Sanctum: First Sight
1911156521,379cc61850b56aea11dd2044744b1ad64c0923520541f749b530b3d50b1d47df,I’ve been so absorbed in creating new products lately that I’ve used far more materials than planned. Please help restock a batch.
1911167576,0e005e78ca68c6328c6255ad54b054dd3c824acd307485917a89f37875320417,"Old Clovis’s diary, detailing his studies of the Life Force Seeds and his regrets toward Clovis Junior."
1911190548,e0acaa651d375f865f58ce8b6ebb1d790bd681f3a091be4201181a4dacfc354f,"Choose one of the following <style=Q_5>Eggs</style> as a reward: <style=Q_5>Perfect Fragrancier Egg</style>, <style=Q_5>Perfect Dreaple Egg</style>, or <style=Q_5>Perfect Melloblum Egg</style>."
1911224273,b37be7c41fbfbfc53886c572762570428cd95328c318adb1e6746da1a892aae3,A slipper rack for your Home.
1911241616,e4d91dd0ef7d8df9743362e8fbec30d55df9ca2536d8d76be77cd46240c2496d,No way! Hip-hop’s the latest trend in Astra!
1911248700,607a11f718744f3606445ae115da4c83fb619524bdb1ac3d924e3f41d0db83fc,Select [<style=Hint_BgL>Ecological Module</style>].
1911298330,3be3c940cc020434a441d9dafaa3a0fbd1ff9633d1d859b402733c24dea77cc0,"Hexxin’s sound waves can knock trespassers out cold, then toss them mercilessly from its territory."
1911336980,931ce0f4cc0f8f06740c1397827714dd08f7d9eac2fe13b7650e326c6a19c5c6,"...It feels like even without Twine, you can tell it seems very angry..."
1911339882,f37e0db6a03f1472c8191b489e2b9102673e7ff5a70555763f02c5aa71ac4023,"Wisptis can <style=Hint_BgL>fly</style>; while flying, it is affected by <style=Hint_BgL>wind</style>."
1911340813,07a7a06abf3d66ca735c16879e7543bc41e48c5e1d9ee87ff59762eced8c5f51,It’s in my way! How do I make it wake up...
1911351691,4ddb7cbded2261cc910d1f1dbfaa3e0868bd5880f0724d97701e7c695a62e2be,"But if you’re lucky enough to <style=Hint_BgD>find a dreamy aromathyst and toss it over</style>, I hear it works wonders."
1911358120,3898144491ecc2fb250cc78e1f4d12d2effcc2aa14e922cf2b71d2e87a2ffba9,Paid Companion Handbook Level 60
2117988221,3898144491ecc2fb250cc78e1f4d12d2effcc2aa14e922cf2b71d2e87a2ffba9,Paid Companion Handbook Level 60
1911411111,a71c8244b7550613ca1ddf27052f341bcc1537a93780c9d0100acb881f5b604b,Only the room owner can open this item.
1911423764,338279c7542e19c0f6bbdb7a934a95e453148716ceac32853aaa0478b62cc608,"I’ll send the relevant information to your terminal. You may choose one from the Institute’s inventory as your future ally.
There’s no need to rush. Take your time."
1911424907,dfb84e579f8fa71dd1abb6efad07aa4ddcb962d7b416b04fbe24f1f33744a9eb,First Catch of a Reefish with Elite or higher rating
1911460353,f22a559cbfc6b12b147aa49840731421191da1d678b9baf7fe41a44635734819,Are you going easy on me?
1911522238,e05ad822183e78845819ee379638aff3a24801881da487168de100cc626e4f95,I can’t help but boogie with the music!
1911543720,71b392c3ed28c6b4c083df573cce3823c0f88b94c7b31eba5e8f388d9fea40ca,Aniimo’s performance has already started!
1911553102,0ef1afee042d2d57a910d9e4d7227d46930d4ff3a8a613a47e9306024efd1de5,A group of bedraggled Budsquires appears...
1911583531,cfc792e10cc6a1f6084156cd1bf657e029aa2494257b2251580b01be5021c99e,Which of the following methods yields a high-quality Aniimo <style=Hint_BgD>Held Item</style>?
1911593644,9f49c378f593fdad0d46946e3ec5cdf831cc7d811ba194d826d0321547268297,And your job is to represent Astra at the ceremony.
1911621480,19a1adb03ee5f70dc27ae9c48fd022862a5ba3eddd80169b457a7ed5084d3bb7,Tromber-like Voxel Cube?
1911628013,619a97dc3768894b65a2b523c22091685916ff9c8cde0bb128316131b4a8eb79,Uses breath to deal massive Damage to targets in a frontal cone area.
1911693915,3bd50defcdb404dfbfb5639ce87d8de42528dc5b26ce3bb6f225d56612238daf,Indigo leaves cascade like a waterfall with golden Starines glinting between the folds. This is the Celestises’ favorite playground.
2023105577,3bd50defcdb404dfbfb5639ce87d8de42528dc5b26ce3bb6f225d56612238daf,Indigo leaves cascade like a waterfall with golden Starines glinting between the folds. This is the Celestises’ favorite playground.
1911705152,4e5da06f0c866079f46dacc5fca930391694dbd2a59ce5421c94c5a334cb08a9,"When you’re set, let’s head to the <style=Hint_BgD>Sea of Flowers</style> to collect what we need."
1911706317,618f433ea3b066450ec20e6bbc50cf94f6cdb8b5bc55c2c31605ac8b3bff6edc,Grappling Hook Twine Buff
1911802061,81f79d5957cdce213ccf716202c542d455ae39d129816ece7de745ea082799bf,So noisy!
1949084165,81f79d5957cdce213ccf716202c542d455ae39d129816ece7de745ea082799bf,So noisy!
1911817142,f382f16d2ceb7d5c4b067b0331decf749b8754bc6f7651960398ec810f4effd8,An Aniimo hatched using a <style=Hint_BgL>Sparkling Cube</style> is guaranteed to have <style=Q_5>Perfect</style> Potential and be <style=Hint_BgL>Sparkling</style>.
1911841548,89aacaf51b9cd280c0a53887d3076dcf717c7631b474261897489a70a3fa3711,Absolutely! For our World together!
1911849045,afa2f87ff77003a88a454875a3c0625dd12567375b58c0daf3c2bc038a3cf706,Go! Go! Go!
1911906592,1c9a24d6659ef184ed171911426d66c9545cc6ce3b63e4d3083eb98de01b9ba9,Mine (Level 8)
1911973757,cf2fcad21becdd70c1eb9ab95fb5f7249f4464095dd20cdc838f159c86853deb,All my training paid off! Now you’re witnessing the dominance of a powerful one!
1911986104,56d7cce74ad9498fe787eee31950817bde3ddc9491c2aa8863525488d7fe6791,Cost: <style=Q_5>Rift Beacon</style>
1912013433,62e7eedae53bc7b0f01586ce43f282937739c63cd0c5caf7f8d6f85c9b7cc2bf,Click [<style=Hint_BgL>Outdoor Decorations</style>].
1912026312,810756b46cf33f1ac37bde4209dfeb49a9a38b518f547cfd0bd0a65057d41cc0,"She gave her own colors, the most important thing to an Iris—
all to me?!"
1912041113,b55f87ea924dd28fec9a8a9a9258964085ce587e40b670ddbc7dbf5ef154b454,Photograph Squashel warming up and getting ready to fight.
1912041946,79c022971d5ef3da20255d14e99933f8cec8bb48a3b2f7cb4ce0bba3aadd66b8,Don't die out there. I'll be waiting for you at Beast Fang Ridge... and you too.
1912042550,ef6853f52131eb269a9495dd9593ea34953443a9cde9c62114d182d1806f5453,You can have my stuff if you let me go!
1912065862,3f7e4c9f014d38982d825f24b22cf2cf7d91f2544368607128629872fd6b812a,I’m so tired of the fool.
1912067769,a8ab249d835e02bd9066b203ae067af86fd6ee4ceee17adf54f11a343acfd3eb,"Especially the Panpanta living nearby—remember, before becoming a Sherro, never provoke it!"
1912076739,63aa925be473a74f61e3e3958418d294d8e7ce0b9c9b24148d31ec73a29417e8,"Listen carefully to each Chirpi’s <style=Hint_BgL>singing</style>, find out the different one and aim your Aniipod at it to catch the real Morphling!"
1912083316,6da5cce6df7bd3983729c7ce584820ba95733e8c7688169e53dbe10e1356f254,"Well, Nimbis have a secret code: <style=Hint_BgD>dark cloud meets lightning, pups meet nimbis</style>"
1912092706,6709c69fb9fbd11e4b7df8059039b8a61a8e6444e21268b592098afb892e2273,"Catch? (-1 = Clear, 1 = Caught, 0 = Known)"
1912115547,98d92d1f376315662a421bf7ed19c5cc33caab2fc0ce3afe125dfe85054f523b,Just stay bright like this and wait.
1912120571,fd70b4ce8484201949155e53b1ba848ffceb79656fd6dd4e991fccf4475da975,The Tuckin is protected by an Earth Shield. Focus on dodging and wait for an opening!
1912122299,052362ff44edd06098b15d15acd8eb6980674718ba07852c624c57e9b103c26a,You ran the wrong way just now...
1912123501,14e9e3d02acdb07aad630b22fcf43698d00228e53fda9f22ac614a14914bfe37,Why do you have luggage?
1912150849,bea8750261f2019edd85864ab0864fbe41906ad6714c32e697457670563cae71,Parasitic Aggravation
1912246415,78a0b52da234a44f9f7f87bc58ee7513ad85674f58c833cac94c8bea19231457,A hanging bundle for your Home.
2057392496,78a0b52da234a44f9f7f87bc58ee7513ad85674f58c833cac94c8bea19231457,A hanging bundle for your Home.
1912271513,cc615c2a36b448ac3581f6dec43b2510edb74098cb7baacb6867ca64bd960ea5,Significantly increases damage against <style=Hint_BgL>Beginner Targets</style>.
2014681022,cc615c2a36b448ac3581f6dec43b2510edb74098cb7baacb6867ca64bd960ea5,Significantly increases damage against <style=Hint_BgL>Beginner Targets</style>.
1912293101,541aea80783ccf8427b6b9c00e9f1a18c970948684702f884dae818396450274,Invite timed out
1912303745,20ef14804c1bd45d74c6c8eee7403e92e099ba27f7811170ae5dfdf1b171813f,There is a <style=Hint_BgL>{param1}%</style> chance to earn <style=Hint_BgL>{param2}</style> gold coin(s) when you deal damage in the first <style=Hint_BgL>{param0}</style> second(s) of battle.
1912307984,c40544213c29d60246797e1249441fa07bc5ec102bc0f4176210fd48cd593ac6,Obtain the Flameheart Stone and give it to Sunia.
1912374219,cf75487209632d108904efd1181510568b2858ab3104dbbf1e77b28b485437f4,"The Egg Emperor takes the stage, and the winds of change are blowing!"
1912392066,fcf71af16f204fe57f6193580a01253f905eec97339d2af45ca92ddf6bb6cfd8,"After I ""called"" the frizzy young Bolty, a sudden thunderstorm rolled in. As the electricity surged, I thought I heard a whisper of gratitude, ""Thank you for hearing my voice."" Was it just my imagination? Did that voice belong to the young Bolty, or did it come from... high above in the clouds?"
1912399321,318da88a4a76d36abfbd3242b6c93256b3ec2d553e63c4f34d8f1f7735277bd2,"I wanted to become an Aniimo like that too—gentle, but still warm and passionate.
And so, there in that field of flowers, I changed into the form you see now."
1912431279,0c68490041e4b48d5f78f7422a11bf818ab3f5151789aa501b898e7683913d77,A group of nocturnal Lightning-type Aniimo live around those abandoned batteries. They are fast and extremely hard to catch.
1912483087,fbb7383d2261565a8296c497336aa90ec7c57a0de43f81caba8e7ee8b742fee5,Q2608_Sunia
1912520171,3c61a0566093eda88db58feaf522a6eba36764673a4491ed4f2657237e11863c,A Helmut is surrounded up ahead!
1912622127,c1bb849c2be359988c63e0b0cc65167caea0628ab33cbf4e39c02bf8be17b940,Haven't you heard that rumor?
1912635842,57ade019c362212242704ae59e22342df96633210f606ebce8515b5e29859bd2,"On the main road near the ruins, you hear crying. It seems to be coming from the ruins themselves."
1912641735,81baf22446e6233c3b4a24b5110e38ba81ef723f46d631b4f05f45169fc20895,Hmph... Ninety-seven... Ninety-eight... Ninety-nine... Hah! One hundred!
1912719366,81fc53451e858d30dd1fc59f507b461f9e445835ba0e4e5ad9392fbc44977844,Initialize NPC duel data
1912736396,fea80ff6458582eea9bae6c381f36448ecc8cd50ae8dea2b6708b13332067cdf,Aah!! I can’t believe you beat me!!
1912803820,f03039ddad4028c4d47f4425ccf7838694870cb0a98da6fc2ffb54e6d84024bb,"Flies while dropping stars to attack the target for damage. Hitting the same target <style=Hint_BgL>3</style> times increases the Aniimo’s Energy recovery speed by <style=Hint_BgL><customRichText(calcData,buff,21012081,param0,1,%d)>%</style> for <style=Hint_BgL><customRichText(buffConfigData,21012081,duration)></style>s. After maintaining the skill state for <style=Hint_BgL>4</style>s, can attack while moving for <style=Hint_BgL>15</style>s."
1912804632,f3b573ae2a6a23d212d1c59336609aa45183334d544b988acbcd3620a00ba162,"Keep it up, I believe you'll bring new surprises to Polaris Institute."
1912829128,a34dd34b3903c7470953315e8afd040598eb6897e35d7fb5cfea9ec0ae3fb528,That explains why my scent differs from the people of Bloomville. It wasn’t a misunderstanding on my part... our scents come from different places.
1912829793,529635ba3b4079fea23abccf847fdcf86a5d9e59f470f3f2a0286a060e828bdd,Blazen Territory
1912843942,30491bc04728b4dc05bbf7046b280fb31de1c310c8c1318a270fcc03922d0835,Lana’s already filled me in—your performance was excellent.
1912886145,679031b34b90ba6909ce861dde7b3fdb10857cc0d2a121acdc43501a292e9847,Simple and Composed
2057123685,679031b34b90ba6909ce861dde7b3fdb10857cc0d2a121acdc43501a292e9847,Simple and Composed
1912901681,93dfdd491057134559224057ac6454e94bbbc59d6f2aef87c14e583b040bb7ac,"Take good care of yourself out there, okay? The ants’ grand castle will always welcome you back!"
1912907240,03a31060d8f1a9bdbe4e8ce22e8710d8ef932d7785241427df3a74d5156bba4f,Check out my super-duper Fire Kick!
1912972398,24bfd8bc230c0777f3171e81f3cd66fa0e96ffb4e9adaf99afca9468f090ee11,"To preserve the heritage of humanity and help new generations of Astraeans understand the road once traveled, Principal Oswen led the Polaris Institute to build this open museum—the Hall of Memories."
1912996220,78e909bb5cfd708cf8184dac7e2f56528a82c1f3d5a5ded35fff4f1489ada552,Energy Drain Zone detected...
1913039059,f415ccda98d3a2889cb31135e6a75bc84abf3fad52537fc607e12c2d26e78445,Help the Doctor complete their research on Celestis
1913040396,df1a59b2eb2de20f8ca98486de8ff3f4c2926e7534e950305b551e42b4dba6b6,Trying to absorb erroneous memories will <color=#d89c28>cause harm</color> to yourself...
1913044647,a4491895fc7dc389b13eccbe6837b0a838fa463f8d94270d5231a1a2f5ec2c02,"Making a legendary perfume is every perfumer’s dream, but also a test of the heart."
1913054310,e26766fae30bb969139afbb32d248d7ab348b83b5306a7c810e9d7f16f8b187c,"We have detected that your current emulator is incompatible. You may encounter stuttering and frame drops during gameplay. We recommend downloading the official PC version for a far smoother gaming experience.
Rewards: <style=Hint_BgL>100 Glimmers</style><sprite name=""ui_item_1001_small"">"
1913093267,0b227e0d7a518a3265a551d428b56d2a4b42160bd1f8d847e573f4061f716f7f,Its rich bamboo-green hue turns the wall into a tranquil grove.
2036271824,0b227e0d7a518a3265a551d428b56d2a4b42160bd1f8d847e573f4061f716f7f,Its rich bamboo-green hue turns the wall into a tranquil grove.
1913107683,857f8db37f39e85a913f5ede15edb3d6f994715e8fc856132d0685dd2c676d6e,Maybe it's not time yet... I've been keeping watch here for the past couple of days!
1913117228,d2f0c3d76f84ccfe44bf625e99f6ac36ae19c0b4bbb473d97b49c4b1919dc1b1,I did run into an Emberpup...
1913153637,af7d6654300b77d9a2baefc7d07dfb014eda9714baf332089095179efb8f5c5d,Complete all three trials and earn the qualification for the next testing!
1913200652,9bbe5f93a272474302700be8b886e36a59a883f75bc4d5bb4160f9827cf2f613,Exclusive resonance material for the Besauce family.
1913204117,932d493a6092927c4d12fe6ba7571343ff899de06bca52828ca82fe5eb363996,"Chapter 1: Princess
Not long ago, the writer and nature lover Armand left Bloomville and ventured deep into the Beardow Woods.
There, he discovered the gentle yet powerful Princess Melloblum, and her six Budsquires.
Imagine his surprise at this discovery, because this area of the forest was known to be home to the ill-tempered Cubbo Family, who did not get along well with others, and tended to force their neighbors off their land.
Upon further observation, Armand noticed a flower seedling growing on the land where Princess Melloblum and her Budsquires lived.
It emitted a faint fragrance, reminiscent of snow, with a lingering scent of joy.
Armand noted that the Cubbo Family seemed reluctant to approach the seedling.
""Lucky,"" Armand thought, ""that nature favors the beautiful.""
...
Later, Armand realized that he, too, was blessed by fortune.
Because Budsquires happened to be the only family he could twine with.
After twining with them, he became the seventh Budsquire, devoted to Princess Melloblum.
...
From that day on, the tale of ""Princess Melloblum and the Seven Budsquires"" began to spread through Beardow Woods.
And Armand enjoyed an idyllic time living in the forest."
1913205650,868c2d0486578782bfb506bad7f05e74000357cfb556bc42faa5867482ed3332,Verdant Boston Ivy IV
1920501097,868c2d0486578782bfb506bad7f05e74000357cfb556bc42faa5867482ed3332,Verdant Boston Ivy IV
1913230718,aa65f640fa8194515e39e5e42ee46bc5ea3fef04a8e1910ee42cc3ebdecba3f4,Select a Tab.
1913251826,645febc14cd0ca87081fd5ca46631ec3eaa7095e14e0a0245bc1ffc0d4f9f67c,Transport to Home to loosen soil?
1913263542,6a6a197d0c0aa02b4baf041fef2fd8036f34c84901ae5a73e1239b3db3279441,"You probably know that the state of the plants on a Budclaw’s head represents <style=Hint_BgD>how close it is with its partner</style>. Originally, Floret only had a tiny bud, but now..."
1913285028,939978f731921c5881b06895986bdac0074143e882026d22e395b886a67e9393,Fragrant Moonlight Set
1913300100,386aed45f069595f5e5ed421d03850ab9909288ec2cc497aa199f173b6679305,Lady Irelia blessed us with flowers and lit the land with Prismana... and our love will be just as eternal!
1913325423,d6ad321e92071bdb15407b77e71c33a2ceabda9bdcd695a52dad69f7e388dd53,This mode unlocks when your level reaches [%s]
1913368133,506213333e0054fc69b15ceebad8f9fa17283a78e3c5bd1338cb3509e3ab2bf9,We can share fun stories with each other...
1913402790,f282769a9415473d0398f75ae5c3f2e1bf071c64ed30fac4a0551ad2e3dfc2bb,Speed Up
1936324391,f282769a9415473d0398f75ae5c3f2e1bf071c64ed30fac4a0551ad2e3dfc2bb,Speed Up
1979343048,f282769a9415473d0398f75ae5c3f2e1bf071c64ed30fac4a0551ad2e3dfc2bb,Speed Up
1980331673,f282769a9415473d0398f75ae5c3f2e1bf071c64ed30fac4a0551ad2e3dfc2bb,Speed Up
1913402915,c89f87e6f4ca439c4145e1ec934aa571b5c973fee82adb3684494c5f2e9f81d8,Wanna buy a Sparkling Aniimo?
2123265186,c89f87e6f4ca439c4145e1ec934aa571b5c973fee82adb3684494c5f2e9f81d8,Wanna buy a Sparkling Aniimo?
1913478967,bc972a2ffd2df6f11724b0f50f8fe1375aff08565657dab82bb6fe1b819fe630,Helmie will give you a very special treasure chest!
1913496100,b09ea9287002b72f2faef5cceec6d34daf1947b6e08ed55cb12f051ebfc9ba68,"Fox, the Polaris Institute hasn’t even existed for ten years... Maybe you should see a doctor? Some old battle injury may have caused you to... age prematurely."
1913576775,2b71c8f26c915790d13176ac3d76c9f958100d1cba48dca52c7c1d1815af33ba,Pickling
1913588983,1885ce9eab0f8fad3dec8598066ac07f195a583cb26a576c1786ae71e007855b,I wanted to show you... just how perfect my mud ball is!
1913590651,aa7584c2415ce38bfa0c0c418e79a507a0c7fce6af09af5a2aab132d02a25922,Adversity Parry
1995381078,aa7584c2415ce38bfa0c0c418e79a507a0c7fce6af09af5a2aab132d02a25922,Adversity Parry
1913610016,2fca346db656187102ce806ac732e06a62df0dbb2829e511a770556d398e1a6e,54
2131431209,2fca346db656187102ce806ac732e06a62df0dbb2829e511a770556d398e1a6e,54
1913611066,6c7b9414381a6bf409185b606330665e9854d151e17ea6549da442ab6778242d,Lumin Amber blessing
1913640386,ff9f88ce353a222860a9f826971a2b2ee3da6b06c696d67537285890506d4bda,Charge
1913697367,f2377cf95e303b187dc2906dc439d337570cd61444be25eaa14e5dbe9d1ed9fd,"Yes, I finally captured the image thanks to you.
But I still need a title for my work."
1913711439,ca8cab6fc254a015ab01054c09c93cd21b7c6660efdbe4c2897b6a5daa880de2,"The technological revolution sparked humanity’s exploration of artificial intelligence, from the Turing test to the age of large models, and eventually to today’s BINI intelligent system."
1913735250,b1560640d9b64436748e173c68f9817e379d96fbb119d4537d0cdedefb461bec,The Arena is not open yet. This feature unlocks when your character reaches Wayfarer I.
1913894818,40390b920fc25c5e0bb1cc7e9c67f99d0a659e7f52c4ee6bed4787759f188b7d,Plumeville
434634802,fa9a24a7123638b53ba24050642344a83bdee82a212a20b8e33b14672fefe5e2,Infuse energy into the Branch in Breezy Plains a total of 110 times.
1914017897,fa9a24a7123638b53ba24050642344a83bdee82a212a20b8e33b14672fefe5e2,Infuse energy into the Branch in Breezy Plains a total of 110 times.