1332387283,81872ad4463aa06098b489f3c7d204d51c3ced57b51d51351fbd2de11d202a0e,A storage crate for your Home.
1649289358,81872ad4463aa06098b489f3c7d204d51c3ced57b51d51351fbd2de11d202a0e,A storage crate for your Home.
1332394622,d77f16deef70026d7c7910b338964d73dd716bdd8c234d31009bfe8a480068b6,Hmph~ Haa! Haa~!
1332441985,3f4890987c7ea75f7c5592217b51e6b9b2ec471275daa399f66136b9c31d3cb5,Stall Fee
1332489352,54ffa091b7d0f3e577a985f5603bd8393b01e0d36cc6ba9c5eba47f823fb949b,Select [<style=Hint_BgL>Hemp Rope Fence</style>].
1332555547,395da28c1fb24c9247a7cd8154dc810c3c595434e735500ee0e565e07e6ddba5,Throws a concentrated Spirit projectile that deals damage to the target.
1332564985,ea41abe045db190f060c2b69d66e8bd65483d296aa53e9991ba230574ccba3d3,Confused
2118616415,ea41abe045db190f060c2b69d66e8bd65483d296aa53e9991ba230574ccba3d3,Confused
1332568558,a1d62a121f9ec8e24f39a025832fac50cad2abf48815f54e37ed6af964e9f122,Hoohoo!
297649221,2782d3fb4b53f921bcd4251dbd532302674d2421a468392fa9298899bf92d5ee,Hatch 10 Aniimo eggs.
1332574917,2782d3fb4b53f921bcd4251dbd532302674d2421a468392fa9298899bf92d5ee,Hatch 10 Aniimo eggs.
1332591902,5d5965d0c6250a7022e2debc6a8d752257cbb671b0d2a01503b16ca8dc290086,"Yes... just as I thought. This is a <style=Hint_BgD>Sanctum</style>.
It was built by humans, long, long ago."
353436386,5df8eac14d321890723a10af9aae2ce03846641dbac9f6aa28810a2389a577cc,Driftwise Meadow
408519462,5df8eac14d321890723a10af9aae2ce03846641dbac9f6aa28810a2389a577cc,Driftwise Meadow
437830262,5df8eac14d321890723a10af9aae2ce03846641dbac9f6aa28810a2389a577cc,Driftwise Meadow
1332620582,5df8eac14d321890723a10af9aae2ce03846641dbac9f6aa28810a2389a577cc,Driftwise Meadow
1373405748,5df8eac14d321890723a10af9aae2ce03846641dbac9f6aa28810a2389a577cc,Driftwise Meadow
1410020806,5df8eac14d321890723a10af9aae2ce03846641dbac9f6aa28810a2389a577cc,Driftwise Meadow
1455556520,5df8eac14d321890723a10af9aae2ce03846641dbac9f6aa28810a2389a577cc,Driftwise Meadow
1646449430,5df8eac14d321890723a10af9aae2ce03846641dbac9f6aa28810a2389a577cc,Driftwise Meadow
1332634698,ffdda869f55821d707c9aeee7a5d2958097b6b72209bee03ba0677c134a29510,Divulge: The First Lethal Thorn’s Unhappy Past...
1332672910,fbc95b79713c90c38114e08a87e96640e2fc17c5d16d6366868f272835596bff,"Well, Starfall Valley's terrain is very special. There are water pools, grassland, and giant trees.
At least three Aniimo families call it home."
1332703474,0abeb48b192ed7a60363193fea307fc0fe4739d71072168193296562a91567ab,"Speaking of which, #playerName#, do you know the purpose of this research expedition?"
1332729182,14732da8ba1f51d149a356dc963a04a94303341f6e3496b7c2c5fb1ff0ac8461,Large Wooden Crate_Lv2
1332731040,62e80ba8e2226dca6f75b829843aa9bbcfae96f397bc9b8d80517649e669d566,A nearby Glacy seems to be performing a dance for its companion.
1332748587,63c7c0200f0600e7e5edac6e332292135559da8bb6f753bff65247d850cdf499,Free Companion Handbook Level 43
1707621642,63c7c0200f0600e7e5edac6e332292135559da8bb6f753bff65247d850cdf499,Free Companion Handbook Level 43
1332751497,bc75c90b0b6c4febeb9e2224ebbc6cce3d131a1da16f9098c90d463d82f5a143,What changes did the Melloblum’s Dance of Blissful Bloom bring to Rosetower Woods?
1332767778,700ef99790df2e3a383a8cae3f3a98148fa24a11c9029a80e77d0685fc172b3f,Increases Water-type damage and resistance.
1332772060,b0604e8cb0320337524ff7ab71a4fc1d9f2809a91c4fe1f9c653585e3f518cde,Exercise equipment for your Home.
1332787748,b839681a54fe36ad6bd50e512994d14e902734392a748d84c4e303e9ea81ea81,Stroll-About Streetwear
1332885737,3bce54f6502626c314ff628ab1c808b1f649aeffc6a76698aacf1dc06711d5d2,Enter a Share Code
1524586378,3bce54f6502626c314ff628ab1c808b1f649aeffc6a76698aacf1dc06711d5d2,Enter a Share Code
1332890227,6a7f87a0d2e62422462ad442c88115d45062eb80e3aa9c98e7b2e3271c826be5,Reasonable Flameruff
1486755369,6a7f87a0d2e62422462ad442c88115d45062eb80e3aa9c98e7b2e3271c826be5,Reasonable Flameruff
1637035515,6a7f87a0d2e62422462ad442c88115d45062eb80e3aa9c98e7b2e3271c826be5,Reasonable Flameruff
1890054208,6a7f87a0d2e62422462ad442c88115d45062eb80e3aa9c98e7b2e3271c826be5,Reasonable Flameruff
1942933335,6a7f87a0d2e62422462ad442c88115d45062eb80e3aa9c98e7b2e3271c826be5,Reasonable Flameruff
2058266679,6a7f87a0d2e62422462ad442c88115d45062eb80e3aa9c98e7b2e3271c826be5,Reasonable Flameruff
1332899814,0e512adaa030f22eb2f9263c882a47397d379d99f2e537509d3fe4128a56dd33,Pippi’s Owner
1405629476,0e512adaa030f22eb2f9263c882a47397d379d99f2e537509d3fe4128a56dd33,Pippi’s Owner
1543891951,0e512adaa030f22eb2f9263c882a47397d379d99f2e537509d3fe4128a56dd33,Pippi’s Owner
1553414343,0e512adaa030f22eb2f9263c882a47397d379d99f2e537509d3fe4128a56dd33,Pippi’s Owner
1803183164,0e512adaa030f22eb2f9263c882a47397d379d99f2e537509d3fe4128a56dd33,Pippi’s Owner
2101686059,0e512adaa030f22eb2f9263c882a47397d379d99f2e537509d3fe4128a56dd33,Pippi’s Owner
1332911666,bf8006c53064afe204b990d78f8ddeb6a92ad371bcf80af8bb68b165dde8feea,Choose a lower-difficulty challenge route.
1430847969,bf8006c53064afe204b990d78f8ddeb6a92ad371bcf80af8bb68b165dde8feea,Choose a lower-difficulty challenge route.
1876721214,bf8006c53064afe204b990d78f8ddeb6a92ad371bcf80af8bb68b165dde8feea,Choose a lower-difficulty challenge route.
1332914492,c3940e50cd8ec442991c94bcb0fd583987e2a9204638f66f66c367dbe5d805dc,Homeland Aniimo Trip
1454587186,c3940e50cd8ec442991c94bcb0fd583987e2a9204638f66f66c367dbe5d805dc,Homeland Aniimo Trip
1332919855,6855e72818a40bfe549fdd40d29825d1c6cc990839f670befe1241fda1e53dc3,What an ambitious goal...
1332940539,a8c6fca5593db91b341bbdb9d47687a63f9c368c7fcfa707586b3d5283180fd6,"Who owns this castle? Even from far away, I think it looks amazing, yap!"
1332966047,446a3f7b18f7d25abfa6214af295c8e4570b946372e6374d675bf184581a18a7,A lingering wisp of golden radiance has been discovered among the rocky tidal flats.
1332972005,8a5edab282632443219e051e4ade2d1d5bbc671c781051bf1437897cbdfea0f1,/
1479074214,8a5edab282632443219e051e4ade2d1d5bbc671c781051bf1437897cbdfea0f1,/
1736611664,8a5edab282632443219e051e4ade2d1d5bbc671c781051bf1437897cbdfea0f1,/
1796931234,8a5edab282632443219e051e4ade2d1d5bbc671c781051bf1437897cbdfea0f1,/
1883428112,8a5edab282632443219e051e4ade2d1d5bbc671c781051bf1437897cbdfea0f1,/
2109570455,8a5edab282632443219e051e4ade2d1d5bbc671c781051bf1437897cbdfea0f1,/
2115459700,8a5edab282632443219e051e4ade2d1d5bbc671c781051bf1437897cbdfea0f1,/
1332973567,8f04f0b5e83b94ffa9f009b6ef0fc0768fb9e1b3ba3af81a62933812f6eea173,{0} Upgrade Available
1333015641,f8248488a6ce26011b2ec8fb75424318d8c7bdcf3183ac96999d53808e492899,"A massive, super-hot mud ball!"
1626674659,f8248488a6ce26011b2ec8fb75424318d8c7bdcf3183ac96999d53808e492899,"A massive, super-hot mud ball!"
1333031189,5cfe60d595d25df46a5f40b4b9f11ab64803ed4dbf33b02adcac1802b2a1512e,"Oh, right—one more important thing: <style=Hint_BgD>voxel coins appear every day</style>!
And that’s not all—there are also some <style=Hint_BgD>musical light strips</style> on the city streets, and if you step on them in the right order, voxel coins seem to pop up there too."
1333056769,12dd9e4065e4db2e318a8ff22b2653ccc2d008dfceecbe8a0a492aec76920ba7,Acquired BREAK
1757342401,12dd9e4065e4db2e318a8ff22b2653ccc2d008dfceecbe8a0a492aec76920ba7,Acquired BREAK
1333077491,efd98b57ee90343ed48dd4a0b077de6183bd6d61154a468f13dbaef4d9891c6f,"That's right, I was pretty angry when I first saw them provoke you.
But then seeing them dance so pitifully, I felt it wasn't necessary anymore."
1333103931,977299f95ead476924613db05f15088bb4ff68e55694215231ec05d877f87045,"Awards one of the following <style=Q_5>Legendary</style> Held Items of your choice: <style=Q_5>Gargantuan Horn</style>, <style=Q_5>Ferocious Fang</style>, <style=Q_5>Spirited Feather</style>, or <style=Q_5>Giant Tortoise Shell</style>."
1333112570,0d21e8157a1c3523bd6acc4a1e60416d7066a41a96d50adb7ceba11e42930fc6,Yellow Fluffroom
1734529912,0d21e8157a1c3523bd6acc4a1e60416d7066a41a96d50adb7ceba11e42930fc6,Yellow Fluffroom
1817266920,0d21e8157a1c3523bd6acc4a1e60416d7066a41a96d50adb7ceba11e42930fc6,Yellow Fluffroom
1333127958,f5ef3188b4391b250c16f3cbe0b269b6831ec58d6ecc0d92c9c27eac2af2584a,<style=Hint_BgL>{0}</style> is badly wounded. Take it to an <style=Hint_BgL>outpost doctor</style> for treatment or go to a <style=Hint_BgL>bonfire</style> to recover.
1333131604,eced8737a10efc137052552692d7740625a7137d4918f795aefc6b48f7963aab,Natural Instinct
1484107304,eced8737a10efc137052552692d7740625a7137d4918f795aefc6b48f7963aab,Natural Instinct
1826076668,eced8737a10efc137052552692d7740625a7137d4918f795aefc6b48f7963aab,Natural Instinct
1333155903,9586f7a40f746c58c3f322d8e7adb5db4eaa09454b0aaac69f1a674343a2dd28,Shelly Family
1333162742,96f96370b2b97c55b01179995d51a90552c914467c1ccf196ea01078c5c68498,Auto-Accept Companion Mode Invitations
1333176996,3adcb95c2be28a845145787d4c522105c1c856d9a56f1a53f226107c4427e339,Flammable Vine_Wall
1333184899,405d37ad6b80ec45c7a0161d7dcc2e40af73e60dbbb020e416a49eec15d8a2c1,Novice Collector
1681660790,405d37ad6b80ec45c7a0161d7dcc2e40af73e60dbbb020e416a49eec15d8a2c1,Novice Collector
1333222571,e59d398ce4c31f355e5248daf0ab7d331b9a2f549e95a3430a637a1d89e6147d,Phonolfactory Table (Level 1)
1465041719,e59d398ce4c31f355e5248daf0ab7d331b9a2f549e95a3430a637a1d89e6147d,Phonolfactory Table (Level 1)
1333234673,ae776b6a160be8f27349d195a912d347cae05b84ab589a0de1fb7ef93db8140b,Up/Down
1842954688,ae776b6a160be8f27349d195a912d347cae05b84ab589a0de1fb7ef93db8140b,Up/Down
1333235407,a1794783aab72d205dc532b1170d1be63ebdce8816b57c21acb451c15dab969a,Offline
1355462985,a1794783aab72d205dc532b1170d1be63ebdce8816b57c21acb451c15dab969a,Offline
2088926315,a1794783aab72d205dc532b1170d1be63ebdce8816b57c21acb451c15dab969a,Offline
1333246341,73945f1f991594a6bf441038e024bf6ecbd2d9643ab60a6e66e78a6f0b49b7e7,"When taking damage, gains a Counter Mark. Increases the next BREAK damage dealt by 30%."
1333254085,efad4b7da2562846337660634841b5991bc7d1f21e2bcc31f010d2431e965e5d,Incredible BREAK Potential
1473088404,efad4b7da2562846337660634841b5991bc7d1f21e2bcc31f010d2431e965e5d,Incredible BREAK Potential
1885158871,efad4b7da2562846337660634841b5991bc7d1f21e2bcc31f010d2431e965e5d,Incredible BREAK Potential
1333296756,8fb81c54b71767d1d0c2aa9c240be27ef225f751b490607309feea5918032a29,Setting off fireworks D
1333317909,d743dff34abeb5f8bde0f8a5d5586edcd5e2f8a0b7337fab22cb42d4f7d5957c,Evacuation Point (Placeholder) Name
1333351484,41c85470393375ced225d9119e75006a2bdbc2a710e28d8800e552ece4a56b63,Seeing all those fluffballs this happy puts my mind at ease.
1333358028,1b68ebbc2e791d5dc8bf7d06a9a24acc6d4f51c90d6a5e85019a6f0455ec9e73,"Ant ant ant... The Wind Fields are also blocked by rubble, how should ant get back to the castle..."
1333361898,c4c3af8600e27a30dc865808eb991c33ec71b6d4c3761064cb4db8a9a48a372e,Pet Placeholder Name
2112194336,c4c3af8600e27a30dc865808eb991c33ec71b6d4c3761064cb4db8a9a48a372e,Pet Placeholder Name
1333443941,6cc303f9bc05de19b9ce4363f3c97b118e9beec3dd5f4b80f380be6dac4d6432,"Sitting on a streamside stone, the water is clear and the heart is at ease."
1333451107,76cf53ead8111e206f160f33508377923a360f1abc9fe5984ee4cec264d1d16a,Idyll is a land full of mysteries. Did you see any special flowers on your journey here?
1333451428,6f1f32d046f4b37a655f47008edd805328aa6023348de603c7b114f6c83e5d3f,I will become the most powerful Thornblade!
1333505164,0d4809a10b76f5664c513c3beb069cfe5ccbf45d30446261d78cb5c3532cbe5a,Impossible... How could elegant art lose to tasteless brute force?!
1333509501,741a9cc0b03a5b433e92f53b08acc05512b7806904463caaf3eefd021b77a225,"Increases Earth-type damage and resistance by <customRichText(calcData,buff,10094,param0,1,%d)>%."
1333512913,93a998af7e539a1f17df65f03ff3eb6ebf46b9b3c2737cb306862ca2ac8b6f84,I heard this place used to echo and shimmer with rosy light — why has it all stopped?
1333514416,71f0bcbe4e5c0b8565425ce68833132083628010a689a2dafb68ff2a8d2f49ba,"Morphling can <style=Hint_BgD> transform into other Aniimo </style>, completely identical in both special Abilities and combat Abilities!
The only difference is that Morphling <style=Hint_BgD> cannot mimic the ecological habits of other Aniimo </style>, because spirits have their own habits too."
1333589886,caefcae0cfb8a15bb26be8b16f3b92e7a3cf9ff7f5431d091649442486561e8e,Meet the prerequisites and spend the required materials to level up your RV. RV upgrades require <style=Hint_BgL>a short waiting period</style> to finish.
1333598139,fcec8e33a0a847bc7f48f0c4433f01187de91516d68e790c215fa6a4f525ac8b,Polaris Institute is hosting a research conference and ordered a large amount of coffee from us. We need more ingredients.
1333638388,74ef16d34ad7bc3d2a4ff7d3968386a976c9cf2c47b794aece09afab61721e6e,BtnName (Placeholder)
1333642278,b2bb33f8034f0182e39d8781cf14c691913f7828b55b2066b99e4e4e1e09e0b8,"Hummins! So cute!
But... those vines are in the way—we can't get over there."
1333642821,8b44b291aba996ab8448bf8b32ed091eb3bdef23fac1c301ab2c122d698034b0,"Was that an illusion or a dream?
When did I fall asleep?"
1333650260,0e18354ad72bce6ad50e136a98258d909f417abe32a18652820ec42c9f50ed50,"From Friday to Sunday, Aniimo egg hatching time is halved!"
1333658737,9eaf8912b978939f3ec8064232b3bca61527e6fab8cdd8b0657e3f6caf1439c3,"Then I have to... hng...
I have to find Lunara!"
1333663544,d4a58602db848312ad0b5f0200cc88da42b0c61c5687690791b77ab60663fedd,"It’s so good to see you this happy!
Turns out you don’t want to be a model. You want to be a delivery worker, soaring through the city..."
1333694331,181d97a85c051a90d043b7325586cde0d7d6a1a08b35999eb586c8c436881245,Daily Prismana Flow Activation Chances 
1333695800,1151066f2be2fa022d91198ed058060b6b07b4cf39b9d138f98f5f73c39bf8ed,Gloomy Nimbi
1333702854,54facd9f79d9aa84de80a747eb3461c04b67bab6deb0d8a1ffd13eaf6b38e182,Attributes NameAttributes Name
1333707339,d39d6999aa430da380e352696549b85b0e9d671bc570b45ed9839c3794b4d8fd,Dalala in Business
1725920115,d39d6999aa430da380e352696549b85b0e9d671bc570b45ed9839c3794b4d8fd,Dalala in Business
1333721323,9c59ebf36c81e14d5faa1b63d7b25709bd31e5737eefa2bc4b017152d7f6fc67,Prime Suspect
1333745026,9e7926bcf0f09bd1138e45049c3261694d4efe18a93f280ef59db5bdd03865c7,"Here are the rules: twine with a Bolty, and dodge the falling holographic columns before the countdown is over."
1333755136,80d1e2609664539b98f6038f9ec04e3a6a3b60e02fd3938d0018b7c9e475ed84,Reached level 30 (Placeholder)
1973737682,80d1e2609664539b98f6038f9ec04e3a6a3b60e02fd3938d0018b7c9e475ed84,Reached level 30 (Placeholder)
1333772544,2974ce332268d665b4dca29ceb05be7a33a335793ea49c904995df4b3d5f646a,Gravity Aniipod Generation
1333786092,e4ace1dfe147e67d82295838786749431bd7c608b13932a87847ddebf6e1ea9d,Vera
1462997151,e4ace1dfe147e67d82295838786749431bd7c608b13932a87847ddebf6e1ea9d,Vera
1533961913,e4ace1dfe147e67d82295838786749431bd7c608b13932a87847ddebf6e1ea9d,Vera
1710909885,e4ace1dfe147e67d82295838786749431bd7c608b13932a87847ddebf6e1ea9d,Vera
1963106385,e4ace1dfe147e67d82295838786749431bd7c608b13932a87847ddebf6e1ea9d,Vera
2056348316,e4ace1dfe147e67d82295838786749431bd7c608b13932a87847ddebf6e1ea9d,Vera
2084721089,e4ace1dfe147e67d82295838786749431bd7c608b13932a87847ddebf6e1ea9d,Vera
1333786739,1420e1d119a3fff57b9059c5fa879e4d6832605f420129b8ae74ab8aa492f1b5,Nothing surprises me anymore.
1333833417,8cde920d09ee70b5e5131a2dd89ada1306adc53feead5d9a2309bbbfe1da9589,"Really? That Pranky seemed to be heading downstream. <style=Hint_BgD>Follow the river and pass through the waterfall</style>, and you should find him."
1333839260,7d8d66f90978e41a4f89e8e5d830e6a3365805f0fd9aec9cffe8a8644b8c1d73,"Significantly increases defense against <style=Hint_BgL>targets on Chaos and Nightmare difficulties or lower</style>.
With a chip installed, <style=Hint_BgL>slightly increases defense and stamina recovery speed</style>."
1646066200,7d8d66f90978e41a4f89e8e5d830e6a3365805f0fd9aec9cffe8a8644b8c1d73,"Significantly increases defense against <style=Hint_BgL>targets on Chaos and Nightmare difficulties or lower</style>.
With a chip installed, <style=Hint_BgL>slightly increases defense and stamina recovery speed</style>."
1333861225,2129aa9c9f9bf9ba5417b6abb1d9754e6c0937da4b9cca0275add389e5d30d92,No research bonus currently available
1477104013,2129aa9c9f9bf9ba5417b6abb1d9754e6c0937da4b9cca0275add389e5d30d92,No research bonus currently available
1333863510,4082237fd31a87c89b6215904b4e7304a46e421d4ea6f4b8b7ebaff6bddf68d6,Surge
1399550227,4082237fd31a87c89b6215904b4e7304a46e421d4ea6f4b8b7ebaff6bddf68d6,Surge
1574573220,4082237fd31a87c89b6215904b4e7304a46e421d4ea6f4b8b7ebaff6bddf68d6,Surge
1605129000,4082237fd31a87c89b6215904b4e7304a46e421d4ea6f4b8b7ebaff6bddf68d6,Surge
1333915028,4105605a739e47fd84609496976c9216f59efd1ee0b202d1e2fbd884d68a56ab,Huge Colorful Sparkling Rice
1333927141,67a9bca73eb47aea9434c61b6ce3efc53f4432baff38ee5279ac74a6f1896a36,"Well, I'd like to give it a try!"
1333938973,0a3b81738c8e0cbcb3dece61b7c506e0f665986253daf880e533a7c0afa8bf5c,Preset {0}
1333990804,7017ad421dfb2c9d195d8942b5beb4a0f8ab13c62c340dc0b29530010f270272,I was just trying to call you. Everyone knows a Bolty’s tail goes all fuzzy when making a call!
1334027505,35a4ed6bf076c25bb41e88952a42493902f0bb944f67437d8ec144bca67900e5,"<color=#fff38b>Berylline Vale</color> has abundant Vein energy. Nurturing the ecosystem is more likely to attract Nova Stage Aniimo, and large numbers of Aniimo will continue to appear!<color=#fff38b>Nurturing Ecosystem</color> can raise the region’s <color=#fff38b>Prismatic Energy state</color> (catching Aniimo also has a chance to trigger Prismatic Energy growth). Each time Prismatic Energy increases, there is a <color=#fff38b>fixed chance</color> to trigger Prismana Flow, drawing out the region’s <color=#fff38b>Prismana Aniimo</color>."
1334055758,e0c60b7640b87b05377832255ef0506fc467754735eedd5d7140d8f7fb7c7370,Colorful Waxing Moon Pepper
1415116105,e0c60b7640b87b05377832255ef0506fc467754735eedd5d7140d8f7fb7c7370,Colorful Waxing Moon Pepper
2020354002,e0c60b7640b87b05377832255ef0506fc467754735eedd5d7140d8f7fb7c7370,Colorful Waxing Moon Pepper
2126818377,e0c60b7640b87b05377832255ef0506fc467754735eedd5d7140d8f7fb7c7370,Colorful Waxing Moon Pepper
1334064470,a4dd4774c78c8819361d9d18a3e7e8230615ac064a511b73f24cd53789ca6667,Psychic Damage Boost Multiplier
1387560511,a4dd4774c78c8819361d9d18a3e7e8230615ac064a511b73f24cd53789ca6667,Psychic Damage Boost Multiplier
1334078622,e47a545352b507d3db25dd4b6007141786439960fa73adefabbb7718c9872b89,tgtId (0 means the Pathfinder themselves)
1334145967,beeb6a2823d55401f1ed60527eccdfc4fb402515c2ba724b02d192b797b2e241,Victory Concerto
1642332631,beeb6a2823d55401f1ed60527eccdfc4fb402515c2ba724b02d192b797b2e241,Victory Concerto
1892900163,beeb6a2823d55401f1ed60527eccdfc4fb402515c2ba724b02d192b797b2e241,Victory Concerto
1334223182,ecbd99560c7ba62982954009bbe6a1e25fafbcc1cefddb9de367bfe823d06083,One or more Pathfinders are not ready
1334226666,1014957595efd4d7f46af5e9ad16af0627fc87c7068f8a00265cff5547c54ab9,You earned 400 training coins!
1334301136,3954f3440c5a5df6fad9d1b6574bf2b68f3fb463abeee28945738d2c2c87e15e,(Pause? false restores all)
1334304107,a1585969a9d85ee8b94eae98af239c8ae54be7a8f96054ce2c36e8bef916a0d0,Use Iris Petals.
1990684525,a1585969a9d85ee8b94eae98af239c8ae54be7a8f96054ce2c36e8bef916a0d0,Use Iris Petals.
1334334291,0638ffb48a593e49588e65c92c73c5ce6e97fdc4ed3632dc04abc379b597daab,%s region(s)
1334355758,774798abad96ca1c403edf0cf1eb079d200a1024f2bfbad4aadb80eee7f1e455,"At first, I relied heavily on others, refining each formula based on their reactions."
1334405883,e4655e5829f2d285a9bbf7fe6a4c68f32530b1df120e38ffbab61eba6808bdf1,Cannot start a new challenge while in a dungeon.
1334410170,831e01ce4f0efd0d86bc486d68a6746068d664381f9260737fd3b445c0c95549,"Yes, but..."
1334435560,ad17ee9facf8fb0f1fb51caae2130cafab79320e28b2d6dd2cc9b7a135e8df13,SP recovery 
1393427708,ad17ee9facf8fb0f1fb51caae2130cafab79320e28b2d6dd2cc9b7a135e8df13,SP recovery 
1465366256,ad17ee9facf8fb0f1fb51caae2130cafab79320e28b2d6dd2cc9b7a135e8df13,SP recovery 
1820758544,ad17ee9facf8fb0f1fb51caae2130cafab79320e28b2d6dd2cc9b7a135e8df13,SP recovery 
1334435639,ba0e3d8686531a6bbf71627712e3d76b75c0b210972e7f12829000806d86a908,Reach RV level 18.
1359072664,ba0e3d8686531a6bbf71627712e3d76b75c0b210972e7f12829000806d86a908,Reach RV level 18.
1383202209,ba0e3d8686531a6bbf71627712e3d76b75c0b210972e7f12829000806d86a908,Reach RV level 18.
1532968149,ba0e3d8686531a6bbf71627712e3d76b75c0b210972e7f12829000806d86a908,Reach RV level 18.
1534049523,ba0e3d8686531a6bbf71627712e3d76b75c0b210972e7f12829000806d86a908,Reach RV level 18.
1567747792,ba0e3d8686531a6bbf71627712e3d76b75c0b210972e7f12829000806d86a908,Reach RV level 18.
1614741587,ba0e3d8686531a6bbf71627712e3d76b75c0b210972e7f12829000806d86a908,Reach RV level 18.
1650449586,ba0e3d8686531a6bbf71627712e3d76b75c0b210972e7f12829000806d86a908,Reach RV level 18.
1658874709,ba0e3d8686531a6bbf71627712e3d76b75c0b210972e7f12829000806d86a908,Reach RV level 18.
1693302347,ba0e3d8686531a6bbf71627712e3d76b75c0b210972e7f12829000806d86a908,Reach RV level 18.
1697432797,ba0e3d8686531a6bbf71627712e3d76b75c0b210972e7f12829000806d86a908,Reach RV level 18.
1715634817,ba0e3d8686531a6bbf71627712e3d76b75c0b210972e7f12829000806d86a908,Reach RV level 18.
1771048624,ba0e3d8686531a6bbf71627712e3d76b75c0b210972e7f12829000806d86a908,Reach RV level 18.
1781061859,ba0e3d8686531a6bbf71627712e3d76b75c0b210972e7f12829000806d86a908,Reach RV level 18.
1819906014,ba0e3d8686531a6bbf71627712e3d76b75c0b210972e7f12829000806d86a908,Reach RV level 18.
1908861251,ba0e3d8686531a6bbf71627712e3d76b75c0b210972e7f12829000806d86a908,Reach RV level 18.
1938586631,ba0e3d8686531a6bbf71627712e3d76b75c0b210972e7f12829000806d86a908,Reach RV level 18.
1975686666,ba0e3d8686531a6bbf71627712e3d76b75c0b210972e7f12829000806d86a908,Reach RV level 18.
1334449170,50b0c90c7e53be241d0d64f5ce2b0aa0db909da84055bbbf8adf0c2a8a0525f2,"After using 3 skills, can use other skills while using Icebreaker and enhances that skill."
1334472669,d50aaaea6e3f290e23a48a730f25df70197bec81a36344bb2cb865323d3c550e,You already have too many friends
1334494783,cf61130f85f29fd35b57f395b86690a1dbc11e0c685db2d7852bcb847850ebde,"When Wisptises use Cloak, little flame-like sparks appear around them."
1334505308,90407b78de81115e5e88ae8d626fac9f840c3d29a3be1bc3f5c24f7528f94f7b,RV Level
1708734518,90407b78de81115e5e88ae8d626fac9f840c3d29a3be1bc3f5c24f7528f94f7b,RV Level
1976109421,90407b78de81115e5e88ae8d626fac9f840c3d29a3be1bc3f5c24f7528f94f7b,RV Level
1334522758,273e766fd94bdb93acb20bbb309a7d4b6872d1d20f21c412e478392957903ba8,Pale Grain - Warm Brown Triangular Wall - Large
1581640222,273e766fd94bdb93acb20bbb309a7d4b6872d1d20f21c412e478392957903ba8,Pale Grain - Warm Brown Triangular Wall - Large
1334599989,35c9527b1c5fc66f59503179234610634b4df161e346a1d3e93ebefd38609692,Pure Essence of Water
1767534567,35c9527b1c5fc66f59503179234610634b4df161e346a1d3e93ebefd38609692,Pure Essence of Water
1334603200,be0b98ac469cf3a2cc193b10a04b208b810b02cf1ac9452ddd34e5ecd7d2db9b,"Specifically, it means giving the RV <style=Hint_BgD>a new paint job</style>, <style=Hint_BgD>making it wider, taller, and longer</style>,
or even getting a new vehicle, a new park, or whatever else we dream up... It’s all within reach!"
1334645860,570158e352ca74ff1a76a4bdfd1c92651f05a484495f03bfca6108e22dbf56df,Where did it go? We just saw it a minute ago.
1334657756,af65368622f2da0bb190ec44ea856a713262120c95facb4e13ae96ede548f747,"Just like <style=Hint_BgD>he said</style>—""Fists exist to win the next fight."""
1334680240,b37198fc593cf8c9769707a6b8203cf76a7b08a011d8299fdf300b57d76e03cb,"Ceramic dishware, crafted in an ancient style."
1632602184,b37198fc593cf8c9769707a6b8203cf76a7b08a011d8299fdf300b57d76e03cb,"Ceramic dishware, crafted in an ancient style."
1334688089,986db121cc5bcbef67b983ae5e27981ed841a8ae353365e3aa4e9c638a0edf99,Requires {0} <color=#CF9831>X{1}</color> points
1334747620,9528007a6a58bac2b94b6dad751168b9b07f243bc1748052d3dc73fde953adc7,Whooooa!
1334779291,87a99e99281181a59d7031a5e40b8ba7fdd3a7afedd146070d56fd4284d09e46,Rare Aniimo Hologram
1814210336,87a99e99281181a59d7031a5e40b8ba7fdd3a7afedd146070d56fd4284d09e46,Rare Aniimo Hologram
1334779821,360dbf81d4cea46c3bab930581c19373057a3e7ce38ced627000a43e80bc46ee,"After we finish swimming a lap, we’ll go to the barbecue restaurant!"
1334835024,4d4d6a3ec091efa37a983bcff7c7b6cb582f4aeed980ae0e647837bfd837cef9,"<style=Hint_BgD>Follow the Vine all the way</style>, and you'll find the Vine Core at the top.
<style=Hint_BgD>Remove three Vine Cores</style>, and you can open the entrance to the Sanctum.
However, the area around the Vine Cores is dangerous, and few creatures can get close."
1334840610,3de643ab12cc075d2c8b6b8acb7965e0453c98f8aaa626646a9ebd5fc4ff9d09,Habi-Cube
1337386565,3de643ab12cc075d2c8b6b8acb7965e0453c98f8aaa626646a9ebd5fc4ff9d09,Habi-Cube
1458238154,3de643ab12cc075d2c8b6b8acb7965e0453c98f8aaa626646a9ebd5fc4ff9d09,Habi-Cube
1812902880,3de643ab12cc075d2c8b6b8acb7965e0453c98f8aaa626646a9ebd5fc4ff9d09,Habi-Cube
1833961695,3de643ab12cc075d2c8b6b8acb7965e0453c98f8aaa626646a9ebd5fc4ff9d09,Habi-Cube
1892459838,3de643ab12cc075d2c8b6b8acb7965e0453c98f8aaa626646a9ebd5fc4ff9d09,Habi-Cube
2072420765,3de643ab12cc075d2c8b6b8acb7965e0453c98f8aaa626646a9ebd5fc4ff9d09,Habi-Cube
2077879135,3de643ab12cc075d2c8b6b8acb7965e0453c98f8aaa626646a9ebd5fc4ff9d09,Habi-Cube
2137372482,3de643ab12cc075d2c8b6b8acb7965e0453c98f8aaa626646a9ebd5fc4ff9d09,Habi-Cube
1334861604,be6f8e5e9ad8f771a4f583203315f12043ad96dba9519f488f699c7af70cd1e3,Water Region Pre-registration Rewards
1334939554,0a397c7f81db244de241df36df4158fbe5f6b2179cc140dd3df4dbd48a0d7cd7,Use in the <style=Hint_BgL>Outpost Hatchinators</style> to hatch powerful <style=Hint_BgL>Thunderstorm Form</style> Aniimo.
1334948516,1acc2107c1c84946c437d1ce44ab938947adabcbf2b9031ade3ceb4c4502c20f,"#playerName#, how's your Field Notes coming along?
I've never seen these Aniimo before, they're so interesting."
1910632100,1acc2107c1c84946c437d1ce44ab938947adabcbf2b9031ade3ceb4c4502c20f,"#playerName#, how's your Field Notes coming along?
I've never seen these Aniimo before, they're so interesting."
1334954306,c3729a17ffd6c29168519f4c246eb7d9bcc3ede52cca828fcf8f721f6c9fa126,Huh?! Hey—don’t mess with me like that!
1334957750,d00e73b39eda69efeb78ca2c7c34d5670a85c9ff11454c3e2f66b110ad39ab1b,Catch Stack Increase Rewards
1334961407,5d12b99096fed10b3dc7dea75979b08458838249a261aa6f0e6dce37f0d65cc6,Test Data 1111111112
1722666742,5d12b99096fed10b3dc7dea75979b08458838249a261aa6f0e6dce37f0d65cc6,Test Data 1111111112
1334962109,bccc7df18ed8cffe89773e8e1c2aeff7810e023b818e9ae96c492711a4eccdec,"Journey across the continent’s varied ecosystems, discover hidden habitats, encounter all kinds of Aniimo, and embark on adventures together with them."
1339753231,bccc7df18ed8cffe89773e8e1c2aeff7810e023b818e9ae96c492711a4eccdec,"Journey across the continent’s varied ecosystems, discover hidden habitats, encounter all kinds of Aniimo, and embark on adventures together with them."
1386996094,bccc7df18ed8cffe89773e8e1c2aeff7810e023b818e9ae96c492711a4eccdec,"Journey across the continent’s varied ecosystems, discover hidden habitats, encounter all kinds of Aniimo, and embark on adventures together with them."
1429820215,bccc7df18ed8cffe89773e8e1c2aeff7810e023b818e9ae96c492711a4eccdec,"Journey across the continent’s varied ecosystems, discover hidden habitats, encounter all kinds of Aniimo, and embark on adventures together with them."
1502632058,bccc7df18ed8cffe89773e8e1c2aeff7810e023b818e9ae96c492711a4eccdec,"Journey across the continent’s varied ecosystems, discover hidden habitats, encounter all kinds of Aniimo, and embark on adventures together with them."
1546565792,bccc7df18ed8cffe89773e8e1c2aeff7810e023b818e9ae96c492711a4eccdec,"Journey across the continent’s varied ecosystems, discover hidden habitats, encounter all kinds of Aniimo, and embark on adventures together with them."
1546566800,bccc7df18ed8cffe89773e8e1c2aeff7810e023b818e9ae96c492711a4eccdec,"Journey across the continent’s varied ecosystems, discover hidden habitats, encounter all kinds of Aniimo, and embark on adventures together with them."
1629732466,bccc7df18ed8cffe89773e8e1c2aeff7810e023b818e9ae96c492711a4eccdec,"Journey across the continent’s varied ecosystems, discover hidden habitats, encounter all kinds of Aniimo, and embark on adventures together with them."
1638098361,bccc7df18ed8cffe89773e8e1c2aeff7810e023b818e9ae96c492711a4eccdec,"Journey across the continent’s varied ecosystems, discover hidden habitats, encounter all kinds of Aniimo, and embark on adventures together with them."
1712226207,bccc7df18ed8cffe89773e8e1c2aeff7810e023b818e9ae96c492711a4eccdec,"Journey across the continent’s varied ecosystems, discover hidden habitats, encounter all kinds of Aniimo, and embark on adventures together with them."
1718847760,bccc7df18ed8cffe89773e8e1c2aeff7810e023b818e9ae96c492711a4eccdec,"Journey across the continent’s varied ecosystems, discover hidden habitats, encounter all kinds of Aniimo, and embark on adventures together with them."
1784908312,bccc7df18ed8cffe89773e8e1c2aeff7810e023b818e9ae96c492711a4eccdec,"Journey across the continent’s varied ecosystems, discover hidden habitats, encounter all kinds of Aniimo, and embark on adventures together with them."
1822192145,bccc7df18ed8cffe89773e8e1c2aeff7810e023b818e9ae96c492711a4eccdec,"Journey across the continent’s varied ecosystems, discover hidden habitats, encounter all kinds of Aniimo, and embark on adventures together with them."
1857946984,bccc7df18ed8cffe89773e8e1c2aeff7810e023b818e9ae96c492711a4eccdec,"Journey across the continent’s varied ecosystems, discover hidden habitats, encounter all kinds of Aniimo, and embark on adventures together with them."
1874829538,bccc7df18ed8cffe89773e8e1c2aeff7810e023b818e9ae96c492711a4eccdec,"Journey across the continent’s varied ecosystems, discover hidden habitats, encounter all kinds of Aniimo, and embark on adventures together with them."
1890635721,bccc7df18ed8cffe89773e8e1c2aeff7810e023b818e9ae96c492711a4eccdec,"Journey across the continent’s varied ecosystems, discover hidden habitats, encounter all kinds of Aniimo, and embark on adventures together with them."
1924821892,bccc7df18ed8cffe89773e8e1c2aeff7810e023b818e9ae96c492711a4eccdec,"Journey across the continent’s varied ecosystems, discover hidden habitats, encounter all kinds of Aniimo, and embark on adventures together with them."
1967555693,bccc7df18ed8cffe89773e8e1c2aeff7810e023b818e9ae96c492711a4eccdec,"Journey across the continent’s varied ecosystems, discover hidden habitats, encounter all kinds of Aniimo, and embark on adventures together with them."
2044972401,bccc7df18ed8cffe89773e8e1c2aeff7810e023b818e9ae96c492711a4eccdec,"Journey across the continent’s varied ecosystems, discover hidden habitats, encounter all kinds of Aniimo, and embark on adventures together with them."
2058355023,bccc7df18ed8cffe89773e8e1c2aeff7810e023b818e9ae96c492711a4eccdec,"Journey across the continent’s varied ecosystems, discover hidden habitats, encounter all kinds of Aniimo, and embark on adventures together with them."
2066184435,bccc7df18ed8cffe89773e8e1c2aeff7810e023b818e9ae96c492711a4eccdec,"Journey across the continent’s varied ecosystems, discover hidden habitats, encounter all kinds of Aniimo, and embark on adventures together with them."
2072649600,bccc7df18ed8cffe89773e8e1c2aeff7810e023b818e9ae96c492711a4eccdec,"Journey across the continent’s varied ecosystems, discover hidden habitats, encounter all kinds of Aniimo, and embark on adventures together with them."
1335032694,b3adf907ec7dec6b76be4a3110c68d4257dcaf9801a62f0934ce83d42f95b71c,Hmm... then there's definitely something special about it!
1335066090,e8bf9c7257039587b5340c13c6b474e203c35d20764ac235855148bc9df37362,"My friend, you’re not a <style=Hint_BgD>Grade I Trailblazer</style> yet? I need a proper test subject! Go practice. It’s easier than memorizing the element chart all day..."
1335070364,914d0b70bd096529aab0da2699a063eca67af37db4784f86afe2e6f39ff3baa8,Feature not yet available.
1335070438,e748da5f51c5fd2e7d8ebfaeb362feb39f8c1e62ed3191b7b65c4dec929d73d9,Twine with Skippy and spin its hat near Glacy.
1335154128,fff0ecedcdb27347e577b7159a562217627a7be1f945ece8f781503a431f7256,Set the Training Level for the Six Attributes
1335154422,edf8547e6864440b5863ba6494952638d4cb6ef475760ae884fbb86aabe43989,Best Support
1335155193,1d228f258f494c8a88b8b785a63b8ea22ef34a530f6e9bd5899bbcecd3fce678,Guardian
1335159845,27088969c98ea99487b54a2f4e7cbcfe8bbda6ff7be11600d535f6269c035820,ChillBeanz hosts the Star-Crossed Tea Party every day from 18:00 to 02:00!
1335163067,66340d69f1190837038adb61c4ae97c3d0ee211d752271f2a569c29ff6974a5e,"Smooth! This one is <style=Hint_BgD>Dreamy Mystery</style>, capturing the aroma of a hazy dream. Nice, isn’t it?"
1335170706,3782466dac4df6ea14df7d9c894c445a395a91c6a47e892696ea6c99726d7688,"Healing skills restore <customRichText(calcData,buff,6003013,param0,2,%d)>% more HP."
1335201834,1edd83d78b9c122bc7f438f2bf2dba8c575a2b3aa5f752db2ef250170ec62120,"Pulls the target while gathering a full moon above, then throws it at the target to trigger an explosion and deal damage. If it hits a target with <style=Hint_BgL><link=""source_8074""><u>[Fox Mark]</u></link></style>, deals additional small-area damage around the target equal to <style=Hint_BgL><customRichText(calcData,ability,13710301,param1,1,%d)>%</style>."
1335211757,0031a079209e7ac3442a3051a64ad95276c673ee670250067ebcd6d71545a50f,Let’s make this a fight worth remembering!
1335229312,d1e0e47f7ec421f6f6b45bb6641b6ae458efb36c8727912493b28341d5bfe247,Wind Fields opened up
1335267190,ce21f6d9c3d24dd97b3be1364375050e499f8240fda9a3f5fa185fdf40593d5e,Create Group 0/6
1933884211,ce21f6d9c3d24dd97b3be1364375050e499f8240fda9a3f5fa185fdf40593d5e,Create Group 0/6
1335288866,5d8a56dcfb1154af4cc4d749f4705144fcbb36141cd0c064ce6a886c72f412c9,"A t-t-treasure chest? But Dad, we already found treasure inside the cave."
1335295359,c6fabbff08dfd1aa91b7464f6ac8d44a586c0f98535edb84c4a3ec314f81c7c4,"A flower containing the essence of Light.
Can be exchanged with <link=""item_4040019""><style=Q_4><u>Element Gem</u></style></link> x<style=Hint_BgL>10</style>.
Placing it at the RV Park grants residents a park buff of +<style=Hint_BgL>2</style>% Light Attack and +<style=Hint_BgL>2</style>% Light Resistance."
1335322209,93084d12eebb6551924703dc2f72e73db314e0c54fb080ed78e84a4dbd187230,Jellyfish Parade
1888294419,93084d12eebb6551924703dc2f72e73db314e0c54fb080ed78e84a4dbd187230,Jellyfish Parade
1335336813,3a78695388b38b5cceefaf6796b0137877514593543b91af2752d5a17e3d736c,Home
1434748943,3a78695388b38b5cceefaf6796b0137877514593543b91af2752d5a17e3d736c,Home
1456642174,3a78695388b38b5cceefaf6796b0137877514593543b91af2752d5a17e3d736c,Home
1602006877,3a78695388b38b5cceefaf6796b0137877514593543b91af2752d5a17e3d736c,Home
1774341122,3a78695388b38b5cceefaf6796b0137877514593543b91af2752d5a17e3d736c,Home
1779346632,3a78695388b38b5cceefaf6796b0137877514593543b91af2752d5a17e3d736c,Home
1824830748,3a78695388b38b5cceefaf6796b0137877514593543b91af2752d5a17e3d736c,Home
1988430901,3a78695388b38b5cceefaf6796b0137877514593543b91af2752d5a17e3d736c,Home
2081646302,3a78695388b38b5cceefaf6796b0137877514593543b91af2752d5a17e3d736c,Home
2087586789,3a78695388b38b5cceefaf6796b0137877514593543b91af2752d5a17e3d736c,Home
1335337041,f4aae90293d5e0dbb0bfc361edfaabf7df57819be1534b4ed943ab069901808c,Failed to board the ride. Invalid seat ID.
1335340036,23a09653d23dd8807eff8e9ab920e9e3dd747786808a80b11d44695494294796,"...Those ""wanderers"" are still alive?"
1335419160,e327980954d8c549dc3ea0646dbf423a8e3f4413e33a9a37261c6325c81d5b42,No Area Selected
1335435944,f7e2ce2f9d8ab69748e1795f603a0595cc4214122512c5a5b4247865cc93f3f2,This Aniimo Discovery event has concluded
1335468295,a11c33731fee0bf46865e02abbfa1a86623a957e33b37e495980c748fbfe6443,"That building over there... it looks like a big cube!
Let's take a look. If I'm right, we may find something useful."
1335482809,c5f5fa4140eefa8a85a7996fc0f25157c6042e5c750b55945f2bbc20c7cccff9,Bundled Wood Pile
1693814169,c5f5fa4140eefa8a85a7996fc0f25157c6042e5c750b55945f2bbc20c7cccff9,Bundled Wood Pile
1335491843,1c1990aae0e162febe3d5024585a518f50fecb10aa2037946e955f1fdffdef8d,Coconutty Candle
1335513245,b2cb96aa221ccc9ba5e05518d7076d57d6c4020a61f80a851c14ebaee01eec61,All-Purpose Grill Table
1361162554,b2cb96aa221ccc9ba5e05518d7076d57d6c4020a61f80a851c14ebaee01eec61,All-Purpose Grill Table
1335537338,00c513bcf4699c29f05b0f7cb7d9431662d6225a7768fda1341d7b16478c690c,"First, choosing the right Aniipod is key!"
1335541601,c7706417b41614f83b0c749492ff9d9aa0ab9b073750054761c99b49d4044695,"Unlike students, Wayfarers have reliable Aniimo partners and plenty of exploration experience—more than enough to travel across Idyll on their own."
1335560135,8210234bc115010054273a1883e9ed4243946b4f6a78cf583e6f2c7efe2d50ba,Green Cat’s Eye
1388153482,8210234bc115010054273a1883e9ed4243946b4f6a78cf583e6f2c7efe2d50ba,Green Cat’s Eye
1625487174,8210234bc115010054273a1883e9ed4243946b4f6a78cf583e6f2c7efe2d50ba,Green Cat’s Eye
1335580239,1f19372f0c93a289c058b5e1ac7b212e119716bbe00a5b95cce6923ecd8771bf,Tap the button to start the [<style=Hint_BgL>Nurture</style>] gameplay.
1335587931,21902727936d9518e8bf0aa456990e046068ca6c5c278efc37367b2b6ec56b95,Try bringing <style=Hint_BgD>Light or Lightning-type</style> Aniimo. They might be able to scatter the winds.
1335610289,6e45b30ceac1a06f28bcceca2acae411145772beead78dc564a44c67a860b134,"Actually, this area is known as the Russet Highlands.
But beyond here, up the mountain, things aren’t nearly this calm and peaceful."
1335618132,5be67cb0e8897a812802d24948f0cfa53f8f89e0e0e8d2311e2b5cdacb9f8f1f,"The deeper you go into the Forest, it's said the Truffles grow larger and their flavor becomes richer."
1335652410,c5873ea40a22fa2d7b6444e848ab3a961e2b43df4ac3df0282d4a18afc695714,Parent-Child Sea Otter Outfit
1335659493,b7cbcda77465d8419f4e1b26dcd1bac0754baf454b71ec9ebfd53a03ea2cf906,Ancient Rechargeable Battery (Cylindrical)
1335678599,7096f223589ea2e9289ce44902f52599b1d91e13e6591790482bfe26b01ca973,Lantern-Topped Fence
1684095840,7096f223589ea2e9289ce44902f52599b1d91e13e6591790482bfe26b01ca973,Lantern-Topped Fence
1335733363,046597f3df8edd4e05baf47bc58f4f2b37336b77649158b73b6b185c9b7e4168,"Don’t believe it? Give it a try and see for yourself.
The GoGoHomes Homeland is invented for young Pathfinders like you who often roam around Idyll~!"
1335763018,0bbd02c5cab5ea5ecb68d9a65ec139db4eeb6bdf82cb77668452838eacb4b3fb,"press <sprite name=""UI_Key_Mouse_RightClick00"" anim=""80,104,30""> to enter Catch mode"
1335792801,d4a980698212375afd53329cbcdf309367d4c1cfd921a127a4f4fe806b4867e3,"Targets with [Nightmare] have their Dark resistance reduced by <customRichText(calcData,buff, 2126304,param0,1,%d)> and cannot move or use skills for <style=Hint_BgL><customRichText(buffConfigData,2126302,duration)></style>s. Damage removes the control effect."
1335833162,4365d77aeb7ec486b37646b259f1e804c7f91062c00a347856d43e0c164c6cda,"Reduces Water damage taken by <customRichText(calcData,buff,6003026,param0,1,%d)>%."
1335863784,3935cc7579b721c9c2b497381568c2dd4f9ebb485f1f417c681723e579000bde,"Hmm, saw that big guy and gathered this Truffle.
This Forest really feels like it holds wondrous HP..."
1335877704,cd44a6326f2fb053fa194503284db5ba1f70d9b8cb1763af54dd51a2e82dc514,Go to the river and drink some water... That sounds far... Maybe later...
1335879403,99099b14627af4b0c1324d1971c2e467add9c8bc2ad89b8c8edbd473034943ef,"If your Aniimo gets hurt, remember to come find me."
1335893037,9382fcfda3b277975b306c9b97b7f7c5590369445a443ad37480889cfbadc75c,The Somniwing Queen really does reign from on high... It must take forever to fly back to her throne each time...
1335910050,6e40c8874eb3e544df82f5ec5f4d78b8ff66ffd6aaa415fc2f42bfa9c064c84e,This skill is already equipped.
1335920180,e28582b2fcabd3e06f7f17fc0a37c06f263124458b14d16a3d549b1fc489272a,"Channels energy to recharge allies. Lightning-type teammates’ basic attack damage increases by <style=Hint_BgL><customRichText(calcData,buff,2114307,param0,1,%d)></style>, and their BREAK efficiency increases by <style=Hint_BgL><customRichText(calcData,buff,2114307,param1,1,%d)></style> for <style=Hint_BgL><customRichText(calcData,ability,11430400,param0,1)></style>s."
1335932186,a8b72d8c6bbff43c8393bddb339e1a3aac5e36760ad6b088d97e97997e90e7bb,"Hidden in waters, its ivory body stretches in quiet grace beneath the surface."
1335932963,2a034c394786a4da1abc60b7f04702aaab3425d4abe31896cb43df17c3d1918a,Gift Code Redemption
1408760256,2a034c394786a4da1abc60b7f04702aaab3425d4abe31896cb43df17c3d1918a,Gift Code Redemption
1983433864,2a034c394786a4da1abc60b7f04702aaab3425d4abe31896cb43df17c3d1918a,Gift Code Redemption
2045801716,2a034c394786a4da1abc60b7f04702aaab3425d4abe31896cb43df17c3d1918a,Gift Code Redemption
1335951076,3f2c0c0b025cce78b9fb3ad27316cfee2574b7dab47cbed0e5b798ef82da7ac0,Operation: Egg Heist Shop
2004736532,3f2c0c0b025cce78b9fb3ad27316cfee2574b7dab47cbed0e5b798ef82da7ac0,Operation: Egg Heist Shop
1335957059,bf12024800231e1f2a96477249a761ad31a5c8f22d21f62f9646991f2601fb23,"So we need a fragrance offering to receive the blessing.
But crafting a fragrance... Uh, #playerName#, can you handle that?"
1336001677,182b830c6362fe85d436e6928c2028dc23ce5c95066859f19b37b441563ff8f8,Reach [Egg Heist Master] in Egg Heist.
1336016870,9ae774e4f4918d32642d4f8ef9c9ea269aec72bdcc42408825c083e5df6ea59e,15x
1336037488,999190dd39fa47a0f0c5bfd49cf00cc20c30df80a923162723bd90c2b73cb28d,"A six-hued seed, infused with the legendary Irisal’s life essence. They placed the seed upon their dying friend, hoping to prolong his fleeting breath, but they could not rekindle what was lost. Some say it’s these very failures that paint existence in richer shades."
1418849162,999190dd39fa47a0f0c5bfd49cf00cc20c30df80a923162723bd90c2b73cb28d,"A six-hued seed, infused with the legendary Irisal’s life essence. They placed the seed upon their dying friend, hoping to prolong his fleeting breath, but they could not rekindle what was lost. Some say it’s these very failures that paint existence in richer shades."
1336054621,40141d8bc7af33eaa9d30672531a2f73b893f2460286846d918f7e28e4a7239b,"After hearing your report, Dr. Lewis confirms that the first Wendell was indeed an impostor. He explains that the Umbral Society may be an ancient organization with access to records of Idyll’s distant past. The institute’s assessments also grew from an old custom of traveling the land and strengthening connections to the Vein, so the two may somehow be related. With the mystery still unresolved, however, you must first complete your next theory assessment."
1336073070,c7b1eebc6ded3deb9818933187b05648d65cbc97aaa7b87384e999479f8d45af,Casts the Aniimo’s R skill
1336101667,a1e095b849d3c3e785cd8c6bf9dfcbbd63b92054e32bfa3bbd3e0010991b964d,Promotion: Meaning of Exploration
1336120532,d54d38656735ce92735a85986cc491467f20c108daacb3cd7a946bfbe5a5b995,Very interesting!
1336122852,84448e1c8582e542ac82b790505a42dc138894cf94cebf81279cc71dc1b1e57a,"Stride and leap, let your cuteness shine!"
1493874265,84448e1c8582e542ac82b790505a42dc138894cf94cebf81279cc71dc1b1e57a,"Stride and leap, let your cuteness shine!"
1336131909,255f31fe7e9b6850fe6f83698dd5d5fae2771b565ed797c5b46f10194836ce1b,Let me pass first! You go back!
1336158272,2dc9b0b6ac43986ee3c5e0bed6b99a9df2638478c60f2e61b3470ed417b1d940,"""Chips"""
2113711556,2dc9b0b6ac43986ee3c5e0bed6b99a9df2638478c60f2e61b3470ed417b1d940,"""Chips"""
1336165088,bc879e69a0f449910522d04751d087c431d798365722d279cb758823cbef96c7,"Each stack increases ATK by <customRichText(calcData,buff,6003009,param0,3,%d)>%, up to <customRichText(buffConfigData,6003009,maxLayer)> stacks."
1336228905,4c91e295cf4a6ab18ae926f7dace6dd35c4704fcc1e45f70ac0d0058bcdcdfe8,"Distribute to Endurance and Penetration 1:1. After maxing, distribute evenly."
1336231853,e322e07ae3d1c55f347274c41bcd08de4b4b88f43fcd374246da59cdf2f2fc3f,"Ah, yes, I know. You’re right on time!
At the Polaris Institute, small tests call for small celebrations, and big tests call for big celebrations..."
1336239625,f990ff1f79b607c2a832dde39056fed16685ef2396355d4ede1a30ae157038ab,Redeem
1614217822,f990ff1f79b607c2a832dde39056fed16685ef2396355d4ede1a30ae157038ab,Redeem
1336267708,2c28c9871e184a487fe3a7ac03aee846327778a2aa5a274a48ea86199d44a701,Firefly? (It seems very curious)
1336290373,4b081d864b62b607d2a87ca485e70d9d5f0074183be2fa0e77cbb06446ac7982,"Hello, Pathfinder!
You have reached Lv.45! To ensure a complete test experience, we are providing you with progress resources to help you experience more advanced game content.
We look forward to your valuable feedback during the test!"
1336316995,3e59facbaa3660abc74c99ae577e7d4c3481290c29e9c7ad8f8a9dfd37e713bf,P.ATK
1872605008,3e59facbaa3660abc74c99ae577e7d4c3481290c29e9c7ad8f8a9dfd37e713bf,P.ATK
1968338752,3e59facbaa3660abc74c99ae577e7d4c3481290c29e9c7ad8f8a9dfd37e713bf,P.ATK
2002987097,3e59facbaa3660abc74c99ae577e7d4c3481290c29e9c7ad8f8a9dfd37e713bf,P.ATK
2068136721,3e59facbaa3660abc74c99ae577e7d4c3481290c29e9c7ad8f8a9dfd37e713bf,P.ATK
1336323105,bf2a118142bc4f5a5348d7c437bdabebd0dcfcdc9c69469ba29b87ab50acd7d0,"Long ago, when the Alpha Blazen was still a little Bolty, it would always stay here with its mother.
Back then, it did not believe lightning was an answer, so it could never evolve into Blazen.
On the day its mother left, it came to the Blitz Tree and desperately hoped the sky would answer.
Then, it evolved into Blazen.
Late at night, when all was quiet, it would come beneath the Blitz Tree and call out with all its heart, but no answer ever came.
Still, it chose to believe. So it kept guarding the Blitz Tree, guarding not only the wishes of other Bolty, but also its own hope.
Until one day, a meteor crossed the sky, and an Egg fell beneath the Blitz Tree. It was as if an answer from the sky had finally arrived."
1336334536,d299d81e33289ca04a69fa83ed790461d131cde078a4371bd3c09bd6151af9c0,Environmental Effect
1448377898,d299d81e33289ca04a69fa83ed790461d131cde078a4371bd3c09bd6151af9c0,Environmental Effect
1571186410,d299d81e33289ca04a69fa83ed790461d131cde078a4371bd3c09bd6151af9c0,Environmental Effect
1336350202,ef493b6245aebcd49f3243973772e7bd623f3bb8d780020343e2dc15b9c5aa88,"Snap photos at Idyll’s scenic spots, capture moments with your Aniimo, and preserve your own special memories."
1699968981,ef493b6245aebcd49f3243973772e7bd623f3bb8d780020343e2dc15b9c5aa88,"Snap photos at Idyll’s scenic spots, capture moments with your Aniimo, and preserve your own special memories."
1918595932,ef493b6245aebcd49f3243973772e7bd623f3bb8d780020343e2dc15b9c5aa88,"Snap photos at Idyll’s scenic spots, capture moments with your Aniimo, and preserve your own special memories."
1336432841,0bcdf16d2acb43ea47a12525ff6d5d0b2cd742aba20323287be0d95c1fadf4c6,"One two three four five six seven eight nine ten one two three four five six seven eight
I shouldn't have embarrassed myself in front of Kafka just now, right?
Oh right, I must get an autograph from Instructor Dr. Lewis later! Get Dr. Lewis's autograph! Get Dr. Lewis's autograph"
1582993415,0bcdf16d2acb43ea47a12525ff6d5d0b2cd742aba20323287be0d95c1fadf4c6,"One two three four five six seven eight nine ten one two three four five six seven eight
I shouldn't have embarrassed myself in front of Kafka just now, right?
Oh right, I must get an autograph from Instructor Dr. Lewis later! Get Dr. Lewis's autograph! Get Dr. Lewis's autograph"
1821880181,0bcdf16d2acb43ea47a12525ff6d5d0b2cd742aba20323287be0d95c1fadf4c6,"One two three four five six seven eight nine ten one two three four five six seven eight
I shouldn't have embarrassed myself in front of Kafka just now, right?
Oh right, I must get an autograph from Instructor Dr. Lewis later! Get Dr. Lewis's autograph! Get Dr. Lewis's autograph"
1927042172,0bcdf16d2acb43ea47a12525ff6d5d0b2cd742aba20323287be0d95c1fadf4c6,"One two three four five six seven eight nine ten one two three four five six seven eight
I shouldn't have embarrassed myself in front of Kafka just now, right?
Oh right, I must get an autograph from Instructor Dr. Lewis later! Get Dr. Lewis's autograph! Get Dr. Lewis's autograph"
1940103224,0bcdf16d2acb43ea47a12525ff6d5d0b2cd742aba20323287be0d95c1fadf4c6,"One two three four five six seven eight nine ten one two three four five six seven eight
I shouldn't have embarrassed myself in front of Kafka just now, right?
Oh right, I must get an autograph from Instructor Dr. Lewis later! Get Dr. Lewis's autograph! Get Dr. Lewis's autograph"
1985281689,0bcdf16d2acb43ea47a12525ff6d5d0b2cd742aba20323287be0d95c1fadf4c6,"One two three four five six seven eight nine ten one two three four five six seven eight
I shouldn't have embarrassed myself in front of Kafka just now, right?
Oh right, I must get an autograph from Instructor Dr. Lewis later! Get Dr. Lewis's autograph! Get Dr. Lewis's autograph"
1336444914,5c04c90a5dedcb468c98d34a66b1acb2ea224143a259c72a2ea9db2b58312a31,"For Baleetle, offering the roundest, most perfectly hand-rolled mudball is the grandest declaration of love."
1336475031,8a166b866935274837775d16d4ade2ac4dc6b7ef8d14bf4d1af27a2988bd4cc1,Nurture at a Bloom to attract Lightning-type Aniimo.
1336518192,ca173ce2686a7e5531e0d8e719a8c4396a89a0d2299d433262ad30a9bcc1971d,Mysterious Pathfinder Goal
1336528684,63cd53044d200f9a2675f659a9e6bc6c3dca372b68c4844a30bbf27b0b134a14,Hmm... Why do I have this strange memory...?
1336528968,0f0c1d7c3cf6c683538a2cc737ec6819e88d0d5dd0fa955bf3cf22d123f9876c,Reach RV Level 1
1494207971,0f0c1d7c3cf6c683538a2cc737ec6819e88d0d5dd0fa955bf3cf22d123f9876c,Reach RV Level 1
1336557215,2b9cf77b67940911033d20da888c871c41dc5052fc13be9b8cb892662a555d72,Busy
1570604696,2b9cf77b67940911033d20da888c871c41dc5052fc13be9b8cb892662a555d72,Busy
2105005336,2b9cf77b67940911033d20da888c871c41dc5052fc13be9b8cb892662a555d72,Busy
1336558266,e872dd9573ba15f582ae02fa23e01453a25edf339ee6dec538b1c13f89727af8,(Deprecated)
1788234917,e872dd9573ba15f582ae02fa23e01453a25edf339ee6dec538b1c13f89727af8,(Deprecated)
1914742423,e872dd9573ba15f582ae02fa23e01453a25edf339ee6dec538b1c13f89727af8,(Deprecated)
2034148507,e872dd9573ba15f582ae02fa23e01453a25edf339ee6dec538b1c13f89727af8,(Deprecated)
1336583090,90a81fae4b9552134c29a71f1c9558ea03838c9e724877b78709cae5f80eb453,Understood! I'll focus on the Trial.
1336593444,5fe97c13890698131e279e3d706229f445a9f78293018b84c32ff5f14a467482,A strange mark wrapped in a soft glow. It holds the special energy needed to grant an Aniimo the mini-size mutation.
1336623234,c289270461951eaececcfe4a4e0bdff8d63f1c37cdea4dd437bcdc6f82a5f25f,Lunar Daisy
1396276411,c289270461951eaececcfe4a4e0bdff8d63f1c37cdea4dd437bcdc6f82a5f25f,Lunar Daisy
1702126960,c289270461951eaececcfe4a4e0bdff8d63f1c37cdea4dd437bcdc6f82a5f25f,Lunar Daisy
1336633814,13cfb42c8963e7e84964ef9d203ec6f06e079271cdf99459cc3c8e23970b7a35,"You’ve been waiting a long time for this moment, haven’t you?"
1336640770,45aff2dd2f686175a0c8ced979f406eafb270e75fd802ad6d29880bab6b84587,The road ahead cannot yet be explored. You have returned to where you started...
1336655956,adb463555e4a241bab586656e8165ba34050cdc564f7ed7adc2c5f3b19ebd05f,So does that mean the preparations are done?
1336683678,e7686c9abbf7d7cd1660b19fd1a5eb83e3f5341104f2362171deddda2ed0912e,Sonic Slam
1427569693,e7686c9abbf7d7cd1660b19fd1a5eb83e3f5341104f2362171deddda2ed0912e,Sonic Slam
1336688893,33a4c26b8a711c86cdc635ba4cac1f616c715c9f0e68ec7370867c790071fdd8,Vitality
1642986734,33a4c26b8a711c86cdc635ba4cac1f616c715c9f0e68ec7370867c790071fdd8,Vitality
1681535514,33a4c26b8a711c86cdc635ba4cac1f616c715c9f0e68ec7370867c790071fdd8,Vitality
1782680359,33a4c26b8a711c86cdc635ba4cac1f616c715c9f0e68ec7370867c790071fdd8,Vitality
2134921952,33a4c26b8a711c86cdc635ba4cac1f616c715c9f0e68ec7370867c790071fdd8,Vitality
1336732120,a4947b6b128ec4819c4a6663e6807a2717259031f62818ac0fc0afea6cd938ef,Feature currently unavailable
1336751078,86e931a01b37a64e074f4eac36f95a91c84fe5bc9695362f0dd4a9d226a9d567,Whisper of Longing... it’s a perfume that helps people hold on to their memories.
1336766776,95fe3907fc78f3cd4f9b099b33c828c16887b80c7ae52a89ebeb6e45f4511fda,Legendary Journey
1879177475,95fe3907fc78f3cd4f9b099b33c828c16887b80c7ae52a89ebeb6e45f4511fda,Legendary Journey
1336773976,9c0e455f1d78aedb49cc58d817ba8558795a3fdff716e7b5d34bbc07fe96fa30,"Judging by that look on Stellalord’s face, he’s craving more starines. If you want to keep going, just give him another one."
1336795510,68caccae91a19d48bf14fef1f51ceb480ef9ba5eea26e3afbad51211c60bc636,Set Aniimo Storage Slot Count
1336819260,d550b8414eaf3ef627f83e4bce9ac99cca20686cf2276ac706bcac2a0aae9331,"Other than having patience, there is also a faster way—"
1336867144,74273989b0966e2369b6d01aadb23af4ad6a9e724643fa88f2bde99202a36708,Redo
1336883583,e3da13685178f5ece5ae0a852402d1d4f65286c9ff530771cdd6a676551eabd5,"Roll the mud ball, heave-ho! Get to work, heave-ho!"
1336883859,7536d2b9d6ade18c144d945c51860a5b6ead80c71276fc4b5279f556f752fa1b,"Before falling asleep, Lady Iris's voice seemed somewhat sad... Is it just my imagination?"
1336928197,660c2fa3b1e27e3acb2df2ed37434e50e4a36ca9bdb88100d700ad984c7d1035,Produce EXP items in Home
1336937136,a101a385deaec169f8fe80ed1a16d3bac96b135283b8e270d4cf427e10dbebc6,Raw Lead Ore
1372656619,a101a385deaec169f8fe80ed1a16d3bac96b135283b8e270d4cf427e10dbebc6,Raw Lead Ore
1655639439,a101a385deaec169f8fe80ed1a16d3bac96b135283b8e270d4cf427e10dbebc6,Raw Lead Ore
1336948828,e180863e86774ca54897bf4e07216ad1a73e5268322105af732f3c29557efc94,Max BREAK
1378663386,e180863e86774ca54897bf4e07216ad1a73e5268322105af732f3c29557efc94,Max BREAK
1935488785,e180863e86774ca54897bf4e07216ad1a73e5268322105af732f3c29557efc94,Max BREAK
2054883104,e180863e86774ca54897bf4e07216ad1a73e5268322105af732f3c29557efc94,Max BREAK
1336995819,b5171b6d03292aa2ae9bc56cea2326f3082e9c125997da7b6ec7b18cc206323a,Polaris Guide
2087942018,b5171b6d03292aa2ae9bc56cea2326f3082e9c125997da7b6ec7b18cc206323a,Polaris Guide
1336996944,ed380df2009ef2cfa5fbe23feea1a7c191f6fd5f62f91386901f2ce86cc3c1a8,A large number of {0} have appeared in {1}. Go check it out!
1337009672,2434f2ab005d50556f28324b3f96cde58f784f5f5efa424f2f569a62186cc839,Congratulations on earning an A grade! That was amazing!
1337011228,f546829879e0bf8d49f5f2d34a7ed797f1cdc5d9429486111c7724f8feeacf03,"Evolved from Bolties that dwell in mountain forests, they have a lighter body color and layers of intertwined golden-brown special fur that disorient their opponents."
1337049069,405aca34e4554f518a95c38402f34b59101f3cdeced4764e0aaf05f4d89ba38b,You should give it a try too!
1337062059,ba7a8042f7860b7cd798cd1adef0104a5ed0e055eb9be6b6a36d3c6880ef90bc,Expires in 6 hours (Placeholder)
1337074852,a10ad311d344e4b2b89fb63d5f8e882012870a955cbaf9e2f47e8d06da26de4a,Generic [Empty NPC]
1337086437,157ddc59b5e4e7ca9a05ffa09e4fa7cdefe073d8a3ebdf56b70a8446b64ae83f,Defender
1466172495,157ddc59b5e4e7ca9a05ffa09e4fa7cdefe073d8a3ebdf56b70a8446b64ae83f,Defender
1337149442,b47e313a7eb5fdee55a139ab6259c76f3476eb0817aba417dee84dfae3492b5a,You’re too amazing... but I have no regrets!
1337149535,88b0e9820ff3e52a836190533554b503b07e03273a1120bec75a2c4ccb1913be,Unranked
1337165120,6e83979d5e60e877492e30f49f1d7a2661715a328b2afa23e1b1a1f2617fc4e0,Placeholder content for translation placeholder content for translation placeholder content for translation placeholder content for translation
1337169988,49973d5caf7ec0a2250defc0cf8176eede71b49d09c73372d86b9e5bedff9717,Liriel
1337180620,59ac1c9d4f33d64aa9bccd3e095b78efaf2c1ba4f2c1292982de62e6c6d5c752,Do you want to get inside the bubble?
1337211837,f8706e0509e3e8e7dfae55c6bd09d918468ec12697f38f50ade77623554e7c20,A true ghost legend?
1337212295,a16a6873a5c8625d0be10d518bbb8dfd86e7edba8d56cc0e1c6cfaa634b27f22,Very Playful
1337221833,6c684d03e041024f8517ae91ff9d9b67e57784882df276d976d57067dfe9a8bf,Find Wendell
1597605483,6c684d03e041024f8517ae91ff9d9b67e57784882df276d976d57067dfe9a8bf,Find Wendell
1337238754,414449d52b226b588ec7d384741b5f8f6a257c3ef558d0d726310d68ea533f32,"The little ones went out searching for helmets, but they still haven’t returned..."
1337260161,e2f65723822bca1efe9fe77c9753dd703633a2ead0cff6d9585132d47da4b9f9,Treasure Hunters
1602436054,e2f65723822bca1efe9fe77c9753dd703633a2ead0cff6d9585132d47da4b9f9,Treasure Hunters
1337275777,4539d8865d70a4b74ee0396700429beec68ef5358d1b5eb76720537b67c850bc,"After hitting a Nimbi, their wool would tangle up, affecting the Turbo’s balance."
1337307365,9af7fd9e0df6701b2ffe7304f4949b3813f3cbc06a69c131ca8cb47b31e2f9ed,"Hmm. Still, if you feel uneasy taking it... then how about this?
Take the assessment, and if you pass, we’ll give it to you as a gift from our squad!"
1337308684,f983798ebd7230b0fde7365df6ea67c400834a980888618dc55c0e32af1066b8,"After 150 seconds, the target's ATK gradually increases."
1665719503,f983798ebd7230b0fde7365df6ea67c400834a980888618dc55c0e32af1066b8,"After 150 seconds, the target's ATK gradually increases."
1337314575,1b7e38abe497a10cbd4b34694bf42a6b88a0077e4d5b9559620c6aeea0d4ec47,"Event Time: <style=Hint_BgL>{0} - {1}</style>

Event Rules:
During the event, <style=Hint_BgL>every season-limited item</style> you collect (such as season-limited crops and season-limited furniture) will grant Harvest Moon Points. Gather more Harvest Moon Points to unlock the <style=Hint_BgL>exclusive rewards</style> of the Harvest Moon Festival!"
1337334805,b1ef7f6f8202872fb4c00f3a62860ad024f3dc54102ac3c806527ba460724bb4,It brings the storm with thunder clouds around it.
1337367680,e33e28f40123173f61acbc267fcbcba53182f7f88113520a5247a7353551cc14,"A rare mutated strawberry surrounded by a rainbow aura and dazzling sparkles. It has grown enormous and plump, with a crystal-clear sheen that gleams like treasure."
1992136107,e33e28f40123173f61acbc267fcbcba53182f7f88113520a5247a7353551cc14,"A rare mutated strawberry surrounded by a rainbow aura and dazzling sparkles. It has grown enormous and plump, with a crystal-clear sheen that gleams like treasure."
1337399000,df8680a59a027fdf3828067949c2eba4cb57931b9c35bb5cf2e059e5b02ae180,Astra-Voxel Form-Nimbi
1337414435,28d43f35a23ec74dea8f8a721cfead9a763e30f9ee52bd2b41404d1cf319996f,Select Control Mode
1337438484,f1f2f51989b1dd676ad6cbf48dd71472944bff791fed5ef05ff780d1189a1ee4,Fragmented Info
1337471487,41da5dc8a0c2f188d847222b3af51bc4f99afb461fc9137db2f5dba3bd8513a0,Gained Uncommon affix {0}
1337499220,6dd5684bbab71dd0b869d90df25d10a96413a4b70a4a6dcded853fb3d220335b,Nimbis?
1337499757,79397e01019bcaf418037d0f537488574b9867f307c0e393c811c4171a1bc5c1,"A generously sized seat paired with plump, soft cushions, offering springy comfort whether you sit, recline, or stretch out."
1891929012,79397e01019bcaf418037d0f537488574b9867f307c0e393c811c4171a1bc5c1,"A generously sized seat paired with plump, soft cushions, offering springy comfort whether you sit, recline, or stretch out."
1337502975,a1a9cdda3a4293eb9397016cb9cf807b529c9aa2aed014a81c5df8db78656c33,"A tiny ruby-red wild fruit with a rustic charm—its sharp, brow-furrowing sourness gives way to a faint hint of sweetness."
1337515802,878ae7028e95ff27a01e906953afcb004677f63312460011b493797ef3bc61b1,Who ran off?
1337530877,e573fbbdd31d5b77965a6b88c689aeec1965e35add1c74a880bcd5947b0f6cb3,Tucker must’ve been thinking... this outsider sings just as badly as me!
1337531504,4eca3d90f4c60a22fdef24566f31b8ca90f31a787d7867ac48fb81d9da514922,Romantic
1738103574,4eca3d90f4c60a22fdef24566f31b8ca90f31a787d7867ac48fb81d9da514922,Romantic
1337532684,223eb1ba263f2d7740e62bc31f0d5f0866dcb0a8d83950eed802162790f756d1,Party Channel
1337557604,05a1b79d3e1e4c94a6e168e5ae8ed6d4a6648e4938cf762dbf1e76af45744462,"That outsider’s fists were strong. Every time he won, he asked me to leave with him—to grow stronger."
1337588971,3f14f1cd0e371f2335f29d39f1999a5e327ca8d614487febf155c47d23328c10,Hypnotic Cloud Shot
1337594455,09a13c1b5059494ffb322f6aca7d98f6f461f9517439f78112776e27de69cda1,Nimbis Floor Mirror
2094462281,09a13c1b5059494ffb322f6aca7d98f6f461f9517439f78112776e27de69cda1,Nimbis Floor Mirror
1337610530,257082213b03ffcb25ab0002f61e39f83c25122863428ba83d2d83b980cf3ea4,Hahoo! Look at all these starines! It’s a real starine shower!
1337612236,4850b174b713d88cfc63de107830d5388929020e78abc91fc19bba7a6821625f,Required
1562496054,4850b174b713d88cfc63de107830d5388929020e78abc91fc19bba7a6821625f,Required
1564745448,4850b174b713d88cfc63de107830d5388929020e78abc91fc19bba7a6821625f,Required
1337716653,3edb654e411c8b1474c530fd657148267ae5ea04d78838c1cb3bb496831d8fdc,Ancient Wire_10m (No Conductive Effect)
1337720527,740b7091c65d649600abf698123f627874fe60c3712b08657eca4dd8b258d583,"At the edge of the world, an ant fortress stands alone. At the far cape, hot springs surge from the earth."
1337725033,868ae437961a27d5f16dac3f791e1eb80e0467dacc30e8749fcd42211c13082b,Increase Aniimo Research Level
1858860587,868ae437961a27d5f16dac3f791e1eb80e0467dacc30e8749fcd42211c13082b,Increase Aniimo Research Level
1337739269,7175d41e052114d7e66372dbe3889f00cc8dbc9f2f05a9bf10dc98b9bc8029f5,painter
1415786193,7175d41e052114d7e66372dbe3889f00cc8dbc9f2f05a9bf10dc98b9bc8029f5,painter
1599690337,7175d41e052114d7e66372dbe3889f00cc8dbc9f2f05a9bf10dc98b9bc8029f5,painter
1710908230,7175d41e052114d7e66372dbe3889f00cc8dbc9f2f05a9bf10dc98b9bc8029f5,painter
1337826210,0cc20d49df22640c1e036275697cc2c4b3142019f5810496eee6e9974a2fde37,"This is our first destination, <style=Hint_BgD>Mistwoods</style>."
1337840849,bb2b69db639e32d3b3c4e74ea89d9e83a9d7ee394b4306f015436daf5d522e74,View your <style=Hint_BgL>stored Primegy</style> here
1337865316,7567a021156aa4240062979bf67074383bd087dd77fe20e9b0b3354c4790e8f4,"At first, the ruffled young Bolty thinks the thunder is a Bolty in the World of Wonders scolding her for lying. Then she cheers up, deciding it must be a friend in the sky calling back, ""I heard you!"" Convinced that her feelings really got through, she explains that Bolties believe their departed friends live in the World of Wonders in the sky, which is why she and her grandfather help everyone call them."
1337866046,d50134b1ea27b34f297e2559a3d53d23cc1ce225df0ddfe2a84f4e1e131a7194,"Its heart beats to the rhythm, sparking a dazzling electric dance."
1337866778,9fb2f463b7d177c0721f6fff67e067747f4a2672140811ab0cb7da0c0813ce44,"Wanna play Find the Sheep? Find them all, and you win."
1337878666,0ba0f42c8ed4a3735201e833cafda6919a5add51a799e4afc8331c8c3fbb1f66,They select shells and make them into shovels. It’s said that they produce pink bubbles when they see someone they love.
1337885825,01a62fc14c06de965a9557e68218bc775e534a954e7d5965207311fffa9769bb,Keep working!
1337893141,a5702b420d7acbbeee2b979d363198b5c07161f3f133faffdb8314b427ac8c4d,"A Pomegg-shaped snowman with a round head topped by leafy fluff like a ceremonial hat. Its tiny hands lift leafy pom-poms high, cheering through the wind and snow."
2088881775,a5702b420d7acbbeee2b979d363198b5c07161f3f133faffdb8314b427ac8c4d,"A Pomegg-shaped snowman with a round head topped by leafy fluff like a ceremonial hat. Its tiny hands lift leafy pom-poms high, cheering through the wind and snow."
1337902982,1780b3bf24a3fd6388f038168154d116997a34b4c00c6b9fd5cc3a837fc1300c,I suddenly realized... there were so many things my silly granddaughter... *zzt-zzt*... never told me.
1337936775,e910beabc01a08ede618a4757aa22c766c63f57220475cb1e2fc37f5d3e1e042,"If you have any questions while about your homeland, let me know. For example, you can ask about how to produce, plant or sell..."
1862536709,e910beabc01a08ede618a4757aa22c766c63f57220475cb1e2fc37f5d3e1e042,"If you have any questions while about your homeland, let me know. For example, you can ask about how to produce, plant or sell..."
1337991105,e38fa5e4a12d9fcf0eb025349922746e5f6a12775b3c9f722b8606fe4757066c,Learn to Attack
1338007345,52c51931d7a075c7c86d361918a0d23dabe168dd10750f60cac4abc6d4d9e320,Azure Grass
2075015109,52c51931d7a075c7c86d361918a0d23dabe168dd10750f60cac4abc6d4d9e320,Azure Grass
2100440809,52c51931d7a075c7c86d361918a0d23dabe168dd10750f60cac4abc6d4d9e320,Azure Grass
1338018807,535fa30d7e25dd8a49f1536779734ec8286108d115da5045d77f3b4185d8f790,23
1338049328,2c9f7f4e962e7435eeb136c191226d5b255eaa9446c41b4839dbac1389df4306,"A protective unit chip that greatly increases defense, making enemy attacks feel like a scratch."
1740974183,2c9f7f4e962e7435eeb136c191226d5b255eaa9446c41b4839dbac1389df4306,"A protective unit chip that greatly increases defense, making enemy attacks feel like a scratch."
1338055733,7ed1a7856471ea921f71f112a9b6c130b12da1c6527aad91a07a5f1f9c589549,Press #kHud/GamepadConfigMenu#z to enter the [<style=Hint_BgL>Function Menu</style>].
1372119857,7ed1a7856471ea921f71f112a9b6c130b12da1c6527aad91a07a5f1f9c589549,Press #kHud/GamepadConfigMenu#z to enter the [<style=Hint_BgL>Function Menu</style>].
1633909456,7ed1a7856471ea921f71f112a9b6c130b12da1c6527aad91a07a5f1f9c589549,Press #kHud/GamepadConfigMenu#z to enter the [<style=Hint_BgL>Function Menu</style>].
1338069673,3286eba0679d36ff0d825f8c724465656fcda49a91c61afc31291f5a7a5594d4,What do you think of it?
1803526231,3286eba0679d36ff0d825f8c724465656fcda49a91c61afc31291f5a7a5594d4,What do you think of it?
1338092004,66d7ce9ff32d7aa59b09d1da385cc66c17871bab61ac6fbde49e0be376b2e0d7,"I’ve been trying to recreate my mother’s perfume—Whisper of Longing.
But... it’s been a year, and I still can’t get it right."
1338148117,ec31fd0308105a0423636133cfdba9eca16288797723b1e4b292d0a111e40e5c,Pure Element Gem
1338148165,0dd069f1a7af8ac32a9192300f8ac55640600aa8cd6cbc438660652c398a4215,Increases Element Resistance effect by <color=#d89c28>2%</color>.
1338153276,8116ccdeda30424ab758a2eea1d9e866540a718282dc2dc06357cdbaedc82ba7,Service unavailable.
1338163468,253eabc643f2ba8f35346d110ef7cf753d2cf60441d2323ab35410a0f55f8aa4,Spring Movement
1338163850,ea70257c2db6ff5ecc600537edc5a4e1db78b54b566dc3c6a021bd32d5fac707,No worries. Go get ready first.
1338196821,5385f2481a306b612e84fb1da52b9e014ddd43facc8fe828e6b7074aae2924e8,(Restrained Inferlupa) Failure... Irreversible failure.
1338202516,be1ee1b1446df0569226b9230215d7560edd6f50e776fdce1f48ad74f63fc974,Marching Flask
1461467359,be1ee1b1446df0569226b9230215d7560edd6f50e776fdce1f48ad74f63fc974,Marching Flask
1815804497,be1ee1b1446df0569226b9230215d7560edd6f50e776fdce1f48ad74f63fc974,Marching Flask
1850025018,be1ee1b1446df0569226b9230215d7560edd6f50e776fdce1f48ad74f63fc974,Marching Flask
2032271574,be1ee1b1446df0569226b9230215d7560edd6f50e776fdce1f48ad74f63fc974,Marching Flask
2057381855,be1ee1b1446df0569226b9230215d7560edd6f50e776fdce1f48ad74f63fc974,Marching Flask
1338268213,6bb62b28830e01e37b2523623625080d52ab4858adfc783ab759ef36acfe4047,LONG TITLE NAME TWO LINELONGLONG (Placeholder)
1338277749,0784f57467b621f4548210025f0cf11fbe5674d321446e51b246754672015e04,It was a gift from Principal Oswen...
1338285057,26c332315dfed66e7f65315cc0d39a55be8aa8c8d1004376cacb48f60eb86a07,Generic NPC template
1338342078,2c903f1112e94850033052b2ff0296f6ea6a3a334fe273ec30ea391fdfce6bc0,Always me
1338373399,4480c5204e73a04a6dfa5ccce642fcefeebd1ba28ab15f606c1b15b5c7883f6b,Huwu! Up ahead is Susuta territory.
1338400813,b573661532e63eb84be550ace416b9ca8649f77135718c7c7c7325291720011d,View Journey Quests
1479156730,b573661532e63eb84be550ace416b9ca8649f77135718c7c7c7325291720011d,View Journey Quests
1648549329,b573661532e63eb84be550ace416b9ca8649f77135718c7c7c7325291720011d,View Journey Quests
2034987131,b573661532e63eb84be550ace416b9ca8649f77135718c7c7c7325291720011d,View Journey Quests
2127292296,b573661532e63eb84be550ace416b9ca8649f77135718c7c7c7325291720011d,View Journey Quests
1338408371,b4db85d5dd7d56beca60583ec1749fafa73586fafb8574d5e5ca13c1ea2c98db,"Aimo vanishes in a shimmer, entering my glove..."
1338409256,eb6b84079c1bcec4c116832159b24e3468085ba2ad5dd9e5281f2c65b3cbcf97,Use any of Dazmand’s skills {0}/1 time.
1338489109,f6b22dc013159eb820e597bdcef8cc1c3058c4b60ad09c3dc3e8e22088906e12,"The boss seems to be in the castle <style=Hint_BgD>first floor lobby</style>, did they encounter some problem?"
1338507797,fe50ed105fe467092bccbd34983a9bc0dd2c70924cbe82908f8a9c09e833951f,Journey
1978672191,fe50ed105fe467092bccbd34983a9bc0dd2c70924cbe82908f8a9c09e833951f,Journey
1338602142,3d6792f89b6413a5249b65b1a9f020231cc7539831d715cf86ddabaf6f1bce0c,Pick up rewards in Operation: Egg Heist
1338607093,3a08ee119269f08ce98d81a333cd55087ffe519fdab83783d9a9db4cee9025ae,Select the [<style=Hint_BgL>Harvest Moon Gathering - Together</style>] combo
1338607947,c67dd6ab2e21f8c72f1de9fa609e7819d8d59d9a346f7e9e5ef78bdf5267762e,Egg Heist Master V
1338652148,9f2da8ff6fe919951e475c1c5b4912ef254e93be96e536600f2e84cfe7b3b200,+10
1882104232,9f2da8ff6fe919951e475c1c5b4912ef254e93be96e536600f2e84cfe7b3b200,+10
1338664834,fe3c86fa9219003ccbe795e6257102cdc6e6fc3e1a171404fedbaac39dc975a7,Aniimo history is really fascinating.
1709003801,fe3c86fa9219003ccbe795e6257102cdc6e6fc3e1a171404fedbaac39dc975a7,Aniimo history is really fascinating.
1338668768,710d2769a089ff8444fd81ca9f2f73c718d880fcc77fa7420c96a0100a55a4f0,Fox Mark
2139876429,710d2769a089ff8444fd81ca9f2f73c718d880fcc77fa7420c96a0100a55a4f0,Fox Mark
1338669367,96781c2a05f77c6024ab3b6472ae36ddc427ee1bdf2227f905081afe3f198342,Rice Vinegar
1338716668,43e94e0282e1e9041f3ce4df32092ceabcd24ff530e2e3ce2423e6087a3f467d,"Although everyone likes different flowers, each one has its own unique meaning."
1338718304,0aba304554389f5d40e0ff8baf8d4fd843c69f4c77147e9b38399a4e4d5843a3,So you understand exactly how angry I am. Because...
1338742075,2b23f06eeefef75c8598587eb0063e764eaed065fa3eaa5faf5a7622a48dad8a,The wind whispers in your ear: Fly! The rope says in your hand: Come back! The swing's destiny finds fulfillment in this tug-of-war.
1338764394,968d3d75ef535a5fd0ebfb111023c7834adb60b0df329d996bf4e0542a6af34a,Electric Engine
1338785427,d1a5eb2b75bbbe6a1c47e8d555e924fabfc327803afd5210585954db3ba41dcf,"Wait, you’re down already? That was supposed to be the warm-up."
1338785639,9d6eff7d2adf2567acbe9f67ce91c123a12cf9dd008e27fbaf9be4da4c8a06c7,Alright!
1338795085,fb3cccfa8d2b8f175dc0649893f98ea2c0fe796bbd4fbc0faaaa1972cd0bfbcf,Limited-Time Event Zone
1338810218,52f6e45f48119ee4dfabfe310bee1d4c6ccf70ee60f780f0f97392673d8e4c46,A Companion Surprise
2049668402,52f6e45f48119ee4dfabfe310bee1d4c6ccf70ee60f780f0f97392673d8e4c46,A Companion Surprise
1338820448,2226cabd837e6f2ef91123be93fc68c8a3552adae0dfe20559574cc7d903cc78,Perhaps more wandering Budsquires will return... which is why I must remain.
1338851937,021b4d59a428b9547cd5db54ff5179080b0019b4c9d112cb5504e515c542bd9f,Home Season Event unlocks after you complete the Lv. 10 RV Quest: Festival of Astra.
1338863940,f064467e04ed17242dfdf94df1ce13415a59e1ef4ffa9bd79e78b11cc1737131,"Perky ears, bursting with Vitality."
1338895632,004f0642bf59d5b6e4d2bdb3ea1304f161b888813bc9ee89588e14d37a0bff06,"""Trial of Water"" simulates environmental effects suitable for Water Aniimo. 
In this training, Water Aniimo gain a <customRichText(calcData,buff, 270010031,param0,1,%d)>% max HP shield every <customRichText(calcData,buff,270010027,param0,1)>s, while non-Water Aniimo gain a <customRichText(calcData,buff, 270010032,param0,1,%d)>% max HP shield every <customRichText(calcData,buff,270010028,param0,1)>s."
1338915810,5569ddf6152e502a6b0469d5c66b46dd7c146d1c7f8b64f56abdca6ca6f8c56c,"Remember how we got in here?
Command your Emberpup to <style=Hint_BgD>light them up</style>!"
1338915984,18747a3105d74b961d8fa61cbcb93156fc27703273b92da6d8a494db3a060ec3,Clear Home Index Collection records
1338923668,31ced80acb2886c0e08276d0faea5e3289ea1058c2e2642ae4516050b58a4831,Shining Grapes
1358941260,31ced80acb2886c0e08276d0faea5e3289ea1058c2e2642ae4516050b58a4831,Shining Grapes
1338940562,c632996f42197c235f24e9fd14df74d4f58a4b52cede4528d92c32f95f7627c0,Team Activities
1417091895,c632996f42197c235f24e9fd14df74d4f58a4b52cede4528d92c32f95f7627c0,Team Activities
1880475723,c632996f42197c235f24e9fd14df74d4f58a4b52cede4528d92c32f95f7627c0,Team Activities
1338975006,760d053e39529b6c285334769704785fb57d2b3d33e594b811474d5345f0f554,"Prismana Flow—the expedition team’s objective...
Once extremely rare, but appearing far more frequently lately."
1338976492,69aba9346444678d0fd77b51e26887dedc0bd82ec22126eb50cb199ede43ea65,No Unit equipped!
1338978510,28bb3e404f5a66616c7d7396812a20bf7ef96ec0a6b919d36c6b1d5804cafd5f,"Combat skill hits grant <style=Hint_BgL>1</style> [Strike Point]. Charged Combat skill hits grant <style=Hint_BgL>2</style>. At <style=Hint_BgL>8</style> [Strike Points], gains <style=Hint_BgL>30</style> EP, and combat skills can be enhanced without charging for <style=Hint_BgL>10</style>s."
1338983379,7309d866dcb88c60a22c691ebf32ac9c90b0a5d0c5e8d4a6b2e995477a266fcb,"Wait, how did you get access ALREADY?! Your Home’s facilities aren’t even decorated yet..."
1338992545,a2f58cc00885db0f5adc8d6d140f9f3634b5d1691c43ffe321d8d7519ed4c45b,Wind Champion
1687649276,a2f58cc00885db0f5adc8d6d140f9f3634b5d1691c43ffe321d8d7519ed4c45b,Wind Champion
1339002805,81679a296c986663f9f78a1dcf5b778089bf2a49625f77d9a60d5e3a0fe8e03d,"When hit by a Dark basic attack, takes <style=Hint_BgL><customRichText(calcData,buff, 2135205,param0,1,%d)>%</style> extra damage for <style=Hint_BgL><customRichText(buffConfigData,2135205,duration)></style>s."
1339022557,c96667650183a8684d938d97f80d99ebecac84d1245c68bdc0e518796e7e3db5,Fly away~
1339026140,3b70ace10b43a8b88511b3043d7316ee2c2c1e2eadd940c99ddf41b5a4dd8d5d,Confirm Selection
1339047608,b00034414a8c3700cdb0a3f29d79c14929f728e328c547af8f01c0b856ba5d8e,"Slam into the target with a body charged with Spirit Energy, dealing area Damage."
1339048062,4a352bc8e07ef52dfdc2a53be4939d01b71a9f18f64df9a19fe1d60d44637dae,Loading text
1339217929,ad3bc68e8b4dce6d70b7ddca6552317a5e3ca7cafea06bb8b1fa657fde902d6e,"Yes, it’s the model home for the Homebuilding Zone. Put it wherever you like, or <style=Hint_BgD>tear it down and rebuild</style> if you’d rather.
It’s your own rest space, so set it up however you want. Yama brought a selection of building materials too."
1339230489,75e0eae9b8b7504e46c328d3bfdfc0e8197602900b125d49f37c72d2ab4a881a,Look at my Nimbi! It got chased around three times and collapsed from exhaustion!
1339261948,0250d599d20c1e49afa592d94c9911e2d0a501b12f7b9a52c4cda75fb3c59354,Date Listed
1339276325,add43fcab589093ca019082417d4357ac6de6888c7ef6b661960b56adec148c2,An Aniimo catching device equipped with an eagle-eye lock system that automatically Tracks nearby Aniimo after being Tossed.
1339316705,70f66361eed27c4082e89d939573966e940a09476c9d857f0a901e85f0d0715a,Look around for other clues: %s
1339324379,b3910ba413cc702465f0a0fdc946f2a2cffc67f143a4f854eaa3273f941d44bb,GM
1359678064,b3910ba413cc702465f0a0fdc946f2a2cffc67f143a4f854eaa3273f941d44bb,GM
1878165928,b3910ba413cc702465f0a0fdc946f2a2cffc67f143a4f854eaa3273f941d44bb,GM
1339330755,a1eeaf826452726ac01d57265d9b652fc924a423d81fd984bab6c81c1745c896,But the <color=#d89c28>Flameruff </color>who was supposed to go with us got sick...
1780737603,a1eeaf826452726ac01d57265d9b652fc924a423d81fd984bab6c81c1745c896,But the <color=#d89c28>Flameruff </color>who was supposed to go with us got sick...
1975822097,a1eeaf826452726ac01d57265d9b652fc924a423d81fd984bab6c81c1745c896,But the <color=#d89c28>Flameruff </color>who was supposed to go with us got sick...
1339345740,9ae2536bfab1faba32d8f72cb0c5dc405f40dcf825755ae43802eac669ac840d,"I think I am an Aniimo named <style=Hint_BgD>Morphling</style>, You must have touched one of the <style=Hint_BgD>mask fragments</style> and been transported here!"
1339351124,3f3f5c8f869d76a8904479bc6b5d34a97106d43a2f0865e5311ee708240ecb78,Prerequisite skill has not reached the required level.
1339383572,33622cdcbb8af2f69b6b11c5e96115b27ec44208c17b349ed1b38fd1956755f6,Nickname cannot contain spaces.
1339595200,72e209af332beef4d0e5d870fe38f2b83413d749aa0cfd3c7b8c908d107172f8,"A flush toilet made for life’s necessities. One press sends your worries, stress, and everything else best left behind on their way."
1671174694,72e209af332beef4d0e5d870fe38f2b83413d749aa0cfd3c7b8c908d107172f8,"A flush toilet made for life’s necessities. One press sends your worries, stress, and everything else best left behind on their way."
1339600216,6d88fadba01cf772a5ef91072b75d1512ccff5dc2d561383b667bc3180bf0e3e,Exclusive resonance material for the Jawling family.
1339612660,bba3939240ef1025574ca827d2437b930dc7bd3809bf08047d2d1747c8a2662d,A small light atop the fence post casts a soft glow in the evening.
1823184425,bba3939240ef1025574ca827d2437b930dc7bd3809bf08047d2d1747c8a2662d,A small light atop the fence post casts a soft glow in the evening.
1339615859,74ea1b461939fa2fbcb572cd2a0a9964cc09723562a6bdbc6c061d8a4370f216,A new friend!
1339617813,b681b4a45470ba1c4e9e333518722df168846dd1b7a57ebae8dcc67e04e414f9,Mwah!
1833179029,b681b4a45470ba1c4e9e333518722df168846dd1b7a57ebae8dcc67e04e414f9,Mwah!
1339685432,65b9e5bfdcd87fc064c6a3b5232cfe0dc7a0d4048a97fd9bdfa651a308d66225,"She’s made quite a name for herself in research and is a powerful fighter too.
Even so, I believe you’ll pass any assessment with ease. Good luck."
1339712784,c08b4eb7d5f4482dd936b3e3a2219a8d88189328033d6bc3928be87d74c45b80,Arm Wrestling Match
1339742983,794c224c5912c706b296b8f835055307ac30d02e93e3661ef4a8bfb82c54543f,Add More Teammates
1339742984,794c224c5912c706b296b8f835055307ac30d02e93e3661ef4a8bfb82c54543f,Add More Teammates
1339747268,d0e195895403fe1ee6e2ab27d866fc7357060bea29e5cd1d2137d9dae1ceff1c,"It’s big, shiny, and the most delicious of them all!"
386381452,81ebf6add713ec20a67bab1c4f6a2a6daa6993ab2b652e07537fdf66ac0ae852,Explore Idyll!
1339774881,81ebf6add713ec20a67bab1c4f6a2a6daa6993ab2b652e07537fdf66ac0ae852,Explore Idyll!
1339798879,51cc97cd6eccc03d2ec2b6e6b72636d19e34cf180d3f0d80fcd565b4acddc196,Bitter Orange Tree Timber
1339805644,069ee529f2869c0fb8b5cc4745b4e16dfc329669508378f14bc3539b3f5c1d16,"I want to help my clients prepare more diversified and customized training plans, which needs a lot more preparation."
1339817817,7ad87438b857d7cdcda4327df8c2a4a0efde15005f2514e9635d8c692d0efc10,Cheery Fluff
1339828360,e83c90e7e0cebc31eb6e261161145a58e703ca2abcc70f282bf6c261cfd63f8e,Mid-Term Deposit
2037290609,e83c90e7e0cebc31eb6e261161145a58e703ca2abcc70f282bf6c261cfd63f8e,Mid-Term Deposit
462458175,7a35b770bef48c287043eb6660dfc454098be2c7edde9622b68c167e3d2dae66,Beast Fang Ridge
517920441,7a35b770bef48c287043eb6660dfc454098be2c7edde9622b68c167e3d2dae66,Beast Fang Ridge
1339846557,7a35b770bef48c287043eb6660dfc454098be2c7edde9622b68c167e3d2dae66,Beast Fang Ridge
1603251544,7a35b770bef48c287043eb6660dfc454098be2c7edde9622b68c167e3d2dae66,Beast Fang Ridge
1654141480,7a35b770bef48c287043eb6660dfc454098be2c7edde9622b68c167e3d2dae66,Beast Fang Ridge
2035649919,7a35b770bef48c287043eb6660dfc454098be2c7edde9622b68c167e3d2dae66,Beast Fang Ridge
1339879558,ff64996590d69fedc971abd4b22ddf1c9238e70a51920441848d72ec43f45973,It all started because of the Irises...
1339910432,45fa3dc6aa0f6b1f023b0d6807d68fc1541dcc9b85a85203abd06bf1e146a7b0,"Peculiar plants nurtured through Vein Nurturing, they have layered clusters of flowers in multiple colorful tiers."
1634238475,45fa3dc6aa0f6b1f023b0d6807d68fc1541dcc9b85a85203abd06bf1e146a7b0,"Peculiar plants nurtured through Vein Nurturing, they have layered clusters of flowers in multiple colorful tiers."
1339912334,6ee3bc1016a7d0430b8e9b68f868b14c78e21b6984ffbaf5779027099f4ec9cd,"Chat message placeholder text, chat message placeholder text"
1433548339,6ee3bc1016a7d0430b8e9b68f868b14c78e21b6984ffbaf5779027099f4ec9cd,"Chat message placeholder text, chat message placeholder text"
1994926755,6ee3bc1016a7d0430b8e9b68f868b14c78e21b6984ffbaf5779027099f4ec9cd,"Chat message placeholder text, chat message placeholder text"
1339927636,b95f69a1be7abca3d4a1ea6c077497a735a80dfa478dae2f899771cc9c7046f5,Head to Home and find <style=Hint_BgL>BINI #2333</style> to view daily orders. Complete orders to earn rewards. <style=Hint_BgL>Upgrade your RV</style> to <style=Hint_BgL>unlock more orders</style>.
1347418434,b95f69a1be7abca3d4a1ea6c077497a735a80dfa478dae2f899771cc9c7046f5,Head to Home and find <style=Hint_BgL>BINI #2333</style> to view daily orders. Complete orders to earn rewards. <style=Hint_BgL>Upgrade your RV</style> to <style=Hint_BgL>unlock more orders</style>.
1433061879,b95f69a1be7abca3d4a1ea6c077497a735a80dfa478dae2f899771cc9c7046f5,Head to Home and find <style=Hint_BgL>BINI #2333</style> to view daily orders. Complete orders to earn rewards. <style=Hint_BgL>Upgrade your RV</style> to <style=Hint_BgL>unlock more orders</style>.
1454925183,b95f69a1be7abca3d4a1ea6c077497a735a80dfa478dae2f899771cc9c7046f5,Head to Home and find <style=Hint_BgL>BINI #2333</style> to view daily orders. Complete orders to earn rewards. <style=Hint_BgL>Upgrade your RV</style> to <style=Hint_BgL>unlock more orders</style>.
1339932058,e45dd947cdde8b1e38dc8b9d943b4867f2c9456083f48e2cdcf0554ea4cc7940,The <style=Hint_BgL>patterns on the statue</style> seem to match each other. Try some different angles!
1339935624,f55dbdca28605bbd23d1a930da6ebad70f0aecff7cf1ac43fcb6a0697893542a,Cave 8
1339968594,37760bc79e3852fa38026a2b6af9a77c4dde4837d1ef685698b6116dedf5ea13,Strange Door
1463075104,37760bc79e3852fa38026a2b6af9a77c4dde4837d1ef685698b6116dedf5ea13,Strange Door
1339970271,134c791f7fcc6ed539d82698be9257664506d5e9b4b5fadc312204c50d04f4ea,Alpha Fenrier
1463238639,134c791f7fcc6ed539d82698be9257664506d5e9b4b5fadc312204c50d04f4ea,Alpha Fenrier
1823114365,134c791f7fcc6ed539d82698be9257664506d5e9b4b5fadc312204c50d04f4ea,Alpha Fenrier
2017712468,134c791f7fcc6ed539d82698be9257664506d5e9b4b5fadc312204c50d04f4ea,Alpha Fenrier
1339975030,b10fb966d72063f534774c7c6b404f4decca76ac283093ae65fef78d07c1b75e,Volume
1340032309,3d5d89dfb0bfaeae14c155929de5c5c2134637fb3d3bc58d5dd6b0570a674150,Become Student I to unlock.
1404225999,3d5d89dfb0bfaeae14c155929de5c5c2134637fb3d3bc58d5dd6b0570a674150,Become Student I to unlock.
1524583585,3d5d89dfb0bfaeae14c155929de5c5c2134637fb3d3bc58d5dd6b0570a674150,Become Student I to unlock.
1554098431,3d5d89dfb0bfaeae14c155929de5c5c2134637fb3d3bc58d5dd6b0570a674150,Become Student I to unlock.
1627762214,3d5d89dfb0bfaeae14c155929de5c5c2134637fb3d3bc58d5dd6b0570a674150,Become Student I to unlock.
1667740902,3d5d89dfb0bfaeae14c155929de5c5c2134637fb3d3bc58d5dd6b0570a674150,Become Student I to unlock.
1839992282,3d5d89dfb0bfaeae14c155929de5c5c2134637fb3d3bc58d5dd6b0570a674150,Become Student I to unlock.
1932862630,3d5d89dfb0bfaeae14c155929de5c5c2134637fb3d3bc58d5dd6b0570a674150,Become Student I to unlock.
1955395171,3d5d89dfb0bfaeae14c155929de5c5c2134637fb3d3bc58d5dd6b0570a674150,Become Student I to unlock.
2027343297,3d5d89dfb0bfaeae14c155929de5c5c2134637fb3d3bc58d5dd6b0570a674150,Become Student I to unlock.
2138415481,3d5d89dfb0bfaeae14c155929de5c5c2134637fb3d3bc58d5dd6b0570a674150,Become Student I to unlock.
1340035282,fea28688d55f3ce953b6967098d9b4756e0b8b4535084b25f2f9d2ac1a8e11f9,Building Block - Neon Purple
2062436184,fea28688d55f3ce953b6967098d9b4756e0b8b4535084b25f2f9d2ac1a8e11f9,Building Block - Neon Purple
1340035458,2577508cbd93f3f508c7326b4229870d9a13cee0d18fed58cc7ba8c86a8d2868,"Is that the weird thing that took BINI? The shape matches...
This thing looks pretty impressive."
1340061422,7d7e360586090927c7aeee67c8a46d8354694e7aa4b722ff5b421347f798057a,No results found
1909340754,7d7e360586090927c7aeee67c8a46d8354694e7aa4b722ff5b421347f798057a,No results found
1340161007,ee34d9eb11d5f989265bd00335317381a7f09f68d5e461710f594fe622673dc4,"After standing still for 3s, enters a rooted state and gains 25% DMG reduction. Effects end immediately upon moving."
1340166271,bb783e6c81eb66e7967711559ce44ba2546c5a18152fc4d68729c88feb6cd8f7,"Blond hair flows, dazzling as lightning."
1371968545,bb783e6c81eb66e7967711559ce44ba2546c5a18152fc4d68729c88feb6cd8f7,"Blond hair flows, dazzling as lightning."
1556105144,bb783e6c81eb66e7967711559ce44ba2546c5a18152fc4d68729c88feb6cd8f7,"Blond hair flows, dazzling as lightning."
1340194443,64b937f1675b02b9df16d6a6460312ce2714878a24ffa14740ae47ea00f7d41b,"Ant originally came here looking for inspiration, but Ant discovered a crack in the castle wall, and those annoying Vines are growing out of it!!!"
1340202443,11ad22374cecca83ae023164dc520b516e3752a85625ff8c3f84b264b51dce28,Each hit taken increases ATK by 5% for 10s. Stacks up to 6 times.
1340203954,c6defdad8678ab0c4e7824e54fd3e7a056dc85cc07d0a8a93500f45123b5a7f4,"Greatly increases damage against targets on <style=Hint_BgL>Chaos and Nightmare difficulties or lower</style>.
With a chip installed, <style=Hint_BgL>slightly increases damage and load capacity</style>, and grants the Pathfinder access to <style=Hint_BgL>tactical skills</style>."
1881650562,c6defdad8678ab0c4e7824e54fd3e7a056dc85cc07d0a8a93500f45123b5a7f4,"Greatly increases damage against targets on <style=Hint_BgL>Chaos and Nightmare difficulties or lower</style>.
With a chip installed, <style=Hint_BgL>slightly increases damage and load capacity</style>, and grants the Pathfinder access to <style=Hint_BgL>tactical skills</style>."
1340217568,b97c4a1ad9147eca979221fc8a2f6ece9c384e12e7d45c2901f1196151e46477,Astra NimbiEats Delivery Package
1340218719,5c7dfcac8d1610d7d21e0a8f934711a9ca7bea66767e76fb884a110213a62121,"Regular attacks cannot hit underground targets!
Use a skill that can [<style=Hint_BgL>target tunneling enemies</style>] to force the enemy to surface."
1340261488,cd6317b826072e616fa092b856c1e36f5a536f44429c9e7a9285113631cbfe00,Run!
1340275672,cf4e643a3fba23778f3f1f9e9478077eaacc04a35308f8bc41b8a2bb680da72f,That Stellarys’s stars look unusually big and brilliant.
1340291095,0d1563301f3edae79a33bff9de01eb181ed00ff875353ee304a9a1b78f614778,Anii Idols Talent Scout
1579934735,0d1563301f3edae79a33bff9de01eb181ed00ff875353ee304a9a1b78f614778,Anii Idols Talent Scout
2096895303,0d1563301f3edae79a33bff9de01eb181ed00ff875353ee304a9a1b78f614778,Anii Idols Talent Scout
1340328005,89f64178b669e08d8353843a9a169276b947742fb836c5d66eaf3876141b4c03,Config error
1340352635,e224326e64dece0c303e3b6c0ecdc40c415cbe07d2a1020c4942d54f93338d34,Plot 20
1340364374,6a6303ab6854a5be109449fb9d6c31e6002750e12048c0788a904ee190171ae6,Uh... this is kind of sudden... I....
1340399800,838cb87cc1fdc87518f5b064b0d03d4edbc3a5da66aca53ded9d0cf9e9ae5bc2,Shell Sword
1472183539,838cb87cc1fdc87518f5b064b0d03d4edbc3a5da66aca53ded9d0cf9e9ae5bc2,Shell Sword
1666440584,838cb87cc1fdc87518f5b064b0d03d4edbc3a5da66aca53ded9d0cf9e9ae5bc2,Shell Sword
1340404477,2509df31f9867361aeeedc28575f6b33ed942034811a5ac55b238da00d5f1184,"Releases a water vortex at the target location, dealing damage and pulling enemies toward the center. Each hit deducts <style=Hint_BgL><customRichText(calcData,timeline,2107111,param1,1)></style> Energy from the target."
1340427273,010a223af0ca9ef7ede1a9528cd9dc5ea1c34c924b19c3f20b4ddb33c0808cbf,Ginseng Porridge
1340483369,e7d0bea0cc9767abfe4ff662cbd90e9b2fe90e81d7a7f958ca2ae4b2397bd405,"I-I got so caught up listening to the stories of Thousand-Fang Ridge... I forgot to run...
Too bad I missed the story about the Icho..."
1340489151,82caf121a99b4a79b35f012b579efdd81ecd988e48d21627089d52ed0d127b7c,"Alright, let’s go! Use <color=#d89c28>Call Friends</color> on me, and I can join you."
1340517147,d05df333c197a65a5b5227c8639be62714e2d7164683298cb95347d13e118a4c,"Clear blue blooms spread through the greenery, small and delicate. Each petal seems traced with the fine veins of a bright open sky."
1521243726,d05df333c197a65a5b5227c8639be62714e2d7164683298cb95347d13e118a4c,"Clear blue blooms spread through the greenery, small and delicate. Each petal seems traced with the fine veins of a bright open sky."
1340533841,f33372640840644707e7ffe39a0b19397019244deff7718c447b462b9b432a5c,Irisalis on the Ground
1340633782,da0fc46228e270d4efdb1ff535afb16614ce77921ad65eb8767cf897774ab95c,Furniture Shop
1646685422,da0fc46228e270d4efdb1ff535afb16614ce77921ad65eb8767cf897774ab95c,Furniture Shop
1720303149,da0fc46228e270d4efdb1ff535afb16614ce77921ad65eb8767cf897774ab95c,Furniture Shop
1933868542,da0fc46228e270d4efdb1ff535afb16614ce77921ad65eb8767cf897774ab95c,Furniture Shop
1340683379,4fcf4384f0155e6284bb6cd9b422c9aea28ac97f4787ab9666631d40756d83b1,Disable Shadows (Except Player)
1340700097,3730735c6f4a4c8196934134ce79b85f15af695487db01abf682f85f91be77e3,Dazeshrooms grow in <style=Hint_BgL>Mistwoods</style>. Their vivid colors stand out sharply against the surroundings.
1340700368,84b33b863072ea6929477e859f821e6ba020d876b459244336e3d9591e376192,"Strung together from pearls nurtured by ocean shells, they shimmer with a lustrous glow."
1901104837,84b33b863072ea6929477e859f821e6ba020d876b459244336e3d9591e376192,"Strung together from pearls nurtured by ocean shells, they shimmer with a lustrous glow."
1340700483,26756ab7ac0c939476ea43682bfd06466fecaa4066d8833146d7da79f43e891a,How did the road get blocked...
1340714833,adb1b0c5b2dea21a2c5c1b9775d7273cf28c6752447cf2afef08d1b5b101cfc0,"Hey, look over here! Claim this exclusive greeting and embark on a new journey with us!"
1340737956,cafa89302940509f9d53d73868c2c608eabb5bc18a72bcae6f036f754e418dd9,Xbox Network is currently unavailable. Please try again later.
1340740868,9de6fe1d72659daec67e919b0c473a24da5f03d3d096dc44ead1687240975f7c,November
1340849835,6c7d8e29c1ac0f5c656c9ca0878ab8d38326046baf4a01c1feae3c2eac3dcfb6,Select Food.
1340864973,33ef1f483163d777e16246705437ac569a4350ba87db589230aec6f7bdec0cc0,3-Sol Sign-in Gift Pack
1340877110,7c1c7c9295643913f1434902a86f1580348507dfedd077b7461ea0a2892e6d40,"press [Aniimo Avatar]
to switch to Stellarys to counter the target’s element type for the win!"
1340900064,3e93ded328010c26b2176cdc15e10c360110a14f9f60379e2d83f093ad3f3e2e,Chapter One
1340919561,d470943415b5e037de7786d624c052876abace1f0a0ea12af5fc085899c08ac9,Don’t be surprised to see them floating in the clouds in small groups above the grasslands.
1340942775,c4b85b3616c250fe64144fa30abdb1b90261dc3834f31b3a748e6cfff7f5d962,- Now Open -
1340949560,782a265b1f83ec625924f0b84044ff464b3802234b82a20e3d71cae226d1edea,Rewards (Sent by Mail)
1340952171,71f86a651ac326283eb23fc70eda5b866109bbe464499e52b9febd48e22e0ee4,Was there more?
1341095436,faa4c74d49184125dbbf6826551b855ccbf67a5426157286cca465429890c7e7,Glynsera (Prismana)
1341109401,4d564b7fc3641160dd1005b228caae2ee090f144461b66f2cc1845670e4bc340,Na-mm.
1341111610,ca5ea759f41582560d495de19be598e08a2450559ccf7b06e1b149b7a9fc67e7,Waleetle
1353269315,ca5ea759f41582560d495de19be598e08a2450559ccf7b06e1b149b7a9fc67e7,Waleetle
1443550275,ca5ea759f41582560d495de19be598e08a2450559ccf7b06e1b149b7a9fc67e7,Waleetle
1567659625,ca5ea759f41582560d495de19be598e08a2450559ccf7b06e1b149b7a9fc67e7,Waleetle
1774773209,ca5ea759f41582560d495de19be598e08a2450559ccf7b06e1b149b7a9fc67e7,Waleetle
2025686160,ca5ea759f41582560d495de19be598e08a2450559ccf7b06e1b149b7a9fc67e7,Waleetle
1341197920,aeca184a9bb791802da65669979c100a111d2203267c3f665be80f7bcfd57262,Umbral Pranky
1692188121,aeca184a9bb791802da65669979c100a111d2203267c3f665be80f7bcfd57262,Umbral Pranky
1341209590,927f76590f806a800349063bf4033f7ed06dae27e25afe1aa0a1a682f8271d0a,Aniimo Display
1341236718,945fe5bb07c9a9049e50e4cb7239671fb7e1a1802f63fb954bdc8b62d23e9caf,How to Obtain
1372442919,945fe5bb07c9a9049e50e4cb7239671fb7e1a1802f63fb954bdc8b62d23e9caf,How to Obtain
1499936699,945fe5bb07c9a9049e50e4cb7239671fb7e1a1802f63fb954bdc8b62d23e9caf,How to Obtain
1542520433,945fe5bb07c9a9049e50e4cb7239671fb7e1a1802f63fb954bdc8b62d23e9caf,How to Obtain
1593636460,945fe5bb07c9a9049e50e4cb7239671fb7e1a1802f63fb954bdc8b62d23e9caf,How to Obtain
1628831379,945fe5bb07c9a9049e50e4cb7239671fb7e1a1802f63fb954bdc8b62d23e9caf,How to Obtain
1678904775,945fe5bb07c9a9049e50e4cb7239671fb7e1a1802f63fb954bdc8b62d23e9caf,How to Obtain
1716336313,945fe5bb07c9a9049e50e4cb7239671fb7e1a1802f63fb954bdc8b62d23e9caf,How to Obtain
1718489921,945fe5bb07c9a9049e50e4cb7239671fb7e1a1802f63fb954bdc8b62d23e9caf,How to Obtain
1732570378,945fe5bb07c9a9049e50e4cb7239671fb7e1a1802f63fb954bdc8b62d23e9caf,How to Obtain
1780669283,945fe5bb07c9a9049e50e4cb7239671fb7e1a1802f63fb954bdc8b62d23e9caf,How to Obtain
2081128654,945fe5bb07c9a9049e50e4cb7239671fb7e1a1802f63fb954bdc8b62d23e9caf,How to Obtain
2138733312,945fe5bb07c9a9049e50e4cb7239671fb7e1a1802f63fb954bdc8b62d23e9caf,How to Obtain
1341239151,0c295be4317325429361a9d930d6d6b98625ec4dba32b5d8dcc26a73a3659bfd,He has to stay somewhere far away.
1341248134,dfa93870e225a916cca75fe6193a907a420d62eb74eedd38a13c5538a2cd54f5,"Well, collecting Aniimo, learning about their traits, researching and developing them...
You’ll hit it off with Bohr!"
1341250211,373f0069de997695201b8b01a67f62af72daf82ac6e63837fa94c95d9e7e45b5,(Sariou’s probably a friend... Cultie... maybe someone it likes? And Grandma Bolty’s a fun old lady... So who should I be?)
1341262053,afc804ad85f0448b45d99e75a699f33d3420215e03f17dd380cb00e04c0c3300,Maybe I should just go and play with the Fentufts...?
1341306619,351a6219f75cb71f26646d16b3e01887287ffc13809f491d54563c0e83a36f52,Aniimo Craze
1341310331,664a4448362e0921ab9a8b33d27b706bc9a25325aacac496a81d2951e9f08f64,Nice... works better than any energy booster...
1341318626,5acc35d59ca537db57ac66ce3e2f6cb568853787779d02fc9e702ff4c7a79ea1,Set Roguelite Aniimo HP Percentage
1341320603,67dab2509b2758c0918816273b88f4fee287393cc368290f97bbdf1fbb40240a,"Spend 50 <sprite name=""ui_item_1001_small""> to extend the time limit by 1 minute?"
1341331308,92b394f9eaba6c14ea82b0ed135cdbcc060434a2282389454ade0b9cd51735d1,Refreshes after opening the Chest hidden inside the rock.
1341384034,106ffba8859d56f0ac3a3e0fd8eb2d6287eba7d1e79ae69b914169b9ae0042b7,"This Aniimo’s Potential for this stat has reached {0}, and {1} exchange attempts have been used up."
1341397122,abbcbacc723c2ac95d9635358c27ee0ccddb4c592c4c1ff53ba73299bb342259,Spins and fires lasers in 5 directions simultaneously. Hold to consume Twine Energy and continue spinning.
1341404984,f05a9541d5080a974e3013663f0780de06342b6b803fa52d57ad772aa1ce46f2,Durability
1341457095,6737d1c41f6919045dc8f7f3816875d3c7597fc0659a7d97a2d8abbddce2a30e,It would be great if you could look into it! Let’s keep in touch in case you find anything.
1341468646,f8bfd9081056cd2431532c0f7f4ca7880746d7cc751ddd772fd89cfa144ff9e4,I’ll make some changes based on the real layout. Let’s talk about construction tomorrow.
1341561084,a123642e83b149a7e2d1e5b2dd3bfa7707c74b4a930d51a80b94d3910b005b03,Bathroom Essentials
1341562433,b94b0643fe1357419bdae885cfc49bc80b0e12789d64452d353210b3d13da368,Unlock new chapters to access more %s courses
1341565887,9a30b2c3424e69b94da6fa40964070131a7dbfb397553250d40a8f026fbcf8ae,Gaah&#%mushroom?~Waant!
1341579354,dbf2db4c59e19d77e4de900a88fdf39d28b5dcf00579204c973ffd529febb45f,"Hello there, kind stranger... *zzt-zzt*... We’re not bad Bolties. Let’s keep this between us, alright...? *zzt-zzt*..."
1341598170,9f6a02e4d07d6af8bf6aa751bbab88aea09d67bd0591f0a87dfc88e11eb9d346,Level 5 RV Welcome Pack
1341649000,ae661b70710f4b4686b135514fb8533ca95db12433c3135eb5ecffbfa98c8a95,"The temperature of a flame is the most honest. At that time, I could sense that its flame was no longer as Scorching as before, indicating it was no longer as fearless as it once was."
1341657003,c16b297f34cf8e0426c9ded70c1cd0c64c29da98aeced25e4c851a2841becb23,What Spice?
1341682401,25741f4afabfc45a3851226f4d0839c8c12499b4f92fd77b452bba7d2bae3242,Impressive! You understand elemental counters even better than I do. I learned something today!
1341687191,b599856911ef20eb812eb2efa1013cb48ea6ea48e5876e43beb7670a2dfe8ebc,That’s right! Failing is fine—what matters is bouncing back like the best little Emberpup you can be!
1341704171,a5c75968f21b6ebe5db4a91bce1ae01bb812a8d9a51e4479d65ce5ca8377afb9,"It was once the most precious possession of a Susuta. Hidden beneath an Echoback skeleton for ages, it has become colorful over time and has been endowed with the power to guard Aniimo."
1341726436,5dd3652c9c7995adcedf5fe9ffe1f2096ed60d3f87a8e7231889c6345d266cb3,00:00:10
1473372082,5dd3652c9c7995adcedf5fe9ffe1f2096ed60d3f87a8e7231889c6345d266cb3,00:00:10
1567550779,5dd3652c9c7995adcedf5fe9ffe1f2096ed60d3f87a8e7231889c6345d266cb3,00:00:10
1762354084,5dd3652c9c7995adcedf5fe9ffe1f2096ed60d3f87a8e7231889c6345d266cb3,00:00:10
1341750542,1a9cbf1055a0895b98dcb94b119524d9254e10cbc0d37ddc638ec4983e2ebb16,"The tubers hidden in the soil are a simple gift from the earth, yet they can satisfy your appetite."
1813748769,1a9cbf1055a0895b98dcb94b119524d9254e10cbc0d37ddc638ec4983e2ebb16,"The tubers hidden in the soil are a simple gift from the earth, yet they can satisfy your appetite."
1341751926,452a93bbae0a8947931c11cecf16b02aaaa96a75e0c1027ebe9c138569606c1b,Throw at your Aniimo to instantly revive an Aniimo with 0 HP.
1341778223,0cc86a7532c4a60b776711cf12f970f48d5bd1ebb359bf27feea71df59ab16ec,I carved a whole uphill track into that mountain... waited for the landslide... pushed it all the way over—and now it’s shattered?!
1341804139,c8fffd7a623cd129b3f10c6a5baf483c71fdeb19dc6973af79ccea8256ca2775,"Your entire body is enveloped in electricity, allowing you to electrocute nearby targets for damage, lasting {0}s."
1341865715,afbbcbdadd307b0943be883a6e01431e8abb18738ef585568483f8cd589ec979,Can be used to put out fires or freeze wet objects and water.
1341871607,cae1e297463f7b6a868fef94b3198bfd960c17f6fddaddb31e949318cd8c2a80,"What do you think? My Prismana Aniimo are gorgeous and pack a punch, right!
My dream is to collect every Prismana Aniimo and build the ultimate Prismana squad!"
1341885616,0ac237c4e74ea3762ac86d9d8655efd65501e8ebc634f79c5b1148aa710cd4be,"There are many things the Academy is uncertain about. Legendary Aniimo, though rare, have at least been witnessed by the Academy."
1341953838,9a39bcd5fdaa95321e31aaab041c2d1f7c46fb325b44321866f9eb0a92a06f04,"It's also an ant that loves cleanliness, and will definitely clean up any mess it sees!"
1341955594,bda8bf2ab1c47516109ee0d2722c728990ef65f48b2f4fce51643ea52c1248a9,Unlocks at level 32
1341977592,c6a44d932c6328b40258250808d2f257a1f58f573235e13046143e08318838bc,Nice try changing the subject...
415705196,98b8e76b9c67a3c86ad5090e5e2030d3949c0a4c3af69faaf7ed840858e99a0b,An old portal left by earlier explorers. Use it to evacuate.
1341979007,98b8e76b9c67a3c86ad5090e5e2030d3949c0a4c3af69faaf7ed840858e99a0b,An old portal left by earlier explorers. Use it to evacuate.
1342020361,27649972dd4c79716319a910134ac61b04dfcd0cf843b6a153c7309cdf1c8ec2,"A bunch of Celestises have been coming by a lot lately... Our stock can’t keep up, so we need to restock right away!"
1342030248,fda4fbf05295629e7ef740a720e43158455a10831f03a393e0ec1adb2dfc7fcd,Super Popular Healer
1342032873,ea2adf0034605d0f2d14d865e30c0e9584d1f0e4b2dbecb10af2d5914bcd856b,Rich Vein energy has nurtured an Aniimo egg. (Spawns on Branches every Monday at 4:00.)
1342051556,b3dac0b6caddd321eced09f93a6ebd8d1171d613b9b3745ecdb25dd6d12c33f5,Fermented Rice Drink
334109011,c4cedb44cca1ea3db7e2b9fe0790b3ccb205bea702f4ffb431e8625221381539,Reach Affinity Level 3 with 1 friend
1342054814,c4cedb44cca1ea3db7e2b9fe0790b3ccb205bea702f4ffb431e8625221381539,Reach Affinity Level 3 with 1 friend
1342058905,50ce9620cc5ead9016c3a5cf79da30601e47d0c245040882da6e18f436f20852,Approach the Bouncy Pads and tap #kHud/SkillQ#z on the withered Bouncy Pads to restore them using Skippy’s ability.
1342071629,d22a30c4426128424c4084602d8ae2685b58e6e04585f3995bc0e58ea164058f,Furniture Blueprint: Harvest Moon - Fruit Medley
1342084028,81a1ed0724efffdc25e83be074424f0d6745781f6e9f9e256fbbdf6ca39fb51f,Companion Handbook Free Level 95
2052775357,81a1ed0724efffdc25e83be074424f0d6745781f6e9f9e256fbbdf6ca39fb51f,Companion Handbook Free Level 95
1342085253,59b214403b7c9d4ba8e9d4a79a1a8b06e2fe9530e4274fcffc3d208aa8e2f099,Little Bone Pack
1342119420,e79ebc9d2fb28f13d6112d97d78a43779702aef5e54713380c5b957dbfd47979,"Incredible, Shelly! Shelly kept us safe!"
1342126714,e00233276a6362d3e33527f7d5c6d8e9b8cbdb2e1aa4b47297f1756227cec3f1,Quick Training Pass
1342145504,31ef49c29299c0993efc446bfbe6086b70bcb6ac6ccfef22575b2b1b75f3d1a9,The shops in Astra have sent over new orders—go check them out!
1380682563,31ef49c29299c0993efc446bfbe6086b70bcb6ac6ccfef22575b2b1b75f3d1a9,The shops in Astra have sent over new orders—go check them out!
1342153959,caf8b361d4076eed33958dcf0a8923ea7fbf1a7bb56eaff6c3c1c974d2314da3,Mighty Scorchhowl
1619514650,caf8b361d4076eed33958dcf0a8923ea7fbf1a7bb56eaff6c3c1c974d2314da3,Mighty Scorchhowl
1971269799,caf8b361d4076eed33958dcf0a8923ea7fbf1a7bb56eaff6c3c1c974d2314da3,Mighty Scorchhowl
1994593446,caf8b361d4076eed33958dcf0a8923ea7fbf1a7bb56eaff6c3c1c974d2314da3,Mighty Scorchhowl
2081144945,caf8b361d4076eed33958dcf0a8923ea7fbf1a7bb56eaff6c3c1c974d2314da3,Mighty Scorchhowl
1342172148,843e872416dfa3e6972dee75d31c3803a8cf3f9f921f932eae784c8aa4afa7ce,"Even though the Somniwing only comes after the ceremony...
The blessing is real!"
1342176123,ab872c512382a0051c41c744394cd0f21ce8a60eefbd3e95ddf5380c08c9a4a8,Plot Name (Placeholder Text)
1791952194,ab872c512382a0051c41c744394cd0f21ce8a60eefbd3e95ddf5380c08c9a4a8,Plot Name (Placeholder Text)
1342187122,571e6f88824dec7c8fc298b33f4b1ef663946001d615d1521e8a537f363578cc,Retro Sunglasses
1342189710,e50c655753adff86ba6f66c18eb51137767599c1b82718100f6ecd3095de0191,Remaining BREAK Value
1342198543,ddf941e957ddb8e9d26645f03d73593e324349ff5e2e5d434e4d5301952043e8,<style=Hint_BgL>Shock Wave</style> is now available! Use this <style=Hint_BgL>skill</style> to break rocks.
1342316597,6550d2dc0122a7fe99c8afc7005e2988cea5b3c7b3900aa4a371bbd57928dc39,Sparkling Pumpkin
1703846790,6550d2dc0122a7fe99c8afc7005e2988cea5b3c7b3900aa4a371bbd57928dc39,Sparkling Pumpkin
1342385317,6e42f3af83582ff1b73b056453ef708fd23e9b4060e1d3cb7171c3ab65a40993,"Twine with an Aniimo, then press and hold the Jump button to fly. You can use it to cross water."
1342391705,8533334e38084ac2db12d6642cb0b608b8f9336f106233f603c0e6597cca6555,This Aniimo has already been placed.
1342394106,ef277155035713ff6ae6035154da01d1d8b9ecd719a8b740b210b0efaa0294af,Extreme M.DEF
1342406606,92b12b90f81581d15c9cccd42e8548811bf08aa29e4073049a417a87b5daf6f7,"Yeah, we lost the Twine, and I might've gotten beaten black and blue by it... What a headache."
1342419907,d9d61bb2dd8b1cb59925d6ea8423132717e610b196bbc75e889eeab8e022a767,All of the Above
1390755156,d9d61bb2dd8b1cb59925d6ea8423132717e610b196bbc75e889eeab8e022a767,All of the Above
1514347141,d9d61bb2dd8b1cb59925d6ea8423132717e610b196bbc75e889eeab8e022a767,All of the Above
1636012144,d9d61bb2dd8b1cb59925d6ea8423132717e610b196bbc75e889eeab8e022a767,All of the Above
1687898504,d9d61bb2dd8b1cb59925d6ea8423132717e610b196bbc75e889eeab8e022a767,All of the Above
1735087991,d9d61bb2dd8b1cb59925d6ea8423132717e610b196bbc75e889eeab8e022a767,All of the Above
2084364378,d9d61bb2dd8b1cb59925d6ea8423132717e610b196bbc75e889eeab8e022a767,All of the Above
1342423777,e96426f33cd380fb0357e3587209fcebc1b9c6e15577f0e58183f4790f79de86,HP Loss Multiplier
1451698287,e96426f33cd380fb0357e3587209fcebc1b9c6e15577f0e58183f4790f79de86,HP Loss Multiplier
1342433598,cb35e5d909176177898e92bdd188ad058b0ee36b08f0dcf180fc2fbcb7c9bb89,Pretty Stone Found in the Cave
1342434142,a1ffed03d4bcde8c2c092ebdc5a879203d9d8987d6ad44134af49fb0ff04acbe,This player is not your friend yet. Press the button above to add.
1342436729,5875fc3f4f5ad11f5b3ef618a2e3a64b45b374769a4cebcc0d4aa50b0c907b28,press the <style=Hint_BgL>Twine button</style> to twine with Emberpup.
1342459593,afd3fbbb8fd4b1b4bf85f3165a90d1a1b7c350f193fbf78b09cd6ee520da811b,"Orange fungi that seem to have captured the sun’s essence, with caps as smooth and polished as amber.
Can be sold in the Inventory or at the Co-op Store for Home Coins."
1342466513,ef26634efbddd4738dd33cba9c2f9461faef4b80de509f3d76a7e99cf80156b0,The clouds are gone... There is a <color=#d89c28>golden Nimbi</color> falling from the sky...
1342543392,a745fa1098dfccb2d26aaab1581ccbad042df4fff6e0f014fcf6c834e2b619bc,A Pathfinder ordered gifts to help their Emberpup find a Scorchhowl mentor.
1342555714,f6584d12eeda5e2256344ef69268bdf34e3a96db7bd967effea06485f76e662b,<player> has not yet reached the <title> title. Cannot enter yet.
1342590365,54aa7d1f1610e0442c488459d554c5b496be990b05b9636da9c1b6d33e72e5aa,"Woven from natural rattan for ventilation and moisture resistance, this basket keeps discarded clothes off the floor and laundry neatly contained."
2144451105,54aa7d1f1610e0442c488459d554c5b496be990b05b9636da9c1b6d33e72e5aa,"Woven from natural rattan for ventilation and moisture resistance, this basket keeps discarded clothes off the floor and laundry neatly contained."
1342610223,47915ab9c2e776074179611fc036058a257be9136ef7abecd6809f1eda24c2f6,"Its hands turn steadily from sunrise to moonrise, while the weathered clock stands at the corner and quietly watches time pass."
1969855619,47915ab9c2e776074179611fc036058a257be9136ef7abecd6809f1eda24c2f6,"Its hands turn steadily from sunrise to moonrise, while the weathered clock stands at the corner and quietly watches time pass."
1342629045,1157382e7de0afd3672406c9cc3be5349a971d23778ccd7c3058828c1888275b,Growing Vine_6m_Downward
1342658849,6cf8a421c8632a66316512b5ebe95bb650e1391684bea695b9b59dfd9e3bda16,Volcano Bean Tree Timber
1342666162,e199936f78b4769936d52f928c37bb639d9ea27ed6e61ab6701eeb636c8d41e1,Has the report for this incident been submitted?
1342668377,3897f2d84490bd79554527c4121d6d2e6c62bfafa6f30d6989c1e0bf007b2339,Super Armor 
1901286337,3897f2d84490bd79554527c4121d6d2e6c62bfafa6f30d6989c1e0bf007b2339,Super Armor 
1342735863,62854650a6c664f69c5cb058ee7569fc49f8f703a39eddc7ba58389f6e85f036,"A perfect ending! That’s exactly how the story of ""Susutas Entwined"" was always meant to close!
Thanks for your help! I’ll put you in the credits under ""special appearance""!"
1342805073,e5ae11420bcd99808c28e25a2afc17796b0b6faf374b6be8fb56b45b2d265f72,Stop Performance Recording
1342813280,1479f9a904749a1cd5a0b6686265a56e3848785af998d9740fe2c9267e60bec3,"All set! Now you can pick up your new RV at the Sea of Flowers Park. 
The park is right ahead, you go first, I’ll... follow right after."
1342814127,bccfb944918ce5568d4c527ba547bd8a91db19b63717e5859719b0f9a3f71ebf,ChillBeanz: Now Open for the Night