2070865817,6d4a9d35237599fb62b9884506ab91f06b716c1d8d96b9e672e4bc3f7f4c7771,"#playerName#, are you home? I’ve got a surprise for you!"
2070868124,dfe7e19bacfc54d4d580d4c587f8c7ddf3cbd6f0a1a12d83f192e47198992f24,Launches a slowing field when defeated.
2070870297,3a7fea877babc73b379281bfe4d2cf1fd16f20aaeaa4cf94813b85f9800dd9aa,Flutternyms fly through dreams here like flying through flowers in reality...
2070920044,c19349973da10452593d5574c0b04f2cff5f43ff1fa5875d5e245c2ed9b1a4fa,Flamerion has appeared in Berylline Causeway to protect Sparki!
2070965801,537756a6c7675748afefa7a45ef9150013607ba634f695c916e4fbdb57ee77e2,I heard the owner took the money and ran. 
2070971633,53492369263bc1336534f240e360684eea2104cb8faed25877c86a0e40745ab8,"...I thought you were going to knock me unconscious... How did you fall asleep before me...?
Ah... I’m jealous... I wish I could drift off like that..."
2070984125,1ea46e4486d2315136e445217e7b655d909f7eb73d378cd7c16f417875aee83d,"<color=#5090df>%s</color> was sleeping, a piece of rock that came out of nowhere hit it on the head."
2071014004,0fae248e0aa4023d858a4f973fe66a66f5a2fd67b571aa00fd54af57103d4166,"That's right, the mist, the darkness, the roots, the swamp...
Mystery and danger are what I thought of it before."
2071044704,078f91e20229e7808a0453e9912c2242acc19a377de3801f6698e57faf9a0eb0,Then I’ll leave it to you. Could you go ask them what they’d like?
2071129170,3930bcfdb9f8a556c340781ad868a948b0b456b5fc6d9d1bc87a70415190d2da,"If you survive until the end of the time, you can take the egg out"
2071142978,c1736e0bf7175cab8f4ac708f26b9f2fb2288863eaa094784cab46988dd1be88,1.2M (Placeholder)
2071162627,bb96074f4f41427f298f1b0b38ed4816626cbb88f2f89d9c2609095cbd5d9660,There was some movement just now... Maybe I can get in? I’m going to try!
2071174895,417820e4c07aacf8780f8fa061cdf98052be4821d0342bf05e8fb27361990961,"As you encounter more Prismana Aniimo, your Prismana Pact will grow more complete. Continue registering Prismana Aniimo to raise your Prismana Index progress. Reach specified registration milestones to claim milestone rewards."
2071196723,48bcd6b2823f7fc6f3de73350fa4139ee75095e4c552d168daaa5198a77f4d58,Wow—
2071205354,28e58489fa8e9adda1965cb8c4d28ad4f4b0049995ae1ca40181262d6c0ff3ee,That’s also one of the goals of the expedition.
271999447,c4c3999e9028a406ff8995c9e1507ed682534c39e7e2ece45ac91548ecac146b,Go to the Bloom Festival.
520400371,c4c3999e9028a406ff8995c9e1507ed682534c39e7e2ece45ac91548ecac146b,Go to the Bloom Festival.
2071287569,c4c3999e9028a406ff8995c9e1507ed682534c39e7e2ece45ac91548ecac146b,Go to the Bloom Festival.
2071291675,95621bc573e44b0d7ba3cd62532c8f47e087d6011d8a68f1aa94c471b4af4b91,"Oh no... Did everyone find out I’ve been tricking them? Why is it suddenly all thundery like this? Oh no, no, no... The Bolties in the World of Wonders must be mad at me..."
2071366412,884c47af3c071dc275b85a65d3361477211fffd54ce31421fae27f6271229be9,Max Carry: %s
2071368785,c75c5386ca9975665df3b5392c129bde92b5990419f4319d1f4208df8ffb3ad5,Damage Amp +10%
2071427431,ff31fabf2b8fc8e2ea2fbc20a3d2b8af78cd911d12159665e104f41fa6a1fede,Generate a set of standard Pet data for testing.
2071432627,9fc28630afa1c17624bc5af75cc7d0c0a2b57692ede2ba9b7890f5ba61645392,It does look pretty unique...
2071494629,e77083f2d8e9bac92288f2e53853ef3d5930d1110d009af5f8b758953c06b3e6,Research Manual Interface
2071499946,a8bef0a83b99f64b295c8a3cd091aa0bf0d94dc5346a6658598df2970bca4472,Archaeologist
2071531077,65c364d570a62168e875a3fa98718227ec5477a49bb596d7cf7b02ac77ae386b,Spend %s Lumin Ambers to unlock
2071565226,bd3fa28fa0a70361f92d5da9304c5386d51615d1d7ef539ef3d6169308984abd,"Skill Crit Rate increases by <style=Hint_BgL><customRichText(calcData,buff, 2103301,param0,1,%d)>%</style>."
2071569542,622c3c831b2e128d0b29a5c8c2ddc7f7439ba57326734b8990adaef328dc5cc5,Dawn Chill
2071575528,1607a2730db126ae0964ef4742248ecbb20f7913d7ec1999c99700ec4b5ea096,"You give Elvira the whalesong blossom and tell her the Echoback’s story. Deeply moved, she finally understands what longing truly means—not endlessly retracing the past, but carrying her memories forward. She successfully blends the ""Whisper of Longing"" and says she and Appo are going to create a perfume of their own."
2071624187,71f6297816cd7aaa595a654609643bcafce4a42a481efefef9ae00518f4f179c,Use to unlock <style=Hint_BgL>Harvest Moon - Starfall</style>.
2071628509,b0eeec6c675e4a68707498702272d9504a2976a590bb57870c7109cc8c3a7bde,"Sweet... yet a little spicy, with a bizarre aftertaste— Ugh!"
2071670850,9efcaff1b4de00f66b554a11e97f1321d4dcf4e18153c7d01d48e35cb978c524,Snowy said the Irisal she knows lives at the end of the Sea of Flowers.
2071679521,291849d910368c3873cc9153f79e9c24e193239f844ab6f0449d5af2ffd669de,The pattern is almost complete. Keep going to the next dandelion!
2071711949,688dc57843f8ef605fbaf33614394865f95bf12155aee51ef02880116c8a198c,Reset Home Clutter Info
2071746171,5664045ca00a2d2f98c69b4914b4f8fe5319844ec53205a0086a771ba8c798ed,What are they doing around the chest?
2071757421,936fb8781465981cfa2b6cf9af2f4616b067f75b10e14cb02582e50f01a79fa6,Max HP Percentage
2071782078,9a5afd74c76fd38b52626502f5cb2e6aeb2d245d1eee99fa9b88756d75a12949,Strange Flash
2071791743,c62d11638ccc4a3ae480dee8b456c82ee8a37fee62f43d5387fcb56bd2d8b52f,Offering Submitted: %s
2071792518,90557015d5ce1cc9e6bda07fd9cfa16a60f800b284c1387f2803369f017afbd8,Head to Coilstrike Club to shop.
2071812583,3f61ef29a55e3b3e6f5f0d860aa3b64ee434fa4a6cbf172c4188fef72550af0e,"You’ll... help Susutas find the shells? Great!
<style=Hint_BgD>One of the lost shells is shiny</style>! It’ll be easy to spot at night!"
2071836420,5879eaa8c39358aa7283ad31a71b730d84313d066a5709f47b141b5e0c3b6210,Semi-finished Besauce Dewdrop Crystal
2071907705,df1ca5a9c7a41bb460f494d39616c44b4c73252152ca85e8f7ec9f7cbe077f8a,"Sigh... No sense of style, covered in dust, utterly divorced from elegance.
Why are there so many students like this at the Institute...?"
2071942177,159d4745bf1d932c0ff3254354a435d954b0163c949b3663648aacaaf86e9d04,Earth-type Damage
2071948771,89f48afe87364473202c20f503f08477c57a148d5b51c656a6b26f26946ed793,A round fluffy squirrel with a blue back and a white belly... That combo’s just as fun as the streams in the gorge!
2071960411,2735858fa669c7c0344bcd5e4a4655d9e6ab3fb5bc5701420222ade2dbc380fb,Don’t think flattery will get you off the hook...
2071988441,16b4abc89c93143d9589bf06f0cd4d76e21cf98049bc9db0cb6b3e02320cc331,Clack! Clack!
2072003335,87d88ae84d54b73241c466f4d8879c1114ba443169c5005b27e306d99004eede,"A high-temperature fusion of ore and clay, combining the fineness of ceramics with the hardness of stone."
2072011624,3a4a06a300ccf71ad264c43f3aabafd3123b9697f2946a8ca71a829b086b6113,"It brings justice with a golden, glowing gesture."
2072017549,809a526a59a1a77663a678c2f6207b022507241840bc690bcb1d2115f50425bf,"HP increases by <style=Hint_BgD><customRichText(getConfigData,rogue_talent_data,44,param0)></style>."
2072163332,88f61eff90d298d9128f60154139e69c610b35a118b7d64f72b769e84fa2db2f,Dive into a vibrant dungeon teeming with quirky Aniimo and hidden treasures!
2072209959,b81aaddb4fef758d16378de0bab2a425977b6d915a2f8be46462b20abde8feb6,"Exactly. That's why we only opened exploration after finding this small island.
Unfortunately, this island only appeared by chance, and now, it's about to disappear again..."
2072275437,2c6d4c24af171166b2c7b21dd5173d5e9596f289fb630d32698e4a7561f517c8,"Hmm... I need to set a small goal for myself first, I’ll run 30 laps when I go back tonight!"
2072329300,bc5fbdb29e95d86c6860460c939df18b54914cc50da6bdd502a73805366e01b6,I lost my terminal!
2072347802,01af68bcecb13862fe95adcc788ebf8810919674f6663fe42a9b0413d1a1c613,Glowing big mushroom~
2072351927,c0ba6aaa8e481f377b3569ff6d20152cfe065c40d89c5411aeb991948ea933e4,Twine with your Aniimo to fight as one! Huh!
2072377614,04379d31e42044adecdb92cba72f92b0eb91e20bb5cc988583ec4530d186689d,"After reaching the required level, you can take the title assessment. Pass it to promote your title, raise your level cap, and unlock more abilities and features."
2072395681,b26223a928aae5ce3c4d79953c6f1efb2589d816a0ec8776b7cc483e93c958cf,"It's too agile, even the Aniipod can't catch it, and I don't want to Damage it.
I remember you can Twine with Aniimo, can you come help me ask what's going on with it?"
2072402768,bb4c0cfaa78d30cf874da3de8916a0f8e77bc5f5d6d1dedeb03c753cbffc4a82,Mysterious Chest
2072514055,0e7078674d5e1e13bbab618b602b947da1b228f6503c2e83b928b262a3ca7f1f,Nimbus Fields Park Manager
2072544151,2006b872af659ed9a28e787bfe187a3d6fb55ae4b30b0b83e9eb3bf4c89148bf,We need to compare the materials for different training plans in order to see every Aniimo’s individual capabilities.
2072552921,e7ac0786668e0ff0f02b62bd04f45ff636fd82db63b1104601c975dc005f3a67,:
2072617911,80f22a635252a4aae252ebe51c14eef7fb3bb1157326b052bf72e643ac16f070,Equipped Skill does not meet requirements (Placeholder)
350113515,8926cfb7a0985fea8398b95cc6dace682720be62201ea54f50a3e7849682139f,Complete 1 Pathfinder Challenge in total.
2072631713,8926cfb7a0985fea8398b95cc6dace682720be62201ea54f50a3e7849682139f,Complete 1 Pathfinder Challenge in total.
2072644262,0c45f69dcb404047ee4e19ecd047efbec5c6c64f783370bc4baf4a771cb44318,Flowers and Thorns: Rosetower Wood - Sightseeing
2072675393,4203dc76786dc019b89d243b6fef3319cd811dfc25b1ca64d039ecbc4fabbf9d,For Lunara enthusiasts
2072687719,d5808c0e0a479813fafc659ded78dcd18372dd71f3d0d5d52efdc940e6a384e8,June
2072702086,c56dc96bcc9d24f76f4a2a35a50a376326ce8b6480e6be281d53215d58593281,Describe the weird model and the Voxel Cube.
2072703740,894981ff0205d540b0d3ce075782cc12e0d5fb559f98c625e2ffec22540120e8,COMPLETE
2072726370,49712c82aa47f26ad4f739045473bf59ca16cbe2b9a3d2cc8625aa2e9bc0174a,<style=Hint_BgL>{0}</style> is low on HP. Try using <style=Hint_BgL>{1}</style> to heal it
2072753305,dbf4e6762a3e59402e2118e0e7b9161fb8fa4439bf6a47e828a6ca7cb6b56e00,"You're awake! I'm so sorry for pulling you into my consciousness... Don't worry, there's no danger here."
2072764646,97fe50704957c947cd21dca0a4efb331c3ac88866f0d6442e9fb07d34842f5ed,"When a skill deals damage, all common targets with less than <style=Hint_BgL>{param0}%</style> HP remaining and Alphas and Omegas with less than <style=Hint_BgL>{param1}%</style> HP remaining will be executed."
2072780056,da2dd0049cde760e496763935b86e406582dd7cd31da199a3b525c296dc43dcc,"It seems that two switches are controlling the energy shield, and perhaps Unlinking them at the same time can open the shield."
2072825917,63f3798a9a317e4cad617da785adb8c436a61fa233ef35960fa153afb2100bab,I don’t understand. I’m wearing a glimmer fruit garland... Why would Tucker...
2072916666,1990c98cb36dc9a1e3841cf17b50ee141bb75acda052b96e8347788fd37332dd,Story - Climb Finished
2072958322,487db3149cb7e280f7b39e3b592e3c58a0cfaf8f211ddd5801c5c3e4a91867ed,Crystal Glove - Left
2072992396,ad65cde5c1a4e90b06ae50e5c2567b37f44571b8ab327a6215ff38c1f9d2bc29,"Hehe, I’ve gotten better, right? If you want to beat my Earth-type Aniimo, make sure to use a stronger <style=Hint_BgD>Water- or Grass-type</style> Aniimo!"
2073025210,9eaf7e5bb4614c6c5c6c846b982bf47cfe640403c06c32f6e0291e86cf94fcea,Sip Sweetness
2073037591,0f7bbe0d8ec46ae37e4c629033090bf664a844acdce097c8f708e1342f95ad45,They have flexible limbs and love to show off their flashy kicks to anyone watching. They wear their shed skin over their heads like a cool hood.
2073051954,5f99e44f6b5ac4f3b303e5efca3d3ee6437083afd80d6f4a3ff8a2e1fdb8079c,"When Erlathes glide, Fahloos follow behind and learn how to keep their balance on slippery surfaces."
2073053351,c24ecda541f82ff08cfeecfe494d908b04da3ec91b1638b2fa5525470fff9278,Sparkling Type III
2073138040,16a07999a58c49aa8e8684a3be0dcc15d99a43df91d436d4a70cdb8fe9ddacf4,"After a while, I noticed a small bud on the rock. I wanted to ask the old man—is this the <style=Hint_BgD>miracle of life</style> you sought?"
2073138158,ddbee54153909d1ff0505d3ec114108290d0b3e27253be46e028a877be94ad12,"Evolved from Pomeggs, Pomawks carry forward the distinctive traits of different forms of Pomeggs."
2073166886,1841e36567c4bfc85ae7a6a3f947229cd679384ccb7ff47f2d063a01df40d19d,"I already set up a room just for an Aniimo, and I’ve stocked a whole cabinet with food and clothes!"
2073173481,05bd7c1a98a935e0be80398427c6011231029dbe88f9f995b5db16c7ccbac37a,"I think so... Anyway, thank you for helping me get the collar back!"
2073211804,a6f7cdcbc5924fd0822f58e70cc76874f1154b2c2ee5e6c01b878fe162a14c3f,"Once it’s <style=Hint_BgD>evening</style>, come back to rest."
2073235458,2e25f1c3d1e9ed9e4bfe490db5e9eaacdad178598797e3bf9634220b796556cb,"This interaction requires the full outfit set (clothing, hairstyle, accessories, fashion items and makeup) to be equipped."
2073361196,eddb425901ab6fc63fa4609f6e97f8e4af2ed39e5590c4a6b23b6c902cd9861a,Tideblossom Coast Assessment
2073424345,c2dbf69f57fde49054375cbfa1ee89deee9836a647a0a276d01fe746fbce9582,A chest is entangled in the <style=Hint_BgL>vines</style>!
2073427536,7e27033e2a431e3f8f021ad6f2415e3245431a3b7ccd3a77d9554d688619eb5b,Stop ruining the ice cave!
2073436194,93cb1edc25002c1dff63135dea3b181f64be07aacf92154a8c3d7b4302635546,I grew up hearing your stories.
2073449527,0684d71f064521206d6fcda3111e670a09f9289dcae3cf65de498ebf4abc7a03,"When Emberpup’s Fire Bolt hits the vine, a <style=Hint_BgL>white Lv.2</style> indicator appears on the vine.
This indicates the vine’s <style=Hint_BgL>Wood Material Level</style>, which is slightly higher than Emberpup’s <style=Hint_BgL>Fire Element Level</style>.
To burn the vine, Emberpup must <style=Hint_BgL>use Fire Bolt several times in a row</style>. Try using Fire Bolt multiple times to burn the vine down."
2073449714,2271a4ff9a5e1eb4e226dbb6209243ee05f45069979afb9b31ba07f9ff560e02,Cooling Range
2073471814,d7906459068190f176cf795f6e6158d348b925cf1ada9724ee141cfbd777f117,Training of Water - Hard
2073496784,16a31684c0ec9d36ab0339fc4c99806eaade4ffa5f9482cb161dbb53608fbc5a,"Light: Restores energy by <customRichText(calcData,buff,5000901,param0,1,%d)>%; doubles for Grass-type Aniimo"
2073557682,dc54cc3398697e54cd86a582dd46743b5e699b3429ffd70684484307618aace8,Common Material
2073563383,3c6d27041b99360904496ffb68d85a1b2c99e50ed2138cdd84ab5681033d66d5,"Here for the Assessment so soon?
How was it? Did you encounter any problems during your previous adventure?"
2073566195,f50b95001e214d66583a678e8da1bf20a2739b0406533ce28954cc465c05c0b1,Shelly-like Voxel Cube?
2073573969,d54d2c61ecb267342ae6a9f0a03f85c5e3f189f68e56a359a21ff922940286b7,"Congratulations on completing the Combat Skills of Elite Training, my champion!

Combat is a sophisticated art, and I’m glad to see that you’ve got the hang of it.
You must understand that real combat is the only way to test whether you’re good enough; your performance in a simulation doesn’t really mean anything.
Well, I always take good care of my boys and girls in the Battle Training Division. Here, take these rewards.
Don’t waste your time—use them to get stronger, then keep on fighting!
The journey to becoming a real hero starts now!"
2073599139,e04587f0abc40d25e7748559a4b5ac46910f10aaab0b8c1c0d165dcd64f47bc4,I just love <style=Hint_BgD>exploring</style> the Idyll Continent!
2073628394,8cb38df7160282f89c82ba05e86d9e40cf572143e8b804fd2eca3bff3b9ede56,Use to unlock the <style=Hint_BgL>Cool Summer - Paw-Press Latte</style>.
2073704630,39aa1bb3835b6cb94782ae2332f263ac5a53d1b88d5ce17a74bacd33ea48ee5e,"Be careful not to get too close, or you'll startle it."
2073705943,799d08bb3c09f121e9728c6d4a300cf02708d814c0aa2fd48d0db7d81c6aee18,The Prismana Flow is active in this area. Please perform energy infusion when it’s over.
2073754064,069282ae3d5f43fd6741e32fb899694345052c56e917827f5dde5fe335cf668b,Tucking BOSS_Official Vine_01
2073774519,44fb5143084afc0b7332e1c3cc737e53a8ddcb18b9f0e56d0fa8201a844096c7,Astra-Chest-Press F to trigger-Fixed 1 coin
2073775443,a64315140612b092285956e911f65a07eb17cb6b5f58bb3673d552fd0b30ea96,"Did that guy really look exactly like me?
That’s kind of gross..."
2073792590,d5968c2808983cba7a1af09d38288ef39edf578f17c7606fa125e529399e2a4c,"Where’d you come from, Jawling? This is MY private island. Get lost—now!"
2073796984,269f9cd7fdcc03a60817ccbb33805ae22b2ecd77382e11c4b778135e8c79b8b4,This area of Polaris Institute remains unexplored. You’ve returned to the starting point.
2073811319,66fbbaf7080beba80b574befc4af5aadb721865f2703fd5c6f8571284daef8a7,Dreaples have gotten into coffee lately. Time to buy more ingredients.
2073835538,9ebc6112a299dd43e2fe0361932a432bd75704a9eacd7e5932e184cff7c9874e,Premium Rose Incense
2073845605,91e1431246fe90934388bc06fb4d4d1167956b26078c4617cbecfbd413b0f85c,A dessert display for decorating your Home.
2073857205,26bff37e3747142e952284539de816b0a2e663b3e11e06cb20206b5264be78c8,Aged Omega Sherro
2073862938,df812ba736a1b2579c83d23a37c6f07aa289bd7776b5b662a6cf03e2b7f90743,Hay decor for Homeland.
2073878041,409ac9fbe697552caf25b04236ace1cee085f4853560106dbc5c1734665b3bc7,"I’m not afraid of defeat, but I... still want to win!"
2073890800,cbdf5fccbc2403ffccad3fc6fd0bccb12c9a0e82d9d93b1c7314d480043d93a7,"Still Shadows, Shimmering Light"
2073896739,66142a0ebd868508576c3848e83a12bf657e4e642430ecfce063847a13176c9f,"According to the data, Hatchinators are also powered by Lumintech...
Lumintech is so amazing! No wonder people in Astra call it the most advanced and magical technology."
2073920764,38ac54d387bfd27a479ba1f20f22c99311160d011b32eb1a36298d5b192407ae,Invite to battle
2073962300,7cb4b3c7b0e3f9d830a67fc9e878c5fc9e9ed823e354ffd4555e0f167cba3872,Is this poem... about a first encounter?
2073962476,baa24b2df8d45e8c28ee2bc0abe4403c8737d9a29279ac1e47502e045cc3f1b4,Damage Type
2073969700,f3e90b673e363e633c51fafed40a112b8c310f4b9be4e2eb0c3d40324a82e618,Snowball Hiding Fentuft (It Runs Away!)
2073972354,9397aa1d4ae3d7fa14275de00c14b0ca76b064689aab12bab8504d5cc7724a12,"It’s all my Pomegg’s fault!
Look, he’s called Gurulu. He’s usually super well-behaved!"
2073974505,f0039f68b008bf855ed10c8833cda7dd32016b8824176ce3dd03cd9e5e3d4779,Instructor Lita!
2073975585,74c0ea706ecdc13985a0a336a1bad3b927781e72d89b94ac5e3f835d51db4ed0,Some Family Preset (Placeholder)
2074095972,a3f98ef2da6442660f4b1b7274e38b31c130acc7dac6859cda482b3756803c0c,Aurora Ice Shield
2074099484,f8b91957b2d4c3ad71364581ce8e457ebadd0e904b2cd001c05d36c721eef210,Reach 100% Aniimo Collection Progress in Argent Strait
2074160696,b905403177ef9adb03670f070834617c8037c4d2a99aa2d18a169adf17eb7039,I hope that the Sea of Flowers will be even more beautiful next year...
2074172908,8e6d0f87fde033062e1556977b063f93d0bf9eb8920179faf3fece80a7f66c5d,"Lunara didn’t twine with you, so she couldn’t replenish her energy and had to go back to sleep."
2074184484,67ad3ccc6b16a0fb725df7be06ca77f2fa5b7813850ec661b78751185b77fc15,I really envy you Pathfinders...
2074190414,f4ca6c4e5477a5d93ad4a5bb72ce377daeff548a77a5de11762c3e0f068936ab,Huh? Why is there a crack in the wall? That won’t do—here comes my mighty kick—hiya!
2074221016,b8f3defefdd5c3848fbbaee37004054eab968bf7f1b44c78fc6b666e47d877c1,Affinity Needed: {0}/{1}
2074244630,528827fd05aa52ade0ac17285b050af768bfe1902f082c833b82e548a56dd181,Feature Enabled
2074247791,edd2916124c93479ced1dd30f618d002478a35eeec25f633c33b9de974e201ad,Matthew
2074285767,2f17116ebc6f015845a2d32b84717d266d138b9d67acd57f7d9b7044acdd4e65,Precisely dodge 1 attack using [Fire Kick]
2074287241,978af215cc98ff1a1810c93d55b2e9ce6504011568f759bfc29d8410bcb70903,Receive 3 [Defense] holo-gizmos for 1000 training coins
2074290146,152be7238e286c9ac15d90e57294b3338419ab63012f4de685ac5dc50195b9aa,Tap to part the grass
2074297366,7d43c23dae60ed3f362f5611038d2bf601fef98ef53ac74b25a3d3a41d7e6f1f,·Name
2074382692,aae1a82ee9547bf29d805886fe95de33f4b9a3739265beb44c83f5e0ab12ef19,<color=#d89c28>{player}</color> left the voice channel
2074440890,8ef751b4b7e817b5c313e0e903e7f3ebeacc72fa9e0c595fa2adab04bce956c3,Desirous Voice
2074471000,a17f00b8f67553ad86ac140f43aa2e5bd880fce6cc894dab2a16db1a43222c97,...What really matters is beating your opponent in style!
2074486099,6969e414067117946040e1388aa97a57c01ace6326ce5d0fb2fa725ffcb4bc13,"Talk about timing—I just saw you in the news, and here you are."
2074523609,3fda72e94f3d61294d3ba2ae4a5f5b64cbec1752007738e4ae36a95685b856b5,Barrel_Lv3
2074526283,cf2bc9379b1b24939970704dc63519ec2976bc867aca81b800ff4bea298c362f,Find a friend to chat with.
2074550669,beac1f8f8bdc5bcd618359eb3c394dbde05007d33b0b1f7689b0c06329e7eb57,Cashflow
2074558115,246c393460631f094b0478c668307d09d004f1da57fb14ba7d62af73d71c6cb8,Shining Stellarys Egg
2074604642,06e8b455dcf45c3c8494bfceb7a7993a4078b6d2f69a76db0ff71aa7f5d149c4,"Step into the sea of stars, and lose track of time."
2074676402,2aa0dfd7518e4d5c883a8897e20d675d7b9ab988e4e808d4d7445b34085037c4,You’ll need to speak with the host again to return to this scene after leaving. Are you sure you want to exit?
2074689226,2971139ae79c4232b555b2bf1b40e3d7ee17d1c7027c0e3c50bf1910c2e4e392,Be a cool guy!
2074710522,8a6dd59ad3f55d32f9284f9ab68570eafabfb58d9eca1fe4300de1e672cac24e,So you...
2074756412,f2f3cce26ff97ee2b8cbd0ff53da6218a545fe4a3d6bc34781a1271399b1fa1c,That’s what we consider the most precious of all.
2074759407,72712db5a698f243557942cc9be4ea3aff810f6ff0425dcda472c354e2f83feb,B - Defeat Aniimo repeatedly
2074787135,ef7d6af17a4731e609f420e9dfb9e5874d64aae53cbea5c366d6dd693d7c8f24,Helios’ Judgment
2074801990,7a723982729748688863466f4467433a06858cbc71f345d9bd02856ebe5e6bdf,Repair Matrix α
2074830374,aa9ad7658fcc34efa1c30ff0d85c6f2a73091308ef227bb6e2b7f297ffc54b18,"#playerName#, the signal transmitter’s installed! I’ll be waiting for you at the park~"
2074853608,4494598db903c7eacb8038a70830326b6440b51d7063ab423070874cfd18fba2,"He didn’t know what to do, but then he heard the sound of singing from somewhere nearby. He was intrigued, because the singing... was just as bad as his."
2074857305,550b3dff1bc94e72ed54f29dadec8cab6f88ce3de11f5c55652c9d20a428a420,Tower Climbing Level Transport Gate - Hard Battle
2074871226,b0d14ced669c1b57ffc321eefb7554107f41693c7e33123e4f3f3f90555ad9b1,"For safety, desires must be abandoned."
2074880042,54780822c9df3135a99a30d057e78efa2fbe851d95ccc63c9030b7a78302602b,This is so much better—the Mistwoods was so depressing...
2074906650,8ce7aa8b38e746505cf8d900d5eb1987ecdc4ff9a2bd92732ed7def2715f1331,Exchange an Aniimo with a friend once
2074925668,384f60847292748d4a337443bad74b5991ae31fd40dedd7d3231c6e4a067b5ad,Immune
2074941707,9790fd0914d0c7ee05517c8c18fd8436e2d925e71f5c3a662b781203b76bafc3,Buy from the Social Butterfly
2074944130,a7792858bac4e4a0e9c99f1964e5dd1997d870441e82b3528f368fbd52e36f7a,Your figure sways gently amid shimmering ripples.
2074962191,9648a9bc1ba048f45f52addb5806b48a7aa2dc205fdf302f56d44f0c576e7412,Take a deep breath—I’m taking one too. Let’s do it together.
2074981908,8f471875968b1ee8d823332ccb781bc869fe13d9401acfe3fe4de5c8eb9d81fb,But I have never found a way to open the Gate.
2074984986,8884f06d5bd88307c0424782c45e1178440ce2724c4ed334eb3f8bad1bce9453,Help the wounded
2075055842,35086aad96a1909ca84e21294573b0c32259fd869b990dfe40fe3e1e24d74225,"Core Gizmo Crit Damage increases by <style=Hint_BgD><customRichText(getConfigData,rogue_talent_data,28,param0)>%</style>."
2075060406,d68a6c4727886264cf7f43dd153320625bf4bdf457c12979add879916b21f12c,Penetration allows attacks to ignore defense. Each 50 points increases damage by 5 points.
2075090183,7c5d8d232b047be45e7e749e45b2f052b1f96453e8b276307180511222dd3cf1,Dear me... guess I wasn’t hiding good enough!
2075092751,ac431e34c6fa9810dbb4d79f02f9647bf0052f2d0855a0d8bd1a6ea672b97872,Proceed to the green objective.
2075132368,2f2a360cf6c0d34257f48b815074a276f0f5156011628ceabe3550493617695a,If you call that flying...
2075148404,3e4d86bef4ad2f6b7ef992364aed2699da9642403778ae090114e3bdf1dd7805,"Yeah, it's the Prismana Flow, right?"
2075165152,d9541850f67e3a75e8749e0ca61e0de2478080dafb478d04e20e4e7315e32544,You’re the only one who can appreciate such elegance with me.
2075239211,0e8004ccd8b81aeb1af25641cb4b8181948794890deaeb0cbe7e4491c68dbb9d,Jawling Dewdrop Crystal
2075336430,5864a65b10bbf27bebbfa298e5d3194164ef52d6c135b951d6b5d97ee483692c,Nimbi! Tufty coming!
2075350910,9ae9e67ed556b36cead0b18d5c68269261ae9c4a2ca66796a44e9bb47e7e0f11,Energy Item 2
2075365935,53e18e34cfad1a08680f64f45462478ab2b877e054cec5ce69b9b6929e670a17,I saw something shiny on a Helmut’s head! Whelpy wants its helmet!
2075381341,72a02143bdd5350a95eb1cc3993c9ca52b520c62a961144679989bda10e3daae,Is that... a Scorchhowl? How did it get so small...?
2075406285,7cef1458c40db5a5002326c76181476cef334d7afe9de6dfdc75644aa14c198f,REGEN/P.DEF/M.DEF +2%
2075419926,9c0304b7cad1a2a0100c920cceb43c65a1b6a6dc2a9078982d14d5af28c9a45b,Press #kRaw/GamepadButtonNorth#z to open the Release screen (your Aniimo will NOT be released immediately).
2075424464,5cfcaf5dd09add79ac1fa79d36ca26452e27ee33c03254ef00c1e2b7d8385916,Possessing the most dazzling potential
2075426563,c9c27edf73bb0ab7f07cf06d46394017571f4d519b383e81f488b53acf8a6db7,Increases BREAK by 25% on the next attack.
2075460348,76cc6ecc9f5318de320cf140248345cc21ff037d16b0fe90a4823e0273e3494a,Legendary Helmet
2075465339,496d443153476b409abb7c6cf12453582b5c6ca7c15702417c6b85c2f2d98038,Reset Gradient Purchase Count (For Customer Support)
2075466458,0fea2e9209d5a8feb2fd291385f7bfd38e2f7ae6ad78b2dc53f6bec9202233ef,Try touching it.
2075520014,4cbe53b52c46fa3f92cb7e78b944f47919b8edd2af74c843cfbac8d24de26605,"Haha, can’t touch me, can you! To beat me, bring an Aniimo that specializes in <style=Hint_BgD>ranged attacks</style>! I’m gonna keep getting stronger!"
2075590228,c4a63316e7c1a3b42d8f1182cd342ac8ed16dc9ffc1e7a5acbb14cd9bdc4aed4,Aniimo as powerful as Aeons...
2075607674,2f2d9c9056788e35ed01fbfc888def0e91e9879202f9be876df9485910faa54b,"""Lose the guidance of the <style=Hint_BgD>Flutternym family</style> and you may be lost in illusions..."""
2075615984,7d46faa24f04304cc44dc19b5eaa87c67c32ec5453a363d648ac03749f85bc22,Affinity Storage
2075677317,c04a1e996901127285814dcb174cf59ab2c8c0d14f6e105e6abf6c0de3b7de4b,Yes. I was six that year... and the only one chosen.
2075721564,e5cb56314556a2b26117ce48f3dfd006c2edcd6d21f0ddb40c91121f58f6810e,"Some Aniimo have special abilities, such as flying or tunneling. Follow the instructions to learn more about these abilities!"
2075749329,bf01c860d0b7abf33edc9865e6b43b0c069cae956df2aac1fa4d909862cede28,"+<style=Hint_BgL><customRichText(calcData,buff, 2002000,param0,1,%d)>%</style> skill damage
Every <style=Hint_BgL><customRichText(calcData,buff, 2002000,param3,1)></style> skill casts randomly trigger <style=Hint_BgL><customRichText(calcData,buff, 2002000,param6,1)></style> <style=Hint_BgL><link=""source_743""><u>[Wind Bursts]</u></link></style>, <style=Hint_BgL><link=""source_744""><u>[Ice Bursts]</u></link></style>, or <style=Hint_BgL><link=""source_745""><u>[Lightning Bursts]</u></link></style>."
2075801848,32064e10ff4329d3f84f393f2c4380a8f94d73daa5304ee4cbb54e3b36ad8988,Press the button to advance time to <style=Hint_BgL>nighttime</style>.
2075839033,452d8b288664bd9f7c3868797847e4d250d6fc0f458b1e6a42811d9c8a579883,Select [<style=Hint_BgL>Home Materials</style>] tab. All Home products <style=Hint_BgL>you stored</style> in this tab.
2075881606,fb4b071a49677873678170c43dc8a5e251dd7c0c82ae256a15eeb4a81c195f58,"A gathering, huh? That does sound like fun.
I was already prepping orders anyway. I can work on the festival things at the same time."
2075892395,ee5912711ef02a73db7b72d899509b5a80123607ba9522cea48b33d53a415dee,Material Synthesizer (Level 3)
2075929548,ce230ae13b125af786d4f8dbca59c2637c8fcd51c8e864443fde35593ead31d2,Additional payment required to complete purchase
2075954914,02cb0ec9defc836922ec79db8138b860e1b76ecf1eeaa3f6df381c158c18244c,"Spend 1,000 training coins and get 3 random [Vitality] holo-gizmos"
2075965659,47d596b178857c925c05af83dc4241116493a4d761b15ce9f079d3c464523d12,One part missing in the band of four.
2075971630,048ec42507a770e8699be819bcd8aa2e4d464bc9e0b4a4d9b0000144206d852f,Today’s new arrivals—Hummin leaf tea and red cap honey cake! Come grab your free sample!
2075980962,522a7e66cdba3030080af27d269ac3926f2101f762b15509a99aeda1d4fd76a7,Place 19 woodlands in your Home.
2076033375,1764281773f61f24fa088b08c88478e0c1336d31e54f3a3b076f645894731534,Number of acceleration uses
2076091435,c6ca1f0748e6b2701ac2dbe0c2bf59b6558d099261f30d62a02e06030993c9d8,Lurk and strike a Critical Hit—that’s the way to do it!
2076095906,ff5db66b74f7696b84935e88323c5c2cd5809e0bf24642ead931e81f4c176372,"(-1 All, 0 Initial Refresh, 1 Refresh on Fainted, 2 Manual Refresh, 3 Periodic Refresh)"
2076100878,4f5b0d855389365d2a068384319af5c1e7bf8b88ac8130181e08e356c33a2444,"Thank you, brave senior one!"
2076105073,4eb658c509b561eadfe234cb066a4bafa0df72739e5d58ff6ef5f68593d6dafe,Ah! I know you! You’re the rising star who can twine with four Aniimo! What luck!
2076152435,7330a4b352d19d734a77466bf979e5f3efdc63e2ee6693f95acfdf25f8f3429b,"You find Sunia teaching others how to blend fragrances. She describes scents in terms of color and blends them as though painting a picture. Snowy dances along beside her, while Nicole marvels at Sunia’s bold, ingenious approach."
2076156471,c0fc7bdb4dba8f2c2ec14a62226eae3612a4dada2c630132a52e9d98fd3a81f7,"Ah, my apologies. After eating its fill, this one really does hit hard..."
2076167244,f9b561ae22951d847bf6bfb31ae3ce223e0fed9cbb49c50ad86cc3e075007f01,Please enter your name.
2076175628,a9ee0ebfc12805bca15b2699198290c7570b8de507d1bd178d2cc0c83a48c9a5,Scholar’s Notes
2076208760,d5ef54ba3165d97424a11dde2dea3fa4957a1a8081ebf2dc4d75fd9c4dced2e2,You don’t understand.
2076306444,389e77e5650c0214a64be651dcda1fdfc244854543eae4059aa3907d8dd6e83e,Building Block - Grass Green
2111286520,389e77e5650c0214a64be651dcda1fdfc244854543eae4059aa3907d8dd6e83e,Building Block - Grass Green
2076501144,4e52dbe88a9338f43a51b7c35866fd6f79120da95d2cd883c37df8eb1717c3f9,Dewy's Nest
2076517964,3fe51a64ae2c47031f39f34e6e4a5fec0d9383aee78d2046942128ebe5a87d12,[Alpha] Spiral Laser
2076545362,c4e2116e6106316a81cee06f7bad82d52834155ddd0237408ee6d080f6edba6b,The Mistwoods keep turning me around... and those dreadful Hexxin songs knock you out cold... I’ve woken up here so many times I’ve lost count.
2076551918,6fb5c1e3e812c43777a7301444779a4b8b170e3354bd6b8bfcfa645ebcb08c76,Please select a speedup item.
2076601275,4934111b71afdade85b038ee0381d7b45c7d50115f242eca3b341cff64137868,Gift limit reached
2076644958,6ec257efc9239e381a51b55f6346bd34dc799b6c0e7671976c20be1fe5ba133c,"Yeah! And if anybody doesn’t believe me, you’ll back me up! Gotta go!"
2076702429,064315c95383a26e8a3679a84e48635b33408f43cf3eb81250c137a601ace004,Machine Translation Highlight
2076707654,d3e0e1385c58cc876b71204139a589afc715c21fd6eff3ed8d686607e857e675,Color Intensity
2076720517,f249c5243d7e044c1d7618b8ff029582320a5a08871d535ea24360b084634ad1,The elevator seems to have started working!
2076781928,025234c49b98896784b83f5d9007dfeab4b1c73c9a061b8a5f4a8c21a2018761,"Plus, it just ended out of nowhere!
Now that really ticks me off!"
2076852562,e95c396138aa2091f23bde1d662f768dfdaf3d95987857ceabafffa639c8cbb8,Go!
2076860721,b0b4c8a81053add0e506dba45520e7bfd624a1d4f4f4df2a045522dee9f2653d,Catch a total of {0}/10 Dazmand.
2076977534,52b7be08739e6804af85e77ca9f97175787465c257d0d4518908a0841c742b84,No speedup items
2077009082,692d55907f424187e836344df8337c302a4c3568751346d034f3dd21115042b0,What Event?
2077030388,0305693619a74051a4df404093bbc9e3bd43e9d76f78f80785d072d8799ae3b5,Tenacious Will
2077035798,d948fe1a9114191f9ef7d87f30030fbf3721a0dbefe354465fe1930724e5318d,"They love pulling pranks, particularly by sneaking up on others and scaring them at night. They’ll be upset if their pranks don’t work."
2077040813,0084fcd5b345f5b802b3ad36a3763c98c048bdfe123f62c4bd2309dcf74f3575,Ancient Explosive Ball – Sanctum #28
2077056302,67283a86ac1992d06ab8b0a9f849dfddb9eda9430fa3aaad7d1698c403ae9d1b,The Heart Behind the Mud Ball
2077083740,8153b7703eb71359001ea07e9a436df8440381133f7207fc048d6926ab1e2d4b,See? Right here! This amazing RV is officially yours!
2077123203,0dad9f0ea9d0d975530e362c38358df61dc296dee8a65329425ee8f66910ec7e,"Well, Helion’s aura is calm.
I guess he returned to the mural to recover."
2077134599,3974d5d27b282d1f3789d26fdcbff6c559d248fc84ddf35bd89e612b9afdda77,"Thank you, kind-Hearted ant. If you meet them, remember to call them back~"
2077141539,4e2963d59075b086ea9d83b82f9616d8217a4f4396477b6eafa704b64606703a,"Ada listened in fascination, eyes wide as saucers, but Aer... sigh, Aer's snoring was thunderous!"
2077192752,7d481e71c77cb3a74e75be1a527488b3456c2f000f0b9e99ff07a415be9ff17a,Builder Apprentice's Confusion
2077205317,4f2ca70de27f9ad5ceb03dddf78cf0c92d0e98d5c63c5932f44ebf60abc376b1,"Judging by that look on your face, don't tell me you didn't recognize me!"
2077274906,1b0ab573904058d5a4c5b40febc747aa07ac61dd6aec95f72489c6943da0ff15,In Combat
2077275269,12a1f17adb7bc6d5c35067d0d0dba28cd23e5103b338c8180dc462fce68dc922,"Aniimo have five roles, each with its own strengths:
DPS: Focuses on dealing heavy <style=Hint_BgL>HP damage</style>. They work best when switched in while the target is in BREAK."
2077276642,389f62528b6e4d9a13f4260226da7ebda35a828e006cd2be6d5f4f874a430bb3,Slide the list on the left
2125434846,389f62528b6e4d9a13f4260226da7ebda35a828e006cd2be6d5f4f874a430bb3,Slide the list on the left
2077285196,43105744653e2aa768abe42e5f7ba37da70e78c8c9c3af1489a57fb885c0eb72,You’re the best
2077345314,554c76be0a3d371f351bc279a0c98d3d98cd8e8403ee5b89ac21639020a6b132,Plot 23
2077384062,7f1060d9df293c7f24899b584e7749dd600df113e5d37e878d35061bd3cb2cb9,It’s really #playerName#! I can’t believe it!
2077441614,7b4f07f60f6e91acaab681018f6ddb66eb6b10c85796cbc6c62df46cf5e321dd,Use to unlock <style=Hint_BgL>Harvest Moon - Apples</style>.
2077459891,9ab40ddab08642547cbd1d611fd2e2ccd7ad7a93d9a0a074e973ce49711d3a61,"Oh? Ready for another fight? Then come back when you’re prepared—and we’ll finish this properly.
This time... I won’t lose face in front of my daughter."
2077518434,a31bfbb6da45ff2c862a83bf38d03cb056cc73ba8e41d0b143da2c6155e8ea65,Glynsera is recalling its ice blades and releasing the frost power within them!
2077538955,d98f6ed5ca64f37978111ab36f41f7542f06641f4a63acb3838af2348668139b,Companion Handbook Free Level 73
2082153120,d98f6ed5ca64f37978111ab36f41f7542f06641f4a63acb3838af2348668139b,Companion Handbook Free Level 73
2077569637,522c6fcc7240bd1f2d0c745943944518582024a0377da37a32e1f789ef41bc46,"Helmet? Helmet!
(Hmm? This is actually pretty comfortable!)"
2077579095,b89bf37dff213f379ba5531e7e5e73698fe161cb8beaf4b392878ebc6e5747e6,"You must be my lucky charm, little friend! Umm, I can’t give you the golden bubble, but please take this little gift instead. I hope you can be as happy as me!"
2077582644,8465e290ebe3ece577a2d34da8deebd6c57564e33952075aabede52c4d9cd8cd,BBQ Restaurant Freight Sheep
2077602643,23f737a421dfccb19682b5f9b9c9bdbb570564175475b8bfc758886d32a38fdb,Home Season Item Collection Rewards
2077604926,ff6ef34267e51181394057f1fce51f15d19491c71426f2a1cab8c2fcbee5ee3e,So Irelia’s Bloom Festival awakened you... and earned your recognition?
2077626469,93cdbd91b1f81aa902b8daf1a34eea05cd8d0741fc4eb622cd827acafd39d0a4,Generates a healing field when defeated.
2077645031,9d0dfcf1dda9b7ec0a35d70cc2df5e34c44b89d32564a4d126897f9ff3d230ec,Egg Snatch Sanctum Music Debug Entity Info
2077663905,3676c33e510177528ebfd13f6afcd0bf85b9aee5f6830d24d503c6cb3a6807b5,Character Emote
2084438173,3676c33e510177528ebfd13f6afcd0bf85b9aee5f6830d24d503c6cb3a6807b5,Character Emote
2077675950,d66dc4fc09b3cd9b328d460fa94de42e52126c39f9658481b0db11bcc460803f,"Really, you’d do that for Whelpy? Thank you so much, Whelpy must sleep now."
2077706318,215e9c954221d2600ba6874551ae06453eaa6bf9e245d52c6db36f1003278361,"He explained the basics, but not the details."
2077714334,eb2601924b2b737fb9d91f6086c2a13a00b6b80a2bab55e541b84276b1614e70,"The flowers... and the ground...
There’s something wrong—why is everything <style=Hint_BgD>gray and white</style>?"
2077787875,40d1471be103fcdd04c13ce393460e501de9b4e8054ee36fc100be39d8648365,"I’ve been quietly watching other people... and it’s true, I don’t react the way they do."
2077796261,eb90a4837eff6d7dc979456030ca8c10f1bfd5ae076e10a98b5c26c0a284bd71,"Link the facilities... Wind kinetic energy could generate electricity, which could then produce heat..."
2077800794,afe3a71b337ce87e409b3b5775aa417a02d68e22637265f7687eb82b98dd792c,The Legend of Helmuts and Helgons
2077804154,558f3ebfe01aadbb2b6cb8fd4e56b4013836a1f6275d23539a30399f4b512cb2,Click to enter [<style=Hint_BgL>Loadout</style>] to view
2077864545,80e8535e3ec5d604a8bfb9f5bd78970f7779a91673785ade9f1e7eee72ddb1a0,So? Want to rest?
2077874467,de15ce56c2e0ec3722014ec4f62886dc66ad0e99a26e72d3d76beebef6fcddf8,"Team members deal <customRichText(calcData,buff,4006011,param0,1,%d)>% more damage, with an additional <customRichText(calcData,buff,4006011,param1,1,%d)>% increase against elements they counter."
2077889348,174b0f5edff21b0f2fc1b49ec6cf22b16ed0fad1deccf64c8f35ccc858cf1939,Looks like breaking through the Lava Crystal blocking the door helped the Pebbling crew!
2077896913,44a8160d720e3080e9cdc7ed3e68f4a6d75e5d67a72c489db11e20821f35b4d2,Scatterbrained
2077907062,1e02d3cb17c1e472a976d2b414f130f98625e004a8f5ab839a1ae18121e2c0de,"On this golden autumn night, the full moon invites us. Bringing the joy of a full season’s harvest, join us for this festive gathering beneath the moonlight!"
2077920485,0a16493ca2f350fd32245775d194a0d29086fe0e63496f7408dcf4b4d570c5a0,"Aniimo of the following body types will be given Size Research Points:
Shortest +10
Tallest +10
Lightest +10
Heaviest +10"
2077943363,a3c347cd322fb175c80a31c9e06d70c938b03e31145ecc886c31d1569dd95f7d,Can I have some of your pollen?
2077966850,304c2728a070205f6b4300a58fc3805810d4995c265da1b38ef2e3413fb312d8,Save and apply the current preset? (Saving and applying will clear your current history.)
2077972590,30e03ffa6f7105a0f8b3c91e51fabc4a7f85d73f0ed12046362a2db64d8cf06f,"""To actually be so wise"" does sound a little sarcastic..."
2078010682,d968fd7ddb1155066ec50664ddfdd5dc056d98f55e05a82edbe860f548a82034,Camera Sensitivity
2078015945,69d417b77653243603f2a82d804937bad32adf3ee961538181a5e905168afa96,Whisperwake Isles
2101261192,69d417b77653243603f2a82d804937bad32adf3ee961538181a5e905168afa96,Whisperwake Isles
2078035186,ce05ead130dd160ef79d2e2ac38adb64f9fd04b3f34b9c2a85d74f03f7450244,"Hi there, little one! Twine with a <color=#d89c28>Wisptis</color> first, then come find me. I’ll tell you all about it..."
2078042005,2093acf40bacf1e68b5c5fd2eaf58ee357374366878661965daa2444678976cc,Can consume Primegy to Craft Fahloo's Dewdrop Crystal
2078064187,98845e7abdb186209a63e23fbbf0ae850af30f01026f0478967a8f592df21708,Look at all that snow... The Fentuft is having so much fun... must be nice!
2078065227,99c12d378d6ff1416c75c2d7ff63ee954dc39896275f15e53f3ab819d1ac4f4b,"Thanks... Let them recover a little, and they can keep me company a while longer..."
2078067176,d096382fe5893cd1890cf1d8dde1fb6a9a30db1810265329c95d50654994260d,I saw the light of the <color=#d89c28> clover </color> and excitedly ran over.
2078073772,2825e503704b90b41872b85634a9c842e691f8d28e3f41618fd5f41c3f2440b6,Looking for <color=#d89c28>Morphling</color>? Get low and sneak over here!
2078085888,b2a2e7340e81175288c361ec50618721142b34be427d9fe72689854c512882ee,Catch Aniimo in the world and submit reports.
2078088454,d3a5d575f891a28fbc30fb8764974f861778b253df059fd6de6bf1ec78864b82,Yikes... this one’s pretty fierce.
2078103074,f3bb233494a5c5a1b8c416b0032da2f974b570fe10408ee24b06b4b53c29c70c,Cubbo Vanity Mirror - Large
2078107963,cc6c866b7845a6ed1fd05b982a0e4814b1eaf90838582e1a682bcd19cd420c14,How to get the clover?
2078109454,3e721f006b908e34caa4ed9794c720dfe6adb71b9eff86bdb95c9e577e8c88d1,Unlock the Legendary Flower Guardian badge
2078165927,f1b69f517844bf74434f3d11df1761748e5067498f229cdaab1ee4aa6d55f950,Good Friend
2078171356,d3ebef1e39fa928de727c0306b7744f58946f0b02cb82b132856a2ff3e776608,Bonfire Healing
2078197811,d40b9d2c4388fb57cdf1fb67117035347c114004ea944133cdab2f7cfa6614db,"Defeat? Perhaps. But for him, defeat alone won’t break his thorn... True awakening comes from deeper pain."
2078207873,31ebb96b8831ed2ed6be3f94222ac49601e43813a233f39d0762d62e35df5a1e,"Now... you’ve helped me find ""home."" If you bring me the <style=Hint_BgD>whitesnow rose aromathyst</style>, I will craft for you the legendary perfume called ""Home."""
2078220151,e55c7639973fc43768668293b08286752820f1a6f3a85ce0be157e54e74659f9,A small Egg with strong signs of life. Guaranteed to hatch an Aniimo with the <style=Hint_BgL>Mini mutation</style>.
2078229330,03d615cc98953c9628da47723f174ba757c048b5b88c4de95e2426823bb15add,The meaning of fighting?
2078244724,65b39a5508b4c5d20f5e5c1a7a70cb251a3d6d98f68aa905a5034c345961e71d,"I’ve been a florist for over a decade, and I’ve cultivated just about every variety of flower there is."
2078266536,535c5c0615a300e0a6ebdda073ad230a570963f1ca8499357de8ce90bcc39f42,Naira
2078293251,449f80191e6097b8a4cd274c01460edea79114ebc368984e2f1739d4581f4dd9,Snatch It from the Mouse
2078320533,aac1c179d93ad8f501687325bcd17c6ad8f814e2c5908cf914ad6291261db214,"Builds Momentum when skills deal damage, up to <style=Hint_BgL>6</style> stacks. Doubles Momentum gain while tunneling. Grants <style=Hint_BgL><customRichText(calcData,buff, 9116112,param0,1,%d)>%</style> BREAK efficiency at max stacks for <style=Hint_BgL><customRichText(buffConfigData,9116112,duration)></style>s."
2078348778,5422126704b5cea7f1e6e81808096cc89381699ce2b8e52ed6a48b2eb87be9cd,Name (Placeholder) Name
2078383213,74e2db159b487b3b848877d6c4abfbb96540e5fbc5116e1c310dc7b992a8273d,"Failed extractions deduct points. If your points drop below a certain threshold, your rank may decrease."
2078423083,f2707d47dc961f4b1883c10d94ae4a0e4136e96c3635ba8c6521c1c3e3dd6285,"See that strange Fenrier? Quick, get the camera!"
2078434160,370579fc7a5b6133ef3b58e8d927669adf2238b3a70dcfea069aa5cf3092d743,Compound interest long-term calculation
2078439215,36e10f01bdecf964ddfca46cfe7c2e594d735d1e500c7810979b6a938e980abf,Coach Lita
2078439539,93e1e9f1bd797eb8fb7fef0db283029b08e071f68e6aada58f6b4303660ac89d,How did that not get us a golden bubble?
2078446659,cbf8cc3d9e87064211cd17b0b6623b4c4165f4edb5b5b72cf0ba143eddd8737c,Melancholy Sheep Spawn Buff
2078451188,57914523943d8817f61a797f52768e13224a527a98f25fd059153671052192bb,Your delivery has arrived. Please enjoy.
2078476059,a0dc97836c3ac0bd8b05fb3462dffe89aa3041e0acca515f87403be2d67822de,"When Squarrel dashes, it curls up and rolls forward wrapped in its massive tail. Its thick tail fur effectively cushions the bumps along the way."
2078497693,8fc62247055bd9f4330817995a791383cf5a327d6e4587b30888efaa9983e6a4,Try blowing it when you’re in trouble. You might find other Pathfinders rushing to your aid.
2078526522,0656c0738c1abb5ae60e231b535f773a741b6f2320afd708bf7e2507d8ce1b46,"When in water or after absorbing water, increases EP recovery rate by <customRichText(calcData,buff, 2119403,param0,1,%d)>% for 10s."
2078537819,5703bc13ada5f796db8e5ba092b0f24867814623e5507cf7137dbf75e8ba18aa,"You always manage to create the Miraculous. Perhaps one Sol, you really will be able to pass through this mist...
And truly set foot in this <style=Hint_BgD>brand new ocean Area</style>."
2078588208,3a0b14d2e62edbee2dbb1ef5b88645d4e42eb4d69fd1b8d61cc11fed61540b83,"Thank you, this is the song I heard in my dream, I need to write it down."
2078595854,c73f7e22f444ce004a0376380b7c63da550bb925bc6d2b334954200d406882ad,Wooden Barrel_Lv2
2078609287,87eefec141c90eddf92cc10f766da1287b4715b0c5ba9d5e7f7a975c8de27633,[Glamour Star] Participation Reward Compensation
2078616827,eb3761e8038a3bfd0bcb70d536e2e0ca56a3bb421283e6563719be1c7003f1b6,Lv.30-40
2078654795,c62bc30fcc80971d038ea1dee4269dc6b7c89b8a5d3b5d51ba9a26746ba72403,Whoa! Look! There’s treasure over there!
2078662254,6c3e41a861d31e1497829366a0b7a25586b4b78b444daadf54f6089e80a8f778,"When a skill hits a target, gains <style=Hint_BgL>4</style> stacks of <style=Hint_BgL>Silver Moon Mark</style>.
Each Basic Attack that hits a target consumes <style=Hint_BgL>1</style> stack of <style=Hint_BgL>Silver Moon Mark</style>, increasing Basic Attack damage by <style=Hint_BgL><customRichText(calcData,buff, 2137102,param0,1,%d)>%</style> and restoring <style=Hint_BgL><customRichText(calcData,buff, 2137102,param1,1,%.1f)>%</style> HP."
2078694616,11ffe4e72302f8ffc028e7c9441806f1a1f10f97497861465906a13d19fb2e54,"Oh, so you just want to talk?"
2078714393,5d112d453e57a347a747e1ceaff4730280860af78d678de62e8f4d931bbfe0e2,I found all three vine cores!
2078738559,473bacd9db759ac25f32d49da19cc898e5f776298aeab14c10a49de7489c03f5,Obtained by planting crops in <style=Hint_BgL>Farmland</style> in your Home
2078836328,36687f041f74aea4f98a2d70a6cf81e9e768f1bf5f2f7534a4f8a79438115e4b,"Electric currents carry words that strike the heart.
Thunder answers, resounding across the land."
2078852615,c855594dd21fdeaaae512a6e453f865237773495d0bd9e1525c26fadc334dfd4,Seating for decorating your Home.
2078870060,8b31ca8ed2f92d41643966d9c10927bab6de8f14aee89486580ac754c67d226f,Training Info
2078878193,0c6f04dcbefe537c5802f730ae13cbbc9eb965f6ae8cd9d42c2a2990a08cfde0,Don’t show again for %s day(s)
2078884958,b474ed716e4f1097c4e4192f3a8259b621ff86ecedb3da7b705a92ab9caac62d,"A long time later, Icho appeared. When it was still an Emberpup, it roamed the entire ridge as it dueled with powerful creatures from all over. Its fighting spirit nourished thousands of ridgeback trees."
2078893114,a68680cb06f35e9cfe83abd9c2c424107324349a76bb54da38b98b4c25f79588,Consumes Stamina to craft Wisptis Dewdrop Crystal
2078964274,d219ec57f2820a3e6971c96b89b966ff485db6e9012b2f285ac2d685fab4b717,Wettable
2078967151,727b69ab06c6fb66973ed4954457d28ccf900926dfcca8790e9e82f4bacc53da,"Clear all Aniimo, then reacquire all official Aniimo"
2078974430,138de5065e675639373b75dcc5a5ba153d50e42ebc97baa19e92119d1e79433e,"Increases Damage Amp by <style=Hint_BgD><customRichText(getConfigData,rogue_talent_data,5,param0)>%</style>."
2078976071,3f632e9f5bf0c32ad5b87a504310594f69133b95efbb5c7800a3ecc7656a76b6,A timepiece for your Home.
2078992998,9d29ff4ca91cec0d2d1a2bda1728af64afe094282c1e3bfae3c4839286938d82,Urban Beats Bangs 2
2079044773,44693a24e342a7faec1f430c1b2d304eb2c5fc21f55a5c72f4d1551ad42bdfe3,Premium Biting Rune
2079123954,0cff7d12d068fd452bc59bde8fb0367c46c9023f6583bd730303f0c90e9f762b,Current Preset
2079140592,c4222e9745dd79a05072676afc7bc6b4a3427e8886da4062d66389e15ee90fbe,"Yes. The land withers because the <style=Hint_BgD>Vein is damaged</style>.
Each time I return my color to the earth, I merge further with the Vein."
2079155469,fe95dcaa9868ef351fd5167420c1e0c243ee712d50d7d4c569a08e0ca5f6a8e3,Defeat Omega Aniimo in battle
2079163594,a05eef49d2b3cee206d8ef11ba1fe53005adf2f6b23676835886f5a03a1a508b,"Buff Index ID, Boss Archetype ID, or event eventIndex"
2079269896,72055e550b9ad04d8231b736146447ac80129478a750b8b0451fb08b5f83601d,Forest of Butterfly Dreams
2079294318,c140a460e39c932302e9e5f3bfac07839b76fa4321da7b34d6ed821a4e7cfe65,Good. At least I didn’t make this trip for nothing...
2079296256,9a229b41ca3447bb7a5df9bc36cb307c9debc1b0a6f2196cfd711e97e81c6312,Premium Lemon Incense
2079325002,4d490b6180421418f73086294aa4939f9ce2bbc3860b51fddcc1ef7afdecf2eb,Do not activate.
2079348280,9d12ffbf4562ff149a27241c3017f25922c7fd688f81279ba3586542809ef3fc,Round Small Table
2079350084,4e13f7653bb9cc09fe27e4cfb1f100855962a007832775a238196d8181e14e01,You can twine with Aniimo?! No wonder you could count it so easily... It must be fun holding onto a Nimbi!
2079373673,c7a436161f764abbb620e07793789eebe087e53224e5fd6bb4ae6bfed4279825,...That Stellarys seems curious.
2079384359,06b1c27e5d7bfa672b6d6f471afdfdc3a94ca4b821db4dd90d96a1960ca3444e,Face Tattoo 16
2079391180,865138805593370a67a843dab1acb5946ada9ed2344f45b9a3ee04cff82d4c8a,Being powerful has nothing to do with it—it’s the spirit that counts!
2079409376,77ac546fdc64a237a807f26fdbcb508a0512fa791bb71390a5746f6b31474f17,Bladeglow
2079439829,d86e46485d0a91683cd6aaf76b267293f357b23b74fa865a10feadc039835412,Click here again to switch to <style=Hint_BgL>Follow mode</style>
2079442810,b4656c2ebc0ed40a4741f25b0d5089ed3c89ce15da7701f780c2113c3ddcc3cb,You heard its voice... *zzt-zzt*... and you answered it...
2079451061,732e04b36cf6f370c5dfc696633d44b59203c510ca24c8f41879705dd62d14f4,"I am the Minister of Administration, Ling."
2079492179,395b61828efe54b27f90fa105d70dad1a836e364d2c8e4a9d4a66c8165c7cdfc,"Your first step into Idyll...
Yes, this simple task should suit you well."
2079496235,8b2c9a6f60b668ac1f5f761790251bf2c344d5d43df19821ef0e0d7a86b408e6,I heard AniimoCare is recruiting volunteers!
2079538686,c669c87d5cc376a591ced1279337329985df7299d6e7c4c2461d710b1ce2f6fd,The angle of force from the hind legs... interesting.
2079543163,e19b3d86241a0be2b276388c906220ad50c37e87ad91423208c1b0519df1e329,Aniimo Facility
2079556343,86843cac6cc23b7517ea85b4c5bb87bfa57fafc53499dd4282d3f1970e3827bc,Report Rewards
2079593291,edaacc39862e8fc0dd29bf85040bb1d8c5d9f5f80fcb2f22edc7da729ee951d1,"During the Event, you can receive double drop rewards for Carried Items/Runes. Remaining"
2079621550,5a53385bd069116ebb48cfbd26c579436fc7e393e4b4f5b895b73661be06eb82,B - Exchange with a friend
2079651747,43b0a708fc846c55e33ec91d92dc907c6363a1c9e26ded5e1e5d9768847c5641,Enhancement Successful
2079717817,eb0014a7661d82425d2e3abad860a60ba721525b3cc9ab2d06225fe7f12252a0,"Good. I imagine she told you about the Bloom Festival as well?
In that case, let’s make it your next assessment task."
2079722049,a69fab17ecf2dadafe24606c75bb2956bf463b08692917cd7d55c16e60571ab4,"Roll forward and continuously strike the target with a body wrapped in sand and stone, dealing Damage."
2079732689,44fac984e8dbbea4f2c38a7314e49d970dc0a3d88361d4ebf1433ca0d2b37532,"<style=Hint_BgL>[Reflective Barrier]</style> Increases Energy Bombs’ Crit Rate by <style=Hint_BgL>{param0}%</style> and Crit Damage by <style=Hint_BgL>{param1}%</style>, and <style=Hint_BgL>{param2}%</style> of excess Crit Rate will convert into <style=Hint_BgL>{param3}%</style> of Crit Damage."
2079734236,255473694facd7a265536f0a08cf14288b1935ac4ac5ff89e79e899e7b048754,How solid do you think the ground we stand on is?
2079745107,2d35691b392bf859b4223abcb3a3a541e01509cafb792f00f0417410dab22a7e,...0.4!
2079762793,710ee9597b64e4798a005923bd1ed4b22a3ca7308dafde8b3f18ef2d54ebd0ec,Give me a moment to set the stage!
2079766825,a3dbdd0a2daa752f54fd2622f75d339ef1a751208d34529d4703af31e2a1fcf5,"Magmarex can use <style=Hint_BgL>Fast and Furious</style> to smash Lava Crystals and Lava Spheres, <style=Hint_BgL>restoring some Stamina</style>. Hitting <style=Hint_BgL>Explosive Barrels or Explosive Balls</style> causes an explosion that knocks you back. Watch your Stamina and try to reach the finish as quickly as possible!"
2079772579,421b891f76d5d33482c6eebc76d800e936147860b56692ab83569e2a465c731c,"1. The Mysterious Vendor restocks daily at 04:00 AM (UTC-4), so don’t forget to stop by!"
2079789375,f61e65ab3b48c667b51bac1c9cdabcd81ea6a5b631c38e15f3c6282f120598b8,Maybe it’s to see where we came from.
2079930992,fb50f9a3c90ca4233c97f6ffc708249c1a08f63adb5b4a173cb58291c260a835,"So nobody is rooting for me, huh...? That kinda hurts..."
2079933915,741f81568b9a98cbb80b86f70b80082adcb1b8ae55cbe405eff2847f58bcab3f,"Stop the Wooden Dummy AI? (0 = No, 1 = Yes)"
2079937103,209099a7720072516c75731fde17ffc50b495f012168fc11e93f5c948db6dc38,Return to Idyll
2122429458,209099a7720072516c75731fde17ffc50b495f012168fc11e93f5c948db6dc38,Return to Idyll
2079949438,65c71c8001a7c8a5fe2004a5e195ed6951c6cbb091b38624873d7ddc365387a3,Requires %s to additionally get %s
2079966318,b44263b2716b90314d8c3468f6238c5c4805108773312806740715243e3d91e1,Harvest Gathering - Bountiful
2079977843,dcc2c6c07f1802f15b99e761597120a96cff7a22f34b6c83de933c5058a893f9,Don’t worry—I know exactly how to blend this.
2079994277,df3a1c837fcbf1f3a29382bc8a3fa494b8ebe5611f6e7ebe6a85b54103ffe213,"Well, but we're not what we used to be now!"
2080028224,bcc8863460f8931944d2f1a579f1a8b3249171c51d921aea29803dc758bdb417,Enter studio name.
2080032896,cfed7a866853eb78079ed1cc110699ac330ce5d7cf1a2f9a20b75ca3cd1071c6,"It seems to hold the power of thunder, crackling with fearless energy."
2080037310,453415900d48bece333b0abfb1364856d5ee124ad0408d8f5ddfdadb6d9a4416,Ice Blade Projection
2080040993,886b854851dd4e6922f9cf8bc0d8b734e7fe6e50c1c2b3c8fc0ab9172d014b55,"Even if you do not own enough Element Essence yourself, <style=Hint_BgD>visiting your neighbor’s platform</style> yields the exact same benefit!"
2080064278,0d9e97d40a79c8c728aa9a8aab72d01470f1035023705e87de83077e74da1ff2,"But, but can the painter understand your way of describing scents as colors..."
2080106218,f412ac58b0c4d97afde82a90b63285f8711784cae9a61f1b0d43b90e840562bd,Purchase Remaining Amount
2080107270,60b0afc601d2592bd833381a9a6355f57f0480d40ae67d1d1673075e11dd9421,Gentle Aniimo make others feel comfortable and warm.
2080108600,ad2fd22e0ea1451a0d5d765c8410ed041783f7040ccb028d67a73641214b608f,Twine with <style=Hint_BgD>{0}</style>.
2080138912,12b1a4b1f2496ca1c13317245f8b19532d9662285da5dc584d33e986209e2610,...So these visions... are they Velouria’s memories too?
2080142601,3018dd7942ff13ddf9783513f2e94f5a0f6350286bf3d4f1d6ddf476d1f976dc,It’s keeping you up as well?
2080156402,7c9154bb90f6bf4e64aefe9f402e3a8a30d5e202607c335cc680504db2b59392,"While chained, you take <customRichText(calcData,buff,4003022,param0,1)> Might damage from the Alpha every second. You can bind the target with the chains to remove the effect, dealing <customRichText(calcData,buff,4003021,param0,1,%d)>% damage and <customRichText(calcData,buff,4003021,param1,1,%d)>% BREAK and inflicting Stun for 1s."
2080163512,7691a1f0acf2a4d0ca854216be31f05a88e3c48ad82fcf6b08b78f9b99646126,Premium Ultimate Rune
2080215972,02d51b687cdd0d6c5872e4a452f1b2aa394bd9af64014d7953322d770f31a505,Send <style=Hint_BgL>{0}</style> Aniimo on a trip to earn:
2080252825,da9f912f284dcc65344d75e77df92885c5e1f61df770e9a4e9fb26aa4d701fda,It flew away again. How adorable!
2080271458,5e8e75ccb72d286d632ea5f3316e200a64a46293eafb3c06ee41711b4dacfa98,Collegiate style
2080274109,dd461d9d7968cd254fad75109aafc909ed409628a5d2f8273579b0c9ea2949aa,"Phew... You and your Aniimo are the toughest customers I’ve ever trained with...
I imagine you’ll outgrow my services very soon."
2080278525,a4064453a13c9952fc908fbd20d1fc9148b71d266c15624b48c5712df5527b34,Snowy Helmut Helmet
2080330919,0f03b93a4739f35d137668174f4097598a032b9f348b408d0529c6837632d769,Can I have your colors?
2080350846,999731d468b62858e5ebe7d5d0b13c2aa0525482fc067b41d1f6beeacb90852c,"Feathers layered close together, bathed in the cool moonlight."
2080406090,8a9f4f58cad0d44314022ed0ac9c7808c8c1f8ee496f169112a87beb3fe9c878,Polaris’ Commendation
2080470162,d3bb97d709d9e5cb1c7e60e89ed4133fcd250e505dbcca713055989c1aec61b5,My...tail is...on fire... zzZ
2080486068,ff2da48ab0fdcb95ee505fc726c7d46c82683dd47944421c333337a6f19ad4fd,Spirit Bulbly
2080511864,b4d44e9e331fa45e48d099c042837ea368088a9ad69f1f0f4fae7a5b5e3964ec,"Since you're so curious about the Branch, this task is just right for you.
<style=Hint_BgD>Head to the Branch</style> and earn its recognition."
2080515618,f8a3b25e19e1a80acfa33f717edeca2f1a36ffaa87d5a3da32f12a166dbee719,Drakeys are mean to Helmuts!
2080598670,f3c92477f80bb8095b83d2ae1122b0bd5b9355654cf5e3039deb098e47abd193,Elastic Potential
2091122383,f3c92477f80bb8095b83d2ae1122b0bd5b9355654cf5e3039deb098e47abd193,Elastic Potential
2080611577,0670fc1768047bf32805021045e3a0419f296dfece90cf884090cd56e508fdce,"Points earned per successful extraction are closely tied to the item value. The higher the value, the more Rank Points you’ll earn."
2080617755,d7b65330240b10e6bed1d3643b24302698d0d9b02a3d8fff9d0edf888982a3ce,Incompatible Appearances
2080656474,fd1a0267a9ba1c65fdfb383a62076c07f49efcb9ded9d256349f0c31855cfa59,Use the Bubble Gachapon in your Home.
2080662177,cf1ca7b291c9c0531b16a13c9a9a79a9f2d22a9d20eb11097ee200014f32bbe1,"My crabs hide underground whenever they get angry, and only pounding skills can calm them down."
2080684014,cd5588db6fc6fb44dd76b006202f9efa2ba5d715272a1ae06fb3c805e6a25289,Vote
2080699788,815048e26735784bf45f7be33615708cdc9769ad1e3b1e62b9cbcfadcf719af4,"Not bad—being a Wayfarer is a different thing from being a student.
The standards for combat skills and exploration knowledge are both much higher."
2080740387,4b0df09b9be4ac36fa20096497606742dc2d22ac0bfdb8c460058624fc2ecdf2,Park your RV in this empty slot?
2080746409,bf9603b5846ee45cdb92194863859943cb42f47810afe8779e8009abcc98eaed,Feishu Sheet Index (Default: 0)
2080749389,fea15da8461516d3847bba18949626f4d2041bb61731535fafc900d7cbc89da2,A Dewdrop Crystal imbued with the emotions of Aniimo of the Pebbling family. Some say it carries their blessings and legacy.
2080751092,e325159389ad58b96771a379c715f1f0154b080c00dc36801ad3a4c42f2c4634,Randomizes damage dealt between 70% and 150%.
2080802256,7da426ace503504eb27e07485f317c443d2c1a41932a9c9405f5adea9f762cca,"If no skills are used for 8s in battle, increases the next skill's damage by <customRichText(calcData,buff,9105309,param0,1,%d)>%. The timer continues even while off field."
2080829261,09932f376e7b80227b20913f1f3ab459407998390238afd3d666067da5c89fe8,You defeated the demented Omega Tuckin and earned a Branch’s blessing in such a short time...
2080843567,385a04d5d1da2bef2a824bbe82de0fefa20a385fec1e6362e2a62efa6dc9394b,Requires Character Level {0}
2080905649,a19b5823c53bffbcd5d7f803c4db6abcbc0e6e66f16769ec15ae51b78dbbf2d2,Studio code copied successfully.
2080957744,74c59c8b7d072e91fb3abba22c85f25f32419b594a626a0969978333e1f67229,Burning wooden objects can be <style=Hint_BgL>extinguished</style> with water.
2081110688,ec4c77dce4484a9c05f5e906b42f9d61efab967eb6f1397cf8d91922b844af20,"Increases ATK by <customRichText(calcData,buff,9102602,param0,1,%d)>% of P.DEF."
2081146866,a91b21ed1633dc58f23ed80ca18c3406bd75310400dbf95c480b0a3f432b97b3,"That said, my instruction was excellent, right?
Not that I'm bragging, but my teaching skills are on the same level as your performance!"
2081161432,c615fdf0fa2513ef77c64a7a693e6a55b84da9fecca694cc06754075217bc3c2,How Wondrous! You've tamed so many Aniimo. Come claim your supplies!
2081167657,708eb6fea9c9068ac92425b11bbf97ba294dd65088c2cd27560cd398a11361ce,Should I say something...? No... it’ll just hurt more if nobody answers...
2081177086,28d3b04533e00b86964bf6505b563a16503b88066ecff114ca277f5c8dcaffe3,♪~♪♬~
2081194107,c78bc10920c9a68d59e30ce91c9ed4165a0199a600fb9649939fc023e68a69b3,Did that Fentuft just wag its tail... at me? Or was it looking at another Nimbi...?
2081216629,764abd2fb6c1cfa1e2c83bf6bf3f607f659da724a9968178111dec5aa842e9c6,Hard Winter
2081223150,e5b3c42bcaa0242940e9ddde258adccb20ab10f662eca1607204593955d93e42,Championship Kicking Off
2081245578,b1ae6bdff8c3020308f57f4b39b527eb3ce8e081e06cb9e6d25df7ca1b285a80,You want to fight me?
2081254123,e80b95f641da3fa06acea753922db387c0ad9f76d160a194a31808e41f26a345,Collection Range
2081326779,80c9651d3dfff40935607f14c8da5bb9517ec71d8c96d7ed220b6a69a08b1067,A small and delicate doll of Popota.
2081384535,e8a5b8f0ddfba00c5956501fe26a5992efb60fb535b5663a979fdb54a408431b,<style=Hint_BgL>All</style> members of your Private RV Park will relocate together to <style=Hint_BgL>{0}</style>. Confirm relocation?
2081388613,ed97037cd934f9a3ad45212433962c51406054334a1e01c3fe45d878477bbeb5,...Are you a guest here for the Bloom Festival?
2081456844,d66c47ce453dd38fe3c5f8375a1843e807fcf14876d61f87bf74d63f02561297,Encounter a Prismana Form Stellarys.
2081463765,3ef3d57dea818829caf616f2b9ed7dafa82cf755ecbd6d2fef633a025f92cacd,Ouch! Nearly chipped a tooth!
2081488626,a0d92f3bfeaff99fe2c325e86338b3c2777fe87d5019c9eb186216257cbaaf32,"<style=Hint_BgL><link=""source_740""><u>""Predictive Dice""</u></link></style> consumes <style=Hint_BgL><customRichText(calcData,buff, 2062001,param0,1)></style> Training Coins each time a coin is fired, increasing <style=Hint_BgL><link=""source_740""><u>""Predictive Dice""</u></link></style>’s damage by <style=Hint_BgL><customRichText(calcData,buff, 2062001,param5,1,%d)>%</style>. If there are not enough Training Coins remaining, the effect will not activate."
2081542499,0f66931293948f29f43217fef2c51205827ec735eae4e2523fda773f2b789e2a,Cave 14
2081578998,f4cca875a21a67959ee435785632938d39f400a3be5607f5e63a07dd3f2c7957,Placeholder Text Concatenation
2081610020,0ac5cb43ec8ab87f9c4775240fd898ca78a8448a92da23a880f06287aad590d1,The exhausted Helmut seems to have encountered a strong enemy. It has cast its armor aside and lies there in a sorry state.
2081613152,391b4e14a6ac07093188b967dee259bef4f8692e3d1e87e6bb28cf249f3e788a,Treasure Hunter
2081617200,6a6ac8386005b00f2af86a300f1ae811527b9d979db505e11ae7c5b85fa679c3,Boss
2081640797,07aecf0ff77f7a6fa39c95858acf3ef4f2a93b06620e179b097cae4022b242c7,"I’m sure you’ve cheered for epic catches, puzzles, and stories.
And I bet you’ve been annoyed by mischievous bugs, random lag, or moments that just made you want to scream."
2081679321,e723709e179afae78a58ba984632b1ec51e28a0e7623635f1815227f0bf84a3f,"Long, long ago, the Infergon used to appear near Bloomville at night, nearly scaring the night watcher to death."
2081689444,8c65dfaf66b1549bd711b8da7cef08d4b40ccf57467ceb4a80c36fa3f5bf7091,"Exactly right!
Still, even with an elemental advantage, you've got to be mindful of the difference in strength too."
2081690059,e692ef956ea25838b4aa0b1b1c812538fee0894036b47169e9d5465fd392522c,"See that strange Skippy? Quick, get the camera!"
2092730619,e692ef956ea25838b4aa0b1b1c812538fee0894036b47169e9d5465fd392522c,"See that strange Skippy? Quick, get the camera!"
2081691027,be1e0b85094210e27a3fa4fe67f592ed55b2d7c370f3217733508132fc1421f9,This skill cannot be used while tunneling.
2081699483,858e45c5784f3eb5183387800ac269584d9a735521aecbad51da16fc0130c9e3,Bowie
2081708585,a74dd03b18b39efe4559b302bab11f6330d30aafb42179697c37eb6c2f078bab,The appearance rate of <color=#e1a347><b>Sparkling {0}</color></b> during searches is increased by <color=#e1a347><b><size=204>{1}%</size></color></b>
2081709023,7397d067dfa1ca670e83a2e9c4cc8effbc0d77afeae3611226454ed19b8c1212,"Speaking of which, Senior Lana, BINI warned me that catching a Turbo will consume <style=Hint_BgD>Primegy</style>.
How come?"
2081715935,37bbfd74e4a204cacfb794ede0c1e38dfc38c0797b42e467898289a5d70c5b04,Let’s go find it together. It’s just up ahead!
2081740518,9457ddea943bd4369b23141a4b6f19471cfe240faa6f3a5e9b3b649872e88b88,Is that... a dragon claw? But... it looks like a stone carving...
2081740910,c8237ab8429ea47e166a11e93128001caffd7a3e86bcecdbd36fc089b7f87a60,Twine with Thornblade and approach wild Budsquire.
2081748074,38718fb22fdd49ab813a5a510e8b654494da54b4829036996dc236ac0b02ab94,Select a held item on the left
2081770666,8facfc84d3d597496448cdd55eaf3b07348549ce91317b6940d24b1f85237176,"The First Lethal Thorn is Princess Melloblum’s guardian and orders you to leave at once. When you insist on entering, it challenges you, declaring that the thorn in its grip will cut down any threat."
2081835982,4090ba4233b24507def8705716ba32b7ad0c2a8b71b8a77765bb6ad2346db022,Of course. Homeland upgrades and updates are just like Aniimo evolution—they’re essential to growth.
2081870437,ef33d2246934564d3424509372a731402b709b7999300253982bf98e895d0a06,Tomorrow...
2081880990,c64889a1f1a3b797651f3b215606ed646ca2d96bd789149832c3044ac3ba5bb2,Unlocks immediately after leveling up (Standard)
2081895761,2514da8ff1bd748968f162b06675769287128cbfa4acfb7792229b3d4e2c62a3,Test 2: Hexxin
2081944063,dcc6c6bb3f16d5aa0790dd9b73c1a39f92d36a2cec38f0291729346433aec9cd,Want to give it a try and see if you can handle them?
2081981189,f2c7b53cc0aec14b8bf59c7de01c17582d0f5a9a4d717eb646256c6e8931312a,Is that... a Grizbo? Those things are huge and... terrifying.
2082053749,9e91bbf19b8736fce74c9d49f6b08470f3483361b28749ec46a826bc64f930a1,"Huh? The energy is starting to seep out...
It actually opened?!"
2082054899,65b7ec95633d02478d60d3b59487df61ec30dae0768a53115a5b29c1f5eb48f5,In your dreams!
2082090697,1b698cd79aeb1fc1e4e3865b531aba8cfb2a530c84970efd4c3352d631426a98,A Magmarex who came to apply as a chef burned up the grill. We’ll need to restock our ingredients before opening the shop.
2082143441,d8cf8e6a25d572b4dbdb4e3cf1b18c4e210557c1e75b47bc7b45e47a4fa9fe02,"Increases Aniimo’s healing by <customRichText(calcData,buff,4001040,param0,1,%d)>%. After healing, increases own damage dealt by <customRichText(calcData,buff,4001041,param0,1,%d)>% for <customRichText(buffConfigData,4001041,duration)>s."
2082277754,0a22d5bd7bbd03df65a3153db0ba9241e9b109025ee8df57e5637759bd7bba30,Golden fruit growing on a starine tree with a piece missing. They are Celestis’s favorite.
2082285594,2c9afe25f8507febeb7aa8f07cd89387c040e7370ecdfba8472cf7919f25fb68,Defeat guarding Aniimo in the Egg Heist Sanctum for a chance to obtain
2082286617,3de414a0624559b4347e089f9ee312daac17a5f1f7d3c3febfc04020722eaaf9,"This Aniimo has been trained. Before gifting it to a friend, you may transfer all training materials to another Aniimo. If you skip the transfer, all trained stats will be reset upon exchange, and no training items will be refunded."
2082324241,c11dbc8a127febd99417662be7e63e176df1964836216def4acf4e2cb29e5453,My wallet’s in serious danger—
2082337355,4745ef3b6239ada988a3d936b373ef5f66cc0105065114f684b30af3b7794981,"Moonlight for a crown, wilderness for a throne."
2082418415,a037e74680bf3b16a28a0a56bc86d7f78744e0c0beab368682e7497e9648f33f,Singular... So that’s why she refused to let go of that irreplaceable color.
2082471009,9fd30ef76dec8f18fc36d7c2c0aeb410513e94cbb4b170d3e96bd9de6516e527,Fentuft Dream
2082485311,dbcc5a8afe990e2e883e30a3e433a4d8ac009d305efd5935a9ee4452aa4267e8,Twine with Bolty and electrify the wire to help your teammate glide across the Maharba Fault!
2082505481,2e202a869c5cfc1d3b2258a7e1f252871bf53ac16f309518f762ca96e49e90ed,"Exactly. The expedition was jointly initiated by the Pathfinding Department and the Aniimology Department.
Speaking of which, did Nicole mention to you why the last expedition was initiated?"
2082509951,b81d038c1e8a83be3ff02b041e612bbdf54d4bce44e8d965d0a78ade48c4009c,Keeping up an impressive image matters too...
2082529419,0d35310d7bd69c9c7ac16f4f907500e90a17d8191680a8241770a27cb0714c1e,"Once you <style=Hint_BgL>unlock the Bronze Badge for Area Collection Progress</style>, press #kRaw/GamepadButtonWest#z to quickly open the [<style=Hint_BgL>Branch</style>] feature."
2082534445,63d97266b334d7838df5b7b9aecef335dbd7e4e544777040f3a894a2c5873b09,Defeat the Turbo before the countdown is over!
2082543819,35dc38521571d7d09ea490b87ad8f34390ddcbd9c10104a90a38c2d997b17238,Spectral Entanglement
2082600777,3a6ca5309cab6e64ce32feb7cd03736d6a207ba2b229a70e6f88b38b8baa8a28,High Frequency Low Damage Stage
2082602326,dd6b66e9e67e0d92ac21e0ae557e1ab35ba2b74d6414ffe7d98e3cdbd54fc6e0,Open the Aniilog and switch to Form Mode.
2082610812,e59416d5b01a2ae17192f4804da4a2ac2630822b05eac468083896c1bc921794,Then something big must be hiding here!
2082667021,56afa7af64277ee5a72388cb7f9d894bea11124cfe7fb59633577ca9ec5ee44f,New Event Test] Questionnaire Survey 1 (Placeholder)
2082694740,d6dcea2317b913ffc5221815dae7b648ec06c268d4f9caa6ea7a0f114fd79aee,Obtainable by using the <style=Hint_BgL>Woodworking Bench</style> to produce in your Home.
2082762422,61499f6fa502356e776e094a7f7fe9bad94140268f6dd0f89163befc450abc20,Check failed.
2082764767,35aea2946a78d34aa259ad6da6fe6a8e8f1e191ebb8353fa41ebdee279d91440,"As a Pathfinder, you can use <style=Hint_BgL>various skills</style> to fight next to your Aniimo .
Now, follow these instructions to better understand your abilities!"
2082809948,a85764fabf0effb31236b144054962407b83b07b946b6788fcdb025e9598eb73,I’m ready to lose again... but I don’t want to.
2082817028,ea0b2b4ca66f7b32414de98cad9b0e79e55f506101f059ddcb78411a8a0d3849,I’ll help you with that.
2082827155,19d425da35a9b87ceeba4f96b12f4cbf54fc5b2ebf6d987b55f8b1d0c435a1f1,"A powerful Legendary Aniimo has been born, drawing Vein energy together and forming a strange energy rift.
Yet the Vein is surging abnormally, and the affected Legendary Aniimo has become ferocious.
Pathfinder, please explore the energy rift at once. With courage and a healing heart, soothe the out-of-control Aniimo and put an end to this disturbance."
2082847876,9343e8944469dd8f53947582f17a98648ca583fac6e5995a578ed8c41b0f923d,Ancient Wooden Chest (Large)_Lv3
2082866120,1e513e001fbca35c9bfe1c2f7633114edfd91c467d1eaee5bf3ac391a9078981,"The crystals on their back absorb prismana energy, erupting with magnificent energy jets and radiating terrifying heat."
2082918396,ed5b1681bdb40eba07806b4b07e602efa8852601b5fa9c3a479471e998aa880e,Gyro Sensitivity
2082922108,95191dc8763cd9dcf55e6246a21e13ba999c8d65d5f809db8e211cb2eda14808,This Aniimo... it’s so beautiful!
2082966360,79ef2fc4f199aeee44d4098cb1adda6fd0c9dbbf8d42d690c27e344c0b2b1e83,Are you looking for something? My Leafy and I are here a lot. We can help search.
2083026523,6d3e3ff71d160ac8145d2ee7a15a5cc3d1ca676893a801b443b1834512d256d0,"A Training Style that grants buffs when you receive healing.
Increases the chance to obtain Vitality Gizmos."
2083107731,31a6c14ea810c94a3239a6d5a146858aae6175ed999f1a3a421f5442c342d68f,Knight... whoo...
2083157697,78ecf1129ddbd42e9df60374c1c00767f911b290a10e5668f9b53b374a1d178a,"Used to store what they call their ""treasures.""
And they guard these caves as if they were their own territory..."
2083170788,a3131116342e1e77aa7e204468c9f58ededf6c79bb81f375acd10d9e452e560b,...This person has already left Polaris Institute.
2083171374,8ff6131d3cfb52bba5e9de7f864d60eebeed3dacf6eee7484891858e2a5f1473,This is totally an Inferlupa! I have proof! Look—this is a photo I found in BINI’s records. Aren’t they identical?
2083202076,fdc63b98d8b6cf0b9322a23ac0f86244f17156b8a025100e01242573b8611045,"Alright, come home with me now!"
2083205215,d194a02f32cd3996d1d0d09a7f860f9152576034b013a661bb54cd1a4f0d3be6,Piopiota Hood Pack
2083219517,a1200ab2cffe21a5a23864871a29dae6546cb719866b84ca5c1ce8b334a5c813,You won fair and square. I’ll continue my journey now. May our paths cross again!
2083224489,7a55207fbf6030d2cc62b9d77f8a96156bb2d1156e921a773736bd05408bba53,Fire-type Damage Reduction
2083245834,c0421ceeae75f36b232726fa078863ad97700a1e1e141de46de87cecf9d0ee94,Only friends can edit groups.
2083256861,d0feab379299f145f9ee050b2351a14ccc0a516dc73de7cf9883d6cd16376f6e,"When a unit marked by Coinwisp is defeated, the mark transfers to another nearby target and its duration is refreshed. Also immediately restores <style=Hint_BgL><customRichText(calcData,buff, 9163302,param0,1)></style> EP. Can trigger once every <style=Hint_BgL><customRichText(buffConfigData,9163303,duration)></style>s."
2083268722,8ab054bcd572c3c6e14ede2690b6e0062d982d9be0a09dd5a0a22a8bd799c1f8,Exclusive to {0}. Catch one to unlock
2083275847,c37b0bb02d2e2c8a779d16050a7ac8adf9f488c0d851a3d9bb06924494ab095f,"Alpha Scorchhowl is a DPS-focused Alpha with powerful charged burst attacks and self-damage mechanics. It can pull targets together, then spend HP to unleash a devastating hit."
2083287177,6791cede83abfcaadd3de7e1b200f6abc09d3c45ceed74b7dfa431533b9ed20e,[Abundance] Stamina consumption reduced by 10%
2083291060,dd1369a71cc42fd4591a10e53ff19eba4ba5a5024b440d025365e7fc7f66a989,A plump Helmut-shaped ornament with endearing appeal.
2089779358,dd1369a71cc42fd4591a10e53ff19eba4ba5a5024b440d025365e7fc7f66a989,A plump Helmut-shaped ornament with endearing appeal.
2083309823,170aee167bbfc7dc9282bc73ae25d24172393f7aee380318d6908db1331709c6,"A relic from an ancient civilization. Restores a large amount of amplifier energy, but also reduces the amplifier’s durability."
2083316371,920d14c9cd81f2b0cc98fa4c4db141f0b41aa9b8b0669dd03e57e37d8a669877,"During the Legendary Journey event, Pathfinders can obtain Irisalis Petals through the methods below. The weekly acquisition limit resets every Monday at 04:00.

1. The Faded Rainbow
Unlocked once you complete the main story chapter ""Rainbow of the Ground."" Clear the challenge Memory: The Faded Rainbow and spend Primegy to claim the chest.

2. Stamp Shop
Exchange Season Stamps for Irisalis Petals in the Stamp Shop.

3. Legendary Journey Shop
Exchange Glimmers for Breezy Mission Letters in the Legendary Journey Shop. Use a Mission Letter to get an Irisalis Flower and use the flower to obtain Irisalis Petals."
2083318453,1973c9c5923e938aaf401de96d07a9bb4c9fddafa36d9a7e4ba4c7a7826b8fb2,Construction in progress ahead. Please keep your distance!
2083323969,d2886514ba369438582356e28f97504271624c799a11af7f76f1177c2fff8621,Phew... See? All the electricity has been discharged. It’s safe now! You’re amazing!
2083364180,46e66286350ca0440f6d781155bbb3953c8c2af18290499bf868540b52dffc81,Alpha info
2083367920,9b6cf77f21e6e8051dd3dfbea20278a81d1e19c535077cb41a9be53ea6a27605,"Without energy and color, there’d be no flowers or Aniimo, so there wouldn’t be any perfumes?"
2083439131,854a1da0cdf9ce0fc82f333aad10d54db3f24b7d6acf85119396ca2b68277531,Move Cursor
2083464680,6d39149af5f706a7c6e4466e26e1d151e8181d27b4ed9fe3c53f1fdefacf4c9d,It’s yours! Take it!
2083508532,0c21ad245b8bf964671ebef1afffde39288a0732964f0facb3eccce45bc4281f,"That’s impossible! The rumors have to be true! I’ve waited here for so many days!
(The excited Emberpup’s face droops, ears and tail sinking low.)"
2083517052,a10b0ccb3eec4922ada39eec24a648656b35d37617890136bc2a635e82569009,Salt-preserved cherry blossoms retaining their bloom-time color and perfume.
2083522285,3b1bb82d7caaaa3dae39f6934cab8f179e7097ae75c5a9b2c62a51db64d0518e,"Each time a skill is cast or the final hit of a basic attack is used, if it is different from the last skill used, the target is robbed and drops coins on the field. Pick up the coins to increase BREAK damage by 4%, stacking up to 5 times for 10s."
2083538111,095d9e23d390aa10d1bf876037fd68223d09bd66706e3bc65789742982047269,Switch Scene Battle Mode (1+3/2+2)
2083590212,99a3dcf28b66dd488b348f5ee62962d157bb451d45e2ec254f949158cfd2a835,"Grandma, I met a really special Bolty today! I can’t really explain it... but it’s nothing like anyone I know... It felt just like you!"
2083610021,e7094bd9f19f2fb3618c8a825d3a40573442e8a11805644afa905ad0b2b4e4c3,2 Report Cards used.
2083621511,3b3e21304ac5dfb4c04c90310c32504565d7c80e8e78bb9da41fcd2af9ce8f74,Instructor Lita
2083637153,c4f8edc18ec9cf92237f97f00a0855536cb285879cdf14323c09245fbc372084,"Great! I don’t have any friends, so I have no idea how to act as Sariou! You’re a lifesaver!"
2083645980,b6fa8c8449ac534e7338b76cc4f3904a8c5c6ec28ce0e93dc151ea9206e171d3,Head to the Rift
2083660787,2e60da559a14d0ef073d4506ebbb56dbb6043bff9d9abada884b8fece5764b6b,Incredible Fentuft Egg
2083682849,01de383c53a33eecdda9ddca795900d92de2a4aad4d2487123156d6607d1a58d,"...Wait, what happened? Did it just evolve?"
2083713136,784fff8600f661e46c0916ff8f356351a433799a3cea72868a8b967892c6f26b,Grappling Hookshot Point
2083729220,dec2c7c498072b2be775e1974bb332a92861769764708f7555e0ffd94414718c,Those Hummins seem to be guarding the chest—better not let them spot you...
2083751153,00822bbde09acf24630f0385526bc236267d61ec61de0cc2ff2ba22856412792,"By a bonfire outside the withered forest, a few Emberpups trade stories about the legends of flareburst flowers and ghosts in the woods. A Flameruff reassures them that as long as they stick together, they’ll find a way."
2083774185,7a524a31385909820146b3848a24c905d1341e6db3ea4f421d63226c1cc97bce,Maybe you can call for other Aniimo’s help to solve this problem (press <style=Hint_BgL>G</style> to learn how to use [Call Friends]). Or try finding something heavy.
2083778830,b5102a69212522f455500bf14c9c390776a1cef329a583f91f8069c503ad9d91,I’m not sure about that.
2083787959,4c52263f134e13db5cdd2821dcb74795d46b919991749e1a88d224509141abfd,"Led by Luminelle, the jellyfish slowly rise and drift through the sky like a meteor shower."
2083799566,dd0380f80a1f8f66e3dc63b093bb85d6ae8ffb06eec3ce98b991f5ca27c6e7d7,"No approaching. No speaking.
Please leave."
2083885958,5c956faf15651551f8fe4d5f618032c7bb6794db2ac89c4049b27cacaffdccc6,They’re right beside you!
2083889886,8c8afc60a3d5ed00fc921f9e4372671ffe6f99f17edbd8261097f4852ac1cbe4,"100,000 Credits"
2083908310,fd911d955581e6b21ac8f35f8fae1fb59419aa7b108d6ac5148c159bfe40975a,"10,000 Credits... Fine. For the sake of this badge, I guess I’ll be eating dirt this month."
2083998436,36c8b645d71529653fe0ed3470e11e7ee5d172cfb83d8d12002e5e6b2fd57ebf,The Aniimo are on a trip outside. Recall them now and you will lose all rewards. Do you really want to recall them now?
2084012461,7a845fdce8ce585d0013a3bfee74ef977bddb575f1fead9e1490a568f6c6f25f,"Pathfinder looked at the phosphor barrier ahead. Sleeping Aniimo were scattered nearby. Sunia said that entering Lumenfly Valley rashly would cause one to fall asleep.
Use the prepared Perfume to disperse the barrier at the entrance."
2084019786,07fcc794607e8ff1852e724c2b91c42584371f8178be9d663cf15c6ed2e21f6f,Trap Bridge
2084038631,a29e2a0e61db5c6d23c603d2e02d3f087cffdbaeb04aacddcf6bf66dc3db2174,"(The Flameruff watches you quietly, its gaze not exactly stern, but rather tinged with encouragement and anticipation.)"
2084061691,4f7866abec2c4bbca18c02c8951292331fc4e2c169cbab54f7ded3f47267cb4f,"(Translator) Boo-hoo... I want to see the Melloblum sing too, b-but... why are all the humans so tall?!"
2084065404,7c613fa34fefd8314c17c03376afedb6295df57c8a22f9005cbe439df807bd17,Two strands of golden fleece
2084108383,b373ee8095cb30943de455d74764c410e5fd3b4bc43690eb074ac7352510c45e,Click here to submit your research report and increase your Aniilog Level.
2084112066,22f5249ca471d84924845df0267cdb014de964063d269d55593c21eee6588123,750 Training Coins: 2 Basic Gizmo or Advanced Gizmo items
2084113871,36e499bb01a1b503f4865813a8bafbd50da31c7b2363b7cc82ace1319b8fc7df,Monthly Pass Daily Reward Reissue
2084138589,75ef8d0496d128630692dd147adaac45d965a484f732ccbabf9371e1c5447ab9,Select Aniimo to Deploy
2084150763,1026a15c7994e00f160bc34f57d9db604d6116e80a6d2455a562481aae413b52,C - Go to a different region
2084160549,42b2a2326ce5116a1202d843dcdea03dddabe8eade674d97cc55bc2d9ae2d1ae,"Watch out, it’s slippery!"
2084172970,f54c59a536590f20e65a85aa0ccf363588b8fb54a3eff9d745af786dd349272e,The night talk ends. Dawn breaks.
2084200246,7eae3dc2d76d4b768097bd4762d3b62afb051495bcaf4d4b9c99c037210445ee,Set up the sandbox phase
2084219090,4675f7345469857e67843b197ae7ea6db3f0530e052ff2a2cfa5aa719450bfd0,Check on <style=Hint_BgD>{0}</style>
2084223691,41f98d69b869852fb8b321378459d31605dc9247fcd05092bbb133fe5fa9a6fb,Semi-finished Credits
2084229644,700f24a30318475075d136516b218eb9f5e2993cfb558885d53974e7824153f6,That’s how you evolve into the ultimate hunter!
2084240307,61765bd6ab5bf13e029ac7087889cff875089cf0b3660219400bd79828f90f59,Hahaha! This isn’t like fighting out in the wild. Having a crowd watching your every move can make anyone nervous. But don’t worry! You’ll forget all about it once the fight starts!
2084274029,df145c5d4f51f2c831e908bd28f7359cb1b69348a4707284a82b6abb84c11df6,It seems to be sleeping... Better ask it when it wakes up.
2084292781,fc9f84820c8ffbd3c9f2456e09581ea1069bcef25ac8bf319ec39fb8e11412d3,Impulsive Aniimo have very little patience and are easily angered.
2084338052,09c92011516b99fd0290b4ce0a1f2ecf1ce3651c077727d9f0a5b1927c23d7ef,The nectar school...
2084348527,9d60d6f4818c45d9cf271a2c5f3a80851d3c3360f5b38111f1c4bd3138d445c8,By the way! There are still many fragments of my memory in this world...
2084365310,1a493841496950856f60302742a754253a7fc7f9ae544416c176fc55266cb878,We are brave Helmuts!
2084393623,9b541e1970ac22550459d2d5531b6bb3ae0c0e99e3921d4e7c49bb3e78751fcc,Irisals are usually found in the <style=Hint_BgL>Sea of Flowers</style>.
2084404754,608028f6578b97abfb2922851c2414d74738b65f05fa7088be67b61833dc7ff1,What is a home? Will there be lots and lots of others like us there?
2084407672,2e5ffe2ca685100322d18428564651d450fc86e04b7c0847f120af7944cec3e9,Item ID
2084438263,a0ce8d6e1574e1125fe9d4bc7819cb73ea0529b534bf5fdff56225c8bb5447c2,Astra FunTown
2084469630,41f48bfa7c4c5342736dc9d2c73ad9fba641f59e6cb8e89377ec135220527164,Umbral Society Elite Boy
2084479154,4051c39299bbdc32f3dd198a9d0b045c3a602433019b0e73472b33dd13d2390e,Adjusting...
2084489315,4a3c41aaf18c2ee25d9bc3a68566e1f0b85c968fda8337439697279156a93f0f,My brand-new wooden crate dropped into the thorn bushes... I can’t reach it. Could you help me?
2084580668,c735c2b872d75a5f0c6c3a18496a96f672c0d5ee9027eda2bb80fb7e5175dd95,"Of course, I have similar assignments too...
Anyway, it's still the same old stuff: keep practicing, record Aniimo, improve your abilities, and so on..."
2084635813,06477ddf34aef73f922fbd2125b72b1d9149413a7a23c30ef1c139ae4351ff30,Smart Trackable Socks: Making Sure Every Sock Finds Its Match!
2084760702,0f9b693d3b5c5d6f4419ea10e337036c0bfc0ff98f8e7f2c2e95412171234eb0,Beep! You smell so nice. Is it a scent from outside Bloomville?
2084796916,6d0e730aa63a305e807e8a89ce66e1b60c98ecb91e97454967ce5af36faa52c5,"I’ve been observing them for a while too. I think they’re looking at their home, Sandcastle Hill."
2084819263,83d138a14b70ce7fb614fed6d11463f66c74b24dbfb5b426976411b466ebbc8d,Show them how far you’ve come!
2084844209,b95000e1873c54dd047b4b2a0a75529d784f8bdc603762b9cfd8814e4413d5f7,"According to this score, I’ll need <style=Hint_BgD>two Cornets</style> and <style=Hint_BgD>one Tromber</style>... Let’s see if I can find them."
2084871065,cff8da00719003479150431b12f0d6065bd448d81dc7698c19c625a41e3216d1,My silly apprentice is really a headache...
2084949652,262bdfaa183a2489a26edef987dde79994770a567d9e9cf27c4c9f5da42f642f,Multiplayer Emote
2084955223,f0424e6e611dba0bf486c273bd439930c26df80a883eb62f210228019aefe385,Chirpi—sing it in an enthusiastic way.
2085016464,0b81c2c56f93d968a8d15912836bf2a375fbc399b71f4b592d437f9a6914f293,"No! I saw my mom make whalesong blossoms bloom with my own eyes.
Back then, she had just left Grandma... She took me to the shore and slowly told me stories about her childhood."
2085019056,4b7170346eedcf625141fc022451f63fdfdc7628dd7d824e6309d780e1cd5174,"While waiting for Wally to snap out of his trance, you hear from his Irisal, Twirly, how he earned the nickname ""Scatterbrain."" Wally forgets anything unrelated to his research, yet never forgets his data, reports, or Twirly, the one friend who matters most to him. Twirly also tells you that she comes from the foot of the snowy mountains north of the village. With frozen lakes, snow-covered plants, and a landscape as cold as it is dreamlike, her homeland is also the source of her enchanting blue petals."
2085052356,830a4613de938ef4dd4dc103d8243a3897642942a08997b38815b123161ed235,Reset Rank
2085121125,81b8a03f97e8787c53fe1a86bda042b6f0de9b0ec9c09357e107c99ba4d6948a,62
2085131910,64168e33e541c6de437538ed65ab862c23396f546d3fca4e525385d1010a098e,"This Aniimo has not been discovered yet. Catch it to gain <sprite name=""ui_item_1006_small"">+{0} Research Points."
2085134715,fab9fa9b492571d3214a71ef7e3508ccd4913a2389f7726287a2cec5efe0675d,Woodworking Bench (Level 6)
2085168655,3e9b46856559544008f9976e3b2af3985e52ddfc0d5eca2d4b54528676f60ea6,Strange Rift
2085178110,0294677b2fce9ee5132af500eda1a03eafbc6688d2e70f90b344866c66a821b8,Young florist
2085183653,81116a55f47a3d85b0c8e582c1cbfc475f17e9dd4f11892f98db0ca05cef2271,This piece of ore is a little hard to swallow
2085209776,819c15fdf75907698e84750ad07856a05f625f7e13e8cfe0e70b732f3716625a,I searched the whole maze to find the two strongest Budsquires to help us.
2085209914,c2315e01a15dae4a3b281aa670ca2ad47b0f1357c84c1f3cc07a30d251856c53,Give it a swing!
2085231985,ef6ea9e92ffedd8d00f3d10e0dac9c5f7bf2f8ef72159f18dc27176b1db11614,Support Skill EP cost reduced by 1 Energy.
2085263991,aa8e806d03cfa5863d75d5c91185cbe6e1af376c224c31a410d8a20d256bd6c6,"The fur imbued with Prismana’s power brings it endless sweet dreams, yet cannot stop its enraged soul from descending upon it like a nightmare."
2085266767,9e77ba29b834a380c47e83b1aae4fde221550e1e86e23d61771b49ba8724d6bd,"You stand on the bridge, lost in the landscape, as Aniimo steal a glance at you."
2085305864,f5bbfa321efd7f0768308249e359e9ec7fa368c846aae8cb413ba45112d7824b,A Dewdrop Crystal imbued with the emotions of Aniimo of the Chirpi family. Some say it carries their blessings and legacy.
2085354219,bc4338ef5175a705228c41ed01f3fcfe0d3c0c34aee6ca0bc9eb962e529af4bd,Exclusive Emote
2085360243,7e02c98ea5a5ef8a00315059b10df3c1aa66243408dbd145d5f7c83494be380e,Hatwisp
2085376648,127be11937060a75a69289600ce0d0375a3276eec2799ea177ff9c03a1d516be,"Next, I’ll sync the relevant knowledge and usage instructions for Held Items to your terminal.
<style=Hint_BgD>Try equipping a Held Item</style>."
2085383168,9df734a5edc81416ae07946c8791c126d4f8f4f1d0e8d71b439b742929a395aa,"After leaving Lumenfly Valley, you tell Nicole what happened and ask Velouria how she cured Sunia all those years ago. Velouria explains that the transfer of color is tied to a mutation of the Iris family, but was ultimately made possible by Snowy’s wish. She remarks that Snowy’s dream is every bit as pure as Irelia’s. Although she claims to have lost interest in Irelia after she abandoned her dream, she relents at your request and gives you a clue."
2085397297,eac970713a135240a1e4a1f7719fe5e882c4f66c7e6855432b21005b7f2cf503,Whew... That blow had more kick than a triple espresso first thing in the morning.
2085420187,bd18663486ec637a4382cf0df6db7e293d8278a543335e52f271a363fd6a92ae,You must <color=#D89C28>defeat</color> the Aniimo guarding the treasure first.
2085423992,0d724c6e2c97a6465cd516152189ac762ba64935607abe0abd87715eae0f6f7f,Legendary Aniipod: Departure with the Wind for Irisalis
2085454001,9f5a09a8631c919d906c73b0b721c1226c3d106c894eb609062b4c06af590c48,Caramel Nut Chips
2085507654,4a2a8a4d0ba2b801971f231bb6515b85b7e6a55f8a611ca35e985f8d616e6196,...Want some help?
2085521215,fa73166cf192f60a76e81c0e35b486604befff6408e500c8bda84dc076cea08e,A Dewdrop Crystal imbued with the emotions of Aniimo of the Baleetle family. Some say it carries their blessings and legacy.
2085581018,dbf8c7d5ea3f72e34155ce7fadefcddcdc234264e1ad5648fe354f0db209de6c,Switching will return you to the login screen. Confirm?
2085592391,65b9a980dc75e25d9bb23de6660d6cb6b2b14c2f66cd1c6b9e9891040578040e,[Prismana Radiance] Triggers a weather change.
2113528886,65b9a980dc75e25d9bb23de6660d6cb6b2b14c2f66cd1c6b9e9891040578040e,[Prismana Radiance] Triggers a weather change.
2085596664,5b76324646f1781ff4dd587f1913a413a0e39d37ca8ac6439ab752fc9d65af7c,"I understand why he feels anxious without a leaf. I’d feel strange without mine too, so I’m still unsure whether I should grow into a Pranky."
2085604987,f90f65788134c6700bbd06fe2a3f112e9b8324af30da2bd8a6b53093287362d2,"Quick, look! That Aniimo's been blessed by <style=Hint_BgD>Lumin Amber</style>!"
2085610453,d5d676e2f1fe491910e71bf30d946b1aa5a517b3cedb4e51a6fe92278b1fe98c,Sandcastle Hill - 1F
2085635721,96b3cfe80736644e490d68e8765444888a5f90d96094ff92d6441b04edd2a7c4,Is it a true story?
2085655410,a78a78865e73158df3550bbba38a767bf30d816cb9fbbbf69c4b041b84126861,"It's getting late, let's <style=Hint_BgD>head back to Uncle's house to rest</style>.
I haven't finished making my Spice yet, so I'm planning to stay at the Perfume Workshop tonight..."
2085681100,e2c134468c32b66f82120eb61d25808c613ff53afdc5ca9be3b85a08ed9a3e42,Why are you sad...?
2085719479,bb0cb8f4ebd798c69e453b25174a12cd03f1d9359e0a3b9ee7b676f007d9f5c3,A Rose’s Respect
2085745295,b5b7a9f9495add9f5a03608407f889b94376cd67d7edee2cf4dc5a1cf6472932,"Burning fiercely atop the highest peak that only the fearless can climb...
Is the crimson flame representing courage and hope."
2085826798,baee73dd8b0fb174d7ac4fdb1251b10330cb51d845a5687ce5fa4395a3b447a2,"I've decided to stay here and keep watch for the next few days.
A new Aniimo will definitely appear, so remember to come check it out!"
2085840474,42a6e46f4c8f735d4d35f4f8e89005b4077218cb82b39e526575faf4ccda714f,"Ah, it flew away... But these traces..."
2085889554,6a5c5adac44514d403b9b5e931a78544d1c59aa2fd2ebc30157b4020b4298341,"All processes proceed with Director Ling’s approval.
Critical matters require the Principal’s authorization."
2085894987,b64dd41f702d8e52596fc856498b558a6f9ecc93f6892f686b3e1f02a911529b,"Phew, I lost, but that was a satisfying battle!
Playing with the big doggos is a lot of fun, right?"
2085898710,0d3addd7d3a2b53519e1adbfc8396533f1b28396481a69ecba0c77493285f54f,"At that time, I'll ask you some questions based on your previous training and adventure experience.
As long as you pass, your rating will be improved accordingly."
2085951520,7934c5e36ccc900ea9c8e8cfcd8ff1380d5a77ee13a01a9b6542ef9021372192,"To polish their dance moves, Dazmands will even pull off a backflip while running to hone their balance."
2086019740,448c722489afa5137d53bdebc4d61497f5587c7e8ec87f70b04476bddb7f8692,Tracks the number of times damage is taken.
2086028876,c45a351676b9d5e129555a2f37196225bd22b91a7505ef676396c3ca24e8c071,Spirit Helmwhelp
2086121152,03a4bba370dc5ef148fe51be9a520821d36b88ec689c885e27fcf0fe1ff7918c,"But the more people praised the ""creativity"" in my paintings, the more uncertain I became about my own origins—and the origins of my work."
2086146784,2987c87d85a6c32650fae733d9ce08c0b30f8938970bbdaaea961656e43a48d9,"Well done. The three ores show you’re capable enough. You can go ahead, but be careful."
2086219274,b9d53a8e26ffba13e799b70ae547c21b734d1fa618f684286bc708b750c96ecf,Are there records of Helion in here too?
2086227821,1a2d9e94a0237b06155490e7e0b75ad4303c46c9b762591dc5c030b69c6d6320,Teleporting back to the leader
2086243774,fa81cab21f215a57ab6c14a5671651e4bb14d9f848abd531bc2d66d9b066afe9,<color=#5090df>%s</color> is getting a little tired and wants to take a break now!
2086275809,e114d651374e801fd51ab896f29d226706a5484aaff5184f48f8e0000361778f,Then how do you get flame flowers?
2086344057,61023ca359cca1300ad442b1dc9d39ef412035d2de127902b2ff556a0c7227e9,Act Four: Go Out and Explore (Part 1)
2086384769,b07ab304e5e5d583399132f2abdf9a5333487751763a8fc7246226cfb0a7e66e,We’d better hurry back. I’m so scared the Helgons will catch me again... Waaah...
2086452923,393b24411d0e968572a82cc6a24330101fa18a54294134e367077565b1a4654f,"<link=""item_4040105""><style=Hint_BgL><u>Well</u></style></link> in your Home has unlocked a new recipe: <link=""item_4020061""><style=Hint_BgL><u>Quick Recipe: Fresh Water</u></style></link>."
2086454864,8a565ca1b1635a82d3c59f7586726b86397fae7bdd3a0ea321f4b90362dab201,"Record: ""Freedom"" Score"
2086490549,0ad658f5666c764dcaaf801ca4c2b25d23c97c2fe86976f0ae22695810afc844,Destructible Stone Aniipod_Lv3_Destruction Count 2 In Progress
2086529446,11ff224d407f2bf52d30f6ca2cd2c3e7299cf9d645cebd09bb35288edb466cdb,Unlock the Besauce Avatar
2086571844,81f8c5a312774ff8d30af7d81b9d935015d97d28aba6d96ce7a7eb536d7457b7,"The festival grounds are still overrun with weeds and clutter.
Clear the plot and get the venue ready for the gathering!"
2086595855,f40662eb38fdd4f8afa9bf0cd3e777fb5758918e26d85458773d2a031b07f9e6,/per use
2086635727,755ad5c050f81f66b0aa963945b977548737999fe3c56a417f63e92f8f24f7e1,Furniture Blueprint: Cool Summer - Round Stool
2086648561,f1b6ac1fc8832a0d7263c52f801786146c3bf70e9df41faae67785413d318e97,Near Sanctum: First Sight
2086665562,04d4ee9ef622bc6fc8455bfc3c73bb92739fc5e31f83c6373f30b96e12a979c8,Badoo!
2086694252,9c471f4814b7b7117398aa83fe7e710d1bc4c3eb5ab5200f37ddddd937fc6a0a,"Basic attacks apply <style=Hint_BgL><link=""source_8038""><u>[Ice Debuff]</u></link></style>. Deals <style=Hint_BgL><customRichText(calcData,buff,91163061,param0,1,%d)>%</style> extra BREAK to targets with more than <style=Hint_BgL>5</style> stacks of <style=Hint_BgL><link=""source_8038""><u>[Ice Debuff]</u></link></style>."
2086742483,7938ec914a14700fabf5cd2eeb460ac0134d21360ff9b2a5657837bcb2337566,Form-Derived Skills:
2086787670,cabd7eaf56a7b51aca05216ef67a14a0e196313d1413f63adc8535e56598aac1,"Alpha Leafy is a healer-type Alpha with strong sustained area healing. Its skills continuously restore HP, trigger its talent and Vitality Core Gizmo, and leave behind plenty of healing drops."
2086801639,668407022197fa0bd7d6f8b10ddcfb57501de7fd9cd8b2b840919f72b528b278,...Square...more...like...
2086802919,8b6fb1657cc0f427bfe8cdd5728e7f24b023b9192ce8133408835ce6c45bb727,You want me to find them for you?
2086806765,52118de9505ab04913e0624d4467d9a6d412b69e173001175fe4b8bf08f0b90d,Wow! The rocks are totally smashed! Amazing! The super powerful wind field is back!
2086816521,a62394ba4acc97cd00f78b57e4ff3a1e623525529df2981dea2a3650ba56a77f,Vehicle
2086834502,8e9b3c39d533dc22cdeca99be3be1a5b99d9daeb6ecb214936266751005cd56a,Not Yet Collected
2086841018,0fa17724a3a12a732d4ff9955bf45e7c88b2343ca36e36d556ae3c2b7384e803,"When climbing, swimming, or flying abilities are triggered automatically, the best character for the Pathfinding action will usually be chosen based on this priority: <style=Hint_BgL>Currently Twined Aniimo > Aniimo Equipped for Pathfinding > Pathfinder</style>."
2086857268,12289fa95c85e5db34e5e1026cb06efc6c27c2f420158b92f6d08559ace39740,Harvest Gathering in Preparation
2086949998,418384722869c294981549a711d277e76c4f9c437dec20e6f71e9f3f1392a38c,Irisal’s <style=Hint_BgD>Floral Storm</style> <style=Hint_BgD>becomes even stronger</style> when Energy is above 45!
2087028202,d8e9262ac6a24279a9ae4fcac0311c0f9af227652daaca5c0afda43bb16bb433,"1,000 Training Coins: 1 random Advanced Gizmo item"
2087062718,9cb1b56ef35e1526a977576ea702443b46fcd1d06e03ee52a77e28ac72615769,"<style=Hint_BgL>{1}</style></style>, plus an additional reduction of <style=Hint_BgL>{4}</style> for every {2}<style=Hint_BgL>{3}</style>, up to a total minimum of <style=Hint_BgL>{5}</style>."
2087094604,5e5b453b5841ba6ad0618f6b7657233f6eeb00a119ee59d53d1e1dfbfa387801,"...Someone once told me that energy in this world never perishes—it simply transfers and cycles, much like flowers blooming and withering while leaving seeds behind. The Infergon’s power is no different."
2087100015,2dcd1c9019bf462adf92f5db89c77f1d24a38bf40c0bd6eb986eaad9b08c4973,Stop Listening for Conditions
2087109808,41fc7d608621b397a9a366a8aa9948be04c390f9bd50395a938432fd7e697ac5,Rolling stones can also fill terrain or serve as stepping stones to help Helmut pass through.
2087113317,e8a3e2d71e64788f7307ccb185c0615e2bcbb7b165c98e455038970ee9b7fbf0,Metal Ore (Destructible)
2087128525,e584bdf71d51e5ca832789bee774ed447c36333148c80aa95f690ea88d35707c,Learn Healing Tune Level 1
2087144963,1c75f1e13e65982c120aa8a9950383cab9012f5d67f277f8a08949c62aedf75e,We hope to see you at the Star-Crossed Tea Party!
2087166305,e29e8c5e0b78c5e44e3434411a6d191edb48c51bd0358c3c83a61398cf080b55,"The final results are in! Next, we’ll reveal the rankings!"
2087167245,78cf595d3c3a15189acb336876e456d339f282e104b345c8f3074559346aca65,"Twine with an Aniimo, then press and hold #kHud/SkillQ#z to aim. Release to <style=Hint_BgL>throw a mud ball along an arcing path</style>.
Throw a mud ball at the <style=Hint_BgL>rotating stone pillar or Target Slab</style> to <style=Hint_BgL>activate it</style>.
While airborne, the Fly button will appear. Press #kPlayer/Jump#z to enter the <style=Hint_BgL>Flying mode</style>, and press it again to exit the Flying mode."
2087175075,ac238f686985df30e657159c1b27ac900ca7ab667538cdd3dd55d682c7f43073,Time Remaining: 1 hour 50 minutes 23 seconds
2087237129,54a60ead4e33ded5081307e243ba0956de700a18492f1b11f55049fb0bb93731,"You didn’t get it right, so I’ll give you one last chance!"
2087250119,9f900d650a0836f93ea983fefde3dc10a076b70a12b0798483ce724501ba2d84,First discovery
2087265664,450e22f475fb668fa1dbda39abacdd0a11b4ae69a55c1f3b36f58a170a25d873,What does it mean to become a powerful one?
2087319955,c3e9b6f78e5ff6964d6f8ce7b56b33bd864e257f9bfebb41b9a62a41fce06f00,"Grace used roots to create Burst of Red. The moment she showed it to our mentor, it exploded with a sharp, spicy smell."
2087336121,9b8617d323a6efd83d62fd59b01d1d743ac0b360a7860abf593617e0306cd53f,"While I was sleeping, it felt like someone was digging into my back..."
2087365795,336c70f8244f84c208233f6de97a773044b3627da430cf465842e8e2e1cbca39,Encounter a Prismana Form Thornblade.
2087375906,f30c6f338c852809c43343f26cc132897369040c4d162196c553ebca2f7a1362,Alpha Helgon Transformation
2087386265,ca5a752430827b60a90abae016240c5b9921ba41041f41f9f94567b9b73738ff,I must go now. I believe we will meet again—I’m sure of it. Thank you... Pathfinder.
2087422421,9a1df4acb3b726367e7ebca18942fda0536fc617bcbc36695872b79b425b72f7,Holo-Battle Interlink Leaderboard Reward
2087437550,0fb70d59709b579ddef9c287aae5b40fa7a892dbce33f16a6fad5b90c21d39da,"Hey, buddy! I found a Scorchhowl in Beast Fang Ridge! Its flames are absolutely blazing!
Come battle me and see what it can do!"
2087517388,0de5892f1e0057b3375f09b9a8deb39c94ca3f882857c22e188338f4b8d9fb8e,Complete Area Collection Objective
2087584128,86f64e28ee5b94f115fd5ef5ae99e04040d2f7f2683ff52ca0ccd521eba14c43,"Don’t let her aloof, ice-cold look fool you. She’s just not great with words."
2087622824,a587a40dcf5c30566271f87b0217dfc3c7efe1bc680e19fea344002d33db3c54,What’s this... a gift box?
2087641257,f0c0c5b085590ade752c350095a39af534f073703c461856c2406fa61994be6f,Keep catching Aniimo in this area
2087662245,a69b2f355b41ab26a7124e9b69e35e57910d03f464cf323d6df55030defacbbc,"Not now, but maybe later!"
2087670157,3be398a8730761d03cdb82b174a20827f7938544429d515f018794f94039265d,"On second thought, I’m not sure why I gave you that choice. Let’s stick with ethanol for now."
2087677325,ed11e2b4ce635fab0eefc9a37e199cbb6e09bf8f08f929b74940a7e5f235bd86,NA! NA! NA!
2087759621,9cb6f0f6d414884454da5d6bf4b195d3d70c11c3b9fd6f2cec527761b88ac055,Feeling down?
2087770392,d6d4ab4437b3c752641de66044b15822dd764b81fa02916a20dacdde8f5f586e,2027.8.16
2087811988,595a4068c19ad6ff6db57c66ff4357587a051e5428c22fa27041cd0a98074b2d,The fruit on Shrubclaw’s back fall into the sand when they are ripe and grow into food and shelter for Budclaws.
2087830042,b5c819e374ee2803289565c9f3cc55df5dc71aaabe5c16b09f80afbd43748fd4,Switch to Home Storage
2087836940,183d2384cc0f5a88645239db38fa273466a15f913e818dc2f8c96472bd2e5a8d,A ghost legend? That sounds terrifying...
2087842599,330524d7d144ccd2d082a0f404c43a6f63704b77d23a30f64250b3a096c99ccb,"Pay later? No can do! I can’t even choose my own inventory here, so how am I supposed to change the payment rules? Sorry!"
2087856350,2d1eaae17bf2dde0544d04ebd4efa05ee0a3240323bba4ac003078e3aec5ef42,Skip the Lightning’s Call cutscene?
2087899482,943083f6ed1c212791a7ad27c13d3c828c9818affbc5e32f78c758d7db57f0a6,This Storage is locked. Please unlock it before organizing.
2087944019,c9027a7eef9ec92e6338f6fb83488c84311792313b1fb7b0871fc307c9e57468,Open the Training Chest for the following rewards: <style=Q_3>Credits</style> and <style=Q_5>Aniipod Ultra Voucher</style>.
2087990917,215c7516b02256effc35e001c9f5bdf11d674ad000a3f1fde88e62ddb7b9456c,Being in a bubble on a rainy day makes me so happy.
2087991835,4009e9c9df1802454b78c173b7adc768e93fbf5d4072b7d13be861db75e5d169,I want to have colder and sharper ice blade.
2088008449,b0365d591e6537c78a8ea591a98ac992f933745090c44b83abc92b95e028b067,Slower HP loss while downed
2088011886,17142633bbdb83a9d163e1b29265e36f8212e463e7741221c7c5fd1c5fd0b23a,Personnel
2088102060,edc469792dab0d9b329933a445559edb4cde2b010ef8d188dd3e9ffecd54d17d,"Hidden deep within the earth, sprouting forth from it...
Is the scent of fresh green representing Talents and Revive."
2088108422,5abfb12c796ac7ee07f8a9b8721f3bb141b375fc51c45236216f76a5e777afa8,"Select wheat formula in settings, sow the seeds, and start to plant..."
2088115282,7912efb43ab963c41b7a342150ac231718256dbffb11d6527115e1eb0d0ef01a,Component (Placeholder)
2088140156,60b898e9156adf03dcb3a55e018ada4a2b32b6fc44ead2eadb32e439bd69880a,Forest Cloak Butterfly
2088184647,8026281e841880ae02487e24336b58f6ebea9bdb1446fd6f0285e5bc57fe9883,Stun Tackle
2088194967,ab610136536b730dcdc7e6efaecca266c0f8f8db77f444803cc8e300477fd6e6,"It's still early—the outpost probably isn't ready yet.
Want to explore more, or come rest for a bit?"
2088203958,480e8f856b79c79e8f878b0817090b6142b7a59de025f5b03b3badfc3c76ca3f,"Spend Eggshell Coins and ancient relics found during exploration to <style=Hint_BgL>unlock talents</style>, making your island explorations smoother!
<style=Hint_BgL>Keep in mind Egg Heist talents reset each season</style>."
2088240811,7f2d4cbc5edb58c1b65f046038dd860b9123c532fa8eeba4fd3d68aafd45621f,Obviously mine! But— but—!
2088244608,b4afa9435e900e6a5550227c189a1bfe03ad28decf12b315340ee3451906de3f,Face Tattoo 4
2088257120,b5625c133bdf58625cbb1661a62f8d9859a53fa301dbe17702b6c311a5fe86f7,"Lady Velouria must be here too, watching over us... and Lady Irelia’s flowers, right?"
2088259426,65a252a0dc69e4c82de3e87c5436b5d5723a4bc33be81bc5acbaf5c6005913eb,Placement limit exceeded.
2088325069,c81edba8b9c55cc94e28a73a613906ae80d71d2862b5daaac647255ec1810ee8,"...I can’t take it. Can you walk around with me for a bit?
I need to wake myself up. This little window after work and before bed is the only time I get with my Aniimo friends. I can’t sleep..."
2088335242,9958c9f1e31f54dc18b2c07ff3c58eee7c7a5a139f09eec31dca66005fe1f059,Exchange for Home Coin
2088341105,87c731469a49b3f00c05bf25f515575945e811efbf5c9c6e682745e5379c1bc7,Dreams have the power to help us start a journey. The power to set us in motion.
2088377852,2d4cb1f64353c557d15fc537cba2c959c2baa6d62b546d334685775a721387f0,Where are the sales when you need ’em?!
2088426648,73450af74104adf35a77b41511ddeff718eabd32ac5236e00388ab72d8996335,When will the storm cease? The broken bronze already rests there.
2088474497,763ef68c482913bcf9c2d5924b23dbd622a310a69fe707910b0d3e106fa869b7,The signpost seems to have no writing on it...
2088527153,f2cba060acb3544615925601020d05deb5e7ca662dfa4c8b0391a61a1e7bd90d,"Having a dream fulfilled in reality, or living forever in a dream...
Is there really any difference?"
2088529920,4f20a5e1b212754ba91188ade4978a67b0a258a3eb5fe7602ca008a7c9880e5c,An Egg with unusual size and powerful energy fluctuations. Guaranteed to hatch an Aniimo with the <style=Hint_BgL>Alpha mutation</style>.
2088544829,d887c41be66a746d28a5af56190aa20b4bae6484080f4f778d3eae07d3d01f01,And this place... might be my home—
2088546687,e38f110ff6f0089a6facda2b1b2d2faada30b832d68a0787e19a417adffed75e,"Farewell, Sunia"
2088593812,8dfac4f95b013da50fd7ec9535980aa1a2b408fd18d3544e614be44f856da96d,That's right! Our treasure! Shiny! So amazing! The most amazing!
2088641327,8f500ebedf60f128389e7b3d652e2e69a1c7e11c710b811a21e1afabacb2a00f,Preset applied successfully.
2088644211,986918aebda6e7fcaef11641cdc4d2b45ec97186bedded9080d5eb0bd3b659be,Be always on guard!
2088665680,d36bc95bae24f2d0a31a300b07a3aa740e490bedb417937fe3727e1c2f11e06d,My company is providing aniipod ultras for a match and we need to acquire materials for production.
2088677929,3ee911cc66fca44b668467f1e1b17b81396e4a1f1d80204678f89dd11d2becdd,Custom Name
2088678706,506c529e922e542601d6c5a410f2b73ef12962c42776f100bb4ad0e58926ec56,"Swing tail to ATK targets in front, dealing {0}x Break Damage"
2088694582,c853026779b9495c681b1ceac0e99b1f628c96e4d48cfabc1bb1ada92a008417,A Branch?
2088726514,66b50ec2bd2afddde9026348c7196d652c2ca2820ae928ca4f7ab29e4f784949,Starmage (Placeholder)
2088747018,eb58716f9c6797f7023365355f81947fe4e98b6ac83405713b7cf9fa6fc3d199,"On the Home Management home screen, you can <style=Hint_BgL>fast-travel</style> between different areas of your Home and easily view the <style=Hint_BgL>detailed info</style> for each area."
2088792562,bdfbc7bdcf291ecc084e24e11150420d7bbc9a7b0ff0e05faa667cbeecce5d71,Holo Device Repairer
2088797082,08da667bc8602e993fd116b40e4475bbd18ef79cb994df33a99f2906151c5ec1,[Mk III] Repair Matrix
2088825773,299f14ac81730e4ddbf93495d3a9cf9836a96267be71ea05fa62fff7dcdbdaad,Press to switch to the Badge screen
2088833709,46e99e5dc89d1ef4f4ce43123ee0b7f261da8f352cc8ddd89220220cb88d46dc,Complete a Special Training chapter
2088860192,3bc71c721897be15f3fa7a496fc2457b96ad737ddd7085a462e696c1b5b9691f,Home is busy
2088868283,54e96f8f6c1bf8097ae21438e978cb81250c9022fcc02afd86d62adc0e11a073,You’ve been unmuted and can now chat in-game again. Please keep future communication respectful and appropriate.
2088870587,bdb57586e4afcfb2b6b2bd960810684a5ce4845af8439343f83bca5dd9d11b79,"I knew it—this perfume
smells different
to everyone!"
2088881922,cd25eca1a62718fb127a77a7464a3e82fa3758848f9ae27702e9ae17633517e3,Evacuation quest has been completed.
295906016,48607052882fda0bf71c3a57f9da3bddb5934a1dba38b9f552341c4a95445242,Defeat 1 Alpha using an Aniimo with an advantageous element.
2088925371,48607052882fda0bf71c3a57f9da3bddb5934a1dba38b9f552341c4a95445242,Defeat 1 Alpha using an Aniimo with an advantageous element.
2088931104,95fffc1b0f983aaf4880a1b6227a2e5e8c76446e35f910a401dd3bb9f116c3d6,No sets available. You can create one in Edit Mode.
2088960328,bccdc2b05a99dca224bbff21cad79d8d267f419105fa207168ee09701bd1618a,"Communication request, contact Nicole.
Connecting..."
2088961852,e997d296f4388c1a8bf6d3df8bc9524250ee724d87c8f6da712b76372b9c8302,Cave Explorer
2088999744,6a8b3f051b930caab9dc8f9fccec5e25cb9baced151a2af6080860847a309670,Join Lavazars in the hot spring
2089030479,fc594626c4945574035b5188cdf227801ce3eba85f81347fcd1f9b5de66b01c8,Metal item
2089053935,d5c30b0c686658fb2a5a25f89846153ca7cf513b0d4136f587bf8a444d26ba89,Elective
2089063981,51e44ea4035a7fd65a4ef7bb142dc30e50f63b076612fec7b20856a89e6b36c3,Plain Fresh Water
2089065967,624288763766235d3c6d725523fc8aebccf27c52fbe7973cb8c95b6e045e3796,"Communication request from contact: Lana.
Connection established."
2089076457,5df8300507839e67609ceb087f9566604296d13bf275f734b118d19c283fa1c8,Maybe tonight... I should ask her to come to the Star-Crossed Tea Party with me!
2089092855,01bd6bc74db343c162d64619fdb70392c899a95992ac724e03bb115315029488,Template applied.
2089142655,e43102f3d46e5fd7adc2b3ac3241b9319e2eeadc5a115dd509dda9f6db4aa34b,"I’ve adjusted the plan for the venue, but I’m still not satisfied with it.
I’ve covered all the old festival traditions, but it still feels like something’s missing..."
2089153256,4b654bb4c53ed3108ac2cadcd851c1e70d8a96483e00658d28c525cb609c9f6c,Divulge: Protecting the Melloblum
2089165704,1196bbfe4fd7dd5a83144ed57c3d4782358634789debb86edc1026bcec56758e,"It’s just like painting!
Even intense colors can flow together in harmony once they’re properly blended."
2089176091,8fe930892070a6f425e60a5308f62d52e26515970afb15bb58bd52dd4d6e6104,This is for you. Something to remember our first meeting by.
2089227134,70839833960b25dd48e9e2c9913d19b72a183ddbd6eae3a9b077c9906430a0e4,I’ve synced the specific instructions to your terminal. Let BINI guide you through it.
2089325843,e4071894b2021cd38ceb68bc79afdd076506b1126279ee828bd5f5d49e95dcc6,Learn all Skills: (1/0)
2089364458,bb9755f32f2341006e105ea1f4093e8fdba9491585652f6e122938ef155f5ffe,Multilingual
2089368892,9a749cf7fdd16abb1b12e8460e384b64b59c3197a0255d834601184ee75d277a,"The Polaris Institute's rarest and most exceptional honor,
granted only to those who achieve truly invaluable accomplishments—"
2089373582,80c043bdf7d114fe352c2ea0d5adaffee07bba926e7b5aafef52171b4e43df52,"If you see him, tell him for me, okay?!"
2089422365,524b81680be381d819802e47d193366d433862fe73281ecc323e522bf9b2cfaf,Starlight Party Avatar
2089442496,40c1f0ff91669e2e0b64d67251c9b18652cc6a59a5dc6549d38bd81814faa993,"A step modeled on the owl—silent, without a sound."
2089450698,33f6e6868af119c28b587f52d96d6646dace61f75ea37dc61ce66a1d57622f55,Let’s move on to the next set!
2089462097,ad24f95447305ce655520cfffef5afe847583256c9d845ac506a42f1553db6d2,"The Omega Sherro can converge water into a huge sword and unleash an AoE attack. You can try to dodge the attack, or <style=Hint_BgL>use an Aniimo with water-type resistance to take the damage</style>."
2089496398,d658e394ebc825d8beb8426b02feb41662b7d4c14f36d138b110cac963441a64,Please defeat the first wave of small fry!
2089534508,97ac5ecd1389be6d7969f3c0608d389c4560a5ce321bdc98578fd447d7f3faa0,<#FFE866> {0}</color><sprite name=UI_Item_BossRush_Star_small> until the next reward
2089571139,af966f6c94f83e590dd924a34705faab1e45b41528b76a0f4ff941bccd97d5e4,"Radiance flows like dawnlight through the woods, scattering flecks of gold."
2117544463,af966f6c94f83e590dd924a34705faab1e45b41528b76a0f4ff941bccd97d5e4,"Radiance flows like dawnlight through the woods, scattering flecks of gold."
2089638907,480d585bfe1a678c4e91913a592abcb07153a675385f3757f7b5015be89dbc02,"Lowers the mask and hardens the body, increasing EP recovery rate by <style=Hint_BgL><customRichText(calcData,buff,91026020,param1,1,%d)>%</style> and dealing <style=Hint_BgL><customRichText(calcData,buff,91026020,param0,1,%d)>%</style> extra damage to BREAK targets for <style=Hint_BgL><customRichText(buffConfigData,91026020,duration)></style>s. During this effect, the Ultimate can be used again to unleash Dragon Slayer Strike, dealing heavy damage to targets ahead."
2089659962,5282c8fc626859e70bb79009066dd827a4be76bd57626295e4d99d87b9f468d5,Sanctum exploration completion detected... Database information synchronized.
2089666334,0a0b7274dd5d94e057c0ccdd0946ccaf2c76e83d0f8da8ac11131da37e5399f5,That could work! I still remember the Glacy’s song. It felt so cool and comforting.
2089696658,d30dc6f2440c57f60a487e29feede52c23bfd38db7eec45e180d48b2973af520,Ban/Unban
2089763995,f9569ca3a2bfbd9529e17feb866153bd976a4bb0ad4d0dc9262dfb45acf0718d,"Healing: Excels at <style=Hint_BgL>restoring</style> HP for the whole party, keeping everyone safer."
2089832724,f60073f58aecf46bcb2e6c59df88ad72af02e785c5dd1d671872e95e2581175c,"Nai-li, this is our new classmate #playerName#.
Principal Oswen asked me to bring #playerGender# over—he said everything was ready for enrollment."
2089840954,79f28aacf48a3087ae9c417fa05031fe01e62a2d2b4f1eb699b35ba5eef91435,<style=Hint_BgD>A wise choice made by a wise mind.</style>
2089911510,45308e51b508be7f8ec900b1d62b4c0cb8494c644d44b77ce6a7c50d707411b9,"So tired, and so tired of the fool."
2089935298,bb3c11f854ac2be61f6e33d903afa8fbd82532522aad400767be68db1d4ba6df,"The research has been completed. During searches, the chance of encountering the <color=#e1a347><b>Perfect</color></b> {0} is increased. This effect remains active for the duration of the event."
2089975911,79767fb24c42f9381419e0ebe9eefc0b56657de06e42e06ebc541f41cc201107,Which method(s) described below <style=Hint_BgD>won’t earn you ambers to upgrade a Branch</style>?
2089999405,41198efc2f66cf31e2a97512c2c9b0ac86f54afe13d927f035bae7270ac831a2,Default Profile
2090017578,fca1a5153ca2aa627a96eb46c8938567f9667b71d49c71d9b2122ce565a6ba6b,Hey! Still no <style=Hint_BgD>Grade I Trailblazer</style> title? Then you haven’t pushed yourself hard enough yet! Go get your blood pumping and come back!
2090017736,c40b9ec20228db8592f316d29783ed943ffbc7e6869770a14e851f215803cfb4,Active Skill
2090089814,65596a3b136dbb1ec6701c57e42448d4990f3c2b36556917dd816bce5dd3b190,It’s an Aniimo from the Iris family.
2090108322,1bffb535face5bdfe3973ab96965061182ead5eab4c45542dae0df62c7e216fc,<color=#D89C28>Warning: Alpha Luminelle has entered Power Overload!</color>
2090127637,68b5c2e8eb5beac132d7a4c0c82c99c81bcc010f3c8dfeb8554ce60f90b865fb,"We want to add a touch of Idyllian flavor to our coffee, so we need to try more ingredients."
2090218089,364ddafdbafb8373d0534915fe84d6b6dd7aef34c87d722a49956eb30181aed3,Sanctum: Cliffs and Sandwalls
2090227998,21f1d913f982a7c38816c8d54e7be1e079ee9b4fe163909cf48058698878c8ef,"Hello there, little Helmut! Have you seen any little Helmuts in trouble out in the wild?"
2090269673,d9733c575bf345fe361aaaac247a9e21cba913d571f75a62802b5c08710464f2,What a coincidence... It’s the same name as the place we began?
2090325876,981528c913c4966a21810f908e65d9f70a900070cfd38088eb9fd9d797a71aee,Text detection service is rate limited. Please try again later.
2090346391,33b5544e138823330aaa848a41bafef472611aed10c0ccb97eb7475ccbd03fc5,"Note 2: While exploring the mine tunnel, we found traces of digging. There must be Aniimo living in this cave. The captain told us to proceed carefully."
2090357385,4488dc5b0b17f575557d63f04d73b0c38a4ec06724ea21b5866c99999f4fedb4,This defense was prepared just for this!
2090384909,4b2e54293c563fd1710c3d83070d8bf93cc9d4abed58d34a2dcd15ba155b91a2,Spend 100 Voxel Coins to pull the lever?
2090387286,6e3baa5cd05883eaab588f1d1d4d35f6c80da2cdcefe44b088cd8746bdfa0b14,Waiting for players to ready up ({0}/{1})
2090392235,12bbb45f0167ebcc98f5b29f44580828b0c2bfb5449e3f543c0846e059fa6b7f,Gifted top-up table ID
2090395848,855dac38dd909a4c54cdef31f8b10589b211036d8f3980c9622cbd625f5b17f3,Add a new Skill Set?
2090399705,ad203b1e2cb59d0349f3a2de4b250038f497019db02dd0519ec7f7e991bbc1e3,"On a gale-chasing journey, your Aniimo walks beside you."
2090442971,2a6c7d03a0c77b18baf6fd0b042d3bf9359037a81072140be4750a1be1948d4c,Heart Chair
2090486977,fe9aa9fbb5f35c4e92812a60d728c04fd70fedc9f0929bc69e0379360fa28d07,First Prize
2090525690,72abaf10dbe9e18fdd81702a509dbccd6e606c9d68b8f0d0b639bec2ddc91093,Fire Companion Codex
2090530045,f3045424f46f7fe4c9f8f46391b6a79708e81910cf526a0a747f458fda56a00b,"Evolve into the Ultimate Form, Well built limbs, clearly a skilled fighter, and very adept at using fire abilities."
2113933234,f3045424f46f7fe4c9f8f46391b6a79708e81910cf526a0a747f458fda56a00b,"Evolve into the Ultimate Form, Well built limbs, clearly a skilled fighter, and very adept at using fire abilities."
2090538084,7a53b9e13662c43c07f8b238c7a4a4d148037f3c40c6287cc593d9850a4abad7,Is there a way to help the Budclaw?
2090563436,c86e933647ccd9f58f75ea6dde90003e5744794740ed5ed22463668dd5bf0867,Star Stream
2090567082,296448c98134e01b1dd805fc4ccd3e7c2de615f6d0956a28218369f39b3af190,"Once the perfume is complete, memories surface again: the Vein splitting apart and color draining from the land. Aeolus does not appear this time, as though even Their strength has been exhausted. The memory reveals Irelia’s choice—returning her colors to the earth and using her roots to mend the Vein. Velouria finally confesses that this process is what you know as the Bloom Festival."
2090576331,9436e83d59c6403821ef7f3ab39d1e3876b3e4483ad23344f6c99145f934a756,Text Title Placeholder
2090598840,c99009092061ba6081409d45c208a08b77525277d8116f5fa9a46811cc9a8a4b,Unlocks at Kitchen Module Level 7
2102355017,c99009092061ba6081409d45c208a08b77525277d8116f5fa9a46811cc9a8a4b,Unlocks at Kitchen Module Level 7
2090602445,821ae67c6c5dd31242abf4f8a40f27551301bf31a191f2899c82d0f6c1ad0bcd,"This is the Sea of Flowers, home to the Irises and Flutternyms."
2090613436,e6b39b4dfde30c23294237e6e27b26c9281622ca651a2510a38c9209763a2e3d,"But to protect the environment of the ice cave, I must push it back no matter what!"
2090634066,a4613d207fe8d592ee961d768005951ef9b037d3c356bb4943da928f579c927f,Lotis
2090691249,4227843884f2a5d5d6a98ab444347a29f7fa78413d659396b1cb324033de2e75,"Well, this is also a clue."
2090696462,4b8c005b5674ee1525c14eb7a805466e508c971b8d0a32137a2a84851a7cc106,"Where the wind goes, the heart follows."
2090699633,b7583f6780a62c16e974beb51c8a6e3db923593a33232aeea5388b18d7362924,"You two are kind of a perfect match, you know."
2090722153,030848381d99de325f97749ed7396ddf5f0a45d0c1292259ee959da646aa9e13,What is this place...? How come I have this strange feeling...?
2090791877,02fa891b6da46039b79dede7f940ea5db94ad53bb6d6debd07d9dc44776a6d3e,"Protected by flowing water, it bounces off obstacles like a pinball to change direction. Too many bounces can leave it dizzy."
2090792629,d5349d5ebce1efcb535cece53354bfef341ec27e507620adb83683dbd673b17b,Blade Trace
2090854110,9298c84ae58b05aefd18532a01ef546225681f51834ecf4fc19b5a21652960f1,Unlocked at Level xx
2090864725,b9424b7e3d111dea76550d97bfd8305fb770cd136655140c977dd0b9ef747e43,"Increases BREAK by <style=Hint_BgL><customRichText(calcData,buff, 9102105,param0,1)></style>."
2145887103,b9424b7e3d111dea76550d97bfd8305fb770cd136655140c977dd0b9ef747e43,"Increases BREAK by <style=Hint_BgL><customRichText(calcData,buff, 9102105,param0,1)></style>."
2090892267,a73f99f6bfc81c3007f60d87ce8f8890ad270d5a25e1d02d0836fd0e91c8eb1e,Request sent