1304990026,63f03edd5a7f99fba2b2853c0b512699c65cbb9e41c9987a81751e9151d43c7b,[Placeholder]
1507049347,63f03edd5a7f99fba2b2853c0b512699c65cbb9e41c9987a81751e9151d43c7b,[Placeholder]
1718512904,63f03edd5a7f99fba2b2853c0b512699c65cbb9e41c9987a81751e9151d43c7b,[Placeholder]
1745142256,63f03edd5a7f99fba2b2853c0b512699c65cbb9e41c9987a81751e9151d43c7b,[Placeholder]
1881644930,63f03edd5a7f99fba2b2853c0b512699c65cbb9e41c9987a81751e9151d43c7b,[Placeholder]
1917161550,63f03edd5a7f99fba2b2853c0b512699c65cbb9e41c9987a81751e9151d43c7b,[Placeholder]
1946258423,63f03edd5a7f99fba2b2853c0b512699c65cbb9e41c9987a81751e9151d43c7b,[Placeholder]
1305015405,a313511b64290808b46d69240863d31bf0984f7db0891363b59620b021279c7b,Door that requires a key
1497228739,a313511b64290808b46d69240863d31bf0984f7db0891363b59620b021279c7b,Door that requires a key
1973700237,a313511b64290808b46d69240863d31bf0984f7db0891363b59620b021279c7b,Door that requires a key
1305020083,14764f1dbdf26620aaeb39d1d50bde1d5e097a3911422101537608c22cdb4bf2,Roguelite Rewards 
1305023468,1bbc0afc2e4cd01c3eb94b7af27dcd162742dd23c8b3aa2b920f1427df4ac361,Head to the Main Gate
350406516,ab27424562223f32223cd70543c8f6451248efadf8fb0ddca489fac54b143152,Pawprint Shop
1305143911,ab27424562223f32223cd70543c8f6451248efadf8fb0ddca489fac54b143152,Pawprint Shop
1938972298,ab27424562223f32223cd70543c8f6451248efadf8fb0ddca489fac54b143152,Pawprint Shop
1305202287,06d7362ef18512f7880f25080cac31690e2dc9e652fc850dda80ed5d4988437d,"The Vision Zone is under fierce attack.
Please defeat the mutated Omega Glacy!"
1305260496,54600cecb3535096d0684fc2bac93b11ea4b97aeb03eea704feb46fd9e79926b,It looks like you didn’t deploy any Aniimo that excel at <style=Hint_BgD>BREAK</style> attacks. That won’t give us very effective experiment data.
1305272836,875d6f9975b47a4b27a7cd62d4cd9de492b45f8592035d3dab1620de5508f971,Plot 9
1402017373,875d6f9975b47a4b27a7cd62d4cd9de492b45f8592035d3dab1620de5508f971,Plot 9
1925889940,875d6f9975b47a4b27a7cd62d4cd9de492b45f8592035d3dab1620de5508f971,Plot 9
1305281439,82fb2b984770a37910bf905c77f24350115739fe2cc55fb5967c49dec2906fbf,Power Gap
1403092666,82fb2b984770a37910bf905c77f24350115739fe2cc55fb5967c49dec2906fbf,Power Gap
1305321530,fb5ad771fa44313ae01878dc6fdc8697900af7b790eae2b523a6834da356ef6f,Idol Ruins
1415741156,fb5ad771fa44313ae01878dc6fdc8697900af7b790eae2b523a6834da356ef6f,Idol Ruins
1667550474,fb5ad771fa44313ae01878dc6fdc8697900af7b790eae2b523a6834da356ef6f,Idol Ruins
1305324895,a7da0bdd546c9426829537a2c7ecb444befd59a74096e44bfb004f40d3f10fbe,"Increases Basic Attack Damage by <style=Hint_BgL><customRichText(calcData,buff, 9162303,param0,1,%d)>%</style> for <style=Hint_BgL><customRichText(buffConfigData,9162303,duration)></style>s."
1305328796,64c82d622fbfc911486a32617db88c6a5f3b329900449f7912a490b10146c464,Cloudsoft Slumber
1305340107,57d95051a2825335d7bb8031befee028933f7d723a7cfa47e5d2fd6e66a7b427,"Reach 18,000 Habitability."
1305345810,34c88cbba060d2d8713ef3493c42d1c9c1e020a0ad8a48bdcbec3f5ca494e610,Heart’s Resonance
1343893190,34c88cbba060d2d8713ef3493c42d1c9c1e020a0ad8a48bdcbec3f5ca494e610,Heart’s Resonance
1305400911,72a23e549d099bbd49b9266bb96afba35da89e5a93a91b056a61c9326c16266f,Distribution
1305408708,8486c84c9108f9b05ab927a509506cbe509274f7c4dd54d3f8dbac43e5f8e921,Blush 5
1305413234,6c1975216d668789971fe89250435454894af8e5d3ea9cc6f42bdf489b2902d1,It was just a joke. (Return the badge)
1305420897,efab7df743d2d80c1167b3febc508f0feac7d9991b22e6dec18bf6f12872d5e6,Join Operation: Egg Heist
1498182955,efab7df743d2d80c1167b3febc508f0feac7d9991b22e6dec18bf6f12872d5e6,Join Operation: Egg Heist
1305446433,dad04b93a256a92e84f63235fe0d0f5e8aa5d266af68954448696805ace02ea8,"Heh-heh, here to challenge me for my badge? I’m not going easy on you!"
1884050657,dad04b93a256a92e84f63235fe0d0f5e8aa5d266af68954448696805ace02ea8,"Heh-heh, here to challenge me for my badge? I’m not going easy on you!"
1305459850,5550a7c158af203743ba5a6c6b25f9002e6a8a69aaa9f0fd6cc9e0e2108087f5,"When startled, Pomeggs will withdraw into their shells to disguise themselves as eggs, but the uncontrollable shaking always gives them away."
1305465392,51a5ade19b5f25dd8e5671bd2c3b1e8eee370e46764b1555c2e14d62c7ed0a45,Removed successfully
1701316129,51a5ade19b5f25dd8e5671bd2c3b1e8eee370e46764b1555c2e14d62c7ed0a45,Removed successfully
1717373327,51a5ade19b5f25dd8e5671bd2c3b1e8eee370e46764b1555c2e14d62c7ed0a45,Removed successfully
1740692201,51a5ade19b5f25dd8e5671bd2c3b1e8eee370e46764b1555c2e14d62c7ed0a45,Removed successfully
1305476752,e50a62370d03962d80aecd3b607a7f2fc921b31762f3071abcdebbc7f44c0d0b,Catch 20 different Aniimo.
1305487718,a64829ca0b3795ad57fd68d218634f082825847a5cb6d8cf3639704e05a84873,"#playerName#, once you reach the expedition outpost, you’ll see some of the Aniimology Department’s achievements!
For example, the <style=Hint_BgD>Research Console</style> and its related <style=Hint_BgD>Aniilog</style> were both developed for our fieldwork."
1305490850,8c3a7ab107fedc8c45a7945bdf0fcfd7821e12d635ce547f44e97a880af462ef,"Each time you pass a promotion assessment, don’t forget to learn new <style=Hint_BgD>Pathfinder Skills</style>. These skills will make your adventures so much easier."
1305561249,b6ce788d9786917c9d19adaa0d904213365607c7f683d7277f508dcf142b4cc2,Report
1515999899,b6ce788d9786917c9d19adaa0d904213365607c7f683d7277f508dcf142b4cc2,Report
1655570263,b6ce788d9786917c9d19adaa0d904213365607c7f683d7277f508dcf142b4cc2,Report
1666686762,b6ce788d9786917c9d19adaa0d904213365607c7f683d7277f508dcf142b4cc2,Report
1696967339,b6ce788d9786917c9d19adaa0d904213365607c7f683d7277f508dcf142b4cc2,Report
1733045349,b6ce788d9786917c9d19adaa0d904213365607c7f683d7277f508dcf142b4cc2,Report
1809023017,b6ce788d9786917c9d19adaa0d904213365607c7f683d7277f508dcf142b4cc2,Report
1918069380,b6ce788d9786917c9d19adaa0d904213365607c7f683d7277f508dcf142b4cc2,Report
2094035867,b6ce788d9786917c9d19adaa0d904213365607c7f683d7277f508dcf142b4cc2,Report
1305572232,fa02f922aaf5c7a66bb3e4b120bdfb3e21394fdf27459321643443ba444773d2,"According to the notes, the whitesnow rose is at the very top of Perfume Workshop. How are we supposed to get up there?"
1305584020,f445ea91f716b0428185ba53adfbdf02b7b76a9db18fcb43bc073aca07654a15,Q2608_01
1305594066,8d7e82450f43b5e470cc1e447fea470183a8b943979b1454ee013af59e9a92c3,Icho! You left me in the cold... in the dark! How could you walk away from me?!
1305599599,50ccd278c7513c189643beb2ff478881b6eecd6ea7e7c0c2bb5e8c080f7f8ead,A commemorative badge for completing all challenges in the Third Closed Beta Journey of Trials event.
1305601858,b3be11dddda9c05d414a29ab245b74754b1d3cb2cd302390a2a37eb4ad9b1c27,Can consume Primegy to Craft Malangel's Dewdrop Crystal
1305606011,3d7569a90c63f9765b62dec1f24e5b0f30dc328b2c6700749f586c6f1cd41f5c,Starry String Lights
1724593157,3d7569a90c63f9765b62dec1f24e5b0f30dc328b2c6700749f586c6f1cd41f5c,Starry String Lights
1305609806,6d8c9fd7044340e4deaeaa35312e5a7bafa71beb472df6c24c64fd09713d3b55,Press #kRaw/GamepadButtonSouth#z to select an Aniimo egg.
1305698746,9af9c90973121fadba64e56510786753a3875d0bc6c7b239b752f5ea868e2235,Invite declined
1305709688,0606657023d87251ae46f6de515efc49be36600e4f58961edf72e9d6e912e06f,Nebula Burst
1409408066,0606657023d87251ae46f6de515efc49be36600e4f58961edf72e9d6e912e06f,Nebula Burst
1698715017,0606657023d87251ae46f6de515efc49be36600e4f58961edf72e9d6e912e06f,Nebula Burst
1305769581,15f4d219b842d768ba4dbf6062c9b0d6077cc9401d4a1b75719975b245abdba6,Arcade Poster
1305770591,eb9fcbedda3c14587aefb5cfa882deeccc97bc83d3ee36fea9989deeee3cb4fd,Well... it’s been a long time since I’ve talked to someone new.
1305773146,cea05e0aba2941435a08b183e3a6354ed3c24121d18f2293922254d3d48aa7d1,I’m taking on ten challengers today!
1305773731,489d95c818eb6566d68174f78983ee2890a84608db99e6b60272f609daa82f3d,Fishermen consider an Echoback Song to be a good omen. Whoever hears it can weather any storm and still return home safely.
1305786421,b5c395e06abbddc67cf6be4082f0e58db372f57de7cbbb6ea0972854d450c7a9,"Fires a Sonar Attack in a cone, dealing damage 10 times to targets within range. The final hit applies <style=Hint_BgL><link=""source_8045""><u>Weakness Mark</u></link></style>, reducing the Crit Resistance Rate of targets hit by <style=Hint_BgL><customRichText(calcData,buff,2144101,param0,1,%d)></style> for <style=Hint_BgL><customRichText(calcData,ability, 14410200,param1,1)></style>s."
1305790772,68566e0dd2241605aecec8197b605d3ccf845c0e1acfa60e202d7e4cf244984a,Unlock the Breezy Plains Full Collection Title Base.
1746296442,68566e0dd2241605aecec8197b605d3ccf845c0e1acfa60e202d7e4cf244984a,Unlock the Breezy Plains Full Collection Title Base.
1305795078,0d222dde1e003909e5b994e26006e566f246ebf83bda4bacf306d9fbb7b23ade,Story - Follow Nicole to Find a Way Out
1305800673,4f72429640113c23c312125985ae6b7c1f029fee4157481228cf17cae723030b,Worn Letter
1305813275,4b95d569457b6482cd5b4f3b215e27f2e7e140904ad2c36bd6e2b581a643f526,Wait... Why are we even calling each other out here in the middle of the night?
1305843311,fa97ef88a3222e45ebf48eaba18c81f4ed21c6050c1503d2d3fa6f6a80ade667,A blue daisy with frost-like petals.
1748732982,fa97ef88a3222e45ebf48eaba18c81f4ed21c6050c1503d2d3fa6f6a80ade667,A blue daisy with frost-like petals.
1305855733,ac728903be47f2defe9a12e540f9f94228b52b83a59b03b5c1f40a36ace32e74,"Increases damage reduction by <customRichText(calcData,buff,91027020,param0,1,%d)>% and EP recovery speed by <customRichText(calcData,buff,91027020,param1,1,%d)>% for <customRichText(buffConfigData,91027020,duration)>s."
1305895090,dfa2dbc2afa22cc23dd32e473e06ebed4bade0eb88020c289a0f5152411f5a0b,F-Finally caught up with you! Gurulu!
1305895953,97ef1a9c517792c2d5a820590f9888612c5d38594fdcfd827c1a6ac22d718cbb,Grasse Emberpup Call Friends Placeholder Point B
1305950533,4396654b1dc36de2ab9e61384fcc096376a6431ed174b293ee2b73ffc77cb2ab,Lightly veiled in the silent night.
1305965103,76a3a67c5d14d85e1193c688548d00694df9e7a108d024d748b6ec16a2ee38ae,"It's okay, can't finish it even with overtime."
1305993901,24e1417ca516071599a0cb35b2bf0c7f515a1ef9e4db4ba2ec17c3ba98f1cc99,"They’re adorable, of course, but they’re not the Nimbis I’m trying to find..."
1306035276,964fc0fce8a9045f9c8359983a720a607de30c5592f35f0ceb14c8c7555b53dc,I just met it today... but I feel like I can totally trust it!
1306036096,3cc9c617c805026e7a951b40c6372d3fac758b30d320d96cdc528aa4083e6f50,Astra Transporter
1306050694,4f1630cadfdb37de906ab638cb0c7db1058a8a48cf4975b466f4bb4a1958c2f4,"Increases BREAK efficiency by <style=Hint_BgL><customRichText(calcData,buff, 91171031,param0,1,%d)>%</style> for <style=Hint_BgL><customRichText(buffConfigData,91171031,duration)></style>s. Cooldown: <style=Hint_BgL>20</style>s."
1306115193,7aa430f0081b2d430f6e244b33879bb4ba22c804313338bfd56c46a6d142e656,No title yet
1306120501,4b366f2dd0003beafe4ba1ba90c8257595c0b8a033957d129ce996e5cb06ea4f,Can be transmitted via metal objects or used to power various mechanisms.
1306154509,88a759ed074cfba2c951cbe0f1aaf32e011bac19c1f02668efb4438baf372d9e,"A wildly popular Aniimo toy with an adorable design. The moment it lands, it starts tapping, singing, and dancing. No Aniimo can resist it."
1306154856,572cf2c933e2ef5857ff1f8a0876b72e7eea84d47fbc4776375e8398fd3405dc,Oh no! You were rushing an order late at night and you made a mistake with the beadwork. Now you have to replace the wasted material.
1306159223,ca5929f52e95b62663fdc6b522b6f2918060d0570fbf18788238e23463afa1ba,Drone
1306160994,b892c4393f024b72eea02e9cf09796fb8f1b030fc57b4de33b4aecf6b236a5dc,Anxious Nimbi
1318164534,b892c4393f024b72eea02e9cf09796fb8f1b030fc57b4de33b4aecf6b236a5dc,Anxious Nimbi
1333185322,b892c4393f024b72eea02e9cf09796fb8f1b030fc57b4de33b4aecf6b236a5dc,Anxious Nimbi
1437750677,b892c4393f024b72eea02e9cf09796fb8f1b030fc57b4de33b4aecf6b236a5dc,Anxious Nimbi
1466467797,b892c4393f024b72eea02e9cf09796fb8f1b030fc57b4de33b4aecf6b236a5dc,Anxious Nimbi
1507694733,b892c4393f024b72eea02e9cf09796fb8f1b030fc57b4de33b4aecf6b236a5dc,Anxious Nimbi
1610510819,b892c4393f024b72eea02e9cf09796fb8f1b030fc57b4de33b4aecf6b236a5dc,Anxious Nimbi
1625756825,b892c4393f024b72eea02e9cf09796fb8f1b030fc57b4de33b4aecf6b236a5dc,Anxious Nimbi
1762071648,b892c4393f024b72eea02e9cf09796fb8f1b030fc57b4de33b4aecf6b236a5dc,Anxious Nimbi
1824013050,b892c4393f024b72eea02e9cf09796fb8f1b030fc57b4de33b4aecf6b236a5dc,Anxious Nimbi
1827991306,b892c4393f024b72eea02e9cf09796fb8f1b030fc57b4de33b4aecf6b236a5dc,Anxious Nimbi
1880235127,b892c4393f024b72eea02e9cf09796fb8f1b030fc57b4de33b4aecf6b236a5dc,Anxious Nimbi
1896014856,b892c4393f024b72eea02e9cf09796fb8f1b030fc57b4de33b4aecf6b236a5dc,Anxious Nimbi
1896946687,b892c4393f024b72eea02e9cf09796fb8f1b030fc57b4de33b4aecf6b236a5dc,Anxious Nimbi
1951574900,b892c4393f024b72eea02e9cf09796fb8f1b030fc57b4de33b4aecf6b236a5dc,Anxious Nimbi
2057579991,b892c4393f024b72eea02e9cf09796fb8f1b030fc57b4de33b4aecf6b236a5dc,Anxious Nimbi
2089119930,b892c4393f024b72eea02e9cf09796fb8f1b030fc57b4de33b4aecf6b236a5dc,Anxious Nimbi
1306161578,4edd63b38ac19d431e763028e7f0beaf61fa150cca3b1a286edbc7ab370db594,This Aniimo can be found in {0} {1}{2}{3}.
1306166985,b91421b0d1da6b4de3b2742da41bc602cfc0ef4442ce75ad879d0f532255a112,So... will Irelia ever wake up again? Or will she remain asleep in the Vein forever...?
1306177016,040af3a6d6448c141bc25d49352789912ea4989e9056c5f2c7f1c2f91c66fce9,"This is the path she once walked, and the path you are soon to complete.
Follow the Vein’s direction, and earn the land’s recognition."
1306204783,27ebcea0ae65185c9e2afe10fb19c64b2d84f1136de9585ff7a3130da123b13d,Own 1 Sparkling Prismana Ignitis.
1306212977,8e4e276ffe7516e4ca29193bd6f15ccd161a84682373babe3cee23f6b5c203a5,Sparkling Grapes
1607714328,8e4e276ffe7516e4ca29193bd6f15ccd161a84682373babe3cee23f6b5c203a5,Sparkling Grapes
1306213405,c33430bbc1e6ab0a734e998ceaa77c373f9dccc302872bf37caa1547447897b5,"Wait, friend, don’t leave! Sorry, my mind wandered. Can we have a battle? I’d like to try out a new theory about <style=Hint_BgD>Wind-type</style> Aniimo!"
1306213978,69a85fe51c27d2a547cd8859412f931f8480b36a594823457f91cf6248767623,"Increases max EP by <style=Hint_BgL><customRichText(calcData,buff, 2123303,param0,1)></style>."
1306253181,a87d331df3766ae3830d0f31ec34f672adbc5827f5bc6eb74162bffbd58f255f,"Have you found him yet? I’ll wait right here for you two, and I won’t steal any starines! Promise!"
1306254019,9fc1b0f3c40bcd8fcc836da3fbcd0e6f3dbe4704ac13068eca5fc05a3231b346,Chirpi (Rhythm)
1331673534,9fc1b0f3c40bcd8fcc836da3fbcd0e6f3dbe4704ac13068eca5fc05a3231b346,Chirpi (Rhythm)
1664839366,9fc1b0f3c40bcd8fcc836da3fbcd0e6f3dbe4704ac13068eca5fc05a3231b346,Chirpi (Rhythm)
1698425196,9fc1b0f3c40bcd8fcc836da3fbcd0e6f3dbe4704ac13068eca5fc05a3231b346,Chirpi (Rhythm)
2051078585,9fc1b0f3c40bcd8fcc836da3fbcd0e6f3dbe4704ac13068eca5fc05a3231b346,Chirpi (Rhythm)
1306257646,00d3ad54bb07b1492d0dbb43bccb426c37b3a59696d9871011a167626e5a0694,Enter Cave
1306267550,d70040b505246ac071011878145495d26c875e268bba5629e592186dafeaafca,Obsidian Guard Drop
1306282785,af7536743aaee401384759ea9dab6bb4a8eb8f752cc182a8e736dc09141efcd4,"You’ve got this! If you can beat it, that proves your skills are among the best in Nimbus Fields!"
1306300428,385488136b74922d3aa7d157a7bb1792560f6310c6e1cd9b4a6abbafbc1b19c4,The Thunder’s Reply
1306316476,6f929e12456900c57b531f97dc69a1789968020958f7895fc7301ef5891b177a,HP (Placeholder):
1306318172,8b9ec0c489d81af0aba149769561e4da414932ceedc993c4d849549d9474f4c9,Landbridge Encounter
1306335732,52cf43347b6eaf9adb8f8cb0271f2a39f66aef92c02d4f8e1ce4d7c310ddd5e6,Unlock the Legendary Skypasture badge
1306337092,807a75127f49c3f04ce29a5f442564c969dc98db1967c7e41dd8267194fbb92a,"What should I do, what should I do...? Oh, what am I going to do...?"
1306350620,12bf5281ad420b7517af3779def5064a1c865179197900cd76082a1b1d583c42,"Chirpi—sing it in a soft, airy way."
1306385295,1fb4f5867cc534eca3161fc568498dd207c1c9d1a514c40756ba038e602f0a1d,Premium Companion Handbook Level 35
1518434187,1fb4f5867cc534eca3161fc568498dd207c1c9d1a514c40756ba038e602f0a1d,Premium Companion Handbook Level 35
1306402251,115f6862b0f9835726dbac8bf240b18d03914918e56c80bb3bc02af25179c2f8,Claim Free
1306403801,7b7c5f008f95a9bd58291049e1f6f8d372253dd9b5d75b68fe5cfe3e3bc1f7f2,No special Pathfinding abilities
1306440842,7e402a3c7562d518f044db0381f94c5d6ec4c121106b078b04a0a72b9f4fa68e,Hello? Come back here and take a look at this! I think some kind of entrance just opened!
1306457632,62c66a7a5dd70c3146618063c344e531e6d4b59e379808443ce962b3abd63c5a,m
1581259942,62c66a7a5dd70c3146618063c344e531e6d4b59e379808443ce962b3abd63c5a,m
1626997874,62c66a7a5dd70c3146618063c344e531e6d4b59e379808443ce962b3abd63c5a,m
1943556109,62c66a7a5dd70c3146618063c344e531e6d4b59e379808443ce962b3abd63c5a,m
1951279835,62c66a7a5dd70c3146618063c344e531e6d4b59e379808443ce962b3abd63c5a,m
1306475282,d462fae3f788eccd76b4bd34a6fee741d32d62b2d341cda51352b3d9a3ffb0bb,Sunshine Susuta - Left
1306498500,e8f5621fa498d1a7abc99c41c86c5d4d5aab6c086e722d64e6a47bff9d39ba92,Can be obtained by completing the Home Index collection.
1306514759,002f17a0a8b3fac04ef015d77a9e79af395a1b3607d7ae4e99159f3b97660876,Exit Cloak
1306517854,81d41143f8c0845593115afc830edd3df2c88453fb9fb252f16a6245de0b9e15,A single merging circuit only powers up when <style=Hint_BgL>both branching circuits are powered</style>; the indicator light on a circuit illuminates when that circuit is active.
1306520837,2651858962d1865d55d8c8c04fb933b91a223cc37eb3e79a6d01f16a7394aff5,Cubbo’s Rose
1771134337,2651858962d1865d55d8c8c04fb933b91a223cc37eb3e79a6d01f16a7394aff5,Cubbo’s Rose
1306538588,7d7b51861dab4653629cfe7c4b574fd1859dbf8e655da7c6408fbbddcd189b7e,This item cannot be sold here.
1306582303,768f978ca056a11d743f63a4d426eb9eabc21c2e7b68c6b9718affb2a21647ef,Semi-finished Pomegg Dewdrop Crystal
1306586345,e7e3f54ef2208ab6ee159c96539eefc4f1e06149a9d303bd4e21b63c750f45eb,"This is... Burst of Red... Grace actually did it... Thank you, Pathfinder."
1306590742,b47c51b77fef4e8268b0bedd426c4b0e5d90a737b3937c125bfab5d7f9027dab,Catch Technique II
1306608059,95d9ec8d197c416aa8f5433dfd724b980c77b63554eb40245f6ca639205e91cf,Unstoppable Momentum
1350000184,95d9ec8d197c416aa8f5433dfd724b980c77b63554eb40245f6ca639205e91cf,Unstoppable Momentum
1422231255,95d9ec8d197c416aa8f5433dfd724b980c77b63554eb40245f6ca639205e91cf,Unstoppable Momentum
1822186412,95d9ec8d197c416aa8f5433dfd724b980c77b63554eb40245f6ca639205e91cf,Unstoppable Momentum
1949595617,95d9ec8d197c416aa8f5433dfd724b980c77b63554eb40245f6ca639205e91cf,Unstoppable Momentum
1306608656,dbaf50dff371e8cadaa3585d48fabea7e67dd83e311b621efaa949f626fe9ac8,"As the scent rises, a scene unfolds before your eyes..."
1324826693,dbaf50dff371e8cadaa3585d48fabea7e67dd83e311b621efaa949f626fe9ac8,"As the scent rises, a scene unfolds before your eyes..."
1566918679,dbaf50dff371e8cadaa3585d48fabea7e67dd83e311b621efaa949f626fe9ac8,"As the scent rises, a scene unfolds before your eyes..."
2032020162,dbaf50dff371e8cadaa3585d48fabea7e67dd83e311b621efaa949f626fe9ac8,"As the scent rises, a scene unfolds before your eyes..."
2130305427,dbaf50dff371e8cadaa3585d48fabea7e67dd83e311b621efaa949f626fe9ac8,"As the scent rises, a scene unfolds before your eyes..."
1306675046,d7ff3a68cafc30b7706f4374653db86d4d790aa3f54fd538028a03bfb46ffc73,Tap to open the Release screen (your Aniimo will NOT be released immediately).
1306711734,5edcc89d00fa37b3b42dcb2603d034fa167bf8922de7a0101418a90160c84997,"What a bold, outgoing Shrout—now that’s the spirit of adventure!"
1306730597,c111382c15491d69457d5621c8175a6ba677f1419f02fb0999eade00ff074f90,"A protective unit chip that slightly increases load capacity, letting you carry more loot."
1797087193,c111382c15491d69457d5621c8175a6ba677f1419f02fb0999eade00ff074f90,"A protective unit chip that slightly increases load capacity, letting you carry more loot."
1306741962,842983de8fb1d277a3fad5c8295c7a14317c458718a10c5a35b23e7f992a5c80,L3
1984973989,842983de8fb1d277a3fad5c8295c7a14317c458718a10c5a35b23e7f992a5c80,L3
1306793005,2976aa61f0326019f66df1e519a723233204eb56560d0df2228fb0aa3de0705d,"1. During the event, log in to the game each day to complete that day’s check-in and earn rewards based on your cumulative check-in count.
2. The daily check-in count resets at 04:00 (UTC+0). Check in for a total of 7 days to claim all rewards."
1888926486,2976aa61f0326019f66df1e519a723233204eb56560d0df2228fb0aa3de0705d,"1. During the event, log in to the game each day to complete that day’s check-in and earn rewards based on your cumulative check-in count.
2. The daily check-in count resets at 04:00 (UTC+0). Check in for a total of 7 days to claim all rewards."
1306797759,965cc11f667a0360134ff0c0566d420f63f0d5668c65082c83f0eee8a8621f03,Simple Streetlamp
1355755689,965cc11f667a0360134ff0c0566d420f63f0d5668c65082c83f0eee8a8621f03,Simple Streetlamp
1306828724,41cac33d10b5ed5321ecfca260cf6652f39b7fcf48984ffa4f2c43c4fb8bfcd4,What other drinks are there?
1306837905,9d957f44baf757d07bbd583024f5b68bf1539058bc0b06ee46452be1e4835419,Protect the Teleporter
1306856572,17f5cc7f1245153974aa88a8176adcbe739134a1956f47b5c1e7dab3ce47a1f2,"Purple blossoms spill down like a waterfall. Sunlight filters through the petals, scattering dappled shadows in a scene that feels almost unreal."
1889824396,17f5cc7f1245153974aa88a8176adcbe739134a1956f47b5c1e7dab3ce47a1f2,"Purple blossoms spill down like a waterfall. Sunlight filters through the petals, scattering dappled shadows in a scene that feels almost unreal."
1306861407,304102749f0c98a60e738c42d626b74ac360a545329b27cad31900af6ff8addb,Huge Colorful Shining Moondew Radish
1700589428,304102749f0c98a60e738c42d626b74ac360a545329b27cad31900af6ff8addb,Huge Colorful Shining Moondew Radish
1999517519,304102749f0c98a60e738c42d626b74ac360a545329b27cad31900af6ff8addb,Huge Colorful Shining Moondew Radish
2113384854,304102749f0c98a60e738c42d626b74ac360a545329b27cad31900af6ff8addb,Huge Colorful Shining Moondew Radish
1306865382,608f106cc5cbc7d70c20953b7e12b3a16343b21968a52d4cdb85319259c048d9,Guess it wouldn’t hurt to try!
1306899030,b7d09ff0e27e757ac80550ee642f37545b343a7938c9c11aa769b7b305ff19e5,"Wow! Humans and Aniimo, all busy making perfumes! No wonder they call it the <style=Hint_BgD>land of flowers and fragrance</style>!"
1306930284,7a662f6fc93c8c9c4898afeb372c38d3924e15e7716b720a6cd31b76b20e4849,"Melloblum performed her Dance of Blissful Bloom once again,
but chose protection over freedom, and lost her freedom in the process.
Perhaps protection and sacrifice always go hand in hand."
1306977207,5340fd0035a97b50e8f078bf0f6370e982b302fad668d3ef0d3a7293b52f9fed,A barrier is blocking the Chest. It seems connected to the nearby <style=Hint_BgL>button</style>...
1307034283,a560786d0332e94b11998871253392fff19e2cbe270d761f28e06eeb399ebece,Buy Level
1307103888,21dd30334e77f9a51157c2e65d27cfaf4594da3dbdb8747dc7a664f15d2fa063,Thunderstorm Egg
1832699242,21dd30334e77f9a51157c2e65d27cfaf4594da3dbdb8747dc7a664f15d2fa063,Thunderstorm Egg
1307108798,99c76281db514d9e60f2d2b3655d5f4f7ec00cbb4c82c7d2b2a29fbb9d6eb155,These are the Guardians.
1307111610,decbae18437de425c4fda3296f40addd91ba13aed3b99830a673054b35beca9d,Use on Fulmintis to enhance their core skill.
1307140151,125b5b698bb76e25b5ee4e8390fee4ee933c06680a16d53019da27089084227d,I feel like I've heard this somewhere before...
2002445770,125b5b698bb76e25b5ee4e8390fee4ee933c06680a16d53019da27089084227d,I feel like I've heard this somewhere before...
1307150358,bda2b65fe94570a29cb6c20dd0476a7b09e2a2f8e4cc1f6beda6eabe5b573660,Pull the trigger and turn your tangled worries into fleeting bubbles.
1307159309,1b7500ec77024e08734f541dfb9bd46e197173a6979c5e956e91f861be15f36e,Challenges remaining this week: %s/%s
1307186297,fa4f65df032f1bf592fe3bcee2468f0ba415ba5c1059bb2a170db7b3fa05609b,Wall decor for Homeland.
1307195867,5e4b2699638e0c109e88c6b721810e6b756ac178cfc1f2a85e34f6d4fbe7e80e,"Hey, what's with the mystery all of a sudden? I wasn't done talking..."
1307200143,e7dc2bccfe1a6e08cc2635f677737cf9ddd09a3add96e8da7f24122bfef36299,Increases BREAK DMG against units below Lv. 30
1950963440,e7dc2bccfe1a6e08cc2635f677737cf9ddd09a3add96e8da7f24122bfef36299,Increases BREAK DMG against units below Lv. 30
1307206216,92910ba62df6d8e49506433838974e4963bde51511e4dca71623a0a78e976df7,Stroll through a sea of flowers and step into Bloomville’s living canvas.
1360868487,92910ba62df6d8e49506433838974e4963bde51511e4dca71623a0a78e976df7,Stroll through a sea of flowers and step into Bloomville’s living canvas.
1307242759,f7ba4320f7b1c9f9a22b3ea84c5144a80c890bb1fd4715e3e12602f6d814428d,The Bloom Festival is the color and fragrance of every blossom blooming upon the Zephyr Coast.
1307248311,139c416845be4b8f522791fcb6811e0d8cb29197219076811a974758d7192ec4,Download Paused
1307269735,4a06a1f2c8f0d497ea6032695ed1af6bf0f12575bec2e0381d8540b49631b33a,Daily Activity
1606304183,4a06a1f2c8f0d497ea6032695ed1af6bf0f12575bec2e0381d8540b49631b33a,Daily Activity
1656687070,4a06a1f2c8f0d497ea6032695ed1af6bf0f12575bec2e0381d8540b49631b33a,Daily Activity
1742494621,4a06a1f2c8f0d497ea6032695ed1af6bf0f12575bec2e0381d8540b49631b33a,Daily Activity
1777482540,4a06a1f2c8f0d497ea6032695ed1af6bf0f12575bec2e0381d8540b49631b33a,Daily Activity
1928329428,4a06a1f2c8f0d497ea6032695ed1af6bf0f12575bec2e0381d8540b49631b33a,Daily Activity
1307301686,b4507599b6f8e09671a1c861279ce3f19ef79c4da2a675e230c904c0312d0685,"Gains a Shield equal to <style=Hint_BgL><customRichText(calcData,buff,20220001,param0,1,%d)>%</style> of max HP."
1307325641,013548f7fb2b999a9fe61a35d0d66ef93a93fccc939bb6d382d05aa0f388128d,"Team members deal <customRichText(calcData,buff,4006011,param0,3,%d)>% more damage, with an additional <customRichText(calcData,buff,4006011,param1,3,%d)>% increase against elements they counter."
1307355859,a94986b57e3698342ee37d9d617dd3fb57d60bdfa7f8cbe75bf656ab0ee3a80a,"As you can see, I'm not injured anywhere, nor have I lost any property. I simply had a long dream, that's all."
1307366935,33767792fc9ff46ddc2fa6259ff799ec4b84e652627a7d345ba5be12ba08fa8f,"Your Affinity with this friend is not high enough to entrust them with an advanced Aniimo. (You can increase your Affinity with a friend by chatting, meeting, exchanging, teaming up, fighting, giving gifts, and visiting their Home)"
1307377372,8c9332498a1f8b7b544b10b708347b0533eefc4f50dad2b3ebe42a05bd77e027,Great! Then BINI can handle the data analysis from now on.
1307381702,c96579c9878b63ca935f6a1bd46d472161236752174f86f531e7c95f6d78ff00,"In the dream shown by another dream blossom, Irelia speaks of wanting to seek out the most beautiful Prismana Flow in the world. Velouria mocks her for being hopelessly overambitious, yet still accompanies her on a journey in search of color. You also begin to suspect that the recent, frequent appearances of Prismana are no coincidence."
1307386442,1aeb7a183cadf0e331b97a9d93193773975e0b767bd0218864e1f70db9badcf2,Exchanging Aniimo Training insights and exploration experiences with them is a great way to improve yourself.
1307397652,2da214dc604b4294b757ae12b3d9a725d68efe3fe840d26f4f6aa9a9488507f8,Building Block - Deep Rose Pink
1487385055,2da214dc604b4294b757ae12b3d9a725d68efe3fe840d26f4f6aa9a9488507f8,Building Block - Deep Rose Pink
1307441962,ef725726ff2af8b89837d213f46b6e4a95dba53e1311c7fecaee471ee690373e,Lost 100 Training Coins!
1307444084,2678c3ada6a258ebfd370f310c773b11cd9de710ca11c7133552bab79799d4bf,[Astra Coilstrike Club] Spending Rewards
1307511137,453487929524d895c39c524f74374493a5050b4e7fcfb73def63557beda2c96f,...Why are you sleeping here?
1307512197,4698192ab63cb0d1c380ef6fbd271076c93524e61f27cf33c4f6100a21b60f8b,Egg Ace
1680127204,4698192ab63cb0d1c380ef6fbd271076c93524e61f27cf33c4f6100a21b60f8b,Egg Ace
1307553356,96f1561543e33652f33e94cc88a72c2eb6a821af5f3fcc9304bdd9b3794a6b5a,Mutated rare grapes with exceptionally large and plump pulp.
1326816468,96f1561543e33652f33e94cc88a72c2eb6a821af5f3fcc9304bdd9b3794a6b5a,Mutated rare grapes with exceptionally large and plump pulp.
1307554498,b5e49ec8b11bcec8b8b61a1022caf9cf3c87effd6a05f2d05ff664840db2d601,"Dr. Lewis has already taken the team to confirm it, and it's not dangerous there.
There are still many <style=Hint_BgD>new Aniimos</style> to investigate for Field Notes."
1307582688,afe792637abf8b337e5c5c8d0daa3782f07758cf09a5a6914b1cd9454dff6888,"Thank you, but I have other plans.
My star pupil here, #playerName#, will attend in my place."
1307604974,fee40e27e7e921a074eb3ffaddc11225a9a32a8d346046a0c3098615d6b3bf6f,"When HP is below <style=Hint_BgL><customRichText(calcData,buff,4020020,param1,1,%d)>%</style>, damage increases by <style=Hint_BgL><customRichText(calcData,buff,402002001,param0,1,%d)>%</style>."
1534368862,fee40e27e7e921a074eb3ffaddc11225a9a32a8d346046a0c3098615d6b3bf6f,"When HP is below <style=Hint_BgL><customRichText(calcData,buff,4020020,param1,1,%d)>%</style>, damage increases by <style=Hint_BgL><customRichText(calcData,buff,402002001,param0,1,%d)>%</style>."
1744389023,fee40e27e7e921a074eb3ffaddc11225a9a32a8d346046a0c3098615d6b3bf6f,"When HP is below <style=Hint_BgL><customRichText(calcData,buff,4020020,param1,1,%d)>%</style>, damage increases by <style=Hint_BgL><customRichText(calcData,buff,402002001,param0,1,%d)>%</style>."
1307632589,0006852ec449b353ca3ff9ae9af11a47a03bd1de677cec72d7de6350c1b19686,Do you also find♪ this little foolish♪ love story♪ interesting♪?
1307643308,45cf2445f3d7a18a46ab1d99324ec25fea20971aa611c6848ee357986f823a9e,Egg Boat Safe capacity +1
2026131471,45cf2445f3d7a18a46ab1d99324ec25fea20971aa611c6848ee357986f823a9e,Egg Boat Safe capacity +1
1307655066,99ece2bbf16408c85b874ed5f530d326616027051e397416a56ac44361c4445c,"Quick, get the camera! The Emberpups are gathering around the bonfire"
1307672878,42b0aad914c08b57b5db3d5fffcc5835257d4b47481822729d9e9ac879c6188c,Stop messing with our family motto!
1307686889,e6105925d86126d4b37d68bddd0236927d881c6f453ef364c468d3c3513e9a11,"Honestly... other than talking, you're not much help to me like this..."
1307708991,6a83dc73730aae2de7d6a14b69473f1d42d23f164fe21296f2f8cb1190eca6c9,It’s a good feeling!
1307711337,7f9b8d82e9a90939dfd1febafdb7e3c31c15270ea3b4783c25576eb8eeb2182a,A Dewdrop Crystal imbued with the emotions of Aniimo of the Fahloo family. Some say it carries their blessings and legacy.
1307783769,2a7ce6d4766fe2eb4746487cff61e5780b9853120c134f6f14c62fcc1062d7ba,Go to the Island
2114036194,2a7ce6d4766fe2eb4746487cff61e5780b9853120c134f6f14c62fcc1062d7ba,Go to the Island
1307827291,2bd9170dccdea8f09f4a497c7731ba6191f4bbc81fe44adae2d39a9e0d76f128,Batch acceleration
1307829375,ded612cece22e00ec9a2103785e5dc1c562df73ec465d76d8c3960599661a6aa,Farmland (Level 4)
2051858881,ded612cece22e00ec9a2103785e5dc1c562df73ec465d76d8c3960599661a6aa,Farmland (Level 4)
1307837485,619f1534a4ca5be90e3e96327f1a9ed0d9477df1233f800a6017eaae2de31766,Meteor Catcher
1307861699,330a8dd9a0a9fd1992f1e00ee5b1d6d633d4fa9d07ad6e84b704fe25b3197476,"Oh, are these the notes about those big ears? Their excellent hearing helped me get through Beast Fang Ridge."
1985655247,330a8dd9a0a9fd1992f1e00ee5b1d6d633d4fa9d07ad6e84b704fe25b3197476,"Oh, are these the notes about those big ears? Their excellent hearing helped me get through Beast Fang Ridge."
1307918436,538f16eec000ec7b3b908f559ec1e31e6a4000760f5e63b8c643d30de13feb9c,"You mean...
The colors won’t drain ever again?"
1307925930,bf0f5de777095c2c6f1bb0c688e5a1ae50085f79398cc166c8002a851fb79e63,Aren’t you going to eat them?
1307927267,c85ac4690c33f41ad162c5c336dad8366f6e2b88b1ac9ed9e43b63bd7edc45bd,Will you feel regret?
1307939863,88ffdeab21e240655547e11fae5b270914153000f225bd730583755204c16730,"Ahh, back from the dead! Thank goodness that Nimbi delivered my coffee in time. You’re a coffee lover too, right, Glim? Life in Astra is way more convenient than in Idyll."
1307968975,c15681eaa327c4c10acbc7f2c5fa3a7c68902ddefb903133ec4f8a915bfc3ce2,They’re too busy having fun. No way they will come down and activate it!
460525082,ac2ef673df6a7e638878fde3676e560fce53fd115f2ecaa4c53784da1757c3a6,Upgrade any Held Item to level 5.
1307982083,ac2ef673df6a7e638878fde3676e560fce53fd115f2ecaa4c53784da1757c3a6,Upgrade any Held Item to level 5.
1307987607,251f73702353c79823ca64484a4fd6339cd97f8fbc270f493fae65636c969677,Right—let’s find the raw material first!
1308039973,e50cb660484d24dc60cd0d8694c739f1c7dcea097c799e48cf27524f42c07e36,Drying
1528125496,e50cb660484d24dc60cd0d8694c739f1c7dcea097c799e48cf27524f42c07e36,Drying
1642173930,e50cb660484d24dc60cd0d8694c739f1c7dcea097c799e48cf27524f42c07e36,Drying
2039791817,e50cb660484d24dc60cd0d8694c739f1c7dcea097c799e48cf27524f42c07e36,Drying
1308081184,bbedc3d05a7f693c5c0f4e6d7dadec72e3a67c6171d7296f64b923b6b77ea163,Y-You... What are you doing here? Ah—you found me!
1308088651,10e8c46b1ca4ee5a2bc2341157455b183c5d3ae40d9e848b5c7a2e96aec754b0,"A fresh sea breeze stirs the bud within your heart, awakening summer vitality."
1910582737,10e8c46b1ca4ee5a2bc2341157455b183c5d3ae40d9e848b5c7a2e96aec754b0,"A fresh sea breeze stirs the bud within your heart, awakening summer vitality."
1308107339,d5b153ad29ebba3dbe5e2ee498819effb638fea91d4bea894a2b360674bb4179,I twined with an Aniimo and used the air current to fly high into the sky.
1308112590,89c001758b796683e8b8162f42b3676ef79699b6fdb84b755b3f682896c554da,Charred rock formed by the flames of certain Aniimo. Charstone fragments can also be obtained while mining Ferric Charstone.
1308135107,6efc3efdc1fd644a8df0721de58d9634864063cd09f2554177612eebd0c92db5,Rounded Tile Roof Ridge Corner - Right
1800299457,6efc3efdc1fd644a8df0721de58d9634864063cd09f2554177612eebd0c92db5,Rounded Tile Roof Ridge Corner - Right
1308138502,ffedc9b9952ca937965fb1491aa008105459f3e6cf735dc67bf98f17c2ea8e37,First Clear of the Sanctum
1308156896,f564555e29a3f2c3a6dd3d5f00da1dc42f86de37bb1780af2bc96fda04aa3fc6,That’s mine! Mine! Why do you have to compete with me over everything?!
1308190913,ca2d4c7c9d0deeddb35658ed9838c1b2b35cac77904043c67ea423d32e3dd5b4,...Polaris Institute research project temporarily suspended... Special Observer #playerName# selected from the public brings major discovery...
1308292309,df4e8d6d6da3c6d120a1a1d44b59429a35012dd0eb5c67a8c603f62c051ad2a1,"It’s nothing. Foggy’s observing it too, but he can’t remember what it’s called and keeps muttering something about ""condensed dew""..."
1308310258,be5b28903e953008ff55cf329447ec0365e86a2cf817d6432ce6ea797c2b7fed,"Ah, the core mechanism has been breached! You identified the tactical flaw in such a short time?!"
1308310698,b2d3da2bf4d27ec39a6e690b68e8ab433846fba3bc73c0c9008aa828af168e7e,Press anywhere to skip
1308333830,e27d5fa4c16e6ad7472182844c1f398fe322009197d4396a7911e359f9ad6d78,Never let our guard down!
1308350631,448f9bb001784ec6f5fad6b9e5c93f6ac7bb191773525badeda77e794901c98b,What do we do? Lady Irelia didn’t appear...
1308366896,096f63d799434e20f87aa860b5770e843fa85cbd1f72adb0666f40f6b30ee72f,Basic Capacity Expansion Chip
1726736199,096f63d799434e20f87aa860b5770e843fa85cbd1f72adb0666f40f6b30ee72f,Basic Capacity Expansion Chip
1778123562,096f63d799434e20f87aa860b5770e843fa85cbd1f72adb0666f40f6b30ee72f,Basic Capacity Expansion Chip
1308383162,7b6f1114a5429de1b1fb1c78665c83fdb323dfedb723f0aed4d80b57ea9589b3,"1. Defeat the Irisalis gone-wild. Use Legendary Aniipod: Irisalis to twine with her and become allies.
2. Once you’ve twined with Irisalis, you can no longer enter the Rift."
1308387841,b7f3afdb8a365b3f958523221484106395e27f70a2f7aa01b908daf66a1609ce,Uncommon Rune
1308396590,b17977e449c1b511eb556ba2c32f4d833a17eccf4a19989f20fccfe3efcae4ab,Increases BREAK DMG against units below Lv. 60
1906521397,b17977e449c1b511eb556ba2c32f4d833a17eccf4a19989f20fccfe3efcae4ab,Increases BREAK DMG against units below Lv. 60
1308441783,bbe412af25a96b3c7683f65a3084d6353281ca74cac1c20bfbb5e848e04ee364,Placeholder Name Seven Characters
1664026516,bbe412af25a96b3c7683f65a3084d6353281ca74cac1c20bfbb5e848e04ee364,Placeholder Name Seven Characters
1308442480,4988a45a13762bb661f37b567a3ca0d68f2073cddca880fb8e964b098d2c5eef,Increases damage dealt and BREAK efficiency.
1308505477,e6c8728cad7aaba085fb7ff841553597ccd9f4734ee0dc6b8168581c54545c20,"Dormant Light, Whispered Words"
1308520027,6ab0acaef95915620a88d04ada9d60b851a0255d523ba87c10fc38187d23bc4c,I’ve got something for you. Come collect your reward.
1342504742,6ab0acaef95915620a88d04ada9d60b851a0255d523ba87c10fc38187d23bc4c,I’ve got something for you. Come collect your reward.
1387902261,6ab0acaef95915620a88d04ada9d60b851a0255d523ba87c10fc38187d23bc4c,I’ve got something for you. Come collect your reward.
1397216892,6ab0acaef95915620a88d04ada9d60b851a0255d523ba87c10fc38187d23bc4c,I’ve got something for you. Come collect your reward.
1457819774,6ab0acaef95915620a88d04ada9d60b851a0255d523ba87c10fc38187d23bc4c,I’ve got something for you. Come collect your reward.
1981230893,6ab0acaef95915620a88d04ada9d60b851a0255d523ba87c10fc38187d23bc4c,I’ve got something for you. Come collect your reward.
1308529775,d9fab4ef975b0b403696047926dacaad9fddaf39c5f37c8c64cc841823d2ef39,Ouch!
1323337576,d9fab4ef975b0b403696047926dacaad9fddaf39c5f37c8c64cc841823d2ef39,Ouch!
1552813305,d9fab4ef975b0b403696047926dacaad9fddaf39c5f37c8c64cc841823d2ef39,Ouch!
1637732012,d9fab4ef975b0b403696047926dacaad9fddaf39c5f37c8c64cc841823d2ef39,Ouch!
1676742446,d9fab4ef975b0b403696047926dacaad9fddaf39c5f37c8c64cc841823d2ef39,Ouch!
1938700637,d9fab4ef975b0b403696047926dacaad9fddaf39c5f37c8c64cc841823d2ef39,Ouch!
1958214947,d9fab4ef975b0b403696047926dacaad9fddaf39c5f37c8c64cc841823d2ef39,Ouch!
1308541269,3fd890724734e7a6c9b09b400ea441b41dea835ba4a28d4e739d94ff4f3bb13a,2-star
1413897452,3fd890724734e7a6c9b09b400ea441b41dea835ba4a28d4e739d94ff4f3bb13a,2-star
1678011051,3fd890724734e7a6c9b09b400ea441b41dea835ba4a28d4e739d94ff4f3bb13a,2-star
1308572140,550fd44707aff3f2e479eb31580982e0aa10dabadcfad8b48699984f8c462564,"""Bloomville Travel Journal"""
1308580444,335358c69f8e907346608dc339dd0c3382a887a4a1c1cfa7d92d0b09683760d1,Time for a serious snooze!
373274604,d0fe159708c6cdd774ccc57f0159c01adbfeac5e1f936796797a22d24a28547a,Eavesdropping
1308622875,d0fe159708c6cdd774ccc57f0159c01adbfeac5e1f936796797a22d24a28547a,Eavesdropping
1878345104,d0fe159708c6cdd774ccc57f0159c01adbfeac5e1f936796797a22d24a28547a,Eavesdropping
1893120836,d0fe159708c6cdd774ccc57f0159c01adbfeac5e1f936796797a22d24a28547a,Eavesdropping
1975567574,d0fe159708c6cdd774ccc57f0159c01adbfeac5e1f936796797a22d24a28547a,Eavesdropping
1995161628,d0fe159708c6cdd774ccc57f0159c01adbfeac5e1f936796797a22d24a28547a,Eavesdropping
2072561286,d0fe159708c6cdd774ccc57f0159c01adbfeac5e1f936796797a22d24a28547a,Eavesdropping
1308633407,0700f317d08d44bf310336b908318d398345ec4b899f04d5bd99bfb3908149d6,"Defeating an Umbrabow Aniimo grants 1 stack of Hunt. Each stack increases ATK by <customRichText(calcData,buff,6003009,param0,1,%d)>%, up to <customRichText(buffConfigData,6003009,maxLayer)> stacks."
1308634277,e66f0facd8c231d6f6b46a83cad9391b92f3baa25d532cbc3bedf6c27cb867a2,Baleetle Mud Aniipod (No Adhesion)
1308636167,0776e851af8d395789b7dfce4750aa28eb81bb8c316a1fa54057ce868c05b0ca,"Soft little Nimbi, drifting after clouds."
1308645718,6739fb42cf1d789431293e03fca1ceac3960f5864d1cb65bb77a9573d0e5c5b8,No! Lady Irelia didn’t respond to our offerings...
1308672326,4a2ff0889c975a40cf276b374c5fe6f96f78a31844ba30440df1e55b68cc0626,Text placeholder text placeholder text placeholder text placeholder text placeholder text placeholder text placeholder text placeholder text placeholder text placeholder text placeholder text placeholder text placeholder text placeholder text placeholder text placeholder text placeholder text placeholder text placeholder text placeholder text placeholder text placeholder text placeholder text placeholder text placeholder text placeholder text placeholder
1308705735,f3bc5289941e36b341c71edf857c4aedb5aa9b919a3e0d44220780dee7175c9a,Wait for me!
1308732696,08236eef0e049bc69a05223d436bca04e5850ea8ec0a7ab38bf4b26a439412c7,Mountain Woods Form
1432833710,08236eef0e049bc69a05223d436bca04e5850ea8ec0a7ab38bf4b26a439412c7,Mountain Woods Form
1520429113,08236eef0e049bc69a05223d436bca04e5850ea8ec0a7ab38bf4b26a439412c7,Mountain Woods Form
1602369633,08236eef0e049bc69a05223d436bca04e5850ea8ec0a7ab38bf4b26a439412c7,Mountain Woods Form
1308740878,3266db69e0d4b59ecab88140351b792b48dc5bd9e3852efc9c20c22e78584584,Such a beautiful shade of blue...
1308751485,b8cd8f74dc0ad90329d2c1383e33e9b067ea0369deca6acb9c4d3fa80bb7aaad,Sunset Susuta - Left
1308776443,a7d6731753c09a5efda328d40ebe541acd405a7f3edfbf506158672dcbcb2311,Streamer signature placeholder streamer signature placeholder streamer signature placeholder streamer signature placeholder streamer signature placeholder streamer signature placeholder
1308787143,4a8d6296cf04d2f9e0ad6734c7799754ce08b6e86f9e95a1d494b7151dc46c0d,So Irelia really did merge with the Vein... Can she ever wake up again?
1308798644,006c8077d75c12593aaf605101f291e5205f6049b9bfa661bcaa5982b3e7484b,"A rare mutated ginseng surrounded by a rainbow aura and dazzling sparkles. It has grown enormous and plump, with a crystal-clear sheen that gleams like treasure."
2045283921,006c8077d75c12593aaf605101f291e5205f6049b9bfa661bcaa5982b3e7484b,"A rare mutated ginseng surrounded by a rainbow aura and dazzling sparkles. It has grown enormous and plump, with a crystal-clear sheen that gleams like treasure."
1308804179,ce1425ff190c23e0cc32ec196d5aac5470a9c78c9ea7402f9919b062ba5f0989,What’s wrong?
1481547317,ce1425ff190c23e0cc32ec196d5aac5470a9c78c9ea7402f9919b062ba5f0989,What’s wrong?
1512617093,ce1425ff190c23e0cc32ec196d5aac5470a9c78c9ea7402f9919b062ba5f0989,What’s wrong?
1632178827,ce1425ff190c23e0cc32ec196d5aac5470a9c78c9ea7402f9919b062ba5f0989,What’s wrong?
1688679759,ce1425ff190c23e0cc32ec196d5aac5470a9c78c9ea7402f9919b062ba5f0989,What’s wrong?
1699202562,ce1425ff190c23e0cc32ec196d5aac5470a9c78c9ea7402f9919b062ba5f0989,What’s wrong?
1788442839,ce1425ff190c23e0cc32ec196d5aac5470a9c78c9ea7402f9919b062ba5f0989,What’s wrong?
1998574007,ce1425ff190c23e0cc32ec196d5aac5470a9c78c9ea7402f9919b062ba5f0989,What’s wrong?
1308818906,f001e3ed4df7e0ee926c05dc5b99752ded5ffd2127759b85641ddee3dd7d9e26,No problem!
1726809695,f001e3ed4df7e0ee926c05dc5b99752ded5ffd2127759b85641ddee3dd7d9e26,No problem!
1308839964,186a599836067088e4e3034b3f3f9474581389da95e886e6d4d102c95b75c18b,"Unexpectedly... these Vines are ""guarding"" the Chest!"
1308840402,edffc7f3cbef52f6434b808f9a005b3d7718928aee03d75912c4400d338e282e,"A raised platform built from sturdy solid wood—durable, dependable, and reassuringly solid underfoot."
1927245263,edffc7f3cbef52f6434b808f9a005b3d7718928aee03d75912c4400d338e282e,"A raised platform built from sturdy solid wood—durable, dependable, and reassuringly solid underfoot."
1308899520,cf0fd2491695ee0cfb7f00b336895d2a695469aa11db8ef10ab6a1b0329dd7ae,Feature Name
1308908231,801df207cda3330bb278c5dcaa7d704bc2c530c676696b8f791b63417abc533b,Blessing of Protection
1382248270,801df207cda3330bb278c5dcaa7d704bc2c530c676696b8f791b63417abc533b,Blessing of Protection
1308929677,5a7423be17f47707887c0702b3fc8d27984a3419bdbf583c680fe0447ce36838,1000 Training Coins
1448567663,5a7423be17f47707887c0702b3fc8d27984a3419bdbf583c680fe0447ce36838,1000 Training Coins
1630052987,5a7423be17f47707887c0702b3fc8d27984a3419bdbf583c680fe0447ce36838,1000 Training Coins
1308930916,916ea89dbc75e98fc83fdb1d60f2ad6815d80d94f21ddb93047edf57934eed9d,Place it in your Home to produce threads and fabrics.
1469272887,916ea89dbc75e98fc83fdb1d60f2ad6815d80d94f21ddb93047edf57934eed9d,Place it in your Home to produce threads and fabrics.
1509163197,916ea89dbc75e98fc83fdb1d60f2ad6815d80d94f21ddb93047edf57934eed9d,Place it in your Home to produce threads and fabrics.
1652806637,916ea89dbc75e98fc83fdb1d60f2ad6815d80d94f21ddb93047edf57934eed9d,Place it in your Home to produce threads and fabrics.
1656900642,916ea89dbc75e98fc83fdb1d60f2ad6815d80d94f21ddb93047edf57934eed9d,Place it in your Home to produce threads and fabrics.
1707629069,916ea89dbc75e98fc83fdb1d60f2ad6815d80d94f21ddb93047edf57934eed9d,Place it in your Home to produce threads and fabrics.
1794458074,916ea89dbc75e98fc83fdb1d60f2ad6815d80d94f21ddb93047edf57934eed9d,Place it in your Home to produce threads and fabrics.
1308961358,a7d2da4c73f2f49730a1f4f55568d59457c30c8662b7f94597867381b7fd7c0f,"Sweet, spicy appetizer."
1308966032,1a0353129cc2ed07cd8f6e1129a7cf92adf5fff64b9051dfd43020eb76431912,Why ■■not play with me■■? ■■Why■■ not like ■■ me?
1308991758,872f92823dd8448c0d54eb6396fa37641a158addb0d8a87ebb5f5a64610560fa,"#playerName#, you may now attempt communication with this Aniimo."
1309003101,8d0782353ffe8b9e3383fad9d99582b8ac232bd6b76d46f5bfa665571c8c4001,"If you still need happiness, I can give you joyous tuftball!"
1570741359,8d0782353ffe8b9e3383fad9d99582b8ac232bd6b76d46f5bfa665571c8c4001,"If you still need happiness, I can give you joyous tuftball!"
1309040071,6cd84b5a4e7970a08ace793a9383855cebdba5ab3b513ef69845c2f580a69cdc,Energy Expansion
1880881561,6cd84b5a4e7970a08ace793a9383855cebdba5ab3b513ef69845c2f580a69cdc,Energy Expansion
1309044514,52ae5c817d3c3801eec639710aff48aa62c849fd91d7090e4e80db7d9cc00782,"That's right, there's still quite a bit of controversy within Astra regarding Idyll exploration.
At least for now, the procedures for Common citizens wanting to go to Idyll are very difficult to process."
1309079602,1ead51f60ab103e34f01a6b3f5e2e0ba45c3d287c8459085a62cfc3476e70d9a,Twenty-three hours of grinding for this one claw!
1309176413,61ab9c1ba1cb03b62fdb845dbec1d23b3e7eecc83e5e72704a132b6efb348b20,Eyelashes 1
1842904544,61ab9c1ba1cb03b62fdb845dbec1d23b3e7eecc83e5e72704a132b6efb348b20,Eyelashes 1
1309185417,0e15047dc821d35c753319ee1a32fea38ca66f35023c027e758d9a67c4f3e2cd,Search Results: (13) Placeholder
1452428314,0e15047dc821d35c753319ee1a32fea38ca66f35023c027e758d9a67c4f3e2cd,Search Results: (13) Placeholder
1881783695,0e15047dc821d35c753319ee1a32fea38ca66f35023c027e758d9a67c4f3e2cd,Search Results: (13) Placeholder
1309197415,37849f6656fdd5032840c7b9c50a4c024a3638e0ea670171b93d5e55716788ea,Do you think they’ll make it?
1309201380,f361cf0599b412e7a5ef5d643a39bd24e94f532b12ec6fe6bf074cc8c912e819,Captain Spud is ready for its close-up! Every stage of its growth is simply too photogenic not to share.
1409139423,f361cf0599b412e7a5ef5d643a39bd24e94f532b12ec6fe6bf074cc8c912e819,Captain Spud is ready for its close-up! Every stage of its growth is simply too photogenic not to share.
1309226875,14beb0f7a83e79ae205e7097c9a78fccad19dce849446f4e3ae2a6c976a51b1d,"Aniimo can’t tell time, but they love balloons dancing in the warm wind, are fascinated by the tunes from a record player, and could watch products slowly drying behind glass all day. Reach RV <style=Hint_BgL>level 12</style> to switch to E-mode."
1538518457,14beb0f7a83e79ae205e7097c9a78fccad19dce849446f4e3ae2a6c976a51b1d,"Aniimo can’t tell time, but they love balloons dancing in the warm wind, are fascinated by the tunes from a record player, and could watch products slowly drying behind glass all day. Reach RV <style=Hint_BgL>level 12</style> to switch to E-mode."
1568036221,14beb0f7a83e79ae205e7097c9a78fccad19dce849446f4e3ae2a6c976a51b1d,"Aniimo can’t tell time, but they love balloons dancing in the warm wind, are fascinated by the tunes from a record player, and could watch products slowly drying behind glass all day. Reach RV <style=Hint_BgL>level 12</style> to switch to E-mode."
1593247613,14beb0f7a83e79ae205e7097c9a78fccad19dce849446f4e3ae2a6c976a51b1d,"Aniimo can’t tell time, but they love balloons dancing in the warm wind, are fascinated by the tunes from a record player, and could watch products slowly drying behind glass all day. Reach RV <style=Hint_BgL>level 12</style> to switch to E-mode."
1818263086,14beb0f7a83e79ae205e7097c9a78fccad19dce849446f4e3ae2a6c976a51b1d,"Aniimo can’t tell time, but they love balloons dancing in the warm wind, are fascinated by the tunes from a record player, and could watch products slowly drying behind glass all day. Reach RV <style=Hint_BgL>level 12</style> to switch to E-mode."
2054601086,14beb0f7a83e79ae205e7097c9a78fccad19dce849446f4e3ae2a6c976a51b1d,"Aniimo can’t tell time, but they love balloons dancing in the warm wind, are fascinated by the tunes from a record player, and could watch products slowly drying behind glass all day. Reach RV <style=Hint_BgL>level 12</style> to switch to E-mode."
2092676115,14beb0f7a83e79ae205e7097c9a78fccad19dce849446f4e3ae2a6c976a51b1d,"Aniimo can’t tell time, but they love balloons dancing in the warm wind, are fascinated by the tunes from a record player, and could watch products slowly drying behind glass all day. Reach RV <style=Hint_BgL>level 12</style> to switch to E-mode."
1309255838,67ea3890f627ceb3dff345672007c8755a21ae71e0d9438571ebfddeb7737f0d,Congratulations on unlocking a new Home plot! Here is your Home Plot Unlock Pack.
1309270976,121b7b41f3dae673ffda0b86313cd2dca09b5d461ce8151fda61927f9bb62fb3,"This batch of Spice is to be used at the Morning Flower Festival ceremony, there can't be any errors whatsoever."
1309297226,26f0978245b51869d98b3817c008a1acf3d5087a53dbf35ba20714af8e021ab3,"When your RV reaches <style=Hint_BgL>level 14</style> and you own the prerequisite plot, you’ll gain permission to purchase this plot of land. Clearing the debris on this plot rewards you with <link=""item_4001064""><style=Hint_BgL><u>Wood Blocks</u></style></link> x<style=Hint_BgL>3,740</style> and <link=""item_4001077""><style=Hint_BgL><u>Mineral Sand</u></style></link> x<style=Hint_BgL>1,870</style>."
1309311257,ff621fac661f7976fb59f11d04bb798c876053d9822030c8a040b9cbd75d32c4,Test Data 1111111114
1560429589,ff621fac661f7976fb59f11d04bb798c876053d9822030c8a040b9cbd75d32c4,Test Data 1111111114
1309323346,68722ae612801fd6a708466e11705b184907221d5b5fb36802a877681ab575c4,That’s... quite the first encounter.
1309331006,175cc3c03535d2eeffc7d8d0c89d7ccb48fd3c2e5c103c7c2732b70cfd58496c,Ice Ball Cutting
1309332236,9f6f616f2c8f156d8cf0e34e5cdc6447f2b730c840878f2b694d86105b8047d5,"An Aniimo nest inspired by the Fentuft’s springy tuftballs. Step onto it, and you’ll want to start bouncing with a Fentuft."
1638326705,9f6f616f2c8f156d8cf0e34e5cdc6447f2b730c840878f2b694d86105b8047d5,"An Aniimo nest inspired by the Fentuft’s springy tuftballs. Step onto it, and you’ll want to start bouncing with a Fentuft."
1309344816,feb8caca5a9f10ca455b3759c97f690d53f819c822b479cff8efb5e2e13d3c45,Open Now
1309375721,378c4079a90b890cb6a4d9f0803acfbcc84fb005a3c6d9735b5049d64afff8ad,"Go, go, go!"
1309403327,2f20a942eedb58fc115676d9b2faa675e44e26edab81f2e539f85f02748d8f88,Prismatic Rose
1759855031,2f20a942eedb58fc115676d9b2faa675e44e26edab81f2e539f85f02748d8f88,Prismatic Rose
1795089457,2f20a942eedb58fc115676d9b2faa675e44e26edab81f2e539f85f02748d8f88,Prismatic Rose
1309425451,81ebd0bc789340d16c215fc1d20c18372cd23899bd5b61c130490e469ffea81e,Make proper use of all the resources to gain some profit—that’s the fun of a simulation game.
1309430989,f5216d9ed8f37b784f1e4335252db710a598d3d82b0300fbd238137638649799,Find the missing mirror of time (placeholder)
1360682458,f5216d9ed8f37b784f1e4335252db710a598d3d82b0300fbd238137638649799,Find the missing mirror of time (placeholder)
1309465040,4a65f2ffb9d27d7ac65f36c7f8e1d1bc52b2c5816a6a725a902f6518ce1304c7,Enter channel number here.
1309468383,74f637a30facbf0ed3ad4a244a1fe1f13312c7c033d5d3f6b9cd317d0e9d9587,It looks like a flame but strangely feels cold.
1309535904,380cf8442335a38c2c3088028da7b63bd8ecf3bc41fbedbefc54f465b84cf75b,Enable Co-op Ultimate Combo
1309548690,c959af3162393c9d72e5de0a3d3681f742246f8625df4cda9bea482503331f22,Celine
1369573460,c959af3162393c9d72e5de0a3d3681f742246f8625df4cda9bea482503331f22,Celine
1486940179,c959af3162393c9d72e5de0a3d3681f742246f8625df4cda9bea482503331f22,Celine
1630942166,c959af3162393c9d72e5de0a3d3681f742246f8625df4cda9bea482503331f22,Celine
1309581795,5642d9592720600ee46bb0a94614f03ca1b280bce3aa580271b3430f3f3bfb95,Maximum HP increased by 10%
1577633162,5642d9592720600ee46bb0a94614f03ca1b280bce3aa580271b3430f3f3bfb95,Maximum HP increased by 10%
1624055881,5642d9592720600ee46bb0a94614f03ca1b280bce3aa580271b3430f3f3bfb95,Maximum HP increased by 10%
1309623383,5ccdcf4766c2e036770260d8d353a6b8b161fdfa60ac331604550fcf81a1d6c4,"Tuft, tuft! You activate one Springy Tuftball, and Tufty will activate the other!"
1309625378,43b22c9cb7b1dae20301e74fb4465d04f2d6b53011f40bc90f42f8ffba09ffa1,Catch {0}/20 Dazmands in total
1309641319,6a010d9bd625fd59cc0994ac58c94ad65650d7f57299000ae359ec8007bc5f2f,Thick solid wood gives every step a reassuring sense of stability.
1892165731,6a010d9bd625fd59cc0994ac58c94ad65650d7f57299000ae359ec8007bc5f2f,Thick solid wood gives every step a reassuring sense of stability.
2084069479,6a010d9bd625fd59cc0994ac58c94ad65650d7f57299000ae359ec8007bc5f2f,Thick solid wood gives every step a reassuring sense of stability.
2084918913,6a010d9bd625fd59cc0994ac58c94ad65650d7f57299000ae359ec8007bc5f2f,Thick solid wood gives every step a reassuring sense of stability.
1309671484,1096b5f6e2e1a7989934cba20d18024742ff984976383e5e0159c1bfe0b5be40,"Lots of children and Lumin Stage Aniimo have come by to buy toys, so we need to prepare more crafting materials."
1309677302,e6940ea4dfdcf2c127f0ffbd792f1e78b8368e054266a17687c92e763c5b9915,Tell me about the most powerful Glynsera.
1894833954,e6940ea4dfdcf2c127f0ffbd792f1e78b8368e054266a17687c92e763c5b9915,Tell me about the most powerful Glynsera.
1309687979,47882d2c6e6ab7b9524048dab08cad72db068ea688fe5770958854afad77efce,Let's get moving once you're ready!
1540660650,47882d2c6e6ab7b9524048dab08cad72db068ea688fe5770958854afad77efce,Let's get moving once you're ready!
1309763596,a296305f1e15548ace87a033d233e2c58f1bd4106322d586ac4d9e2cef082c33,Erm?
1534656685,a296305f1e15548ace87a033d233e2c58f1bd4106322d586ac4d9e2cef082c33,Erm?
1752239774,a296305f1e15548ace87a033d233e2c58f1bd4106322d586ac4d9e2cef082c33,Erm?
1841912857,a296305f1e15548ace87a033d233e2c58f1bd4106322d586ac4d9e2cef082c33,Erm?
1943827538,a296305f1e15548ace87a033d233e2c58f1bd4106322d586ac4d9e2cef082c33,Erm?
1996163190,a296305f1e15548ace87a033d233e2c58f1bd4106322d586ac4d9e2cef082c33,Erm?
2044944607,a296305f1e15548ace87a033d233e2c58f1bd4106322d586ac4d9e2cef082c33,Erm?
1309791609,893aef951b6d3c89b462fee221fd8fab2af810b393e5fa27df47803999485a5f,Lin Shuang
1688892252,893aef951b6d3c89b462fee221fd8fab2af810b393e5fa27df47803999485a5f,Lin Shuang
1953446161,893aef951b6d3c89b462fee221fd8fab2af810b393e5fa27df47803999485a5f,Lin Shuang
2127861658,893aef951b6d3c89b462fee221fd8fab2af810b393e5fa27df47803999485a5f,Lin Shuang
1309795156,d38b4c7171de24b290683615b34d78df76856bc3cddcd91f8bf659becc382628,Thank you for granting my wish!
2018956604,d38b4c7171de24b290683615b34d78df76856bc3cddcd91f8bf659becc382628,Thank you for granting my wish!
1309798410,8d32dfc6e93df6b9f0117b853b36fb9f91d6ecee44e3a49294d61e2d369f5e1c,How to use gravity pull
1425175480,8d32dfc6e93df6b9f0117b853b36fb9f91d6ecee44e3a49294d61e2d369f5e1c,How to use gravity pull
1588356821,8d32dfc6e93df6b9f0117b853b36fb9f91d6ecee44e3a49294d61e2d369f5e1c,How to use gravity pull
1309859113,7e6eb871afacecd23c2fe589c51a6f27ca5c2479fbb39935892919ceef6afee6,"Grass green as jade, and the Susuta paws brushing through the emerald blades."
1441658100,7e6eb871afacecd23c2fe589c51a6f27ca5c2479fbb39935892919ceef6afee6,"Grass green as jade, and the Susuta paws brushing through the emerald blades."
1978968715,7e6eb871afacecd23c2fe589c51a6f27ca5c2479fbb39935892919ceef6afee6,"Grass green as jade, and the Susuta paws brushing through the emerald blades."
2101924039,7e6eb871afacecd23c2fe589c51a6f27ca5c2479fbb39935892919ceef6afee6,"Grass green as jade, and the Susuta paws brushing through the emerald blades."
1309861610,4c6cd95927fceb3653d14e4bceda92c1454bc9d48c8a0876207bf4206aeb7f35,Complete Main Story: Rainbow of the Ground to unlock
1309877807,216a42122b29ec2ffb3fae8792cf9f4d103446f0913fb0121813a3d7d6bcba0d,Nearly had that limited edition board!
1309899481,977e3896ce5195ca5cf50b058d7db32af38acd1f8365dbba5eebf7ba8824f437,Emergency order appeared!
1309966483,8d480a27215fb746a9a2207d3e836d3c08a4a96bcc4306190e70f6188dcb3519,"The upgraded BINI #9 has stronger detection features. When it senses something important nearby, it will <style=Hint_BgL>alert</style> you right away."
1309973624,f1631342f78c92489107b0cb7b3d5bc315f2ad557a6e64f183a72e7dde0fcaa9,Cannot be changed during battle
1309983569,d92ebbc7a7353636228ed18a63636d9aa5ac056f551c0498a58764234e170c2d,Bud Ticket production speed:
1309991694,95a1dcc3d63b4b8e6aa2cff1789db84123f3aeda3c553a67ad0425fd94cc1ab5,Flowers and Butterfly Shadows?
1310003346,24d3020f834051ff34168dec53b4920fecdadec001713121562bf1af29d5beb6,Wields the power of light to attack targets from a distance.
1565861380,24d3020f834051ff34168dec53b4920fecdadec001713121562bf1af29d5beb6,Wields the power of light to attack targets from a distance.
1310021857,09bb8148f7ee0367c13493dc368050d2a3cce0af6fdaf16ed90d38d0d217fac9,A straightforward way to show your records in the Arena.
1310044859,5ba97ad036c8c23159cfaeb54628517107de5cac32247fe2895b7300d9fbdd23,Permanent Buffs
1448510573,5ba97ad036c8c23159cfaeb54628517107de5cac32247fe2895b7300d9fbdd23,Permanent Buffs
1310058796,310ca503ef36f177ddbc760463fcaec1edc6eca12bfd590ad7bb244b31e59543,Month
2042707571,310ca503ef36f177ddbc760463fcaec1edc6eca12bfd590ad7bb244b31e59543,Month
1310070668,d47b3180da1b03ef42f87912e70a81ae69631709c0a5814abf51c48fc85e2d83,Woofy Stove
1428487826,d47b3180da1b03ef42f87912e70a81ae69631709c0a5814abf51c48fc85e2d83,Woofy Stove
1310072175,bd1d37a5509059b38564dd4b80aecfa222a4954353c58f52070373ada4458f54,Unlock the Legendary Meadow of Clouded Dreams badge
1310079240,37e07732ee64d5605afceb6b6880c5f1a9f7faf52c3631a258e9288b44ed3cf9,"A very ancient recipe, written in the ancient Idyllian language, now mostly faded. Luckily BINI can translate it:
Offer the fragrance of life and growth, and the Aeons shall grant the blessing of regeneration.
Offer the fragrance of tolerance and change, and the Aeons shall grant the blessing of protection.
Offer the fragrance of courage and passion, and the Aeons shall grant the blessing of hope."
1310152221,602fb7975f646a29820a8cf621b366282470a52ba051186c382fb5b3690cbee8,Use to unlock the <style=Hint_BgL>Cool Summer - Wood Grain Brick</style>.
1310164347,047176dae2441ee175f31af32fc4110e41c157d9cdbb84ad9310f243bbae58d9,Press <style=Hint_BgL>#kPlayer/Jump#z</style> to fly in the Wind Field.
1310170599,7ef3b950744fe1f7dcc44853223a03a0b063c8750c37ed4fa1465fcab9619e45,Privilege ability is now active.
1310190844,556fe89eb272fe1f581d9ac3226644ac04a9f8ed20ade4caf0158cb0800b1f23,A note found near a chest
1310198873,58b9fb1edf3ce745c158f3d7f9f696b7bc0bf7dcb0e263d667192769f28f6b6b,"First, I would learn their habits so I could get along with them better."
1310239089,9d4c699c8f892893560c636ef03acc31ee2cc4cf93c51ba1d8a9e125573c5336,Loop Count (0 = No Loop)
1310240116,ecfa01476a8ad7d967d8b5ee08abc0287d50268acb82b9def91bba450e956aea,Close Alert
1435295915,ecfa01476a8ad7d967d8b5ee08abc0287d50268acb82b9def91bba450e956aea,Close Alert
2014454922,ecfa01476a8ad7d967d8b5ee08abc0287d50268acb82b9def91bba450e956aea,Close Alert
2095910372,ecfa01476a8ad7d967d8b5ee08abc0287d50268acb82b9def91bba450e956aea,Close Alert
1310241540,97fa39619842e8212ded6cfd296ef24886e926f47e48b25e059a413f641b4724,"There’s an ancient crystalline note on you—perfection and flaw intertwined... opposing, yet born of the same source..."
1310284918,e4580815afd0c2e514105d16134a7ee929bcff825ac984aceef7bbee7602257c,"Vintage-style tiles with a smooth, warm finish that feels comfortable underfoot and helps prevent slips."
1424178724,e4580815afd0c2e514105d16134a7ee929bcff825ac984aceef7bbee7602257c,"Vintage-style tiles with a smooth, warm finish that feels comfortable underfoot and helps prevent slips."
1820285617,e4580815afd0c2e514105d16134a7ee929bcff825ac984aceef7bbee7602257c,"Vintage-style tiles with a smooth, warm finish that feels comfortable underfoot and helps prevent slips."
1954453046,e4580815afd0c2e514105d16134a7ee929bcff825ac984aceef7bbee7602257c,"Vintage-style tiles with a smooth, warm finish that feels comfortable underfoot and helps prevent slips."
1310297077,ce6af2f6b6e2123fc4ea80a9c3b6c08aafc24b6bcac1de4cfaae5086a6e92d6e,Use Outfit
1590861487,ce6af2f6b6e2123fc4ea80a9c3b6c08aafc24b6bcac1de4cfaae5086a6e92d6e,Use Outfit
1310308371,1e1117d06037f1e49b1334622337f0efa4918c4956d0aa728b22508b25d06c31,"Vining plants cascade like waterfalls, draping the wall in lush greenery."
1310309798,778b7d36f28ed99d9d47f9770f42dec5b3e42b543095907ffefd45988b343515,"Restores all allies’ HP by an amount equal to <style=Hint_BgL><customRichText(calcData,ability,10410100,param1,1,%d)>%</style> of the caster’s max HP, and restores HP to the caster equal to <style=Hint_BgL>10%</style> of their max HP over <style=Hint_BgL><customRichText(buffConfigData,2104301,duration)></style>s."
1310319468,aa833f39ab6953681c5a956ce94fc4d417ab150d739edab509c005590ac12018,Bud Ticket Jar
1368110962,aa833f39ab6953681c5a956ce94fc4d417ab150d739edab509c005590ac12018,Bud Ticket Jar
1587302921,aa833f39ab6953681c5a956ce94fc4d417ab150d739edab509c005590ac12018,Bud Ticket Jar
1310329026,72e123ffbd0f2603e2d4c21b902ff0c3ad344275556792ad4363f025470d7128,You and Tucking
1310345791,ce7e3a5462012ffec80f5be514d45a9fa4088415aa7ad1c455c9808b0ead5448,Weather Type
1310352771,9c18f4967c8b9b554865f5dfc1b7160b1e52fbba8d40e606cab7c3e225be54d3,Wow! You’re amazing!
1310362974,8b6d8e40753ad9f265f07dc095a9b81468ae6c4c074fc6dec539d19d584a7c73,Designer
1310373833,556745319e5cecc51cb51910cef5c0fd532365db5d01e3fdd5f9359acd60e05a,The Helmuts are very grateful and have prepared a gift for you! Go back to them and claim it!
1310395575,9248e3a8e299265f318f19bfbb63f8143ea6563707fd2f5d4b92e9b5212c67f9,Johnny’s Race Car IV
1310422368,7573f0d3cf1dc06e86c8da625976b26349398cd5d8dbf79229c3ad00a063a831,Alpha on the left route
1310446773,d3cf1e35b559d29acfdb95816f900fed1962ab0ae8bb4c761d4087e0dcb89db5,Claim All
1349325638,d3cf1e35b559d29acfdb95816f900fed1962ab0ae8bb4c761d4087e0dcb89db5,Claim All
1427956748,d3cf1e35b559d29acfdb95816f900fed1962ab0ae8bb4c761d4087e0dcb89db5,Claim All
1537727619,d3cf1e35b559d29acfdb95816f900fed1962ab0ae8bb4c761d4087e0dcb89db5,Claim All
1541662771,d3cf1e35b559d29acfdb95816f900fed1962ab0ae8bb4c761d4087e0dcb89db5,Claim All
2000196041,d3cf1e35b559d29acfdb95816f900fed1962ab0ae8bb4c761d4087e0dcb89db5,Claim All
2053181637,d3cf1e35b559d29acfdb95816f900fed1962ab0ae8bb4c761d4087e0dcb89db5,Claim All
2059128871,d3cf1e35b559d29acfdb95816f900fed1962ab0ae8bb4c761d4087e0dcb89db5,Claim All
2090703022,d3cf1e35b559d29acfdb95816f900fed1962ab0ae8bb4c761d4087e0dcb89db5,Claim All
2099796119,d3cf1e35b559d29acfdb95816f900fed1962ab0ae8bb4c761d4087e0dcb89db5,Claim All
1310469322,6d2d871fe94cc7fe29a5fdde2777ee2acaceb7ddbae67c30f14c1364dcb544a0,A wild Budclaw has appeared!
1310474754,4b610cdb54436032ecba435d204f2b60a8a980be22dc40c6fd356fd89a5eedac,No scent is inherently good or bad—it is only a matter of what one is used to.
1310521794,f5fe2c5e085aca32eed1c204530161b5e95bb46fc49bfc38ac28cbb550f221dc,Badge ID (-1 unlocks all Badges)
1310538338,301084403545c03e74085e4231e2931973b06e69191baf70193c5e27d5d3ec53,What’s that? Better go check it out.
1310541226,44c4c911279868e3ed82b96fe7a4962bb15699af2e9300856b41b91005692374,"When the Alpha takes Ice damage, it gains a small amount of Ice Debuff. Each stack of Ice Debuff increases the Alpha’s BREAK Speed taken and BREAK state damage taken by <customRichText(calcData,buff,4004130,param1,1,%.1f)>% each. All Ice Debuff is removed once the BREAK state ends."
1823221874,44c4c911279868e3ed82b96fe7a4962bb15699af2e9300856b41b91005692374,"When the Alpha takes Ice damage, it gains a small amount of Ice Debuff. Each stack of Ice Debuff increases the Alpha’s BREAK Speed taken and BREAK state damage taken by <customRichText(calcData,buff,4004130,param1,1,%.1f)>% each. All Ice Debuff is removed once the BREAK state ends."
1310547585,45410700079fdc1d024f7637839d7bc64ad29eb0804bb0c17a07c5e08cf03760,P.ATK up 10%
1310559968,0108a5249576221983d3db7d59c15d1cf68229357459ed27bd78c06b1fd758bd,A Dewdrop Crystal imbued with the emotions of Aniimo of the Bulbly family. Some say it carries their blessings and legacy.
1310560655,d06b14cbb356418fe7ac5d59b7d8cc7e45ad70059a481867db6111e6028ccd99,Water Sprite Lantern
1531051243,d06b14cbb356418fe7ac5d59b7d8cc7e45ad70059a481867db6111e6028ccd99,Water Sprite Lantern
1310572669,5064b3c763623c925251e368c345d920a33d3f9c58d9e79b1ef2e7ef528ae057,Aniimo Fashion Week Kickoff
1310579442,c7449c6bbcdc4ab7e70462eee37a217414f82fcc9de4710e91c7ed9a8076fc7e,Select [<style=Hint_BgL>Equip</style>] to equip the skill!
1310588284,fd7248613e782f4710f7fe179eb01a4b73e967ed837e5baa1b7cfc221d6f8bf7,Power Module Lv. 2
1310616082,ec170a352d222cd2ccf6ecfb8726d88b95a013ad6bff0c5a0c19f5e9eff3ac6f,Unlock Badge - Where Gulls Sing
1310630368,8c2e32e976841fe0ff4c693853d3a0f7002036d6b7e0ffbb685c47f6fb998fbb,Building Block - Coral Orange
1723498789,8c2e32e976841fe0ff4c693853d3a0f7002036d6b7e0ffbb685c47f6fb998fbb,Building Block - Coral Orange
1310651544,cf571aefd7ffd335d4cc8e95cc9dc875a6a3c1c2174a1e72541eb7f67162dfde,"It can simulate various terrains of Idyll and replicate various Aniimo Abilities.
Facing different environments requires different Aniimo to deal with them. Want to give it a try?"
1310652024,e1ee67fc94c215d0f164cde3c06f2d4f652e8cb4906b484afe46ba8ec3af8a80,Request Sent. Awaiting Confirmation.
1310676132,f2893e6dc155db603d2b719768bb5b05fb3167dffb1e4aa1ac27ab5e625935f6,"Here's the situation.
A rare kind of Aniimo called the <style=Hint_BgD>Irisalis</style> makes its home near Bloomville."
1310693527,3ede58b91c77e3366ce4597e4ddce0d17696303a1a3272fe0e37cde7c85da676,Text Key
1640625463,3ede58b91c77e3366ce4597e4ddce0d17696303a1a3272fe0e37cde7c85da676,Text Key
1867045123,3ede58b91c77e3366ce4597e4ddce0d17696303a1a3272fe0e37cde7c85da676,Text Key
2062865915,3ede58b91c77e3366ce4597e4ddce0d17696303a1a3272fe0e37cde7c85da676,Text Key
483461531,21ecbdaf613975388d53cb2b082fee321af9a81f0cddff687734d7498089b561,Earn Collection Badges in 10 areas of Breezy Plains.
1310705684,21ecbdaf613975388d53cb2b082fee321af9a81f0cddff687734d7498089b561,Earn Collection Badges in 10 areas of Breezy Plains.
1310705874,f601601797f369e34d4c2b2358b7eceb5c44eff14780a2a3977fcf7115b58072,No one said it was a one-on-one
1310719811,f2cd22847ec119063a33378005b080c6102c153aad131d6c2512582601b7471a,Aniimo EXP gained from catching and defeating targets or using EXP items increases by <color=#d89c28>30%</color>.
1310729152,fad24f7f6414812daeeee735f8431c87b124c53fb3f80315043022e768fb014f,Precision Guidance
1780024198,fad24f7f6414812daeeee735f8431c87b124c53fb3f80315043022e768fb014f,Precision Guidance
1310730621,b171cc19c3d9f9c33dc33a50f228f2ffecaa0f8ffb2bda29562f75711bc70596,Pupils 11
1310760783,1cad93d488daf125675edcbe4eea90014cf002a34619959009051c9351aebc4e,Successfully joined spinning wheel processing. Have fun with the Aniimo!
1310775386,e6e5336e5c38d1f760cb804f6086f0fa2f99a534abf4a62f05c550bb08ba63b4,Cutting Board - Bamboo Charm
1381327529,e6e5336e5c38d1f760cb804f6086f0fa2f99a534abf4a62f05c550bb08ba63b4,Cutting Board - Bamboo Charm
1310777633,511185cb11978c73c90c1a2adecc6d57af33ac0f4393bd6d32ea07a540265012,Prismana Orchid
1644942075,511185cb11978c73c90c1a2adecc6d57af33ac0f4393bd6d32ea07a540265012,Prismana Orchid
1746777245,511185cb11978c73c90c1a2adecc6d57af33ac0f4393bd6d32ea07a540265012,Prismana Orchid
1310781098,c520bb030cb87a4a38a3b8f21db11909c0c5e522f6f4e60645569cb7244c0064,"Increases damage by <style=Hint_BgL><customRichText(calcData,buff, 2118506,param0,1,%d)>%</style>."
1310809443,074cf451142b4ec45068d0d8c25b9dc4e99219762f27baba898bdfe1e25cc1c8,Championship
1929487212,074cf451142b4ec45068d0d8c25b9dc4e99219762f27baba898bdfe1e25cc1c8,Championship
1952512322,074cf451142b4ec45068d0d8c25b9dc4e99219762f27baba898bdfe1e25cc1c8,Championship
1310845500,d38fa03297b9c8f40658753838ed943f05cdd1a9dd159ad75c583d8b070bc8dc,Gullcall Horn Pack
1310861029,2b4fb96fa8a6ef383c8172847f850c824e36be74067ebc6f554e93a6adabfb82,Threadstar Plant
1465809425,2b4fb96fa8a6ef383c8172847f850c824e36be74067ebc6f554e93a6adabfb82,Threadstar Plant
1310863797,7e69cbbf85a0025f1fee653fe1f85df4e2e60b2dbf6dd26d11bfdee8ffc406c6,Traces left by a Legendary Aniimo have been found in the Forest of Falling Stars!
1310875379,a994cd47d47c8a03a904a1ff4628e8a9d0406e1e55917e8c11ec9f146134fbdc,Nearby
1674955085,a994cd47d47c8a03a904a1ff4628e8a9d0406e1e55917e8c11ec9f146134fbdc,Nearby
1933033496,a994cd47d47c8a03a904a1ff4628e8a9d0406e1e55917e8c11ec9f146134fbdc,Nearby
2124382595,a994cd47d47c8a03a904a1ff4628e8a9d0406e1e55917e8c11ec9f146134fbdc,Nearby
1310876485,0da6408d1b07b39a3245b774b04e22e6dd20fcec846046c7f244fa9a487f984e,sceneId (ID of the scene to query)
1310886149,58c676f35d89eaef1ed9f70313674304a2fb7f9dc3224fe802e468dc815af2b3,Unlocks Interaction Gesture - See You
1646730845,58c676f35d89eaef1ed9f70313674304a2fb7f9dc3224fe802e468dc815af2b3,Unlocks Interaction Gesture - See You
1310906503,8fe161a1be9fc7acb06a6c559b883b2d43f0525287a7efea2df1050d03b772a5,"Once the fan starts, it’ll create a Wind Field. Stand in it and try to <style=Hint_BgL>press Space</style> twice to fly upward."
1310907025,cc2439e3d25169d7f1f4e3e51304d5c1967f485a5a968644c5dc629e802bd1bb,"Oh, my friend, it looks like something’s troubling you. Why don’t you tell me about it?"
1310908133,58159cc0012e21ee62bf205548804cd7ecd27eee411c8d8d84a1bd32346cb0d9,Let's begin!
1800078164,58159cc0012e21ee62bf205548804cd7ecd27eee411c8d8d84a1bd32346cb0d9,Let's begin!
1874721306,58159cc0012e21ee62bf205548804cd7ecd27eee411c8d8d84a1bd32346cb0d9,Let's begin!
1310914846,48ab805193bebf1e6b6235db63162a616a8472fcd4fdb5a58979de15cd409910,"Thirty-three flowers... thirty-four flowers... Sigh, these flowers are still far from enough for the Morning Flower Festival."
1310989876,7fba05e04d28246f0d4a8b9dbf8f8bfb863a8a3005a9c94a773fdd4464121e98,"Alpha Aniimo are scattered across the different regions of the open world. You can check their locations via the <link=""appearHelp_103""><color=#5090df><u>Map</u></color></link>."
1311024849,3eaf3af003b0ca5648b7e35a04a6635357dd222364dacbff40015aa1db2707bb,Jukebox Dryer (Level 1)
1600354383,3eaf3af003b0ca5648b7e35a04a6635357dd222364dacbff40015aa1db2707bb,Jukebox Dryer (Level 1)
1311053519,f7eab0987e8dc5d4f741e4866dd9a56da89c900796a1ab6bc1c6f3e6ab9cd6cd,"With this perfume, we’ll finally be able to sing like angels!"
1311099163,fb5b310decf3199f51b9198ab1fcf6a899c33792c18acc0e6e6726ea919e2efa,Dynamic egg-snatching prompt configuration (placeholder)
1552969292,fb5b310decf3199f51b9198ab1fcf6a899c33792c18acc0e6e6726ea919e2efa,Dynamic egg-snatching prompt configuration (placeholder)
1311103075,b1bdcefb49ec5dc74b1568e340030ffaca60db61cd65382b6aae257474551b2e,Daily Supply Pack
1311103282,60b1313b8bc339719efac7c36c24b4e62b72eb57e619ffc591c9f2f9f8795cf6,"...Essentially still BINI #9. All the AI on Astra are terminals of BINI #9.
Just after loading new modules, they've become more intelligent than before."
1311148937,08189d47adb32dc4de8a5d097a3bc5e512f9b5cba3b53badc4bb6908d3fdb7df,Neatly trimmed cubed shrubs add a touch of distinctive greenery to the Homeland.
1798286548,08189d47adb32dc4de8a5d097a3bc5e512f9b5cba3b53badc4bb6908d3fdb7df,Neatly trimmed cubed shrubs add a touch of distinctive greenery to the Homeland.
1311155332,fb12f819f367dba172af9c7022c417db69c845ec5f9e049f5c054e4ff92ca3e3,Home Actions
1311159490,a3de075fc278ecc4508d7c5a1f87f9184b251e2325531ef1d2a204416dc25956,"I can’t believe Aniimo can achieve such feats...
It’s amazing!"
1311175700,307b6d84c6e168d8ed67882cefd9e56db554b0179273822a90c9ffec4f563f31,Magical
2002934499,307b6d84c6e168d8ed67882cefd9e56db554b0179273822a90c9ffec4f563f31,Magical
1311204259,345a251c118ff1fe9829d72f7fa7c2e2043f742422d13494968deb35a55d22d9,"I thought you were calmer than this. Why such a reaction?
It's just decoration. I sense no special power in it."
1311217037,93ae687740ed3bb1c9dc52745b27e90d3654d5f77ee3f04eb89c8c1ddda78170,It’s...
1438513556,93ae687740ed3bb1c9dc52745b27e90d3654d5f77ee3f04eb89c8c1ddda78170,It’s...
1483673616,93ae687740ed3bb1c9dc52745b27e90d3654d5f77ee3f04eb89c8c1ddda78170,It’s...
1311225968,db74716f0a2a7e302228c5209c00aaef604f73f8969f671d7a29f80a4a99215f,Bitter Orange Tree Seed
1311226667,ea1b455a4cece7d2b5d63f1269d6527a298b9fed73e5d78f715097feaf1649db,<style=Hint_BgL>Evolve your Aniimo in Aniimo Management</style> after meeting evolution requirements.
1311242130,92129700eee0c85e457c4b550f5c38f32797a06d3a1789fd930e6ca8e68f5da2,Shining Captain Spud
1449925288,92129700eee0c85e457c4b550f5c38f32797a06d3a1789fd930e6ca8e68f5da2,Shining Captain Spud
1619831198,92129700eee0c85e457c4b550f5c38f32797a06d3a1789fd930e6ca8e68f5da2,Shining Captain Spud
1311248943,bbd1102146ab5787d77d9301590174ab4b90ebab18442b285548855c13094a83,Thornblade-Identifying 1111
1311273634,bccf6b103bc0726563aaa77b7fbb200c592c56a19fcd727d6f238e14eb8a4031,"The soft doll puffs up its cheeks, waiting for you to join it on an adventure!"
1599340259,bccf6b103bc0726563aaa77b7fbb200c592c56a19fcd727d6f238e14eb8a4031,"The soft doll puffs up its cheeks, waiting for you to join it on an adventure!"
2099735401,bccf6b103bc0726563aaa77b7fbb200c592c56a19fcd727d6f238e14eb8a4031,"The soft doll puffs up its cheeks, waiting for you to join it on an adventure!"
1311274717,612cfd811994ef287aef42654602068483ba0cd76a1d80035a27ddbb722cc56b,Alpha Irisalis
1492362568,612cfd811994ef287aef42654602068483ba0cd76a1d80035a27ddbb722cc56b,Alpha Irisalis
1311291291,9708849b259026ae762cb4547441f64077bfff2d5d3592eb2b99816e9e91d758,Collaborations
1457692872,9708849b259026ae762cb4547441f64077bfff2d5d3592eb2b99816e9e91d758,Collaborations
1854761278,9708849b259026ae762cb4547441f64077bfff2d5d3592eb2b99816e9e91d758,Collaborations
1311292211,66d3d0aa4a7d79072e2fcd3bbfd4819ef42c243dc66341c2f16e6ee70f203da9,"A workbench that stores all kinds of small tools, letting you bring your ideas to life with your own hands. Reach RV <style=Hint_BgL>level 12</style> to switch to E-mode."
1420809357,66d3d0aa4a7d79072e2fcd3bbfd4819ef42c243dc66341c2f16e6ee70f203da9,"A workbench that stores all kinds of small tools, letting you bring your ideas to life with your own hands. Reach RV <style=Hint_BgL>level 12</style> to switch to E-mode."
1829114702,66d3d0aa4a7d79072e2fcd3bbfd4819ef42c243dc66341c2f16e6ee70f203da9,"A workbench that stores all kinds of small tools, letting you bring your ideas to life with your own hands. Reach RV <style=Hint_BgL>level 12</style> to switch to E-mode."
1854039361,66d3d0aa4a7d79072e2fcd3bbfd4819ef42c243dc66341c2f16e6ee70f203da9,"A workbench that stores all kinds of small tools, letting you bring your ideas to life with your own hands. Reach RV <style=Hint_BgL>level 12</style> to switch to E-mode."
1918495714,66d3d0aa4a7d79072e2fcd3bbfd4819ef42c243dc66341c2f16e6ee70f203da9,"A workbench that stores all kinds of small tools, letting you bring your ideas to life with your own hands. Reach RV <style=Hint_BgL>level 12</style> to switch to E-mode."
1946711367,66d3d0aa4a7d79072e2fcd3bbfd4819ef42c243dc66341c2f16e6ee70f203da9,"A workbench that stores all kinds of small tools, letting you bring your ideas to life with your own hands. Reach RV <style=Hint_BgL>level 12</style> to switch to E-mode."
2100946556,66d3d0aa4a7d79072e2fcd3bbfd4819ef42c243dc66341c2f16e6ee70f203da9,"A workbench that stores all kinds of small tools, letting you bring your ideas to life with your own hands. Reach RV <style=Hint_BgL>level 12</style> to switch to E-mode."
2125053266,66d3d0aa4a7d79072e2fcd3bbfd4819ef42c243dc66341c2f16e6ee70f203da9,"A workbench that stores all kinds of small tools, letting you bring your ideas to life with your own hands. Reach RV <style=Hint_BgL>level 12</style> to switch to E-mode."
1311313708,00c295f84ec9ed61e2c2953f01642b4ff1f6e23ff6c4c519eab389d2bd054ef3,Beauty Buff
1618728007,00c295f84ec9ed61e2c2953f01642b4ff1f6e23ff6c4c519eab389d2bd054ef3,Beauty Buff
1821103136,00c295f84ec9ed61e2c2953f01642b4ff1f6e23ff6c4c519eab389d2bd054ef3,Beauty Buff
2136589540,00c295f84ec9ed61e2c2953f01642b4ff1f6e23ff6c4c519eab389d2bd054ef3,Beauty Buff
1311345376,acb6cb7af2d4b264ecbd842fbec7e70ad62c10e29f8779f32a974873486976b7,I remember those Cubbos would <style=Hint_BgD>send the iron crates crashing into the stone wall at the end of the track</style>... Want to give it a try?
1311350588,b53c6db039efb49d96b48cf83c0afc635a7392242c2af8b4c92cef0efd35d77e,Low-Level Damage Chip
1479435855,b53c6db039efb49d96b48cf83c0afc635a7392242c2af8b4c92cef0efd35d77e,Low-Level Damage Chip
1911992847,b53c6db039efb49d96b48cf83c0afc635a7392242c2af8b4c92cef0efd35d77e,Low-Level Damage Chip
1311371454,4b801156680d85f03e03f25c60c45a805851a0c2af69c99691ee92fbcb2860bb,To challenge the First Lethal Thorn.
1311378163,cb286920f33a8de71f49a1f41ff777e3ec6ebd2b177bf257f80834b17095eed4,Obtained from Recycling:
1311402971,c96d669048d9c2da47837aa494bac3f9772075e2c432dfd41745d1303963124c,Debuff Duration Multiplier Bonus (Caster)
1805279131,c96d669048d9c2da47837aa494bac3f9772075e2c432dfd41745d1303963124c,Debuff Duration Multiplier Bonus (Caster)
1311453042,58aaf14b329be02e1473e5740125f8ad50c10151578ebdabaf6a1321bf38de7d,What a strange day. I’m a Celestis—and I can fly! How did I just fall from the sky like that?
1311462030,7080307abd6e153845d0ed58582e2144c67e3c4a27091d81100f7e2be9eee938,"A natural wood bookshelf lined with books of every kind. They may not all be decorative, but one thing is certain—you’ll never read them as fast as you buy them."
2130239779,7080307abd6e153845d0ed58582e2144c67e3c4a27091d81100f7e2be9eee938,"A natural wood bookshelf lined with books of every kind. They may not all be decorative, but one thing is certain—you’ll never read them as fast as you buy them."
1311468112,880241a2603aacd8efd70c7c67578fcff4e9ee38c6a67616b6a0869cc2349c14,Trial of Grass
1311520973,cc696321fcb50b3a13bcf65fcfab7335c248fa75135db11821ca1ad98a17adb7,Recommended: 
1412853476,cc696321fcb50b3a13bcf65fcfab7335c248fa75135db11821ca1ad98a17adb7,Recommended: 
1418936425,cc696321fcb50b3a13bcf65fcfab7335c248fa75135db11821ca1ad98a17adb7,Recommended: 
1771520475,cc696321fcb50b3a13bcf65fcfab7335c248fa75135db11821ca1ad98a17adb7,Recommended: 
1311542079,1090d235fbd74729ef73d8664a8065df0e33ffc9844736d4d838d7cf173e2780,Giftbox
1357604880,1090d235fbd74729ef73d8664a8065df0e33ffc9844736d4d838d7cf173e2780,Giftbox
1311551343,c865ebb3052c863b4aea0f38f327e5522d9da1516fb3ac5d9d6b77e50cc74dc8,Beginner
1434510752,c865ebb3052c863b4aea0f38f327e5522d9da1516fb3ac5d9d6b77e50cc74dc8,Beginner
1459603945,c865ebb3052c863b4aea0f38f327e5522d9da1516fb3ac5d9d6b77e50cc74dc8,Beginner
1467962565,c865ebb3052c863b4aea0f38f327e5522d9da1516fb3ac5d9d6b77e50cc74dc8,Beginner
1524258687,c865ebb3052c863b4aea0f38f327e5522d9da1516fb3ac5d9d6b77e50cc74dc8,Beginner
1615785366,c865ebb3052c863b4aea0f38f327e5522d9da1516fb3ac5d9d6b77e50cc74dc8,Beginner
1630200470,c865ebb3052c863b4aea0f38f327e5522d9da1516fb3ac5d9d6b77e50cc74dc8,Beginner
1650120608,c865ebb3052c863b4aea0f38f327e5522d9da1516fb3ac5d9d6b77e50cc74dc8,Beginner
1663503325,c865ebb3052c863b4aea0f38f327e5522d9da1516fb3ac5d9d6b77e50cc74dc8,Beginner
1797256552,c865ebb3052c863b4aea0f38f327e5522d9da1516fb3ac5d9d6b77e50cc74dc8,Beginner
1819549356,c865ebb3052c863b4aea0f38f327e5522d9da1516fb3ac5d9d6b77e50cc74dc8,Beginner
1920239296,c865ebb3052c863b4aea0f38f327e5522d9da1516fb3ac5d9d6b77e50cc74dc8,Beginner
2007631736,c865ebb3052c863b4aea0f38f327e5522d9da1516fb3ac5d9d6b77e50cc74dc8,Beginner
2090529234,c865ebb3052c863b4aea0f38f327e5522d9da1516fb3ac5d9d6b77e50cc74dc8,Beginner
2144135276,c865ebb3052c863b4aea0f38f327e5522d9da1516fb3ac5d9d6b77e50cc74dc8,Beginner
1311553479,c98e2314f0efdd272712038f2615a666cbebf35e6a417ce852b203fcc501854f,Inventory full. Failed to remove item from sale.
1311563122,25637bd7ab36f30782e4c9e2154d31ea9a0752d54e7fbab6f2b46c4652a2fbc7,[Select]
1311563634,545d3d8573e4f85fd92abd285f8fbb65c4eaa6ff924e7c84d04b23456b9f6be3,Crosswind
1687565318,545d3d8573e4f85fd92abd285f8fbb65c4eaa6ff924e7c84d04b23456b9f6be3,Crosswind
1855983881,545d3d8573e4f85fd92abd285f8fbb65c4eaa6ff924e7c84d04b23456b9f6be3,Crosswind
1888003563,545d3d8573e4f85fd92abd285f8fbb65c4eaa6ff924e7c84d04b23456b9f6be3,Crosswind
1311576466,be715a37a0f25fbabfd5aa8c9b3b4c513488fba7ffe3c115c0df4abbe8dd5383,You’ve got the photographer’s touch now!
1311598100,e821c119db226e45cd945c07d20b59a9ec00df131000c0951119d7c85bd7567b,Unlocks Emote - Cry
1513571275,e821c119db226e45cd945c07d20b59a9ec00df131000c0951119d7c85bd7567b,Unlocks Emote - Cry
1311599960,2e11b737713d7da5f376d8ca6f523aef98fb1699d68b3552ff9d701fd656adf4,Swim across the pool and head to the finish gate
1311602900,cd468ed9c88bc3bc6d8494a18f1adc44db8ea8bc5f317bfebea978fe48495628,"So, Irisalis chose to slumber within the Vein, using her own roots to nurture and help it recover.
Every ten years, when the Vein energy falls to its lowest ebb and color once again nears exhaustion, she awakens.
When that time comes, she offers color to the land once more, replenishing the Energy lost from the Vein.
Afterward, she is drained again and falls back into slumber..."
1311623730,3aa31a9f9a74dfd66bbda1be45e0510b8256869381fa21e5750f7268cd01447d,Title (Placeholder) Text
1709528269,3aa31a9f9a74dfd66bbda1be45e0510b8256869381fa21e5750f7268cd01447d,Title (Placeholder) Text
1885704387,3aa31a9f9a74dfd66bbda1be45e0510b8256869381fa21e5750f7268cd01447d,Title (Placeholder) Text
1311634427,9311f72607874d32bce06f8c7503d00f521e4d78b7c5f27bf9f508c9754e4957,Fentuft Joy Officer
1345738849,9311f72607874d32bce06f8c7503d00f521e4d78b7c5f27bf9f508c9754e4957,Fentuft Joy Officer
1875381091,9311f72607874d32bce06f8c7503d00f521e4d78b7c5f27bf9f508c9754e4957,Fentuft Joy Officer
1311657549,15a3b8676c446b8113bb5b19d00cd688b075de429170347b9abb32eb274c263e,Charge Into Battle!
1311662499,f39c41aed383ce55eb90187b629f99798023ee7e69b6bcb42508083b4d594625,"Catch different Aniimo in Mistwoods to increase your <style=Hint_BgL>Area Catch Completion</style>, <style=Hint_BgL>defeat Alphas</style>, and <style=Hint_BgL>collect Lumin Amber</style> to earn the matching badges.

Switch between <style=Hint_BgL><color=#5090df><link=""source_796""><u>day and night</u></link></color>, or wait for the weather to change, to discover more Aniimo.</style>"
1311667435,b0675b18f88996d360d649502d09f8d0f3af5585c1d55cf5cc9010b730dcba09,Lumin Collection: Pillar Jump
1311668271,2e09c947e5105de29b1dcb2511fcc68a36493db13d5c62b3552407acb20ae5c5,Magical ATK
1795115902,2e09c947e5105de29b1dcb2511fcc68a36493db13d5c62b3552407acb20ae5c5,Magical ATK
1311680349,2ef9adcff21cf88fb3d6b5c2895cc1230383b61874a334f82a409e523442474c,Content Details (Placeholder) Content Details Content Details Content Details Content Details Content Details Content Details Content Details Content Details Content Details Content Details
1474031962,2ef9adcff21cf88fb3d6b5c2895cc1230383b61874a334f82a409e523442474c,Content Details (Placeholder) Content Details Content Details Content Details Content Details Content Details Content Details Content Details Content Details Content Details Content Details
1311681127,006ecbc56603ff16378865f50bf2976e39c24e1f6ceff26f7883d5b4bf626900,"Woof! Woof! This scent... is it you? I-I haven't forgotten my promise with the bone, I will become the strongest Scorchhowl! It's j-just that I still have debts to repay..."
1311718611,44d1982aa7088bd59da6df5f3575877ffdff30591220ec0ad82362f71edde322,Yep...
1311721454,05bc4119f81d8338ecd7f4d1c7e702b89779746f78e3a081ffd0c6a12ebc6a68,Clank! Clank! Clank! (It raised its head)
1311730005,19671888d756a2b859a0e01b28b8c5a616f5d0dfed95793cbf812bdc9eb0dbf2,"Obtain the <style=Hint_BgL>Area Bronze Badge</style> to <style=Hint_BgL>nurture the ecosystem</style> at the area’s <link=""appearHelp_118""><color=#5090df><u>Bloom</u></color></link> and attract <style=Hint_BgL>large numbers of Aniimo</style>."
1311732605,140ae2fcfd8b32c674e76aa9129485c44eba8633f4a675004091ea95181e7267,How strange... The road suddenly gets blocked right here.
1311737995,b870b1b48724de514d08b9c2a633a26d96a5a7397440c783c055a1fd55460120,Sold
1311757596,4cd2f0329ed78eda7333986b5f5417eae8544ec936f2428a9487059c23bced8f,Say goodbye to the lotus leaf hat and embrace the joy of evolution.
1404708323,4cd2f0329ed78eda7333986b5f5417eae8544ec936f2428a9487059c23bced8f,Say goodbye to the lotus leaf hat and embrace the joy of evolution.
1819588824,4cd2f0329ed78eda7333986b5f5417eae8544ec936f2428a9487059c23bced8f,Say goodbye to the lotus leaf hat and embrace the joy of evolution.
1311779141,cfdb52b7f1d21726e475e49e7c0e1224d3343c67b606aa20778d4cf21782588d,Unlocks upon obtaining the Silver Badge for this region
1311795031,4052ca20f4d3eff4210e027cc5fca3065ef94686f0e277154dc73f76e431255c,Heavily Overloaded
1311818341,42cf39db4e279d7b86faba48355ecb33ed89083d18c57f8318cd8a0a582b6f42,Confirm and Enter
1311857504,821ed2ec012e56a18f6d2db2f62964403e6ef9a19a3481eb1b66b2e5fdd648c8,Low HP Shield Stage
1311858169,21e2e7f715c516d5be596532ca47eaf89d8b7aed1750d383aa26e85c5834caca,Remnant Spirit Catalysis
1311860465,fe79cd443fff27adefe5555bb55b328acd1bf6563dff002dba021e6648a4922f,What’s wrong with the weather?
1311865331,028e3cd985a9cf7b57fcf9226241d669b93625327b7bdcff5a2e3d0576ad1a99,Berry Chocolate Coconut Pudding
1311865966,6b3b5ff488c90e06b29fcdd3ca5c0f6ffea8760175e780e629b24904c6caa1ae,Small Bounce Mushroom (Single Leaf)
1311876661,8e5489904ef34fbb389a5547b4f40dec9f702fef8c22ae49be5fcaecec222956,"When your RV reaches <style=Hint_BgL>level 5</style>, you’ll be able to purchase this plot.
Clear all debris from this plot to receive <link=""item_4001064""><style=Hint_BgL><u>Wood Block</u></style></link> *<style=Hint_BgL>2,520</style> and <link=""item_4001065""><style=Hint_BgL><u>Mineral Sand</u></style></link> *<style=Hint_BgL>1,368</style>."
1311899768,0d732615f1005018f44f2a105f0036bcc6fd55efbb37d8d7cc31aaef404772f4,Shining Sherro Egg
1311918141,7d6e0cd1c813f2ad6d95765911395bf3e4ebae6fcfff80e4d3b5d1c8ece582b2,How to Leave a Team
1335251571,7d6e0cd1c813f2ad6d95765911395bf3e4ebae6fcfff80e4d3b5d1c8ece582b2,How to Leave a Team
1311932995,8dd04b1409543aeba76a4bccec1d69f6b0cac0bd51007415fb3a6c0a49ef56a0,"After you catch an Aniimo for the <style=Hint_BgL>first time</style>, its <style=Hint_BgL>Aniilog</style> entry will be unlocked. You can use the Aniilog to learn more about its <style=Hint_BgL>Field Notes</style>.
press a Field Notes entry to <style=Hint_BgL>view clues</style>. Some entries can also <style=Hint_BgL>track the target's location</style>."
1311951120,e27db76199135bb771fcec5f13e66d5cfaa60441a3077f738c005e68ae6e2ee0,"I had a dream about a lovely song, but I couldn’t remember it when I woke up... Maybe listening to them sing can help me remember."
1506335531,e27db76199135bb771fcec5f13e66d5cfaa60441a3077f738c005e68ae6e2ee0,"I had a dream about a lovely song, but I couldn’t remember it when I woke up... Maybe listening to them sing can help me remember."
1311971314,d51fe5f813abdcc9e42278fca01001f03f191c23327334b4decd43ea07a3282d,To Become the Strongest Scorchhowl
1876057785,d51fe5f813abdcc9e42278fca01001f03f191c23327334b4decd43ea07a3282d,To Become the Strongest Scorchhowl
2061173697,d51fe5f813abdcc9e42278fca01001f03f191c23327334b4decd43ea07a3282d,To Become the Strongest Scorchhowl
1311972712,90e07c97223f6fa29be831b38ed852ba059e23e046855e8218345e947b43d10b,Unleashes a flurry of homing magical petals at the target.
1312002828,83acc4640b39ddf01c13f21d9a0f699991db199557924f0cbc4b0387aba5a5a5,Low-Level Heal Chip
1375321548,83acc4640b39ddf01c13f21d9a0f699991db199557924f0cbc4b0387aba5a5a5,Low-Level Heal Chip
2136902671,83acc4640b39ddf01c13f21d9a0f699991db199557924f0cbc4b0387aba5a5a5,Low-Level Heal Chip
1312015224,a51108a39bad5c3526eafcb9bcbfb8a3215cc263f524e546e87a03826031974b,Skip Ultimate animation?
1312021961,071e55e5b39793a51398223e7c0f1fc67a79e882fc5b7d9c6e68ffd2bab9c592,Dive
1312044104,0b7bdde745c115967f723120d21008776dbc9ed58bc726094be13c22064d5977,Warm-toned solid hardwood flooring featuring distinct grain texture. It resists water and moisture and delivers a pleasant surface for paws.
1324067307,0b7bdde745c115967f723120d21008776dbc9ed58bc726094be13c22064d5977,Warm-toned solid hardwood flooring featuring distinct grain texture. It resists water and moisture and delivers a pleasant surface for paws.
1312058160,1a01b86c3b0f93c2354f6e1675fdb14229f33f16e33d18368d86c6d52823c022,"Ohhh, so these Aniimo are all just projections...
They look so real!"
1312062096,8058f0450eeea918501c6fcf2f3340f0374c7074b61f821240afe9574994ef43,I saw them too!
1312064020,f05e0855df7122192ec6da1544fbd8ef1670251d8281c0241bf3fec7074b6011,Reach RV Level 2 to unlock
1312167126,72b929a2fc9550c7c771113d30aa7d9aa106f201411242db0f64c406460774fb,"Neatly cut flat boards with clear grain, planed surfaces, and uniform dimensions."
1312173570,60acc53f13a5d1bf115878c4a785e9a43e8286c4139a8402a6ac7d23966f9153,Dark
1400715686,60acc53f13a5d1bf115878c4a785e9a43e8286c4139a8402a6ac7d23966f9153,Dark
1722175633,60acc53f13a5d1bf115878c4a785e9a43e8286c4139a8402a6ac7d23966f9153,Dark
1826602900,60acc53f13a5d1bf115878c4a785e9a43e8286c4139a8402a6ac7d23966f9153,Dark
1912633238,60acc53f13a5d1bf115878c4a785e9a43e8286c4139a8402a6ac7d23966f9153,Dark
1992427431,60acc53f13a5d1bf115878c4a785e9a43e8286c4139a8402a6ac7d23966f9153,Dark
1312183183,14184a366c503b07f88a0d2808de11a44e2817f7aabb6365006bde379e6ca1f9,Increases the level of all Aniipods by <color=#d89c28>+10</color>.
1312199775,b2ebb56d5b5da7e2807d4fae1ec309fbc1205263f5d333c88fb1774b30293b3b,Jay’s Diary
1312222741,55ecc80e07ef8987c0c7b03d6aaed9e503fdedf7d39a800366621b68f5c09d8c,"They can even invite other Pathfinders to visit those worlds, forming even more bonds along the way..."
1312236512,061b19946fea61af80d0a888368d8287db2241a6f42da81b88be5ad9c3c76742,"Lumin Crystals x1,980"
1954316421,061b19946fea61af80d0a888368d8287db2241a6f42da81b88be5ad9c3c76742,"Lumin Crystals x1,980"
1312236721,835a4c84cebcca4c2fb4526b455da84959c12308815b56c6963070bbdd1ec7d1,Where are you headed?
1312276066,fc361ba35be7cdb0a68c2a0d666c5d909ba2bfd6996d462a8ab460f6a97da4bd,BINI #9 Amplifier durability is too low!
1312338004,867de7135d4731f30076a5a09bc3f1efaae17c3e8b5d029a92778a362aca2bb0,"A weekly reward from the Stamp Rush event, awarded to Pathfinders who make outstanding contributions while exploring Idyll."
2084189552,867de7135d4731f30076a5a09bc3f1efaae17c3e8b5d029a92778a362aca2bb0,"A weekly reward from the Stamp Rush event, awarded to Pathfinders who make outstanding contributions while exploring Idyll."
1312364201,cece6a3cc040a9893b9193cc82265e43226048dc568686761ddccd3eb29080ff,Someone who makes you happy just by being around!
1312386847,7c237effb38f4c9df28c2b0c5924b31f603a1ced173f24a7515af4974db8ca80,"Not only have you Caught numerous Aniimo, but you've also successfully completed Twine and combat.
Even among the professionals at the academy, your Talents are exceptional."
1312389636,5ac31ab82e91f236fa304890e4c8fa54ab2467e03eab71ef15ec864b682ae8ac,Illusory Intermediate Boost Chip
1873976607,5ac31ab82e91f236fa304890e4c8fa54ab2467e03eab71ef15ec864b682ae8ac,Illusory Intermediate Boost Chip
1312422427,1d81458099b8da792298bd7997e47a5ba93b767171efb89b360149bbd192563d,"Gurulu... are you... dancing?
Not bad at all."
1312425772,f2b212bae093d120d44811b973e12c511938b3d30061e96f6037dd582ec7fb7f,Please log in first.
1312430930,3ce03f949c1989dddd5045bafa2cf0b5ba0d83d456b39e71a7b9f30c7cebce26,Equipped skills do not meet requirements
1312443615,7e9293d60d04009c03aee457aff8e5a60eaf7f2c3e9cf95d71850ce97133dbee,Which of the following <style=Hint_BgD>cannot give you Irisalis</style>?
1511551400,7e9293d60d04009c03aee457aff8e5a60eaf7f2c3e9cf95d71850ce97133dbee,Which of the following <style=Hint_BgD>cannot give you Irisalis</style>?
1312459942,881d3a6270404e7f45f8239b3c39c6954a79baf53cca749e76c170c8f45e8f9a,Press Get.
1342039658,881d3a6270404e7f45f8239b3c39c6954a79baf53cca749e76c170c8f45e8f9a,Press Get.
1312485110,9a99b60d4e992dd48e2c2624ecd86f11c7f1271b6f393b86b0d6766c14e305a7,An ornament for your Home.
1861512781,9a99b60d4e992dd48e2c2624ecd86f11c7f1271b6f393b86b0d6766c14e305a7,An ornament for your Home.
1312496118,23fd7b7c90225e8212f8824a8d859611fb890ba44266778694de265374c554ca,Trigger Remote Communication Dialogue (Middle)
1347704221,23fd7b7c90225e8212f8824a8d859611fb890ba44266778694de265374c554ca,Trigger Remote Communication Dialogue (Middle)
1614556673,23fd7b7c90225e8212f8824a8d859611fb890ba44266778694de265374c554ca,Trigger Remote Communication Dialogue (Middle)
1696359322,23fd7b7c90225e8212f8824a8d859611fb890ba44266778694de265374c554ca,Trigger Remote Communication Dialogue (Middle)
1836127712,23fd7b7c90225e8212f8824a8d859611fb890ba44266778694de265374c554ca,Trigger Remote Communication Dialogue (Middle)
1312520897,ab7f556c6062f3a905f26d8a6c91ed3eef6f2ec20e91e571ca10cffada661f9d,<color=#5090df>%s</color> can’t stop sneezing after inhaling dust.
1312524277,963aec8052bdb471d9ec6873eefeefd6292339e6c41ba4d88a8a877956473a49,"Dad... when I grow into a mighty Helgon, and my Helmut friend becomes a brave Pawney, we’ll come back!"
1312540202,8a2261f7b510277c09f066df7c712cb752f15e1970938561e3118a74229a9f2d,It seems we need more Aniimo weight to fully depress the switch...
1312564481,0ff494ba056bffee7da7809b363aacd946d9ceac892b6672312e72a9a4b3f4ea,Cast the skill again to stop gliding.
1312610678,ffa58bab480418266f68b84ca11b64745379e60db70e6e1daca526282e10ae04,Iris - Deep Purple Effect
1312676029,bf90f6c0c2474e361bc21ea495da119a8174e2e00ff046617dbf316e815084c2,Prismana Fulmintis (Egg)
1312677740,6b838b4b4bc1ebc5f667ad44586cf6a8d6138acd1f200ce8c7fa26b71c403912,Golden Chain Tree
1968763270,6b838b4b4bc1ebc5f667ad44586cf6a8d6138acd1f200ce8c7fa26b71c403912,Golden Chain Tree
1312680105,f09ce596ec9c114e44e7d7c7a7a4d44b16a6b74aa4927712447cba987b7743e3,"A precious material found in the Mistwoods, full of a distinct fragrance unique to life itself. One of the important ingredients for crafting the legendary incense offered to Aeon."
1312712168,462ce86631682e26d19e60603e0b9b236f1b48acc0cab331d9c3fb3c583d2bdd,Act Seven: Astra’s Festival Season
1312734302,2acd18da37536f850527b51f7cb315471ce43749e9b3115f834661ede72e8d32,Logan
1465966104,2acd18da37536f850527b51f7cb315471ce43749e9b3115f834661ede72e8d32,Logan
1669707221,2acd18da37536f850527b51f7cb315471ce43749e9b3115f834661ede72e8d32,Logan
2145918153,2acd18da37536f850527b51f7cb315471ce43749e9b3115f834661ede72e8d32,Logan
1312771430,ca113ad2fc0535c0c8279f80938e0b40c932e46b767504ce642b1bdbee28c233,The Helmuts seem to be having some kind of Match
1312795108,c007c2974525c0e68f7b80f6cbb3cd7512889642995f75149fd954590310a052,Ella
1312810660,8212f478bcc6878cdd8bf5b605afaad3bfae7feb3598f9b223d82fe4dcc84b8c,DMG Reduction Level 4
1477287685,8212f478bcc6878cdd8bf5b605afaad3bfae7feb3598f9b223d82fe4dcc84b8c,DMG Reduction Level 4
1963533754,8212f478bcc6878cdd8bf5b605afaad3bfae7feb3598f9b223d82fe4dcc84b8c,DMG Reduction Level 4
1312847284,8d1c452ed66d82947fa30974122a2bedde44f015378290ce5d6a836c67b9db8c,Shaking its head with its tongue sticking out... rude!
1312850648,69025b8d55eae422df93f4b7fc12a6675174ac0441fe32019239631938a60395,You think you’re an Emberpup now? You’re outside my tracker’s range—get back here!
1312858084,2a58ded98ef1be981b60180c369b1d731699e78631c4f587aed3ad26d86f6c99,Pupils 16
1312896163,69446e8774597804de3bb16063e1ff4bc8be3ceaa9476dc01bdcfa91ca172f47,No problem. But where do I go?
1312899658,ed3a29d905966269fbd4b35b8ade4970600b8b0922e30ea954dcfc0b1685927d,The Day of the Bloom Festival
1312927117,d5b617e5ef1cd1bbccc23112e6f33645e6cc9e065eefe4ff61088b927e91707d,Violet-hued grape juice reflecting a subtle crimson sheen. Beneath the deep fruit aroma lies a delicate trace of herbal tone.
1312933996,9253657a30e1b5f597994091bc74d394e86cbd4eaec55dc274495973edd6b12f,Flying Bubbles
1312949806,ab85ee78775db376c315396327799f23d4a0d6c9e6490168ad880e4b3dc4b211,See the little Emberpups over there? They’re always circling around that <style=Hint_BgD>Flameruff</style>.
1312985712,63f6d6a5d5b612061b44a3d49701fe6dd221f0486685be7792206ed4cc981d85,Go Redeem
1312995842,758cceca6ced48486ec594b1a1bff265fd56e698a845a9148895e1e104fed5b3,Anii-lytics Restoration
1523468871,758cceca6ced48486ec594b1a1bff265fd56e698a845a9148895e1e104fed5b3,Anii-lytics Restoration
1312997852,29752e86967b21da6c819002fea5e5c9fc10137b4296a5271b1d271fe76308c6,"There should be <style=Hint_BgD>six different forms</style> of Irises, right? I remember seeing six Irises of different colors around the old man when I was little, and maybe there was also an Irisal? I can’t remember..."
1313008239,de941967095c2f5aef81196d52745f7aeb3fba2bc97f2a58654a8e5d66c40551,Ta-la-poo!
1313042291,f8f29e296fad65467dc34130b93a9914bc09e34f685ec990130805a804cce41c,You still don’t have the <style=Hint_BgD>Grade I Trailblazer</style> title? My brother says you’re not qualified to be a lab assistant. Come back after observing a few more forms!
1313055461,040bfe06dd3a0f77a6910e3c8176de79c397b0ba45c36133097b2d9ef60705be,"<link=""item_4040028""><style=Hint_BgL><u>Phonolfactory Table</u></style></link> in your Home has unlocked a new recipe: <link=""item_4020076""><style=Hint_BgL><u>Premium Soap</u></style></link>."
1313078676,4dcb71f5bfeb57f690a9df36a6b7872e5d60674acecb042d4719bc602bf9d210,No!
1313092600,fd053ece55f4bbb5dd4826a1a221bd13ad0596cfa3003bdd97b948ee8a2a828a,Bouncy Brew Keg (Level 1)
1852717160,fd053ece55f4bbb5dd4826a1a221bd13ad0596cfa3003bdd97b948ee8a2a828a,Bouncy Brew Keg (Level 1)
1313094097,e1fb7ceb539fb81447aeae42df3787a283e83b28a29da2e60fac2fb3f37dd2c6,Dear {0}
1313120109,008e2839663ec632d6ef8cae59a4fee17fbabfb9f7d3f210f3bf6a14f2345d2c,This feature is not currently supported.
1313123268,f74ef822bf0a6261bcea3f2621be17646e89dd18a11ce8480dfc1c87982f2187,Edit Sticker
1595347724,f74ef822bf0a6261bcea3f2621be17646e89dd18a11ce8480dfc1c87982f2187,Edit Sticker
1313134884,3664895579f0a7e68c4aa09c91316e20239bc74499010e6423ece40cad7c28f7,Export
1841127582,3664895579f0a7e68c4aa09c91316e20239bc74499010e6423ece40cad7c28f7,Export
1313171865,e0ae41b7a03c7f3bdd73e6753504fb996916dd1f54c731d5d90e1de602df25f5,Stroll down the autumn lane and let your thoughts drift away like falling leaves.
1313179166,768e5397b2dd01d1135605ffa8bf9bb76c29e247ffe6e36690cd5eb849659761,Dynamic Pupils 3
1313204345,f7ea1321abe4b9371fa85baafb1ee5caac8743e56b7345c90244dd56a52b7ad3,Owned Sparkling Aniimo Families
1313212026,7898c42c811aaf40d084fb594300beb768a7e3e04f6908876d0acfa511380790,"Peculiar plants nurtured by the Vein, they have hydrangea-like clustered blooms, each flower has a unique color."
1436205862,7898c42c811aaf40d084fb594300beb768a7e3e04f6908876d0acfa511380790,"Peculiar plants nurtured by the Vein, they have hydrangea-like clustered blooms, each flower has a unique color."
1313217108,5336e8f7ac0abcc7e8e45caf5454242a2d2c00852771e5dda0141574c1b38577,"Use the current test DB without restarting the server (if this option is not set, you will need to modify the conf.json configuration and restart the server)"
1313219278,b60fe30f3973caedd85481de2ee3778884c6815deaecbfa85ae0b1e8a70e3046,Scorchhowl will understand that someday. Then it won’t worry about stuff like this anymore!
1313251488,c44c9b5ef92c61f1b022f3d186ec7e2b3559c51679ed9244ef352651c8c26fd1,Go to your Home to join the <style=Hint_BgL>Harvest Gathering</style>?
1313295928,aa3d203f3a1476f0dbfc9c5a2671e6e26064e0d7756e742c12baaa7532caa86c,My grandpa’s grandpa said this path leads out of our home. Only Pebblings with enough strength can get through!
1313310094,af85d1265031ad72a942c1f75b9d40a358a9a93e4c44e9af5d1916eb9544090c,Working with Aniimo celebrities to promote our products has been a huge hit! Products are flying off the shelves and the warehouse needs urgent restocking!
1313310782,0a8e7718cd4a2b50504a4e899688af74ff0018f64bd902a97fe8df64b1b98258,"A house custom-made for Dewies. Every early morning, the industrious birds leave behind sweet nectar."
1700073950,0a8e7718cd4a2b50504a4e899688af74ff0018f64bd902a97fe8df64b1b98258,"A house custom-made for Dewies. Every early morning, the industrious birds leave behind sweet nectar."
1313341013,1f6e157b66a69371c01ec392ac5321cc287786fe498ec59744388af62c0dc16e,Home Orders
1342594354,1f6e157b66a69371c01ec392ac5321cc287786fe498ec59744388af62c0dc16e,Home Orders
1554149396,1f6e157b66a69371c01ec392ac5321cc287786fe498ec59744388af62c0dc16e,Home Orders
1597223168,1f6e157b66a69371c01ec392ac5321cc287786fe498ec59744388af62c0dc16e,Home Orders
1688238517,1f6e157b66a69371c01ec392ac5321cc287786fe498ec59744388af62c0dc16e,Home Orders
1867191272,1f6e157b66a69371c01ec392ac5321cc287786fe498ec59744388af62c0dc16e,Home Orders
2067650316,1f6e157b66a69371c01ec392ac5321cc287786fe498ec59744388af62c0dc16e,Home Orders
2100784917,1f6e157b66a69371c01ec392ac5321cc287786fe498ec59744388af62c0dc16e,Home Orders
1313345073,3e25c2bdea156442fc0ef6fca0f682561b16dadb1d38e0a7017f284056bab616,Go! Let that first bolt of lightning announce the storm!
1313345964,58b324ab2d5b047b57e0834e48995e1e6fb49a35b21318e1b98194a70f5e4705,"Gather power in your tail, then unleash a ferocious tail swipe to strike nearby foes, freezing them for {0}s."
1313384525,709c8f034d00e140d1e1eb1541c753e986bde0ce9949ab7ac4f63bc1255b0c5a,"Loulla does have a rather flamboyant personality, but she’s dependable when serious work is involved.
She’s the right person to host this crucial exam. Meet her at Berylline Vale in the evening."
1313440063,d79fae60b558cbf2cc0a566dfcfb869ab58ce2c508a2cd7cd33b2e8dfff64805,Can I take a look?
1313447166,ddcb9211f6c0959216c1fd9d311e8237380d870c6957d8b5a9400d80642f6d42,"In the beginning, his daughter would worry whether he’d been injured in battle and if that was why he hadn’t come home. But later, she got used to it."
1313447382,7801078457bb57260332e2989694cb794116ef6168b0771442035f2e2b3029f6,Aniimo Wild Surge in progress
1313456962,edd1885681f3c743d17f55e059998fab9d6c13c4b64732115aa30f0059876ab7,Result Announcement
1408043515,edd1885681f3c743d17f55e059998fab9d6c13c4b64732115aa30f0059876ab7,Result Announcement
1313468326,24571c8345af103741f34455f2b71a2fbec8118417ec44fa4d4719cb3ba3b2c8,"Yeah, when he showed his true identity, it happened in a flash...
Could it be the same strange trick he used to disappear?"
1313487079,7c1d163564c12550fca8e9781f3a04b7fab8c21164a6ff7593cb6d9a56edb337,Obtained by purchasing the Monthly Pass in the shop.
1313518722,d24112f90ae52fb0bca59bf2eebb549e147fb864ff105fbc9f48a6e1096a8c60,Salabula! Bulala!
1313564711,154395a4c5828a09519077e4a5461aab3a19a415bed3a2aa067a6c2e4303d596,"Moondews symbolize pride and elegance. Compared to duskwhispers, moondews are more slender and graceful. Beneath the dim night sky, their petals have a cool, moon-haloed sheen."
1313571907,57c0a32148f0409aecaa1bc2449d62f87e80c7b9292db2d28bf3bb3162bc2b0c,"The terrain here seems odd, search around and see if you can find something hidden!"
1313581429,63a43c32c910cce51108292fb994f67c931f8b2eb06d1e31fcb54383bcfa7133,Fiery Charge
1313601773,6ddab95dc70415d9dbae6bb262a3b0be7d3b705593ed98be9fc99591a7e3c8fa,Invest
1694005143,6ddab95dc70415d9dbae6bb262a3b0be7d3b705593ed98be9fc99591a7e3c8fa,Invest
1758235302,6ddab95dc70415d9dbae6bb262a3b0be7d3b705593ed98be9fc99591a7e3c8fa,Invest
2014359549,6ddab95dc70415d9dbae6bb262a3b0be7d3b705593ed98be9fc99591a7e3c8fa,Invest
2144461159,6ddab95dc70415d9dbae6bb262a3b0be7d3b705593ed98be9fc99591a7e3c8fa,Invest