1726250696,bfd6934c2f9adb6f34dcae6b87c96c247c11c9c7331860e329324f07655f7201,A Training Style that grants buffs while you have a shield.
1726268493,7817b59098efa5ac915cd0a37bd0252d0228fd605625dd0d8650574fe97b1a58,Option text Option text Option text Option text Option text Option text
1726277553,8a29e32902d1e51f9849c9ac23fa7a08a21b8eac00c822f366fa9538f0d2aa7c,"Can be used on an Aniimo with unlocked Prismana Form in the Whisperwake Isles to toggle it into its <style=Hint_BgL>Prismana</style> variant. Keeps the Aniimo’s Innate Potentials, traits, and personality."
1726308504,6ee618ed20a9129dedda860905b724dfdab13978935188b7dc123c59b77eceac,Drill Aborted
1726311402,e9edc579d4d2412cc0e5ad147923ab98297ebe347a7630c26714c4e3ac723673,Your photography skills are top-notch!
1783488406,e9edc579d4d2412cc0e5ad147923ab98297ebe347a7630c26714c4e3ac723673,Your photography skills are top-notch!
1726325365,5a913f528f9633657a42bf25cb68bc6b3d566d9d4c11d363b71c70589356d7b0,"The small pendant, woven from flexible grass leaves, has a simple yet lively design, making it durable and fun to play with."
1781718516,5a913f528f9633657a42bf25cb68bc6b3d566d9d4c11d363b71c70589356d7b0,"The small pendant, woven from flexible grass leaves, has a simple yet lively design, making it durable and fun to play with."
1726328547,827ba59b0d84f1b5834670e1b0f0467bbde2163636614a10d5f3f548d0c610aa,Monthly Pass and Path Pass amounts included
1726350622,20eef239e9558815c4224d128790c1763bcfdf41e2914263948d8dd6d02021d7,Gundam - Tower Climb
1726377558,e4c1df0f19054abe3d4a5e3de374dddaf68a2ff1e82cd1ac034f7dc6fc17693c,View Ability Tree
1726401930,04e706ea3584dd6cd7894c1fca6f83a28cbe2311c119abe34d1e0b909810eb4b,You’re still here? Did you need something?
1726410706,1a6e7c94a8e8b74fc72dd8a50273ef4d13fb262d5867503f6fa8473c9714fad9,Take a photo of a Cubbo deep in slumber
1726431115,3795e632d1c587a733c9f85aa0e18e4f2a1b08e6810953433e0d2fcbe80128e1,Check Whether Fentuft Is in Follow-Run State
1773336592,3795e632d1c587a733c9f85aa0e18e4f2a1b08e6810953433e0d2fcbe80128e1,Check Whether Fentuft Is in Follow-Run State
498261671,85242a8c4c3069aaa26fb643599c54a11c907a706c0d6291bd7d2b56ebb97ac7,Deliver Items
1726435898,85242a8c4c3069aaa26fb643599c54a11c907a706c0d6291bd7d2b56ebb97ac7,Deliver Items
1812575872,85242a8c4c3069aaa26fb643599c54a11c907a706c0d6291bd7d2b56ebb97ac7,Deliver Items
1726478875,5693e770dd678bffd158319aca27ed013d23127d2b5c21d992ee0b8998ff09ca,Next:
1726510888,40dc5c2d3b02f3bd9ae988456c925e741e82554af28ba7629b223681e633015e,Nicole is on the news too! Amazing!
1726517110,957b2122ffee95d21bdc4d5739e5c879e006e38488a9c6c1165268171ac11c9a,"Sap seeping from the trunk of the Maple Tree, crystal clear and gleaming like a ray of sunlight on an autumn morning."
1726526989,3a3d148333dc764de8b53687e101f19baba26324482f54f8f63e1bac1dc104c2,Finders keepers! It’s mine now! Hahaha!
1726543861,cc5aac2d59710256ca542892925bb72560993e0557a715b5e10d3790ddf617b2,Woodshadow Floor Mirror
2133816579,cc5aac2d59710256ca542892925bb72560993e0557a715b5e10d3790ddf617b2,Woodshadow Floor Mirror
1726559604,aab346615d225652d2b7aedb6dc036943d0c436b8084a6a44c902ab753bd19b9,Master Wangwang is Master Wangwang—you know it's him the moment you see him.
1726567059,873e96b835c09e82d23a966893e161df2d3c1db38e9095e34fb07b86d2ba8854,Tubster (Beach)
1726575018,3530900f27af7f9765fa05ef70f3ed4cb6865b0fe1fbe66142d2f5a484b887c8,The Mysterious Vendor has new stock every day! Come see what great deals are waiting for you!
1726630801,56a2300094d187577ea558699b24411490ec8cf2b21d1162aeebb7e4595b29a6,(Wait for nightfall)
1726671100,511d18d7bf0cba43247324c851ac42844607d06be932022c2d5a9df1210c39be,"Even among Aniimo, Cubbos are considered dangerous. They’re always sleepwalking, and though they look fluffy and harmless, they become violently aggressive when startled. This is one of the few relatively safe spots..."
1726685322,1cd5ad9ce415b5d09cdd36c064289dcb6d61971762eb184f71f4d56676856e0a,Tranquil Night
1726701577,13420370c2ceb39a615bc544459a49f94a6d78f243f3e580e9484636f4c9a921,"Hmm... ""Paw in paw, the Susuta couple repelled the outsider at last, drawing their hearts closer than ever."""
1726717403,3fed19d6658a58d07fafd407e71cf5931cb9c9968b2b5b778cd329fe9a32f558,Moving ice blocks is so tiring...
1726747779,df7f218d1e9fcb150a6c994f1a9c85f72300ea8245972dba9c62f0311e935122,And I’m about to become the happiest Celestis ever!
1726755953,72311713c66381d7a62540ef4e481e092fd1756001098ccd6002b6b836a8b149,Fists II
1726762551,2f1eb7e5ec2b4014329080d4e0ef6c196ef8d6c7c655d4025809b849794285aa,I can take you out there to see it!
1726765542,e59bb890329e9eaff051b201a2cfa7d9ea22d61977f4a8fc6785995e64d6cd3c,"type (leave blank or enter 0 to fully restore HP, EP, and SP; 1 = HP, 2 = EP, 3 = SP)"
1726767491,61c71d22eb0901155b2692c1ec1b7a75f567cd4c9ff3501d90348c63047521b6,Throw a Grass Storm that explodes upon hitting the target to ATK the target.
1726775105,7ede8c6632193c7fa22616303e0839afc02d7bfe1c551b3f3f74280cdf1d530c,Warmth of the Autumn Lane
270059885,ae6af24ef55eb5bcc708c247f5fa4a33165166dfcba3641056bbdd5805d4532b,Idyll Ecological Investigation
271726180,ae6af24ef55eb5bcc708c247f5fa4a33165166dfcba3641056bbdd5805d4532b,Idyll Ecological Investigation
274138162,ae6af24ef55eb5bcc708c247f5fa4a33165166dfcba3641056bbdd5805d4532b,Idyll Ecological Investigation
276273659,ae6af24ef55eb5bcc708c247f5fa4a33165166dfcba3641056bbdd5805d4532b,Idyll Ecological Investigation
281819238,ae6af24ef55eb5bcc708c247f5fa4a33165166dfcba3641056bbdd5805d4532b,Idyll Ecological Investigation
282988485,ae6af24ef55eb5bcc708c247f5fa4a33165166dfcba3641056bbdd5805d4532b,Idyll Ecological Investigation
285071291,ae6af24ef55eb5bcc708c247f5fa4a33165166dfcba3641056bbdd5805d4532b,Idyll Ecological Investigation
289283083,ae6af24ef55eb5bcc708c247f5fa4a33165166dfcba3641056bbdd5805d4532b,Idyll Ecological Investigation
294941824,ae6af24ef55eb5bcc708c247f5fa4a33165166dfcba3641056bbdd5805d4532b,Idyll Ecological Investigation
295280238,ae6af24ef55eb5bcc708c247f5fa4a33165166dfcba3641056bbdd5805d4532b,Idyll Ecological Investigation
297194053,ae6af24ef55eb5bcc708c247f5fa4a33165166dfcba3641056bbdd5805d4532b,Idyll Ecological Investigation
297776749,ae6af24ef55eb5bcc708c247f5fa4a33165166dfcba3641056bbdd5805d4532b,Idyll Ecological Investigation
301129448,ae6af24ef55eb5bcc708c247f5fa4a33165166dfcba3641056bbdd5805d4532b,Idyll Ecological Investigation
302547547,ae6af24ef55eb5bcc708c247f5fa4a33165166dfcba3641056bbdd5805d4532b,Idyll Ecological Investigation
302827388,ae6af24ef55eb5bcc708c247f5fa4a33165166dfcba3641056bbdd5805d4532b,Idyll Ecological Investigation
304662797,ae6af24ef55eb5bcc708c247f5fa4a33165166dfcba3641056bbdd5805d4532b,Idyll Ecological Investigation
305522174,ae6af24ef55eb5bcc708c247f5fa4a33165166dfcba3641056bbdd5805d4532b,Idyll Ecological Investigation
311190063,ae6af24ef55eb5bcc708c247f5fa4a33165166dfcba3641056bbdd5805d4532b,Idyll Ecological Investigation
315589079,ae6af24ef55eb5bcc708c247f5fa4a33165166dfcba3641056bbdd5805d4532b,Idyll Ecological Investigation
318703035,ae6af24ef55eb5bcc708c247f5fa4a33165166dfcba3641056bbdd5805d4532b,Idyll Ecological Investigation
319340294,ae6af24ef55eb5bcc708c247f5fa4a33165166dfcba3641056bbdd5805d4532b,Idyll Ecological Investigation
330393216,ae6af24ef55eb5bcc708c247f5fa4a33165166dfcba3641056bbdd5805d4532b,Idyll Ecological Investigation
331602961,ae6af24ef55eb5bcc708c247f5fa4a33165166dfcba3641056bbdd5805d4532b,Idyll Ecological Investigation
332257443,ae6af24ef55eb5bcc708c247f5fa4a33165166dfcba3641056bbdd5805d4532b,Idyll Ecological Investigation
337843055,ae6af24ef55eb5bcc708c247f5fa4a33165166dfcba3641056bbdd5805d4532b,Idyll Ecological Investigation
338659808,ae6af24ef55eb5bcc708c247f5fa4a33165166dfcba3641056bbdd5805d4532b,Idyll Ecological Investigation
338690400,ae6af24ef55eb5bcc708c247f5fa4a33165166dfcba3641056bbdd5805d4532b,Idyll Ecological Investigation
343137859,ae6af24ef55eb5bcc708c247f5fa4a33165166dfcba3641056bbdd5805d4532b,Idyll Ecological Investigation
347215213,ae6af24ef55eb5bcc708c247f5fa4a33165166dfcba3641056bbdd5805d4532b,Idyll Ecological Investigation
348481461,ae6af24ef55eb5bcc708c247f5fa4a33165166dfcba3641056bbdd5805d4532b,Idyll Ecological Investigation
351760823,ae6af24ef55eb5bcc708c247f5fa4a33165166dfcba3641056bbdd5805d4532b,Idyll Ecological Investigation
351807980,ae6af24ef55eb5bcc708c247f5fa4a33165166dfcba3641056bbdd5805d4532b,Idyll Ecological Investigation
352843929,ae6af24ef55eb5bcc708c247f5fa4a33165166dfcba3641056bbdd5805d4532b,Idyll Ecological Investigation
357130112,ae6af24ef55eb5bcc708c247f5fa4a33165166dfcba3641056bbdd5805d4532b,Idyll Ecological Investigation
358898353,ae6af24ef55eb5bcc708c247f5fa4a33165166dfcba3641056bbdd5805d4532b,Idyll Ecological Investigation
364047026,ae6af24ef55eb5bcc708c247f5fa4a33165166dfcba3641056bbdd5805d4532b,Idyll Ecological Investigation
375134545,ae6af24ef55eb5bcc708c247f5fa4a33165166dfcba3641056bbdd5805d4532b,Idyll Ecological Investigation
378219193,ae6af24ef55eb5bcc708c247f5fa4a33165166dfcba3641056bbdd5805d4532b,Idyll Ecological Investigation
388911908,ae6af24ef55eb5bcc708c247f5fa4a33165166dfcba3641056bbdd5805d4532b,Idyll Ecological Investigation
389085868,ae6af24ef55eb5bcc708c247f5fa4a33165166dfcba3641056bbdd5805d4532b,Idyll Ecological Investigation
396051343,ae6af24ef55eb5bcc708c247f5fa4a33165166dfcba3641056bbdd5805d4532b,Idyll Ecological Investigation
400368009,ae6af24ef55eb5bcc708c247f5fa4a33165166dfcba3641056bbdd5805d4532b,Idyll Ecological Investigation
403234921,ae6af24ef55eb5bcc708c247f5fa4a33165166dfcba3641056bbdd5805d4532b,Idyll Ecological Investigation
405731771,ae6af24ef55eb5bcc708c247f5fa4a33165166dfcba3641056bbdd5805d4532b,Idyll Ecological Investigation
406445551,ae6af24ef55eb5bcc708c247f5fa4a33165166dfcba3641056bbdd5805d4532b,Idyll Ecological Investigation
408463514,ae6af24ef55eb5bcc708c247f5fa4a33165166dfcba3641056bbdd5805d4532b,Idyll Ecological Investigation
414381641,ae6af24ef55eb5bcc708c247f5fa4a33165166dfcba3641056bbdd5805d4532b,Idyll Ecological Investigation
414898007,ae6af24ef55eb5bcc708c247f5fa4a33165166dfcba3641056bbdd5805d4532b,Idyll Ecological Investigation
415934899,ae6af24ef55eb5bcc708c247f5fa4a33165166dfcba3641056bbdd5805d4532b,Idyll Ecological Investigation
421773369,ae6af24ef55eb5bcc708c247f5fa4a33165166dfcba3641056bbdd5805d4532b,Idyll Ecological Investigation
421830420,ae6af24ef55eb5bcc708c247f5fa4a33165166dfcba3641056bbdd5805d4532b,Idyll Ecological Investigation
422409230,ae6af24ef55eb5bcc708c247f5fa4a33165166dfcba3641056bbdd5805d4532b,Idyll Ecological Investigation
424406980,ae6af24ef55eb5bcc708c247f5fa4a33165166dfcba3641056bbdd5805d4532b,Idyll Ecological Investigation
429012785,ae6af24ef55eb5bcc708c247f5fa4a33165166dfcba3641056bbdd5805d4532b,Idyll Ecological Investigation
436947427,ae6af24ef55eb5bcc708c247f5fa4a33165166dfcba3641056bbdd5805d4532b,Idyll Ecological Investigation
441955866,ae6af24ef55eb5bcc708c247f5fa4a33165166dfcba3641056bbdd5805d4532b,Idyll Ecological Investigation
446869565,ae6af24ef55eb5bcc708c247f5fa4a33165166dfcba3641056bbdd5805d4532b,Idyll Ecological Investigation
453852053,ae6af24ef55eb5bcc708c247f5fa4a33165166dfcba3641056bbdd5805d4532b,Idyll Ecological Investigation
454391071,ae6af24ef55eb5bcc708c247f5fa4a33165166dfcba3641056bbdd5805d4532b,Idyll Ecological Investigation
467840449,ae6af24ef55eb5bcc708c247f5fa4a33165166dfcba3641056bbdd5805d4532b,Idyll Ecological Investigation
469572007,ae6af24ef55eb5bcc708c247f5fa4a33165166dfcba3641056bbdd5805d4532b,Idyll Ecological Investigation
475879285,ae6af24ef55eb5bcc708c247f5fa4a33165166dfcba3641056bbdd5805d4532b,Idyll Ecological Investigation
482422377,ae6af24ef55eb5bcc708c247f5fa4a33165166dfcba3641056bbdd5805d4532b,Idyll Ecological Investigation
485341492,ae6af24ef55eb5bcc708c247f5fa4a33165166dfcba3641056bbdd5805d4532b,Idyll Ecological Investigation
492566066,ae6af24ef55eb5bcc708c247f5fa4a33165166dfcba3641056bbdd5805d4532b,Idyll Ecological Investigation
492603900,ae6af24ef55eb5bcc708c247f5fa4a33165166dfcba3641056bbdd5805d4532b,Idyll Ecological Investigation
497395638,ae6af24ef55eb5bcc708c247f5fa4a33165166dfcba3641056bbdd5805d4532b,Idyll Ecological Investigation
497662972,ae6af24ef55eb5bcc708c247f5fa4a33165166dfcba3641056bbdd5805d4532b,Idyll Ecological Investigation
498769154,ae6af24ef55eb5bcc708c247f5fa4a33165166dfcba3641056bbdd5805d4532b,Idyll Ecological Investigation
502359882,ae6af24ef55eb5bcc708c247f5fa4a33165166dfcba3641056bbdd5805d4532b,Idyll Ecological Investigation
505358722,ae6af24ef55eb5bcc708c247f5fa4a33165166dfcba3641056bbdd5805d4532b,Idyll Ecological Investigation
509812590,ae6af24ef55eb5bcc708c247f5fa4a33165166dfcba3641056bbdd5805d4532b,Idyll Ecological Investigation
510855119,ae6af24ef55eb5bcc708c247f5fa4a33165166dfcba3641056bbdd5805d4532b,Idyll Ecological Investigation
522711054,ae6af24ef55eb5bcc708c247f5fa4a33165166dfcba3641056bbdd5805d4532b,Idyll Ecological Investigation
527064706,ae6af24ef55eb5bcc708c247f5fa4a33165166dfcba3641056bbdd5805d4532b,Idyll Ecological Investigation
532411599,ae6af24ef55eb5bcc708c247f5fa4a33165166dfcba3641056bbdd5805d4532b,Idyll Ecological Investigation
532688181,ae6af24ef55eb5bcc708c247f5fa4a33165166dfcba3641056bbdd5805d4532b,Idyll Ecological Investigation
533046070,ae6af24ef55eb5bcc708c247f5fa4a33165166dfcba3641056bbdd5805d4532b,Idyll Ecological Investigation
533451147,ae6af24ef55eb5bcc708c247f5fa4a33165166dfcba3641056bbdd5805d4532b,Idyll Ecological Investigation
535084860,ae6af24ef55eb5bcc708c247f5fa4a33165166dfcba3641056bbdd5805d4532b,Idyll Ecological Investigation
1726776698,ae6af24ef55eb5bcc708c247f5fa4a33165166dfcba3641056bbdd5805d4532b,Idyll Ecological Investigation
2063884958,ae6af24ef55eb5bcc708c247f5fa4a33165166dfcba3641056bbdd5805d4532b,Idyll Ecological Investigation
1726869006,8c739a2069a9dc6b44b34c01b41e3450762ddefb6468776df57e05baaa59bb73,What's wrong? Are you still feeling unwell?
1726887910,517bfd281f27908948a0d7b50ad62ef4ec350a77884468a920ce13e1130953de,Use the mechanism to replenish Ultimate Points!
1726901233,13fdfbbb9c1ee841111d568328389354490aa80ed61a0c026fc273b1b5593959,Yes! Light as the wind~
1726929440,5f9008d8d994baaed00e149b7a79a36859a44828e3e5924103879fd04ec0f6e5,Colorless Dream - Echoback
1726929595,c21f34440d445e56553daf64ffc594ea9f8ffda392e1def2a468d81b1b399197,Don’t worry! Once I’ve fought my own battle... I’ll come back and tell you everything!
1726931113,345d679d4574ee385dc06e3421081e84f6555ac0380f8238f7d98d6af55822ea,Craft EXP Items
1726941105,400dc74e2ff04fc30f36bd36431c8bd4847fc021f767ff997a001e1d07f237d1,Use to <style=Hint_BgL>instantly complete the current Aniimo work cycle</style>.
1726974128,58a10e27db63f119d19081055ea8f7f4198bf6529fda00c8499535af883328c1,Skyborne Egg
1726993529,8e10211b48bf907b7b8129503e3ba0db8d8247b92784a4219635edb16d179d7d,Is that really a tradition...?
1727032368,60a3a954f31343cadf5430cbc0557d8a4f9008f6f797568e30d0d13ddff6245b,"Keep using ice skills on the <style=Hint_BgL>floating ice</style> and create more <style=Hint_BgL>floating ice</style>, and get across the water to get to the finish gate."
1727095435,c32b566549786aa278be4da3c89f94d3d4afe90d348381c098c38cf5a4bec412,That should be... What are you trying to do?
1727099993,0015f634784e911ece42b45b96ebbe399d06bcfbcbdd880fb810dee6c1441ff3,Flowers?
1727136208,bb313fb28a196f024f23eac6163c2372e7abd0bca1490cfff6a75dc691cbe85d,Little Blanket
1907382521,bb313fb28a196f024f23eac6163c2372e7abd0bca1490cfff6a75dc691cbe85d,Little Blanket
2000187888,bb313fb28a196f024f23eac6163c2372e7abd0bca1490cfff6a75dc691cbe85d,Little Blanket
1727145451,8a29fb16c5cb314c9bcf31d1cd6e5b1263ae51afa853b9e969d809c498ce23c0,Maybe it’s been too long...
1727177185,1ce79444b101f5bc063a3f55981e19803f5a68ce80dd6249fb50f83fdab5e1af,Simple Stone Sarcophagus
1727204040,4777bdb7329b911572877aeeeca6c81d3a53e4b85efa1db6e5a340c49c599ce2,Rough Stone Stairs
2039463577,4777bdb7329b911572877aeeeca6c81d3a53e4b85efa1db6e5a340c49c599ce2,Rough Stone Stairs
1727338985,d458787dc6204f24d8c9c36f52450572eddf4b32cd01cf0c1aa4c10db510dd84,"Alright, pocket your reward and go write your own adventure story. There’s still so much of Idyll waiting to be discovered.
Of course, do remember to stay safe."
1727400447,b799d28b9dcc535f1303cc976b8f64e8f0c7c7ef0d6326f5c629d2c61031b8a4,"#playerName#, you’ve made great progress in your mandatory elite training.
The ""<style=Hint_BgD>Trailblazer</style>"" title is almost within reach."
1727409744,6d6a7ee0c79a4873cb69dbc6f754e3aded3b70c6b19bb51f697c818a4169d79c,(Feels nice!)
1727413881,01291723057c97f05859c2e6bb03b73a634d230cf1a55660fe1f5a81f5b3a4c8,Postcard
1829809689,01291723057c97f05859c2e6bb03b73a634d230cf1a55660fe1f5a81f5b3a4c8,Postcard
1727440019,831b6cf0b7e99b3b6174e94d350454926889b721f01782f4b9210611e90373da,Own 1 Sparkling Prismana Cornet.
1727456710,20c82c73ab62e2fc6edbe67e5d280c45b2bbb29baf4e92e489c10ff034ccea52,Mood Killer?
402137809,81707cc5eec6af6ed98289246bb686c86128e3d94fa7daefbbb55d256843ed9b,Clear 15 sanctums
1727460889,81707cc5eec6af6ed98289246bb686c86128e3d94fa7daefbbb55d256843ed9b,Clear 15 sanctums
1727481241,5c84b45180c1c8bf906f8de8109f023bf5ec412b4f4ab14a8a5f233d47b2a2d0,B - Report an Aniimo catch and unlock its research entry
1727509131,8fff4f88199dd1c26c74bf29b9ed2b66269ac96dcaa6bbe93c574dfd47693868,You’ve been muted and cannot use voice chat for now.
1727527871,eb25ede23e75985188ce10af333aea4b0682561ae6ab4980555f6650e6da2f8d,Glasses
1727532039,40250a7c764ed1d36a16937f45e6bd08223ee5ce40eb635ebb38de6c4bf4fce4,Furniture Blueprint: Golden Legend - Throne
1727557021,bc5e60dbac3cbe2fe0b8f9996bd8bc315dd558bd239d7ae4c65fbfeba4448046,Growing Vine_10m_Downward
1727567082,aae024742cad837de4a8e2aa847c20d6c17fc282c0bc367ac40d7d0e104f9597,"Only in your hand, you've been clutching this <style=Hint_BgD>Ancestor Prism</style>..."
1727601369,9bb5540c6e02399cf0e7b00dcd0adb5ad3aabd422fcab992649f81691a57a90b,"Chance to obtain an intermediate unit that significantly increases defense against <style=Hint_BgL>targets on Chaos and Nightmare difficulties or lower</style>.
With a chip installed, <style=Hint_BgL>further improves its capabilities</style>."
1727603566,84c2d3e164e14690958be96d0333b562d583ec5f74c4b0f35f4195e91ef1913e,Affinity must reach Lv. %s.
1727621792,8500b01c48bd9757bd335b850f3a4553e66cebc5635d13e4f8037929331715fd,"Perhaps by cutting off the Wind fan’s Lightning, we can get the Chest."
1727628019,ed77da3f5ed099abc9968f3430e871e932746ba97ae1b44ff554601d90191cbe,Exp +500
1727678747,411ca8ed6077af6dc74c105cdc5a742895ef3a1f9ff63fdb381b170ebcd593c0,I can only... try... falling asleep... physically...
1727771960,01690421ac071646f2ed6f09cec0512a72d4c812a53c7afddd8353016b7cc671,Dyeable
1727822352,a9ab26066fd9e430547ed7b37891c5b2ffc470f813e5d9990ca209e34dc21456,"Oh, I’m not thanking the Polaris Institute because of this year’s assessment.
Remember when you looked it up? At last year’s show, I only got two votes..."
1727822708,1f391b5c0f3895c507a6cfc49e92f0c2074c90b84b85264fbe52d1cc96499311,Be serious!
1727853683,291c837213125d9ff97583bc64141a5cbab948db8973696265dc395d769df0cf,Profile Background Test
1727859428,27df7a7e87ed8a43ed304cdac5a59e9aaac12a382a5281030be56dcdcef76f6d,All the lost parts of the spirit have returned!
1727864069,707eab0c23ecbf6e5382ba61a346bc76aefee81303280fc0e08e59df18afbf8a,Button
1727919355,7344204a2bd67de9966ddb920b474ac109b394104b1e48b5fceaf1277a69b9ca,Blur Range
1727923185,25e8257ee54b6fc0147c44bd55bcb5f538c6524ef23db6b5a2d52b3ef1ccd4f3,Delete an item Dismantle history entry by operation ID (for live ops cleanup)
1727942657,6e0f091bc8caac4a8a80df35c569093ef7af211b11edc34a3d4ea4481311a068,Let flame carve the way ahead.
1727969931,89375341a941046cfc2e1bd479277ec79b5c664b448181105156400a48f50bdf,The actorId of the AI unit to restore
1727982605,62cfdd08b935924cffc1a7eef525b8e9740c2b32c4ce019587c2e8fb3a29cf4d,SFX
1727986305,ec449248b21ce57196052ce3caff087473071a61fa9241d34805f34dee93ca63,"I understand, Principal.
Thank you for your gift—I'll treasure it."
1728026759,581c27c2399b0795e86050555399c8ea2c6be39e26adf9c0721835a50aee3c68,Our castle is indestructible!
1728043839,d8cc8af971260b9561f52743b5aeaf819c357ea7267a06dc09634b7d6ac844e2,"Sigh... If I hadn’t been working for 12 hours straight, I definitely could’ve won..."
1931799637,d8cc8af971260b9561f52743b5aeaf819c357ea7267a06dc09634b7d6ac844e2,"Sigh... If I hadn’t been working for 12 hours straight, I definitely could’ve won..."
1728091034,12aff323fbf03f5a8d5d491613e7b1e6b291be05b136c34a37b5b122eddd34f7,"If you wanna sing, go battle it out on MiMo!"
1728131974,1c9215b4fdd4aa5cef66819446079fe1d96881d1990704fa211d6524caf9e413,Press #kRaw/GamepadButtonNorth#z to enter the [<style=Hint_BgL>Aniimo Training</style>] screen.
1728164380,3b4790fbc9aaa3e0aabff9614c9666d8d0c5f607fedcfb815dfe91abe067912f,"Nom, nom, nom... Delicious."
1728175387,5e9b23ccb729f48107708abb183e104a4ebfbfc0ebcf15f7baeaac8125f5a987,Area{0}
1728185362,2a9eca8f64c46a3f1c0d4ae3abcc2f1c63d7300308a6d2db91d33d5efd62299b,"You play with a warmhearted Fentuft and experience a moment of pure joy. The Fentuft keeps playing until it’s worn out, then heads home to rest."
1728186665,5775f0079def7b12dac759281263c1ee1517c11490cd85f70d1ad17e2f857cef,This Aniimo is currently deployed.
1728190013,7c59b6af35968bd1fe2997c32d53aab22bfd68cb54dcac0c8087e2633596c7c0,I can help activate one of the Springy Tuftballs!
1728199244,bed6cba8c4c8dfe070043dfb8ea07999fd71a5c900cede13f2a601d10f8360e6,Warning! Code anomaly detected in the Holo-Lab. Please [<style=Hint_BgL>clear the corrupted data</style>] ASAP.
1728200777,9cb698d57bf2512ec682317fb40bda4f27f22a1db473da3a07d6e9ea12bf50ca,"See this turf? Three minutes ago this was bare gravel, and now it’s a lovely spring scene!
This is my creation. ""Grassform: Spring Movement""!"
1728226144,e9bd87cc17a54ef487c7e1c3550321ac4f129c28796c26b50102f8c0ca2c1959,"By Polaris Institute standards, you've officially become a <style=Hint_BgD>Grade I Student</style>.
Rising that fast is genuinely impressive. I’ll let the Principal know."
1728240537,a263fed31abeeb9fda3784a455c3b8995bc564b55c1e5ac4e5598ba90af66ac8,That’s my good kid... W-Wait... What?
1728258427,29401bad00ec537b03f5cbbf3f2610eafdf2a8a393b709a6120ce1e09d12eed3,Teleport to Nimbus Fields RV Park to continue Home quests
1728288804,c6dda8bbc313031928842d72c03182b3c27f96bcc3e0f2b7f851b59a36125274,Elegant Nobleman
1728301290,90a6f7bd5b342187a519471028d0e3c8dd813e47c2ad0d92b5629c96f813cc6c,Don’t Underestimate the Spark
1728303508,af00871ad597e11f13e174146fc1ccf28b3617d38877e1e2c3dea44fdd8e60f4,Huh? So you're here to gather intel?
1728304360,cf8a79c7fe09bb1e9976a515dab4a1614fda202228961a28397f9d18c1b879b1,Magmarex smashed through the Lava Crystal and helped the Pebblings. What incredible power!
1728310678,979e020629c993dd9de1c04bdf5c6ae5be5e24818d7e02ff23adb08305237078,Home order refresh attempts reset
1728324644,470d1f3c70556de827d5f6093c8ed55e8b4222389e7f2a4018c460c4dbc2f562,"Later I was swamped with classes, experiments, and fieldwork trips to Idyll. Every day left me completely exhausted..."
1728405154,b95f82c66a1862ba00adc1c3fc11f05c73ba3b89dee13d3e3c0bfc6581bb90f6,Helmut wearing a hairpin
1728442558,38e663ec619ad7ca1e3302406dd062910b517f0ba77f5a69e9e7d80b99d12dd3,"They live on the grassland in groups, they like burrowing for nutrients, and they love singing off-key together!"
1728555698,2032f5ae328e788234c0686206ef23caad8a2affef91a4bfdb3fe1fdfcf297fb,Who’s she?
1728582592,172589ec54832bb3b1d5cd38557b2d3d91a12194f89ecacb014136f49283d5e4,"Eh, a moment, please—there's one more thing.
Take this."
1728583785,95f7b5f9b6986cc1826882145e46260e78c021dbc9dbc6dcdfe9d02cbece3730,Mini Training Coin
1728588290,d68898b17a4e4fb747256fc90a19ce5ed380358f92c304d7e1c01f855b4cfb12,"You can now place <style=Hint_BgL>44</style> Aniimo in your Home.
<style=Hint_BgL>New items</style> are available in the Home Shop and Furniture Store, <style=Hint_BgL>with more advanced production facilities to be found!</style>
Increased <style=Hint_BgL>cap on the number of functional facilities</style> you can place in your Home
<link=""item_4040014""><color=#5090df><u>Crafting Module</u></color></link> can be upgraded to <style=Hint_BgL>Lv. 7</style>.
<link=""item_4040012""><color=#5090df><u>Kitchen Module</u></color></link> can be upgraded to <style=Hint_BgL>Lv. 7</style>.
<link=""item_4040013""><color=#5090df><u>Resource Detector</u></color></link> can be upgraded to <style=Hint_BgL>Lv. 8</style>."
1728594089,971e2c77a5a6f5eef859a84e4601486a3dfacaf27a13aa847d1fd32518ceadae,Ultimate Damage
1728603460,8d21b06dbb4eea40cf7afc829ea9a194d4b0e769fa0df58ffa45fd92850b2424,The mood is just right. I <style=Hint_BgL>recommend joining them onstage</style> for a song!
1728620944,977814794e16ee7274d43dbee75c68133e4690819c0efe0574067e30f5c3803d,You cannot pick up any more items as your backpack is full
1728646482,28e4b7f11c6c89ccfcce4d85bf218bebc3ada58f917a31028886e08b2ed2700e,Hummin Planter
1971400761,28e4b7f11c6c89ccfcce4d85bf218bebc3ada58f917a31028886e08b2ed2700e,Hummin Planter
1728651097,8d5bc3787801f40f71a4b0e4ca8c416ef27bd856ad8bd31f2fcc812767d5b117,Low Float_Oil Bubble
1728651485,2cafb947af0e30732e7c21037c43229a9846b26807bd08d2251d5bc5caca96e2,"...It lost its will to fight for a reason like that? Lose your fighting spirit, and you lose everything... Same for us. Same for it, right?"
1728728682,21e8f963573ced44a742fffbc5010f442dbedbd883ddeb007840a4556799b826,【Supernova】
1728774983,e804b7796c5bf07b03261f2f99d8924af152ce3a7f5cfd4baf9b7029d2951d15,"Amazing! I think there are patterns in how Bulblies’ electric currents flicker. Maybe they communicate with each other with electric currents!
There are two types of electric current signals, I’ll write the longer ones as ""━"", and shorter ones as ""."":
①━ I
②． You
③━ ━ ． Tell
④━． Lore
⑤━．． Hear
⑥．━ Hydrate
...

Do Bulblies think through electric currents? Or do electric currents display what they think?
No wonder some students used to report that it was still hard to communicate with Bulblies after twining.
This is big! Let me take a closer look... I hope they don’t notice me."
1728839474,677afd67c689142f30fb0698da6e241e62f5a461e6fa589feb6fdf84ae6b361a,Touch Vine
1728914199,f0accf4fb2061ddb43c0904d5751cf9c1e73a3b8fb5abe008695faccb0e7aa6e,Building Block - Oat Brown
1849241813,f0accf4fb2061ddb43c0904d5751cf9c1e73a3b8fb5abe008695faccb0e7aa6e,Building Block - Oat Brown
1728914334,8b3db5f5d6263cb15f3de16a2eee2c2316dc79c17d2df83795466c894033360f,Veteran’s Protection
1728951501,23fb5a38bb1bed7fb51ee57702f5f508bfdf035694b90f736ad8269d2f2d44bc,"The vein has regained its strength. Like Velouria said, this place should be safe for decades."
1728957681,bde51ceca070e7d49974bd02cc2663ae493e1d5c8a79fbd4b94ab7ef8ff1b104,Complete the Starlight Festival event — filming of {0}
1728988242,306bd8d5344188be0a759bf865af26f30c8cb9baa30cf52442d51af88fc516cd,Square Cushion
2085732549,306bd8d5344188be0a759bf865af26f30c8cb9baa30cf52442d51af88fc516cd,Square Cushion
66189469,1cb919703678b20001d493bead36971074feece5763b02b5a602a09856c7d43d,Hair Tips
1729015731,1cb919703678b20001d493bead36971074feece5763b02b5a602a09856c7d43d,Hair Tips
1729016954,87fec9d57c825e1db3e5a94306f33b4eb10937ec231489c2c83c9b2899631917,Will we see the Irisalis?
1729095167,4ff3f9a281e8ad089f42ca39aca2510e81a82d54540a8af1be66f22fc351b0ed,Premium Cotton Thread
1729096913,122791c12cab047c8fe50b1cf9a6bcccf0dd693746eddc96e79b94bf1b4b9cd8,Placement failed.
1729108636,268bc1833e83306f48ae6203eefb86e7a39dedb1d3d6df99c18ef70aa61ef84d,Thank you
1729143568,e441b9ea07e3f43f01133acf68cba724fca6b0b176966264f3eeaff5bab23b6e,Garden Court - Lavender Nursery
2116300203,e441b9ea07e3f43f01133acf68cba724fca6b0b176966264f3eeaff5bab23b6e,Garden Court - Lavender Nursery
1729143907,ea1cbd8e6c2ec50b8fe421016d68f8a244c34924b6c81b82f52f07cd85ec6a1f,Baleetle Mudball (Smooth for Story Use)
1729159698,f25d6016468bc863f0c90b46de9e2357bfe1b2ac4d5b8f8659d9b0db6226eaa0,Chee-Chee
1985720318,f25d6016468bc863f0c90b46de9e2357bfe1b2ac4d5b8f8659d9b0db6226eaa0,Chee-Chee
1729160311,4269cea7811945e37dd2c624e663f2ace34a54c9ea8280f79ef03c001e389554,"Congratulations on reaching all of your Elite Training objectives. All your rewards are here.

I’m genuinely glad you stuck it out and completed the Elite Training plan. Many new Pathfinders lose momentum after hitting the milestones.
You’ll receive your rewards, of course, but I think your greatest gain is having found the direction worth striving for and listened to the voice inside you.
I have no doubt you’ll become a truly outstanding Pathfinder, one whose name spreads far and wide. I just hope you remember:
Never give up your love of adventure. I’ll be waiting at the Institute to hear the legend of your journey."
1729172397,a3dc43227f686e3c0d50d55d2b7c0cac24e98c498d866ede5287e097bc6ef74f,Exit and Settle
1972462686,a3dc43227f686e3c0d50d55d2b7c0cac24e98c498d866ede5287e097bc6ef74f,Exit and Settle
1729204496,85edc4922a1526fab8d80813b8199e741e046d52c9aade84b9ec8594e3a19f6e,"Let’s get started—you’ll be my helper. I’m testing Nimbi wool adhesion. Go twine with a Nimbi, then come see me."
1729220747,7cefeffe3a24140a021fd92fde6df8b20db40401abd859a8df0ebfeb8d3546c2,"After 5s, the Bomb Seed falls to the ground. 2s later, it explodes and creates a permanent damage zone on the ground."
1729222497,16ef9a788250e3858a1b221f1c5e72176f85c855c81714c76ad33ea8d0b87ba7,Head to Horizon Square and interact with the Sparkelf statue.
1729263140,cb6a65e48ba6842498ee57a3b5f41c1667f1642da18c14e85323e0c7a0df8d7e,Energy Crystal
1729284421,f609f46ff9814d9fbcd7756e40ee50783e439123e9694051ac16e7d354d483e0,"Alright, for the Held Item and your promotion, let the assessment begin!"
2006832043,f609f46ff9814d9fbcd7756e40ee50783e439123e9694051ac16e7d354d483e0,"Alright, for the Held Item and your promotion, let the assessment begin!"
1729328599,6c1c91ad1d78d400ced8131472dd69cb3281f9a0dbb97b4db279fd006f1ead41,Cave 13
1729382268,72f1935f451506ea984df8b6026f1f91136db9d3854bcb98e289e52ee392e0cd,Eddie
2147355060,72f1935f451506ea984df8b6026f1f91136db9d3854bcb98e289e52ee392e0cd,Eddie
1729392838,3765eed00ff323c47309e5e93f62b697405a76adabc08d643ddc7d74f785f14c,Use to unlock <style=Hint_BgL>Harvest Moon - Fruit Medley</style>.
1729477099,7f6e0064322c047e0d992795bbc2a32f607283f0ac245295c08666ca81b29071,Give Medicine
1729504273,f777d7c8eda7d4acb0ae4fb30839c4d53b961f60c35a3de764e0d2e36e4b03e5,"A gentle, sweet fragrance with a faint touch of youthful freshness."
1839179274,f777d7c8eda7d4acb0ae4fb30839c4d53b961f60c35a3de764e0d2e36e4b03e5,"A gentle, sweet fragrance with a faint touch of youthful freshness."
1729508312,2daee1125eec7491e041b8bab1091d874766a35a83d511804381b89959cec420,Our Scorchhowl’s barbecue has attracted lots of Emberpups. We need to let the little ones enjoy even more tasty food!
1729525813,672e85089b0ec6f55e6924ad0ec1e96424e7ff0e653f0562ccf1427a24dc3af4,No doubt this girl will one day set out on the same journey...
1729527462,905b46a8b7e6f074afd85ca2f2de185f0389e608244cb01adbdad73b724c657e,Increases Elemental Counters effect by <color=#d89c28>10%</color>.
1729622004,3d488801ec14b3aa4f30ae749db9ddd1a4abc35c2b08164fc43d2875c5566d88,Special Training Materials
2000450435,3d488801ec14b3aa4f30ae749db9ddd1a4abc35c2b08164fc43d2875c5566d88,Special Training Materials
1729691504,4647f95bb8190d967c86371cedc1356654272095b29d0950361719cfc6b86496,Awooo!
1729695486,dabc3849a8bf1220f041b0314f0dfaf11c5b449cca41aa1b8e59a629b0d8e675,"Even the most ferocious soul cannot resist the drowsiness that comes from being wrapped in a Dreaple’s mist, sooner or later, they drift off to sleep."
1729742261,f28f1fa5e7980d51630503aaf3ca72c7904c866feb56b86d87ab6a8fa8fd5ab9,High Jump
1729757466,3b0a81b6f0df10d635b9f36b9b7be1fecf6c0896985fa165e1df32ae1c43b265,Stop Profile Recording
1729814043,b0c8dd9f3c9a34310edd30fff57240aa7db532fad1eec9519909f29266c0b040,Yes. It was at the Bloom Festival ten years ago when Flowers and Butterfly Shadows blessed me.
1729847938,509368673d4b005899b73d815b4abb0ba95fabc6a8ea2bc6cfb7b2241661a607,"Now that you’ve finished your first task, take this as a welcoming gift!"
1729857596,699be38921d89ac12ecf3450cb69bc733e53443505322c8e86652d8ed1c1768e,Dash! Dash!
1729905036,f942f6ec7a5a6172439a4fbb0d821cf8a60a4c2ed7b1696888ec07296fa0b93e,"Aeon-class Aniimo, I really want to witness that kind of power...!
If you truly can bring back Clues about an Aeon-class Aniimo, please let me witness it!"
1729920602,2f69c01db965e3bdbc4a8dcc909a6a705fb3ea847b827fec13e3f9860a6574b5,Pointed-Arch Wooden Door
2046871729,2f69c01db965e3bdbc4a8dcc909a6a705fb3ea847b827fec13e3f9860a6574b5,Pointed-Arch Wooden Door
1729978686,62f45c1f9d91acaf72c2082a4a69a76981f5a05bcf6be7d3a0a45a8a7ac5dc81,Mark (Placeholder) Tag
1729978899,fbb9015a60865e11bd9f90fe9d053c401b6495f69b4ef8349a4322d7efaf6694,Flutternym Dewdrop Crystal
1729988789,dc39c08d83db7a68b774a76cbd5e35c27208519d94c5f30b6b92b16a2b3e786d,Pet Research Manual
1730033634,c97db07a298ab54cbd53db945cca04fb936583a2a3cdc5065f5a21f44d7a1693,Hmm? You found it? Then they must be fine. That’s good to hear.
1730038524,4c700add3b0a6c7710cf79f329c1f012bfcc0bb2c2d1ebe0bfa1151b1551ea7c,The selected Aniimo is in a combat or exploration party. Placing it in your Park will remove it from that party. Continue?
1730045275,148931cc0ba41450fd187bd2f12166c93c8dcbd18cce0708081244f6134e8c53,Semi-finished Nimbi Dewdrop Crystal
1730075488,b4a40bc12af3a100882d13bb6b255a626c93d7f32a958d26f5e416c377989d9d,"Dear Pathfinder,

The item you purchased has been delivered. Please check your inbox.

May your adventures across Idyll bring you many unforgettable memories.

Have a wonderful journey!"
1730110916,d7fabb4444ca7828625ebc3c52c3be4c0ad3b2b6641ed8a9e74e85d569bb01c1,"Exactly! <style=Hint_BgD>Velouria the Somniwing</style> is a great Aniimo. She brings us all beautiful dreams.
I just didn’t expect her scales to be so powerful..."
1730130033,9e2d9ad88b10aa68bb7700565ea2d915888e48e861dd268072253301ff746d3a,Like soft violet clouds tinted by the evening sun.
1730145776,54e1c42875c138727747732ac187ec224f0ca1f7a43fe0d4e7efae5adb9070ae,"I-I... I got here... too late, didn’t I...?"
1730150269,6312a8677e8db1781fbf2055644379b77812dedc994ead9a39c5afe5b0c7d07c,Bring it here for me. I’m going to capture an epic shot that’ll shake Astra’s whole photography scene!
1730175283,8b427dff65fbe3824b2b0773dd3897924434c5109bf7d1146900db5c1945fbb3,Celestis and Eko in this area will be friendly to you.
1730208277,27849d1201eb75fba37ada1205b7463a85793d28e7bc6af6b510b1fbefbf3ff5,If only Big One could be like you.
1730211020,55a79d38c914fc96aae6c1f058858ee3491df35fa9b34b78325ffb1b79839880,Casting Energy
1730228563,7b7a0863b96845a6b4069f8515fdac0e49d8c93820a50162d49638a5fd3e7fd5,"An egg found in Rosetower Woods, with an unusual size and powerful energy fluctuations. Guaranteed to hatch a local Aniimo with the <style=Hint_BgL>Alpha mutation</style>."
1730275824,2fff322af89007c2d60b0949bbc0c63225791d69ee2814a33920dc85f5c6651c,Vein Abundance: Forest of Falling Stars
1730322253,a1a6c0d5a5bfb678bc7c2723d21b68620d037ac29494cc6c3b690b5ce63df2a6,Received 40 Training Coins!
1730327145,8156126566fd28e889421018ecd605d618dc1d7be3c66fd9c305224954afc3e1,I guess so.
1730343555,b981bc2cc4a098cf0c29fbe02981ed71885a7d8c20c9fbecca6108e35ded44f5,"Heartbeat in sync with the rhythm, the spotlight my only direction. Electric Dance Frenzy, opening on a high note!"
1730347371,289f187270b87c70c5336bc6ed2955d4cff1a622b782ecf93589c6f036fa117c,Chief Carpenter
1730412227,49ef3908807bec8c762e19b90ba81d0a868c93b2997db22664af1235878889c9,"ATK increases by <style=Hint_BgD><customRichText(getConfigData,rogue_talent_data,31,param0)></style>."
1730455484,2e99a8b88d1e95a4191c392138d5ed9dee2d158b5ba3ded98faaeb843f47de21,Lark Parent Token (for auto-upload)
1730462454,3e7f5ab87da8831a3ff7cf0b03c59c2c6b679a1a68db199ceb5a92b240e04636,■■■■■■■■■■■■■■■■■■■■■■■■.
1730463510,2629eeb677360fda69ff7346f50b092c8d2ab7e55bff6699326e616afa25409d,Flowers and Butterfly Shadows...?
1730537566,c8058e9ad4aa2ddd78657b7f9122e765dffa861811ceb5edcf12ab286621b8f1,Item count
1730562544,ff91e7dc7aec92959f30641a479013d0aca4f86fdd475e9654a386d32d2c7574,Bonus CRIT Rate
1959704651,ff91e7dc7aec92959f30641a479013d0aca4f86fdd475e9654a386d32d2c7574,Bonus CRIT Rate
1730563650,0763719fd1f8eab01cf41c63c01d7a9191470eec95adf922b786124670bfb7af,Come on—let’s see if you can break my shield!
1730569281,0dfee7f707b53bfe38e4b8179c1b683af8e9294f97ac207401ad28713d481cd8,Gift has been sent
1945851058,0dfee7f707b53bfe38e4b8179c1b683af8e9294f97ac207401ad28713d481cd8,Gift has been sent
1730584996,0168959b89740e570434fd65576d200455a11f5ea0cd40e3fb9872c3f8a3c2fd,A Perfumer’s Finest Work
1730651279,b7fb90e5c505161f533e41ab9e16f73b547e35c73b870cbc5448277b8c860d70,It’s hard to imagine something like that living among those little foodies... So... was it reluctant to leave?
1821505180,b7fb90e5c505161f533e41ab9e16f73b547e35c73b870cbc5448277b8c860d70,It’s hard to imagine something like that living among those little foodies... So... was it reluctant to leave?
2034349610,b7fb90e5c505161f533e41ab9e16f73b547e35c73b870cbc5448277b8c860d70,It’s hard to imagine something like that living among those little foodies... So... was it reluctant to leave?
1730662738,75b8869c1595887304592fc85542cae7ef6605e5c32c161ba0a6b2ee5be412c6,Quick Select
1730669675,d2588115ee37ae003ebf4c8d0905a9df14e10dd59ed22620e092c1c54cf7fad0,What? It took two days from the white tower to here?
1730674315,d82353176a8666db6dd0b7e1e09068e98cafd93ef3b095fd7934bf83b4d0f087,"Flowers belong to the earth, after all."
1730680895,54a25706c43db21f3810ea2d8b3772a2906f195b1f99b01a8e076de0368b5790,Cubbo Vanity Mirror - Small
1730697857,160c3ece6b5d0d0a9c0c5ebcf87f7f8faad3ebfdd8034797f13d96303917959e,Own 1 Sparkling Prismana Stellarys.
1730701443,7b8cc01c35e5cf56ed2e24dde616927d6d8cf7a59774ab2ae36b9016383aa598,Grants unrestricted access throughout Astra.
1730743760,447454580d166e538074fc9b07abd3fbfbce6ad1d794b81d862a8b6935a94662,"Twine with an Aniimo, then hold #kHud/ExploreSkill#z to Aim and use <style=Hint_BgL>Grappling Hook</style>. When it hits a hookable object, you will quickly Pull yourself to the targeted landing point.
Use it while Aiming at a <style=Hint_BgL>Grappling Anchor Point</style>, when you reach the targeted landing point, Pawney will vault over."
1730847932,37c14f480eac4c0a1a72d9ef5fa54106c1e811c3953909783d38011a49a50e23,Farmland (Level 8)
1730849818,371f77c05a65185864f770e2c6378244139bd7bf2a874081a315528e3a7c5135,Do whatever you want!
1730891282,bbc3076d7e7c0af4f45b285a50151b40a0ec9f3a6bcc05eb0d7c78b4df66d3bf,Head to the green objective by the shore.
1730896484,4d77947d83a29ac112c77ebaf29bd3b2f45374110a763f675e9d8d1a7475274a,Fianna
1730904953,70473c90c7b8035351b6b623a48bf9e4640e336697009d2f4cbb3f8a27ac431b,"1, 2, 3... zzzZZ"
1730923690,497d160ac2110bd94e21907d4d0475723880ed47d8b2bc4509389c9308ba16bc,Element Mastery - Light
1730952623,16b35624c1aec6f212d70a1636f1ebc48fb0afda393407059f14ba20eabdf0b2,Visit Home
1862824048,16b35624c1aec6f212d70a1636f1ebc48fb0afda393407059f14ba20eabdf0b2,Visit Home
1730964300,c151933ffcc3c7e331e16f974c0e7a75062d301fe4ef5d9997e854d5e79663ab,Please select Aniimo to equip
1730965429,e3fb420f64d005fab39d91eb467deb52546b55e2eee061405e46a7fe546ad60d,"Wah! Don’t come any closer! I’m fierce, you know! I’m definitely not leaving this place!"
1731021605,5d0ac4140e310a583bb80cf3b4546c7956b7f6ba146638f2adab87ce8608c632,"Your whole team loses 80% current HP, and you randomly obtain 3 Holo-gizmos."
1731086237,e70e3ea77e2cc238c42e44fe0b2b7c67a6967c2210c1e19d65c1f2d40f725268,Pale Grain - Warm Brown Two-Tone Low Wall
2102535383,e70e3ea77e2cc238c42e44fe0b2b7c67a6967c2210c1e19d65c1f2d40f725268,Pale Grain - Warm Brown Two-Tone Low Wall
1731102735,1936cfe65a81d5ff02c3e667f0a717a271b187214afbbaabb87f69bdab885b2f,"The preparations are complete!
The Harvest Gathering will soon begin...
Await the festivities in anticipation with your Aniimo!"
1731131710,9027a43c12ba441b6838c01dbdb7a5cb8796c7d404c5111bddf4b2dcb6f18c1d,Repaint the iris dream with the colors of the earth.
1731143944,f8100669eb0223fa999ed944531547d86cfc5c1a99d2b36dcf06029233af1eb1,Gaogao
1731157167,5b5062da9d4693eb3c008aae727270db2b1ce88fc57d61dd510afca465894051,Daily Reward Storage
2099299788,5b5062da9d4693eb3c008aae727270db2b1ce88fc57d61dd510afca465894051,Daily Reward Storage
1731162337,a5e022ab1c6e7c7165077fd34f77420664af1ac547b328645071e7e1a4cc8a9a,I'm an Emberpup who's going to become the strongest Scorchhowl! The flames of a Scorchhowl are the strongest! Woof!
1731167198,6b2797c840e7331c1970985e30dac65dc17cbdb88f1d7bf983aa7af109ebe503,"Okay, let me count... One, two... seven, eight... nine, ten..."
1731182052,3c66a3c7701a16f5f5edaa2c8ab174f9fe3c12d3f2d68171c8b0ce00debe9871,"Then, on the withered land, the magnificent Irisalis Irelia appeared."
1731214869,0951a184a2718598f042ef7fa879ec32547e21a7ba1a7d8ec3daf2ee8b8df84c,Enter Quests page.
1731270849,6819869d0faf182e861513d9dcb74bdcd7a85553bf4fc7142441fda4c3a8a944,Studio Name (Placeholder)
1731276548,78d4cbde181f405d8ba25119b47751bc119744606b002a8be3b8ba976f291e4f,"Stand against wind and snow, coated in a fine layer of silver frost."
1731282597,1c1d0a5d03ef1d95950640dcef810a4834b830edfddf7a91f63881892064686c,Mindful Tresses
1731291353,89513dd070754960a0ec21b40db5ad6f6ae394d18fa26a94e9dd032f89c83bf7,"Oh, didn't you just say you wanted to gather more data?"
1731292914,d514c890bbaa652728818d6d16cd0a4b8fdecb883d4f5779da0cd238709ee2f4,"Passion Heats Up, dealing AoE Damage and increasing nearby allied units' Fire Elemental Boost by <style=Hint_BgL><customRichText(calcData,buff,26999302,param0,1,%d)>%</style> for <style=Hint_BgL><customRichText(buffConfigData,26999302,duration)></style> seconds"
1731317504,48580562bb6a7cfb4f97e10f78b0b69b1e80a76c14f3ee2ba1b048478850e6f3,"Oh, it’s you, huh? Wanna try again? <style=Hint_BgD>Follow the beat and time your jumps!</style> Well? You ready?"
1731320275,9e0d19f5e9b5e93124b49b0ffeb8ddb28ec87288726f08414093afad573c0c60,The path between Helmut and their friend is broken. Is there any way to clear a path for them?
1731338327,f3f9e1fc481650972bb617db23e94e833603d4410fab4a7275a42321dbcfb43b,Do you know Instructor Ling?
1731343352,d2374754a041bf79de9c4bae68d6f355278f7ba8718129c7de02e27693fadbbb,Huh?! Why did they suddenly disappear?!
1731383183,a4e4a9d37d4fe863a94486ef78106994a81ab9095396453d111663ef94cb9c5f,Stop Sprinkling
1731391766,4d10ff20f46947be66acc443c1d524c97ec190208749f44bf2e673a2b747ce08,Wood Sculpture
1731398136,6c77206ec5c82e90813cadb095e4ab875c54f9198569a4d532e9eda7442ee19f,"Summons flowing water around itself, continuously restoring its HP."
1731412105,70b6bb51111aaede16bbd362a8051b41cb5ced78192320bdd89a7141496e1d21,Bind for the first time to get it (sent via Mail).
1731420564,5c22a749ac7d738d70cdbe77ca6daecb3c368304611d7859ff20e7945a4a361e,Scarf
1731466182,919790dbb310610f237cee1847a0cd1698ace53b75ff4e1c0fcf065f82b3a035,Use Skill 1 on water to <style=Hint_BgL>generate ice</style>.
1731467850,1ac33b24e5f64e59e1418f6e7ad8fa44b684420a6bef323c6e6c2d24fe00d6cf,"The Alpha has been strengthened, with increased ATK and BREAK resistance!"
1731470367,a93bcd9f264436888b6c01f256ef7c94f9213e8af0889b5a5e117f2e48dcc9d8,"Each Energy Amber spent restores an additional <customRichText(calcData,buff,6000209,param0,1,%d)>% EP."
1731500249,7589ec7ade5b8b3a43faeae4351baa32a7377c90be30248743d02ee9a2e5589b,Increases the BREAK damage of skills by <style=Hint_BgL>{param0}%</style>.
1731508244,b9107dbe5c3668346547239abc67c986ad1e2a3ed0a990af8fc54535d0dff12f,Right Shoulder
1736548111,b9107dbe5c3668346547239abc67c986ad1e2a3ed0a990af8fc54535d0dff12f,Right Shoulder
1731514800,05fac0d869fcadd6eec647aeb926b4041356f66369a79957746fb12e17c00120,%s received help and is now better at its building job!
1731521261,aae45477c4d7f0bbb62724441c0dd3834064b098d0c27d5f0ec30b51985afa0e,Premium Companion Handbook Level 50
1846005024,aae45477c4d7f0bbb62724441c0dd3834064b098d0c27d5f0ec30b51985afa0e,Premium Companion Handbook Level 50
1731528096,854508914cfd960dca7b8cb0f227e23f41a62e571bbbaa6eeccaa55deba30d17,"While in Fly state, increases CRIT Rate by 20% Over Time for 20s"
1731536379,3e4eb187e817c110ca49322ab30bb003783efa5efc0d6cc1a8db59fe6712c87f,Frost Fangblade
1851909914,3e4eb187e817c110ca49322ab30bb003783efa5efc0d6cc1a8db59fe6712c87f,Frost Fangblade
1731556583,7c9c6a070a03c85b0080422cffbaa600562dbd37a4d1a0b4903cca4ec8dba9e1,"Inspired by the Lumintech of Astra, this outfit is crafted from iridescent liquid-metal fabric that shifts with the light. A built-in climate control system ensures comfort in every climate across Idyll.
""May it help every Pathfinder embark on a new journey."" —Principal Oswen"
1731571596,0a8e74a4c975590379a884a0324e18ab6fa3f843a83e162b1b8f14e392cd9155,Tactics
1731596256,e8ebe5a57362a4d97f7c1068dcf05c79a6c091b1b4bad5106b6155e08e0c1317,Garden Ramble
1854222672,e8ebe5a57362a4d97f7c1068dcf05c79a6c091b1b4bad5106b6155e08e0c1317,Garden Ramble
1731634994,eb2c0429c4bca5af561271f2963485f585f96f4ca16062232cad8b975a412587,Home Season Event not available yet
1731693058,a4093b6332b66fe497354c9632304a3e02eb5341c6f5e6e4d250dc5dca1fbcad,"Hmm, growing into an Irisalis and chasing Prismana. That’s all quite interesting."
1731698868,dc1bfa44cced15f74f35bb17ee44db00b88ce757843253dde6ad240012cdb80e,Chest detected in the rock!
1731713773,615a22a6016c406276fe11da723c3e8a8cb53096ce19a81534e5daddf168b4fc,Lumin Stage Effect:
1731731610,7f0868bb419a822e11d1ceff0c83029f13a1c1e6ba856aca39606a17eb3f7873,Needs Refining
1731739292,6efd58da03ebcb9e5044ef1acdee3ce9018bd4e53d2200064a2e86a3299a88a7,Astra Science Exhibit D
1731765997,215c398fb7582fd3cd6ba3272dd75a89435c9c7db816bff1a17d52da91d3aee5,"Let it go? Yes, we don't seem quite right for each other... But..."
1731774284,4cbe89328b30d2d330f98c83e4af534624eba48a649eb8b866782904f994b1f4,"Charges up in place and launches itself forward, dealing damage in a <style=Hint_BgL>2.5</style>-meter radius around the target hit and increasing its BREAK damage taken by <style=Hint_BgL><customRichText(calcData,buff,91027010,param0,1,%d)>%</style> for <style=Hint_BgL><customRichText(buffConfigData,91027010,duration)></style>s. If other targets are nearby after the hit, it ricochets to them up to <style=Hint_BgL>{4}</style> times. It can also ricochet to allies."
1731786889,7172b39cd6328432e7cc519d53cfaa979afbb6590d67be1ce1d4fa98ca3b69f4,...It looks like...
1731844703,596b5498e09fade04bbda0bd3172a41743e61ddec200923d8d14ad0997862c76,"Hmm... let’s see. I’ll sleep on the first floor, you take the second.
Don’t stay up—we don’t want to miss the Bloom Festival!"
1731876668,e78a578d90bb2720908839b14f51d3e8d4ca1eae482519735819aff272ac25b1,Why are you sad?
1731880529,54f75820c1e47e74a183e1e5428320f8fd512c6e8214261c43bd3c8b2dc21dca,"When Aniimo deal elemental counter damage, damage increases by 20%. Non-counter damage is reduced by 10%."
1731905180,93a71f5816746e89dd8556a81f757286454ab45e8e889a48f921bde64939d57a,Oh! Is that #playerName#?
1731928077,962b31f742d41ab507eb4e7ac021052f5d86a199bb2d524d7a32f6bd2c385337,"A rustic streetlamp crafted from wooden poles, simple yet charming with a countryside vibe."
1731932403,209e3af99be62aa23e53dae5f1e03b829b41aaa750210425f695e3aa965b2106,"Don’t worry. There’s no need to be nervous.
You’ve already completed the practical assessment, and the theory exam will review your elite training."
1731961988,580beb5dc79c59abc1436d63564849edc6e89a16077ec68aceae985cb48df6f7,"You can get [Irisalis Petals] through the following methods.
(Once the [Tracing the Trail] event ends, this method can no longer be used to get [Irisalis Petals].)

1. Main Story
Obtain them by clearing the following main story chapters: Ceremony Preparations, The Ceremony That Never Began, Colorful Fragrance, The Land of Dancing Illusions, The Land Where Dreams Come True, Ancient Sacred Fragrance, Rainbow of the Ground, and A New Journey.

2. Journey Quests
Obtain them by clearing the following Journey Quests: The Legend of Mist and Light, The Legend of Echoback Landing, The Legend of Flowers and Thorns, The Legend of the Land of Falling Stars, The Legend of Thousand-Fang Ridge, The Legend of the Land of Lightning and Thunder, The Legend of Helmuts and Helgons, The Legend of the Bell of Freedom, The Legend of the Berylline Vale, and The Legend of Driftwise Meadow.

3. Open-World Gathering
Gather them by following in Irelia’s footsteps across Breezy Plains.

4. First Alpha Clear
Obtain them by defeating a regional Alpha in Breezy Plains for the first time.

5. Elite Pathfinder Challenges
Obtain them by defeating the following elite Pathfinders in Breezy Plains or Astra: Wally, Jilly, Loulla, Aster, Wendell, Cecelia, and Lita.

6. Branch Nurturing
Obtain them by infusing energy into the Breezy Plains Branch and claiming its growth-stage rewards.

7. Breezy Plains Silver Badges
Obtain them by claiming Silver Badges from each area in Breezy Plains.

8. Aniimo Research
Unlock each family’s Nova Stage Aniimo Index entry, complete the research topic ""Collect a Prismana Form Aniimo,"" and claim the corresponding reward.

9. Tracing the Trail
Obtain them by participating in the limited-time event [Tracing the Trail]. Once the event ends, this method can no longer be used to obtain [Irisalis Petals]."
1732006653,c8c2cd7857e21cf25e9e2397e3ab211c583825bfe7f012932521a8a1dba688ab,Full Set Rewards
1732062006,b06beea33ffd1b0d29fe1162abf361dff8b6b1cd3fad89c74b645ae8300bd50b,Observer Camera Vibration Settings
1732098095,ab061919148ee88c41dd0b1202b0625e6457c74c7a0f3666e0abcef2cc484af5,Ophelia
1828155757,ab061919148ee88c41dd0b1202b0625e6457c74c7a0f3666e0abcef2cc484af5,Ophelia
1732109902,1d115cb95c8afa1e165937a7f642c42f502a248bb665f53a6695c9612648869b,"When an Elite or Alpha’s clone is defeated, increases all allied Dark Aniimo’s Damage and BREAK Damage by <customRichText(calcData,buff,2101309,param0,1,%d)>% for <customRichText(buffConfigData,2101309,duration)>s."
1978640731,1d115cb95c8afa1e165937a7f642c42f502a248bb665f53a6695c9612648869b,"When an Elite or Alpha’s clone is defeated, increases all allied Dark Aniimo’s Damage and BREAK Damage by <customRichText(calcData,buff,2101309,param0,1,%d)>% for <customRichText(buffConfigData,2101309,duration)>s."
1732137014,363ffaf338733d894bb5afd338081c727c28ae0cfc00204aaaf4b3a0ffa504c1,"A lone Flameruff—challenging the strong, and being challenged in return—and never losing once! So cool! That’s why I came to Beast Fang Ridge!"
1732166023,9059016e3b0a62f58d3ba68336d61a6218062295572ba71927ae91bb2bd65a62,Clear Sanctum: First Spark.
1909711114,9059016e3b0a62f58d3ba68336d61a6218062295572ba71927ae91bb2bd65a62,Clear Sanctum: First Spark.
1732186832,c8b67bbb7a3a24fa802fc09d809174e866a2275e5378edb1d0a63ac4c9f9e9cb,"Lose 80% of current HP and receive 3 random ""Surge"" Gizmos"
1732196440,fd780dc563ee43cc875e132c9f8938fcd5d92b7d23ffea6370057a3e49475ef6,You can have a good view from the <style=Hint_BgL>stone wall on the top</style>. Try look up higher!
1732215448,4a91e3b3e140e6d12f28a8e61cc763bb23d84ac69ab2e8e3fa58cc147e6c3898,Pressure Switch
1732226078,6f6ccde2d41757a208d779d810700e7b6d745af44e52ff27cbe9d866b6079530,Primegy Battery
1732245265,7cc3ac4d9bd881f717854396bbcfaedea92ce5a4e2aac931f85641f37b2739f5,Protective thorns. (Challenge!)
1732255981,4cc79b65167ca0a32161652d7b0fcbc0ad7508452d976b12abb47ac9c5053129,Eyebrows 6
2000109643,4cc79b65167ca0a32161652d7b0fcbc0ad7508452d976b12abb47ac9c5053129,Eyebrows 6
1732270952,54bd969c999b0332d83d0f51b94d3ca2756b1feedc2492d19a7202fb7fdab07b,Basic Combat
1732273156,78f5c227d49c63b7b17769f0d6721b7fbdfb918e70f53915bf4cd348c01f8edb,My gwandma told me big boss Infergon used to be just a wegular Helmwhelp like us—until it <style=Hint_BgD>swallowed that flame</style>. I don’t weally buy it... but boy do I wish it was twue!
1732274736,4798f6ec3a15d88fd22ffa9c61be7e31539ccbe40633ea684621c8ce87461d5e,"+<style=Hint_BgL>{param0}%</style> Training Coin Income. During this training, for every <style=Hint_BgL>{param1}</style> Training Coins obtained, 1 floating coin will be generated around you, up to <style=Hint_BgL>{param2}</style> total, with a cooldown of <style=Hint_BgL>{param3}</style> seconds. Each coin deals final damage equal to <style=Hint_BgL>{param4}%</style> of ATK."
1732310203,d54e84b020266efc486e035141486ea6657ddbc9bb3a3bbe925bb16c5154ae36,Cliiiiick-Claaaack!
1732318051,814efd531c485bee3a190cc580d0cfe1992740617d564db6235c7bb9be1b8f38,"Huh?! Why?!
Didn’t Velouria praise your fragrance?!"
1732381021,da1dcd2b189dd159a1edbd5b884bbbea4f6013b758e952ec5c9bfe1e3d781842,"It feels like a dream...
#playerName#, how are you feeling?"
1732391722,c66561112f6584f8fcebfa036cc5357f0e2f17567d7cb125de96e4f3d16dd069,It’d be great if you could help with the investigation! I’ll keep you updated if anything else happens.
1732406684,a2b4cc3e3ed40ba7e43faa578c8c918b1ead6d920914dc2fcb9a187ceb07ef74,Wandering Flutternym
1732409994,8b858ef2f17b244f989761119d9cb6aad0984ff4e0fa6f043e4f5f295fbf1c21,"I’m Nai-li, a student at the Polaris Institute. I also work here part-time."
1732451663,6475dc08d61d420581c07c13a792406e10a4ee4b2fd2fb50de16d29c0fb0cb9e,"Soft and plush, as if sinking into a pile of fluffy cotton."
1732453936,0aa0e44f4f130567867bb464f43504893e1dcf878731fbff0d196f203754bbc7,Increased chance of <style=Hint_BgL>all mutation</style> types
1732466515,f8a32695cc36fc7b229b1bf0f051374367441001a312bf143bdfec8acf2232b6,I met a timid Helmut there too.
1732466657,cdf2c0bdf5a00e352db5278662d8222ea884afa98f43c07c121e235d416227fe,Do you know where the Sherro is?
1732480692,2eef97c4a0b87d08ec1a94ff54aedc14c95ea9055e050eb2a7342cfefb041828,"Me too, me too! Don’t forget me, friend!"
1732499954,6a9fac33b7c1e18c95bd33f3daeeb5dc4e9589257ad2ea8e1a6ee2bf2a9bb181,Congratulations!
1732527051,14d2ef44d97470bb2325f4e0b7d7bbd3505555b0bcc045cb2d2ac497895d2911,I’ve been thinking about the old chief a lot recently. I wonder how he felt when I defeated him...
1732542056,bafa9afc9917bc6d9cf781942d978237b3c77e8d8f8db6c6cde1669443e7fbce,Without flareburst flowers... I tried a hundred different substitutes and failed every time. Isn’t that enough?
1732583861,99bcdef69142aec123c134a089045f647f963a018c6a83c97ab175e6c0638172,"You’ve been on this quest for a long time!
Would you like to return to the Main Lore?"
1732605226,e8398843fbbe58a307b4e107e698c4d064e444593e3d7293ee15f0b672571edd,Looking forward to your next discovery.
1732633476,3f97574af47a19c1676867489f667d381f6e90ac19ece0c0a75a537f59bc2fba,"I just went to check and found that all three main vines were severed, which is why that guy has no memory from the Vine Core."
1732716133,4fd4acd72b0afa0f25869d406021af2a883d6e40536e0c0bcac24d03ef5dbf20,Twine with a Geodeback and talk to the Geodeback near the Minespine Alpha.
1732717858,1a32a65d5626c9336678f058bff63e7b8de6f016aa56fdff0cb1f1b970197a73,"Puffs up, allowing it to jump higher and perform one dash while airborne."
1732744245,a45498d57b0ed5f96e8cdd95447d1d0fbbeaa7c61d2dd103263c9f53e7ad9073,Blazing Wolf Assault
1732760442,f773f9e95a6a6da6428a8dd54c79e6d73993d31c70b736217330491f33c977b6,All Morphlings have their own masks that store their memories...
1732786222,a21817ff3adc54f9fa90a4203f53a078d48321261fc84c6ff63e70092c43efec,"This humiliation will be repaid! Tremble before the dragon’s breath!
We march onward! The Idyll of the future will be ruled by dragons!"
1732786751,d06b43e13c9ca5ac4a7beaaf6fa05bb9230c6c34aedf741f92bf82554636ecd8,"May appear on the grassland near the Bloom during Prismana Flow <sprite name=""UI_Img_Weather_Rainbow"">. Only one can appear at a time, and it will not respawn."
1732789149,ed4bec9ea02e791504177c0777a4a1037c1639d7b6d253f742a94378e9155d01,Flame Lv.2
1882053581,ed4bec9ea02e791504177c0777a4a1037c1639d7b6d253f742a94378e9155d01,Flame Lv.2
1732798728,50fdfdbc384e041b86515aa74fc031219252283e65e96b2da04cba4117937e78,"Don’t act surprised—my Aniimo research instincts are top-notch, just like my bad luck."
1955993678,50fdfdbc384e041b86515aa74fc031219252283e65e96b2da04cba4117937e78,"Don’t act surprised—my Aniimo research instincts are top-notch, just like my bad luck."
1732818516,14f6a4314cd40b5c22d97ae96dc9b272d1c9c890545a3b06a46e8974a480d3c2,The Popapuses have quieted down.
1732826656,18308c1bbfa14acd5f3ed7957971014c07e1237dc88584a98f9f1af8951e8640,Building Block - Pea Green
1835738287,18308c1bbfa14acd5f3ed7957971014c07e1237dc88584a98f9f1af8951e8640,Building Block - Pea Green
1732845107,7888174f40af373cb35de1aa0c503be3da04a7edcbbd3400e5cd64a1b85c2173,A beautiful dark purple invitation stamped with the Polaris Institute logo watermark.
1732864380,903d81e8dce85ed5777f7fef777d4d2fc73eed98e3dae8b0423936ce54a715aa,Expedition Notes Text 7
1732924719,2e8eccf8ed606a844c268143ee3be99ae7c823efc7c548b4684bfebdaf01f6af,Trait cannot be activated. Complete the related research first.
1732928345,55819c857e2edce1c5502aab0d4dcd13eb94c3bd8afca7527328d1c9e01db3b0,"Helped a girl track down the Pranky that once helped her out.
Turns out kindness and selflessness can make an Aniimo grow, too..."
1732955272,ac484ce71ac1f16f68fd0f3a429aa4a9e72144505f9833bf36a07eded7eaf85e,"But for some reason, Tucker didn’t recognize him anymore."
1732957125,3b1dcbf2685451bc1dcef88bdacba0f5d01cabdab4674720b502e14a296bb83e,"Fine then, I’ll bring the Windgliders back and let you feel the wild rush of ""Freedom’s Breeze""!"
1732989016,4758b97be2ddb1a2e702ed833637b85d23d97402922e2b37e0203e32a33c7797,"Enters the <style=Hint_BgL>[Ballistic Guard]</style> state, increasing the user’s damage reduction by <style=Hint_BgL><customRichText(calcData,buff,2102704,param1,1,%d)>%</style> and greatly boosting interruption resistance. When attacked, releases a shock wave around the user that deals damage equal to <style=Hint_BgL><customRichText(calcData,buff,2102704,param0,1)></style> Might. This can trigger no more than once every <style=Hint_BgL>0.2</style>s."
1733007010,a0496f355dd23e961006fd169ff99348c2aaece1e95a404bcceec3f88c44d3f3,Hang in there... I’m hanging in there too... (opens eyes) I didn’t fall asleep.
1733067348,3f7e89bf8717139c3a5c56f0d835c72db298b8c9fa60783bb83d64bb3d589e83,Device Performance:
1733068829,b10f7c4827bb4218ee452e4f1006e3fe094c7aaa9207b459ca699e3ff3fdea02,Nobody’s luck can be this bad. Nobody... waaah...
1733085321,da3d2fc3da5018f917d664a19189f29322ae631657093e2b4a901582906ccf27,Select a difficulty first
1733105533,15762599ac801cd20edd6edc5d86bbd6276027b2bb3c12a17b0d931d9da37926,Enter Multi-Select Mode
1871958945,15762599ac801cd20edd6edc5d86bbd6276027b2bb3c12a17b0d931d9da37926,Enter Multi-Select Mode
1733123554,07603e405cd3c7a92a5305d60bc6dd4c3d0f9c9225cdc7a4056965ade1cac0fd,"Each time damage is taken, triggers 1 instance of Water damage equal to <customRichText(calcData,buff,4004111,param0,1,%d)>% of current ATK."
1733125283,6357c691f92272087e1e66b26cd09ac493351a918297c21c11c136eed8e71d17,"Creates an Enhanced Cloud Shield that absorbs damage equal to <style=Hint_BgL><customRichText(calcData,buff, 2126109,param1,1,%d)>%</style> of max HP and reduces stamina cost by <style=Hint_BgL><customRichText(calcData,buff, 2126109,param0,1,%d)>%</style>."
1733177272,882e872b978be032f9ccd51505c185842c4a943d71250b8ae10a902f153f8df2,"Even if you defeat me again, I’ll just be <style=Hint_BgD>the Hundred Wins, One Hundred and One Losses Warrior</style>."
1733186272,238502f5dbde63ebf3f8d766f6010a38e0400680313bbcf4c1c0c57c126e2f14,Cannot place in the current scene.
1733220281,3daab6ef3b0b915d5f668a49cdcb92de4ae3c606cfaa966c0d8f786c23a92c37,Maybe we should figure out how to clear the thorns away from the building.
1733249539,f595a7d2914600f31e2b9983189987010631953121be880eb1b059c1fc811ef3,Stone Floor (Destructible)
1733274492,57f4199506d1f79c244d41aaf2556e377d94e76113b74d6ad26b598180fa2c00,Aniimo Gaze
1733301856,1793a9a97cdcfcd0476ff0f31423a71915aa44522f0ab2e358d461258be6574b,Get 1 Core Gizmo of random training style
1733311493,8b44c6412a888ee0efe8eef430b8a47db106af05f98b75aba0513bd3060bf79a,I’ll be your friend!
1733377911,5fbf0bed33396ed31be470a550bf6448286bdb8a57f8fb9e42e307f6b5e1f933,Iris Egg
1733393513,6a66fabfe236c6636ad6a5e53b3b7a2c6d0ab246e42b6b256ae36351326bcc8f,"Offers more diverse sofa combinations for better relaxation, making the RV a cozy space."
1733413866,e06af7cfaf3c84a4ec510f36aac778e9f746c1f8f6977ffadc2eb42184696172,Insufficient items. Collect 100 Voxel Coins before trying this.
1733426805,f7312de4babc6f6a402ea595a461e0ab9f16c8da5d462108f8a9bef0fd9fd8d1,Kinetic Recovery
1733431556,ae113d5140a2ef760d30980407a12fb6fc55ce77d8daacd6d654226d459b9411,Rain boots for your Home.
1733433689,095e66bbbeb93c920ef51b6fdfbc30a84bb130ce2bf210603c48f535b7459619,Want it? You’ll have to get through us first!
1733496736,1c33e6c4b2c5aeda1fefd18fa98b1451a9fae2fd354a5301b104c7d314abab64,"Standing on a high reef, they practice diligently to make their voices carry farther across the sea, as if convinced that one day, an echo will come from the other side."
1733519924,df64231706fae98d88f6d43aaa7183bafaf1fb5de4acb8eebc091e315f28f9c2,One of the rewards of upgrading Branches is increasing the probability of sparkling Aniimo. But it’s not the only way.
1733526091,dbd8351ab5b1b5d8d6390f25b84ed875ef3385ef88a5a42411f68ab24314ee84,Trace of Mystery
1733552118,574481e0fca74d0b245e9e45ed77b691a11330d1ca77e299a78b673bef7f47ad,Boy Resting in Blossom
1733564924,5f0f8b058aa5bf1329b6e1bb083daba537f3f6cfa3e15ebff091afe521ef77d4,Defeat Senior Jilly in Challenge Mode
1733574424,89fd3578cd27c4836974c814add3ee7b024e6cf3c97b83103fbf97e56e487ee7,After the host counted the audience votes...
1733587496,0616f0379332a3064883fcba6b13936afcf878fd01c58eff0dc0d8ca14398635,I’m so nervous...
1733595904,b64b3ef6cfe3cfcf171652b4165264402528040104903e8b0d573b262578e037,Lunara Dewdrop Crystal
1733626380,ac05c34adad2ecda3a97644ebe8cc234bba6fb2c7c32a9bfc20ec56ff66f825a,An Eternity of Waiting
1733689258,15be30c720fc5de8de5d3877c9424d4685bd812db14b3b430094d9aa385397f2,"A Bulbly who loved sea stories stood at the cliff, staring at the night ocean, unaware of what it waited for. One day, Pathfinder Hayes arrived, hugged it, and spoke words it couldn’t comprehend. It didn’t know that it had become Hayes’s lighthouse, only remembering the way he always said that word. Staring stubbornly at the waves, it tried to understand, waiting for Hayes without knowing what waiting meant—until you solved the ""lighthouse"" riddle. Now it knows: to wait and hope is to shine against darkness."
1733716416,c12651ffd449c434e6c4f5eb44ea347de5ddf5ab6de9202d7e93c58308c5aeb1,Perhaps they've dealt with this organization and can provide new Clues.
1733725047,2ba2bbca3fdbe7fa2b60f715caceef379cfe0f7361521b1a219cb695ec5f1301,That dandelion briefly returned to normal just now.
1733748628,508a6fb7d53524addfd4cedeb6ed1c6680cb1bebb5ffbbce15002dc97613e58b,Take a Small Gamble
1733753599,7cc12590e0f6ee8ddef8c021a9a20bc7a9d3cd6d478942ddbd6e097d0fdda7b6,Walnut Tree Seed
1733809149,e134ae3af822ae3094bc6251b80d94d2ebba1b178dc733208dd2ab8eaa05427a,"Pale purple crispy cookies dusted with lavender powder, releasing a burst of fragrance in every bite."
1733813029,6500d39b015a7be699a4970d34781def93412b579c280c6e31d894975ee43fbb,[First Visit to Whisperwake Isles] Reward Compensation
1733840410,7238d89fa15b44c1c6dcfbb11f047647d1fca664cc2ba82897ebebf80da39634,"Look at these insect-type Aniimo. Their bodies may be tiny, but they can build an impenetrable fortress like this.
They remind me of the little creatures back on our home planet—like the mosquitoes that come out in summer..."
1733840774,eabf8010ed72b2e0e7f7842df52bef7872b29f691de3e170687c71c6e55d8def,Getting to go all out against you was a true honor for the Battle Art Department!
1733846745,086f0d2acb5d0c92c8f6c8d247a05cbc865d3ba94f070df4d0c83f8ad703e1b0,Deploy at least one Aniimo
1964506369,086f0d2acb5d0c92c8f6c8d247a05cbc865d3ba94f070df4d0c83f8ad703e1b0,Deploy at least one Aniimo
1733846997,21320288302ade6b6262c1368686f0fe3076b62637b9d92c570e54326c239215,"The higher the Star Rank you earn from each individual Alpha, the richer the accumulated <style=Hint_BgL>rewards</style>.
Press #kCommon/GamepadCancel#z to close the popup."
1733876547,3d03aecc77bf608c143ee07dd6c6a39612178483f8a4699548e10569b06f8c63,A special soap block made for removing stubborn stains.
1733927416,c0bc58de4fc265b9202f36f092883807600bb94e316eaa95c73660939f50f2fd,Its flames are incredibly intense. It can even breathe a <style=Hint_BgD>continuous stream of fire</style>!
1733929092,e37fb2038b9073b912af61bef8b7d78164116d466114e2fec47cb5d0531bb7c9,Snowy Rookey
1733944197,0bd1e4c58951e5efdfe34f60a7801c79d7b53c8e3343ee8d6d916015a4d5af18,"Some time ago, I came across this painting. Time and poor preservation have blurred it beyond clarity, and yet... I feel its name is <style=Hint_BgD>""Warrior""</style>."
1733946715,e1b329d14a38de9455b704b580cad004db3bf9b5807a3925f980052f7b7e2c76,Going to get Big Bro... (Boss! They accepted!)
1733953333,3ee56a32eaa2e3d2ad7c8929e1acecfed70e3ecad0d4aa1ea595cb6f946fba7e,Obtained from Operation: Egg Heist.
1784059261,3ee56a32eaa2e3d2ad7c8929e1acecfed70e3ecad0d4aa1ea595cb6f946fba7e,Obtained from Operation: Egg Heist.
1733959671,5c88393e37e04cc2f8fd2d866d1601cff3ccc821110e445358d60ea2580e28ea,Ancient Giant Aniipod
1734003014,b833992953a738a549c8362ec818b1e53b02992bb8d7f2c1ee5abc4507efcd3f,Star Wish Lantern
1734045786,b2aaf41485c8c96ef31b6d38bab4b217dc5d624c224bc4b66b5552eb8772866b,"Oh, speaking of which, want to give it a try? You could fill out an <style=Hint_BgD>interest form</style>."
1734051043,629090f800f5a75628670fc16f751c6dd6103f4e03e8699dbb68022256a1100d,Flamerions in a different color due to altered gas composition. They like to sneak up and scare others.
1734090376,a8cf594a37e6257001e36dcdd1a8c4949f080ab4fd0917255dbb1dfac743d478,Today’s gift-giving limit reached
2073200443,a8cf594a37e6257001e36dcdd1a8c4949f080ab4fd0917255dbb1dfac743d478,Today’s gift-giving limit reached
1734104769,f23a2d86ea2e90f601356035947e57169433fbf1e053aed34145df4d565a17a3,The edge of the hurricane is extremely dangerous. Head to the <color=#D89C28>eye of the storm</color> now!
1734196761,5ad3acb2aa95c1eb7040a67d36cd4ee16efcd86bc1ab35f858b28cf05b50b831,Visible Rage
1889046171,5ad3acb2aa95c1eb7040a67d36cd4ee16efcd86bc1ab35f858b28cf05b50b831,Visible Rage
1734205933,d652e22d802cc3d558b619abc5affb02e5f8e927b68901c4033abffb1fd46e00,Open to get lots of Aniimo
1734210885,08eafc89227e21ac57a88d7d0c6437be16fb7c6084c744c1947a7b9174505c75,So how are you going to fight them?
1734242864,332a9f822c07ed495d0dc15419021bdd1e70a42203a952d795f2fcc68ec09458,Mysterious Island
1734410330,b5067bf8eff152302c53402c73f2f83600f19d78f05944a6434268df5f15212b,{0}d {1}h
1734443584,847665a486f081189336b0aeb254fef208345b369ac092bfc0ce3567f59a22b0,Lumin Collection: Breaking Through
1734454701,0b237113f94bc4e82b5f880ce52fbefdd96fe65ea4c9062189c7b68ca6865cac,Obtained by processing materials at the <style=Hint_BgL>Crafting Table</style> in your Home
1734478149,e9159c629a72d582a3a21f8d7923b2ea01030e10493943fb99d842cd5f7abee0,Not even close to being enough.
1734483457,f45431c5d92e684ae3d42dc9837028d671e8bca8bdef6a740a9b711da805acf9,Just passing by.
2062556655,f45431c5d92e684ae3d42dc9837028d671e8bca8bdef6a740a9b711da805acf9,Just passing by.
1734506195,24ea5793940949f1b614f29d19166a14caa99b0226b37e41042c9e770fc0f919,You know the Legendary Pathfinder?
1734506319,5799f08aa5686e58ea93dc22c86b7ee1f552f2e350a66828a8e71f7126574bc6,Prayers
1734508436,2ff05a9fa5c887d0e9b9522be3e8e3b4e3df622fcf694eee0e4dff3d72f454fb,"Evolve? No, Held Items aren’t a way for Aniimo to evolve. Think again."
1734540280,aaa68ad5f6f4c9b45582226a649faf3640c856be069176d330cc14fb409f852e,Set CRIT Rate
1734540508,2fb9d125d946138479b0d7fc967d8058ab1e6413f24a4d1ee84543f3ee28875c,"Celestises can fly, so he’ll be fine!"
1734544398,93e8851acb30068431e0880a2a79a68e232705590eabb5470e1ba0d9634e78a0,Where’s Shelly
1734551969,a9c038fd05584aa9091da0c5af98d5b150e887d6f6f07380e012533efccac888,Unlock Building Plot 1
1734592457,c6789d877ec8791845fb314499691b9876817d233e7826b1145357f6bebf367b,"A blank signboard, waiting for its message."
2016532341,c6789d877ec8791845fb314499691b9876817d233e7826b1145357f6bebf367b,"A blank signboard, waiting for its message."
1734609054,014f4e3ba4aca2f93455da12314346ab0901d16eb6af53db0a22dadc61badb7d,"The first dream blossom reveals a memory of Velouria and Irelia from long ago. Back then, Irelia had only just grown into an Irisalis. Though Velouria acted annoyed with her, she still remained by her side like a friend."
1734636616,954b7d52f5891aaf0dc4b5f0b9c61dc7091ae8e1d5b181a4bb958c06dcfbc9c4,Try On
1855004922,954b7d52f5891aaf0dc4b5f0b9c61dc7091ae8e1d5b181a4bb958c06dcfbc9c4,Try On
1872292577,954b7d52f5891aaf0dc4b5f0b9c61dc7091ae8e1d5b181a4bb958c06dcfbc9c4,Try On
1938091573,954b7d52f5891aaf0dc4b5f0b9c61dc7091ae8e1d5b181a4bb958c06dcfbc9c4,Try On
2015205417,954b7d52f5891aaf0dc4b5f0b9c61dc7091ae8e1d5b181a4bb958c06dcfbc9c4,Try On
1734650218,f816f411db6edb1b4956ce310162a5adfca9c4f549fbf0cf2eba328c59b9924f,"Green returns to the land, born at Crescendo Cliff, gathering into the Bell of Freedom."
1734655636,b41b709d0f859ad4def7605a09bef3d82f65b8cf713c3e45709c5d7558f61907,"These should be enough for knocking on the door, but we need something else to greet Lady Velouria..."
1734724383,b74d76b5bd19ecab0e98481e53e70c2142089c505b37f76f51852e3095b39804,Streamlined Assets
1734725362,2d0a82974bccfcbc38e9e197369b6d494d7630c40500e44e2a4c8d75d1d66070,My Blueprints
1734799941,2baa73e2f828c2bc20f7995530e8c24ebc80568839e86548c96e72a22774670e,Bear Paw Pillow
2146838842,2baa73e2f828c2bc20f7995530e8c24ebc80568839e86548c96e72a22774670e,Bear Paw Pillow
1734817998,8d51ef3eaa569baa5f0d99fc92cfbcdbb1bbda171171c82e529cd52c48da0e5e,All the forms are here.
1734821765,baf0acdae98ec7dd196d7d9b4484e61613a3e0d174aa5644d3bf5d169f4b7cb1,You’re not evil at all... What a waste of energy. I didn’t even get anywhere—back to my cozy bed!
1734873943,446a977389c83e9d54d73024657e50a5629f80098492401aa05085bb4abaf9f0,Battlebond III
1734934111,24a5eec03745002b2774f7a9d1ade5558ade3295745bd571606592b1dcdc5457,Jabster
1734974541,9108a748e1cda56e6a23d09b52ea6bbbb361e7ad54c1013cdabcf19f23dc314a,"With the right outfit, I’m sure I can become an amazing model!"
1734979446,0afc3c911cdc88870dfb7703a28019e0e4334ac4792d14f766236b42d52f162f,"You wanna buy everything you see, don’t ya?"
1735027310,93926074ec4b61bc07df9ce64a4a4cafeebaf22ae081aa7cc9fa95c5285bd1b3,Learn why this facility was built.
1735033375,40622cb0bfdc98e33f922af4bc4f9b6b39ba4338f93ddf29b3739d0665bf4dd6,The Iris customers have strong opinions about color. I will use these materials to show true aesthetics.
1735039119,6abae492ed99ece8145c5352813682b021c4b5231b405079e5730905941e723a,"Aniipods of <style=Hint_BgL>different quality</style> have <style=Hint_BgL>different catch success rates</style>.
Using an <style=Hint_BgL>Aniipod Ultra</style> guarantees a successful catch"
1735111134,765f9d0ff7dc78f29a41dbd54c9c95757d948b7d9a1af7d1b5c52e89318b2c87,"Well, see you another Sol!
By the way, since I won't be needing it, I'll hand this ""Ancestor Prism"" over to the academy for Research!"
1735125690,0d988b8b633f89643a6b547c4a1eaaddba7be5b13d2ad1fb613e5c5bca12cd94,Invite already sent
1735167150,81e0f2ce8911f5b78e8c2305a98f4048cc5625134fd8e5943fb6947b7ff79004,Bot153003
1735172050,d94c74fc7d2e7da72401a6eea0db08817eb7d7b66b1c7f6321da1c09f8d02331,"Considering your abilities now, there are lots of places you can visit.
Such as <style=Hint_BgD>Forest of Falling Stars</style>, <style=Hint_BgD>Sea of Flowers</style> and <style=Hint_BgD>Mistwoods</style>."
1735173668,f3f3eca2340984a18263ebadfc4722e903c1dfadf1ca4b62c07b1bbcb0aded4a,"What is this place? It's covered in murals...
Are these Aniimo in the paintings too?"
1735179306,dd063274dbf3087684866d1dbfea767d30aa6fe393b3b17dce4b94401284e3c9,Obtained by processing materials at the <style=Hint_BgL>Jukebox Dryer</style> in your Home
1735208967,d9303a9f61c2cd4d20ad59ec3aae60ee02e9eab4eaec818cded73b287371c2b6,Catch this Aniimo in its Break State
1735241258,aa1fd235e5fc8f1d241b523ac3b1fac31a20e0fc598e98dd66e9edfb40febc58,Unlock Production Plot 6
1735241652,b23072a990c0099fe2104dbbe6f9e3bd4fd9c4e2ff000d8d19d9a544beb99be6,Dark Shard
1735329038,3e3c6b2b6ad3d84f1de727a3f1e7fb0c1a2c94603a1bca922f5e8299c7ab7bed,"Momo! Finally found her, thank you so much!
She really loves zooming around like a motorcycle, so I named her Momo..."
1735374232,778a2b5c11e87560dcdc684a3a360f2df6d9e1195f3670dbc5b963cc833f1ad8,"Ugh... what happened? My head is spinning...
Where’s my Cozite?"
1735388447,feac0e86eb0685fa6af3e6bc1d5690c2314ab716d40f7f243d596def710286e2,Forest Dawn - Diamond Rug
2020597823,feac0e86eb0685fa6af3e6bc1d5690c2314ab716d40f7f243d596def710286e2,Forest Dawn - Diamond Rug
1735392921,393b79bcde27f7513206722c063af4c3bf96d2a8be9e700e876b23aac244efd7,"Accumulate enough EP and <style=Hint_BgL>press and hold </style> 
to cast the powerful Burn Breaker."
1735394662,49e78e84e5e8632603b76f1d890f878018d2aa6609b2585f7e2efab4df76deb0,Impressive! Your Aniimo are incredibly steady. Even this wind can’t budge them! Respect!
1735457447,f993bab2ed30a38224d677b3c53ce51f87d973ecd5871cbc51a57d1c301577dd,Training Route
1827903228,f993bab2ed30a38224d677b3c53ce51f87d973ecd5871cbc51a57d1c301577dd,Training Route
1735510577,e107947a4a81decd5c4eb95e3c8bd1615077811d029c470aff4d5b5bcf11a449,"Valuable natural spice plant with strongly scented spring flowers. The primary ingredient in ""Slumberscent"" production."
1735567318,575c768aac02a6adfc985016dfc5c808005402e3fd1dd801ed3afbc7527644b4,Did you secretly eat them?!
1735574003,5ee8023e2a2c08e9d4e9e77d965053bfaa96ac594a6001bacbadd2cc1f048988,"Another thing, Baleetles love hugging their balls and rolling along!"
1735679794,4032907951f24e7f09d3e2c51444cc9be2f5631b735008b244ee24fd5c793968,More responsibilities and mating rights. 
1735681840,0dc7db16a0c35dfaf88e343b25e263af790b72ff290932e9f70165d2fe06c73c,{0} new messages
1735695891,3ed4e08a7f8b0bcf7a6c8111201bfb56eefd18331121ea55ca25d73e923dab77,Woof!!!
1735696657,5cd40b2ec4d650e29f60498f8aed0dbb3bf716054eaf59159b7c8965dfdbdfce,Prismana Fenmane Egg
1735708125,202584392f9341f8f816d5c4d7f5658c65bd1350e274132d6ee558b76d935572,On Foot:
1735713388,bc732acb2a4049ffb3cfd74ba863f639160afae3c4627e7e6f4d1b529e0ad075,"Mysterious ruins, perilous battles...
Everything, all of it, was like an illusion."
1735755849,f2bf1e8d112dba921a66f027de4fb26e3887ad4e69ce2b3d7d391b863f8defab,"That shrine is mysteriously peculiar, there may be some unknown effects, so be sure to stay vigilant."
1735804480,4d45fedede473b85dace7ac7041529c6403e780ab7170b75d2857a622286df27,Place it in your Home to craft EXP items.
1822763701,4d45fedede473b85dace7ac7041529c6403e780ab7170b75d2857a622286df27,Place it in your Home to craft EXP items.
1944362466,4d45fedede473b85dace7ac7041529c6403e780ab7170b75d2857a622286df27,Place it in your Home to craft EXP items.
1735816034,223240f604aea5e23df29aa956b12ddf97a8c5a81f77ac4fa3ebbffdf7a41488,Seems like it?
1735837838,dec603e1e7e87a76d640468d2bdd3ca88706b5cc571a3fa0e374b46e521dd88b,"This shield isn’t as easy to crack, is it? Try a stronger <style=Hint_BgD>physical attack</style> Aniimo."
1735908347,e9950ae106d19b795d9805c832c23f7228f2e820d593c45293d444c98f18b390,Anyway. Did you come back to the beach to see if I’m a worthy opponent yet?
1735938195,f98f796a7adcf6f15c2129e7be600af12a84bf1591d5deba91cf98304b45f8d6,Elena’s Doubt
1735943756,4f5540942b2bb5b4e653932b765caaac61df315dff88f6b2fdad776cf8b97007,"Idyll is just incredible... and incredibly mysterious.
Even the Idyllians probably don't fully understand this world."
1735943778,5bd1dfac9255379f6d8b8dc9b864530093710e94845d5671f7e670c4364fc3ed,"In Command Mode, if there is an attackable locked-on target ahead, press <style=Hint_BgL>Attack</style> to give a command. Your active Aniimo will then fight automatically in the <style=Hint_BgL>direction you command</style>."
1735946911,919658e0704b9e709beb845fd0b733c85699be175b6389f438c0f0fac85dac66,Affinity with <style=Hint_BgD>{0}</style> increased by {1}.
1735975560,1d705c453514e2c607d842e0d471d9e3d5247f5ddb95cf93e7fc14c2e67c871b,Daily Gift
1736027356,1d75696a0aa493e4d19916cbe2e5268df30099a91e45f5836a304b180ec5cee6,Snap Prompt
1736062157,07ad7d85f82551624e6d31d076d125083695d383f9ee1c7ed3821034aad219d2,"Increases damage dealt by <customRichText(calcData,buff,4001041,param0,1,%d)>% for <customRichText(buffConfigData,4001041,duration)>s."
1736078514,c6e52a8d87552b8371bc31c270caa75f471f08d55c03378551357255eddf84ee,"If you see this thundercloud coming at you, run!"
1736080325,ba5b8ec96d0aa75b6aa82e7b954a8a26308fd260a171ca5126c5704b09231cf9,"I heard there's a huge Legendary Turbo sleeping there, I really want to see it!"
1736122394,aa8ffcd77b4308775bb3150159a9d3a3bfe975e53bc6cee33ac92d2bd2feae88,Banana Tree
2006229562,aa8ffcd77b4308775bb3150159a9d3a3bfe975e53bc6cee33ac92d2bd2feae88,Banana Tree
1736160835,0cca0d0e45540b5ca5f69efe9dc6f9cd13b76cbb271ffebe3fd3fdbc726835e1,"Your dancing’s really nice, but let’s not put our Aniimo through this..."
1736170607,95900be744e6fa20c840a194c2b2a44593ef3872e080e4390d786e992ad5bceb,"Gwa ha ha! Fire, obviously! A celebration needs a big roaring blaze!"
1736177695,b7394f1143ecfbcddaeb4e9122aa1f1a96e47c46512ab8075c79eb3781bb7bd1,"When hit by certain Skill ATK from the Squarrel Family, it becomes enhanced."
1866626406,b7394f1143ecfbcddaeb4e9122aa1f1a96e47c46512ab8075c79eb3781bb7bd1,"When hit by certain Skill ATK from the Squarrel Family, it becomes enhanced."
1736195518,c338effd3120b75dfa169f8232ee18c4f9236e4f965360709f85ce056ffaad9f,"This wall cabinet hangs well beyond an Aniimo’s reach. Whenever you open it, they wait below with eager eyes, hoping something tasty will fall from above."
2135308284,c338effd3120b75dfa169f8232ee18c4f9236e4f965360709f85ce056ffaad9f,"This wall cabinet hangs well beyond an Aniimo’s reach. Whenever you open it, they wait below with eager eyes, hoping something tasty will fall from above."
1736226225,20fc7d2712bb46a076f1c24522226aca7a258b88476485a471abf814f5d1e8b5,Photographers are like the eyes of history. What we take with our cameras are just frames of time.
1736237285,591652fa5a332a5cc0d516b6fb10029ceb8981b4ee705089ac7d17337ea5b400,"(In Helmspeak) Since you’re the best toy in the world, you can surely solve these <style=Hint_BgD>two puzzles</style>!"
1736268208,6fde31e96ecf31e5a2cc77394b41a6ac95d71bb8622c6c3abd24d0e8ef4097f9,It’s okay.
1736276325,f094cca4d95492aeafdcc57bdbed0e1b30953c22283c961081016257b8ed431b,"A clear glass tea canister sealed with bamboo and wood, designed to preserve the tea’s natural flavor. Keep it away from direct light."
1961226770,f094cca4d95492aeafdcc57bdbed0e1b30953c22283c961081016257b8ed431b,"A clear glass tea canister sealed with bamboo and wood, designed to preserve the tea’s natural flavor. Keep it away from direct light."
1736292268,d82d3cbbdb2d310b19bbf4dd536bcb37d7eff79f4fd55f1d03b61ca0a6b1375e,Bat-Ear Eavesdropper
1736333483,42a3fdaf8f0690b8371c8353d8d677a2d6e8310c4b783ec5d1aef9eaca8c7db2,Check map for sanctum exit location.
1736368965,9184f231a8be59a9af177c88b8f5f1ed54360a6a6e77f0d423a51373b9cb938f,You’re actually... a human!
1753360420,9184f231a8be59a9af177c88b8f5f1ed54360a6a6e77f0d423a51373b9cb938f,You’re actually... a human!
1736379985,7eef2e472123789f0a561a2dde7e46e08364ec8824b67dd8e279a84b620d25d6,Doggo Dude Pack
1736466516,d22eeb6240dde4d742bd8d15c08f306574835b0d87c12ef28756c9b253b3fc61,"Each time <style=Hint_BgL>[Blooming Mark]</style> triggers, the Alpha restores <style=Hint_BgL><customRichText(getConfigData,extra_random_buff, 3003001,param0)></style> transformation energy. This can occur at most once every <style=Hint_BgL><customRichText(getConfigData,extra_random_buff, 3003001,param1)></style>s."
1736502530,d499d25066ee02602977a3f0da7bc4264bc3f06c5d6107137d095f1638754a6d,"Next, a much harder and more challenging level."
1736504344,5561199160f4718b235bd6b83d4da71fb74e1d83f5d5a93ddfb977a7f9fdc6ff,"Aniimo can't speak, but that longing and nostalgic emotion is so strong...
When I woke up, I was crying, and I immediately made several calls to Astra!"
1736505271,c99cd3821a08bb28ecda92408e3e6f89f868b345c99caed75b5acab87a9451cf,"LEVEL
UP"
1736514394,c30656cdf13943900344050103f2d9e31e6940433b0fc0a5cfc998a7c173db5f,"Crit Damage increases by <style=Hint_BgD><customRichText(getConfigData,rogue_talent_data,33,param0)>%</style>."
1736560441,e12bb33b6a98b2b9dcd04a08d708312ce6e2939034a0d344e93027934d3b4a85,"While climbing, you can use <style=Hint_BgL>directional keys</style> to change your climbing direction.
Climbing will cost stamina and you will fall down once all stamina is used up."
1736589954,665a2ec113a3311590b2977471d8da84e532a6bbd77fed315d5df3842dd87d73,Aeon
1736643937,0257d8c26aa6900500eac85a4926d2f6b98da46d9abbc58a789e55e727f655c5,Press #kHud/ExploreSkill#z again to burst out and flip over the dirt mound!
2124760745,0257d8c26aa6900500eac85a4926d2f6b98da46d9abbc58a789e55e727f655c5,Press #kHud/ExploreSkill#z again to burst out and flip over the dirt mound!
1736658161,747f9dc34b2c6b86897e4c16c6dbf4356f61a1fc63ff047c180e9d937cbb2910,Get ready—<style=Hint_BgD>take it down</style>!
1736665008,ebc329a1c7b8638c20531afef096d4da7e2fd75880cce4fdb55dc48f3b28e990,Wear sunglasses to show your coolness!
1736685155,55ce48c4081ca966529360026355900ade07db8858f9d2333e1cdea0e65bed25,Red-Rimmed Nimbi
1736701761,eed4bbf7edf0f1b3c034fe76b3e9473ad409d10f02310ab3ba24cd522dc06320,Default backpack with only 4 slots.
2093153632,eed4bbf7edf0f1b3c034fe76b3e9473ad409d10f02310ab3ba24cd522dc06320,Default backpack with only 4 slots.
1736716193,2b68f792e67ccfef5d77df756a3e1927cefc5fd2864c58b2dbbf12a14ebb5265,The giant mystery egg has been retrieved by a Pathfinder
1736719053,7309570052f7da57a53f4b215ee87af12966ae84418c2155cf97e4482a26f880,"Inspiration needs no waiting, the future is ruled by hip-hop! (Deprecated)"
1736721909,bbf972590db34414ddb9877ca787de79339a0935539180b5dff4adc8544f7236,Challenge Completion Time
1736740425,931804bf58d251f79dd13f0a90b75a8c9dc21b7c660b004cc1009442a7cc69b0,<style=Hint_BgD>Complete all level 40 training</style>
1736753670,1e8d65f7d628b076ca6dfdc8507e7cde990ecb3222a9f192d2e8b15b4fa4cbac,Outfitted with professional-grade cookware to handle complex dishes. Cook gourmet meals and enjoy a great sense of achievement.
1827228426,1e8d65f7d628b076ca6dfdc8507e7cde990ecb3222a9f192d2e8b15b4fa4cbac,Outfitted with professional-grade cookware to handle complex dishes. Cook gourmet meals and enjoy a great sense of achievement.
2058978299,1e8d65f7d628b076ca6dfdc8507e7cde990ecb3222a9f192d2e8b15b4fa4cbac,Outfitted with professional-grade cookware to handle complex dishes. Cook gourmet meals and enjoy a great sense of achievement.
1736766644,1f8c250e25d57df86ba8250fe444af9b69fd6a2b4e1d18d57ca24a1388a5505e,Companion Handbook Free Level 100
2056742041,1f8c250e25d57df86ba8250fe444af9b69fd6a2b4e1d18d57ca24a1388a5505e,Companion Handbook Free Level 100
1736782476,df4d317a78901ed54ef36985c0c5eafa1407a25a932dee9bc1f4ef055e8f9547,Use to unlock <style=Hint_BgL>Harvest Moon - Crisp & Sweet</style>.
1736800024,d6b2cf8bdc607df8ffaab2e0296da484b8a94633a650b4af1379cc93d54344b2,"Small mineral ore found in Pebbling Cave.
Can be sold in the Inventory or at the Co-op Store for Home Coins."
1736800650,5d961e87d6a6a59a31a9123d02b490f0ef78fe49cff7c77534a184ef68631a68,Baleetle and Wisptis in this area will be friendly to you.
1736844247,bf83c56fd0b489bfc6eb86d5e34d231c06a2a4c159660e7e0836fb7067330452,"Forget it, I give up!"
1736850837,4ae7ef57bf47a7262fbc7b6c4253a5a578c5e70f0ff64e66d895b3ab106993c5,Enter the objective screen and claim your reward.
1736923690,0026a29413c6da2d61ae6da63d6e49d7097576af8056f89d39a933e0219dca96,"Hey, you! Over here!"
1736943311,6e51be8a4380dc26fbb875da215dd5af804356c6ff196980aa9f5f306496dd32,"Then go, Lumin. I wish you a wonderful journey."
1736955271,aa8504db2e5da2817e63c50f8c37ce0508a2258c92861a733050e5589a3456d1,"During the event, <style=Hint_BgD>every season-limited item</style> you collect (such as season-limited crops and season-limited furniture; tap to open the Season Index for details) will grant Harvest Moon Points. Gather more Harvest Moon Points to unlock the <style=Hint_BgD>limited-time rewards</style> of the Harvest Moon Festival!"
1736993557,e85608d7f9de33e0c9714c1d09ed327ea557cdc259ef2e6169398ab061909148,"Aniimo bring back at most <style=Hint_BgL>1</style> Aniimo Egg per trip. The <style=Hint_BgL>longer</style> the trip, the <style=Hint_BgL>higher</style> the chance of bringing back an Aniimo Egg.
The Aniimo Egg’s family will be related to the Aniimo that went on the trip, and it has a chance to inherit the trip Aniimo’s form and mutation, even the rare <style=Hint_BgL>Prismana Form</style> and <style=Hint_BgL>Sparkling mutation</style>!"
1737021528,a350dce688f457bda31a08ad283b62a8a26732a3659b1e8a30fddf72c593e1f2,A faint aura of a strong warrior... Are you joining our showdown too?
1737052262,bce28e2d180edc69651b91be6e9e3d45c5448e44e0ffb3cc87f08f3435ee1bf7,"Creates an independent music space and deals damage to the targets within the space, lowering their Lightning resistance by <style=Hint_BgL><customRichText(calcData,buff,2112203,param0,1,%d)></style> for <style=Hint_BgL><customRichText(buffConfigData,2112203,duration)></style>s."
1737054683,8603158b0cc4c9a3fb573782c803005be4e646a1e428cd92b1824c1a07ebf932,Emblem of Allied Triumph
1737061831,6f2af14728eb2b513f6b3cdc4271d23d0856ad2933e53c1f685c906a9e1b3683,"Come to think of it, I should thank Lemon and Koko. They were the ones who inspired me."
1737096520,0431a4af9a52b0339b95b521d90db734f8736f60ddbe36998854dc0d0ca0f21b,Use fire to melt ice
1737113410,f699eecb814ad2399941533a716cad79e33bee98fd2b214743ba45cab0045a81,Phyllis
1737150368,3a4413973d2a11f7a0f7f672018479c93e1049d43485e3887677e7940fb3ef12,Retro Polka Dots
1737157086,c3bb0e3e38675709a1d84a4add0ee056216f4f55f496628a53f07d5c60ade3a8,High-Frequency Damage
1737171565,d3df0c5891a748d69e6a5769e2312ba14bd81b94c1e9e28f03af22c326a4efbd,It’s snowing in {0}! Chance to get {1} is UP!
1737633528,d3df0c5891a748d69e6a5769e2312ba14bd81b94c1e9e28f03af22c326a4efbd,It’s snowing in {0}! Chance to get {1} is UP!
1737193156,24925e4b3e16432c6830b1c195603ffa2562601de70815398f55b2c8154806eb,"Giant rocks like wolf fangs tower over the mountaintop, where Emberpups and Boneskies make their home. The two groups often clash in fiery and icy disputes over territory."
1737197597,6c3062b05c245a922e0c6f17c7039e6728e01a15e326e88a52798fa7af5772d5,Number Selection
1737288016,e0192be90987da766a28960ec5f059e90e7de6ee5421c364563217f1ab4e9d5a,"But before we could find our way home, we woke up the grumpy monsters inside, and they kicked us out!"
1737386499,53bdafb48e6d935ff80caf87d79ee54068ee0d33df503376df4b276b63e60b46,Y-You... You’re... my... best friend...
1737415435,627a7fa24031bfa127e04967f76a3dd0f5d93dbdc6f02da12cd9e28258f09965,Unlocks after you complete the Home Season story quests. Check your quest tracker for updates.
1737417968,c3c36e7aeeb07033032276268bb0400edfe95f125400f055ad3f5418080902e3,Weekly rewards fully claimed
1737419184,9785baf8e5c79739146f67f020cf61aa9ea6193ad3b74e094252ec293fa0656d,"Viffo... I’ll stay here and be your lighthouse till you come back to me, with new stories perhaps?"
1737440619,a697428c8c2247be44e0245303bd32c7250e460f7c3973b8c73825a7c5607ab2,Used to build chimneys in your Home.
1737487508,4a8edd291fc88525673e057a81bf46337240deef09d1f2975a96e08dc3d587ee,"Rest up, partner. Looks like that challenger is dead set on stopping us from finishing on time."
1737518257,581c0a2ce46c676307d6499e67f7c87ad715607ac0ebd488104f8b11ed783a74,Lethal Thorn Emblem
1737550877,9e6dbc2af76f6e0a0b79c9b52cdaf2be5f6c5066861b6b54bbd3e5867678643e,"We want to make a rich, aromatic coffee that Fragranciers will love. Please send us high-quality ingredients."
1737616678,075a0cb5e31dda76f94e008db82e0e2943b619adbcf60ae677b7aa0b6ad36a23,Multiple Pathfinders are making purchases at the same time...
1737625746,710fa1aa0f30d54518291acc2fc57c33218172526dfa9478b6a02d1de59cbe64,Leaf Whirlwind
1737625955,80f9455065c0defd485cf55a908840dd11acaa0c901da90ffea9202fb691de37,AI Translate disabled for the current page
1737654495,a4c8a4560f4e387d4e7b0ba9f92f86f18ad263b8e7f0c3863a49a211168abf92,Upgrade Once
1737665724,405c3d9acea5807253f8dcdcabbda1ab30ac0ed8c1700eb736842d44a5373a6c,"The Institute is planning to hold an Aniimo knowledge contest, and our gift shop needs to sponsor even more prizes!"
1737722093,4c543c5755cf81735108c58fd918a90081552b09e57f3476a49a342e98d81b20,Randomly obtain a Rare Gem
1737754487,f168fd614704cf63a5b185f7c1f182ddf3906bdeb7992ef5b1a7b81b1d05d61f,"During battle, the Alpha will unleash an <style=Hint_BgD>Ice Prison</style> to restrict the Pathfinder’s movement. Use <style=Hint_BgD>Fire</style> skills to destroy it quickly. When the Alpha uses <style=Hint_BgD>Tunnel</style>, ranged attacks <style=Hint_BgD>cannot hit</style>, but Pound skills can force it out."
1737768416,2496653fdd97e69a10de849b6eb7df4c3b8fedc18018cde5eb5af00570930bd2,Brave Helmut?
1737769276,73dfbeed02419dcb181024faca51b3115da31024926823ac760dd5c1d8f45c1b,Barista Xiao Cai
1737772640,1f0612e1112c291688ee39c2895b5a7f839370d1765ca98533bbcc1d0ecd8c34,Unlock the Luminelle Avatar
1737866067,5ecc8a40ea85e52614aa7c76c838570dceee4205eb3792a948f409acae2ebab4,Ice-type Damage
1737874268,93897ec11da53406a5c9c9542ebfd089628ce4cebbe34d36a9b0ca9a49275bda,Copy Transport Clipboard Coordinates
1737879323,0f17a4c21f2d57f0cc2f1b15be9cb19a33d6cbbb18c33e9b4b52acedbd3972bb,"And in the end, we came up to the second floor and rested here together..."
1737892687,68e4e8479fbc7d9f7c616a914bb976c2007f6fceebaac98eb9c78ae9fe7003ab,"...Looking for Perfumery materials? Very well, consider it training."
1737898844,8039d908f7e8ec8bdbb341526cc28ca78d0fe3340cb92b69d6798e33dc3ae71b,"The Lethal Thorns have the hardest thorns of all. Be careful, or you’ll get pricked until you cry."
1737902215,feb05f543d12bfa7eeffa2b642fc5ef493630e5da8a957703454a23774684c15,Name Blog Post
1759716022,feb05f543d12bfa7eeffa2b642fc5ef493630e5da8a957703454a23774684c15,Name Blog Post
1737923085,b5b9474353cbe25c502cfe73f4249308abab3066a95013f00b8121a4a5683826,You went that far?
1737929927,b205e69ff17a3e72ab56f611333c21c8484ebf19c22a819d0f7ca54c0a788a54,Not in the scene
1737959493,2b0c88d1b9b7b9dc80efa02ac2afc546fde9a4980ea56b4df7e91d5a6259ebb5,Uh... Why are you looking at me like that?
1738113205,4c93b19a3e51f2d5ff5989c04c6f7d8d303d446d37d5926c26a0c586c7d5fe93,Waaah... it’s it. That’s exactly what it looked like.
1738141907,0137ad2fe7828b811985348a92e60f51efd5005dd2a277c34d7ceec10526affe,"Would you like to give it a try? I have a few bags of wheat seeds, I’ve put them in your warehouse."
1738180142,8dd37345608bf4df96122126963cf8c67e9b30892b561872188db9bed9f63b3f,Super Rare Egg
1738208683,fb76ca8f2064ba24f7f6899e0329fe41faa756dc58eb284fd2fd86e0021ca834,"Yeah, that giant dandelion in the distance. It's the symbol of the Veins and the sacred tree of Idyll."
1738219846,473ea6a02824a483547290dfbe4ae6ffecafcd7fc9fa968e013c67e80727e52c,Companion Handbook Premium Level 84
1850908036,473ea6a02824a483547290dfbe4ae6ffecafcd7fc9fa968e013c67e80727e52c,Companion Handbook Premium Level 84
1738228929,f1554ff7b34a82cdf0dc60ecf3e680251dc41d47243b2f18b64f44ab3dccebd1,We’re designing unique outfits for Fenriers and Flameruffs. We need double the materials.
1738258312,f09b0a0bbe35101721bdbd42813c7bd009895d099daccbb0e40b30fef20f5a00,That’s Art! Not Scribbles! II
1738270418,fbbb27214de1b013d877e1a467743cd7796d010a6c10acfc5b35abd70c2d05bc,Might as well observe since there's nothing else to do!
1738272183,ddd92394166dbfffa34dc797c25726fa3fae2b0753d12ac2b5723977a79b733e,"To celebrate the Harvest Moon Gathering, GoGoHomes has prepared a batch of special seeds that only sprout during the Harvest Moon season. It’s said the crops that grow from them carry a unique blessing of the moonlight! Plant these seeds and see what surprises they bring!"
1738281800,3ec843e2c9a482c5a1fe1997e39a7f0b9077a2b82a5e58662202c16c8a3c0edb,Off 0 / On 1
1738393580,092c2a1fd928b70b196ddc3d8d4a9ba3f9b2b7bef1123c4696730cea43b77198,"...Treating them as a population rather than individuals... an unusual movement pattern...
Such a unique response type. Almost a miracle..."
1738403368,5d362e8f95bd0c13ab0d9a9833f6d5711c9d59b8546aa2138123a53a75fcbad3,Huh? ...Thank you.
1738404152,a30132ebe4808ba92993326c42d643d3e9d8d35334f90fb6b683020cb42a9c7e,"Congratulations, Wayfarer! Maintenance completed successfully!"
1738430887,078059099cefda460561df23726701a0660df54172c840e298ce4d2c8c7b70ce,10 catches completed!
1738432748,57b7c70676fe06ae0c34642087ac2d5f4c7cfbe7ad6dddb89ed97ea359365e25,Light-type Boost
1983192475,57b7c70676fe06ae0c34642087ac2d5f4c7cfbe7ad6dddb89ed97ea359365e25,Light-type Boost
1738449178,cc8c7997c14bc2376d9103a26186f444c42db92b575142cb9e23fc3389b3832d,Capaseed
1738468040,ae5859eceacb8896e342285cc697d159a0107f1347a2fb94382029f2226d5444,Ball
1843242140,ae5859eceacb8896e342285cc697d159a0107f1347a2fb94382029f2226d5444,Ball
2027848297,ae5859eceacb8896e342285cc697d159a0107f1347a2fb94382029f2226d5444,Ball
1738474774,ca094169025cbc50dfb8dbe2541b5d20aa967a726848805ad1ab30193258427b,A bright orange-red building block for all kinds of structures.
1911973924,ca094169025cbc50dfb8dbe2541b5d20aa967a726848805ad1ab30193258427b,A bright orange-red building block for all kinds of structures.
1738487721,92f82e0a38a6f0ae2426cb08350b468b74cc35935d0238246e3ad699bd24b75e,"Defeat the Legendary Aniimo
B: Complete the objective"
1738495539,677b9b82cb22df3d86896bc4c4163a95121a787daf5896b85171c9008adf59d4,"+<style=Hint_BgL>{param0}%</style> skill Damage Boost
Restores <style=Hint_BgL>{param1}</style> EP after using a skill."
1738551306,35b2c63625ced513cbdce797f5e5ae8442fe0b7d3e77cf5413feb4453daf48ed,Obtained by collecting Aniimo.
1901460831,35b2c63625ced513cbdce797f5e5ae8442fe0b7d3e77cf5413feb4453daf48ed,Obtained by collecting Aniimo.
1738572381,943f4344186ab95ff753855fa757644f0ec5d70602064751c4063359a63db60f,Skip reward item deduction (1 = Yes)
1738574170,8ef80575ecd5cc3f7d9a466bfa43fc1553cb20bfb5ff6ef1234d69eaeefb5d39,Sanctum +1 item level Elite enemy
1738585080,d73d147a6fae081ea46fde720de5739373143e949e3be56e7e8418ed0a982f9f,"No, not the ninety-nine Aniimo eggs I bought last time! That’s all behind me now!"
1738610281,d1b531709b4fd9e8f02486c77b88707c6fb5e38c5c1b31e97700ddc806524f67,"Graymane was one of the most legendary Flameruffs in his clan. He carried an intoxicating scent of flame, a trace left by countless battles, as if every strand of his fur burned with fighting spirit.
On the day his daughter was born, Graymane stood at the entrance to their den and looked toward Thousand-Fang Ridge in the distance. He made a vow: ""Someday, I will make that tree bloom for me. When that day comes, my daughter will know her father is the strongest Scorchhowl.""
But Graymane had one fatal flaw. He got lost very, very easily.
Whenever he set out to challenge a powerful foe, only one-twentieth of his time was spent fighting. The rest was spent finding his way. He once took a three-month detour to challenge a Glynsera in the north, only to stumble into a Bonesky family’s territory and send them scattering in fright. He also once chased prey all the way to the edge of Bloomville, where perfumers mistook him for a rare source of fragrance and chased him for three days and nights.
But Graymane never saw it as a problem. ""Getting lost is training, too,"" he always told his daughter. ""Every time I lose my way, I meet unexpected opponents and learn unexpected things.""
His daughter grew older and slowly got used to her father coming home late. She no longer worried about whether he had been wounded in battle. She worried about whether he had gotten lost at the ends of the world again.
Then one day, Graymane told his daughter, ""I am going to Thousand-Fang Ridge. I will earn the Ridgeback Tree’s recognition, just like Icho did. Once I make the Ridgeback Tree bloom for me, I will come home.""
Graymane set out.
This time, he did not get lost. He found Thousand-Fang Ridge without a single wrong turn and stood before the withered Ridgeback Trees.
But he failed.
No matter how fiercely his fighting spirit burned, the dead trees gave no response. They stood in silence, as if quietly mocking his weakness.
""Maybe I am still not strong enough,"" Graymane told himself.
So he waited. He heard that Icho had appeared, and that Thousand-Fang Ridge had bloomed like flame. Graymane saw hope. If Icho could do it, surely he could, too.
He challenged Icho again and again, and lost again and again.
""As long as I become the strongest Scorchhowl, the Ridgeback Tree will recognize me."" Graymane clung stubbornly to that belief.
But what he did not know was that the Ridgeback Tree had never bloomed for ""the strongest.""
Day after day, year after year, Graymane changed from a spirited wolf in his prime into an old wolf with gray-white fur. His fighting spirit wore away with each defeat, and his flame slowly died beneath the withered Ridgeback Tree.
Then one day, Graymane realized he could no longer leave Thousand-Fang Ridge. An invisible chain had appeared around his feet. It was a shackle he had placed on himself, forged from his obsession with ""becoming the strongest"" and his shame at going home to face his daughter.
He became an Inferlupa.
He no longer got lost, because he had nowhere left to go. Trapped in Thousand-Fang Ridge, he withered alongside the Ridgeback Trees. Sometimes he remembered his daughter, how she chased her own tail in circles when she was little, and the sparkle in her eyes when she asked, ""Where did you get lost today, Dad?""
""Home... home..."" Graymane the Inferlupa murmured. ""Do I still have to keep fighting?""
What he did not know was that his daughter had never blamed him. That little Emberpup still waits outside the dead forest, believing her father is only a ""lost fighter"" who has not yet found his way home."
1738653185,9dae5dc29a012aeee88d95d855febccfed4788c58ea3c2227d36915cab2a47d7,Warm!
1738670591,5a093759f6b2973fa48a238954c5eff15a4fbe6fc026d0e0baf02ef32daafe0f,It’s an immersive holo-drama about the civilizations of our homeland. Definitely worth a watch.
1738696189,c90886e04435b7ee55775793ad2fdaed8dd8e6055f9bb7ca7248f9c9d8f47949,Sea Spike
1898719077,c90886e04435b7ee55775793ad2fdaed8dd8e6055f9bb7ca7248f9c9d8f47949,Sea Spike
2116580390,c90886e04435b7ee55775793ad2fdaed8dd8e6055f9bb7ca7248f9c9d8f47949,Sea Spike
1738713046,d61aa631273377b3d516b82137d495f31c36c164c4ff09f702c4f4ea2b5a6f2b,"You and <color=#5b91e2>{0}</color> are now Illusory Friends!
Illusory Friends can pair up one of their own Aniimo with one of their friend’s to create an <color=#5b91e2>Illusory Aniimo</color>. Now, go make your mark together!"
1738728561,6f8b5a5479d60fcddcb650ab41ab94fa4f7de255f707a815cf3ecf4ee4899c75,No need to be nervous. Anyone who can establish a Twine with an Aniimo—even just one Aniimo—will be granted permission by the Branch to move freely throughout the Idyll Continent.
1738745152,260996258dbd9e2ad1439abc6e5337980c417c4d80bf3ba53f3fc718179bd10a,"Bloom, crimson courage!"
1738815572,e43ecad2c09dae0e6036cfb2063f599d0b607e01c7c37b32b37d68b93a516f66,"Sharp lines trace an upright figure, bearing a proud and unyielding spirit."
1738817594,ab21495176254f611691c199a5730217d60d57a31779851dd0b6b39db9240b73,<style=Hint_BgD>Metal Eyepatch:</style> The perfect choice for a masquerade.
1738827926,7b0793df7c71414ae84ece1b34f6ac4665b465a88916ecc8b2487793a2d92c28,"Claws a target, dealing damage."
1738848390,be4e9a5ad8a489b754d369220c1624e9dffbe9dd44b3ffe0c13dbf55b3d8d3ac,Investigate the Vein Rift
1738853927,b88c05e20c683c8a166c6aa0f3717ed26e0cc74e013302e0fa18e3f79ec3f7b8,Next time for sure!
2142259491,b88c05e20c683c8a166c6aa0f3717ed26e0cc74e013302e0fa18e3f79ec3f7b8,Next time for sure!
1738862195,380ef74fd9845ce7af356e19446ceef100c68db2f2b264dcbf6b6c38ecdf5d01,"Increases Fire damage and Fire Resistance by <customRichText(calcData,buff,10094,param0,1,%d)>%."
2065370778,380ef74fd9845ce7af356e19446ceef100c68db2f2b264dcbf6b6c38ecdf5d01,"Increases Fire damage and Fire Resistance by <customRichText(calcData,buff,10094,param0,1,%d)>%."
1738909393,6ea4ce12e301288a609889d61833bd809d452b7986aa2025cc22216bdb7cb9e3,Reach the rank of Elite Egg Seeker I in Operation: Egg Heist
1738928862,fcc32d524407edbb7cb36d2a097978f0f246f83f7286d82088b30d34642fec62,Selens?
1738939671,514f7c78e572d4dde5f0ab7e9988e4af1cdf61cbfc43133686ea11bb90ee942d,[Test Supplies] Progress Resources #5
1738977537,1d7399effed914a1fcb3d5266f2c74cf09132e0e4b3970ff238c9ab007e621a5,Use to change an Aniimo’s appearance and give it a new look.
1739010441,14bb81889acfe358db9e3a048b9c12edc5092d55a9a940bd2e241eb07fde372c,Time to offer up some Lumin Amber!
1739065093,05d9302e3546fbf28b9eaebb9f23ff1e7b81d9a9d4980aaa9e1781ad5faac70c,"Alright, let’s begin our assessment with a beautiful song!"
1739075515,f6f6440314b37ccc9f9843d1006acb510c0e446bd50d1d8b27e8d900c203765e,Magmarex's heat has reached 80%. Use Water or Ice ATK to reduce Magmarex's heat!
1739091919,d5880f044a31dcd265a234eeaa95c3b6be1a0059dc124581c11587e87e08f5cf,Are you sure you want to teleport to the corresponding Home area?
1739148239,2cea1b115de5449a788f92b5d28d74b762e7d45499f7e61a8d4585bdae37dd29,"And... and... when I talk to the ""Hair Dryer."" It answers me with these big gusts of wind... I really like that."
1739177001,e09488b66b2d8626f2f38f857d8b68a8526e1d61f8f2899c810ed212ed7970f0,"Extracted natural grape sugars concentrated into tiny candies that capture the fruit’s sweet, fragrant essence."
1739210855,ed17f17840fdf2a8bb42f2954b296f5f5141ba99759588f1ece3bf21a61e3fc0,Egg Heist Shop adds 2 extra half-price items.
1739213641,cfb66e15e4d4e263c966388f1579cb6b39490bbcef8fc356dec4c1575b877252,"Next time, or maybe the time after that, I’ll beat you eventually."
1739246119,49b97b314937e3f18b9c4c989940706c9d5c772cb2def8164d23b239fda16312,Ancient Stone (Small)
1739249050,3e01000901e7f3cadacb7c45cb19bddf0acec7f800de12e47a63b34b53525595,The group chat has reached its maximum member capacity.
1739278456,7f861c2f7319937402398ae547c931066517091dbceb9a09223ca3b9636acb74,Push it.
1739354242,751c1f13d518c9380b59963b09cef76b6a1f49b26c0abefb846363a77349afdc,Blend into a floating Nimbi
1739380919,dc6fdc37b63f3c07f7d3257a38f9d24deaf531d98bcc5bcfdbbc26e5a415e2c0,Velouria should be just up ahead...
1739428970,595120cc22286414368812d65bff93598db2b9b0ea2dd4ca782ae3124dfaa1a2,Coarse-Sifted Ore
1739449975,81fa1735906c1422268ddde1a3baa09d6b4be4634a75a8f849eca3cd4af9deb3,Title Prefix (leave blank = automatic timestamp)
1739481128,39c2774620d3e0821dca3e7a74d5df1dc5982c1be07d9634f28fb5f3b3f364eb,"The gossipy Emberpup darts off like a streak of flame, eager to carry the tale of revival across the mountains. Before long, this rekindled legend may echo far and wide."
1739498175,d0da996ac1ae2fbbef7a3941dbf1c6b16408eeb87ed50b6fae9c64e295bb321e,"You said, ""How am I ever supposed to set off on my travels without worrying about you?"" ... That means you worry about me."
1739511450,094fa12b3e7e5e9002bcfa50a4ce8b9b75d846b3a901ca313a2b3323e82b0d69,The Legend of Icho
1739525549,7a1e70a38995effe4d188c015b88796e82465e522b5d828dd8242e06811d58e8,Stellarys’s Stars
1739531657,49732137a7eeb69e918e361848d553be3764e51a2aaf12cc75654c0f229b4d61,Earth Shield destroyed! Move in and attack.
1890777471,49732137a7eeb69e918e361848d553be3764e51a2aaf12cc75654c0f229b4d61,Earth Shield destroyed! Move in and attack.
1739574328,1905e2ddc1c4c5cc284f384650af32ab5863b49ac3c795679080cf513e398460,Building Block - Reddish Brown
2142357361,1905e2ddc1c4c5cc284f384650af32ab5863b49ac3c795679080cf513e398460,Building Block - Reddish Brown
1739608195,b183254825eb021c875fb6a1fd0639ac31d865e0320b24a2e00cbad6b36d9b2f,It’s worth considering.
1739618662,4f42d3193430db2df0375e2fa51e3756fbfbd767416ba82ad8dba1b3e18be3b7,"A beautiful Aniimo egg, brimming with life. Can be hatched in <style=Hint_BgL>Outpost Hatchinators</style>."
1739626054,6d875121d55377c9c623602a048f9f4fc2267319c69a9d349e0eb3a8cdb9f3ad,"Oh? You've improved quite quickly.
Many students take at least half a year before they Apply. I didn't expect your progress to be this outstanding."
1739639842,83f1687e9ca12ddf9ea127bd2d508ab7207a65fd9126c6547c364ee2db2c766d,"Reduces Water damage taken by <customRichText(calcData,buff,6003026,param0,2,%d)>%."
1739663831,a09082ea126bc4a712410cc7a30e0244c9cb4e39386d364d934a836cab0e9ee3,Really? You’ve got weird hobbies too? I thought it was just me... That’s such a relief...
1739664130,17177d580aa9cdde39df87f2c978f72f8c619bbd34ee14de9f7bccd62ef353f6,Home Decorations
1739674078,674a32e720c9c6beb07c8a05d65ad435d5e7b141ea0c3dcec5a8d6155451a943,An egg containing the power of Prismana Magmarex. It is one of many Prismana eggs collected by Polaris Institute during the Prismana Flow caused by the Bloom Festival ten years ago.
1739685746,1ececd0a5ea322a3c52070d6615fe7ab11a152ed821e219b3309f1f8711526eb,"Mentor, I'm here to submit the task.Mentor, I'm (placeholder)"
1739698107,c267088495ea8d3f2b050a057d8e23864c7362f5fd90f1c562902a3e3f375189,A Century-Old Promise
1739704997,d92f0b9a0d92d32e0e160cae1678f2f9ac2662664013a64881317a518fb99186,"Speaking of Aeolus, the Bloom Festival was originally an offering of flowers and fragrance to Him. It was only recently rededicated to Lady Irelia."
1739715071,f6ddf45c0478614b63fd0988369b6a3676d8599680bf0dbeb0126282c79ea89b,"#playerName#, more and more Astra merchants are reaching out to work with us!"
1739720327,06e39e6ab103da1cd937828626baad243ca648f4e7def91d4122b04a50fe0bab,Enter UID/Nickname
2002881984,06e39e6ab103da1cd937828626baad243ca648f4e7def91d4122b04a50fe0bab,Enter UID/Nickname
2037657780,06e39e6ab103da1cd937828626baad243ca648f4e7def91d4122b04a50fe0bab,Enter UID/Nickname
2085541418,06e39e6ab103da1cd937828626baad243ca648f4e7def91d4122b04a50fe0bab,Enter UID/Nickname
1739728958,19a0f4d9f057d31e652a1e3afd2644b700786d5c824ecd640b755bcab302c7c8,Difficulty: %s
1739752660,7ab033f01a6916d91edd37754e9bbb0bc38944cccda17fc77f87150cd7404d24,Tip: Try progressing the quest “Binding Oath” first. Tap here for a quick view.
1739760943,9d031c9c2764f6446fcf08d6de7281e8fb4152b5738c2239a5bcb9c2c0d8095c,"A <style=Hint_BgL>hatchinator </style>at an outpost for hatching Aniimo eggs, provided you have eggs."
1739788965,8dcb547abeca9aacc38d4434a814ab8cd27d151c9908625bbbe6ee0bf51faf9c,Normal Attack Boost
1739830610,d18af298e0b329651ba19f78bb8b13edded28d545a70f4094d183767982bd0aa,Waaah... How am I supposed to get back to the castle now...?
1739837176,f78b1b04829399ee5c92568e99c586fcb047b96e758cda460e6511531a1a12dc,Time to move some ore!
1739950225,d21c23c1d0a013b8acc7f7de1f4d34387580d9e6f313dcec2e9aff4545d9631b,Hmph... Go away. Don’t disturb me!
1739994068,f86cf490de74f9dcca960cb77021bf6ab92a1a4d3249abf7f93513c6f4efbceb,"Enters a defensive stance, reducing damage taken by <style=Hint_BgL><customRichText(calcData,buff,213230202,param0,1,%d)>%</style>. If attacked during the stance, counterattacks the target. If attacked at the moment the skill is cast, applies <style=Hint_BgL><link=""source_8167""><u>[Lockdown]</u></link></style> to the target for <style=Hint_BgL><customRichText(calcData,timeline,132304,param2,1)></style>s."
1740007102,50ed12d10c8243d6639f2f4f424a019c2050a41aad9a4e1a9b43169e2024cc8b,Damage Amp Level 4
1922868235,50ed12d10c8243d6639f2f4f424a019c2050a41aad9a4e1a9b43169e2024cc8b,Damage Amp Level 4
1993018482,50ed12d10c8243d6639f2f4f424a019c2050a41aad9a4e1a9b43169e2024cc8b,Damage Amp Level 4
1740016907,e901e76f38db99bc000989ba0d14778bc111994b266d4b0f9dd7008e21970eef,"Twine with an Aniimo, then tap and hold Skill 1 to aim. Release to <style=Hint_BgL>launch a fire ball at the target</style>.
Launching fire balls at <style=Hint_BgL>flammable objects such as wooden chests and vines</style> can <style=Hint_BgL>ignite</style> them. Once fully burned, they will <style=Hint_BgL>disappear</style>.
<style=Hint_BgL>Flames or burning objects</style> can <style=Hint_BgL>activate Fire-type obelisks</style>."
1937961974,e901e76f38db99bc000989ba0d14778bc111994b266d4b0f9dd7008e21970eef,"Twine with an Aniimo, then tap and hold Skill 1 to aim. Release to <style=Hint_BgL>launch a fire ball at the target</style>.
Launching fire balls at <style=Hint_BgL>flammable objects such as wooden chests and vines</style> can <style=Hint_BgL>ignite</style> them. Once fully burned, they will <style=Hint_BgL>disappear</style>.
<style=Hint_BgL>Flames or burning objects</style> can <style=Hint_BgL>activate Fire-type obelisks</style>."
1740021252,2f133dc2ae17afa3ab38ec86bb04ab337b8836c855722c9a0010bf2c0f4dada4,Beautiful hit! I rarely meet someone as strong as you!
1740024819,5e77e65e5528d0d8462b7d80afc623e4744381d340d6c8ed21f76c0f0a673c16,Pale Grain - Warm Brown Low Brick Wall
1749901820,5e77e65e5528d0d8462b7d80afc623e4744381d340d6c8ed21f76c0f0a673c16,Pale Grain - Warm Brown Low Brick Wall
1740044726,a1510125b5dbef06a03979332172306d5bd859f8e075189cfd41f15c3f3d4838,Unlock this outfit before dyeing it.
1740056003,6f12d8dc54666090032b164c0e579adcbcb866eb2d1f4332104342cb48e21f85,Event Supplies Shop
1740073322,e705e4f2d77fecaa74b08a2c5c11322e724a1816de53b4c2c653b4e2fa4e5928,Slow-cooked dried fruits in wine. They’re sweet yet a little bitter with a rich taste.
1740080733,b79240f28e0ad2de21f2856687bd8fb23f7aa76ba552cb8e7f35af7987daf155,Time until reset:
1740084030,f3a9f07fe0686bb81e5bde2e73af696adc4867f403e5da6ed6ce67c8066067bf,"When damage is dealt, there is a <style=Hint_BgL><customRichText(calcData,buff,20600041,param0,1)>%</style> chance to drop <style=Hint_BgL><customRichText(getConfigData,random_buff_data,2060004,param0)></style> Training Coins."
1740094155,5f7ceb1b68a1874ca1ecf5aada6c11b623c118d77532fe75f419520a0740c8e1,Bittersweet Bloom Research
1740170624,c12afe9383e7f43a189650f49f5b9037ce1c481c649cf4aa3f72011bf96d67a4,Wow! I think I just got stronger after eating that barbecue!
1740204265,a83e8dcf20ab299aa30bc6a41176dc9b9b27f2aca60bcc4fbecaa3018e0bcc35,Digging Pebbling
1740236384,62905487966ff839e25c4f84a706bf50338357db2bdde707a2af4c5f9aac1651,Mushroom Convergence
1740241987,3eb56faf1e4406ec22b013ca1ca228db5c656279272bd872314a66cbe9d48c5c,I’ve always been free.
1740264853,9ba01b8f309c6ff5cb20b8796f7d4afe1dc458b37d59bc25e97b8a8525b81637,Emberpup Dewdrop Crystal
1740272568,220eb20316ff5c5d415e5bb1b150958d0e8d20641a8042ff59320a313e11a3b5,"Or, maybe you can try something else, and you might find a new interest."
1740301580,130b2291b8d951f7466f9784685fe416bade6f54383b5f6f6144205b872e5279,...Kookoo-chua... Chacha...
1740307884,2f43de1d0e15c8798c6fcbbfeebc9e9eb546d0c979e05c0b8eaa93f1c11bfe1c,"New orders have come in from Astra’s merchants.
Time to try out more production formulas!"
1740325193,18bb9d168e1f4f6bfc729b4715264246d452d55b3e376444a130f64f54a37bc8,Can catch wild Aniimo up to level 25.
1740416349,cb2c6aa994afc23f167f582686c63ab8db9102a402403813dbb44c0139cf5098,It’s so dark!
1740453773,25dac95b8f595046bc435139636b0e2f1ff6e0ea31a54f3c19e7e726fb98738b,387
1791304287,25dac95b8f595046bc435139636b0e2f1ff6e0ea31a54f3c19e7e726fb98738b,387
1740475664,01bf85d8b296aef67651cc0953214249326d0afa40fbd6b000ba21d8a20a9880,Unlock Building Plot 2
1740529044,056c544587d7be4ffb9d79c7cd5a694019d2948f82009c0c0b8f5193e6fbefc2,"The wind is picking up again. Even if the ants fall from the castle, they can Fly up on the wind~"
1740567208,42cc7fbeac06cf116ccb4462122671c89dbacaf43e74e5eb4a6be74edf41856a,"GameSpud has landed in Astra, and the limited-time pop-up shop event is now live! Complete check-in and planting quests during the event to earn exclusive rednote collab furniture!"
1740591190,2dc69f8c2b6d917411fb6bb6f8f897b36757b6e284774c4dcb2a2125029ceac9,Star-Lord
2075359881,2dc69f8c2b6d917411fb6bb6f8f897b36757b6e284774c4dcb2a2125029ceac9,Star-Lord
1740617330,344edc3b49bcfedf0bdc2f2c7ec0b8fed339234ef41b6ad04d297dcede9bc9bd,Dreadlock Bangs 1
1740675052,bad6c5c0f9a355bc66bbad2d35202c171d5391b31a7f187d38576bd15ed694b9,Weekly Nurturing
1740708790,d0809661500f72e265ca38d5fe0df1721c96d6167012d3384ab0cf13a07eb640,"It probably won’t be at a fixed time anymore, but maybe every day will be like the Bloom Festival!"
1740789769,f055523c749307c6b060b27eb0880ec457a684c6c085a9f9d40f231aac2b7b86,"A thousand petals rising on the wind. This is my stage, my style!"
1740791576,b0a8bd1e0c82cebb6b2ecc3adf445b777e8ddb1c15dbd052e6e0875b90c964ee,A gazebo for decorating your Home.
1740846671,7a8d67e47dafe0158a13b3def01b8595907f0f9a920a5b2f3ca2a541e34bc9d5,Maybe it’s worried someone might be listening in.
1740847615,d817b6c5b5537387bdacf498f91cf30b7f031e03d42f9b65042cee9dc08e45d0,Final Score = Aniimo Compatibility Score + Total Accessory Score = {0} + {1} = {2}
1740854373,19659857b0951fb720d3161da891e5771480c318e1cab64388e1effe3624a156,A legend tied to this broken blade
1740866133,445d9cd5211d4dd6d226a199849d3626e320183d6ccbd8527f8f5d404234c63f,Learn about World Region: North America.
1740875391,5eca1e4c732b3e9fb7641f0d8940e34b03eab18aae4b50797932e7a0182ff867,Shard Impact
1740897887,6b08ba90f3eb0e26df22329b38a75142c2339d6b7da57823698c63efd9fd27bb,Dialogue Portrait
1740916152,a0f840a148a853da6a531885c658dc946ca9de33a9b2fa6a5be0f98f50c24b89,Try switching to a [<style=Hint_BgL>Celestis</style>]!
1740938445,c29e9b16ccf172b5e89f5c076fd34df8263b14bba318c5b9da4c6bac67888339,Haven’t you noticed? I’m super fun—and super cute too!? Seriously?!
1740976786,3d04f32666e06faf755b4a0c28a8e97076f8608825944432528576eda19ebc59,"Would you like to know
more about the Institute?"
1740980517,8f88dbf6a966cc78c271fc0d4b50334b02ad08ffdf6831c8e0c84fcebddcc12d,Could you please move aside? You're blocking me from getting the filter bottle over there.
1740992483,0b5e3922a2e973c58de14ac4c9a52375ac2380686126a7ba9e50efca307558b1,Join me!
1740995451,d97539279932b75bb72fa77f98af9204b1112010db3432dd61a05d483a0da55c,Renee
1741004986,d00a19b58068d7f9822c28ef1a6ee2b52d53d5fd5cb7ebe00f9055c2e5fea098,A Knight’s Legacy
1741009419,cf6d4199335dfb07ccbaf8c0272e33b13ccb1e86e74bae924a5394fdb1f8ba7f,"You’re incredible. This <style=Hint_BgD>Stinging Thorns</style> badge is yours now!
Tougher than brambles, sharper than thorns—that’s the path we walk!"
1741014657,ac6becce5556d93ff921f1aaacfd9927936c920af050ca85722237c0ce6466be,"The game content for the next stage is being downloaded
Remaining time: %s (%s)"