2106873585,4b388a10c87ed3a6f2ec3e0d9590f30a5d136e6d546df36274469be168ed30be,Bulbly
2141545712,4b388a10c87ed3a6f2ec3e0d9590f30a5d136e6d546df36274469be168ed30be,Bulbly
1106260596,84bb70540d453d33bf0ead1d075b39dcd72c7b595dbd23f545f00b177fc831f8,You’ll know them by the large flowers they wear—make sure they return when you spot them!
1106314991,c33d6566d58316582e4095b2ac745ed3abde3433de41d5fe30b284b5d0604107,Smart Emberpup
1234582999,c33d6566d58316582e4095b2ac745ed3abde3433de41d5fe30b284b5d0604107,Smart Emberpup
1574962570,c33d6566d58316582e4095b2ac745ed3abde3433de41d5fe30b284b5d0604107,Smart Emberpup
1717378934,c33d6566d58316582e4095b2ac745ed3abde3433de41d5fe30b284b5d0604107,Smart Emberpup
1796299855,c33d6566d58316582e4095b2ac745ed3abde3433de41d5fe30b284b5d0604107,Smart Emberpup
1810368700,c33d6566d58316582e4095b2ac745ed3abde3433de41d5fe30b284b5d0604107,Smart Emberpup
1852865600,c33d6566d58316582e4095b2ac745ed3abde3433de41d5fe30b284b5d0604107,Smart Emberpup
1874865207,c33d6566d58316582e4095b2ac745ed3abde3433de41d5fe30b284b5d0604107,Smart Emberpup
2037223939,c33d6566d58316582e4095b2ac745ed3abde3433de41d5fe30b284b5d0604107,Smart Emberpup
2107555704,c33d6566d58316582e4095b2ac745ed3abde3433de41d5fe30b284b5d0604107,Smart Emberpup
1106323021,086812304fc4efd66fa5836d2af0d5d532c522a71445ad7bbe8ec816c980f5eb,Your trial has ended. Keep playing Aniimo via the cloud?
1106332919,9c529a5a7e70d02ebf0bc3de05d0cbc6ccebf65a217c2c92eda862ee12389d6c,Skycloud Mallow
1437414189,9c529a5a7e70d02ebf0bc3de05d0cbc6ccebf65a217c2c92eda862ee12389d6c,Skycloud Mallow
1685474816,9c529a5a7e70d02ebf0bc3de05d0cbc6ccebf65a217c2c92eda862ee12389d6c,Skycloud Mallow
1106342406,f9a897cc18b020b54e98fe41d78fb7080eb3c156f4e6da49affd505f296139e5,"And the outfit styling is pretty creative too, but looking at him as a whole, rather than calling him good-looking,
I’d say he’s more funny than anything..."
1106348228,b42267ac666628578aee24286423bb0be1ec95452a8c12556041ba09db16ae06,Season Hub
1353843973,b42267ac666628578aee24286423bb0be1ec95452a8c12556041ba09db16ae06,Season Hub
1623226794,b42267ac666628578aee24286423bb0be1ec95452a8c12556041ba09db16ae06,Season Hub
1932583856,b42267ac666628578aee24286423bb0be1ec95452a8c12556041ba09db16ae06,Season Hub
1106362569,a3aff8e80c1a72226e315cdc8465d3363f0055343b0b326d4f024ede6f734072,Morphling - Mask Fragment
1106381072,d067fd90556d261446f6150ca0ade36de16b7564d92492a3a7a0a4fff21d8375,"1. During the event, Polaris Institute will publish an Ecological Investigation List.
2. Pathfinders must follow the investigation list and catch the corresponding Aniimo to help the Institute complete its ecological investigation and earn Investigation Points.
3. Each target Aniimo only grants points the first time its investigation is completed. Catching the same target again will not grant additional points.
4. Please pay close attention to Aniimo forms. Only catching an Aniimo in the same form as listed on the investigation list will complete the corresponding investigation.
5. Once your accumulated Investigation Points reach the specified requirements, you can claim the corresponding milestone rewards.
6. If the investigation target is an Aniimo the Pathfinder has not yet registered in the Aniilog, the points earned for completing its investigation for the first time will be doubled."
1150914302,d067fd90556d261446f6150ca0ade36de16b7564d92492a3a7a0a4fff21d8375,"1. During the event, Polaris Institute will publish an Ecological Investigation List.
2. Pathfinders must follow the investigation list and catch the corresponding Aniimo to help the Institute complete its ecological investigation and earn Investigation Points.
3. Each target Aniimo only grants points the first time its investigation is completed. Catching the same target again will not grant additional points.
4. Please pay close attention to Aniimo forms. Only catching an Aniimo in the same form as listed on the investigation list will complete the corresponding investigation.
5. Once your accumulated Investigation Points reach the specified requirements, you can claim the corresponding milestone rewards.
6. If the investigation target is an Aniimo the Pathfinder has not yet registered in the Aniilog, the points earned for completing its investigation for the first time will be doubled."
1193979287,d067fd90556d261446f6150ca0ade36de16b7564d92492a3a7a0a4fff21d8375,"1. During the event, Polaris Institute will publish an Ecological Investigation List.
2. Pathfinders must follow the investigation list and catch the corresponding Aniimo to help the Institute complete its ecological investigation and earn Investigation Points.
3. Each target Aniimo only grants points the first time its investigation is completed. Catching the same target again will not grant additional points.
4. Please pay close attention to Aniimo forms. Only catching an Aniimo in the same form as listed on the investigation list will complete the corresponding investigation.
5. Once your accumulated Investigation Points reach the specified requirements, you can claim the corresponding milestone rewards.
6. If the investigation target is an Aniimo the Pathfinder has not yet registered in the Aniilog, the points earned for completing its investigation for the first time will be doubled."
1268377765,d067fd90556d261446f6150ca0ade36de16b7564d92492a3a7a0a4fff21d8375,"1. During the event, Polaris Institute will publish an Ecological Investigation List.
2. Pathfinders must follow the investigation list and catch the corresponding Aniimo to help the Institute complete its ecological investigation and earn Investigation Points.
3. Each target Aniimo only grants points the first time its investigation is completed. Catching the same target again will not grant additional points.
4. Please pay close attention to Aniimo forms. Only catching an Aniimo in the same form as listed on the investigation list will complete the corresponding investigation.
5. Once your accumulated Investigation Points reach the specified requirements, you can claim the corresponding milestone rewards.
6. If the investigation target is an Aniimo the Pathfinder has not yet registered in the Aniilog, the points earned for completing its investigation for the first time will be doubled."
1320561499,d067fd90556d261446f6150ca0ade36de16b7564d92492a3a7a0a4fff21d8375,"1. During the event, Polaris Institute will publish an Ecological Investigation List.
2. Pathfinders must follow the investigation list and catch the corresponding Aniimo to help the Institute complete its ecological investigation and earn Investigation Points.
3. Each target Aniimo only grants points the first time its investigation is completed. Catching the same target again will not grant additional points.
4. Please pay close attention to Aniimo forms. Only catching an Aniimo in the same form as listed on the investigation list will complete the corresponding investigation.
5. Once your accumulated Investigation Points reach the specified requirements, you can claim the corresponding milestone rewards.
6. If the investigation target is an Aniimo the Pathfinder has not yet registered in the Aniilog, the points earned for completing its investigation for the first time will be doubled."
1332553340,d067fd90556d261446f6150ca0ade36de16b7564d92492a3a7a0a4fff21d8375,"1. During the event, Polaris Institute will publish an Ecological Investigation List.
2. Pathfinders must follow the investigation list and catch the corresponding Aniimo to help the Institute complete its ecological investigation and earn Investigation Points.
3. Each target Aniimo only grants points the first time its investigation is completed. Catching the same target again will not grant additional points.
4. Please pay close attention to Aniimo forms. Only catching an Aniimo in the same form as listed on the investigation list will complete the corresponding investigation.
5. Once your accumulated Investigation Points reach the specified requirements, you can claim the corresponding milestone rewards.
6. If the investigation target is an Aniimo the Pathfinder has not yet registered in the Aniilog, the points earned for completing its investigation for the first time will be doubled."
1519163874,d067fd90556d261446f6150ca0ade36de16b7564d92492a3a7a0a4fff21d8375,"1. During the event, Polaris Institute will publish an Ecological Investigation List.
2. Pathfinders must follow the investigation list and catch the corresponding Aniimo to help the Institute complete its ecological investigation and earn Investigation Points.
3. Each target Aniimo only grants points the first time its investigation is completed. Catching the same target again will not grant additional points.
4. Please pay close attention to Aniimo forms. Only catching an Aniimo in the same form as listed on the investigation list will complete the corresponding investigation.
5. Once your accumulated Investigation Points reach the specified requirements, you can claim the corresponding milestone rewards.
6. If the investigation target is an Aniimo the Pathfinder has not yet registered in the Aniilog, the points earned for completing its investigation for the first time will be doubled."
1641877221,d067fd90556d261446f6150ca0ade36de16b7564d92492a3a7a0a4fff21d8375,"1. During the event, Polaris Institute will publish an Ecological Investigation List.
2. Pathfinders must follow the investigation list and catch the corresponding Aniimo to help the Institute complete its ecological investigation and earn Investigation Points.
3. Each target Aniimo only grants points the first time its investigation is completed. Catching the same target again will not grant additional points.
4. Please pay close attention to Aniimo forms. Only catching an Aniimo in the same form as listed on the investigation list will complete the corresponding investigation.
5. Once your accumulated Investigation Points reach the specified requirements, you can claim the corresponding milestone rewards.
6. If the investigation target is an Aniimo the Pathfinder has not yet registered in the Aniilog, the points earned for completing its investigation for the first time will be doubled."
1647348261,d067fd90556d261446f6150ca0ade36de16b7564d92492a3a7a0a4fff21d8375,"1. During the event, Polaris Institute will publish an Ecological Investigation List.
2. Pathfinders must follow the investigation list and catch the corresponding Aniimo to help the Institute complete its ecological investigation and earn Investigation Points.
3. Each target Aniimo only grants points the first time its investigation is completed. Catching the same target again will not grant additional points.
4. Please pay close attention to Aniimo forms. Only catching an Aniimo in the same form as listed on the investigation list will complete the corresponding investigation.
5. Once your accumulated Investigation Points reach the specified requirements, you can claim the corresponding milestone rewards.
6. If the investigation target is an Aniimo the Pathfinder has not yet registered in the Aniilog, the points earned for completing its investigation for the first time will be doubled."
1662982148,d067fd90556d261446f6150ca0ade36de16b7564d92492a3a7a0a4fff21d8375,"1. During the event, Polaris Institute will publish an Ecological Investigation List.
2. Pathfinders must follow the investigation list and catch the corresponding Aniimo to help the Institute complete its ecological investigation and earn Investigation Points.
3. Each target Aniimo only grants points the first time its investigation is completed. Catching the same target again will not grant additional points.
4. Please pay close attention to Aniimo forms. Only catching an Aniimo in the same form as listed on the investigation list will complete the corresponding investigation.
5. Once your accumulated Investigation Points reach the specified requirements, you can claim the corresponding milestone rewards.
6. If the investigation target is an Aniimo the Pathfinder has not yet registered in the Aniilog, the points earned for completing its investigation for the first time will be doubled."
1667415632,d067fd90556d261446f6150ca0ade36de16b7564d92492a3a7a0a4fff21d8375,"1. During the event, Polaris Institute will publish an Ecological Investigation List.
2. Pathfinders must follow the investigation list and catch the corresponding Aniimo to help the Institute complete its ecological investigation and earn Investigation Points.
3. Each target Aniimo only grants points the first time its investigation is completed. Catching the same target again will not grant additional points.
4. Please pay close attention to Aniimo forms. Only catching an Aniimo in the same form as listed on the investigation list will complete the corresponding investigation.
5. Once your accumulated Investigation Points reach the specified requirements, you can claim the corresponding milestone rewards.
6. If the investigation target is an Aniimo the Pathfinder has not yet registered in the Aniilog, the points earned for completing its investigation for the first time will be doubled."
1724604146,d067fd90556d261446f6150ca0ade36de16b7564d92492a3a7a0a4fff21d8375,"1. During the event, Polaris Institute will publish an Ecological Investigation List.
2. Pathfinders must follow the investigation list and catch the corresponding Aniimo to help the Institute complete its ecological investigation and earn Investigation Points.
3. Each target Aniimo only grants points the first time its investigation is completed. Catching the same target again will not grant additional points.
4. Please pay close attention to Aniimo forms. Only catching an Aniimo in the same form as listed on the investigation list will complete the corresponding investigation.
5. Once your accumulated Investigation Points reach the specified requirements, you can claim the corresponding milestone rewards.
6. If the investigation target is an Aniimo the Pathfinder has not yet registered in the Aniilog, the points earned for completing its investigation for the first time will be doubled."
1733201866,d067fd90556d261446f6150ca0ade36de16b7564d92492a3a7a0a4fff21d8375,"1. During the event, Polaris Institute will publish an Ecological Investigation List.
2. Pathfinders must follow the investigation list and catch the corresponding Aniimo to help the Institute complete its ecological investigation and earn Investigation Points.
3. Each target Aniimo only grants points the first time its investigation is completed. Catching the same target again will not grant additional points.
4. Please pay close attention to Aniimo forms. Only catching an Aniimo in the same form as listed on the investigation list will complete the corresponding investigation.
5. Once your accumulated Investigation Points reach the specified requirements, you can claim the corresponding milestone rewards.
6. If the investigation target is an Aniimo the Pathfinder has not yet registered in the Aniilog, the points earned for completing its investigation for the first time will be doubled."
1827622925,d067fd90556d261446f6150ca0ade36de16b7564d92492a3a7a0a4fff21d8375,"1. During the event, Polaris Institute will publish an Ecological Investigation List.
2. Pathfinders must follow the investigation list and catch the corresponding Aniimo to help the Institute complete its ecological investigation and earn Investigation Points.
3. Each target Aniimo only grants points the first time its investigation is completed. Catching the same target again will not grant additional points.
4. Please pay close attention to Aniimo forms. Only catching an Aniimo in the same form as listed on the investigation list will complete the corresponding investigation.
5. Once your accumulated Investigation Points reach the specified requirements, you can claim the corresponding milestone rewards.
6. If the investigation target is an Aniimo the Pathfinder has not yet registered in the Aniilog, the points earned for completing its investigation for the first time will be doubled."
1836698621,d067fd90556d261446f6150ca0ade36de16b7564d92492a3a7a0a4fff21d8375,"1. During the event, Polaris Institute will publish an Ecological Investigation List.
2. Pathfinders must follow the investigation list and catch the corresponding Aniimo to help the Institute complete its ecological investigation and earn Investigation Points.
3. Each target Aniimo only grants points the first time its investigation is completed. Catching the same target again will not grant additional points.
4. Please pay close attention to Aniimo forms. Only catching an Aniimo in the same form as listed on the investigation list will complete the corresponding investigation.
5. Once your accumulated Investigation Points reach the specified requirements, you can claim the corresponding milestone rewards.
6. If the investigation target is an Aniimo the Pathfinder has not yet registered in the Aniilog, the points earned for completing its investigation for the first time will be doubled."
1856372045,d067fd90556d261446f6150ca0ade36de16b7564d92492a3a7a0a4fff21d8375,"1. During the event, Polaris Institute will publish an Ecological Investigation List.
2. Pathfinders must follow the investigation list and catch the corresponding Aniimo to help the Institute complete its ecological investigation and earn Investigation Points.
3. Each target Aniimo only grants points the first time its investigation is completed. Catching the same target again will not grant additional points.
4. Please pay close attention to Aniimo forms. Only catching an Aniimo in the same form as listed on the investigation list will complete the corresponding investigation.
5. Once your accumulated Investigation Points reach the specified requirements, you can claim the corresponding milestone rewards.
6. If the investigation target is an Aniimo the Pathfinder has not yet registered in the Aniilog, the points earned for completing its investigation for the first time will be doubled."
1947663424,d067fd90556d261446f6150ca0ade36de16b7564d92492a3a7a0a4fff21d8375,"1. During the event, Polaris Institute will publish an Ecological Investigation List.
2. Pathfinders must follow the investigation list and catch the corresponding Aniimo to help the Institute complete its ecological investigation and earn Investigation Points.
3. Each target Aniimo only grants points the first time its investigation is completed. Catching the same target again will not grant additional points.
4. Please pay close attention to Aniimo forms. Only catching an Aniimo in the same form as listed on the investigation list will complete the corresponding investigation.
5. Once your accumulated Investigation Points reach the specified requirements, you can claim the corresponding milestone rewards.
6. If the investigation target is an Aniimo the Pathfinder has not yet registered in the Aniilog, the points earned for completing its investigation for the first time will be doubled."
2057732480,d067fd90556d261446f6150ca0ade36de16b7564d92492a3a7a0a4fff21d8375,"1. During the event, Polaris Institute will publish an Ecological Investigation List.
2. Pathfinders must follow the investigation list and catch the corresponding Aniimo to help the Institute complete its ecological investigation and earn Investigation Points.
3. Each target Aniimo only grants points the first time its investigation is completed. Catching the same target again will not grant additional points.
4. Please pay close attention to Aniimo forms. Only catching an Aniimo in the same form as listed on the investigation list will complete the corresponding investigation.
5. Once your accumulated Investigation Points reach the specified requirements, you can claim the corresponding milestone rewards.
6. If the investigation target is an Aniimo the Pathfinder has not yet registered in the Aniilog, the points earned for completing its investigation for the first time will be doubled."
2085363973,d067fd90556d261446f6150ca0ade36de16b7564d92492a3a7a0a4fff21d8375,"1. During the event, Polaris Institute will publish an Ecological Investigation List.
2. Pathfinders must follow the investigation list and catch the corresponding Aniimo to help the Institute complete its ecological investigation and earn Investigation Points.
3. Each target Aniimo only grants points the first time its investigation is completed. Catching the same target again will not grant additional points.
4. Please pay close attention to Aniimo forms. Only catching an Aniimo in the same form as listed on the investigation list will complete the corresponding investigation.
5. Once your accumulated Investigation Points reach the specified requirements, you can claim the corresponding milestone rewards.
6. If the investigation target is an Aniimo the Pathfinder has not yet registered in the Aniilog, the points earned for completing its investigation for the first time will be doubled."
2130117956,d067fd90556d261446f6150ca0ade36de16b7564d92492a3a7a0a4fff21d8375,"1. During the event, Polaris Institute will publish an Ecological Investigation List.
2. Pathfinders must follow the investigation list and catch the corresponding Aniimo to help the Institute complete its ecological investigation and earn Investigation Points.
3. Each target Aniimo only grants points the first time its investigation is completed. Catching the same target again will not grant additional points.
4. Please pay close attention to Aniimo forms. Only catching an Aniimo in the same form as listed on the investigation list will complete the corresponding investigation.
5. Once your accumulated Investigation Points reach the specified requirements, you can claim the corresponding milestone rewards.
6. If the investigation target is an Aniimo the Pathfinder has not yet registered in the Aniilog, the points earned for completing its investigation for the first time will be doubled."
501524914,dbd581cefe9a969f4c90117ea0bd875baa1c041f6d369e5794fccdcf05829cf4,Lumin Marking
1106382729,dbd581cefe9a969f4c90117ea0bd875baa1c041f6d369e5794fccdcf05829cf4,Lumin Marking
1108871297,dbd581cefe9a969f4c90117ea0bd875baa1c041f6d369e5794fccdcf05829cf4,Lumin Marking
1536456972,dbd581cefe9a969f4c90117ea0bd875baa1c041f6d369e5794fccdcf05829cf4,Lumin Marking
1580304621,dbd581cefe9a969f4c90117ea0bd875baa1c041f6d369e5794fccdcf05829cf4,Lumin Marking
1106395762,60c687916e30b76c0d78a751148d4cc3e79911ec7b5cc420fc7ed2f954305648,Whoa! Pew-pew!
1106447107,7b65355dc9af6d6adfb76d1e71b2f9259d01562714d2c0149f6a74387b84f3d9,Thanks for the blessing of the God of Time~
1106452945,05fa978d7d0c70c3deb96a5523622d7e6545d87006da7edcef0e1da9b859f63d,But the place BINI warned us about—and where Snowy signaled...
1106466095,f3d91a48d51870ba1b6174b437761bf495ea309eb878032550c551787f16ff5b,Building Block - Gray Blue
1142140841,f3d91a48d51870ba1b6174b437761bf495ea309eb878032550c551787f16ff5b,Building Block - Gray Blue
1106498241,258ec26e39a5ef6f649e468b8f424a6c1b8d07c01fc55410eced2559c6e305ec,Let me at ’em!
1106498863,c211a1aeeca763eeb815f7624d563383d7cd04acda231d387d89139bf626b883,"That’s right! This is it!
In the Aniimo Style Contest, what matters most are the Aniimo themselves... I get it now!"
1106571440,89ee80e79e85163231baa3dc684eda5a40d5d3394e5cdd939c632a4f29d6dc2a,The Luminelles are powering up the Alpha. Defeat them all to interrupt it!
1106581264,265b93cbde125742598f45c9d9a790e8be4311771db6cb93051b8986fb99cce9,Aniimo parties and skills cannot be adjusted in combat.
1106587907,eea44df3eea97cd8c983c341a219d399bb68da022e961769d8ab268c7e11f5dd,"Careful now, nothing gets past my eyes!"
1106593570,9c6c16da496cfbdcaaf11e65131326b555feff7c1fbe0bfdc0c3c3f9b2e9bbc0,Place it in your Homeland to power facilities.
1155671261,9c6c16da496cfbdcaaf11e65131326b555feff7c1fbe0bfdc0c3c3f9b2e9bbc0,Place it in your Homeland to power facilities.
1161628367,9c6c16da496cfbdcaaf11e65131326b555feff7c1fbe0bfdc0c3c3f9b2e9bbc0,Place it in your Homeland to power facilities.
1718578028,9c6c16da496cfbdcaaf11e65131326b555feff7c1fbe0bfdc0c3c3f9b2e9bbc0,Place it in your Homeland to power facilities.
1740525438,9c6c16da496cfbdcaaf11e65131326b555feff7c1fbe0bfdc0c3c3f9b2e9bbc0,Place it in your Homeland to power facilities.
1969534755,9c6c16da496cfbdcaaf11e65131326b555feff7c1fbe0bfdc0c3c3f9b2e9bbc0,Place it in your Homeland to power facilities.
1106618718,c1d996ee2c093a48445fbeaa3edee8f95a2dbf88b8a6c2b9d14cf009de09952d,"...You really are hopeless, aren’t you?"
1106622347,a4a86aab66663346b91113887f461751c1ff26acb6cd8317db7cecbdc2e33839,I-It worked... This is... the ultimate form of Triple Movement resonance... Hah.
1106627458,403687c517788698e35446ce7eb00f6b31d90f05d44f69c37807edb34779ec7f,Moody Cap Pack
1106627752,cc434352a71866f03118d39422efda30b6200706fd029048d6969a1c925218b8,Aniimo Skill Item
1106628479,b3f007a5635acd4759511320ef2c1395999696ffb081e90a1357be0f5e4a6f6d,Experienced Some Lore
1106631013,04a4d7cfa28bf195d83e75c64d88f14f719b09968f2ae432770647bba44e720c,You are badly wounded and need to retreat first.
1106633193,463261cdef290f89f1db3ab354d23a9e32e8fc242cf2ceb3dd6aaaac8d06bb26,Extra Aniimo Storage Count
1781139510,463261cdef290f89f1db3ab354d23a9e32e8fc242cf2ceb3dd6aaaac8d06bb26,Extra Aniimo Storage Count
1106641724,1c55c046102883fa8d5d480f0c963178de28d8f377ef20ddbe1ac4b1a6ddaf34,That the large starine tree has an influence on the Celestises?
1106653905,0c592b8ece6b94825eed9916851cb986d6b180ae30adb971e43df95614a85ab2,"Splish, splash—see the Susuta dive right into the waves."
1106836295,0c592b8ece6b94825eed9916851cb986d6b180ae30adb971e43df95614a85ab2,"Splish, splash—see the Susuta dive right into the waves."
1106676949,7c0489168881dc9235b521183fd2127309d142fe0d70407a440e88230794253d,<style=Hint_BgL>Wet Bubble Leaves</style> continuously create <style=Hint_BgL>Bubble Balls</style>.
1106704986,0ed6f5b76fbec69780347df09b294d8426d6cadae9317af4de614cc3ac8d77b7,"Effect: Every 45s, a bomb seed appears on a random Pathfinder. After 5s, the seed lands and generates a bomb warning. After 2s, the bomb explodes and permanently creates a damage zone on the ground."
1106725533,5d6b5c297a9d9a08b374f9d81ea803eec55c6ca189fc842aed44168af14e7687,DMG
1169815590,5d6b5c297a9d9a08b374f9d81ea803eec55c6ca189fc842aed44168af14e7687,DMG
1321792714,5d6b5c297a9d9a08b374f9d81ea803eec55c6ca189fc842aed44168af14e7687,DMG
1106727264,7a06d435bdce2b4c5e49d8d286e4da93c7140c00f6487ff9716bd1165dbae647,<style=Hint_BgL>Processed goods</style> produced by the Carousel Mill in your Home. Sell them at the relevant shop or process them further.
1348545117,7a06d435bdce2b4c5e49d8d286e4da93c7140c00f6487ff9716bd1165dbae647,<style=Hint_BgL>Processed goods</style> produced by the Carousel Mill in your Home. Sell them at the relevant shop or process them further.
1399330672,7a06d435bdce2b4c5e49d8d286e4da93c7140c00f6487ff9716bd1165dbae647,<style=Hint_BgL>Processed goods</style> produced by the Carousel Mill in your Home. Sell them at the relevant shop or process them further.
1654252970,7a06d435bdce2b4c5e49d8d286e4da93c7140c00f6487ff9716bd1165dbae647,<style=Hint_BgL>Processed goods</style> produced by the Carousel Mill in your Home. Sell them at the relevant shop or process them further.
1676717345,7a06d435bdce2b4c5e49d8d286e4da93c7140c00f6487ff9716bd1165dbae647,<style=Hint_BgL>Processed goods</style> produced by the Carousel Mill in your Home. Sell them at the relevant shop or process them further.
1756216840,7a06d435bdce2b4c5e49d8d286e4da93c7140c00f6487ff9716bd1165dbae647,<style=Hint_BgL>Processed goods</style> produced by the Carousel Mill in your Home. Sell them at the relevant shop or process them further.
1808433562,7a06d435bdce2b4c5e49d8d286e4da93c7140c00f6487ff9716bd1165dbae647,<style=Hint_BgL>Processed goods</style> produced by the Carousel Mill in your Home. Sell them at the relevant shop or process them further.
1106746118,de6e6db03dc88e70b852b12234e3481e4c54d114116500de22213ebfaa021a03,"I simply want to see whether she regrets abandoning her dream... and laugh at her a little, if I can."
1106756727,400b8e7a0c08f32b87ddf60d4286baea2ac5109b19776616ad805582ff242cdc,NpcDuel - Check Initial Conditions
1106761564,f5aee13667a13a1017af4e3ca8ecbf69d0b23f0862f14c740e4fcc9ef5c02df2,Goo-woo!
2060639810,f5aee13667a13a1017af4e3ca8ecbf69d0b23f0862f14c740e4fcc9ef5c02df2,Goo-woo!
1106762738,922d9a30a1874ccb1be478943c215e4229294d16aedb5d4dd44c89736520aafe,"After you reach Bloomville, speak with <style=Hint_BgD>Elder Jaeger</style>. He’ll take care of you!"
1106763579,d059ff5edd09c8be51b275629b8b88f453ac24337681e6c1019244f67b0f495f,Chasing that flash of lightning through the forested hills.
1705945150,d059ff5edd09c8be51b275629b8b88f453ac24337681e6c1019244f67b0f495f,Chasing that flash of lightning through the forested hills.
1858002822,d059ff5edd09c8be51b275629b8b88f453ac24337681e6c1019244f67b0f495f,Chasing that flash of lightning through the forested hills.
1106766524,35d6072ee2ac4b834142ec21d7616c54f48acdecb922153194dc05a58f4209bf,Best Rating: %s
413735243,5755dbee33097e9e05221df1b5a39ce2ea5e11b5e0e8871b0486f8465783fcee,Scorchhowl
1106782520,5755dbee33097e9e05221df1b5a39ce2ea5e11b5e0e8871b0486f8465783fcee,Scorchhowl
1153798336,5755dbee33097e9e05221df1b5a39ce2ea5e11b5e0e8871b0486f8465783fcee,Scorchhowl
1177543301,5755dbee33097e9e05221df1b5a39ce2ea5e11b5e0e8871b0486f8465783fcee,Scorchhowl
1197439010,5755dbee33097e9e05221df1b5a39ce2ea5e11b5e0e8871b0486f8465783fcee,Scorchhowl
1229788941,5755dbee33097e9e05221df1b5a39ce2ea5e11b5e0e8871b0486f8465783fcee,Scorchhowl
1265127686,5755dbee33097e9e05221df1b5a39ce2ea5e11b5e0e8871b0486f8465783fcee,Scorchhowl
1266425057,5755dbee33097e9e05221df1b5a39ce2ea5e11b5e0e8871b0486f8465783fcee,Scorchhowl
1410680932,5755dbee33097e9e05221df1b5a39ce2ea5e11b5e0e8871b0486f8465783fcee,Scorchhowl
1532653286,5755dbee33097e9e05221df1b5a39ce2ea5e11b5e0e8871b0486f8465783fcee,Scorchhowl
1655850708,5755dbee33097e9e05221df1b5a39ce2ea5e11b5e0e8871b0486f8465783fcee,Scorchhowl
1666590899,5755dbee33097e9e05221df1b5a39ce2ea5e11b5e0e8871b0486f8465783fcee,Scorchhowl
1699588574,5755dbee33097e9e05221df1b5a39ce2ea5e11b5e0e8871b0486f8465783fcee,Scorchhowl
1737899926,5755dbee33097e9e05221df1b5a39ce2ea5e11b5e0e8871b0486f8465783fcee,Scorchhowl
1743045998,5755dbee33097e9e05221df1b5a39ce2ea5e11b5e0e8871b0486f8465783fcee,Scorchhowl
1787807901,5755dbee33097e9e05221df1b5a39ce2ea5e11b5e0e8871b0486f8465783fcee,Scorchhowl
1822756830,5755dbee33097e9e05221df1b5a39ce2ea5e11b5e0e8871b0486f8465783fcee,Scorchhowl
1849283603,5755dbee33097e9e05221df1b5a39ce2ea5e11b5e0e8871b0486f8465783fcee,Scorchhowl
1896028317,5755dbee33097e9e05221df1b5a39ce2ea5e11b5e0e8871b0486f8465783fcee,Scorchhowl
1910246221,5755dbee33097e9e05221df1b5a39ce2ea5e11b5e0e8871b0486f8465783fcee,Scorchhowl
1957344240,5755dbee33097e9e05221df1b5a39ce2ea5e11b5e0e8871b0486f8465783fcee,Scorchhowl
1987102728,5755dbee33097e9e05221df1b5a39ce2ea5e11b5e0e8871b0486f8465783fcee,Scorchhowl
2002193721,5755dbee33097e9e05221df1b5a39ce2ea5e11b5e0e8871b0486f8465783fcee,Scorchhowl
2013479916,5755dbee33097e9e05221df1b5a39ce2ea5e11b5e0e8871b0486f8465783fcee,Scorchhowl
2038679570,5755dbee33097e9e05221df1b5a39ce2ea5e11b5e0e8871b0486f8465783fcee,Scorchhowl
2051231853,5755dbee33097e9e05221df1b5a39ce2ea5e11b5e0e8871b0486f8465783fcee,Scorchhowl
2079899060,5755dbee33097e9e05221df1b5a39ce2ea5e11b5e0e8871b0486f8465783fcee,Scorchhowl
2098576340,5755dbee33097e9e05221df1b5a39ce2ea5e11b5e0e8871b0486f8465783fcee,Scorchhowl
2142627219,5755dbee33097e9e05221df1b5a39ce2ea5e11b5e0e8871b0486f8465783fcee,Scorchhowl
1106786462,796ec33fda32e6dbafd57d86c17bca8ad35a16840dd176bd68d2d64ce543aa23,I’ll cherish this special affection—forever! Please keep me by your side in the days to come.
1106797586,7c187e891ad15f2bf85759d5edde75a9e50ebfc7f71c146d5355530c175e9508,Ignitis clone
1106797734,4bde5fc229ebe408f9112c9d470d6c672dc8f7b365a2e66eee5e87183647e316,These three screens seem like arcade machines!
1106851006,dccd1c4ed7892d4b4155437130ae45288125d83c04eae69f92c045fabd8d7df1,Dropped by Obsidian Guard
1106865143,930dbe15b4d5c0a0f645ff0e6928f474aca818b6a741133360c83707da6c41d6,"Ahem! You there, rookie. I’ve been watching you. Why aren’t you out adventuring yet?"
1106867468,e05afd94e510ecd7ce6782bbc61eb4d4f7f73049b130db2fc8ed1210427678c4,00:18
1327068851,e05afd94e510ecd7ce6782bbc61eb4d4f7f73049b130db2fc8ed1210427678c4,00:18
1362511652,e05afd94e510ecd7ce6782bbc61eb4d4f7f73049b130db2fc8ed1210427678c4,00:18
1462800294,e05afd94e510ecd7ce6782bbc61eb4d4f7f73049b130db2fc8ed1210427678c4,00:18
1485233881,e05afd94e510ecd7ce6782bbc61eb4d4f7f73049b130db2fc8ed1210427678c4,00:18
1543762133,e05afd94e510ecd7ce6782bbc61eb4d4f7f73049b130db2fc8ed1210427678c4,00:18
1589741978,e05afd94e510ecd7ce6782bbc61eb4d4f7f73049b130db2fc8ed1210427678c4,00:18
1710688100,e05afd94e510ecd7ce6782bbc61eb4d4f7f73049b130db2fc8ed1210427678c4,00:18
1795269096,e05afd94e510ecd7ce6782bbc61eb4d4f7f73049b130db2fc8ed1210427678c4,00:18
1106880487,0158786bd9111b2f8fe06552810c1b829107953c399c056b3fdc2242cb3b4188,Alpha Cheekie
1549296717,0158786bd9111b2f8fe06552810c1b829107953c399c056b3fdc2242cb3b4188,Alpha Cheekie
1106887637,9a6bdb0b6d3586c6cc35f05931690c1947dad9a1ed9f8c6bf5db26ba3bd3b16c,"If you encounter a Saucite, could you <style=Hint_BgD>bring it here</style>? The ants want to meet it!"
1106894235,3bc51062973c458d5a6f2d8d64a023246354ad7e064b1e4e009ec8a0699a3043,Alice
1169033805,3bc51062973c458d5a6f2d8d64a023246354ad7e064b1e4e009ec8a0699a3043,Alice
1226839981,3bc51062973c458d5a6f2d8d64a023246354ad7e064b1e4e009ec8a0699a3043,Alice
1257504391,3bc51062973c458d5a6f2d8d64a023246354ad7e064b1e4e009ec8a0699a3043,Alice
1276189049,3bc51062973c458d5a6f2d8d64a023246354ad7e064b1e4e009ec8a0699a3043,Alice
1376489104,3bc51062973c458d5a6f2d8d64a023246354ad7e064b1e4e009ec8a0699a3043,Alice
1415229365,3bc51062973c458d5a6f2d8d64a023246354ad7e064b1e4e009ec8a0699a3043,Alice
1416857440,3bc51062973c458d5a6f2d8d64a023246354ad7e064b1e4e009ec8a0699a3043,Alice
1495191989,3bc51062973c458d5a6f2d8d64a023246354ad7e064b1e4e009ec8a0699a3043,Alice
1574069855,3bc51062973c458d5a6f2d8d64a023246354ad7e064b1e4e009ec8a0699a3043,Alice
1637351342,3bc51062973c458d5a6f2d8d64a023246354ad7e064b1e4e009ec8a0699a3043,Alice
1653142802,3bc51062973c458d5a6f2d8d64a023246354ad7e064b1e4e009ec8a0699a3043,Alice
1955442706,3bc51062973c458d5a6f2d8d64a023246354ad7e064b1e4e009ec8a0699a3043,Alice
1106915197,480b6e0df9a84db0f251e830442b39c08922bdbd0576db119e50dc8e3766154f,Failed to get the server list. Check your network and try again.
1106927770,af0563b2c7713647c5c9fa5714824b9bce506bc0aac40891e326d9e8c8e5d1ab,Wilderness Gear
1106933788,e04e16ed3548120f488cc2b0da4a613fb23f3f7b1236d98abd4cae57bc319b7b,Ya♪~Wa♪~Haha~~!♪♪
1106946294,2869563b267f85a7a5c074a94f644b4a76d76410ff281e0f78ba04f72713e282,Default Position
1106951861,f4afffdc0d7f9bea70b13ab770766af917cada2f20826b2e9e729835f4aa8e49,Aniimo Traits
1386088769,f4afffdc0d7f9bea70b13ab770766af917cada2f20826b2e9e729835f4aa8e49,Aniimo Traits
1519424944,f4afffdc0d7f9bea70b13ab770766af917cada2f20826b2e9e729835f4aa8e49,Aniimo Traits
2091113864,f4afffdc0d7f9bea70b13ab770766af917cada2f20826b2e9e729835f4aa8e49,Aniimo Traits
1106954668,73f6fd9cb352f484b1e5f6719c6634f7aeafa109e978a381a6ebdafc70e49e9f,"I couldn’t understand what it chanted, but next thing I knew, I was out cold on the ground."
1106958594,32daffe990c4daaf2fe983a1727736827a9a57c175d153cd49ba16b467dec609,"Sir, I need a little more practice..."
1106959977,a2f4cbf02a88e21fc92486c2af3d1a08478bb4ec6bfe16f8fa3484e783d7ab62,"Please use Gravity Pull to place the metal box at the break of the wire as a <style=Hint_BgL>conductive medium</style>, and open the iron gate."
1106971051,456fde35df4c7d72c0c19519d373b0a4c0c9a08cdfb9edccbddeb52d933f358f,Dancing Iris
1128752239,456fde35df4c7d72c0c19519d373b0a4c0c9a08cdfb9edccbddeb52d933f358f,Dancing Iris
1189769650,456fde35df4c7d72c0c19519d373b0a4c0c9a08cdfb9edccbddeb52d933f358f,Dancing Iris
1202455489,456fde35df4c7d72c0c19519d373b0a4c0c9a08cdfb9edccbddeb52d933f358f,Dancing Iris
1326895712,456fde35df4c7d72c0c19519d373b0a4c0c9a08cdfb9edccbddeb52d933f358f,Dancing Iris
1393988510,456fde35df4c7d72c0c19519d373b0a4c0c9a08cdfb9edccbddeb52d933f358f,Dancing Iris
1534668540,456fde35df4c7d72c0c19519d373b0a4c0c9a08cdfb9edccbddeb52d933f358f,Dancing Iris
1602649349,456fde35df4c7d72c0c19519d373b0a4c0c9a08cdfb9edccbddeb52d933f358f,Dancing Iris
1615333826,456fde35df4c7d72c0c19519d373b0a4c0c9a08cdfb9edccbddeb52d933f358f,Dancing Iris
1682845518,456fde35df4c7d72c0c19519d373b0a4c0c9a08cdfb9edccbddeb52d933f358f,Dancing Iris
2114655910,456fde35df4c7d72c0c19519d373b0a4c0c9a08cdfb9edccbddeb52d933f358f,Dancing Iris
1106995364,4e677391fd0ae15fc68177c2b88aecb3b62dd86c6621817e872db40bf3e3b58c,Top 100
1184991995,4e677391fd0ae15fc68177c2b88aecb3b62dd86c6621817e872db40bf3e3b58c,Top 100
1286183964,4e677391fd0ae15fc68177c2b88aecb3b62dd86c6621817e872db40bf3e3b58c,Top 100
1106999526,f02bcc424b24e12df6f9ba3c948b185b7c8953a4c11335eea71e9941eacac71c,Absent-minded Celestis
1142375529,f02bcc424b24e12df6f9ba3c948b185b7c8953a4c11335eea71e9941eacac71c,Absent-minded Celestis
1235672595,f02bcc424b24e12df6f9ba3c948b185b7c8953a4c11335eea71e9941eacac71c,Absent-minded Celestis
1416053693,f02bcc424b24e12df6f9ba3c948b185b7c8953a4c11335eea71e9941eacac71c,Absent-minded Celestis
1501347838,f02bcc424b24e12df6f9ba3c948b185b7c8953a4c11335eea71e9941eacac71c,Absent-minded Celestis
1534884963,f02bcc424b24e12df6f9ba3c948b185b7c8953a4c11335eea71e9941eacac71c,Absent-minded Celestis
1569738452,f02bcc424b24e12df6f9ba3c948b185b7c8953a4c11335eea71e9941eacac71c,Absent-minded Celestis
1620364361,f02bcc424b24e12df6f9ba3c948b185b7c8953a4c11335eea71e9941eacac71c,Absent-minded Celestis
1707229426,f02bcc424b24e12df6f9ba3c948b185b7c8953a4c11335eea71e9941eacac71c,Absent-minded Celestis
1950033304,f02bcc424b24e12df6f9ba3c948b185b7c8953a4c11335eea71e9941eacac71c,Absent-minded Celestis
1992317583,f02bcc424b24e12df6f9ba3c948b185b7c8953a4c11335eea71e9941eacac71c,Absent-minded Celestis
2085983310,f02bcc424b24e12df6f9ba3c948b185b7c8953a4c11335eea71e9941eacac71c,Absent-minded Celestis
1107001980,3e2c337fa436b4568c2b17f2ba9fd95799e2e0ddad3674e8afae878c9e1ff337,"Humble soybeans, simple on the outside but full of hearty possibilities—tofu, soy milk, dried tofu... There’s bound to be one for you!"
1504408843,3e2c337fa436b4568c2b17f2ba9fd95799e2e0ddad3674e8afae878c9e1ff337,"Humble soybeans, simple on the outside but full of hearty possibilities—tofu, soy milk, dried tofu... There’s bound to be one for you!"
1107008074,be176b0015c424b78e9f343f8bc3014a7a701cc2eb9000b6acbc04d67dbecb8f,Map
1207872373,be176b0015c424b78e9f343f8bc3014a7a701cc2eb9000b6acbc04d67dbecb8f,Map
1767947505,be176b0015c424b78e9f343f8bc3014a7a701cc2eb9000b6acbc04d67dbecb8f,Map
1875499167,be176b0015c424b78e9f343f8bc3014a7a701cc2eb9000b6acbc04d67dbecb8f,Map
1945400618,be176b0015c424b78e9f343f8bc3014a7a701cc2eb9000b6acbc04d67dbecb8f,Map
2017941060,be176b0015c424b78e9f343f8bc3014a7a701cc2eb9000b6acbc04d67dbecb8f,Map
2062142813,be176b0015c424b78e9f343f8bc3014a7a701cc2eb9000b6acbc04d67dbecb8f,Map
2062924591,be176b0015c424b78e9f343f8bc3014a7a701cc2eb9000b6acbc04d67dbecb8f,Map
2074251498,be176b0015c424b78e9f343f8bc3014a7a701cc2eb9000b6acbc04d67dbecb8f,Map
2094385903,be176b0015c424b78e9f343f8bc3014a7a701cc2eb9000b6acbc04d67dbecb8f,Map
2104268546,be176b0015c424b78e9f343f8bc3014a7a701cc2eb9000b6acbc04d67dbecb8f,Map
1107012590,87ec3a0a16cb1461a9cb0933f5b2ef22781349f3e31ee42cf50a610f1624c7a6,Sixer
1856376865,87ec3a0a16cb1461a9cb0933f5b2ef22781349f3e31ee42cf50a610f1624c7a6,Sixer
269732561,0a5f52e3fadf68fccbc4649556c25e3cf8a93fe47baef41a265cf6c83fe375a3,Polaris Institute
289778709,0a5f52e3fadf68fccbc4649556c25e3cf8a93fe47baef41a265cf6c83fe375a3,Polaris Institute
345816478,0a5f52e3fadf68fccbc4649556c25e3cf8a93fe47baef41a265cf6c83fe375a3,Polaris Institute
1107016448,0a5f52e3fadf68fccbc4649556c25e3cf8a93fe47baef41a265cf6c83fe375a3,Polaris Institute
1117288413,0a5f52e3fadf68fccbc4649556c25e3cf8a93fe47baef41a265cf6c83fe375a3,Polaris Institute
1175925760,0a5f52e3fadf68fccbc4649556c25e3cf8a93fe47baef41a265cf6c83fe375a3,Polaris Institute
1179174448,0a5f52e3fadf68fccbc4649556c25e3cf8a93fe47baef41a265cf6c83fe375a3,Polaris Institute
1226675498,0a5f52e3fadf68fccbc4649556c25e3cf8a93fe47baef41a265cf6c83fe375a3,Polaris Institute
1280765739,0a5f52e3fadf68fccbc4649556c25e3cf8a93fe47baef41a265cf6c83fe375a3,Polaris Institute
1286038355,0a5f52e3fadf68fccbc4649556c25e3cf8a93fe47baef41a265cf6c83fe375a3,Polaris Institute
1312203401,0a5f52e3fadf68fccbc4649556c25e3cf8a93fe47baef41a265cf6c83fe375a3,Polaris Institute
1316462587,0a5f52e3fadf68fccbc4649556c25e3cf8a93fe47baef41a265cf6c83fe375a3,Polaris Institute
1324361536,0a5f52e3fadf68fccbc4649556c25e3cf8a93fe47baef41a265cf6c83fe375a3,Polaris Institute
1336449132,0a5f52e3fadf68fccbc4649556c25e3cf8a93fe47baef41a265cf6c83fe375a3,Polaris Institute
1343487417,0a5f52e3fadf68fccbc4649556c25e3cf8a93fe47baef41a265cf6c83fe375a3,Polaris Institute
1351909190,0a5f52e3fadf68fccbc4649556c25e3cf8a93fe47baef41a265cf6c83fe375a3,Polaris Institute
1365806756,0a5f52e3fadf68fccbc4649556c25e3cf8a93fe47baef41a265cf6c83fe375a3,Polaris Institute
1380354765,0a5f52e3fadf68fccbc4649556c25e3cf8a93fe47baef41a265cf6c83fe375a3,Polaris Institute
1383241209,0a5f52e3fadf68fccbc4649556c25e3cf8a93fe47baef41a265cf6c83fe375a3,Polaris Institute
1419762946,0a5f52e3fadf68fccbc4649556c25e3cf8a93fe47baef41a265cf6c83fe375a3,Polaris Institute
1434418027,0a5f52e3fadf68fccbc4649556c25e3cf8a93fe47baef41a265cf6c83fe375a3,Polaris Institute
1515016020,0a5f52e3fadf68fccbc4649556c25e3cf8a93fe47baef41a265cf6c83fe375a3,Polaris Institute
1515030579,0a5f52e3fadf68fccbc4649556c25e3cf8a93fe47baef41a265cf6c83fe375a3,Polaris Institute
1532569134,0a5f52e3fadf68fccbc4649556c25e3cf8a93fe47baef41a265cf6c83fe375a3,Polaris Institute
1549237802,0a5f52e3fadf68fccbc4649556c25e3cf8a93fe47baef41a265cf6c83fe375a3,Polaris Institute
1592560206,0a5f52e3fadf68fccbc4649556c25e3cf8a93fe47baef41a265cf6c83fe375a3,Polaris Institute
1601218136,0a5f52e3fadf68fccbc4649556c25e3cf8a93fe47baef41a265cf6c83fe375a3,Polaris Institute
1602410267,0a5f52e3fadf68fccbc4649556c25e3cf8a93fe47baef41a265cf6c83fe375a3,Polaris Institute
1634147689,0a5f52e3fadf68fccbc4649556c25e3cf8a93fe47baef41a265cf6c83fe375a3,Polaris Institute
1656780048,0a5f52e3fadf68fccbc4649556c25e3cf8a93fe47baef41a265cf6c83fe375a3,Polaris Institute
1683067632,0a5f52e3fadf68fccbc4649556c25e3cf8a93fe47baef41a265cf6c83fe375a3,Polaris Institute
1699577480,0a5f52e3fadf68fccbc4649556c25e3cf8a93fe47baef41a265cf6c83fe375a3,Polaris Institute
1780011074,0a5f52e3fadf68fccbc4649556c25e3cf8a93fe47baef41a265cf6c83fe375a3,Polaris Institute
1807617722,0a5f52e3fadf68fccbc4649556c25e3cf8a93fe47baef41a265cf6c83fe375a3,Polaris Institute
1829328838,0a5f52e3fadf68fccbc4649556c25e3cf8a93fe47baef41a265cf6c83fe375a3,Polaris Institute
1834177357,0a5f52e3fadf68fccbc4649556c25e3cf8a93fe47baef41a265cf6c83fe375a3,Polaris Institute
1864122231,0a5f52e3fadf68fccbc4649556c25e3cf8a93fe47baef41a265cf6c83fe375a3,Polaris Institute
1877827279,0a5f52e3fadf68fccbc4649556c25e3cf8a93fe47baef41a265cf6c83fe375a3,Polaris Institute
1917173704,0a5f52e3fadf68fccbc4649556c25e3cf8a93fe47baef41a265cf6c83fe375a3,Polaris Institute
1932192366,0a5f52e3fadf68fccbc4649556c25e3cf8a93fe47baef41a265cf6c83fe375a3,Polaris Institute
2000560250,0a5f52e3fadf68fccbc4649556c25e3cf8a93fe47baef41a265cf6c83fe375a3,Polaris Institute
2039009676,0a5f52e3fadf68fccbc4649556c25e3cf8a93fe47baef41a265cf6c83fe375a3,Polaris Institute
2060159388,0a5f52e3fadf68fccbc4649556c25e3cf8a93fe47baef41a265cf6c83fe375a3,Polaris Institute
2063668837,0a5f52e3fadf68fccbc4649556c25e3cf8a93fe47baef41a265cf6c83fe375a3,Polaris Institute
2088070564,0a5f52e3fadf68fccbc4649556c25e3cf8a93fe47baef41a265cf6c83fe375a3,Polaris Institute
2104696111,0a5f52e3fadf68fccbc4649556c25e3cf8a93fe47baef41a265cf6c83fe375a3,Polaris Institute
2125233876,0a5f52e3fadf68fccbc4649556c25e3cf8a93fe47baef41a265cf6c83fe375a3,Polaris Institute
1107063336,14889f5089aa6e9a81c87f867b3ef01ed959136c91a989911acc9a31721b358e,Exchange Tokens
1107080945,5a09c145ab59cd810537cd058018ac162312fdc52f22f77e2b9adcdff620e08a,Increase Aniimo EXP based on Roster index
1107084111,eb08fc9d34c26600df6667897a2b4ff4914fffc33789ef36ad5b0c1efd22333e,Watchful Celestis
1366860645,eb08fc9d34c26600df6667897a2b4ff4914fffc33789ef36ad5b0c1efd22333e,Watchful Celestis
1399596063,eb08fc9d34c26600df6667897a2b4ff4914fffc33789ef36ad5b0c1efd22333e,Watchful Celestis
1639597173,eb08fc9d34c26600df6667897a2b4ff4914fffc33789ef36ad5b0c1efd22333e,Watchful Celestis
1642491841,eb08fc9d34c26600df6667897a2b4ff4914fffc33789ef36ad5b0c1efd22333e,Watchful Celestis
1880168527,eb08fc9d34c26600df6667897a2b4ff4914fffc33789ef36ad5b0c1efd22333e,Watchful Celestis
1107089227,deff23e923507304d651b0667405db0a2ce8a602231f8b4be39adea8ca248b69,Clutter (copper ore)
1123695074,deff23e923507304d651b0667405db0a2ce8a602231f8b4be39adea8ca248b69,Clutter (copper ore)
1288490281,deff23e923507304d651b0667405db0a2ce8a602231f8b4be39adea8ca248b69,Clutter (copper ore)
1301722722,deff23e923507304d651b0667405db0a2ce8a602231f8b4be39adea8ca248b69,Clutter (copper ore)
1313293939,deff23e923507304d651b0667405db0a2ce8a602231f8b4be39adea8ca248b69,Clutter (copper ore)
1365914723,deff23e923507304d651b0667405db0a2ce8a602231f8b4be39adea8ca248b69,Clutter (copper ore)
1366831467,deff23e923507304d651b0667405db0a2ce8a602231f8b4be39adea8ca248b69,Clutter (copper ore)
1377692669,deff23e923507304d651b0667405db0a2ce8a602231f8b4be39adea8ca248b69,Clutter (copper ore)
1520399910,deff23e923507304d651b0667405db0a2ce8a602231f8b4be39adea8ca248b69,Clutter (copper ore)
1573895513,deff23e923507304d651b0667405db0a2ce8a602231f8b4be39adea8ca248b69,Clutter (copper ore)
1596572500,deff23e923507304d651b0667405db0a2ce8a602231f8b4be39adea8ca248b69,Clutter (copper ore)
1676906119,deff23e923507304d651b0667405db0a2ce8a602231f8b4be39adea8ca248b69,Clutter (copper ore)
1727809124,deff23e923507304d651b0667405db0a2ce8a602231f8b4be39adea8ca248b69,Clutter (copper ore)
1848361967,deff23e923507304d651b0667405db0a2ce8a602231f8b4be39adea8ca248b69,Clutter (copper ore)
2057908793,deff23e923507304d651b0667405db0a2ce8a602231f8b4be39adea8ca248b69,Clutter (copper ore)
2073059881,deff23e923507304d651b0667405db0a2ce8a602231f8b4be39adea8ca248b69,Clutter (copper ore)
1107118196,7d760723ae8ad06c9b44c515062f449dafadb206cd5168b7087aebc091317b43,"If you need to activate this large bouncing plant, it seems that you need enough Water."
1107150760,9b9faa667af0e9b93b91f38d1f54a6be59e301335011e8650c3987995109d524,Anker
1332714413,9b9faa667af0e9b93b91f38d1f54a6be59e301335011e8650c3987995109d524,Anker
1344859094,9b9faa667af0e9b93b91f38d1f54a6be59e301335011e8650c3987995109d524,Anker
1403996914,9b9faa667af0e9b93b91f38d1f54a6be59e301335011e8650c3987995109d524,Anker
1410593816,9b9faa667af0e9b93b91f38d1f54a6be59e301335011e8650c3987995109d524,Anker
1480305309,9b9faa667af0e9b93b91f38d1f54a6be59e301335011e8650c3987995109d524,Anker
1495013838,9b9faa667af0e9b93b91f38d1f54a6be59e301335011e8650c3987995109d524,Anker
2137694736,9b9faa667af0e9b93b91f38d1f54a6be59e301335011e8650c3987995109d524,Anker
1107158944,c8333b8f6239d6b578eaaa241dad3197883871d392100f3a101001851845ded7,Friends UID
1107163785,55f81f55898c14b0f7dcd201e0a9a1bc586656f05f51366c1c9935bc1ca66e7e,Furniture Blueprint: Cool Summer - Sun Umbrella
1107166181,127e10145dfd1cd91b473dae26d99d5a78cf3328af624a8e44ce77e52a703f23,"Catching Aniimo in a row in the same area can indeed trigger a big group of them to appear.
But that’s not what the question’s asking. Paying attention to detail is just as important as exploring. Think again."
345411690,5b4cd3a7f0698dafc3267aad68dcf439acdb2b7d0bccb134a3d3ec677f5f8625,Catch
1107176479,5b4cd3a7f0698dafc3267aad68dcf439acdb2b7d0bccb134a3d3ec677f5f8625,Catch
1180196956,5b4cd3a7f0698dafc3267aad68dcf439acdb2b7d0bccb134a3d3ec677f5f8625,Catch
1191546769,5b4cd3a7f0698dafc3267aad68dcf439acdb2b7d0bccb134a3d3ec677f5f8625,Catch
1192914567,5b4cd3a7f0698dafc3267aad68dcf439acdb2b7d0bccb134a3d3ec677f5f8625,Catch
1200721269,5b4cd3a7f0698dafc3267aad68dcf439acdb2b7d0bccb134a3d3ec677f5f8625,Catch
1299093372,5b4cd3a7f0698dafc3267aad68dcf439acdb2b7d0bccb134a3d3ec677f5f8625,Catch
1327087794,5b4cd3a7f0698dafc3267aad68dcf439acdb2b7d0bccb134a3d3ec677f5f8625,Catch
1351686931,5b4cd3a7f0698dafc3267aad68dcf439acdb2b7d0bccb134a3d3ec677f5f8625,Catch
1357246562,5b4cd3a7f0698dafc3267aad68dcf439acdb2b7d0bccb134a3d3ec677f5f8625,Catch
1435228398,5b4cd3a7f0698dafc3267aad68dcf439acdb2b7d0bccb134a3d3ec677f5f8625,Catch
1477430538,5b4cd3a7f0698dafc3267aad68dcf439acdb2b7d0bccb134a3d3ec677f5f8625,Catch
1501148642,5b4cd3a7f0698dafc3267aad68dcf439acdb2b7d0bccb134a3d3ec677f5f8625,Catch
1537771617,5b4cd3a7f0698dafc3267aad68dcf439acdb2b7d0bccb134a3d3ec677f5f8625,Catch
1628516147,5b4cd3a7f0698dafc3267aad68dcf439acdb2b7d0bccb134a3d3ec677f5f8625,Catch
1630526480,5b4cd3a7f0698dafc3267aad68dcf439acdb2b7d0bccb134a3d3ec677f5f8625,Catch
1641637869,5b4cd3a7f0698dafc3267aad68dcf439acdb2b7d0bccb134a3d3ec677f5f8625,Catch
1680708479,5b4cd3a7f0698dafc3267aad68dcf439acdb2b7d0bccb134a3d3ec677f5f8625,Catch
1757224362,5b4cd3a7f0698dafc3267aad68dcf439acdb2b7d0bccb134a3d3ec677f5f8625,Catch
1762503819,5b4cd3a7f0698dafc3267aad68dcf439acdb2b7d0bccb134a3d3ec677f5f8625,Catch
1774250822,5b4cd3a7f0698dafc3267aad68dcf439acdb2b7d0bccb134a3d3ec677f5f8625,Catch
1774506069,5b4cd3a7f0698dafc3267aad68dcf439acdb2b7d0bccb134a3d3ec677f5f8625,Catch
1815878064,5b4cd3a7f0698dafc3267aad68dcf439acdb2b7d0bccb134a3d3ec677f5f8625,Catch
1866333968,5b4cd3a7f0698dafc3267aad68dcf439acdb2b7d0bccb134a3d3ec677f5f8625,Catch
1890259579,5b4cd3a7f0698dafc3267aad68dcf439acdb2b7d0bccb134a3d3ec677f5f8625,Catch
1914453929,5b4cd3a7f0698dafc3267aad68dcf439acdb2b7d0bccb134a3d3ec677f5f8625,Catch
1919888295,5b4cd3a7f0698dafc3267aad68dcf439acdb2b7d0bccb134a3d3ec677f5f8625,Catch
1935830915,5b4cd3a7f0698dafc3267aad68dcf439acdb2b7d0bccb134a3d3ec677f5f8625,Catch
1953030497,5b4cd3a7f0698dafc3267aad68dcf439acdb2b7d0bccb134a3d3ec677f5f8625,Catch
1958913851,5b4cd3a7f0698dafc3267aad68dcf439acdb2b7d0bccb134a3d3ec677f5f8625,Catch
1966184684,5b4cd3a7f0698dafc3267aad68dcf439acdb2b7d0bccb134a3d3ec677f5f8625,Catch
1976616374,5b4cd3a7f0698dafc3267aad68dcf439acdb2b7d0bccb134a3d3ec677f5f8625,Catch
1977797365,5b4cd3a7f0698dafc3267aad68dcf439acdb2b7d0bccb134a3d3ec677f5f8625,Catch
1979311318,5b4cd3a7f0698dafc3267aad68dcf439acdb2b7d0bccb134a3d3ec677f5f8625,Catch
1996809529,5b4cd3a7f0698dafc3267aad68dcf439acdb2b7d0bccb134a3d3ec677f5f8625,Catch
2013926054,5b4cd3a7f0698dafc3267aad68dcf439acdb2b7d0bccb134a3d3ec677f5f8625,Catch
2043068866,5b4cd3a7f0698dafc3267aad68dcf439acdb2b7d0bccb134a3d3ec677f5f8625,Catch
2088828909,5b4cd3a7f0698dafc3267aad68dcf439acdb2b7d0bccb134a3d3ec677f5f8625,Catch
2108460344,5b4cd3a7f0698dafc3267aad68dcf439acdb2b7d0bccb134a3d3ec677f5f8625,Catch
1107178300,10ce3b4288510b55b08c9aa3e0d7cc8428f08414353a43b87180487b7ac58a91,"Aniimo inhabit many different regions. You can move between them using Blooms.
What’s more, even identical types of Aniimo may come in different forms, so be sure to pay close attention."
1107211977,6f4084470da119ebfba25982ee3c4b1911e042b10d5536f2abc38c87e152d4e8,Farmland (Level 3)
1136608344,6f4084470da119ebfba25982ee3c4b1911e042b10d5536f2abc38c87e152d4e8,Farmland (Level 3)
1107217869,d1cab8da523c9340312b4cc414cc724a3b38f856f7022c3be719fe4a47bf8a15,Matchmaking...
1401745684,d1cab8da523c9340312b4cc414cc724a3b38f856f7022c3be719fe4a47bf8a15,Matchmaking...
1403106205,d1cab8da523c9340312b4cc414cc724a3b38f856f7022c3be719fe4a47bf8a15,Matchmaking...
1460186885,d1cab8da523c9340312b4cc414cc724a3b38f856f7022c3be719fe4a47bf8a15,Matchmaking...
1460621382,d1cab8da523c9340312b4cc414cc724a3b38f856f7022c3be719fe4a47bf8a15,Matchmaking...
1460779303,d1cab8da523c9340312b4cc414cc724a3b38f856f7022c3be719fe4a47bf8a15,Matchmaking...
1477063145,d1cab8da523c9340312b4cc414cc724a3b38f856f7022c3be719fe4a47bf8a15,Matchmaking...
1641327681,d1cab8da523c9340312b4cc414cc724a3b38f856f7022c3be719fe4a47bf8a15,Matchmaking...
1811850454,d1cab8da523c9340312b4cc414cc724a3b38f856f7022c3be719fe4a47bf8a15,Matchmaking...
1838753298,d1cab8da523c9340312b4cc414cc724a3b38f856f7022c3be719fe4a47bf8a15,Matchmaking...
1873458493,d1cab8da523c9340312b4cc414cc724a3b38f856f7022c3be719fe4a47bf8a15,Matchmaking...
1897600442,d1cab8da523c9340312b4cc414cc724a3b38f856f7022c3be719fe4a47bf8a15,Matchmaking...
1946617324,d1cab8da523c9340312b4cc414cc724a3b38f856f7022c3be719fe4a47bf8a15,Matchmaking...
2003962434,d1cab8da523c9340312b4cc414cc724a3b38f856f7022c3be719fe4a47bf8a15,Matchmaking...
2015683141,d1cab8da523c9340312b4cc414cc724a3b38f856f7022c3be719fe4a47bf8a15,Matchmaking...
1107225277,c3832561a503a3297872937f2ad4f66b84b9c27754ec16d12b85c7b5b6aff91f,Polaris Club
1124783419,c3832561a503a3297872937f2ad4f66b84b9c27754ec16d12b85c7b5b6aff91f,Polaris Club
1107225605,928adb52da5e1c6830c011a2296277a4f83c939ed924df33f7a5e8e0a3f1f71e,Sorry! The street ahead is still under construction.
1107237337,289481bc146334a87b9df0721e00a0dbaa8658a60159c85e58ff2930239ad74d,Astra-Super Lucky Star Chest-Proximity Trigger-Green Voxel Cube
1107247397,3127cae272fb0210d471534005c2234287181c2944c374af7d44760242710ef8,Breezy Plains Observer
1320552593,3127cae272fb0210d471534005c2234287181c2944c374af7d44760242710ef8,Breezy Plains Observer
1783294504,3127cae272fb0210d471534005c2234287181c2944c374af7d44760242710ef8,Breezy Plains Observer
2002534456,3127cae272fb0210d471534005c2234287181c2944c374af7d44760242710ef8,Breezy Plains Observer
2020850997,3127cae272fb0210d471534005c2234287181c2944c374af7d44760242710ef8,Breezy Plains Observer
1107255895,1bf73f53dcb1f1519cfa7a5f38f96b0be4fa7fc94e73febe095aa48c3358296d,Light Show
1107303366,921b4aee4e6c2784171b04403450b85bbb6941fc8877c6ee4e9c47324e98e6fa,Bonesky family
1265819518,921b4aee4e6c2784171b04403450b85bbb6941fc8877c6ee4e9c47324e98e6fa,Bonesky family
1380597161,921b4aee4e6c2784171b04403450b85bbb6941fc8877c6ee4e9c47324e98e6fa,Bonesky family
1107332101,f2f81d76fd430e4f24e56be20cade7c361643fc80c01742d2493476087d31e54,Requires a certain Aniimo level.
1107338108,c0a10cabe122a68695d5ed5136ffd78bdc361dcf79b96f6778f0577b2df7927e,"Catch Mode: Your Aniimo <style=Hint_BgL>will not actively</style> attack wild Aniimo. It will only enter combat when you <style=Hint_BgL>attack</style> or <style=Hint_BgL>get attacked</style>. When a wild Aniimo’s <style=Hint_BgL>HP is low</style>, your Aniimo will <style=Hint_BgL>automatically stop</style> attacking, making it easier to catch."
1469789102,c0a10cabe122a68695d5ed5136ffd78bdc361dcf79b96f6778f0577b2df7927e,"Catch Mode: Your Aniimo <style=Hint_BgL>will not actively</style> attack wild Aniimo. It will only enter combat when you <style=Hint_BgL>attack</style> or <style=Hint_BgL>get attacked</style>. When a wild Aniimo’s <style=Hint_BgL>HP is low</style>, your Aniimo will <style=Hint_BgL>automatically stop</style> attacking, making it easier to catch."
1609972258,c0a10cabe122a68695d5ed5136ffd78bdc361dcf79b96f6778f0577b2df7927e,"Catch Mode: Your Aniimo <style=Hint_BgL>will not actively</style> attack wild Aniimo. It will only enter combat when you <style=Hint_BgL>attack</style> or <style=Hint_BgL>get attacked</style>. When a wild Aniimo’s <style=Hint_BgL>HP is low</style>, your Aniimo will <style=Hint_BgL>automatically stop</style> attacking, making it easier to catch."
1107354018,ad37830d1feec79a1f5ac1dd952695a057350081776b423f7288974700a829d3,Day and Night
1356069099,ad37830d1feec79a1f5ac1dd952695a057350081776b423f7288974700a829d3,Day and Night
1363058699,ad37830d1feec79a1f5ac1dd952695a057350081776b423f7288974700a829d3,Day and Night
1473307619,ad37830d1feec79a1f5ac1dd952695a057350081776b423f7288974700a829d3,Day and Night
1587075307,ad37830d1feec79a1f5ac1dd952695a057350081776b423f7288974700a829d3,Day and Night
1757335069,ad37830d1feec79a1f5ac1dd952695a057350081776b423f7288974700a829d3,Day and Night
1801435572,ad37830d1feec79a1f5ac1dd952695a057350081776b423f7288974700a829d3,Day and Night
1831258167,ad37830d1feec79a1f5ac1dd952695a057350081776b423f7288974700a829d3,Day and Night
2095962910,ad37830d1feec79a1f5ac1dd952695a057350081776b423f7288974700a829d3,Day and Night
1107368113,497a955a72b46865a25b48207c091cbe28f2b766c76336f38976fa47bb12e569,Aven
1188556947,497a955a72b46865a25b48207c091cbe28f2b766c76336f38976fa47bb12e569,Aven
1439478163,497a955a72b46865a25b48207c091cbe28f2b766c76336f38976fa47bb12e569,Aven
1460952063,497a955a72b46865a25b48207c091cbe28f2b766c76336f38976fa47bb12e569,Aven
1584608108,497a955a72b46865a25b48207c091cbe28f2b766c76336f38976fa47bb12e569,Aven
1633956591,497a955a72b46865a25b48207c091cbe28f2b766c76336f38976fa47bb12e569,Aven
1831610970,497a955a72b46865a25b48207c091cbe28f2b766c76336f38976fa47bb12e569,Aven
1901947443,497a955a72b46865a25b48207c091cbe28f2b766c76336f38976fa47bb12e569,Aven
2022826166,497a955a72b46865a25b48207c091cbe28f2b766c76336f38976fa47bb12e569,Aven
2103272533,497a955a72b46865a25b48207c091cbe28f2b766c76336f38976fa47bb12e569,Aven
1107374296,9d80df7ae55102400b40cdc18b21a56a9f1d62721d04b7d22ba8d11693909aea,(In Helmspeak) I knew it! I knew Jawlings had Helmut toys!
1107409825,56bb317e0653b01d0d1eb32b60a14fbda9e5435f55c272b055f9561e0940d7b4,Red Bubble
1107422921,ca81d6a00086c53de89735a333a8474f97a981205b1c43929dd08ae26be9b056,Fetching Water
1557572908,ca81d6a00086c53de89735a333a8474f97a981205b1c43929dd08ae26be9b056,Fetching Water
1971841482,ca81d6a00086c53de89735a333a8474f97a981205b1c43929dd08ae26be9b056,Fetching Water
2064560751,ca81d6a00086c53de89735a333a8474f97a981205b1c43929dd08ae26be9b056,Fetching Water
1107440572,cfbc36e643de334a9b5e0265015861a56334ce0b0e9685bf0e049b462d97b1f2,Premium Companion Handbook Level 5
1573901850,cfbc36e643de334a9b5e0265015861a56334ce0b0e9685bf0e049b462d97b1f2,Premium Companion Handbook Level 5
1107440609,3a0b6dcc1d227358b37a2b6657acd40755281a65325ca66a54e3db0928cc9535,Pepper with charred wrinkled skin and juicy savory flesh.
1107450685,704e67ef54c806dd4445383eb2e6248e934b4040e6d3e617ba75e8d4b140ab13,[WeGame] Internet Cafe Perks Event Reward
1317057203,704e67ef54c806dd4445383eb2e6248e934b4040e6d3e617ba75e8d4b140ab13,[WeGame] Internet Cafe Perks Event Reward
1500834579,704e67ef54c806dd4445383eb2e6248e934b4040e6d3e617ba75e8d4b140ab13,[WeGame] Internet Cafe Perks Event Reward
1554473773,704e67ef54c806dd4445383eb2e6248e934b4040e6d3e617ba75e8d4b140ab13,[WeGame] Internet Cafe Perks Event Reward
1888974894,704e67ef54c806dd4445383eb2e6248e934b4040e6d3e617ba75e8d4b140ab13,[WeGame] Internet Cafe Perks Event Reward
1107506388,55d6d089634995a6f830a91df22505117771fd6b6976941f524183827022d808,Numerical Test-Placeholder
1132025774,55d6d089634995a6f830a91df22505117771fd6b6976941f524183827022d808,Numerical Test-Placeholder
1192677630,55d6d089634995a6f830a91df22505117771fd6b6976941f524183827022d808,Numerical Test-Placeholder
1223038567,55d6d089634995a6f830a91df22505117771fd6b6976941f524183827022d808,Numerical Test-Placeholder
1286812495,55d6d089634995a6f830a91df22505117771fd6b6976941f524183827022d808,Numerical Test-Placeholder
1456164820,55d6d089634995a6f830a91df22505117771fd6b6976941f524183827022d808,Numerical Test-Placeholder
1462863499,55d6d089634995a6f830a91df22505117771fd6b6976941f524183827022d808,Numerical Test-Placeholder
1470788918,55d6d089634995a6f830a91df22505117771fd6b6976941f524183827022d808,Numerical Test-Placeholder
1518530847,55d6d089634995a6f830a91df22505117771fd6b6976941f524183827022d808,Numerical Test-Placeholder
1527406960,55d6d089634995a6f830a91df22505117771fd6b6976941f524183827022d808,Numerical Test-Placeholder
1573774298,55d6d089634995a6f830a91df22505117771fd6b6976941f524183827022d808,Numerical Test-Placeholder
1608408655,55d6d089634995a6f830a91df22505117771fd6b6976941f524183827022d808,Numerical Test-Placeholder
1632972429,55d6d089634995a6f830a91df22505117771fd6b6976941f524183827022d808,Numerical Test-Placeholder
1680475057,55d6d089634995a6f830a91df22505117771fd6b6976941f524183827022d808,Numerical Test-Placeholder
1725489703,55d6d089634995a6f830a91df22505117771fd6b6976941f524183827022d808,Numerical Test-Placeholder
1727990590,55d6d089634995a6f830a91df22505117771fd6b6976941f524183827022d808,Numerical Test-Placeholder
1810098127,55d6d089634995a6f830a91df22505117771fd6b6976941f524183827022d808,Numerical Test-Placeholder
1836433027,55d6d089634995a6f830a91df22505117771fd6b6976941f524183827022d808,Numerical Test-Placeholder
1846579396,55d6d089634995a6f830a91df22505117771fd6b6976941f524183827022d808,Numerical Test-Placeholder
1903837468,55d6d089634995a6f830a91df22505117771fd6b6976941f524183827022d808,Numerical Test-Placeholder
1983429915,55d6d089634995a6f830a91df22505117771fd6b6976941f524183827022d808,Numerical Test-Placeholder
2007927692,55d6d089634995a6f830a91df22505117771fd6b6976941f524183827022d808,Numerical Test-Placeholder
2008009856,55d6d089634995a6f830a91df22505117771fd6b6976941f524183827022d808,Numerical Test-Placeholder
2013839051,55d6d089634995a6f830a91df22505117771fd6b6976941f524183827022d808,Numerical Test-Placeholder
2022031939,55d6d089634995a6f830a91df22505117771fd6b6976941f524183827022d808,Numerical Test-Placeholder
2060436557,55d6d089634995a6f830a91df22505117771fd6b6976941f524183827022d808,Numerical Test-Placeholder
2066524218,55d6d089634995a6f830a91df22505117771fd6b6976941f524183827022d808,Numerical Test-Placeholder
2070970831,55d6d089634995a6f830a91df22505117771fd6b6976941f524183827022d808,Numerical Test-Placeholder
1107509019,f49a03c36a34d859f1ab7ce50cd979db6f45d34bcef4b505f9d76dfda67ab561,"The energy barrier has been weakened, ride the Egg Boat to break it through."
1107528907,42a62d577e9f326315061740a41e491cf2363eba59c945ee7dea06f110b6e504,"When a target is within a radius of <style=Hint_BgL><customRichText(calcData,buff, 2040001,param0,1)></style> meters, restore <style=Hint_BgL><customRichText(calcData,buff, 2040001,param2,1)></style> Energy Point (EP) every <style=Hint_BgL><customRichText(calcData,buff, 2040001,param1,1)></style> seconds."
1107557804,f1461084403395d96d567d6f37d83cf239aa6ff780d1d787d79381d5f8aa09f5,This is a cutting-edge game developed using virtual reality technology by the Engineering Department of the Polaris Institute.
1107558830,e16a876884a188d7ceb7803b3035be467abe6524fcbfd3b237006de4ac48beb8,Target no longer exists.
1107576701,26092984ea2ca70280a5d67767cbb4c684968bf3091f22d362f384e489a19676,Tangram Wood Floor - Teak
1107578674,ec64aa9df3a565e69db898bdb5f9420d2da38673540146ca41ad598bb6d2b375,"It crackles while running, gives a little tingle when touched, and keeps spitting out tiny sparks."
1584578942,ec64aa9df3a565e69db898bdb5f9420d2da38673540146ca41ad598bb6d2b375,"It crackles while running, gives a little tingle when touched, and keeps spitting out tiny sparks."
1631881585,ec64aa9df3a565e69db898bdb5f9420d2da38673540146ca41ad598bb6d2b375,"It crackles while running, gives a little tingle when touched, and keeps spitting out tiny sparks."
1642570931,ec64aa9df3a565e69db898bdb5f9420d2da38673540146ca41ad598bb6d2b375,"It crackles while running, gives a little tingle when touched, and keeps spitting out tiny sparks."
1701829254,ec64aa9df3a565e69db898bdb5f9420d2da38673540146ca41ad598bb6d2b375,"It crackles while running, gives a little tingle when touched, and keeps spitting out tiny sparks."
1721631069,ec64aa9df3a565e69db898bdb5f9420d2da38673540146ca41ad598bb6d2b375,"It crackles while running, gives a little tingle when touched, and keeps spitting out tiny sparks."
1808665171,ec64aa9df3a565e69db898bdb5f9420d2da38673540146ca41ad598bb6d2b375,"It crackles while running, gives a little tingle when touched, and keeps spitting out tiny sparks."
1825749335,ec64aa9df3a565e69db898bdb5f9420d2da38673540146ca41ad598bb6d2b375,"It crackles while running, gives a little tingle when touched, and keeps spitting out tiny sparks."
1948616647,ec64aa9df3a565e69db898bdb5f9420d2da38673540146ca41ad598bb6d2b375,"It crackles while running, gives a little tingle when touched, and keeps spitting out tiny sparks."
2017170174,ec64aa9df3a565e69db898bdb5f9420d2da38673540146ca41ad598bb6d2b375,"It crackles while running, gives a little tingle when touched, and keeps spitting out tiny sparks."
2113821325,ec64aa9df3a565e69db898bdb5f9420d2da38673540146ca41ad598bb6d2b375,"It crackles while running, gives a little tingle when touched, and keeps spitting out tiny sparks."
1107579870,a8da0e38104458f36aa4f7d1c95148906863c405a4e0aa25919553d38e458de6,Obtain
1230341023,a8da0e38104458f36aa4f7d1c95148906863c405a4e0aa25919553d38e458de6,Obtain
1319908662,a8da0e38104458f36aa4f7d1c95148906863c405a4e0aa25919553d38e458de6,Obtain
1452491970,a8da0e38104458f36aa4f7d1c95148906863c405a4e0aa25919553d38e458de6,Obtain
1705006483,a8da0e38104458f36aa4f7d1c95148906863c405a4e0aa25919553d38e458de6,Obtain
1735814097,a8da0e38104458f36aa4f7d1c95148906863c405a4e0aa25919553d38e458de6,Obtain
1822394037,a8da0e38104458f36aa4f7d1c95148906863c405a4e0aa25919553d38e458de6,Obtain
1107609551,9a5c861a38a9133fb4d90061511cffbb91e6ebf3048c84e77faaa97cb0d05114,"Thank you, Sunia."
1938377332,9a5c861a38a9133fb4d90061511cffbb91e6ebf3048c84e77faaa97cb0d05114,"Thank you, Sunia."
1107616182,272d79c007bd0cbc9ee3a2f521e50eab280c0d2666cdfbfc7817fff7fa6fad74,Tornado (Sanctum)
1107616577,5e70fed6bc6a05216b825e165b76bb2f6a2d073f48ad7241b8eefa279ee13ec2,A table lamp used to decorate your Home.
1107639558,ac2b7cb0d49e3711cdf66ea7a9d0b9f999e56158aebff2238067fab8a94da610,"Touch my aromathysts, and I’ll do some ass kicking!"
1107645475,281288fb226932c1ddd101d9d35b2baec4cc0f8e4c7bca175eae60536b5dbe34,Open Warehouse
1543254023,281288fb226932c1ddd101d9d35b2baec4cc0f8e4c7bca175eae60536b5dbe34,Open Warehouse
1107649052,d2a1e04cb11867f0bbafe32fcbcd57fba25ea0a726653bfaf76d429c521a922d,Objective: %s is temporarily unavailable
1107680596,f302f0ea1db5df02bef4e6520435b493640eff8cf840ac709d6b5e5f746b3f76,Rock
1164736200,f302f0ea1db5df02bef4e6520435b493640eff8cf840ac709d6b5e5f746b3f76,Rock
2134411022,f302f0ea1db5df02bef4e6520435b493640eff8cf840ac709d6b5e5f746b3f76,Rock
1107697323,b61eb9eca4688c406982efa51d3afc0c359080e4b7a8a80c5e183cb350b0f834,Hardwood Corner Pillar - Maple - Large
1206159371,b61eb9eca4688c406982efa51d3afc0c359080e4b7a8a80c5e183cb350b0f834,Hardwood Corner Pillar - Maple - Large
1107725483,cb39f3a367a00e3fd4941d9297e53a4fbe5ca52ce1f7a2184c088e01142f9fd1,Reduces DMG taken by 10%
1410086858,cb39f3a367a00e3fd4941d9297e53a4fbe5ca52ce1f7a2184c088e01142f9fd1,Reduces DMG taken by 10%
1107736913,205f0dc738c29f6b1fb00d884c54a8eb7b74b75d35184ceaa2cf2ea110b7904f,This item is no longer available and cannot be purchased.
1107737057,ea2f5e9ec510056a32b1fd49526cad4d93ebf9b69f6b90dce96f1b4b3bbaa314,"And these beds, cabinets, small appliances, all designed specifically for Pathfinders. All Aniimo-friendly!
Here’s a photo of the model room. Not bad, right?"
351644123,7774b06c9bb6e611465515cc4519b8d62cab4c274d8531d19da6af76aaee29f7,Northside
470622722,7774b06c9bb6e611465515cc4519b8d62cab4c274d8531d19da6af76aaee29f7,Northside
476991849,7774b06c9bb6e611465515cc4519b8d62cab4c274d8531d19da6af76aaee29f7,Northside
1107748563,7774b06c9bb6e611465515cc4519b8d62cab4c274d8531d19da6af76aaee29f7,Northside
1107756861,d0992c5b6e0ef49cbe2e2e41a67215a3435a88bf300f4c3bdf1d3a615ffad4ec,"Once Flowers and Thorns sells well enough, I want to take a trip to a volcano. I’m sure new stories are waiting for me there."
1107767420,8532e7fcaf4af88a8bb9a49adba7ea9f5fd7888acb568e32dee3c612808f2510,"Well, this is no fun. You forgot to bring an <style=Hint_BgD>Ice-, Lightning-, or Grass-type</style> Aniimo, didn’t you?"
1107769401,63a7ff83d4ae18302d2db6c8b69996ca0766ed135f3ec5b54e115c9858889199,Limited-Time Furniture
1958464097,63a7ff83d4ae18302d2db6c8b69996ca0766ed135f3ec5b54e115c9858889199,Limited-Time Furniture
1107778083,c90d704a6de29a9900f663ddea1035207ba4d4e91ab71d8e4510e3bb77c3d581,Discovered an Incredible Form Aniimo—Common Iris! Go Catch it now!
1107790962,3a9ad1f5b4aa442655a4aa5d7cc148d11605ffa77cb8a74b39fc4deb58687b0c,"I’m still investigating, but the number matches the Voxel Cubes you collected. There may be a connection."
1107802083,18e9e05fb49ac2194515e01247d739b3676231a7ad73b2a968267ef43d1464b9,I heard lighting grass on fire creates a huge blaze... I wonder if Hummins count as grass?
1107808297,8d9127d1afa46b6142345692841073f93292e503dc52f118c95efe4b6c985bbf,Jukebox Dryer (Level 5)
1516280128,8d9127d1afa46b6142345692841073f93292e503dc52f118c95efe4b6c985bbf,Jukebox Dryer (Level 5)
1107818283,cef2a1070d320ab1db13a58ae9fa73ae12ca1973fe6b531a0251259a46c6e896,Area (Placeholder) Nurture Locked
1107831732,a419c4e294300162dbcb80db4a0b8877aa9e12422546a7761376554a5853f9f2,Premium Companion Handbook Level 20
1383163931,a419c4e294300162dbcb80db4a0b8877aa9e12422546a7761376554a5853f9f2,Premium Companion Handbook Level 20
1107839865,9e16d2dbebdaa9f446c1b3607b9ddfff3fa205f6b2d75e02a3f6567d05e4faa0,Shadow Magic
1765889279,9e16d2dbebdaa9f446c1b3607b9ddfff3fa205f6b2d75e02a3f6567d05e4faa0,Shadow Magic
1107854159,322958e0d31a8e9c4865e16b333651cb1968de52cd4fe09b5a5ea83c564163b5,Old—but not weak!
1107873515,320f7c83b82a48b289efdafce12e6c819c123450c1355eabe2ad726774de9e66,"A Pathfinder walks beside their destined Aniimo, their hearts and minds growing as one."
1107875519,a4150c0e116d721ba65303f17e1dc55d8a168635fc944a1586b0f631f45a473b,Egg Heist Newcomer
1918221802,a4150c0e116d721ba65303f17e1dc55d8a168635fc944a1586b0f631f45a473b,Egg Heist Newcomer
1107889947,101ad7ae7282d4ca3c2e7f3e814cbc39f247a4bd7ba246c104810c21004934ac,You must leave the other player’s world to proceed with this quest.
1112286896,101ad7ae7282d4ca3c2e7f3e814cbc39f247a4bd7ba246c104810c21004934ac,You must leave the other player’s world to proceed with this quest.
1244625106,101ad7ae7282d4ca3c2e7f3e814cbc39f247a4bd7ba246c104810c21004934ac,You must leave the other player’s world to proceed with this quest.
1562323947,101ad7ae7282d4ca3c2e7f3e814cbc39f247a4bd7ba246c104810c21004934ac,You must leave the other player’s world to proceed with this quest.
1569192711,101ad7ae7282d4ca3c2e7f3e814cbc39f247a4bd7ba246c104810c21004934ac,You must leave the other player’s world to proceed with this quest.
1753960295,101ad7ae7282d4ca3c2e7f3e814cbc39f247a4bd7ba246c104810c21004934ac,You must leave the other player’s world to proceed with this quest.
1951952310,101ad7ae7282d4ca3c2e7f3e814cbc39f247a4bd7ba246c104810c21004934ac,You must leave the other player’s world to proceed with this quest.
2027274145,101ad7ae7282d4ca3c2e7f3e814cbc39f247a4bd7ba246c104810c21004934ac,You must leave the other player’s world to proceed with this quest.
1107897930,cb76fc640d2ede2be006cc18dcd3c1f22febc0b826ff06a55bee9f7ad73ee5d2,Um...
1107903478,512244e12d10a06d1464e1670117b881bbfbf04515ddab5f769904269e0c6a32,Huh? Didn't Ling say these things somewhere before? Hmm... is my memory mixed up?
1107931880,61171ba4aaf7eba78d0a4a0a5bafd29cf1ff87df6b82e1194040869081a19050,View Institute Model
1107937926,0880396b2a1d7fb9a57d45e7b2565b4936fa9c346d74cd9843ade1bef616873c,Please activate the Branch in this region first.
1107985979,a86e59400ef9376b08aef27bac1f08c0c990d97898e65099197078061ac47a30,Let's wait patiently for those colorful blossoms to bloom again!
282027195,e4c7d1958e24eb57bdadcdc9a9ac4711512e86580a2d833cc9ffa7ad858105b7,Rookey
1107994217,e4c7d1958e24eb57bdadcdc9a9ac4711512e86580a2d833cc9ffa7ad858105b7,Rookey
1108348060,e4c7d1958e24eb57bdadcdc9a9ac4711512e86580a2d833cc9ffa7ad858105b7,Rookey
1109352811,e4c7d1958e24eb57bdadcdc9a9ac4711512e86580a2d833cc9ffa7ad858105b7,Rookey
1120843407,e4c7d1958e24eb57bdadcdc9a9ac4711512e86580a2d833cc9ffa7ad858105b7,Rookey
1122235003,e4c7d1958e24eb57bdadcdc9a9ac4711512e86580a2d833cc9ffa7ad858105b7,Rookey
1123220227,e4c7d1958e24eb57bdadcdc9a9ac4711512e86580a2d833cc9ffa7ad858105b7,Rookey
1155491080,e4c7d1958e24eb57bdadcdc9a9ac4711512e86580a2d833cc9ffa7ad858105b7,Rookey
1185367901,e4c7d1958e24eb57bdadcdc9a9ac4711512e86580a2d833cc9ffa7ad858105b7,Rookey
1245097499,e4c7d1958e24eb57bdadcdc9a9ac4711512e86580a2d833cc9ffa7ad858105b7,Rookey
1255442751,e4c7d1958e24eb57bdadcdc9a9ac4711512e86580a2d833cc9ffa7ad858105b7,Rookey
1402090206,e4c7d1958e24eb57bdadcdc9a9ac4711512e86580a2d833cc9ffa7ad858105b7,Rookey
1446110616,e4c7d1958e24eb57bdadcdc9a9ac4711512e86580a2d833cc9ffa7ad858105b7,Rookey
1462418595,e4c7d1958e24eb57bdadcdc9a9ac4711512e86580a2d833cc9ffa7ad858105b7,Rookey
1489637059,e4c7d1958e24eb57bdadcdc9a9ac4711512e86580a2d833cc9ffa7ad858105b7,Rookey
1510257885,e4c7d1958e24eb57bdadcdc9a9ac4711512e86580a2d833cc9ffa7ad858105b7,Rookey
1617908636,e4c7d1958e24eb57bdadcdc9a9ac4711512e86580a2d833cc9ffa7ad858105b7,Rookey
1671083382,e4c7d1958e24eb57bdadcdc9a9ac4711512e86580a2d833cc9ffa7ad858105b7,Rookey
1685340484,e4c7d1958e24eb57bdadcdc9a9ac4711512e86580a2d833cc9ffa7ad858105b7,Rookey
1724115571,e4c7d1958e24eb57bdadcdc9a9ac4711512e86580a2d833cc9ffa7ad858105b7,Rookey
1753643228,e4c7d1958e24eb57bdadcdc9a9ac4711512e86580a2d833cc9ffa7ad858105b7,Rookey
1795160054,e4c7d1958e24eb57bdadcdc9a9ac4711512e86580a2d833cc9ffa7ad858105b7,Rookey
1798536620,e4c7d1958e24eb57bdadcdc9a9ac4711512e86580a2d833cc9ffa7ad858105b7,Rookey
1835419261,e4c7d1958e24eb57bdadcdc9a9ac4711512e86580a2d833cc9ffa7ad858105b7,Rookey
1841495604,e4c7d1958e24eb57bdadcdc9a9ac4711512e86580a2d833cc9ffa7ad858105b7,Rookey
1842765192,e4c7d1958e24eb57bdadcdc9a9ac4711512e86580a2d833cc9ffa7ad858105b7,Rookey
1917950318,e4c7d1958e24eb57bdadcdc9a9ac4711512e86580a2d833cc9ffa7ad858105b7,Rookey
1988896958,e4c7d1958e24eb57bdadcdc9a9ac4711512e86580a2d833cc9ffa7ad858105b7,Rookey
2058039962,e4c7d1958e24eb57bdadcdc9a9ac4711512e86580a2d833cc9ffa7ad858105b7,Rookey
2074309316,e4c7d1958e24eb57bdadcdc9a9ac4711512e86580a2d833cc9ffa7ad858105b7,Rookey
2096613797,e4c7d1958e24eb57bdadcdc9a9ac4711512e86580a2d833cc9ffa7ad858105b7,Rookey
1108009675,4b5d4dd62029d5dc3206f77f616042eeb733f0003d19801d678dc467f9b0404f,"...Still, no harm in listening to feedback!"
1108012046,a17b5067c08fb0ba3620fa622aa4f140c9c5778a0f5fe96901325567790b20ab,"Strangely, as I move closer to the end of my life,
the memories surface more frequently.
—If I could turn back time..."
1832158709,a17b5067c08fb0ba3620fa622aa4f140c9c5778a0f5fe96901325567790b20ab,"Strangely, as I move closer to the end of my life,
the memories surface more frequently.
—If I could turn back time..."
1108026668,3f3595ca8a16295e394a5da8889961cc4f1a353d3e60c473078c74d555b81607,An apple-green building block for all kinds of structures.
1108048432,58686c585a02601afa47b9edff047993ac94f90dba37b37e1be335784095e0ec,A distinctive woven-bamboo pendant light that casts enchanting patterns across the walls.
1115550132,58686c585a02601afa47b9edff047993ac94f90dba37b37e1be335784095e0ec,A distinctive woven-bamboo pendant light that casts enchanting patterns across the walls.
1108058513,ad39706bf99a07156ca71d18a599e56b785b0c99b3f9b7b4211e71df7ea248ae,A weekly benefit from the Season Shop. Open it for rewards and a chance to receive a Legendary Irisalis Egg!
1108061032,3bb4c17ddad01cd89bc120f0deb628d3b04199c2bcdeb92ee6b6eb15a71d4c2f,A soft white rug like a cloud that has drifted down to the floor. Nimbis love curling up on it until they look like little clouds themselves.
1155507389,3bb4c17ddad01cd89bc120f0deb628d3b04199c2bcdeb92ee6b6eb15a71d4c2f,A soft white rug like a cloud that has drifted down to the floor. Nimbis love curling up on it until they look like little clouds themselves.
1108063278,be5844bdbe933dfed79da9d98b4e40140a4abb5ae5ebbd1b0277f32f19935545,"After thanking us sincerely, the injured boy leaves the park."
1108089870,93cdeaf42d7d9f6638a0670fc5a4a04faaf7ed59e62aee06b30dcd1b977b13b5,There are no seats left for Pathfinders.
1108106437,77301a9e98268be1e8ee11b766e6e2ecdffc29145448db035715a045e178bbb2,"Planning configuration content, planning configuration content, planning configuration content, planning configuration content,"
1146863544,77301a9e98268be1e8ee11b766e6e2ecdffc29145448db035715a045e178bbb2,"Planning configuration content, planning configuration content, planning configuration content, planning configuration content,"
1342089440,77301a9e98268be1e8ee11b766e6e2ecdffc29145448db035715a045e178bbb2,"Planning configuration content, planning configuration content, planning configuration content, planning configuration content,"
1704014543,77301a9e98268be1e8ee11b766e6e2ecdffc29145448db035715a045e178bbb2,"Planning configuration content, planning configuration content, planning configuration content, planning configuration content,"
1872854999,77301a9e98268be1e8ee11b766e6e2ecdffc29145448db035715a045e178bbb2,"Planning configuration content, planning configuration content, planning configuration content, planning configuration content,"
1987282563,77301a9e98268be1e8ee11b766e6e2ecdffc29145448db035715a045e178bbb2,"Planning configuration content, planning configuration content, planning configuration content, planning configuration content,"
2126308473,77301a9e98268be1e8ee11b766e6e2ecdffc29145448db035715a045e178bbb2,"Planning configuration content, planning configuration content, planning configuration content, planning configuration content,"
2126865764,77301a9e98268be1e8ee11b766e6e2ecdffc29145448db035715a045e178bbb2,"Planning configuration content, planning configuration content, planning configuration content, planning configuration content,"
1108138067,cd38d661963e88fd38abd7c7ef4c6a7cb3f9d8992eafc8a5f50a510e8e0064ae,Dream of a Lifetime
1666267327,cd38d661963e88fd38abd7c7ef4c6a7cb3f9d8992eafc8a5f50a510e8e0064ae,Dream of a Lifetime
2108060031,cd38d661963e88fd38abd7c7ef4c6a7cb3f9d8992eafc8a5f50a510e8e0064ae,Dream of a Lifetime
1108147969,2cb1d837437499f1c3adada99c7d50ea0d576614850d02d4e7f0d3bae367acb6,"Grace saved me, and I'm staying here voluntarily to help with the fire. Once I help her produce enough Spice, I'll leave."
1108175782,0f988a8f214ad36271f78816ab6ecc75c93ac8569885e301b2b64c6da95675b9,Hold <style=Hint_BgL>Skill 1 </style>to use [<style=Hint_BgL>Hammer Strike</style>] and smash the rubble blocking the way.
1108176543,c0b798f09f2f1f9dd60c674d721c14f15ad6d632539ea87cc4e4d7704154c0e1,Especially when you go over the waterfall and see the splashes dancing all around you! Da-da-da-da... It feels so good!
1108214918,48b0d2e5b3662483c47cd44529ce9aba5e8dc4790aeda9f182f3e13d26c00594,You cannot go to the Photo Studio in current state
1108238262,e9ad0b0f413f0a9e6bb60d7e32da2d7c2738bce00955f37241d72a4ee468653f,"A rare flower nourished through Vein Nurturing, blooming in the shape of a snowflake with dew shimmering across its petals."
1526732557,e9ad0b0f413f0a9e6bb60d7e32da2d7c2738bce00955f37241d72a4ee468653f,"A rare flower nourished through Vein Nurturing, blooming in the shape of a snowflake with dew shimmering across its petals."
1108244786,17ab637541d7d24a16fc36fbf75dec31e3d2339510452ba60dd942a23486c0b1,A swim ring rack for your Home.
1108254670,653fbd4d67ba642cb0c3d8fc490a037025c6e1e14ffc1afce38b01f468e4bc1e,"Ah, there you are at last!
Come on—the Sea of Flowers is just ahead—you’ve been there before! Let’s gather the materials!"
1108257892,a306326c1b8422fd85674858ccdabff44f85fdd090a3a76e129f1bd56cc58d0c,Charge Horn
1108273674,f6bad3e686f46df0a4d825174e8e0de7b54ed747e2cf8ab7ed5e438a1dca9114,"A little world for you, and a playground for your Aniimo."
1108277246,d970eb6f5cf4d0c05e2d5833c1aa2d39e16f7e78605396706da3dec3960fcd7f,"Everything, all of it, feels like a dream from the old days.
Strangely enough, the closer I get to the end of my HP,
the more frequently I find myself recalling all of this."
1108318071,9486760856e6db6a604c758339d3909e1ca87934863ac73f7729d39a244d468d,Unlocked at Level 39
1108332817,1818f3b19194b2f3257a4fbf4f9cf7bf3bbbe4cc0ecacaa457db7385c7327604,Complete Event Quests
1108339556,ec0d98e0aa3c0cede7ea00ffb1faed15f3f71c58b415339abd1bcca8d39eacda,Which Aniimo listed below is the best choice for Holo-Battle Sim: <style=Hint_BgD>Trial of Water</style>?
1108360621,096aa4082cf9daaab3626962cdb685e2123dfb5894f941af17ded98762da44f1,[Earthwake Revelation]
1662256975,096aa4082cf9daaab3626962cdb685e2123dfb5894f941af17ded98762da44f1,[Earthwake Revelation]
1108391986,1262692d6e318141cf24d6b9491c3e0c7f694b0a1161f713605682973e7136f3,Limited-Time Collaboration Events
1108404195,474d718a2102f9a4aa3d314a2732056c8fae7a454f545553172c3591524f35f0,"Big but skittish, it curls up upon hearing loud noises."
1108416421,12044fb58503b57d409c4e89d0c3e56b9735e4ec626e3dba05924fe2d6353a8d,"These <style=Hint_BgL>earth-type</style> Aniimo hate being woken up — once disturbed, they’ll fly into a rage."
1108424980,862e3e1cd7fdeb235c59e15b01c5f79a1a350df727b9f94f54f66fe0dc953ad9,[Wealth] Cumulative Training Coin
1108433638,cd7d59898325e518c816f37e7eef8fc68365844e8cfb1d9f37e095b485e0ba8b,"Never mind, now’s not the time for that.
Let’s see if we can get some fragrance ingredients from it."
1108452688,2fe3b0fa9dac0ec4c8fde72e33c319b4bf1d47e9fbaefdac559a2c78d3541694,"I mean, I wanna see whether your strategy and judgment have improved—not just compare raw power!"
1108463020,2f71af7f7862344efcfffcf5fbb1e9ae7eaf5ac8bc167ebde4f391dfbc9d0ff3,I really can’t run anymore...
1108506095,b32e32eae1db312a264465c7a98e7ea4808c1a2d10ff2cc2b6e1d6f4bec89eb7,"Sayn’s masterpiece. He is so proud of this manuscript, and claims it perfectly captures the Inferlupa’s true form."
1404792491,b32e32eae1db312a264465c7a98e7ea4808c1a2d10ff2cc2b6e1d6f4bec89eb7,"Sayn’s masterpiece. He is so proud of this manuscript, and claims it perfectly captures the Inferlupa’s true form."
1108513450,8b588ec858380dc6094136565779bd9f863a469c4124ae84f7a95c4d736dccd1,Advanced Damage Chip
1239969197,8b588ec858380dc6094136565779bd9f863a469c4124ae84f7a95c4d736dccd1,Advanced Damage Chip
1340971835,8b588ec858380dc6094136565779bd9f863a469c4124ae84f7a95c4d736dccd1,Advanced Damage Chip
1108520491,ee6d1738518d4eea8e9834be01352dd91869a46025b8af4df5bb7c04361a8dca,Report Failed
2020338165,ee6d1738518d4eea8e9834be01352dd91869a46025b8af4df5bb7c04361a8dca,Report Failed
1108522120,6100f967cecdc25e8e2d3c625b44d826a4c8e895d60296f535d352f93dd1cd8f,Unlucky Baleetle
1643542079,6100f967cecdc25e8e2d3c625b44d826a4c8e895d60296f535d352f93dd1cd8f,Unlucky Baleetle
1873506480,6100f967cecdc25e8e2d3c625b44d826a4c8e895d60296f535d352f93dd1cd8f,Unlucky Baleetle
1934630180,6100f967cecdc25e8e2d3c625b44d826a4c8e895d60296f535d352f93dd1cd8f,Unlucky Baleetle
2024036503,6100f967cecdc25e8e2d3c625b44d826a4c8e895d60296f535d352f93dd1cd8f,Unlucky Baleetle
2040753411,6100f967cecdc25e8e2d3c625b44d826a4c8e895d60296f535d352f93dd1cd8f,Unlucky Baleetle
1108531006,78d43fd99286e9fb81495152e99ae5aed244cd7f630893c0bfdcfa49f2baaccf,"A fence with elegant yet playful charm, designed by a true Celestis fan."
1778857836,78d43fd99286e9fb81495152e99ae5aed244cd7f630893c0bfdcfa49f2baaccf,"A fence with elegant yet playful charm, designed by a true Celestis fan."
1108531870,943f266d499428b51fe649507ef26cfabf72f8ca18202552d2d414c5d6822150,Skill Damage Increase During BREAK
1459373901,943f266d499428b51fe649507ef26cfabf72f8ca18202552d2d414c5d6822150,Skill Damage Increase During BREAK
1108561106,476c9abba890acd2d6c8eeca02d3fe13012d0f4acacf25c31f955b07f9a2bf44,Trigger EP recovery 10 times on a single target within 5s
1108561887,15c92b4073248a9da3351a966686e1046d772424c90062384963437640e92e95,Press to enter [<style=Hint_BgL>Institute Guide</style>]
1108591157,395d635aedcb8a6f2dd1961e8d5dd543703b341868c24801982d69c99a741d76,Invalid RV Park.
1108608719,dbcb4fe7e166566d0aecba0830ea6065e1d23fae7690e94f481431710d5fbde8,Jukebox Dryer
1120478962,dbcb4fe7e166566d0aecba0830ea6065e1d23fae7690e94f481431710d5fbde8,Jukebox Dryer
1149829034,dbcb4fe7e166566d0aecba0830ea6065e1d23fae7690e94f481431710d5fbde8,Jukebox Dryer
1185429627,dbcb4fe7e166566d0aecba0830ea6065e1d23fae7690e94f481431710d5fbde8,Jukebox Dryer
1273497013,dbcb4fe7e166566d0aecba0830ea6065e1d23fae7690e94f481431710d5fbde8,Jukebox Dryer
1348932926,dbcb4fe7e166566d0aecba0830ea6065e1d23fae7690e94f481431710d5fbde8,Jukebox Dryer
1450587518,dbcb4fe7e166566d0aecba0830ea6065e1d23fae7690e94f481431710d5fbde8,Jukebox Dryer
1466944636,dbcb4fe7e166566d0aecba0830ea6065e1d23fae7690e94f481431710d5fbde8,Jukebox Dryer
1827322107,dbcb4fe7e166566d0aecba0830ea6065e1d23fae7690e94f481431710d5fbde8,Jukebox Dryer
1908689501,dbcb4fe7e166566d0aecba0830ea6065e1d23fae7690e94f481431710d5fbde8,Jukebox Dryer
1108630757,e62f602534c0760bc1e1d781938771933d2f63fbf671d53f9dd0a6c9b93f1359,Open to receive rewards
1148509919,e62f602534c0760bc1e1d781938771933d2f63fbf671d53f9dd0a6c9b93f1359,Open to receive rewards
1296518841,e62f602534c0760bc1e1d781938771933d2f63fbf671d53f9dd0a6c9b93f1359,Open to receive rewards
1419336640,e62f602534c0760bc1e1d781938771933d2f63fbf671d53f9dd0a6c9b93f1359,Open to receive rewards
1476508505,e62f602534c0760bc1e1d781938771933d2f63fbf671d53f9dd0a6c9b93f1359,Open to receive rewards
1654941941,e62f602534c0760bc1e1d781938771933d2f63fbf671d53f9dd0a6c9b93f1359,Open to receive rewards
1696111829,e62f602534c0760bc1e1d781938771933d2f63fbf671d53f9dd0a6c9b93f1359,Open to receive rewards
1947662949,e62f602534c0760bc1e1d781938771933d2f63fbf671d53f9dd0a6c9b93f1359,Open to receive rewards
1108641374,10eb698d517d24509289da77485a784a620b35f20d21ca13a32c58add2a515a3,Hard Winter - BREAK
1482145170,10eb698d517d24509289da77485a784a620b35f20d21ca13a32c58add2a515a3,Hard Winter - BREAK
1108644356,53ea5bd9fa63962cb01a6b2763dd56970c3c974a902011cb1704462b3346f574,Don’t worry.
1108648106,d96a64709606406003350df39c5c1cf2e36c4f98367605a160f8f7f4d0dc1e76,Weather 1
1691612520,d96a64709606406003350df39c5c1cf2e36c4f98367605a160f8f7f4d0dc1e76,Weather 1
1108682501,19581e27de7ced00ff1ce50b2047e7a567c76b1cbaebabe5ef03f7c3017bb5b7,9
1630175946,19581e27de7ced00ff1ce50b2047e7a567c76b1cbaebabe5ef03f7c3017bb5b7,9
1667822882,19581e27de7ced00ff1ce50b2047e7a567c76b1cbaebabe5ef03f7c3017bb5b7,9
1777457557,19581e27de7ced00ff1ce50b2047e7a567c76b1cbaebabe5ef03f7c3017bb5b7,9
1843015071,19581e27de7ced00ff1ce50b2047e7a567c76b1cbaebabe5ef03f7c3017bb5b7,9
1898911468,19581e27de7ced00ff1ce50b2047e7a567c76b1cbaebabe5ef03f7c3017bb5b7,9
2043331816,19581e27de7ced00ff1ce50b2047e7a567c76b1cbaebabe5ef03f7c3017bb5b7,9
2129633065,19581e27de7ced00ff1ce50b2047e7a567c76b1cbaebabe5ef03f7c3017bb5b7,9
2143933774,19581e27de7ced00ff1ce50b2047e7a567c76b1cbaebabe5ef03f7c3017bb5b7,9
1108687988,c877d88a02076c3b5745f1ef3dda5271c52530c96127d6e35f6584bacb6e8b96,Try looking southeast of the Branch.
1108691493,cc70b70daeef4138eee8220db3a767453dc9b3123f650ed4fc52229be2696c3f,"It outlines a graceful silhouette, letting refined charm shine from your eyes and brows."
1108697556,6a0a07ed403240be02363995f093ca22eeaf0a01fb371dd003b094b42e53db66,"Alright, get ready—let's go!"
2017928674,6a0a07ed403240be02363995f093ca22eeaf0a01fb371dd003b094b42e53db66,"Alright, get ready—let's go!"
1108717264,037790defe6fb3c44dc15b32e20875d0d19bfad45a5f887d8d3c5d25af4800da,Heterochromia
1108750605,7a22b75259a20a7b718b1fe7d18d4a3e7d136ee49afaec50d0d56b5ffa1c52a3,"Mutated rare ginseng, enveloped in a rainbow-like glow."
1796658069,7a22b75259a20a7b718b1fe7d18d4a3e7d136ee49afaec50d0d56b5ffa1c52a3,"Mutated rare ginseng, enveloped in a rainbow-like glow."
1108771604,20dc0a0549d4cad38dd244bfc809785283f29f178d5eca9c9122c35a0dbb761c,Hiding Pomegg
1109848630,20dc0a0549d4cad38dd244bfc809785283f29f178d5eca9c9122c35a0dbb761c,Hiding Pomegg
1212446767,20dc0a0549d4cad38dd244bfc809785283f29f178d5eca9c9122c35a0dbb761c,Hiding Pomegg
1529657813,20dc0a0549d4cad38dd244bfc809785283f29f178d5eca9c9122c35a0dbb761c,Hiding Pomegg
1767560761,20dc0a0549d4cad38dd244bfc809785283f29f178d5eca9c9122c35a0dbb761c,Hiding Pomegg
1781915790,20dc0a0549d4cad38dd244bfc809785283f29f178d5eca9c9122c35a0dbb761c,Hiding Pomegg
1911401192,20dc0a0549d4cad38dd244bfc809785283f29f178d5eca9c9122c35a0dbb761c,Hiding Pomegg
1108785065,1f0faaec8152e287e3ac77874c36f7f17d5d3c2dbbf39e9baccaf7dbbd420fad,Not lost. Just reconsidering life’s direction!
1148717249,1f0faaec8152e287e3ac77874c36f7f17d5d3c2dbbf39e9baccaf7dbbd420fad,Not lost. Just reconsidering life’s direction!
1852895860,1f0faaec8152e287e3ac77874c36f7f17d5d3c2dbbf39e9baccaf7dbbd420fad,Not lost. Just reconsidering life’s direction!
1108799444,7711ad18571a7829197b2edda41dde5d4ef33f17ca824758b0eb553a455317ec,Water TP Reduction Bonus Multiplier
1406003247,7711ad18571a7829197b2edda41dde5d4ef33f17ca824758b0eb553a455317ec,Water TP Reduction Bonus Multiplier
1108804721,0c7705493c414d50ebe58f511dc621fd5d8dbdd53e5c8a05be844b31bf8f8639,Which came first: the Aniimo or the Aniimo Egg?
1903230923,0c7705493c414d50ebe58f511dc621fd5d8dbdd53e5c8a05be844b31bf8f8639,Which came first: the Aniimo or the Aniimo Egg?
2069383302,0c7705493c414d50ebe58f511dc621fd5d8dbdd53e5c8a05be844b31bf8f8639,Which came first: the Aniimo or the Aniimo Egg?
1108859591,1ee17e051a6f89354e158d07c76aa662b43ca4b8e0fe94cfe63cf763c3267529,Chaos Challenge
1108866827,ee3921960cc2a6450e6c54724cee1f74018e0ca348f4c78766b7d911fbd9f1c5,Epic Chest
1200495980,ee3921960cc2a6450e6c54724cee1f74018e0ca348f4c78766b7d911fbd9f1c5,Epic Chest
1410487467,ee3921960cc2a6450e6c54724cee1f74018e0ca348f4c78766b7d911fbd9f1c5,Epic Chest
1786473894,ee3921960cc2a6450e6c54724cee1f74018e0ca348f4c78766b7d911fbd9f1c5,Epic Chest
2039272366,ee3921960cc2a6450e6c54724cee1f74018e0ca348f4c78766b7d911fbd9f1c5,Epic Chest
1108873690,cccdf4e07a1abca8eb65d691c01ee281f75ddb8c4683a7064a2d9322865e03a0,Tammy
1164735390,cccdf4e07a1abca8eb65d691c01ee281f75ddb8c4683a7064a2d9322865e03a0,Tammy
1216461278,cccdf4e07a1abca8eb65d691c01ee281f75ddb8c4683a7064a2d9322865e03a0,Tammy
1606254414,cccdf4e07a1abca8eb65d691c01ee281f75ddb8c4683a7064a2d9322865e03a0,Tammy
1805441733,cccdf4e07a1abca8eb65d691c01ee281f75ddb8c4683a7064a2d9322865e03a0,Tammy
1815100216,cccdf4e07a1abca8eb65d691c01ee281f75ddb8c4683a7064a2d9322865e03a0,Tammy
1852098437,cccdf4e07a1abca8eb65d691c01ee281f75ddb8c4683a7064a2d9322865e03a0,Tammy
1897817411,cccdf4e07a1abca8eb65d691c01ee281f75ddb8c4683a7064a2d9322865e03a0,Tammy
2078086924,cccdf4e07a1abca8eb65d691c01ee281f75ddb8c4683a7064a2d9322865e03a0,Tammy
2098338781,cccdf4e07a1abca8eb65d691c01ee281f75ddb8c4683a7064a2d9322865e03a0,Tammy
1108895026,723bd0ab7154239fe274be1fa4393d287e1532b055aeab78df081b2e5272f4d8,"A finely finished hardwood fence, sturdy enough to define a little corner of your own."
1823570924,723bd0ab7154239fe274be1fa4393d287e1532b055aeab78df081b2e5272f4d8,"A finely finished hardwood fence, sturdy enough to define a little corner of your own."
1108901844,da23a47a6f3d9335317821816019f8b3e468a1b419fe699fc9b4aec5beeddb34,"Nut slices coated in a layer of caramel and baked to perfection, offering a sweet and crunchy bite. They are a popular snack for holidays and parties."
1108906076,759f5b05767f474e91a604de35e5b9313b8502cc9d3f885a1abbd89c3bcac65d,Communicator
1108920508,ad32d6a383557065fe1cf7ef0d04242ee86b6b12f08bebbcbd3f1219a0de91f1,Sugarcane
1204376421,ad32d6a383557065fe1cf7ef0d04242ee86b6b12f08bebbcbd3f1219a0de91f1,Sugarcane
1233856067,ad32d6a383557065fe1cf7ef0d04242ee86b6b12f08bebbcbd3f1219a0de91f1,Sugarcane
1704195761,ad32d6a383557065fe1cf7ef0d04242ee86b6b12f08bebbcbd3f1219a0de91f1,Sugarcane
1833137166,ad32d6a383557065fe1cf7ef0d04242ee86b6b12f08bebbcbd3f1219a0de91f1,Sugarcane
1108954843,8478fb57ac85d879f5925fed2fabf6db01d0780a4b8d92a50dae61feebdb1f84,This model really has great camera presence! (Currently unused)
1108981292,5a9b59df8f11e93693e34fbf1fa8e66708e6a4324581c9cee8bb6c683ab47b75,Why don’t you come check it out at night? >.<
1108989761,9a85d2aa207310d02b5d11b2a4f7c03677089327a430d3fdff1c2593acf9fea4,"The crystals on its elbows erupt with magma energy, hurling a massive molten boulder that explodes to deal wide-area damage. Damage increases by <style=Hint_BgL><customRichText(calcData,timeline,2128301,param1,1,%d)>%</style> for each stack of <style=Hint_BgL><link=""source_8038""><u>[Fire Debuff]</u></link></style> on the target."
1109012072,09e8aa4ee905fcc3eed3b460fcaf78ce85c7ca9623d006747d98d5f8de39b879,Lightweight Backpack
1141383942,09e8aa4ee905fcc3eed3b460fcaf78ce85c7ca9623d006747d98d5f8de39b879,Lightweight Backpack
1318789383,09e8aa4ee905fcc3eed3b460fcaf78ce85c7ca9623d006747d98d5f8de39b879,Lightweight Backpack
1109052005,df65b612c063815868014f1c66980a3b26bd483951337d3e56f61ed3b71e4732,I have unlimited potential!
1109075226,76fff87d8c34cb397935a8aa3d55af4d3249b526ae22a28247c9a80663266d77,Splashy Susuta - Left
1115369155,76fff87d8c34cb397935a8aa3d55af4d3249b526ae22a28247c9a80663266d77,Splashy Susuta - Left
2080492504,76fff87d8c34cb397935a8aa3d55af4d3249b526ae22a28247c9a80663266d77,Splashy Susuta - Left
1109083682,b6d9eba233e43eb9670732bfa609c0ec4e91897e8d2780240025e9273a18d245,Chirpi
1117145035,b6d9eba233e43eb9670732bfa609c0ec4e91897e8d2780240025e9273a18d245,Chirpi
1132853855,b6d9eba233e43eb9670732bfa609c0ec4e91897e8d2780240025e9273a18d245,Chirpi
1175875343,b6d9eba233e43eb9670732bfa609c0ec4e91897e8d2780240025e9273a18d245,Chirpi
1257628978,b6d9eba233e43eb9670732bfa609c0ec4e91897e8d2780240025e9273a18d245,Chirpi
1258895971,b6d9eba233e43eb9670732bfa609c0ec4e91897e8d2780240025e9273a18d245,Chirpi
1277315008,b6d9eba233e43eb9670732bfa609c0ec4e91897e8d2780240025e9273a18d245,Chirpi
1290096120,b6d9eba233e43eb9670732bfa609c0ec4e91897e8d2780240025e9273a18d245,Chirpi
1295776792,b6d9eba233e43eb9670732bfa609c0ec4e91897e8d2780240025e9273a18d245,Chirpi
1319589824,b6d9eba233e43eb9670732bfa609c0ec4e91897e8d2780240025e9273a18d245,Chirpi
1354585447,b6d9eba233e43eb9670732bfa609c0ec4e91897e8d2780240025e9273a18d245,Chirpi
1365237610,b6d9eba233e43eb9670732bfa609c0ec4e91897e8d2780240025e9273a18d245,Chirpi
1407819077,b6d9eba233e43eb9670732bfa609c0ec4e91897e8d2780240025e9273a18d245,Chirpi
1429119536,b6d9eba233e43eb9670732bfa609c0ec4e91897e8d2780240025e9273a18d245,Chirpi
1454313437,b6d9eba233e43eb9670732bfa609c0ec4e91897e8d2780240025e9273a18d245,Chirpi
1460150681,b6d9eba233e43eb9670732bfa609c0ec4e91897e8d2780240025e9273a18d245,Chirpi
1558489599,b6d9eba233e43eb9670732bfa609c0ec4e91897e8d2780240025e9273a18d245,Chirpi
1621482053,b6d9eba233e43eb9670732bfa609c0ec4e91897e8d2780240025e9273a18d245,Chirpi
1697240989,b6d9eba233e43eb9670732bfa609c0ec4e91897e8d2780240025e9273a18d245,Chirpi
1713590429,b6d9eba233e43eb9670732bfa609c0ec4e91897e8d2780240025e9273a18d245,Chirpi
1732525352,b6d9eba233e43eb9670732bfa609c0ec4e91897e8d2780240025e9273a18d245,Chirpi
1737988776,b6d9eba233e43eb9670732bfa609c0ec4e91897e8d2780240025e9273a18d245,Chirpi
1756230778,b6d9eba233e43eb9670732bfa609c0ec4e91897e8d2780240025e9273a18d245,Chirpi
1761041361,b6d9eba233e43eb9670732bfa609c0ec4e91897e8d2780240025e9273a18d245,Chirpi
1830546853,b6d9eba233e43eb9670732bfa609c0ec4e91897e8d2780240025e9273a18d245,Chirpi
1843872808,b6d9eba233e43eb9670732bfa609c0ec4e91897e8d2780240025e9273a18d245,Chirpi
1941167795,b6d9eba233e43eb9670732bfa609c0ec4e91897e8d2780240025e9273a18d245,Chirpi
1992620563,b6d9eba233e43eb9670732bfa609c0ec4e91897e8d2780240025e9273a18d245,Chirpi
1997934495,b6d9eba233e43eb9670732bfa609c0ec4e91897e8d2780240025e9273a18d245,Chirpi
2026866288,b6d9eba233e43eb9670732bfa609c0ec4e91897e8d2780240025e9273a18d245,Chirpi
2027948253,b6d9eba233e43eb9670732bfa609c0ec4e91897e8d2780240025e9273a18d245,Chirpi
2049314728,b6d9eba233e43eb9670732bfa609c0ec4e91897e8d2780240025e9273a18d245,Chirpi
2054590037,b6d9eba233e43eb9670732bfa609c0ec4e91897e8d2780240025e9273a18d245,Chirpi
2064825427,b6d9eba233e43eb9670732bfa609c0ec4e91897e8d2780240025e9273a18d245,Chirpi
2070000375,b6d9eba233e43eb9670732bfa609c0ec4e91897e8d2780240025e9273a18d245,Chirpi
2083184656,b6d9eba233e43eb9670732bfa609c0ec4e91897e8d2780240025e9273a18d245,Chirpi
2092848695,b6d9eba233e43eb9670732bfa609c0ec4e91897e8d2780240025e9273a18d245,Chirpi
2129184268,b6d9eba233e43eb9670732bfa609c0ec4e91897e8d2780240025e9273a18d245,Chirpi
2130500411,b6d9eba233e43eb9670732bfa609c0ec4e91897e8d2780240025e9273a18d245,Chirpi
2139877343,b6d9eba233e43eb9670732bfa609c0ec4e91897e8d2780240025e9273a18d245,Chirpi
1109099442,56dc9db090d7dcaf62f488681b291a5f7cd4e6f504609f749a98be1837e8f4d2,Use to restore <style=Hint_BgL>100%</style> HP.
1109101136,e241bc4eb840e7680e0fc61af9b126b810cb41241ac8fd924c11b268a0906a88,"Bathe in the power of legacy, resonate with memories of the past, and awaken even greater strength."
1515398761,e241bc4eb840e7680e0fc61af9b126b810cb41241ac8fd924c11b268a0906a88,"Bathe in the power of legacy, resonate with memories of the past, and awaken even greater strength."
1528675009,e241bc4eb840e7680e0fc61af9b126b810cb41241ac8fd924c11b268a0906a88,"Bathe in the power of legacy, resonate with memories of the past, and awaken even greater strength."
1988849525,e241bc4eb840e7680e0fc61af9b126b810cb41241ac8fd924c11b268a0906a88,"Bathe in the power of legacy, resonate with memories of the past, and awaken even greater strength."
1109110024,4ec9599fc203d176a301536c2e091a19bc852759b255bd6818810a42c5fed14a,18
1147637532,4ec9599fc203d176a301536c2e091a19bc852759b255bd6818810a42c5fed14a,18
1171344906,4ec9599fc203d176a301536c2e091a19bc852759b255bd6818810a42c5fed14a,18
1316226127,4ec9599fc203d176a301536c2e091a19bc852759b255bd6818810a42c5fed14a,18
1463397987,4ec9599fc203d176a301536c2e091a19bc852759b255bd6818810a42c5fed14a,18
1620401276,4ec9599fc203d176a301536c2e091a19bc852759b255bd6818810a42c5fed14a,18
1647162295,4ec9599fc203d176a301536c2e091a19bc852759b255bd6818810a42c5fed14a,18
1665742262,4ec9599fc203d176a301536c2e091a19bc852759b255bd6818810a42c5fed14a,18
1737545889,4ec9599fc203d176a301536c2e091a19bc852759b255bd6818810a42c5fed14a,18
1790676989,4ec9599fc203d176a301536c2e091a19bc852759b255bd6818810a42c5fed14a,18
1803135495,4ec9599fc203d176a301536c2e091a19bc852759b255bd6818810a42c5fed14a,18
1829147777,4ec9599fc203d176a301536c2e091a19bc852759b255bd6818810a42c5fed14a,18
1894934145,4ec9599fc203d176a301536c2e091a19bc852759b255bd6818810a42c5fed14a,18
1956377427,4ec9599fc203d176a301536c2e091a19bc852759b255bd6818810a42c5fed14a,18
1989630875,4ec9599fc203d176a301536c2e091a19bc852759b255bd6818810a42c5fed14a,18
1992673323,4ec9599fc203d176a301536c2e091a19bc852759b255bd6818810a42c5fed14a,18
1997205663,4ec9599fc203d176a301536c2e091a19bc852759b255bd6818810a42c5fed14a,18
2070379038,4ec9599fc203d176a301536c2e091a19bc852759b255bd6818810a42c5fed14a,18
2099091614,4ec9599fc203d176a301536c2e091a19bc852759b255bd6818810a42c5fed14a,18
1109143028,fe8518b27f62917e72b0d022e09770f5edcfda4b6ac8e711e6b059a6bfa90468,Auto-fill Team
1151418506,fe8518b27f62917e72b0d022e09770f5edcfda4b6ac8e711e6b059a6bfa90468,Auto-fill Team
1416755511,fe8518b27f62917e72b0d022e09770f5edcfda4b6ac8e711e6b059a6bfa90468,Auto-fill Team
1780760547,fe8518b27f62917e72b0d022e09770f5edcfda4b6ac8e711e6b059a6bfa90468,Auto-fill Team
1109162700,a0f949497a74dde0c63a35cd9ab147012ffa007b019557ea5cecb9a243d0c5de,GO
1229419307,a0f949497a74dde0c63a35cd9ab147012ffa007b019557ea5cecb9a243d0c5de,GO
1410200127,a0f949497a74dde0c63a35cd9ab147012ffa007b019557ea5cecb9a243d0c5de,GO
1492984799,a0f949497a74dde0c63a35cd9ab147012ffa007b019557ea5cecb9a243d0c5de,GO
1901195086,a0f949497a74dde0c63a35cd9ab147012ffa007b019557ea5cecb9a243d0c5de,GO
1933430422,a0f949497a74dde0c63a35cd9ab147012ffa007b019557ea5cecb9a243d0c5de,GO
1109163484,84aaccc3decb25dc0439d6838495ee4dd8fe5dc068dfa8bd0764e3d3d5cfb64c,"Squashel protects its own kind. If it sees a Squarrel under threat, it will step in without hesitation and make the aggressor pay with its fierce fists."
1109166001,b86d11af79188e58af384b421f2799b08bfb151939b4404679d948aae2720b0b,Down
1467517159,b86d11af79188e58af384b421f2799b08bfb151939b4404679d948aae2720b0b,Down
1109173467,890c5f574a682363f002775c9cdb7c14964e9d817ea6406f9e6a9dc8b436a8da,Omni-gloves
1402596870,890c5f574a682363f002775c9cdb7c14964e9d817ea6406f9e6a9dc8b436a8da,Omni-gloves
1875222756,890c5f574a682363f002775c9cdb7c14964e9d817ea6406f9e6a9dc8b436a8da,Omni-gloves
1109231439,234033c19a6aa4453d1994e97b733cbda5f29f74ff4a37043768feeb5aa6fc91,Press #kRaw/GamepadButtonEast#z to exit loadout.
1109318653,5da0eaccf11b7cea542d2faaba67305d490ee1e1c6258edbb81792dcf47df04c,Departure with the Wind
1801921578,5da0eaccf11b7cea542d2faaba67305d490ee1e1c6258edbb81792dcf47df04c,Departure with the Wind
1875900487,5da0eaccf11b7cea542d2faaba67305d490ee1e1c6258edbb81792dcf47df04c,Departure with the Wind
1934340906,5da0eaccf11b7cea542d2faaba67305d490ee1e1c6258edbb81792dcf47df04c,Departure with the Wind
2107455174,5da0eaccf11b7cea542d2faaba67305d490ee1e1c6258edbb81792dcf47df04c,Departure with the Wind
357488203,8dc9c386373a2b820ab85fc8e53deada8415ab466570f4f5e3b4a607435644c5,Irisal
1109337018,8dc9c386373a2b820ab85fc8e53deada8415ab466570f4f5e3b4a607435644c5,Irisal
1119117064,8dc9c386373a2b820ab85fc8e53deada8415ab466570f4f5e3b4a607435644c5,Irisal
1119948702,8dc9c386373a2b820ab85fc8e53deada8415ab466570f4f5e3b4a607435644c5,Irisal
1129156283,8dc9c386373a2b820ab85fc8e53deada8415ab466570f4f5e3b4a607435644c5,Irisal
1145591713,8dc9c386373a2b820ab85fc8e53deada8415ab466570f4f5e3b4a607435644c5,Irisal
1148399224,8dc9c386373a2b820ab85fc8e53deada8415ab466570f4f5e3b4a607435644c5,Irisal
1155492358,8dc9c386373a2b820ab85fc8e53deada8415ab466570f4f5e3b4a607435644c5,Irisal
1209958497,8dc9c386373a2b820ab85fc8e53deada8415ab466570f4f5e3b4a607435644c5,Irisal
1212121859,8dc9c386373a2b820ab85fc8e53deada8415ab466570f4f5e3b4a607435644c5,Irisal
1229114900,8dc9c386373a2b820ab85fc8e53deada8415ab466570f4f5e3b4a607435644c5,Irisal
1288692384,8dc9c386373a2b820ab85fc8e53deada8415ab466570f4f5e3b4a607435644c5,Irisal
1306144796,8dc9c386373a2b820ab85fc8e53deada8415ab466570f4f5e3b4a607435644c5,Irisal
1318228313,8dc9c386373a2b820ab85fc8e53deada8415ab466570f4f5e3b4a607435644c5,Irisal
1408548835,8dc9c386373a2b820ab85fc8e53deada8415ab466570f4f5e3b4a607435644c5,Irisal
1419954727,8dc9c386373a2b820ab85fc8e53deada8415ab466570f4f5e3b4a607435644c5,Irisal
1442353522,8dc9c386373a2b820ab85fc8e53deada8415ab466570f4f5e3b4a607435644c5,Irisal
1447197544,8dc9c386373a2b820ab85fc8e53deada8415ab466570f4f5e3b4a607435644c5,Irisal
1535327136,8dc9c386373a2b820ab85fc8e53deada8415ab466570f4f5e3b4a607435644c5,Irisal
1540917817,8dc9c386373a2b820ab85fc8e53deada8415ab466570f4f5e3b4a607435644c5,Irisal
1612508366,8dc9c386373a2b820ab85fc8e53deada8415ab466570f4f5e3b4a607435644c5,Irisal
1642393521,8dc9c386373a2b820ab85fc8e53deada8415ab466570f4f5e3b4a607435644c5,Irisal
1655276649,8dc9c386373a2b820ab85fc8e53deada8415ab466570f4f5e3b4a607435644c5,Irisal
1680670772,8dc9c386373a2b820ab85fc8e53deada8415ab466570f4f5e3b4a607435644c5,Irisal
1705838122,8dc9c386373a2b820ab85fc8e53deada8415ab466570f4f5e3b4a607435644c5,Irisal
1742195692,8dc9c386373a2b820ab85fc8e53deada8415ab466570f4f5e3b4a607435644c5,Irisal
1769837528,8dc9c386373a2b820ab85fc8e53deada8415ab466570f4f5e3b4a607435644c5,Irisal
1772763586,8dc9c386373a2b820ab85fc8e53deada8415ab466570f4f5e3b4a607435644c5,Irisal
1783683443,8dc9c386373a2b820ab85fc8e53deada8415ab466570f4f5e3b4a607435644c5,Irisal