1616798271,b3906320ecb153c8e7d9c271fa5c31c1c6f7f5d1418cd967cf0522b4632cfe8c,"When a teammate Aniimo is defeated, other Aniimo gain <style=Hint_BgL><customRichText(calcData,buff,402001701,param0,1,%d)>%</style> damage amplification."
1789203631,b3906320ecb153c8e7d9c271fa5c31c1c6f7f5d1418cd967cf0522b4632cfe8c,"When a teammate Aniimo is defeated, other Aniimo gain <style=Hint_BgL><customRichText(calcData,buff,402001701,param0,1,%d)>%</style> damage amplification."
1937460823,b3906320ecb153c8e7d9c271fa5c31c1c6f7f5d1418cd967cf0522b4632cfe8c,"When a teammate Aniimo is defeated, other Aniimo gain <style=Hint_BgL><customRichText(calcData,buff,402001701,param0,1,%d)>%</style> damage amplification."
1243440992,cef3f549b350e8cc3e2ccf55f05f6d876663d6763e0799a8d2f3556cb477a6cb,"There’s a Budclaw here with the Sparkling mutation! And it’s a smart one, too! It doesn’t just bump into walls all the time. Can you catch it?"
1243452876,12cfedd5583535156acaf64fef36c19b875213f0a4f5ebf8ff53f8a62b1d11d7,"As expected of you, is this the legendary ""Pathfinder’s Instinct""?"
1243471105,a27e392ba931be01bf5b850b2adeb8094bbdc69c9eae42f6a317d076407f73f1,Increases BREAK DMG against units below Lv. 20
1647316039,a27e392ba931be01bf5b850b2adeb8094bbdc69c9eae42f6a317d076407f73f1,Increases BREAK DMG against units below Lv. 20
1243473240,d9de5b0fb725c35913718eee1afc663f8100c615924965cba5a5aeaa7dc28dda,Equipped Aniimo gain 0.7 additional REGEN per level.
1243483281,3947c51c1d2243093d292f46fbff01d12a371ec15beb8266ec5d64ecf93bd67f,"Choose one of the following <style=Q_5>Eggs</style> as a reward: <style=Q_5>Perfect Hexxin Egg</style>, <style=Q_5>Perfect Flamerion Egg</style>, or <style=Q_5>Perfect Leafy Egg</style>."
1243488447,770870d6aac64c88120b4f1c2b1956a9668b4f0af9f6917a598f3273f27d175b,"Solid hardwood flooring that feels warm underfoot, perfect as Aniimo’s playground."
1663934149,770870d6aac64c88120b4f1c2b1956a9668b4f0af9f6917a598f3273f27d175b,"Solid hardwood flooring that feels warm underfoot, perfect as Aniimo’s playground."
1243492219,053b56a8df74179e4a5f3a41bcd08ade028e90f701316ca69fbd6345e95a4df3,Compatibility Score
1402390321,053b56a8df74179e4a5f3a41bcd08ade028e90f701316ca69fbd6345e95a4df3,Compatibility Score
1243533896,e2aa469b80185dd8a28e568a08430b1b4fc829a5470a34d2c8279b135c19a8a7,"It was moving, magnificent, and utterly unforgettable."
1243539401,5d5dbc784fc808409f6ae7649c6c1c2e9f9c027af2d635d527a35c65c7ba82be,Rock - Repose
1909481897,5d5dbc784fc808409f6ae7649c6c1c2e9f9c027af2d635d527a35c65c7ba82be,Rock - Repose
1243554670,e82f59a65f02c467ab63be2ce437a2c589bdc64d89cf0c137c46ff90beaa9c1e,"Extremely rare potato with dual mutations, enveloped in a rainbow-like glow while having exceptionally large and plump tubers."
1393802538,e82f59a65f02c467ab63be2ce437a2c589bdc64d89cf0c137c46ff90beaa9c1e,"Extremely rare potato with dual mutations, enveloped in a rainbow-like glow while having exceptionally large and plump tubers."
1243558375,9296dbf3b5b3b2980c49cec6c619944b7b2bb9fd7f200df029561f50a0121759,Charmed. Continuously moves toward the caster.
1243586553,28590cb60050a2ce5f5e3f4211b7b6e122db4ac0f6524ee5a316040a801c4cce,Unlock all Research Manuals (1 Confirm)
1243596225,60875c769230606a2f7584321012e08e36884452496b34a03729c78056dfda8e,"Jumps up and throws a giant fireball at the target. It explodes on landing, dealing wide-area damage and applying <style=Hint_BgL>12</style> stacks of <style=Hint_BgL><link=""source_8038""><u>[Fire Debuff]</u></link></style>."
1243608448,df97c9fbeb089860fd9d5013f8d676e13cd39f41215888a7d93e1015ee310954,Sunlit Meadow
1485669120,df97c9fbeb089860fd9d5013f8d676e13cd39f41215888a7d93e1015ee310954,Sunlit Meadow
1243612133,2bd89549e0f52e1a1a1932eb2fd9f7a7c5d9eeb51259108351b80bff5863a4f9,"press <style=Hint_BgL>Aniimo Distribution</style> in the lower-left corner of the map, or zoom the map all the way out, to view each region's Aniimo <style=Hint_BgL>collection progress</style> and <style=Hint_BgL>weather conditions</style>."
1243615111,6da140fdd4be01893bd14afe43ad5d1cc2a4eec98fc37e67e91e0c63fd703094,Русский
1243625343,caeb12832151cd7c52cf51688790420aa41a2251937f6144975a6053797780de,Rank-Up Gift Box: Egg Heist Master
1243639624,c357adfd06c24c274965b95bfcf637943e575e686acda555406c0cf055c1052e,A giant tree that stands proudly over the land below.
1555814799,c357adfd06c24c274965b95bfcf637943e575e686acda555406c0cf055c1052e,A giant tree that stands proudly over the land below.
1243640248,98c31f5e3c31b0b069f8fff9d9dee1dd43fabb8687a81c863da010dfbbd65f6b,First Aid Spray
1243644204,3ba2c7af2f334a64b3d4c8ceb52be4419dd6369345dbec9be2b1ae56a8b8acef,Locked slots can only use <color=#e49b43>Radiant Dreamshadow</color>. Uncheck and only use <color=#b767e1>Glimmering Driftshadow</color>?
1243686637,f3b4e65d2cf4bcd3f50bb3e97f74caaf4e23c560a53fdc15c8290d09fd947ad6,Ready (Claim Rewards)
1243821052,83e169014a9e6f8ac938cb3cade80b45941ba3a7869479aa68e8f2c406e32850,Hide from Yourself
1243847599,77596a8a7a2955ef46519c24fead1aaf3431770c41fc85b4ea6dbc6efa566141,Rank Info
1243857125,07b7294df41557b80fee08b0c6916e74cd9119fc8127bd6abd3a4fa92f5b0114,Huge Colorful Shining Crystalline Potato
1256961757,07b7294df41557b80fee08b0c6916e74cd9119fc8127bd6abd3a4fa92f5b0114,Huge Colorful Shining Crystalline Potato
1694170196,07b7294df41557b80fee08b0c6916e74cd9119fc8127bd6abd3a4fa92f5b0114,Huge Colorful Shining Crystalline Potato
1985049132,07b7294df41557b80fee08b0c6916e74cd9119fc8127bd6abd3a4fa92f5b0114,Huge Colorful Shining Crystalline Potato
1243888866,50e2cfbf1bad4ed2e07f25980e2b01a6d8c995017bfb6f6170db45249f7f6bbe,Umbral Fenrier
1243896582,fdeab3cd7780945a27350dad5ebd6946a6848635ecc1956ea7c1e4972ce33612,Fragrancier’s <style=Hint_BgL>[Secret Fragrance]</style> mark increases <style=Hint_BgL>Dark</style> basic attack damage and can deal even more damage when paired with Stellarys’s trait. Hexxin’s skill applies <style=Hint_BgL>[Curse]</style>—basic attacks that hit targets with <style=Hint_BgL>[Curse]</style> restore more EP.
1243919605,b44eb4f65a08d1a47f00284046c04d95b4c20d8614f3dcf261eb1bea4e6e0d9e,"Lively and confident, poised and easygoing."
1487753098,b44eb4f65a08d1a47f00284046c04d95b4c20d8614f3dcf261eb1bea4e6e0d9e,"Lively and confident, poised and easygoing."
1243947114,4d93dae153162b564ea640d3033236438e666f986c516dc1c3f8fa0b0bef4357,Healing is super useful.
1243948911,36b60cbd45a6156685e72055a9afa50720d4d3583d57547dc696a53a2a779e0e,Hide UI
2018799501,36b60cbd45a6156685e72055a9afa50720d4d3583d57547dc696a53a2a779e0e,Hide UI
1243952167,45997eac9e28637c9472b0962ab1bd971a4f812dc6e620bc8be61e9d203b1528,Uh-oh... the mist’s gonna swallow up the other Aniimo too...
1243956701,2fda642b97a41ce0df6c3cce81efba4fa46c55cf3a19651e9375bcd22227d80d,"Page 9
This is the third expedition at sea of the great seafaring Pathfinder, Hayes!
————
I made the old sailor drunk, as usual, and discovered a piece of strange information.
The Sea of Flowers Mudflat used to be a small port with a shipping route to Apeiro.
But the route somehow disappeared, and the port was abandoned as well.
Then another earthquake came, the port sank into the sea, and the place became a mudflat.
I heard that Pathfinders from Apeiro used to land on the Sea of Flowers to unload cargo and replenish supplies.
I never had the chance to witness that.
————
We sailed into a storm, but made it out!
Like I said, lucky!"
1243976145,f9f2ea036f73760321582fccebef4387a288a6e88d9c10936bf24c3e5efa82fc,Team Challenge
1260137090,f9f2ea036f73760321582fccebef4387a288a6e88d9c10936bf24c3e5efa82fc,Team Challenge
1533622203,f9f2ea036f73760321582fccebef4387a288a6e88d9c10936bf24c3e5efa82fc,Team Challenge
1538278014,f9f2ea036f73760321582fccebef4387a288a6e88d9c10936bf24c3e5efa82fc,Team Challenge
1680193807,f9f2ea036f73760321582fccebef4387a288a6e88d9c10936bf24c3e5efa82fc,Team Challenge
1788554419,f9f2ea036f73760321582fccebef4387a288a6e88d9c10936bf24c3e5efa82fc,Team Challenge
1807119656,f9f2ea036f73760321582fccebef4387a288a6e88d9c10936bf24c3e5efa82fc,Team Challenge
1890999921,f9f2ea036f73760321582fccebef4387a288a6e88d9c10936bf24c3e5efa82fc,Team Challenge
1963741639,f9f2ea036f73760321582fccebef4387a288a6e88d9c10936bf24c3e5efa82fc,Team Challenge
1966800616,f9f2ea036f73760321582fccebef4387a288a6e88d9c10936bf24c3e5efa82fc,Team Challenge
2034555722,f9f2ea036f73760321582fccebef4387a288a6e88d9c10936bf24c3e5efa82fc,Team Challenge
2049722314,f9f2ea036f73760321582fccebef4387a288a6e88d9c10936bf24c3e5efa82fc,Team Challenge
1243980738,3ee2cf47ac3268386d514ee5b73e7cd5c42254c05c17b42aa6ce15dac83a5ad7,Make a wish on Saturday and get an egg on Sunday! The hatching chance for your wished Aniimo skyrockets!
1243995711,91664764781c7edbfa9da2f615e39708802c21877b6eaa5b8d1f22dd9bed9132,Open Inventory.
1489129598,91664764781c7edbfa9da2f615e39708802c21877b6eaa5b8d1f22dd9bed9132,Open Inventory.
1244011312,85c7ed8e47039c5b7c9a8945bc14a8108be707f0ad530e7430328fba6cc79a9d,"A thorned black rose blooms in quiet elegance, beautiful enough to stop every passerby and sharp enough to keep them at a respectful distance."
1648914863,85c7ed8e47039c5b7c9a8945bc14a8108be707f0ad530e7430328fba6cc79a9d,"A thorned black rose blooms in quiet elegance, beautiful enough to stop every passerby and sharp enough to keep them at a respectful distance."
1244032331,7a0c1b02511cb01308165ca91e77f3a31b1d20947fbba3b0f3cd8a63c6418194,She really is everywhere...
1244045870,48045bdeca5351aaf7be54cd75534666531822d6e1d974b8283e00954ca41001,"This terrain seems like it would suit you well, doesn’t it?"
1244050655,dcd08a0573eca7c3083ca1d7558505d8406a91917bec997907be52672c06e36c,I’ve been waiting forever.
1244064351,22de677c22735d767be67517a4db2d946b885c94b747816b725c5ac8a085d9ed,Band Member
1365026777,22de677c22735d767be67517a4db2d946b885c94b747816b725c5ac8a085d9ed,Band Member
1657726270,22de677c22735d767be67517a4db2d946b885c94b747816b725c5ac8a085d9ed,Band Member
1714475950,22de677c22735d767be67517a4db2d946b885c94b747816b725c5ac8a085d9ed,Band Member
1742044903,22de677c22735d767be67517a4db2d946b885c94b747816b725c5ac8a085d9ed,Band Member
2015357178,22de677c22735d767be67517a4db2d946b885c94b747816b725c5ac8a085d9ed,Band Member
1244082836,37ef1e21db3299f70b76d235e43f3388491abae2aaf8562781c858cf5371cb06,Unlock Chapter
1583680748,37ef1e21db3299f70b76d235e43f3388491abae2aaf8562781c858cf5371cb06,Unlock Chapter
2057097820,37ef1e21db3299f70b76d235e43f3388491abae2aaf8562781c858cf5371cb06,Unlock Chapter
1244098204,e26112012cd6447d80b1f842d1a70b486608b5c2ea91e1d71e8db3bffa8eb2b3,Aniipod Pro
1590620220,e26112012cd6447d80b1f842d1a70b486608b5c2ea91e1d71e8db3bffa8eb2b3,Aniipod Pro
1642915025,e26112012cd6447d80b1f842d1a70b486608b5c2ea91e1d71e8db3bffa8eb2b3,Aniipod Pro
1966095566,e26112012cd6447d80b1f842d1a70b486608b5c2ea91e1d71e8db3bffa8eb2b3,Aniipod Pro
2039924918,e26112012cd6447d80b1f842d1a70b486608b5c2ea91e1d71e8db3bffa8eb2b3,Aniipod Pro
1244121246,64417b39f68062bc0057be33465965d82f0e3d9e3c9fec7b45c777a8935b8b97,Unlock Plot 4
1940359965,64417b39f68062bc0057be33465965d82f0e3d9e3c9fec7b45c777a8935b8b97,Unlock Plot 4
1244133712,ac02bbac030aff4d1f86c14828d4a48e4d49b4ad6fb635717c61beabdfc10d21,"Even knowing this, do you still wish to become a Lethal Thorn?"
1244181590,0820fea0f0e3953a33466330953f8e3cd0e59d2dd7191abd032b510535fec3d3,Increased chance of Sparkling Aniimo
1244200699,f0b0738f75b8bcd1dd40e42c6233d6d6f4f584bdcfa124741bceeb2c6c5b3249,Downloaded
1518943608,f0b0738f75b8bcd1dd40e42c6233d6d6f4f584bdcfa124741bceeb2c6c5b3249,Downloaded
1244226443,7365322d1095e367720fe22734e201f1854854a7d02b142ea439223e32d5148b,Failed to enter. One or more party members do not meet the title requirement.
1244232214,1d2e80716abc989700aa1e788be127337986ed15b7470b88b367c25a60fa28d0,Best Friend
1244250872,df9a82f268f8d347ebccf2e58b91ef275ed5d3eb6adfd9dd48d776d4b7d96685,"The world may smooth away the edges, but it never changes the heart within."
1244290177,6936588e2efebd7718199baa4061d8bab7132d8e65a22fa91ed615ffd274da14,A resilient wildgrass resembling Aniimo’s fuzzy tail.
1244294560,6d739a16f47e37ea004231eb972927173d75f3df946657bd363fdedb1a827e9d,Chance Encounter Gift
1244303556,c10d084685fe9a86b336129f80d724b3434f562833c86b70c899198d49b77b9c,Until Next Refresh:
1244307267,a8065d8a1774dbd5241e699dfd8f52a3d4a7120248faa0be8ae2d8701f26c5a0,<style=Hint_BgL>Wind Totem</style>: Activates lingering wind energy and makes it <style=Hint_BgL>form a wind field</style>.
1244328687,7be526f27859c5ca885387da27541cf223441bb292dccdcd217e8b8874fa1c27,"Haaah, it’s you again... so sleepy... don’t tell me to go back to the lab!"
1244334376,17c3bbd38515bf4294e34fa2dc5e7b7029ef7dbebc312ac4f0d34afcfe29e5c1,Time-Out
1753517217,17c3bbd38515bf4294e34fa2dc5e7b7029ef7dbebc312ac4f0d34afcfe29e5c1,Time-Out
1244337505,fa47b3cab428a800a642e9d0fcb981ea0d5f05d9b2a95e015f9940af3900ccb3,Electric Fruit
1244355310,78d8a7cef2d72021db98379f09236c1dab650fb864d92bd76417b33b93d5dfe8,· Signature
1244388117,eaf2c63d3cd632013c0d91ceac7f585ac6f78bf394ea02b5b26a51179e1f68d7,Oozing Malice
1244395214,305d1d03bd203958f45dfe03c33890537762be6bd6fe4da79b5b494d4abc4626,"Thanks to you, I finally have all the data I need for my experiment!"
1244395455,3bc7b4a48c3ff579b0f773fcecc295ed12156dcccc4ef817369c28bc9a06f202,Tubster Drinkware Set
1328637544,3bc7b4a48c3ff579b0f773fcecc295ed12156dcccc4ef817369c28bc9a06f202,Tubster Drinkware Set
1244416644,0436e0e049399499e3eef9c4676a2cd4f6ee7b33c3eb1a80efd78d1d053bbeee,Night of Freedom
1804422496,0436e0e049399499e3eef9c4676a2cd4f6ee7b33c3eb1a80efd78d1d053bbeee,Night of Freedom
1244417553,a30c6db0e75429510377883a221a8ad3dfa54023e21dcb3ddc8667aadb92c411,Cozite
1245700227,a30c6db0e75429510377883a221a8ad3dfa54023e21dcb3ddc8667aadb92c411,Cozite
1301930236,a30c6db0e75429510377883a221a8ad3dfa54023e21dcb3ddc8667aadb92c411,Cozite
1467791144,a30c6db0e75429510377883a221a8ad3dfa54023e21dcb3ddc8667aadb92c411,Cozite
1514961699,a30c6db0e75429510377883a221a8ad3dfa54023e21dcb3ddc8667aadb92c411,Cozite
1548987843,a30c6db0e75429510377883a221a8ad3dfa54023e21dcb3ddc8667aadb92c411,Cozite
1615649344,a30c6db0e75429510377883a221a8ad3dfa54023e21dcb3ddc8667aadb92c411,Cozite
1737685070,a30c6db0e75429510377883a221a8ad3dfa54023e21dcb3ddc8667aadb92c411,Cozite
1785757323,a30c6db0e75429510377883a221a8ad3dfa54023e21dcb3ddc8667aadb92c411,Cozite
1848365460,a30c6db0e75429510377883a221a8ad3dfa54023e21dcb3ddc8667aadb92c411,Cozite
1971208401,a30c6db0e75429510377883a221a8ad3dfa54023e21dcb3ddc8667aadb92c411,Cozite
1244418083,9ad863b68daaa03c7b1f581f62170922e3aa79c01e425f08e23c35f0d2f721ee,Floating Restaurant
1244423987,9f01579e0035a8b74e3f7fb2553443dfd2f9f60c64fc2da5a81a5d780b6b0547,Bonesky trying to put out fire
1282935374,9f01579e0035a8b74e3f7fb2553443dfd2f9f60c64fc2da5a81a5d780b6b0547,Bonesky trying to put out fire
1293970459,9f01579e0035a8b74e3f7fb2553443dfd2f9f60c64fc2da5a81a5d780b6b0547,Bonesky trying to put out fire
1353248081,9f01579e0035a8b74e3f7fb2553443dfd2f9f60c64fc2da5a81a5d780b6b0547,Bonesky trying to put out fire
1377134920,9f01579e0035a8b74e3f7fb2553443dfd2f9f60c64fc2da5a81a5d780b6b0547,Bonesky trying to put out fire
1481481601,9f01579e0035a8b74e3f7fb2553443dfd2f9f60c64fc2da5a81a5d780b6b0547,Bonesky trying to put out fire
1733601194,9f01579e0035a8b74e3f7fb2553443dfd2f9f60c64fc2da5a81a5d780b6b0547,Bonesky trying to put out fire
1877191742,9f01579e0035a8b74e3f7fb2553443dfd2f9f60c64fc2da5a81a5d780b6b0547,Bonesky trying to put out fire
1974095556,9f01579e0035a8b74e3f7fb2553443dfd2f9f60c64fc2da5a81a5d780b6b0547,Bonesky trying to put out fire
2128072740,9f01579e0035a8b74e3f7fb2553443dfd2f9f60c64fc2da5a81a5d780b6b0547,Bonesky trying to put out fire
1244429017,8ca8fed8e113ecf568777818e8ef5a493d4ebd7ab976448572632487d42113d1,Susuta Research Notes
1244436810,84b5ac97380437fbc2fe75225ddd953a6b9f8f7296d7ac73c585141e387a34d7,"Mutation Type (Mutant Plant Config Table 1–7; if left blank, the first mutation for this recipe will be used)"
1244454420,32312896b4cfd2bf34b72cd0cdb4f8c3b9c0f895c8cdd8854d782d851be2cbdb,Prop name
1244502545,b2bcd9229c08c0d6485dd9243ee93a71b1da778e20eafbb7993ef7146d659514,"Restores <customRichText(calcData,buff,21045022,param1,1)> EP and <customRichText(calcData,buff,21045022,param0,1)> Ultimate Point(s) every second to Grass-type teammates within range for <customRichText(buffConfigData,21045022,duration)>s."
1244507053,1bc2cf01cd43482241e34e307f5f79aaa12c3b7acb05677f424bd2ebd6fd2411,Recommended Buddy
1833370127,1bc2cf01cd43482241e34e307f5f79aaa12c3b7acb05677f424bd2ebd6fd2411,Recommended Buddy
1244512376,95cc2b3d86c9a208ee7265d8b93dcce6cae0af13d3955f6c1e65b0e8ee3ac182,"My dear book buddy Clovis, as an Aniimo researcher myself, I feel obliged to remind you that keeping a Budclaw is not an easy thing to do... Actually, it’s not easy to keep any Aniimo.

First of all, there’s something you need to know about Budclaws.
1. Heartblooms
Heartblooms, the small buds on top of each Budclaw’s head, are parasitic entities present from birth. They provide nutrients for their host through photosynthesis. That’s why Budclaws are diurnal and enjoy sunbathing so much—it keeps them healthy.

2. Lifetime Partners
Budclaws are highly faithful Aniimo—they have only one partner for life.
The heartblooms on their heads (those small buds) reflect how close they are to their mates.
That means if you ever find a flower on your Budclaw buddy’s head, congratulations! You’ll soon have a couple of Budclaws and probably many baby Budclaws in the future.
Also, if a Budclaw has a flower on its head, other would-be mates will instinctively keep their distance.

Second, you must interact with your Budclaw buddy in the correct way.
- You should never maltreat it (which I believe you’d never do).
- Make sure you’re there for it and comfort it when it feels down (they are usually not that hard to cheer up).
- If a Budclaw ever buries itself deep into the soil, that’s a serious sign—it could be depressed, and you must intervene immediately.

I’m leaving Bloomville to go to the Sea of Flowers mudflats. I was told that there are magical Bulblies there.
I really enjoyed my time at your home, and will remember the stories of heroes we shared so fondly.
I only chose to leave at night to ease the weight of our farewell.
But we’ll see each other again.

Aniimo Researcher Sayn, a friend you spent three days with"
1244515859,cd269d9185e6b383eb61e558dc6deff301818004ad02682de96546eed9ac030a,Under the Star Tree in the Forest of Falling Stars
1244540003,18c015ebfc99c8c4a60418f200e7f3e677686d30095096e477750baaab9efe06,Party adjusted. Available Aniimo reduced to <style=Hint_BgD>{0}</style>.
1244542202,15af1f4761c6987a41b8325925d4ef99e80a050202fd45f348a08664ab5846d8,"Seems like long ago, Helmuts and Jawlings lived here side by side."
1244557486,8ad0f274de7daab613b51092c5beaffbc2147261f7f3dd6e5362e36515d1bb04,Do not show this prompt again for this login.
1244564618,bffd958ffece5734d716303a4ef015e8a5b84cb1f16c4e3a2126d8047114ddc6,Platform Reward - rednote.
2127665122,bffd958ffece5734d716303a4ef015e8a5b84cb1f16c4e3a2126d8047114ddc6,Platform Reward - rednote.
1244578205,05bbe7fed0c851d3f4abbe11443c56ec2ac18be5395f5013f6e7c3545584c9da,Cute Flame Whisper
1508854758,05bbe7fed0c851d3f4abbe11443c56ec2ac18be5395f5013f6e7c3545584c9da,Cute Flame Whisper
1244619163,fc4a3b3a1f9f197d71af97103983ca4fadfded42e0034908e37d6b50b310479e,A Strong Leader Makes Strong Followers
1244639451,2a11f56c37986e08220c1162689a88eb1c3099549256656f8b1bf01b844560c4,"What a shame, you were much more interesting when you were foolish."
1244644738,37d317aa16cb5ea820c6faa302f152e336b89ce9345eeaec91e926a3c28a7aef,Ammolite
1505176666,37d317aa16cb5ea820c6faa302f152e336b89ce9345eeaec91e926a3c28a7aef,Ammolite
1603352206,37d317aa16cb5ea820c6faa302f152e336b89ce9345eeaec91e926a3c28a7aef,Ammolite
1244663842,4d862e40df55376c0f0e194b6df65f0e83c2663477f7747c646d61d16c5427ee,Poison DMG Reduction Multiplier
1469015310,4d862e40df55376c0f0e194b6df65f0e83c2663477f7747c646d61d16c5427ee,Poison DMG Reduction Multiplier
1244676045,e4032ba9cb8d82b926539f3da439f3eafc7efb51f68b212a6b17940c8db472ba,Elite Egg Seeker II
1244728624,70361b8ec00ec80ddf556c4d5796f42af92ce9a215d5a142b96ce0f73bc812c0,That’s a massive fog field... She’s far stronger than I thought.
1244734063,2a088e2d7395edaa9d0b417f4a56e6a96d134c5f28619056bd07a3770b1a8bd4,Use the keyboard to enter text.
300820787,b47da69f9b23a9e04ec0f99bbc9a3575cb2678998bc6e9100400884cf2817969,Own 1 Aniimo with a Perfect rating.
1244739575,b47da69f9b23a9e04ec0f99bbc9a3575cb2678998bc6e9100400884cf2817969,Own 1 Aniimo with a Perfect rating.
1244741440,8fd34584d0f946e9e43decfaf867a6352eedda7779fb94cec20b8cbd77929922,Aaaah!
1244755306,2d8104b35f1b5774e91b273f2dffc7a233aebbe8045b9feb771b8caf15a162d4,For the Pawney’s treasure! Charge!
1244771647,b4fad1315f7cf0e1994a9339a9f825f09738940426eea8b43adf494752491ae7,My Pathfinder friend... have you found anything truly unconventional?
1244791172,c7958082d6b83c33a123636c446b9e5a80ccde5d44d271f6c927658474a2d4ad,"We’ve tried many times, but no luck. Its growth environment depends on Idyll’s special elemental power, and our home can’t just conjure that out of thin air."
1244816999,93726ecd92e5dafeda97e1c3b2da582f0545362b5fee1043c688708ecb6ff54d,"Rainy<sprite name=""UI_Img_Weather_Rainy""> or thunderstorm<sprite name=""UI_Img_Weather_Thunderstorm"">"
1348547191,93726ecd92e5dafeda97e1c3b2da582f0545362b5fee1043c688708ecb6ff54d,"Rainy<sprite name=""UI_Img_Weather_Rainy""> or thunderstorm<sprite name=""UI_Img_Weather_Thunderstorm"">"
1377091062,93726ecd92e5dafeda97e1c3b2da582f0545362b5fee1043c688708ecb6ff54d,"Rainy<sprite name=""UI_Img_Weather_Rainy""> or thunderstorm<sprite name=""UI_Img_Weather_Thunderstorm"">"
1577998602,93726ecd92e5dafeda97e1c3b2da582f0545362b5fee1043c688708ecb6ff54d,"Rainy<sprite name=""UI_Img_Weather_Rainy""> or thunderstorm<sprite name=""UI_Img_Weather_Thunderstorm"">"
1758360971,93726ecd92e5dafeda97e1c3b2da582f0545362b5fee1043c688708ecb6ff54d,"Rainy<sprite name=""UI_Img_Weather_Rainy""> or thunderstorm<sprite name=""UI_Img_Weather_Thunderstorm"">"
2029040291,93726ecd92e5dafeda97e1c3b2da582f0545362b5fee1043c688708ecb6ff54d,"Rainy<sprite name=""UI_Img_Weather_Rainy""> or thunderstorm<sprite name=""UI_Img_Weather_Thunderstorm"">"
2134833009,93726ecd92e5dafeda97e1c3b2da582f0545362b5fee1043c688708ecb6ff54d,"Rainy<sprite name=""UI_Img_Weather_Rainy""> or thunderstorm<sprite name=""UI_Img_Weather_Thunderstorm"">"
1244820715,fbbdd685cc90ed51b935d33aa895a3e1ca46f87afa2acc917619d5507f153602,ASDFGHJ
1569032889,fbbdd685cc90ed51b935d33aa895a3e1ca46f87afa2acc917619d5507f153602,ASDFGHJ
1244856709,84fd7069e9538e3d127470f53d9b093131ced78a0d9bd09d4b8f86cf85dfb01a,Even Hoshino was no match for you!
1244895606,a40968a84d3e8a80a34b20175558a00651556e7e67aa68a5d94b294e64d5778d,Increases additional BREAK DMG by
1547691425,a40968a84d3e8a80a34b20175558a00651556e7e67aa68a5d94b294e64d5778d,Increases additional BREAK DMG by
1244895840,7c86a8cc18386f702cfd4ceb61f1ba7773543b490bfbb64a234270ffaa5307d2,"If you’re interested in other Bolties’ secrets... Cough, cough... You can hide behind the Blitz Tree and listen in..."
1244897717,7014d6ece85bbb876eac1f0e1bf9ed7154ee468f3f1544bb3fe3528fca5b1f50,Twine with Sparkelf to approach a wild Sparki.
1244904478,bb68ea8ecc50941a40c35cbf8f313fe26ae5d20c675d2fcf42d6901a580f3b81,Clear 3 intermediate tutorial courses
1244927649,26abceb5150c5cc55e23bb164c27678d2d19faf151d8342552524d398440c3c7,Boss... your fur’s standing on end.
1244949776,2557f21c08cdce1d8ce0d36667b12aa5030ddd5c41bcae53b2d74e856fc58873,Manually activate sandbox
1244972871,30b2fc70739e5b6703f13cb38ac7a07a6a9940f15f0fd83d65c7cfc5feaa9916,Wire Twine Point_Generic
1245014809,079cab1374b92e36db3e60cb5cc994ce6d5a8c26b13228dd0e15b487424ad62e,Potent Erosion
1566860786,079cab1374b92e36db3e60cb5cc994ce6d5a8c26b13228dd0e15b487424ad62e,Potent Erosion
1949495760,079cab1374b92e36db3e60cb5cc994ce6d5a8c26b13228dd0e15b487424ad62e,Potent Erosion
2115651528,079cab1374b92e36db3e60cb5cc994ce6d5a8c26b13228dd0e15b487424ad62e,Potent Erosion
2138262317,079cab1374b92e36db3e60cb5cc994ce6d5a8c26b13228dd0e15b487424ad62e,Potent Erosion
1245040533,735f70c52759be89da7f368d2e7657ee42ad7918b8143263a0e81130a91d1ffa,"Sunlight slips through the willow branches and scatters across the water in a thousand flickering sparks. A little blue fluff drifts lazily among the overlapping lily pads, perfectly relaxed. The painting lets go of sharp outlines, caring only about that fleeting instant when light, water, and pure contentment meet."
1245050980,ec53751e2cbd23f714d2477de5a85dd063338410baee5ce635a9f674149f68cc,Super Claw shop owner
1245054406,aa634cf0af25ce8f78a00f4e7d589d84ea284f77b6853ae473268d1e270cae71,Capability Points
1851532631,aa634cf0af25ce8f78a00f4e7d589d84ea284f77b6853ae473268d1e270cae71,Capability Points
1245088516,c31b467aaa10c470462d30d9cb5ffb345eed2b7addd38c82d8df2e6562aef905,Test of Strength
1255636090,c31b467aaa10c470462d30d9cb5ffb345eed2b7addd38c82d8df2e6562aef905,Test of Strength
1265748516,c31b467aaa10c470462d30d9cb5ffb345eed2b7addd38c82d8df2e6562aef905,Test of Strength
1428747338,c31b467aaa10c470462d30d9cb5ffb345eed2b7addd38c82d8df2e6562aef905,Test of Strength
1713697359,c31b467aaa10c470462d30d9cb5ffb345eed2b7addd38c82d8df2e6562aef905,Test of Strength
1886025925,c31b467aaa10c470462d30d9cb5ffb345eed2b7addd38c82d8df2e6562aef905,Test of Strength
1245098899,4dc67393c8fb53a2e4b52a487f886c879631b86a0a1cff3ffd6433c3ac2bb074,"Twine with the Aniimo, and press Skill 1 to <style=Hint_BgL>see special objects through obstacles</style>. press again to exit the view."
1245105285,eee20a4e03e050ecb24cd6f5cd6088837f48ce84be93ba26ce5271650a609b73,"But I'm guessing neither of you wants to just sit around here waiting for the results, right?"
1245113061,1ce93abefa43eef27dd25c59bf6def86fba690c14ce35586f1a5de31ff8e4137,Switch Teammate
1245150136,59cf1ac2fa69f51cf8f4e1b54499f9d6be3e504c56a263ec59fea521757cdc55,Penalty Details
1245169862,974a88e0fa74bbcf07b0c693e4904ff57e05d4559ab0200a60786fa7617c31fb,Are you observing the mushroom?
1245246136,59d8a62945bd3d82c6ee66d2021fba1871b051090d99ff75a8928d2a63ec7ec4,"Slide forward in a dance-like stance, unleashing a piercing sonic wave that damages nearby enemies. If you press the skill button again at the perfect moment, it will increase damage by {0}% while reducing the target’s M.DEF by {1}% for {2}s."
1245268738,d7fccb5373a880b7a3671830015adabf41868af2ca5cabde3666e4c8e73a8c40,"Restores <customRichText(calcData,buff, 2112207,param0,1)> EP every second for <style=Hint_BgL><customRichText(buffConfigData,2112207,duration)></style>s."
1245280629,aa07d8e73cb470002a9a34878d444e2dd137cf31f59e7d55b0e00e7bf964557b,There’s a gift I sent you in your Mail—don’t forget to claim it!
1245287283,a7a3500a0a7731fa4e5cdf5fee4d9bdf8777ab87a0db6b8b3738d853d4a72bba,Use #kHud/SkillQ#z to consume EP to cast a skill.
1245299328,0d41ad2328d97c24d4ee473747007adce8851cfba817790f81a571693f9b2cbd,Wasn’t this what you wanted?
1245311954,3fdf356a4d51bab661b50fc4986a24a6bb4d3577add3a79a457a5d5c2cb51c45,Promotion assessments are part of the Institute’s new Nova Program designed for Pathfinders new to the continent of Idyll.
1245351732,c28a9401f6cec99064bd3dd000b14628ec2c2b6a0ea5ee5adaea3b64b8a962f2,Stellar Hourglass
1869350788,c28a9401f6cec99064bd3dd000b14628ec2c2b6a0ea5ee5adaea3b64b8a962f2,Stellar Hourglass
1245366446,c36a44e6acce73805a406b046f72004d39808e7488860792cbcd4e8b3a2afb5f,A Dewdrop Crystal imbued with the emotions of Aniimo of the Morphling family. Some say it carries their blessings and legacy.
1245395847,960b2615904d2122703b133da57f8fd104bff759a11f6fab7db484d030befd3a,Cannot select duplicates
1245415768,7ccd9d6e281abf6d3311d179f2c6ee58c6144aeebb738e2179ab8b2a966c870f,Umbral Melloblum
1245451202,8f11152cf29fbb4907a6e91eb3ad22cb46a2d34cc1af28fa24045fcf90e1268c,Ottery Menu
1245479874,c59dc4e44ff99288156d4dff2168f6ac7ddee6b1fc7ccc0754656ffaa6d351ea,+1
1257260107,c59dc4e44ff99288156d4dff2168f6ac7ddee6b1fc7ccc0754656ffaa6d351ea,+1
1274122525,c59dc4e44ff99288156d4dff2168f6ac7ddee6b1fc7ccc0754656ffaa6d351ea,+1
1300548733,c59dc4e44ff99288156d4dff2168f6ac7ddee6b1fc7ccc0754656ffaa6d351ea,+1
1339541659,c59dc4e44ff99288156d4dff2168f6ac7ddee6b1fc7ccc0754656ffaa6d351ea,+1
1907141899,c59dc4e44ff99288156d4dff2168f6ac7ddee6b1fc7ccc0754656ffaa6d351ea,+1
1970215023,c59dc4e44ff99288156d4dff2168f6ac7ddee6b1fc7ccc0754656ffaa6d351ea,+1
1245481611,df7282e48a15b955db1ba1b762d903a53548b966291bb48aba853b310b932f22,Celestis Family Research III
1959617877,df7282e48a15b955db1ba1b762d903a53548b966291bb48aba853b310b932f22,Celestis Family Research III
1245529097,15682de7fffa8d15b37cd6d35498ed1171cbd4417a288229a17c5b27b73a9531,Building Block - Cloud White
1363990918,15682de7fffa8d15b37cd6d35498ed1171cbd4417a288229a17c5b27b73a9531,Building Block - Cloud White
1245554089,4602294430b0ff488fc6db82ee63191b94d8c8e93521a0c9fa73c08315b25335,Angry Helmwhelp
1849118708,4602294430b0ff488fc6db82ee63191b94d8c8e93521a0c9fa73c08315b25335,Angry Helmwhelp
1857701172,4602294430b0ff488fc6db82ee63191b94d8c8e93521a0c9fa73c08315b25335,Angry Helmwhelp
2120431756,4602294430b0ff488fc6db82ee63191b94d8c8e93521a0c9fa73c08315b25335,Angry Helmwhelp
1245583730,6b23c0d5f35d1b11f9b683f0b0a617355deb11277d91ae091d399c655b87940d,C
2074361964,6b23c0d5f35d1b11f9b683f0b0a617355deb11277d91ae091d399c655b87940d,C
1245593120,01613e947a2c04289eec5876cb16b7219ed65bc84a9e47d666202cf08113e890,Huge Shining Agave
1487604663,01613e947a2c04289eec5876cb16b7219ed65bc84a9e47d666202cf08113e890,Huge Shining Agave
2020036618,01613e947a2c04289eec5876cb16b7219ed65bc84a9e47d666202cf08113e890,Huge Shining Agave
1245613177,42004ce00a2a9b7496ad11fe5b124f11cb86a9b094d014f13d37086400507dcf,Exactly. They’re always plotting to get powerful Aniimo!
1245617175,7847e08dfd321f62eaf85d208ddd3cc3f04c7f5fc8dca00e444b968b2787d33b,Reach 40% Aniimo Collection Progress in Nimbus Fields
1245623623,c594b466787651119ee3d7042922af87b8b72d8b8486fdffef7b6fa6107ea1a9,Angled Bay Window
1465586483,c594b466787651119ee3d7042922af87b8b72d8b8486fdffef7b6fa6107ea1a9,Angled Bay Window
1245636735,37bcea1bdd5dc6c90a7c4e012d44d8f2e9b29d28f8ec440c5eb1cc0df341b1c5,Reduces stamina cost for dodging by <color=#d89c28>10%</color>.
1245646400,34141498f8169feb54f6bb5a062e2eee67b84bfee11dd7e6b98b5c8bc1208920,Grizbo went wild after tasting coffee and spilled everything! We need a refill of ingredients now!
1245652772,c2e2bd9347232ffb5c7ede5136c9467539c1d67c1a45a0767b90b19c62fe5c3a,Pause Awareness
1245672150,f346abfcac744cf50fcb5c4a50983b30dc30d3626b33d5243f65d8cd417b1192,"When entering the [<style=Hint_BgL>white tall grass</style>], you will start to move in stealth and become less noticeable by Aniimo.
When you approach an Aniimo from behind without being noticed, you can perform a catch using Backstab, and the success rate will be significantly increased."
2129498632,f346abfcac744cf50fcb5c4a50983b30dc30d3626b33d5243f65d8cd417b1192,"When entering the [<style=Hint_BgL>white tall grass</style>], you will start to move in stealth and become less noticeable by Aniimo.
When you approach an Aniimo from behind without being noticed, you can perform a catch using Backstab, and the success rate will be significantly increased."
1245692074,9cb90235d700fe12ae752cc47f7b9785d62e2e3a0e9c6aff08ae72019686e15f,Increase Credits gained from reporting.
1364370309,9cb90235d700fe12ae752cc47f7b9785d62e2e3a0e9c6aff08ae72019686e15f,Increase Credits gained from reporting.
1529290840,9cb90235d700fe12ae752cc47f7b9785d62e2e3a0e9c6aff08ae72019686e15f,Increase Credits gained from reporting.
1700346014,9cb90235d700fe12ae752cc47f7b9785d62e2e3a0e9c6aff08ae72019686e15f,Increase Credits gained from reporting.
1245705831,5119bcfe23ede40b831577b39a2c75da873170fac203ca7fa74fde9a510a91a2,%s is different here
1245709150,3e14bbbad432ba832164543de4a4c8ae33265c4f429f8142ee3f2111b231de89,"Yeah, much better. Thanks, Instructor."
1245710310,faa14603ca12e76dead67f6d547c46bd70418f588be4c545169d6660321bc28c,Bouncy Brew Keg (Level 3)
2124322615,faa14603ca12e76dead67f6d547c46bd70418f588be4c545169d6660321bc28c,Bouncy Brew Keg (Level 3)
1245722695,f609ce1256367aaeadf72c11fcd41cd62a6a955f1c97f70e9e95cb1b906b99e8,"Each time damage is taken, Critical Damage Bonus increases by <style=Hint_BgL><customRichText(calcData,buff, 20510020,param0,1,%d)>%</style> for <style=Hint_BgL><customRichText(buffConfigData,20510020,duration)> sec</style>, up to <style=Hint_BgL><customRichText(buffConfigData,20510020,maxLayer)></style> stacks."
1245740296,e8779954d9282f7236ce6c35346e3ab80bbf4e10d8109a41ddff17cba74e3add,"Irises can help surrounding plants grow better, so flower growers love having them in their fields."
1245741391,c797443ae6d524db361179309ea7803ff55f0cfbebb215267a98680a7033aad4,Invalid parameter.
1245777625,9d124535ed305d27536da167c04e3d87321f666683e980136c506dd17cd72e67,Rage State
1509697163,9d124535ed305d27536da167c04e3d87321f666683e980136c506dd17cd72e67,Rage State
1245792144,0d0a7aadd8fb14b0cb4c22fdb8de752f37daeead2c25101b1dd6d0c78d2f0260,Perfect... You can have this photo. No need to thank me!
1245813982,3f8ce2311592cfe77ffc700a596aa6690a089aa7cca21ead140bac3b90302d87,Defeat Hummin
1627521736,3f8ce2311592cfe77ffc700a596aa6690a089aa7cca21ead140bac3b90302d87,Defeat Hummin
1245834973,935a71523d9f98dc594d4d6a43ebb0d94e40ca4084b784043e9de96ed523ae90,Cannot act.
1279605046,935a71523d9f98dc594d4d6a43ebb0d94e40ca4084b784043e9de96ed523ae90,Cannot act.
1311530654,935a71523d9f98dc594d4d6a43ebb0d94e40ca4084b784043e9de96ed523ae90,Cannot act.
1468445891,935a71523d9f98dc594d4d6a43ebb0d94e40ca4084b784043e9de96ed523ae90,Cannot act.
2034916295,935a71523d9f98dc594d4d6a43ebb0d94e40ca4084b784043e9de96ed523ae90,Cannot act.
1245857866,8cceadb3a518e35374785a76c7d53d973f46c53afcb63241e7e505abac1d09bf,Phase 6
1245882055,b764cdc0eab7137467211272fa539f1260d1bf2e71bcf6ff3bdc960f5c16aa14,Unknown
1249139400,b764cdc0eab7137467211272fa539f1260d1bf2e71bcf6ff3bdc960f5c16aa14,Unknown
1415460037,b764cdc0eab7137467211272fa539f1260d1bf2e71bcf6ff3bdc960f5c16aa14,Unknown
1604260828,b764cdc0eab7137467211272fa539f1260d1bf2e71bcf6ff3bdc960f5c16aa14,Unknown
2139437698,b764cdc0eab7137467211272fa539f1260d1bf2e71bcf6ff3bdc960f5c16aa14,Unknown
1245883825,84a3b0a59625ce1a24a01a8efcde5896e925a24003f565ca920807f824fcc2df,Who's there? What was that voice?!
1245890302,591e1eaac1b84298fd26ea20c981f922d044a0a677969a7ca14cae5b0e09700a,"Cozites march in perfect little lines, carrying ore back to the anthill together. Every load brings them closer to building a warm home."
1245897462,342a256c7774849305fd9a091502afb7ccedc8d0851497a5ad7d8ea3652dfbb9,Do you have any questions?
1245953256,cf91660f2ec7a022a2088824401cba92fde1e5a149db8198ed0b20526481e946,Weather Form
1661464805,cf91660f2ec7a022a2088824401cba92fde1e5a149db8198ed0b20526481e946,Weather Form
1245976817,535d4f12df50d794a2ba0b0ee10a9528c41399e63d887d3bf1161cf1ff69653e,Today!
1245993744,4e4160b743c27155708f979e79e0abdd3795bb59b0626b2ffdd0e703ae770145,Facing hardship together—their bond just keeps getting stronger!
1245996991,d9eaaff69ce9e92590a251fce68fb9cb796a6d33080346ee33ee67b59b66a203,"Different lands give rise to different plants. I’ve heard from the village’s truffle hunter that there are glowing fruits in the Mistwoods, and legendary flame flowers in the Russet Highlands."
1246010139,bcf686d39beed93c01c5987957e7b5156c6616578cd34a0f94d8b59f5b69c7ae,Sit
1615977804,bcf686d39beed93c01c5987957e7b5156c6616578cd34a0f94d8b59f5b69c7ae,Sit
1711970817,bcf686d39beed93c01c5987957e7b5156c6616578cd34a0f94d8b59f5b69c7ae,Sit
1763720646,bcf686d39beed93c01c5987957e7b5156c6616578cd34a0f94d8b59f5b69c7ae,Sit
1774057502,bcf686d39beed93c01c5987957e7b5156c6616578cd34a0f94d8b59f5b69c7ae,Sit
1823216703,bcf686d39beed93c01c5987957e7b5156c6616578cd34a0f94d8b59f5b69c7ae,Sit
1925980568,bcf686d39beed93c01c5987957e7b5156c6616578cd34a0f94d8b59f5b69c7ae,Sit
1246025038,745e53dcf5507530546281df0948b8d5338c8d117f0f79442b4091eb025c7373,Send it back home!
1246054511,ed49a6d840376a19b7a5951b101dbd42396d389fe5e3fa5c210d5e0b9f10fe51,"Armed with a broken sword and armor, blessed with courage and might, it defends its friends and challenges its foes."
1246057141,b5283cbbbb2f6195cbb29dd98f4b3c76070f6b42e511f6dc6c3bf355db0c4d28,"*The bulb becomes dimmer* Perhaps I heard it wrong. Anyway, do you have any <style=Hint_BgD>stories from the surface</style> in your <style=Hint_BgD>bulb</style>?"
1246069481,b98c3ba0f6030230117e12ea4e9fc7486bcaecae508725688a0810fea9c979bd,"I passed the assessment with flying colors!
Aster even gave me a few Cores.
Once I earn my promotion, I’ll give them a try!"
1246071922,eacbfc3758aceccd0a2b67921bc49d83b94b422e2a30908aa019c7e5d722ec0d,"As for the <style=Hint_BgD>Umbral Society</style> you mentioned...
Even Bohr has never heard the name, but the principal says it sounds familiar."
1246078192,04b38bb8cfce2474aacec3cad55fefe6442cba2928eda56c4e30e690d4b633ae,"Even if it falls into the mud, it will roll through it again!"
1246085937,c755532c4f719e1b47d3c5c2e2cc872dac82e079b31394dcfd33be90588e943d,Deluxe Lavender Incense
1246113396,12a7d7a9e9ad4f5ebb10f2ed1e129b7e12c70abb7a8e1911e79b5f5c51cdeb04,"""Wendell"" voluntarily dropped his disguise right in front of me. It turns out he’s one of those mysterious black-robed figures!"
1246163591,8c6aa96512239925a965542ad78cd2a7774b5a05ab58c70c3e221c7ceaf8c29d,When will our scheduled new facilities finally arrive?
1246173680,f2608f18208af029a939352bbc9d53b1dffb94aec9fe49382efa432978716163,"At the end of the current season, Chest slots will be cleared, and any unclaimed Chests will be converted into Eggshell Coins and sent to the Pathfinder’s mailbox."
1246175851,8707d787f8e1f3074c7d83ea8360305c5ae5cf46ed809008a7a824bbdc4b2e78,"Are you ready yet, #playerName#? We depart shortly."
1246194566,b9c279f47c18d3956c81f89594933c6be1e36e2214349f821a9c521463b0f6f0,"Because the certification for specially recruited students is relatively Easy.
However, subsequent promotions require passing the <style=Hint_BgD>promotion Assessment</style> to advance."
1246200302,8ac78c15567ae33eaa9d06f237b99ab8d2c37117bbb61006658cb0368f2620f0,"Haha, I'm glad you trust the academy so much.
However, before officially making this decision, I think it's better to explain the academy's basic situation to you first."
1246204709,8ad61bcf2849233609856e19776203400662ff977c2701994f25504e0e61d3cb,Spirited Feather
1464444721,8ad61bcf2849233609856e19776203400662ff977c2701994f25504e0e61d3cb,Spirited Feather
1621625858,8ad61bcf2849233609856e19776203400662ff977c2701994f25504e0e61d3cb,Spirited Feather
1825754477,8ad61bcf2849233609856e19776203400662ff977c2701994f25504e0e61d3cb,Spirited Feather
1863004679,8ad61bcf2849233609856e19776203400662ff977c2701994f25504e0e61d3cb,Spirited Feather
1980883917,8ad61bcf2849233609856e19776203400662ff977c2701994f25504e0e61d3cb,Spirited Feather
1246216919,1f921e909465a2ddb7ff5e792a2560b9f5e7a6dc96ec0181d16f7b887799d728,"Spatulas and ladles hang in orderly rows, carrying traces of sweet sugar and savory sauce."
2000088209,1f921e909465a2ddb7ff5e792a2560b9f5e7a6dc96ec0181d16f7b887799d728,"Spatulas and ladles hang in orderly rows, carrying traces of sweet sugar and savory sauce."
1246226354,cf835a36f6e42427bcd51878c8fe4fbdd518e4ad1d8a68029b30c88dedbbbbe0,Premium Companion Handbook Level 62
1273715551,cf835a36f6e42427bcd51878c8fe4fbdd518e4ad1d8a68029b30c88dedbbbbe0,Premium Companion Handbook Level 62
1246258270,a5879113775179006a51cf1e4a8789c95aab769a347b5428c91ac583d3ac2e03,Collect 3 Orange Caps without being detected
1246281857,23ee43f74d8d9110092d40dfd58de4625877923f4ae07956c6e68f77946a304f,Babo
1968773857,23ee43f74d8d9110092d40dfd58de4625877923f4ae07956c6e68f77946a304f,Babo
2050671803,23ee43f74d8d9110092d40dfd58de4625877923f4ae07956c6e68f77946a304f,Babo
1246288185,9659fb2351599a87e7aa1c98772029c52a828ddf73f29db70390b4fed1bae898,"We’re planning to dig a new tunnel here too, but it’s still in the planning stage!"
1246304307,153e6ab62145d64ad3c02a46de3a1208eac5aeb802a9e9200e654641d5c773a6,Zayven
1550139747,153e6ab62145d64ad3c02a46de3a1208eac5aeb802a9e9200e654641d5c773a6,Zayven
1568438809,153e6ab62145d64ad3c02a46de3a1208eac5aeb802a9e9200e654641d5c773a6,Zayven
1788733379,153e6ab62145d64ad3c02a46de3a1208eac5aeb802a9e9200e654641d5c773a6,Zayven
1913361831,153e6ab62145d64ad3c02a46de3a1208eac5aeb802a9e9200e654641d5c773a6,Zayven
1970722875,153e6ab62145d64ad3c02a46de3a1208eac5aeb802a9e9200e654641d5c773a6,Zayven
2089144661,153e6ab62145d64ad3c02a46de3a1208eac5aeb802a9e9200e654641d5c773a6,Zayven
1246332031,cedcc71a867187290dda8812bc774d71cd2fb91838a25a4a9fdbcd44d2299391,Bravery Painting
1246335597,3e8c4491e1385e3b21e98d0fc2249a5d654c0905b71f50ddc50253c0a07b9ba1,Pula... pula-sss!
2099484420,3e8c4491e1385e3b21e98d0fc2249a5d654c0905b71f50ddc50253c0a07b9ba1,Pula... pula-sss!
1246357432,82cbcffabda06ffb0bffbe7dead467486a3118daf59cb068496c19d4032c18dd,Please select the resources to clean up.
1246362257,79f7532d3581a54a223a0175e3464785c635ba8001d529379965251f0b81f4f3,An essential evolution material that can substitute for any element shard.
1246372689,dceb77996e43fcf62d5111288551d5352c54c5f0152cb97c7cc66c54ec295ae1,Completing <style=Hint_BgL>Field Notes</style> entries is also a fast way to earn Research Points. press a <style=Hint_BgL>Field Notes entry</style> to see how to complete it.
1246390650,fc2ad5220ed82c19120b314c60b7dd86bc149b5328597ca17658fee0daca7bce,"Attack when I need you to. I’ll record the data. No need to talk. If you’re willing, raise your hand.
If not, fair enough. My instructor says my social skills need work."
1246413895,4e7d453173e7157adc078dd18791faf78f4f159d92b10effa2bcd2678fb2e6ef,I got a new healing Aniimo! Come fight me. I’m going to prove that pure healing is a viable path to victory!
1246415820,1b6802b2fea517b53d9d9f2ce58447f787f5210708872e90e98d823095b951b8,I’ve been doing that all day.
1246418182,47fb7bcf8d84e7c0e0daff07794bd42a7f4123dd952f9a852d9f04d5f15ef1dc,Alerted
1246438334,ac8faed284599a03ab846dbd4ed8f61f11bca1b636505b5969eb0344f5c3d2f4,Sanctum: Blazing Wings
1246448120,f261eefe1f959cad16b673ce184415988778aa66791f366856d84515d8ff0e6c,"These buildings were actually modeled after Aniimo from Idyll. Trouble is, stone is cold..."
1246454643,679414cb1d4b3553d1a2c5b70bc11abafa7f6b887cd8a05c5bd13c9aa3503742,"Summon a small jellyfish that releases a healing wave every {0}s, restoring {1}% of nearby allies’ health over {2}s."
1246456231,905d6f2cf92cad916eba2e266924d39802ff5f5692b4db2a1d985e911bdcb6bc,Insufficient items to deliver.
1246464460,4fa5566c969754ebf48625b7faac04ff3d1439d698d5e5ab56ec9880f7e3943b,%s: %d GB
1246471333,5c3793b7672b2d8cb75a36ed776f78f33733709c40ed812484482b94a0276fdf,Awooo! Stay away from my kids!
1246483686,65c705bf5ffad5c176259f164bae1dfa556427354e2cc454a5619a3627cb72bb,Text content (placeholder) text content text content text content text content text content text
1246494998,5e4416d82d65cd1b723dc766c6f85d89096b47a73c8f887f752d584f7fb4a23d,What heavenly music!
1246517969,8a49445b30cbeaa02172bd1dab24129512711d58acf0bba8c3bcca333c87271d,Could you go over the rules one more time?
1246582245,b58f2e285f2ac72fa0b1ae221a310558281ee9455736cc20ae091708bc1b9c4f,Huh? Did the RV get taller?
1246588368,143f0330d2de85b96398c5d349eccda032850dbef0de49866284b815c624aede,Requires
1488695478,143f0330d2de85b96398c5d349eccda032850dbef0de49866284b815c624aede,Requires
1246606908,390fdd9a106da150e81562e5c1f98048ab3c7ada5e38533da162c8de8f722b83,"Its body blends into the night, yet its twin scythes remain strikingly bright. A contrast born of the Ignitis’s absolute confidence in its own prowess."
1246607650,99b8992a48b4307a456e9433c807545f6d252b2c0920da6de584bd638a6dae75,"Runes can be socketed into Held Items. There are three types of Runes: <style=Hint_BgL>Offense</style>, <style=Hint_BgL>Defense</style>, and <style=Hint_BgL>Support</style>.
Each Held Item has six Rune slots. The <style=Hint_BgL>first four slots are fixed</style> based on the Held Item’s role, while the <style=Hint_BgL>last two slots</style> are <style=Hint_BgL>randomly</style> assigned from the three types.
Some slots can only be unlocked after upgrading the Held Item to the required level. After socketing Runes, you will gain Rune Energy in addition to attributes bonuses. When the required amount is reached, the <style=Hint_BgL>Held Item’s Advanced Effect</style> will be activated, granting further enhancements."
1246621026,8ebe8ef81c0b5596f30fc2e3da48dec73c84b04fdd8ed00605e6d67628c9731e,"Oh? I think there's something <style=Hint_BgD>by the river</style>. I'll head over and take a look.
Come find me after, okay?"
1246687667,b135efa67369b88f84ad00d3a3314394ee8f54178d8fe674b30624f46ea3e2d5,Breeding Rules
1816438903,b135efa67369b88f84ad00d3a3314394ee8f54178d8fe674b30624f46ea3e2d5,Breeding Rules
2068753135,b135efa67369b88f84ad00d3a3314394ee8f54178d8fe674b30624f46ea3e2d5,Breeding Rules
1246693294,0de80190e8b711add4469a0b06b6adb05da4b405337331233218e331d14c161e,I remember now! Isn’t this the collar Pippi lost five years ago?!
1246736184,3e88ef0d64f8aa554ec1865fac0a83ab7c41570cc488f849dce7c760d7f99c18,A Dewdrop Crystal imbued with the emotions of Aniimo of the Bonesky family. Some say it carries their blessings and legacy.
1246762276,f84ad23d32fd6daf2192b26195a064fa88d885fbd2d2f36809041ce96fb854e5,Woo-mah!
1405171112,f84ad23d32fd6daf2192b26195a064fa88d885fbd2d2f36809041ce96fb854e5,Woo-mah!
1476440963,f84ad23d32fd6daf2192b26195a064fa88d885fbd2d2f36809041ce96fb854e5,Woo-mah!
1732378111,f84ad23d32fd6daf2192b26195a064fa88d885fbd2d2f36809041ce96fb854e5,Woo-mah!
1897300284,f84ad23d32fd6daf2192b26195a064fa88d885fbd2d2f36809041ce96fb854e5,Woo-mah!
1246767145,68361effe94c4413a02f9970e28b7322aaaf734ff3cf1bdf43036f42d5337506,Those Fentufts must be laughing again...
1246774184,fef24dc51beb2e422ffed07a950b170de25dacdabc8d0c04147b9779ac0be0b7,No suitable Aniimo found
1480552771,fef24dc51beb2e422ffed07a950b170de25dacdabc8d0c04147b9779ac0be0b7,No suitable Aniimo found
1246787693,db994ac8b45f0c1461465051f65d9ca9fe1f87bb87f1d6a18f67ace31907448b,"Twine with an Aniimo, then press and hold #kPlayer/Jump#z to fly. In this state, you can fly over water."
1246794071,fc76e230805047eb129035d50428317882e2f592edea63d8c08cab25075ba8ac,Let’s fight.
1246804414,f26f389a7abbea82c14cefbd4b1af17e29d734f0ec058564ac7b62c6a4daff22,Time Remaining This Week:
1246813013,5361501d248f99626bc91ca82af4232cc6de38b14226cc7373e536a2930abf37,Hypnotic Spores
1246829858,bdce62fed5897a18e5b724019d7595b50f7d6f68d0dd6f334065b8eceebea3df,This must be the chest. It doesn’t look that special...
1246855991,981f54903334f8b4c4f1e30ebae8e41d885d7ff7263fcfa5787d2176540bdf12,Held Item?
1246878830,5d12d486e3daca38571506021473a68ac89a7350b49c8da73180e20e293e358f,Spend %s/4000 Windborn Stamps
1246882796,2fabd8091e1d12a5db535d011eafa4581cccbc11c6179c5114e46c0075a44a9d,Weakened
1356261688,2fabd8091e1d12a5db535d011eafa4581cccbc11c6179c5114e46c0075a44a9d,Weakened
1392113947,2fabd8091e1d12a5db535d011eafa4581cccbc11c6179c5114e46c0075a44a9d,Weakened
1580668134,2fabd8091e1d12a5db535d011eafa4581cccbc11c6179c5114e46c0075a44a9d,Weakened
1719845463,2fabd8091e1d12a5db535d011eafa4581cccbc11c6179c5114e46c0075a44a9d,Weakened
1971389161,2fabd8091e1d12a5db535d011eafa4581cccbc11c6179c5114e46c0075a44a9d,Weakened
2018662376,2fabd8091e1d12a5db535d011eafa4581cccbc11c6179c5114e46c0075a44a9d,Weakened
2080769095,2fabd8091e1d12a5db535d011eafa4581cccbc11c6179c5114e46c0075a44a9d,Weakened
1246901271,7b9f491e9b5dd43640d465bee1fee689b0a570b409930ce7bd5fecd6cb5d2145,Upgrade a Branch to trigger a Prismana Flow.
1459273163,7b9f491e9b5dd43640d465bee1fee689b0a570b409930ce7bd5fecd6cb5d2145,Upgrade a Branch to trigger a Prismana Flow.
1246917092,c366e71bb07e0522832ccb6d2ef454d078d8769d28a3ab07482e9cbbf9f4921b,Processable
1246944951,d3a9a999cc420a8c264c3a31958aaaac5cc103eefce549db9fe57ee102246cf5,"""Alpha"" Coinstorm"
1246992916,aeb604f3e74fb92bced375479a40cec11f18afbba8fae9c840d7391ce9e44a8f,"See that Bloomville local over there?
Their aromathysts, perfumes, and spices are the best around!"
1246997972,37e1e47f741583366bded1b20bbb5357f22a156eeaaa3ab74844ce08d7747145,"And that fake... how did he pull that off? And how did he get away?!
...It didn’t seem like an Aniimo’s power either."
1247020253,4041551e36797f4b67db200f0a5b1f89fe2cbd001b5dc097bf86c8b2d1b6fcb0,The wind butterfly ants have returned to the ants' grand castle!
1247032509,ba23203403b5281215d6375372cfd5a44c5043082f2a7cf6ea8fcbea4f6d46fb,Shadow Perfume Bench 02
1247051199,cbb68bb8d1d22c857cbdbe02379b4b1e66e0c078cf0580a66b9c3ba5a8c8798f,Let’s start now!
1247053379,f74c71fde9bcb2ca01fdcbe298b03c636cf79061e8d462456e2dbf5f15f7155d,Text (Placeholder) Title
1247060626,b76192189ad2ab7453e387bf27403d033370920ede14d18e3278f8418aacaae9,Sonata of the Wind
1247116040,42104273837f9d6e4365098d992118f2edd3a1e2797e152df33c1682db3c979f,Whoosh-whoosh! Whoosh-whoosh-whoosh!
1247117003,341ccd129723d4e6e9b545ce99bcb70dec4c366fcf026ba9946a9bc4d1d5e61a,"An ornate streetlamp adorned with hanging flower baskets, its soft glow spilling gently from the lampshade."
1409530023,341ccd129723d4e6e9b545ce99bcb70dec4c366fcf026ba9946a9bc4d1d5e61a,"An ornate streetlamp adorned with hanging flower baskets, its soft glow spilling gently from the lampshade."
1630400919,341ccd129723d4e6e9b545ce99bcb70dec4c366fcf026ba9946a9bc4d1d5e61a,"An ornate streetlamp adorned with hanging flower baskets, its soft glow spilling gently from the lampshade."
1247128399,95ba9ddc1121b9f4f97ac49710f35ab3a8c33370b002239b33a9000ce0fc0b60,But those pink flowers can spray shiny things which can make Little Grumpbears fall asleep!
1247144473,ac02c78ec94948e7324405cac52801e73c87aedcf013c7bc660a6094c9049a5e,Whelpies are mean... and horrible!
1247196846,14b027c3e31f35930ee9448c34130525c2794ddd43cabb0c97090950ec766729,Roguelite: Novice Investor Certificate
1247212012,9e13aff29ae5e68b55ffcbc4ec98d00370ca4a1e1f056353ca75200cd962a12a,Picnic Blanket
1891944478,9e13aff29ae5e68b55ffcbc4ec98d00370ca4a1e1f056353ca75200cd962a12a,Picnic Blanket
1247248833,9d644f0f404f380f5f0e297f14ac3bb5c2a8bb76f5064decf83c47c34369efa3,Failed to create scene instance. Check server logs.
1247250497,531f4ef2bff4dccb80e186c578624e8a75fdc02392b9b4f22fc63cccdcc28402,You actually made it all the way here?! You must be pretty determined!
1247260784,4ce748681b943e4f9029bf650565b54672a679c1d793b3016529ec4b126abca6,Increase the highest Star Rank achieved for the current cycle's Boss
1247266649,6dc1e940656b93af53b8936dc202c603d86fd9db80630b9c736331fa18c98c83,Expectant Fentuft
1341348223,6dc1e940656b93af53b8936dc202c603d86fd9db80630b9c736331fa18c98c83,Expectant Fentuft
1467076355,6dc1e940656b93af53b8936dc202c603d86fd9db80630b9c736331fa18c98c83,Expectant Fentuft
1527191565,6dc1e940656b93af53b8936dc202c603d86fd9db80630b9c736331fa18c98c83,Expectant Fentuft
1627843264,6dc1e940656b93af53b8936dc202c603d86fd9db80630b9c736331fa18c98c83,Expectant Fentuft
1801255025,6dc1e940656b93af53b8936dc202c603d86fd9db80630b9c736331fa18c98c83,Expectant Fentuft
2010154923,6dc1e940656b93af53b8936dc202c603d86fd9db80630b9c736331fa18c98c83,Expectant Fentuft
2063682680,6dc1e940656b93af53b8936dc202c603d86fd9db80630b9c736331fa18c98c83,Expectant Fentuft
1247270672,6d0040ad23559d8047960a68655b773eed926f30e7f0e0c62faeab9f8e40e785,Event: Holo-gizmo Wholesale
1247273123,56fe846a94e7aab26f9f9bff78a9cd6a9b94a28758740b96ba074fa66748c2ed,Placed %s/%s
1247273224,2f892fb6e7397d4e1cc9e02458c5d9731935c144c75302d6499542d141a7d407,This is the way we came from. Let’s keep moving forward.
1247273580,d0d2599ad67dc00fc3d846aebb58385f56fe94b511f7fdfad510bd4b529e8d22,Alpha Squashel
2144403847,d0d2599ad67dc00fc3d846aebb58385f56fe94b511f7fdfad510bd4b529e8d22,Alpha Squashel
1247282431,77a6cf6de40143c8c95d47413e2c79fdf90e19dd28e14a8dec598c687c76db90,"Find <link=""appearHelp_102""><color=#5090df><u>Blooms</u></color></link> while exploring Idyll and activate them by interacting. Use them to <style=Hint_BgL>view regional information</style> and quickly <style=Hint_BgL>teleport</style> to different areas."
2039893396,77a6cf6de40143c8c95d47413e2c79fdf90e19dd28e14a8dec598c687c76db90,"Find <link=""appearHelp_102""><color=#5090df><u>Blooms</u></color></link> while exploring Idyll and activate them by interacting. Use them to <style=Hint_BgL>view regional information</style> and quickly <style=Hint_BgL>teleport</style> to different areas."
2080543031,77a6cf6de40143c8c95d47413e2c79fdf90e19dd28e14a8dec598c687c76db90,"Find <link=""appearHelp_102""><color=#5090df><u>Blooms</u></color></link> while exploring Idyll and activate them by interacting. Use them to <style=Hint_BgL>view regional information</style> and quickly <style=Hint_BgL>teleport</style> to different areas."
2094755683,77a6cf6de40143c8c95d47413e2c79fdf90e19dd28e14a8dec598c687c76db90,"Find <link=""appearHelp_102""><color=#5090df><u>Blooms</u></color></link> while exploring Idyll and activate them by interacting. Use them to <style=Hint_BgL>view regional information</style> and quickly <style=Hint_BgL>teleport</style> to different areas."
2124738743,77a6cf6de40143c8c95d47413e2c79fdf90e19dd28e14a8dec598c687c76db90,"Find <link=""appearHelp_102""><color=#5090df><u>Blooms</u></color></link> while exploring Idyll and activate them by interacting. Use them to <style=Hint_BgL>view regional information</style> and quickly <style=Hint_BgL>teleport</style> to different areas."
1247297947,14a242846b30b7e638effe9021678f09dae5d6981aebe707d7b2765e45260239,[Violation Notice] Inappropriate Chat Messages
1247321147,ac2baf3dd423aa7135767929ea68ab962a442c3825a4623c6a09c7900aa0ff82,Press #kHud/SkillE#z to use a <style=Hint_BgL>Fire</style> skill to ignite white tall grass to produce a wind field.
1247323881,b9b2114f579bcdcd3fce9f24a661f6f7f516a1bcc03eabcf6acab3ed7b7f10ad,Template Name Seven Characters
1247361212,556f6475d1153f72d0d2129d74b1b66f0cc70c2f684993e775a9b62e02d28922,Confused Susuta
1318920675,556f6475d1153f72d0d2129d74b1b66f0cc70c2f684993e775a9b62e02d28922,Confused Susuta
1332761826,556f6475d1153f72d0d2129d74b1b66f0cc70c2f684993e775a9b62e02d28922,Confused Susuta
1352689558,556f6475d1153f72d0d2129d74b1b66f0cc70c2f684993e775a9b62e02d28922,Confused Susuta
1615538475,556f6475d1153f72d0d2129d74b1b66f0cc70c2f684993e775a9b62e02d28922,Confused Susuta
1645835879,556f6475d1153f72d0d2129d74b1b66f0cc70c2f684993e775a9b62e02d28922,Confused Susuta
1733972635,556f6475d1153f72d0d2129d74b1b66f0cc70c2f684993e775a9b62e02d28922,Confused Susuta
1803756214,556f6475d1153f72d0d2129d74b1b66f0cc70c2f684993e775a9b62e02d28922,Confused Susuta
1247366044,b939a730cacb5701913f3a3c44e1a7e9946185b0be2bfed3998ecf5812d97fd6,But I have no time right now...
1247371486,4c571b1f110c65210882d25e4865982c91ea2615da6663450f54f2c66558470a,My thanks. Please accept this as a token.
1247388360,12cb158b7013575ada7bab9599e4a1e7c5f367a6016309ac514ecc40fe6b7a14,"No, no, no! Stop brainwashing me!"
1247406255,c4106a263ef4afd561e083fa75cb53b634ccacf1bbe085109587fc51e35ec9a1,Prismana Luminelle
1788750483,c4106a263ef4afd561e083fa75cb53b634ccacf1bbe085109587fc51e35ec9a1,Prismana Luminelle
1247422674,f3202328b87a5f8325457c6036c7bb3cc9f0bdd49689cebebd641ec1ac7c40e5,Defeat this Aniimo using a Grass skill
1728955165,f3202328b87a5f8325457c6036c7bb3cc9f0bdd49689cebebd641ec1ac7c40e5,Defeat this Aniimo using a Grass skill
2065137939,f3202328b87a5f8325457c6036c7bb3cc9f0bdd49689cebebd641ec1ac7c40e5,Defeat this Aniimo using a Grass skill
1247424696,f23b29b7eac195ed8a1051f9f2078dee2d3d3158ff6274fb1f8c3c599ffdb454,Hummin hates being stepped on and fears fire that gets too close.
1247457074,051c55bf7ca3f11309b4b3f9607b4b67a91edffe66eb9d457d3569becba879a1,Otter Shovel
1247457102,b5fa32ec744664173f7c8feff4959ee374a7998a0a01fba45347a7a2c098798b,Flintgrass Kebab
1569644041,b5fa32ec744664173f7c8feff4959ee374a7998a0a01fba45347a7a2c098798b,Flintgrass Kebab
1247469030,0cd6aaa54eea9e400661ff204fe56b9c88492aeb760361d76106551887aeca30,Title Base
1247488755,e99375e5947db94be2a4d4040e5454f722b24cd147c49d01fb579337d0e5fbbf,"For the final crimson fragrance, symbolizing courage and hope, you travel to the Russet Highlands. Beneath its peaceful appearance lies a mysterious mountain that stirs the spirits of every living thing. Sunia believes the ever-burning Flameheart Stone at the summit is exactly what you need, but the powerful Aniimo you expected to face is nowhere to be found. It may be best to ask around."
1247518435,8d1b2d42d12cd9de83c3f8ead4b104c8c418ea16ecff530f9e2e499e3f2f410b,Little 7
1247522677,53baef6e3bf828e1510b1c7fe0bb7ce244db087148c4852baa0ce94f4cfd394f,Voxel Shard 2 Photo
1247552509,69fd3633e552a540418393bd67279e43594eb5d72e0c99d624702766e383a57f,This new open house is not only a celebration of the Institute’s 10-year anniversary—
1247565408,6d440f7e9f0606e5ab16a8aec9a4f89d8522b57c119ee327156b9e0e0cd8b672,Tiny seed that blooms with white stars and bears ruby-red fruit.
1247637138,b22c3e974f0588088e191e88637c735245b2e4965deb184553bb789c05c93e10,Timber Serenity - Resting Platform
1679884207,b22c3e974f0588088e191e88637c735245b2e4965deb184553bb789c05c93e10,Timber Serenity - Resting Platform
1247641403,1a6ccabeeda7d284091d6aed324ca18bbc7c3545112855eacc8f7056f6bd308b,"I think other places might have their own rituals, but I’m not sure..."
1247692588,f4f29e803f3de7f199bad5d0dd442100e5a08dc83838a056ea736898dfe68e0d,Reduces <style=Hint_BgL> movement and basic attack speed by 60%</style>
1247704891,4e599f48e45b70725294ccca7d267287645957fd407ebb0b3d7cc4c026e837ca,"Increases BREAK efficiency by <style=Hint_BgL><customRichText(calcData,buff, 9116112,param0,1,%d)>%</style>."
1247710312,6597c269d583212788e09e9f1fe08dcbc11227828d81c1c4e275189f2e3d0a39,But it’s a Skippy’s treasure.
1247711046,5330216311fda7d80dd4632ca398a6eb095439a17ca46ea5312308cb8d940690,Excellent work in general studies. The Institute presents these rewards to you.
1247719704,72408da99679dee2ca31fbfcc1f71c5da861ca2722efe5379d8135798d489d86,"Continuously spits bubbles at the target for <style=Hint_BgL>4</style>s. The user can move while casting, but movement speed is reduced. This skill’s damage counts as basic attack damage."
1247730199,77fff84d29a5fd6582f94433977110411d86c7b6e8159f8a996c93fabbded7dd,Grassland Dining Chair
1368906813,77fff84d29a5fd6582f94433977110411d86c7b6e8159f8a996c93fabbded7dd,Grassland Dining Chair
1789309851,77fff84d29a5fd6582f94433977110411d86c7b6e8159f8a996c93fabbded7dd,Grassland Dining Chair
1247732852,c0a9d8b3fc41938e108efa8d11841e5ec01d17b626d538bc32761ddaf0c46f3d,Amplifier
1247743694,b98987fab686ac881ef1436cacb26285505328d722c1ced56cc69198f5f22134,I'd rather go out exploring...
1247749576,be86c37fa0dbb89fc7bfe8485913c9b52c9cd9d4eda7593f0c17b1229d31f1ab,Dangerous thorns cover the tower... You wake up again in a safe place.
1247780754,2c1d1d6f99fab6a6665be24509c592636ec62542ce1de1bc2b642adb26261290,The towering shrubs on the ground are also flammable. Burning them will <style=Hint_BgL>produce a wind field</style> to allow you to take off!
1247782314,8eb686d08d92c654273579ba6aa79261a02043efd23e7ea9f7dea67b10e6b5e8,I need to think about it more...
1354065270,8eb686d08d92c654273579ba6aa79261a02043efd23e7ea9f7dea67b10e6b5e8,I need to think about it more...
1247792785,6a2d6d873af430cc59f3596aba2f2259e4635dd2488ce277c5efeec077740bc1,Lethal Thorn
1277201922,6a2d6d873af430cc59f3596aba2f2259e4635dd2488ce277c5efeec077740bc1,Lethal Thorn
1822595409,6a2d6d873af430cc59f3596aba2f2259e4635dd2488ce277c5efeec077740bc1,Lethal Thorn
1946267157,6a2d6d873af430cc59f3596aba2f2259e4635dd2488ce277c5efeec077740bc1,Lethal Thorn
1247793960,4e96d17dcc262a14b3c386a0124f89cc7c6ca6d49f0de8fa7e47e0acd50aeca6,Exactly like what we saw outside Bloomville.
1247823200,ecbd79d5a13d8081c95d5ee3901d93743d10bae7ba1a6a664d018e68c70f14a6,Increases the trigger chance to 30%.
1247876240,c1a539004db2867d5a746c82bb33f0d1f1c2bbf3f7cce315db7c984366f322b9,View Info
1417392280,c1a539004db2867d5a746c82bb33f0d1f1c2bbf3f7cce315db7c984366f322b9,View Info
1473264039,c1a539004db2867d5a746c82bb33f0d1f1c2bbf3f7cce315db7c984366f322b9,View Info
1478088001,c1a539004db2867d5a746c82bb33f0d1f1c2bbf3f7cce315db7c984366f322b9,View Info
1483605799,c1a539004db2867d5a746c82bb33f0d1f1c2bbf3f7cce315db7c984366f322b9,View Info
1492408118,c1a539004db2867d5a746c82bb33f0d1f1c2bbf3f7cce315db7c984366f322b9,View Info
1512691223,c1a539004db2867d5a746c82bb33f0d1f1c2bbf3f7cce315db7c984366f322b9,View Info
1598804078,c1a539004db2867d5a746c82bb33f0d1f1c2bbf3f7cce315db7c984366f322b9,View Info
1620003824,c1a539004db2867d5a746c82bb33f0d1f1c2bbf3f7cce315db7c984366f322b9,View Info
1647326347,c1a539004db2867d5a746c82bb33f0d1f1c2bbf3f7cce315db7c984366f322b9,View Info
1653947498,c1a539004db2867d5a746c82bb33f0d1f1c2bbf3f7cce315db7c984366f322b9,View Info
1717735863,c1a539004db2867d5a746c82bb33f0d1f1c2bbf3f7cce315db7c984366f322b9,View Info
1945521147,c1a539004db2867d5a746c82bb33f0d1f1c2bbf3f7cce315db7c984366f322b9,View Info
1946264097,c1a539004db2867d5a746c82bb33f0d1f1c2bbf3f7cce315db7c984366f322b9,View Info
2022537701,c1a539004db2867d5a746c82bb33f0d1f1c2bbf3f7cce315db7c984366f322b9,View Info
2051894057,c1a539004db2867d5a746c82bb33f0d1f1c2bbf3f7cce315db7c984366f322b9,View Info
2095531238,c1a539004db2867d5a746c82bb33f0d1f1c2bbf3f7cce315db7c984366f322b9,View Info
2120961586,c1a539004db2867d5a746c82bb33f0d1f1c2bbf3f7cce315db7c984366f322b9,View Info
2129805731,c1a539004db2867d5a746c82bb33f0d1f1c2bbf3f7cce315db7c984366f322b9,View Info
1247880897,626110c27ee453391d3c499f9b05c4306e792c3c538dc3e4d7879e8fbe29600b,And there’s enough ore here to last us a lifetime...
1247892718,facbf9296e1b0fdedac433a5659105b9e17dc8ee4c0945f428066160ec53edd2,You need to deploy Aniimo from the current region.
1247898659,07a778f273c93682781b602bd7a3f982a41f810083ed7a95ef1f2870e549e082,Full Collection Rewards:
1247915292,7cbd560cd388a225d164ee8e069aae279ce188be32afbde804b10963f6a9d437,Twine with Flameruff and burn away the vines
1247923877,233e7c147fe910610d17fc4ac72e8ab1914655f3a0deed2964791bdcc19e5430,Park List Empty
1247927700,d436932ce45d0ec6ee11db9c327948489a866e761c617dad300a9f515beab771,The <style=Hint_BgL> raw materials </style> produced in the Home's Farmland have a shorter Bloom Cluster cycle and can be used for further processing or sold in the corresponding shop.
1315654097,d436932ce45d0ec6ee11db9c327948489a866e761c617dad300a9f515beab771,The <style=Hint_BgL> raw materials </style> produced in the Home's Farmland have a shorter Bloom Cluster cycle and can be used for further processing or sold in the corresponding shop.
1369209793,d436932ce45d0ec6ee11db9c327948489a866e761c617dad300a9f515beab771,The <style=Hint_BgL> raw materials </style> produced in the Home's Farmland have a shorter Bloom Cluster cycle and can be used for further processing or sold in the corresponding shop.
1584135203,d436932ce45d0ec6ee11db9c327948489a866e761c617dad300a9f515beab771,The <style=Hint_BgL> raw materials </style> produced in the Home's Farmland have a shorter Bloom Cluster cycle and can be used for further processing or sold in the corresponding shop.
1247941534,0967ca7c2b0d21c31e6f35e6d1d3c67e0b23e4c73ea8d81448303c64c6097e06,Add Friend
1256119465,0967ca7c2b0d21c31e6f35e6d1d3c67e0b23e4c73ea8d81448303c64c6097e06,Add Friend
1555532299,0967ca7c2b0d21c31e6f35e6d1d3c67e0b23e4c73ea8d81448303c64c6097e06,Add Friend
1604891313,0967ca7c2b0d21c31e6f35e6d1d3c67e0b23e4c73ea8d81448303c64c6097e06,Add Friend
1852204718,0967ca7c2b0d21c31e6f35e6d1d3c67e0b23e4c73ea8d81448303c64c6097e06,Add Friend
1247985889,d7d51bfa99b785f83cfb2ccc1b34d7fbcae1ea23561e71e6223ec39ce79ddb2d,A wall decoration for your Home.
1248012420,a0825869074df881d7bf80ffe6760127c24ea5654e8ba8ab4a7df08dd1e764ef,Quick Catch
1265879396,a0825869074df881d7bf80ffe6760127c24ea5654e8ba8ab4a7df08dd1e764ef,Quick Catch
1333622111,a0825869074df881d7bf80ffe6760127c24ea5654e8ba8ab4a7df08dd1e764ef,Quick Catch
1334216487,a0825869074df881d7bf80ffe6760127c24ea5654e8ba8ab4a7df08dd1e764ef,Quick Catch
1356239159,a0825869074df881d7bf80ffe6760127c24ea5654e8ba8ab4a7df08dd1e764ef,Quick Catch
1428840289,a0825869074df881d7bf80ffe6760127c24ea5654e8ba8ab4a7df08dd1e764ef,Quick Catch
1524030593,a0825869074df881d7bf80ffe6760127c24ea5654e8ba8ab4a7df08dd1e764ef,Quick Catch
1749871482,a0825869074df881d7bf80ffe6760127c24ea5654e8ba8ab4a7df08dd1e764ef,Quick Catch
1840536682,a0825869074df881d7bf80ffe6760127c24ea5654e8ba8ab4a7df08dd1e764ef,Quick Catch
1969376665,a0825869074df881d7bf80ffe6760127c24ea5654e8ba8ab4a7df08dd1e764ef,Quick Catch
1248043899,7c8aecd586cbeff8e7165ed2c92f40c68fe29b5c0686b8531be031b7729ff7d0,What kind of contest is this?
1248046664,3da4ccc94110664d9fcb4bfeb56142b103b5cae4cefa0fcc3185870dec06342e,Run-away Lumin Amber
1248073687,c4c58e431b5eba07d11350780191953a3144a9b8e0cb55d93c892bce78a5c7f5,Built for Pressure
1248104588,73902b30e8dc5cf9af59c99acbe9dab4f065471f4bc5de670912322e3c74ee71,"Oh. Newcomer. Research handbook, sent. Welcome gift, here."
1248115157,f20b11bef93386f24674ab9ff20c4cb3051e42acd821e0c3160eee21b3dc988b,A Hair Band
2128784490,f20b11bef93386f24674ab9ff20c4cb3051e42acd821e0c3160eee21b3dc988b,A Hair Band
1248134332,60de0d32a4c52453a188fcb5ca884ae35876c612dae3a70bad3e3ee955d06904,Eye Makeup 4
1248149877,d41dded21bd259f75754eca0dbcfe4a60c048257378e9d82ea30112e2c12b0b5,...I can't help you. All I can do is knock you out...
1248159661,d7c221f16cce543f48e71a2a43e423d17ba782ae1ed0ac35105c5de8b87aeb73,Blue Cap found in the cave
1248162922,6b346b6facd63fce2c3832ca0e2f6f73a13882655c7165145d49025e1e5a5fd0,Defeat Senior Cecelia in Challenge Mode
1248165851,5af9be939279395fca958704ea355ecfc0ab81a6cf2019dee4c3c0f5bdfac81a,"No one saw what happened...
Even stranger, both sides of the path leading to the flowering tree were covered in Somniwing Scales."
1248171959,11e645cfbeff39899fc23abc88cc692a6983839de49932d1311b7266e9c28f0b,"They lived together, played together, and even worked together—Boneskies would form pillars of ice, while Emberpups melted them for fresh water in the caves."
1248236315,29cc2fca75ebda5fb0d2760d6446bea329fcbabd8e71b2daf6b49c0ea4de03c4,Organize
1831609019,29cc2fca75ebda5fb0d2760d6446bea329fcbabd8e71b2daf6b49c0ea4de03c4,Organize
2126219781,29cc2fca75ebda5fb0d2760d6446bea329fcbabd8e71b2daf6b49c0ea4de03c4,Organize
1248260472,60060bb4cbeff62d745e470504d18090d72f9e32416b845a698aaf4729872616,REGEN Buff
1248278389,7249a410b723759685e40daa9b252e80551a9f0805f277dbe03023e5dd263b4f,What a strange research subject...
1248291445,c41e1529822f48499de5aa9a33cb521dfedc0b4850723508e55606840f5e71bb,Will it make me stronger too?
1248300968,8eda1fb2e8b2265b8eb7820853d3ec99da704e4f376ee8f245a67988d0572d98,You can swap <style=Hint_BgD>Lumin-Stage Basic-Form regular Aniimo with a maximum potential of 8</style> with this friend. Tracked separately from other tiers.
1248331991,f700b5d66d90f446617ae5373483322297177f593469a5aed46d95526e85a4a7,Woof! Woof-awoo! Woof-woo!
1248351159,14b9e5fa92435c5258baa0b2d97af386fb16d2681a0ca21f4409e4054bdbbe03,Participate in Operation: Egg Heist and evacuate successfully to earn <style=Hint_BgL>Rank Points</style>. Advance your <style=Hint_BgL>Rank</style> to receive daily chests and unlock rank-exclusive items in the shop.
1628143428,14b9e5fa92435c5258baa0b2d97af386fb16d2681a0ca21f4409e4054bdbbe03,Participate in Operation: Egg Heist and evacuate successfully to earn <style=Hint_BgL>Rank Points</style>. Advance your <style=Hint_BgL>Rank</style> to receive daily chests and unlock rank-exclusive items in the shop.
1667126252,14b9e5fa92435c5258baa0b2d97af386fb16d2681a0ca21f4409e4054bdbbe03,Participate in Operation: Egg Heist and evacuate successfully to earn <style=Hint_BgL>Rank Points</style>. Advance your <style=Hint_BgL>Rank</style> to receive daily chests and unlock rank-exclusive items in the shop.
1733615967,14b9e5fa92435c5258baa0b2d97af386fb16d2681a0ca21f4409e4054bdbbe03,Participate in Operation: Egg Heist and evacuate successfully to earn <style=Hint_BgL>Rank Points</style>. Advance your <style=Hint_BgL>Rank</style> to receive daily chests and unlock rank-exclusive items in the shop.
1248378438,99786473c2d7387b09a9b7908b16eb129ff3ee81a8dfef20d0a27fa7934230ec,NPC Duel Reward - First Clear
1248407961,4e1f49a9c8ae8a158434e647c0c410352d718984a4fcd144d26cca3c394caa02,Event
1367551485,4e1f49a9c8ae8a158434e647c0c410352d718984a4fcd144d26cca3c394caa02,Event
1447367218,4e1f49a9c8ae8a158434e647c0c410352d718984a4fcd144d26cca3c394caa02,Event
1514163297,4e1f49a9c8ae8a158434e647c0c410352d718984a4fcd144d26cca3c394caa02,Event
1572230373,4e1f49a9c8ae8a158434e647c0c410352d718984a4fcd144d26cca3c394caa02,Event
1789150966,4e1f49a9c8ae8a158434e647c0c410352d718984a4fcd144d26cca3c394caa02,Event
1857747006,4e1f49a9c8ae8a158434e647c0c410352d718984a4fcd144d26cca3c394caa02,Event
1930700421,4e1f49a9c8ae8a158434e647c0c410352d718984a4fcd144d26cca3c394caa02,Event
1951703092,4e1f49a9c8ae8a158434e647c0c410352d718984a4fcd144d26cca3c394caa02,Event
1997838016,4e1f49a9c8ae8a158434e647c0c410352d718984a4fcd144d26cca3c394caa02,Event
2124063175,4e1f49a9c8ae8a158434e647c0c410352d718984a4fcd144d26cca3c394caa02,Event
1248412693,048b26994be0f507affd1b7cae54da78f510f05bb6a1e8ccad3a1b1503114dea,Egg delivered. Check your mailbox after evacuation.
1248423927,c4a0b8609c2b30b9ec73f46c5cd522fc3e072b06351885c7ad3be7eb460e80ec,Cubbo’s face-changing ability inspired me to design a scary toy that changes its face!
1248431982,2833a21298f7eaffdb34a6fcb75fcf019aabfb5e51beed66172882929a77cfd1,Max Level
1323537907,2833a21298f7eaffdb34a6fcb75fcf019aabfb5e51beed66172882929a77cfd1,Max Level
1459507734,2833a21298f7eaffdb34a6fcb75fcf019aabfb5e51beed66172882929a77cfd1,Max Level
1601640186,2833a21298f7eaffdb34a6fcb75fcf019aabfb5e51beed66172882929a77cfd1,Max Level
1628910350,2833a21298f7eaffdb34a6fcb75fcf019aabfb5e51beed66172882929a77cfd1,Max Level
1823135821,2833a21298f7eaffdb34a6fcb75fcf019aabfb5e51beed66172882929a77cfd1,Max Level
2119438606,2833a21298f7eaffdb34a6fcb75fcf019aabfb5e51beed66172882929a77cfd1,Max Level
1248434694,5fd538972800d4821912f3e29448de970fa7998726c9c3f058aafd2dfc2a593e,CD Reduction
1325991947,5fd538972800d4821912f3e29448de970fa7998726c9c3f058aafd2dfc2a593e,CD Reduction
1339737912,5fd538972800d4821912f3e29448de970fa7998726c9c3f058aafd2dfc2a593e,CD Reduction
1357415706,5fd538972800d4821912f3e29448de970fa7998726c9c3f058aafd2dfc2a593e,CD Reduction
1396048127,5fd538972800d4821912f3e29448de970fa7998726c9c3f058aafd2dfc2a593e,CD Reduction
1443076791,5fd538972800d4821912f3e29448de970fa7998726c9c3f058aafd2dfc2a593e,CD Reduction
1701622918,5fd538972800d4821912f3e29448de970fa7998726c9c3f058aafd2dfc2a593e,CD Reduction
1738685135,5fd538972800d4821912f3e29448de970fa7998726c9c3f058aafd2dfc2a593e,CD Reduction
1857998753,5fd538972800d4821912f3e29448de970fa7998726c9c3f058aafd2dfc2a593e,CD Reduction
1921214900,5fd538972800d4821912f3e29448de970fa7998726c9c3f058aafd2dfc2a593e,CD Reduction
2141327564,5fd538972800d4821912f3e29448de970fa7998726c9c3f058aafd2dfc2a593e,CD Reduction
1248465829,6a87d8e23d178785bea51f16b5951e0faa09daf3c8fbb7b64e3b4390b03c19ef,"Yeah, the method is familiar. They always target powerful Aniimo."
1248483865,3675518aa24f8f7e1aab9c6469585fb5da2da9f9ae1d189ac17b9899e7138921,Research notes on the ecology of Trombers. Lost by Aniimo researcher Sayn.
1248494230,9736064354fde7b9208ad9b0f5383e356312d030b42b5e0d19467fefb1a4f8ca,Patterned Cement Tile - Cream Apricot
1824246204,9736064354fde7b9208ad9b0f5383e356312d030b42b5e0d19467fefb1a4f8ca,Patterned Cement Tile - Cream Apricot
1248496074,67a26322f3a09f838270e61307ce560ba1c4333b2d5c0861320d0c63f18432a0,Premium Companion Handbook Level 37
1971191730,67a26322f3a09f838270e61307ce560ba1c4333b2d5c0861320d0c63f18432a0,Premium Companion Handbook Level 37
1248500003,9d546567e4c7b43e03150f1e94e9540c3001e287d0a7d1998de15a23025c74ec,"Excellent. Now, we'll—oh? Look over there."
1248519153,14b298ec49c27e596b7b8dbd906cd97840115c4fe32683c2f5169fb0777a1912,"Face me, and your Aniimo will be crying by the end!"
1248585820,5dc514ed19ace251c5d0b1169a7287e42c64f929b2308f34a071d4c09cfbf8ab,Save Snap template
1248659222,70a584a6cfbe8bba25e2c862f0c1e4a379e2ce2d06b1f60d647cda57b1e7b6e2,No Scorchhowl here. Let’s try another place.
1248672681,609d06c9a56e6ea7e38f04af309f98df55693e6b4d97d9557589a3d41bf1e407,It looks exactly like a chandelier when it stays still!
1248693357,33760b6ca57fc1a94b3b7905801aacca8d3c254add301fa0dc3305d04ade9aec,"Catch different Aniimo in Breezy Plains to increase your <style=Hint_BgL>Area Catch Completion</style>. Once it reaches <style=Hint_BgL>40%</style>, you will obtain the Collection Badge for this area.

Switch between <style=Hint_BgL><color=#5090df><link=""source_796""><u>day and night</u></link></color>, or wait for the weather to change, to discover more Aniimo.</style>"
1548769002,33760b6ca57fc1a94b3b7905801aacca8d3c254add301fa0dc3305d04ade9aec,"Catch different Aniimo in Breezy Plains to increase your <style=Hint_BgL>Area Catch Completion</style>. Once it reaches <style=Hint_BgL>40%</style>, you will obtain the Collection Badge for this area.

Switch between <style=Hint_BgL><color=#5090df><link=""source_796""><u>day and night</u></link></color>, or wait for the weather to change, to discover more Aniimo.</style>"
1248718416,2102ad78049a20340f30a39afd804d904097689e6807d0e8d8cdaf873c90f2a2,Complete the quest “Lucky Gift.”
1248724088,7692a3019022f29957023c8a7513f288948411ab9564323f6681fce6639828a0,Increases Crit Rate by 3%
1248726113,116abc17ff4794729fad3bb96fdbd8aa486f781a8ef9ca38f80ad6ee28ab7401,Transport Pity
1309185860,116abc17ff4794729fad3bb96fdbd8aa486f781a8ef9ca38f80ad6ee28ab7401,Transport Pity
1370858270,116abc17ff4794729fad3bb96fdbd8aa486f781a8ef9ca38f80ad6ee28ab7401,Transport Pity
1557901394,116abc17ff4794729fad3bb96fdbd8aa486f781a8ef9ca38f80ad6ee28ab7401,Transport Pity
1597347260,116abc17ff4794729fad3bb96fdbd8aa486f781a8ef9ca38f80ad6ee28ab7401,Transport Pity
1600821349,116abc17ff4794729fad3bb96fdbd8aa486f781a8ef9ca38f80ad6ee28ab7401,Transport Pity
1711184081,116abc17ff4794729fad3bb96fdbd8aa486f781a8ef9ca38f80ad6ee28ab7401,Transport Pity
1248736347,9aad07271e8693bdbb56b473d120bca4f92998e6f97b3a96aab3a91893f133cb,"Gain a Shield equal to <style=Hint_BgL><customRichText(calcData,buff,20210020,param0,1,%d)>%</style> of Max HP"
1248744342,1465b5a81ecc4f1b416fa0c6b62f5a3d75fdc1034e1de6461003e35125666adc,A chance to attract a Prismana Form %s
1248747699,be6caa93abaf55246ec753d8c648152452ac5b1de101d3f3cd3f3a77e8e38666,Mid-term deposit made!
1248757851,c715fce76823a687be889fa3177ff9594e5ce154a79d721abb7e56f0f47bc13c,This party can no longer be joined.
1248768525,27628e18f8f4949fedce4dbecda0977deebfb8a2e9fd3db59b27f08928002070,Appearance distribution
1248788964,f389248b9d9d00aa81f88f82397dcbea48ef1ed38782e34ac4872ca722332b62,Large Wooden Crate (No Reward)_Lv2
1248792669,6eafa486cde7857b1591bf963f9214994a5bcd486dd6bed4e4d08ea1d295591f,Mine (Level 4)
2130492437,6eafa486cde7857b1591bf963f9214994a5bcd486dd6bed4e4d08ea1d295591f,Mine (Level 4)
1248831371,17966f69cc090b0bbfc4a51c9087c59227c7d13008e3e7f361a1ca7f141070df,Unlock Badge - To the Ends of Sea and Sky
1248879587,2028123a9323bce333bc76f642a13a724ba0762c4c7ea649a6f3891c9ea948aa,Cannot place outside the editable area.
1248881077,41af83852032866277a3221c8c93a4a54c97f087223747b4fd48b7c25f1de1a4,<style=Hint_BgL>Mutated crops</style> detected in the warehouse!
2025641771,41af83852032866277a3221c8c93a4a54c97f087223747b4fd48b7c25f1de1a4,<style=Hint_BgL>Mutated crops</style> detected in the warehouse!
1248890338,bc46ce1c0345499f3580ae6f2752f742568d4c049fe90b3be2581f2e49feecb0,Joint Defense
1258981266,bc46ce1c0345499f3580ae6f2752f742568d4c049fe90b3be2581f2e49feecb0,Joint Defense
1455120423,bc46ce1c0345499f3580ae6f2752f742568d4c049fe90b3be2581f2e49feecb0,Joint Defense
1485264029,bc46ce1c0345499f3580ae6f2752f742568d4c049fe90b3be2581f2e49feecb0,Joint Defense
1617351858,bc46ce1c0345499f3580ae6f2752f742568d4c049fe90b3be2581f2e49feecb0,Joint Defense
343259608,f2c54108261d6d5e69b1c6d298a8eeee95e06d9da14c36ab3acc6b12371b62e6,Raise 4 Aniimo to Level 35
1248923741,f2c54108261d6d5e69b1c6d298a8eeee95e06d9da14c36ab3acc6b12371b62e6,Raise 4 Aniimo to Level 35
1248927259,99f402f28c05dd2b8f153bc401d7156a87c7af418f9ace0710253459cbd633be,Track Story Mission
1248931973,fc7d835e27e9b7e1e7562d26fa3822ea56f87b48b5cf5e5a29157411d8d732a8,Morphling Wall Collision MarkB
1248934304,3a6c90a33d70d55b682fae4e601f04dd6758df584ccd32bb0aa1732a949d68b2,The dark dress cannot hide their dazzling flamboyance.
1248945597,864e8d565eac5de10aced470ce96018502bebf4262bbb9eb7e3eca8c0e045d10,Nightmare
1628973284,864e8d565eac5de10aced470ce96018502bebf4262bbb9eb7e3eca8c0e045d10,Nightmare
1712287372,864e8d565eac5de10aced470ce96018502bebf4262bbb9eb7e3eca8c0e045d10,Nightmare
1987353358,864e8d565eac5de10aced470ce96018502bebf4262bbb9eb7e3eca8c0e045d10,Nightmare
2052964956,864e8d565eac5de10aced470ce96018502bebf4262bbb9eb7e3eca8c0e045d10,Nightmare
1248946624,3d6e6de7480f1a9c46b003427eef0d86c7836a0fa3810ffb1358b26077b2ed68,Disruptive behavior
1248947678,733dc80b8d329982c571cc2f7c51f9ad0e69ed1ed6098cf41fa1fd6168ba8c3b,"A roar wrapped in cold, like the winter wind whistling past."
1248993530,e4ff5867382e4b004d68bcc6f078a62d4c1a095cace18feff437d1c87dfbf729,Lazy Summer Set
1248998485,b80566df0efa4b473f2aebffde86600b15cf93fabcbbdda124643be62314a281,Use #kCommon/Confirm#z to select [<style=Hint_BgL>Fire Vortex</style>] to replace.
1249002971,cd30227113557c2bdc756d395019144c1e0c0e16cddcfe7e13125b729a6b3aac,Aniimo Toy - Pale Green
2021058468,cd30227113557c2bdc756d395019144c1e0c0e16cddcfe7e13125b729a6b3aac,Aniimo Toy - Pale Green
1249034169,cafc8054dfb89c724ca8b868f1af6f7645607d38fef78ddbfab4db647c1231b3,Got an Aniimo egg!
1460013122,cafc8054dfb89c724ca8b868f1af6f7645607d38fef78ddbfab4db647c1231b3,Got an Aniimo egg!
1249067081,d93006ec2e4339d770a7afd068c1f1e789a52df12f595e529fd0f302fc1e5ec7,Middle
1249075642,4b61371a52f6192bf8bc515e544513f211d45d91f7f1677a04b0dd7e69779315,I can only twine with Stella... Looks like I can’t come along.
1249076431,5bb1dd311901cf7d7e688273deb8a124825a42f2b3a70a4b3d6b3a1ec0f27f8c,"This hall covers a pretty serious subject, so please keep your voice down!"
1249077547,f47381298dbbff0c63b2b9e202c951c4ae89d678bbf8056d5e23cc3a94b7815f,Not carrying any Aniimo. Cannot use the Coilstrike Tester.
1249103724,70b7c113fdb13b29828820d79bc986c5026a81eba9a97137a1870918b8ea87a2,Helmut Chitchat
1249107939,3e7e9ad5f924ade32220e1af41d07f6644750ad826942b79b4d785a073a9b556,"Proud of? Maybe... Oh! I got 11th place once in a fruit-eating contest... and when I was little, Grandpa said I was good for keeping the cave really clean."
1249123709,5c5456a458cfdd3a34f234327507f2c04dedb9290e72fb6817bf146e489e1e70,"Once life returns to the land, you tell Sunia everything that just happened. For the first time, she truly sees the beautiful blossoms and dancing before her and understands that this may also be the last time. Velouria reminds you that the Vein has been restored and that Irelia will now sleep for a very long time."
1249155257,eec9cdc690b435b5adb081074e9991fc78d0fe6102ca90ef72eb620787792466,Listen to the sound of the sea...
1249159354,121c48e0da965029f3d2c313402bb3b08a8e59ae6b73d4371142d622fb13d8c6,"After twining, the twiner and the twinee will connect with each other and share the same senses. The twiner will be able to see and experience the world through the Aniimo’s perspective."
1249169014,de48c3f7f4a9795243776727f8a83a2afda5c40ae4f44918d21107f25d6ef1a0,Keep a great detective’s feet supported and ready for action.
1249232637,1d32fff633facde2e2dc5a90140809431e1653001a53813788a11b40da3f2e8c,"They like to sleep hidden in the clouds, because with the presence of wind pressure and static electricity, the fluffy wool easily attracts things carried by the winds."
1249233709,0a1232bbafece80ddb86612f6a0d9adf3fba62d6760812f3b44c37eb3011a83c,"Pain, exhaustion, loneliness...
Of so many feelings, the only one that ultimately surfaces in my Heart is—"
1249237242,4d568950a38b5fd8affc797c15aff525f2f1bb16d77529ed73bdc334894cc90f,Take a photo of Hummin in disguise
1249242628,45c73772bf9f280233a57de6c73302278dfb89f02b2ec5ed631f0236abd16b87,And that mysterious Aniimo he brought back...
1249280113,be91940b79f469101df9a50544b6873aa5509a12f1f93f1cb5e3be3990d344b3,Support
1287220389,be91940b79f469101df9a50544b6873aa5509a12f1f93f1cb5e3be3990d344b3,Support
1306874729,be91940b79f469101df9a50544b6873aa5509a12f1f93f1cb5e3be3990d344b3,Support
1454983099,be91940b79f469101df9a50544b6873aa5509a12f1f93f1cb5e3be3990d344b3,Support
1510256212,be91940b79f469101df9a50544b6873aa5509a12f1f93f1cb5e3be3990d344b3,Support
1552843682,be91940b79f469101df9a50544b6873aa5509a12f1f93f1cb5e3be3990d344b3,Support
1645216006,be91940b79f469101df9a50544b6873aa5509a12f1f93f1cb5e3be3990d344b3,Support
1660673095,be91940b79f469101df9a50544b6873aa5509a12f1f93f1cb5e3be3990d344b3,Support
1709948277,be91940b79f469101df9a50544b6873aa5509a12f1f93f1cb5e3be3990d344b3,Support
1803751381,be91940b79f469101df9a50544b6873aa5509a12f1f93f1cb5e3be3990d344b3,Support
2039674921,be91940b79f469101df9a50544b6873aa5509a12f1f93f1cb5e3be3990d344b3,Support
2070428298,be91940b79f469101df9a50544b6873aa5509a12f1f93f1cb5e3be3990d344b3,Support
1249291655,6464b483e1a412f85af2a3afae18a7bd4026174f2902815b11e0e22021d973bf,"Levi communication placeholder, informing you that Senior Cecelia on Water Island 1 will provide you with instructional lessons."
1249306044,eec3a31e867714777779d285fb8022a28ce75090a41f509227db5f97b2bcde73,"Pollen of an Irisal, given by an Irisal in the Sea of Flowers after some persuasion. With a bright and magnificent scent, it’s a necessary ingredient for crafting the guiding incense."
1249311791,d32080e9b7db4920911174196fe284bf0d644c569cc2fc0b9f70f2c7990a18ca,To wear the crown... make sure you can fit into it first.
1762171496,d32080e9b7db4920911174196fe284bf0d644c569cc2fc0b9f70f2c7990a18ca,To wear the crown... make sure you can fit into it first.
1249317037,274396892e6b2c4d9fbdfc857e4e7fdc210c6230f895362eedbecacda6535be7,Plot II
1249324884,396598c54f180966dd5e9ddcd8ef47374963739086ffab0b64b5aa835f004960,HARD ROUTE
1249347351,a38b94b1df3fe556d4b5fc82c854abb8e1d60830506e9c9c8b9843ff3e4a8bd8,Dodge Stamina cost reduced
1722052974,a38b94b1df3fe556d4b5fc82c854abb8e1d60830506e9c9c8b9843ff3e4a8bd8,Dodge Stamina cost reduced
1249356155,06b4fefb71ddc9ce82cd6dc51f8a4c545a168b144199656e6e2cc0fa572c7d20,X5
1249363117,2af52eecd993e50a20d48e1ec593a12f015c070c42123161a60cb59de6419e63,Paid Companion Handbook Level 4
2040834274,2af52eecd993e50a20d48e1ec593a12f015c070c42123161a60cb59de6419e63,Paid Companion Handbook Level 4
1249381028,2a532081731b3db9aa512783cfcc2eda4ff74b8cad42603719230eaacd6ae75a,"Tonight, the cookies are on me!"
1249382724,4a1545e088afa15dfe8e614d423a6d539d6c456ef2f7fc475aaf43f31b65e910,I-I... I want to hear the story too. C-Can I?
1249399322,8b17f45db5a94c29a478a354a8a358a9b723668b76363a839a0922ac1babfe3a,"Ugh... you look so energetic. I’m jealous... okay, okay, I’ll head back right now!"
1249402751,5b9a8181f7b63daa46f2fa23d28d11d7efd406cd193a66982cd436491c15d862,-50%
1702341318,5b9a8181f7b63daa46f2fa23d28d11d7efd406cd193a66982cd436491c15d862,-50%
1249412466,080b7412876ac8cfff6d9791a6447cf579b83d06edf9f47d91a37b5f6e784045,Necessary material for evolving dark-type Aniimo.
1249418396,19d1ee4bde6e961f2e710aa9011278249d9bfeec8b75130f4d292f01687a54df,Grace and I were frustrated.
1249452792,076d170b56ae0dfea1ff1d0c7495d0a4b02483a9ce5da4a533d371e6d8ce73b6,"Pathfinder, the area ahead is Cubbo family’s territory. It’s dangerous—don’t approach unprepared."
1249478169,ea017c33394c31796ed56efe2e52449cc868b8ce1e36a33d9ff332be902ab7b4,The Architectural Apprentice's Troubles
1249492504,d65059ca08af463cabc75080d6e7e40affd85701ded836f7a9245b99d3cbfe22,Shining Rose
2009403586,d65059ca08af463cabc75080d6e7e40affd85701ded836f7a9245b99d3cbfe22,Shining Rose
2091925780,d65059ca08af463cabc75080d6e7e40affd85701ded836f7a9245b99d3cbfe22,Shining Rose
1249515074,2db99ddfc2eb1306f9754b1b1df0e4c71e28b1a69a1fa7e379bb7d256a640202,Iris that wants to dance
1681895034,2db99ddfc2eb1306f9754b1b1df0e4c71e28b1a69a1fa7e379bb7d256a640202,Iris that wants to dance
1686942949,2db99ddfc2eb1306f9754b1b1df0e4c71e28b1a69a1fa7e379bb7d256a640202,Iris that wants to dance
1723853604,2db99ddfc2eb1306f9754b1b1df0e4c71e28b1a69a1fa7e379bb7d256a640202,Iris that wants to dance
2018988347,2db99ddfc2eb1306f9754b1b1df0e4c71e28b1a69a1fa7e379bb7d256a640202,Iris that wants to dance
1249524560,ba1b2e923f38916ea48cc9287894791f0a1cdf3f47eaa8ff99787ac5b83d3f7e,So you ran off crying?
1249563880,ddbcf5341177f81edc540ae83dfb7700937ae6d980725a7bfd2e789ad66ecbcd,An extremely rare jade with an intense sun-green color.
1844447705,ddbcf5341177f81edc540ae83dfb7700937ae6d980725a7bfd2e789ad66ecbcd,An extremely rare jade with an intense sun-green color.
1249573981,c9e564b16791f129e39fad8bbd4abb2a3a45892cb3405a019bcbeeaad89eb707,Furniture owned: Red Maple
1249591289,269fb100dc54814af75ba5516c698d0913aecbad12549c68906355e2bd72b8ca,Woof! One more time! One more time!
1249599203,deb9322508c98e369afe7811b9c04d680acf26e7d99a5c7eed010e65a3fe0098,Illusory Protective Unit - Defense
1249620030,97a0522c3b636bd12f55dbf4b30b11ba86ebfbc7395bf8e4bde59cf988275490,Watch out! Warning areas will appear on the ground before the Alpha attacks. Make sure to dodge in advance!
1249631568,180a8ce345e77fc2935b0148a1fc3e24e2adb63ea824b474a3379a04440537c4,"Obtain the <style=Hint_BgL>Gold Badge</style> to unlock <style=Hint_BgL>Prismatic Resonance</style> for the area. Wild Surges in this area will build up Prismatic Energy more efficiently, making it easier to attract rare <style=Hint_BgL>Prismana Aniimo</style>."
1313372513,180a8ce345e77fc2935b0148a1fc3e24e2adb63ea824b474a3379a04440537c4,"Obtain the <style=Hint_BgL>Gold Badge</style> to unlock <style=Hint_BgL>Prismatic Resonance</style> for the area. Wild Surges in this area will build up Prismatic Energy more efficiently, making it easier to attract rare <style=Hint_BgL>Prismana Aniimo</style>."
1858199206,180a8ce345e77fc2935b0148a1fc3e24e2adb63ea824b474a3379a04440537c4,"Obtain the <style=Hint_BgL>Gold Badge</style> to unlock <style=Hint_BgL>Prismatic Resonance</style> for the area. Wild Surges in this area will build up Prismatic Energy more efficiently, making it easier to attract rare <style=Hint_BgL>Prismana Aniimo</style>."
1249658389,5da5bac936856694186bf09af3bf65bfdeba4381c8be8e28285d9dd46ed72b9a,Douyin
2069266190,5da5bac936856694186bf09af3bf65bfdeba4381c8be8e28285d9dd46ed72b9a,Douyin
1249663296,f66dd3b0d3c09459f4b75389ad177de327659b1e7bab2d7d64569d04574f7319,"Come on, stop messing around here. Hurry up and get patrolling! Bud!"
1249668597,8ee60558098d417309b589818f949ec7d73d5cf990b778da88ab2be8596ee66d,Prismana Stone
1249690217,f06cf1c5239f21370760fa793870c25acf4aa6e4dc6f5438c317ef6225240ff6,"Tile with subtle paw markings scattered over its warm surface, lively yet composed."
1781389981,f06cf1c5239f21370760fa793870c25acf4aa6e4dc6f5438c317ef6225240ff6,"Tile with subtle paw markings scattered over its warm surface, lively yet composed."
1249710978,5663ba23d457edb731e418ca779fa90195555693ca20f5b39a3025cbc1d11fb6,Forest Dawn Set
1639201547,5663ba23d457edb731e418ca779fa90195555693ca20f5b39a3025cbc1d11fb6,Forest Dawn Set
1249748686,152bfb4605fe210b0f5eafc4091d703f266e9c7e736e0bd5b774ff8808baae59,"If this is a dream, wake me up already... Baa-hoo-hoo..."
1249767567,544cf892a4e8f21517b7254d596388cb391e6ca883c6beec73cd1f9f792a7553,Thundercloud
1249768213,34ceabe9a3cf72941049f2d29646dce802b2aad39267a2ceec3c3fe83d7a0c94,What’s it doin’ here? My ball!
1249775488,03e1cdfec21859917be7ca2617ec9799dbf5a283e72f732837df5ec880f68505,Lip Makeup 10
1249776204,92fd9a3acdcbb60c3dcf62b64f91d118aa296691448461f85f089d88adddb9b6,Prismatic Aniimo
1249801001,cb32ae26bcf41b54db1776de621f16b62559a08458495ff5b5a922a6a958cb08,Nurture the ecosystem at the Branch {0}/{1} times.
1265783481,cb32ae26bcf41b54db1776de621f16b62559a08458495ff5b5a922a6a958cb08,Nurture the ecosystem at the Branch {0}/{1} times.
1305723676,cb32ae26bcf41b54db1776de621f16b62559a08458495ff5b5a922a6a958cb08,Nurture the ecosystem at the Branch {0}/{1} times.
1645463072,cb32ae26bcf41b54db1776de621f16b62559a08458495ff5b5a922a6a958cb08,Nurture the ecosystem at the Branch {0}/{1} times.
1680491982,cb32ae26bcf41b54db1776de621f16b62559a08458495ff5b5a922a6a958cb08,Nurture the ecosystem at the Branch {0}/{1} times.
1736008170,cb32ae26bcf41b54db1776de621f16b62559a08458495ff5b5a922a6a958cb08,Nurture the ecosystem at the Branch {0}/{1} times.
1896580274,cb32ae26bcf41b54db1776de621f16b62559a08458495ff5b5a922a6a958cb08,Nurture the ecosystem at the Branch {0}/{1} times.
1920001248,cb32ae26bcf41b54db1776de621f16b62559a08458495ff5b5a922a6a958cb08,Nurture the ecosystem at the Branch {0}/{1} times.
2020483296,cb32ae26bcf41b54db1776de621f16b62559a08458495ff5b5a922a6a958cb08,Nurture the ecosystem at the Branch {0}/{1} times.
2089771973,cb32ae26bcf41b54db1776de621f16b62559a08458495ff5b5a922a6a958cb08,Nurture the ecosystem at the Branch {0}/{1} times.
1249821585,c7645088799df7a235e97f0e60e63c0d736084dd5727f90c56c71ea1673395ce,Harvesting Moments
1971063267,c7645088799df7a235e97f0e60e63c0d736084dd5727f90c56c71ea1673395ce,Harvesting Moments
1249829054,f5d9e9994c1b53861e82da06c34478ffa425f553bed3ee4fea7c5d530fb72eb0,City Development
1273605019,f5d9e9994c1b53861e82da06c34478ffa425f553bed3ee4fea7c5d530fb72eb0,City Development
1372195393,f5d9e9994c1b53861e82da06c34478ffa425f553bed3ee4fea7c5d530fb72eb0,City Development
2003205756,f5d9e9994c1b53861e82da06c34478ffa425f553bed3ee4fea7c5d530fb72eb0,City Development
2074648039,f5d9e9994c1b53861e82da06c34478ffa425f553bed3ee4fea7c5d530fb72eb0,City Development
1249841652,d497bd501133d45f409cb62c62386c24027bf7aaa820de5d8ec8d756e176bd70,"I handed over the Icosahedron to the Polaris Institute and received a generous reward.
Then I brought my Aniimo back with me to Astra..."
1249900245,8a69dc10f8585eadec94e720a168111c5ac57b83e29fd3f9653bde47c577e23f,"Despite its imposing size, Rookey is surprisingly gentle. Even when pushed around like a marble, it never gets angry."
1249909186,0e84d956d85e1d79885b4832108a454c57f604544f6323f6aa96052b5343a42b,Healing Angel
1665739911,0e84d956d85e1d79885b4832108a454c57f604544f6323f6aa96052b5343a42b,Healing Angel
1705600133,0e84d956d85e1d79885b4832108a454c57f604544f6323f6aa96052b5343a42b,Healing Angel
2024823736,0e84d956d85e1d79885b4832108a454c57f604544f6323f6aa96052b5343a42b,Healing Angel
1249918959,ecd8da9ca1885aa277fe75c0d9350ce20432abfec8fc79e440f8b4f2f5afa4fc,Tracing the Trail: The Shadow of Legend
1454158354,ecd8da9ca1885aa277fe75c0d9350ce20432abfec8fc79e440f8b4f2f5afa4fc,Tracing the Trail: The Shadow of Legend
1249930394,e403807ad84bba774be856d7b9c0938b54f6f81a597fcb8be6ec283bd3338854,Bundle of Balloons
1847349437,e403807ad84bba774be856d7b9c0938b54f6f81a597fcb8be6ec283bd3338854,Bundle of Balloons
1249939420,8d0fe7e065d4d2185c5e7ccf26ef77ce07358153250c6067a2a0a63ec3515f24,00:00:04
1249944205,59f52d2eaa3ccff1190350998a8b93a0626f49c4174e98bc5ae2fba575171167,Chest Scout
1514851413,59f52d2eaa3ccff1190350998a8b93a0626f49c4174e98bc5ae2fba575171167,Chest Scout
1528009666,59f52d2eaa3ccff1190350998a8b93a0626f49c4174e98bc5ae2fba575171167,Chest Scout
1249948802,7658b221fcbfe4ef42cc80fed00e47df26683c5b23ec86a0bc4894364e3b621c,Good. Now go find those ores.
1249949773,d1621c688c6465de7977442ddc0cf045098776f3be8d04cea843ddea9111d37d,"So, is hiding all of your sorrow... the right thing to do...?"
1249952565,72f929f50e41dc89e4595dea368076534a3d1765ec6e4c74c72f4f81ae70f4f0,"You give Marlowe the stoneflower dew, and he treasures it, mixing it with more than a dozen strange ingredients to create a new perfume. Unfortunately, he forgets to stir it properly, and the two of you collapse after testing it. Leah happens by to buy ""Stinky Sea Breeze,"" saying she wants something to remember that third-rate sailor Hayes by. Marlowe is delighted to finally have his first repeat customer."
1249974884,b00963745620526a6044058e081c0b0e9da183161c401aeb6e203e309c860784,"A peculiar shard containing the power of Light Element.
The shiny, warm shard seems to have the ability to dispel darkness."
1250004755,67ecdd2ad4bb4ae99db50c44cd4213d77f72af121d2175b3406f928233e39cd5,Link your Discord account and chat about your Aniimo insights!
1250015599,264a71026976fe4cfedf038ecaf4ef0a5aa73c0c053be6e82c4c4be8177bbe05,Yellow umbrella-shaped mushrooms that grow in branching clusters.
1677372651,264a71026976fe4cfedf038ecaf4ef0a5aa73c0c053be6e82c4c4be8177bbe05,Yellow umbrella-shaped mushrooms that grow in branching clusters.
1250045100,98b4d8e0814c8e7f09d3678afbb236f937ff25032853d689885eede850fab281,Captain Spud
1722256240,98b4d8e0814c8e7f09d3678afbb236f937ff25032853d689885eede850fab281,Captain Spud
1892104471,98b4d8e0814c8e7f09d3678afbb236f937ff25032853d689885eede850fab281,Captain Spud
1250052734,02f4eb1636e8ef09ea6486345560fed1bb2bd343e9d461b5a4d6a83ab5c4312f,Mwahaha! Bingo! You’ve got my seal of approval. The chest is yours!
1250053034,2cdb7c847b78e8ece783b6f36423b8168f00c1c6604fa9b25293daf6d6c44b6a,A <style=Hint_BgL>raw material</style> from the Tidewhisper Sandcastle in your Home. It has a shorter production cycle and can be processed into other products or sold at the relevant shop.
1250096414,c0c0e2ec8582c6cbd39d8377a65d41b9e48b5684052268f002a0257813632f2c,Formed from the Alpha Scorchhowl’s unyielding will. It embodies his understanding of what it means to be a warrior.
1568870600,c0c0e2ec8582c6cbd39d8377a65d41b9e48b5684052268f002a0257813632f2c,Formed from the Alpha Scorchhowl’s unyielding will. It embodies his understanding of what it means to be a warrior.
1250105679,872b5f4e6689d3afd95754b709ef56299bbea2e0a523e37e6bdd2d0263f9e6d6,Set Off Together!
1250670676,872b5f4e6689d3afd95754b709ef56299bbea2e0a523e37e6bdd2d0263f9e6d6,Set Off Together!
1691560863,872b5f4e6689d3afd95754b709ef56299bbea2e0a523e37e6bdd2d0263f9e6d6,Set Off Together!
1250143314,039cc2b17bdb913c906120f31359f523fb571d4f113dface9cf170ef1ddbff19,Saws
1250145312,e94be25397f79af7ebb5e2e564eef4766afbb278d5f0bab23e4b83b95fbc0570,Cautious Shelly
1961944096,e94be25397f79af7ebb5e2e564eef4766afbb278d5f0bab23e4b83b95fbc0570,Cautious Shelly
1962515392,e94be25397f79af7ebb5e2e564eef4766afbb278d5f0bab23e4b83b95fbc0570,Cautious Shelly
1250159748,efc8eadae7872fe511ecbfdb083d4907810e08e471153d88f6781830c722c1d5,Cottage Fence
1956099726,efc8eadae7872fe511ecbfdb083d4907810e08e471153d88f6781830c722c1d5,Cottage Fence
1250178695,5c590b89b455b6129cee52d68000de7c3414157c25ede3d76fe99502e8cd18a2,The pattern is almost complete. Try to find the correct position based on how its <style=Hint_BgL>brightness changes</style>!
1250182636,7b826e368834b046f8942e331b341563af4f012f287701076f98bb9fe70c38b3,[Account Access Restored]
1250185142,ef485c0db0f7872b184ff740fdef89d8c6b2b19295dda87fc32e21763cb7a8db,Alpha Gracewing
1538088520,ef485c0db0f7872b184ff740fdef89d8c6b2b19295dda87fc32e21763cb7a8db,Alpha Gracewing
1584892185,ef485c0db0f7872b184ff740fdef89d8c6b2b19295dda87fc32e21763cb7a8db,Alpha Gracewing
1695017090,ef485c0db0f7872b184ff740fdef89d8c6b2b19295dda87fc32e21763cb7a8db,Alpha Gracewing
1900193157,ef485c0db0f7872b184ff740fdef89d8c6b2b19295dda87fc32e21763cb7a8db,Alpha Gracewing
1953645196,ef485c0db0f7872b184ff740fdef89d8c6b2b19295dda87fc32e21763cb7a8db,Alpha Gracewing
2087301801,ef485c0db0f7872b184ff740fdef89d8c6b2b19295dda87fc32e21763cb7a8db,Alpha Gracewing
2125425122,ef485c0db0f7872b184ff740fdef89d8c6b2b19295dda87fc32e21763cb7a8db,Alpha Gracewing
1250200634,7aafc80e069cd701f922ad716d89db0b5dfff1426404eeb545affcc826304948,You’re... the best... You’re... you.
1250215586,64c626b88356d778cf8841e3d524b9f6d9cca5cac36db8bc9e1bf7fc15cd53f4,Windspeaker
2036222668,64c626b88356d778cf8841e3d524b9f6d9cca5cac36db8bc9e1bf7fc15cd53f4,Windspeaker
1250225363,a75dbfda79725940498c1ec3f1fe35d2d1db51460f811a813af8c0695b21ad68,"Coo-coo, wah-wah! Kala!"
1282033225,a75dbfda79725940498c1ec3f1fe35d2d1db51460f811a813af8c0695b21ad68,"Coo-coo, wah-wah! Kala!"
1430757851,a75dbfda79725940498c1ec3f1fe35d2d1db51460f811a813af8c0695b21ad68,"Coo-coo, wah-wah! Kala!"
1617738275,a75dbfda79725940498c1ec3f1fe35d2d1db51460f811a813af8c0695b21ad68,"Coo-coo, wah-wah! Kala!"
1701172547,a75dbfda79725940498c1ec3f1fe35d2d1db51460f811a813af8c0695b21ad68,"Coo-coo, wah-wah! Kala!"
1250240896,f32f8705603345122e0ae6f9ace547fc334028b49058936adc6d3e7aa03653ef,Increases HP by 10%
2000100287,f32f8705603345122e0ae6f9ace547fc334028b49058936adc6d3e7aa03653ef,Increases HP by 10%
1250273230,e0c32924ba749e89604529acdcb0d5ceef76df24211a16aa43641835533b2122,A shelf for your Home.
1769956655,e0c32924ba749e89604529acdcb0d5ceef76df24211a16aa43641835533b2122,A shelf for your Home.
1926721791,e0c32924ba749e89604529acdcb0d5ceef76df24211a16aa43641835533b2122,A shelf for your Home.
1250280635,c539cfa2416f3e93743c22d295f9bd996ee2ab65d2d0b55202586a0ac404b871,2-2
1564288255,c539cfa2416f3e93743c22d295f9bd996ee2ab65d2d0b55202586a0ac404b871,2-2
1250311426,8838a3634a1a8a1d5c675c8719776dc91cbdf8a4c9d3e68b8886a044c7d6ec04,Oak Arched Window
2133221931,8838a3634a1a8a1d5c675c8719776dc91cbdf8a4c9d3e68b8886a044c7d6ec04,Oak Arched Window
1250337222,2d329ced481d57038e761c54f14bf08b70f6fa367b21a2e8885f4b371c9a2e6e,"Aniimo Transmog Guide
Transmog parts include: Color, Wings, Body, Headwear, and Effects.
Use the items <color=#e49b43>Radiant Dreamshadow</color> and <color=#b767e1>Glimmering Driftshadow</color> to change your Aniimo’s appearance.
<color=#b767e1>Glimmering Driftshadow</color> has the following restrictions:
It can only transmog certain parts, cannot be used while parts are locked, and does not increase Transmog Progress for restricted parts or any parts unlocked afterward.
If you own both items, <color=#b767e1>Glimmering Driftshadow</color> will be consumed first whenever its conditions are met.

Transmog Rates
Part qualities include: <color=#4c94e9>Rare</color>, <color=#b767e1>Epic</color>, and <color=#e49b43>Legendary</color>.
Appearance rates:
<color=#4c94e9>Rare: 77.42%</color>
<color=#b767e1>Epic: 19.36%</color>
<color=#e49b43>Legendary: 3.22%</color>

A <color=#e49b43>Legendary</color> part is guaranteed within 62 attempts.

Part Locking
You can lock up to 3 parts.
The more parts you lock, the more items are consumed.
When parts are locked, consuming more items increases the bonus transmog chance and speeds up Progress growth."
1250340190,ddefefb24d6319a2742273e6f726514acdd21618c2fe7d2d8392aee4944a2fb5,Hey again! My Aniimo weren’t at their best last time. This time I brought Tubster in a different form. Want another go?
1250361470,b156ca34135d375200c3310c743e927b520550dd67840c015167868c462417a5,"Placeholder text, placeholder text, placeholder"
1250400639,16f9a90168da5c460f368c7565dadd85e8a3cb54b7dd97ae0aca41700bfc8347,This friend is already in a Private Park.
1250409783,2baa86f1034215d09edd50264c4f1480a2de9441b3b45b97fdf514541cd52128,"Unrestrained and authentic, embracing your true self."
1250414051,910a373ca1fec5fc42a27f80813c16cacf6ab8e6b5142c7faf712f9b2ac56ab7,Dance Power Unleashed
1418570023,910a373ca1fec5fc42a27f80813c16cacf6ab8e6b5142c7faf712f9b2ac56ab7,Dance Power Unleashed
1250414963,14a4dd5e137e0aa6ce743ac86cbef6f2cc6ef3643e43665e8dce3e186e93053f,"Recording duration in seconds, Default: 20"
1250417866,e12e574c45b68276b0892aa920ba912d1e1b795548e2d1b57cd6c2a2c17448f2,Really? So this was the first Aniimo ever brought to Astra?
1250426831,7c572e5f3d2142d4b39a46e70aebcb7d3339c87e3f28ab4f257fe8b443247de8,Colorless Dream - Thousand-Fang
1250428536,8aa473a6dcbfa0eeb02df170214f4c0e7082c2a4a8a1808ed85160c4051cf89d,"Oh, it’s #playerName#. How about it? Wanna join our training program?"
1250432509,00b39e1deef6bf720369d1ab05830e2916042022ddfe5fc67a5a22650f33d861,Accessory not obtained
1250436571,6c060deeda6fd6fbca68da6ee2967b5e2872703cdd1c8b2a97c938d762bf43a7,Porter
1250440691,f08d40855878d56a25edf15b905a01559ad44350d81569b386bcf37aee76cba5,Increases Aniimo’s work efficiency by 20% when assigned to [Joy Wheel Loom].
1445331135,f08d40855878d56a25edf15b905a01559ad44350d81569b386bcf37aee76cba5,Increases Aniimo’s work efficiency by 20% when assigned to [Joy Wheel Loom].
1511590208,f08d40855878d56a25edf15b905a01559ad44350d81569b386bcf37aee76cba5,Increases Aniimo’s work efficiency by 20% when assigned to [Joy Wheel Loom].
1845370713,f08d40855878d56a25edf15b905a01559ad44350d81569b386bcf37aee76cba5,Increases Aniimo’s work efficiency by 20% when assigned to [Joy Wheel Loom].
1867813720,f08d40855878d56a25edf15b905a01559ad44350d81569b386bcf37aee76cba5,Increases Aniimo’s work efficiency by 20% when assigned to [Joy Wheel Loom].
1933857285,f08d40855878d56a25edf15b905a01559ad44350d81569b386bcf37aee76cba5,Increases Aniimo’s work efficiency by 20% when assigned to [Joy Wheel Loom].
2107829307,f08d40855878d56a25edf15b905a01559ad44350d81569b386bcf37aee76cba5,Increases Aniimo’s work efficiency by 20% when assigned to [Joy Wheel Loom].
1250442079,1a1915ea09154d07f49935e0ed69af74314e325c9c7fd81f54c86f481bd8a651,Keep fighting; you live. Yield; you die.
1250443982,590154a86fb956b9d78f89f195f50d70f2096a1874c49dc782c6e518d7f91641,Unlock Badge - Thunderchaser
1250451671,789e50006000ae62b6a776b8ef96bd16b931834d35160585f2c5c6968e9122a7,Private Park Disband Refund
1250467330,3bbde4cdcb146232c791ee35e4baaa3133df6f82415b64d459ddb96f9a3b5bf9,"Greetings, elder. I’m Nicole, and this here is my fellow student #playerName# at the Polaris Institute. We came from the Institute for the festival."
1250478924,2c9dbd825ad96c0ed40d9d90a2b02a501b3dccea80da4a4b5844ce695f2decd1,"A rare mutated soybean surrounded by a rainbow aura and dazzling sparkles. It has grown enormous and plump, with a crystal-clear sheen that gleams like treasure."
1664909188,2c9dbd825ad96c0ed40d9d90a2b02a501b3dccea80da4a4b5844ce695f2decd1,"A rare mutated soybean surrounded by a rainbow aura and dazzling sparkles. It has grown enormous and plump, with a crystal-clear sheen that gleams like treasure."