1609115184,2a24e0596c8da23a0ca58431eb6bcfbc8b466769e2e3ffa0df0c58d0c9871fef,Besauce
1788198599,2a24e0596c8da23a0ca58431eb6bcfbc8b466769e2e3ffa0df0c58d0c9871fef,Besauce
1790069805,2a24e0596c8da23a0ca58431eb6bcfbc8b466769e2e3ffa0df0c58d0c9871fef,Besauce
1868591014,2a24e0596c8da23a0ca58431eb6bcfbc8b466769e2e3ffa0df0c58d0c9871fef,Besauce
2008136378,2a24e0596c8da23a0ca58431eb6bcfbc8b466769e2e3ffa0df0c58d0c9871fef,Besauce
2018084058,2a24e0596c8da23a0ca58431eb6bcfbc8b466769e2e3ffa0df0c58d0c9871fef,Besauce
1282124850,003dd2fa81c01974201b04ea8436aa9465b4f475bfe8069e32206b51fb076f18,Solar Halo
1289947812,003dd2fa81c01974201b04ea8436aa9465b4f475bfe8069e32206b51fb076f18,Solar Halo
1486846898,003dd2fa81c01974201b04ea8436aa9465b4f475bfe8069e32206b51fb076f18,Solar Halo
1282144810,7ba4ab07e8347bd8af71502465b4cfd7b99acf4ff03ceb3e95f362615975d0ee,Why are there three starines here...? Huh? There seems to be something under them...
1282147666,7cf378dc505c5990b3a8c3e6dfbf329b4205528d780dcbbde59ac370c79a31f1,Your Aniimo have all recovered.
1282191664,bd627f342190754456a63df486fe907cc03a6bc3417bd9fbc1d96d91daddba27,"When an Aniimo is on terrain matching its own element, it gains Vein Resonance: damage dealt +<customRichText(calcData,buff,4004061,param0,1,%d)>%, and the effect persists for <customRichText(buffConfigData,4004061,duration)>s after leaving the terrain. When not on elemental terrain or when the terrain does not match its element, it gains Vein Rejection: damage dealt –<customRichText(calcData,buff,4004062,param0,1,%d)>%. Vein Rejection cannot be gained while Vein Resonance is active."
1282197043,df880baa20b016347360342da27046199d7fc53bc7a66ffad985b7d295bdc5a2,Increases damage to Break State targets.
1895624199,df880baa20b016347360342da27046199d7fc53bc7a66ffad985b7d295bdc5a2,Increases damage to Break State targets.
2066098208,df880baa20b016347360342da27046199d7fc53bc7a66ffad985b7d295bdc5a2,Increases damage to Break State targets.
1282234101,7d629b6b6d6d5fbe819011606425b898745b4878404cfbafb5bf6e5974e1e8ba,Option 1 selected!
1282282500,f5b65eda7a8fb263a6dc2ae4a331c75b2197c79db38f970dd957a3c0ee66d9e4,Legendary Egg
1282341615,7e3040c4e71f9b374cd4bd7ccef8a69015ffd44c69cb009d2837aa5d1940bd8f,Enraged
1793928661,7e3040c4e71f9b374cd4bd7ccef8a69015ffd44c69cb009d2837aa5d1940bd8f,Enraged
1829696706,7e3040c4e71f9b374cd4bd7ccef8a69015ffd44c69cb009d2837aa5d1940bd8f,Enraged
1830648739,7e3040c4e71f9b374cd4bd7ccef8a69015ffd44c69cb009d2837aa5d1940bd8f,Enraged
1282343470,1f42bb578de29d754d02911509d09cd63e46e412399959afed78b64c9039ca69,Sweet Baby Cheekie
1838873910,1f42bb578de29d754d02911509d09cd63e46e412399959afed78b64c9039ca69,Sweet Baby Cheekie
1282357191,88ea5443d96b40bf7cb5b8e0de96596a0981aac495c79947f9d860c93740065d,You’ve got to trust me—I’m the best photographer in Astra!
1282360316,d5141872a3ff9bc925f9c7f8cdc09d45be5c37cbadd30d71d5d31c10e27c723b,A lightweight backpack with 14 slots.
2031207141,d5141872a3ff9bc925f9c7f8cdc09d45be5c37cbadd30d71d5d31c10e27c723b,A lightweight backpack with 14 slots.
1282396705,a22a39b6b9e2f5b90b76753375bac9865b2ffa7480fddd1127d1a75d95d33be7,A violent shadow lurks within the massive body.
1282401591,6bb1a5010ed42c6cd40af24124f26ba07b691daa0b7ed44b8fff7b7a83c6fe97,Latticed Sash Window
1588603230,6bb1a5010ed42c6cd40af24124f26ba07b691daa0b7ed44b8fff7b7a83c6fe97,Latticed Sash Window
1282410304,6aaea64943ac66c854fb72b397da26a2fec04687f1579538feaf8956b34d9327,Sisters stick together forever—
1282419850,6ce7590d07a6ee470896d80013eb18bb90f98f4832875df6800fa0d58d5d5b98,"Good, everything's going smoothly."
1282437743,4490b636b7c95262eec360d38b2f5d416b51148bbeab586063a3f30a33f45606,"Gain Healing for 8 seconds, restoring 7.5% HP every 1 second. Taking damage interrupts Healing. Cooldown: 60 seconds."
1282460328,14d10d8c6b40c81c25160a4aa3d38a0c025cf518c9fc63885723dcc5b8c4a197,ARK-Voxel Form-Emberpup
1282468065,bfa995daff103d0eea2a6672303cc5a61c553fd6b9ca7b3804554df3d3838ff1,- Can Attract -
1282518153,6668b5e2832d9d63a69c27fd001842922b74909e641401e6813b86f70d75862b,Intermediate Heal Chip
1899177113,6668b5e2832d9d63a69c27fd001842922b74909e641401e6813b86f70d75862b,Intermediate Heal Chip
2110979626,6668b5e2832d9d63a69c27fd001842922b74909e641401e6813b86f70d75862b,Intermediate Heal Chip
1282535635,48f28b0af739dbf337c1d22eddad73452067806647fafb580972fd5d06d8a985,"Ah, yes, young Bolty... Cough, cough..."
60002739,a6c7a84baa6750fce33f7512acd6793e53def1d228b5f2efb8074b42648424fc,Finish
1282622908,a6c7a84baa6750fce33f7512acd6793e53def1d228b5f2efb8074b42648424fc,Finish
1530835751,a6c7a84baa6750fce33f7512acd6793e53def1d228b5f2efb8074b42648424fc,Finish
1282623542,f7fd715612d5cb31f85a83dd17dabe27e4b4ef55b3a308b68ab478e80d61e32a,Digging NPC 1
1282625958,52e6831178c08704d1570e02a01516d7dee2329d0d519c03d9f078126ee2854a,Collect <style=Hint_BgD>3 Gizmos of the same Training Style</style> first to unlock the corresponding <style=Hint_BgD>Alpha Transformation</style>.
1282627083,58b23d964a55d9567bb8196ff8702ca4345a12ea2cc0d99e60e4b1c4ed7b2599,Wine-Braised Dried Fruits
1282648228,c80663bcd10a69e9ff6d6aee76b985416e534358b27b901401df1138a62efafb,"Read the situation and direct your Aniimo.
The assessment begins!"
1282649650,85e7e4d6562132da8a06c418767f514eb1bb8f22f190c0298f67946f93fa2772,You going first?
1282656555,e975916e06ee10bcdd00a46bababbbd5988abe24ce7002ac4ea2d29b38993451,Increases the Crit Rate of the ultimate by <style=Hint_BgL>{param0}%</style>.
1282662693,833f13cb7bd7cba57735b8f5211a2fa115fabc98a939c43b0624296f82c98bc4,"A relic from an ancient civilization. Restores a small amount of energy for BINI units, but greatly reduces durability when used on advanced units."
1282693271,daa3c9809b128025b19cfe2de1a6fed63c4804de2a0747d487bb4217384d8a48,Wide Angle
1282708551,dbcd5e7bb7a0f538810de44c3efbd813037ee3fa358747bb71fa58e157af45f7,Light
1419181941,dbcd5e7bb7a0f538810de44c3efbd813037ee3fa358747bb71fa58e157af45f7,Light
1422448063,dbcd5e7bb7a0f538810de44c3efbd813037ee3fa358747bb71fa58e157af45f7,Light
1560183064,dbcd5e7bb7a0f538810de44c3efbd813037ee3fa358747bb71fa58e157af45f7,Light
2074972195,dbcd5e7bb7a0f538810de44c3efbd813037ee3fa358747bb71fa58e157af45f7,Light
1282728968,30c1a134b44bc12a1e57e15a5826e39d59e7e05406cc11e90161b951259fd2ba,Path of Victory
2139059013,30c1a134b44bc12a1e57e15a5826e39d59e7e05406cc11e90161b951259fd2ba,Path of Victory
1282736973,83c30ecd71d92780f8a3ce6fa7710eba7fc09073fb7796de53b3a0d46c00ef87,A clever embellishment lends this playful style a touch of healing warmth.
1705088265,83c30ecd71d92780f8a3ce6fa7710eba7fc09073fb7796de53b3a0d46c00ef87,A clever embellishment lends this playful style a touch of healing warmth.
1282754073,d95fc0672c589f7f013996c1163ed474b5b8bf40dbf9dbdac5389c6a1a81b85e,"You two silly ""eggs""!"
1282798852,a6e87ef1632bd70e0b393d6cb191be38fb1a7d19c7248ca071568f43da66ee0f,Enemy energy regenerating—break the shield now!
1282909870,bd8f361280aa270caaad28d8db2e01b58859523ce73d8048055f18852b013473,Not sure which big shot this card belongs to.
1282912578,e7f2390b2b2fc821b18c311bc6cc775526439de26a06955fd2a71b2abe57cc02,Passed Out
1754751721,e7f2390b2b2fc821b18c311bc6cc775526439de26a06955fd2a71b2abe57cc02,Passed Out
1282926928,bfaa4cb90906be4640c3a32e8c85163a1cd78145f47c918a3ecf49ab5239be54,A stone bridge for decorating your Home.
1282928552,8ad9eb45ca86610962b64f039a6ab6122a54ef11c3869730e1b5a0893b39f9d7,Unlocks with Lv. 4 Resource Detector.
1952372577,8ad9eb45ca86610962b64f039a6ab6122a54ef11c3869730e1b5a0893b39f9d7,Unlocks with Lv. 4 Resource Detector.
1282934369,83c033b256cc405b901a796370488f29261799db795a9b108ccc068e657864d4,Benson
1282939915,11c8fedf02403896d0aaaa7b2bebe6714a7a451236c150c28f49398adc993684,Throws healing pickups around itself and heals itself once.
1282961952,85b4d29ebb40c47506721f08684c08c6f3226cc29cc328b38c95107f034eddf3,Only guides may use this.
1282971934,75ee918028419d2a9a1695d05414c8924acdc6e5c956d535c1f851bb0ff40e8a,Flame Fruit Spell Field (Cannot be placed directly)
1282979580,82d5c613773dd831e63dacd1ebc67f0d655bf8c68aacf0a0d72fdab51d62c2db,Enable Pathfinder combatLogger
1283044073,062d4901dc55e0600963c9f806e2a4a1ffd1e370740bae0a12c48d7f92e32dfc,Talk to %s
1665709120,062d4901dc55e0600963c9f806e2a4a1ffd1e370740bae0a12c48d7f92e32dfc,Talk to %s
1283068386,6057655368481e5ca65f0bb09e81cbad914786edc5a84fdb81a09ac9410939da,Lumin Collection: Waterfall Ascent
1619281334,6057655368481e5ca65f0bb09e81cbad914786edc5a84fdb81a09ac9410939da,Lumin Collection: Waterfall Ascent
1283077419,51f34a4d7bb3b08b3fb278169fdd6da63cb69db7114c891a28e8d188038404d6,Complete one match of Operation: Egg Heist to unlock the Egg Heist Talent system.
1283077763,b40ec90a63f5d114f60de423494d7ceb2c386ef34e05c4c3b203ccbfe95635c6,A giftbox for collectors. Open it to receive generous rewards.
1323644075,b40ec90a63f5d114f60de423494d7ceb2c386ef34e05c4c3b203ccbfe95635c6,A giftbox for collectors. Open it to receive generous rewards.
1343021538,b40ec90a63f5d114f60de423494d7ceb2c386ef34e05c4c3b203ccbfe95635c6,A giftbox for collectors. Open it to receive generous rewards.
1345253312,b40ec90a63f5d114f60de423494d7ceb2c386ef34e05c4c3b203ccbfe95635c6,A giftbox for collectors. Open it to receive generous rewards.
1400429051,b40ec90a63f5d114f60de423494d7ceb2c386ef34e05c4c3b203ccbfe95635c6,A giftbox for collectors. Open it to receive generous rewards.
1737446286,b40ec90a63f5d114f60de423494d7ceb2c386ef34e05c4c3b203ccbfe95635c6,A giftbox for collectors. Open it to receive generous rewards.
1763827881,b40ec90a63f5d114f60de423494d7ceb2c386ef34e05c4c3b203ccbfe95635c6,A giftbox for collectors. Open it to receive generous rewards.
1283093499,170190e79abef11c31ef562226903fe0410c36960d20a3e46e4df796244f88b0,Select Voice
1283109676,184a6cd2177fd914250f8f2ec512dbd8e807940596e1d4c04946c29e5e80ef6e,press Use.
1382235093,184a6cd2177fd914250f8f2ec512dbd8e807940596e1d4c04946c29e5e80ef6e,press Use.
1283116154,07e6a75b7fafa45fb7bf109823315651874caccec5a2ebc2a74329c7c7a7cf72,Creatures this adorable deserve all the care in the world. I started practicing combat just for them.
1283171975,f3a2b6cb1582ba45b4be5c4078b371682b1d0948fa017ef55a77f26c1fd1a8e9,Successful Catch Bonus
1283198605,0e769600933790607b2a13b33ddfade0fa17810eb62c3b28ee23e59516516491,History
1283793922,0e769600933790607b2a13b33ddfade0fa17810eb62c3b28ee23e59516516491,History
1297874280,0e769600933790607b2a13b33ddfade0fa17810eb62c3b28ee23e59516516491,History
1609903261,0e769600933790607b2a13b33ddfade0fa17810eb62c3b28ee23e59516516491,History
1714182797,0e769600933790607b2a13b33ddfade0fa17810eb62c3b28ee23e59516516491,History
1787826208,0e769600933790607b2a13b33ddfade0fa17810eb62c3b28ee23e59516516491,History
2090350556,0e769600933790607b2a13b33ddfade0fa17810eb62c3b28ee23e59516516491,History
1283207303,430e9e4ccdf9b8dacd5e473238c21e95b58d7b87fc9a72ec5194b735f680bf99,Timid Pathfinder
1283219231,d45e3fe4ad8c17fb1920c2d800aa4b06a58957d3f42a5e1f6b1a089034d3c26a,"In Fair Competition mode, deployed Aniimo will be <color=#FFE451>adjusted for balance</color>!"
1283237300,1158287fb91c08d0392aa00324f3c8f330015c0a38d80f2ecb7794d4e7506fb1,A stool for decorating your Home.
1618679422,1158287fb91c08d0392aa00324f3c8f330015c0a38d80f2ecb7794d4e7506fb1,A stool for decorating your Home.
1743690406,1158287fb91c08d0392aa00324f3c8f330015c0a38d80f2ecb7794d4e7506fb1,A stool for decorating your Home.
1283295832,ca4c37cb4476ae2b0cba406f2d2ba86941c15e9d3a169ed2feb37fd0b9fe07b7,File Name
1283308973,5ff2641eef3d452a17bc9770bb7b386922ab84ad2228dbda34c1813b08228313,Oho! Hohoho! ♪♪
1878906859,5ff2641eef3d452a17bc9770bb7b386922ab84ad2228dbda34c1813b08228313,Oho! Hohoho! ♪♪
1283327029,5890bcdb2aaca7e10244d18baa011444513f8d80a9ecd52f02557ad72ea95c9a,"But only round the red mountains did the energy stay thick like before. The red land shrank right down... everywhere else went thin, lost its color."
1283383142,1972e075fd5aab82d8a41a94c5a5042b26abcf2558405bee0b7947b92cb4ff05,Relic Refinement
1283389004,5f1f5c9fcc219be86814679bec9595ae0cdfef58167f21ee0d51e51fd6ad2d31,[In the Pile of Dead Leaves]
1283391338,9f09ef39f71205fc4e9c91d054641da9a32da6d564152aa26ef5429b91ae8205,Each element’s Holo-Battle Sim has 4 difficulty levels. Every difficulty offers a First Clear Reward and a Training Incentive.
1283391516,b4d75a8026833117af7071b516657def6f91b689d5735dce98d8f843dad94269,"A white porcelain washbasin set into an oak cabinet, simple, elegant, and refreshingly clean."
1449978794,b4d75a8026833117af7071b516657def6f91b689d5735dce98d8f843dad94269,"A white porcelain washbasin set into an oak cabinet, simple, elegant, and refreshingly clean."
1283432697,724c279ff51809b4367a224b3fb0f4e15ae3f3f3ec1988fb2a48027dc2a80454,Companion Handbook Premium Level 82
1782418450,724c279ff51809b4367a224b3fb0f4e15ae3f3f3ec1988fb2a48027dc2a80454,Companion Handbook Premium Level 82
1283457970,e1df3d7704cb8c50945b3655ae79ec58bcf79702c55877a0d2c9625fb68b2b49,Stella
1356127355,e1df3d7704cb8c50945b3655ae79ec58bcf79702c55877a0d2c9625fb68b2b49,Stella
1514629446,e1df3d7704cb8c50945b3655ae79ec58bcf79702c55877a0d2c9625fb68b2b49,Stella
1576068014,e1df3d7704cb8c50945b3655ae79ec58bcf79702c55877a0d2c9625fb68b2b49,Stella
1718977518,e1df3d7704cb8c50945b3655ae79ec58bcf79702c55877a0d2c9625fb68b2b49,Stella
1283465131,5f1a81d82c156668de3b7f03461e2c3805d3c26f2d82dff68ef2136fbf3b3742,"Damage Reduction increases by <customRichText(calcData,buff, 270020001,param0,1,%d)>%."
1283480444,7694da5fb2aae289c12bc4671e116fb732780c8b782bf04e0512cc2831155dd7,Lumin Collection: Springy Tuftball
1283498766,c0bc4d1c7ece6a8dafc0aa7d0073c357115ad72365e6dff17aa7b0d8cf25ba3e,Lingering Will
1435980807,c0bc4d1c7ece6a8dafc0aa7d0073c357115ad72365e6dff17aa7b0d8cf25ba3e,Lingering Will
1551038851,c0bc4d1c7ece6a8dafc0aa7d0073c357115ad72365e6dff17aa7b0d8cf25ba3e,Lingering Will
1578827707,c0bc4d1c7ece6a8dafc0aa7d0073c357115ad72365e6dff17aa7b0d8cf25ba3e,Lingering Will
1938748671,c0bc4d1c7ece6a8dafc0aa7d0073c357115ad72365e6dff17aa7b0d8cf25ba3e,Lingering Will
1283502052,59e33351c5d90cc4e989b9f1ed617320860f10a7895634245d92d16bce9ed824,Aniimo Role
1283505821,8a52111b2e0bf34f478eed72ff5527ccfa18348947734c196a9e25f6bb5da143,"Scene ID List, separated by ','"
1283530473,2066cb4a5c92c69768953dc08f8583116385e2434d10bf51424351fca648efa1,Is that so? Then you don’t yet understand what it means to be a warrior.
1283556722,5774440f04d48bbba9b4112b8788acd3f0851ea50e0e2d631d763bfa319f1ad7,Can’t say I have. Where’d you get it?
1283603794,5009db6d82e17c53b9d3f64dfe938cbf1afe649c6cbbeaac6a9ff6c28bc221a0,...The Academy is currently unable to provide an answer to this question.
1283681421,0bd13a1dabd1cf0275fa38e2b72d2d8ac56ec9aee41a9f37a3a2a92389cfa6d1,"Thanks to you, today’s sweet dream felt especially cozy. What a fluffy, lovable Nimbi you are!"
1283685180,91dfaa5cdb70067b2a7c9790c340875224f42d3bff129ab5a21fba4265735dc7,Thank you for taking part in this test.
1283728712,d47921fc86361bc5af8c8340393381df92e1d332fbb02d3014294a4aa68d3024,RV Park
1404074726,d47921fc86361bc5af8c8340393381df92e1d332fbb02d3014294a4aa68d3024,RV Park
1598714721,d47921fc86361bc5af8c8340393381df92e1d332fbb02d3014294a4aa68d3024,RV Park
1833572749,d47921fc86361bc5af8c8340393381df92e1d332fbb02d3014294a4aa68d3024,RV Park
1865379602,d47921fc86361bc5af8c8340393381df92e1d332fbb02d3014294a4aa68d3024,RV Park
1926415818,d47921fc86361bc5af8c8340393381df92e1d332fbb02d3014294a4aa68d3024,RV Park
1947466420,d47921fc86361bc5af8c8340393381df92e1d332fbb02d3014294a4aa68d3024,RV Park
1949715713,d47921fc86361bc5af8c8340393381df92e1d332fbb02d3014294a4aa68d3024,RV Park
2021366907,d47921fc86361bc5af8c8340393381df92e1d332fbb02d3014294a4aa68d3024,RV Park
2143468164,d47921fc86361bc5af8c8340393381df92e1d332fbb02d3014294a4aa68d3024,RV Park
1283730252,18671124dad7fc54c36faa2442bee5327745eeb8865b2a4171967fe91284de6d,A Fragrant Journey: Rosetower Woods
1283734234,4d410216cd71cf2cf097ea747d5b255728c833ac3fb7a274358f13eb957247a2,Cave 1-1
1283779612,c699aa00b26d36f6dae847bbc716720c946489fb5ed3307a88be0c1f0bc9ee1d,No changes
1283782600,0478d8bd47dae4d57532f96b9a6417e43b8407ba38c434b0b9e67cf0262ff2b1,This Aniimo has not been unlocked in the Aniilog yet.
1283790052,d4de0d3583ba31ed69cba9389f2be5a15e05898dcbcc2b95dc4cc0e9a0820fa9,If only work were this easy...
1283791896,7238c65413a12c61045b6a252300754ee49cff710e27bf1836ac5b248bce0d56,"Come on, then. I don’t hold back in badge challenges!"
1605622413,7238c65413a12c61045b6a252300754ee49cff710e27bf1836ac5b248bce0d56,"Come on, then. I don’t hold back in badge challenges!"
1857974979,7238c65413a12c61045b6a252300754ee49cff710e27bf1836ac5b248bce0d56,"Come on, then. I don’t hold back in badge challenges!"
1283829094,40de8cb9825cd3063e730c2459a8168f0c019a4c4ec3e6390324c6e698b68897,You can also find these Prismana Aniimo via the Wild Aniimo Discovery event!
1283834889,c7386f86210c2e261ed6a10751de952edeb30bf67ac88c668e1e0580574e34ff,Release to cancel
1592057173,c7386f86210c2e261ed6a10751de952edeb30bf67ac88c668e1e0580574e34ff,Release to cancel
1661315370,c7386f86210c2e261ed6a10751de952edeb30bf67ac88c668e1e0580574e34ff,Release to cancel
1939728176,c7386f86210c2e261ed6a10751de952edeb30bf67ac88c668e1e0580574e34ff,Release to cancel
1283861524,5b8b9b104a581ccde1176abf83df9f53f118f37c4ad4b134ef728a13a55c1783,Illusory Intermediate Weakening Chip
1988345293,5b8b9b104a581ccde1176abf83df9f53f118f37c4ad4b134ef728a13a55c1783,Illusory Intermediate Weakening Chip
1283946625,9315efc3bf49ef5c7b57b8e206dccc4870866a220a82ef2b167473fc940a00f0,Incubation is already being sped up. Cannot speed it up again.
1283956903,750545c8574ee45c160ea1c18100a5e4eea3314ffa1069adfcf1ee25e50804a7,Deliver 50 Lumin Amber in Breezy Plains
1284006838,9ee1b276559875ec49171ce4d1fef16036c469a0f70f350b3eafab9d9973cc60,"Chirpis living in the highlands have feathers the color of fallen leaves. Fluffy hair covers their eyes, adding a casual vibe."
1284021508,50a583fe1a68c1ddaaf738c5ac611147864528ea0f5dd719d61666f156cfd7b3,Fluffy pale lavender powder carrying soothing lavender incense.
1284053101,83359e6fc3b4e8841eda18d3236b6d8b70f875dfc758e25321febfbb80160f65,"Oh, sorry! I’m Ian from the Pathfinding Department. I’m studying Bloomville’s perfumery.
Some perfumers there believe your own natural scent is the best fragrance, and I suppose it rubbed off on me..."
1284068401,85eb9168ac649afca9600e3de2cdb7f1ecc8f773762992e57b1873097c3c25a2,You recount the story of the Inferlupa to Sayn...
1284130447,3d48568978b7b59f90b5a1f8b9091c5a3c2665e061b365478bc60b9289458e3d,"That’s correct. As you earn regional Collection Badges, you’ll unlock information about more Aniimo spawn locations.
But that’s not the only answer. Take another look at the other options."
1284142915,eec5a66cd4375cfa355178bfca978410a7b6d28e1a648e97248882b6ccd78f3e,"The elevator reached the top floor, causing a Vibration. The collapsed elevator roof slid down again, and perhaps one could Climb along it to reach the top of the Lightning elevator."
1284174731,53ac85b1ae1af36750328f7ab06237c40c60d3ac4dc4d6840adb2b6fe007a515,"Understood, I'll set out right away!"
1284208862,a37430e22cd01df02ad1264610c5e986270e285b15cb764b7b1ed6ac73c499d1,Blink
1515084562,a37430e22cd01df02ad1264610c5e986270e285b15cb764b7b1ed6ac73c499d1,Blink
1595761858,a37430e22cd01df02ad1264610c5e986270e285b15cb764b7b1ed6ac73c499d1,Blink
1820403228,a37430e22cd01df02ad1264610c5e986270e285b15cb764b7b1ed6ac73c499d1,Blink
1843564703,a37430e22cd01df02ad1264610c5e986270e285b15cb764b7b1ed6ac73c499d1,Blink
1284223363,878d76a3aad4e99434b325ff16537268842f2c7a91e1c3847092d3aecac69756,"The Elder of Bloomville and the Principal are old friends, and the Academy sends representatives to attend every献礼仪式.
You'll go this time."
1284238641,f64017596258a483ccbda0164c53665b2e5eca7426254f0ec24dedfd4c5736ab,EP Cap
1321102164,f64017596258a483ccbda0164c53665b2e5eca7426254f0ec24dedfd4c5736ab,EP Cap
1753460094,f64017596258a483ccbda0164c53665b2e5eca7426254f0ec24dedfd4c5736ab,EP Cap
2027205881,f64017596258a483ccbda0164c53665b2e5eca7426254f0ec24dedfd4c5736ab,EP Cap
1284276527,0b8e2860c18dec23677f148443da88e4c098803cd5a80207c99e847a585c37d1,"When HP is below <style=Hint_BgL><customRichText(calcData,buff, 2031001,param0,1,%d)>%</style>, Damage Reduction increases by <style=Hint_BgL><customRichText(calcData,buff, 20310010,param0,1,%d)>%</style>."
1284299811,a57cb92e3d5987184b17ecd7913eb6bee3ce7f53c341ea7a155c9eebcdc732cf,"The moment I saw you, I knew you were the embodiment of kindness, bravery, strength, and wisdom. A mighty Pathfinder who could save me from my plight. Are you really going to turn down my request?"
1284351730,1d57157e00d0618d01e21cbc955de2f1a149d6f68ccf1cc712317b7e29b07ef4,Unlock Cost
1284412536,9a3dcb812f02b9a14007255d80b2671793baf151ea6ce72d76bcf6359ac76848,Yes! I’m so worried. I want to get in but don’t know how!
1464765161,9a3dcb812f02b9a14007255d80b2671793baf151ea6ce72d76bcf6359ac76848,Yes! I’m so worried. I want to get in but don’t know how!
2105727283,9a3dcb812f02b9a14007255d80b2671793baf151ea6ce72d76bcf6359ac76848,Yes! I’m so worried. I want to get in but don’t know how!
1284415541,d67e4c1a98e9488536a657c79c4bcc6523a7da3eca7612f6c6f022a6fb190bcf,Unlock Badge - Darknight Star
1284429914,1d3f59fbc24f92bf44917e5d65ddcaa7d860bdca1d56888e59159d38fc1818fa,"Stacks up to <style=Hint_BgL>4</style> times and lasts <style=Hint_BgL><customRichText(buffConfigData,91323020,duration)></style>s. Each basic attack hit consumes <style=Hint_BgL>1</style> stack of <style=Hint_BgL>[Sword Dance]</style>, increasing damage by <style=Hint_BgL><customRichText(calcData,buff, 91323020,param0,1,%d)>%</style>."
1284500550,75f42340f35e4f59a94e27c5a6e46454b13c1a4acc13e6f79b0ec7d529058d3e,A crystal formed from the singing tides... shaped by the sea’s gentle embrace.
1284519369,eeaaca8724f76e420ff325080791742a63e66827c7b1d26035a6dbbb92f7f71b,Crafty Aniimo create a variety of handcrafted goods.
1284541834,a0646c20c4ea587eef913c0e7746ad11a894ca771483157e7658c9be6ce6ece7,Hide game logo
1284553279,7a9547e0c168c3e1558299b123af1cdd6a7353de43f69b29ad07e385ea308169,This time is different!
1284563128,e123d2a672295c5a328cf6e23f87c237891b7204eb1e078dbff1db0274ace448,Zzz... Zzz... Zzz...
1284573225,d8f1f3aeeb5c5c4424dbd996f8513264c77abc5d2e1e97357d776a7ad9411ba3,Placeholder ATK
1284611399,f7369c27d75cd4bbebcee9740461ae8a7df356419f76bb236c6e8f3ce1f05e70,press to confirm
1284663906,efdbb4b79673ba3befbd3b4cd7725fd0b0f5a2f47139a901dd607c28f84e5b8d,Character level too low.
1284689607,3711c817270f4c16f4c80bc52b759b942f60659e43dcf5648c552621e33a5b4e,Daisy
1306825596,3711c817270f4c16f4c80bc52b759b942f60659e43dcf5648c552621e33a5b4e,Daisy
1412216247,3711c817270f4c16f4c80bc52b759b942f60659e43dcf5648c552621e33a5b4e,Daisy
1458590706,3711c817270f4c16f4c80bc52b759b942f60659e43dcf5648c552621e33a5b4e,Daisy
1496745626,3711c817270f4c16f4c80bc52b759b942f60659e43dcf5648c552621e33a5b4e,Daisy
1561206218,3711c817270f4c16f4c80bc52b759b942f60659e43dcf5648c552621e33a5b4e,Daisy
1584862355,3711c817270f4c16f4c80bc52b759b942f60659e43dcf5648c552621e33a5b4e,Daisy
1728145477,3711c817270f4c16f4c80bc52b759b942f60659e43dcf5648c552621e33a5b4e,Daisy
1815797682,3711c817270f4c16f4c80bc52b759b942f60659e43dcf5648c552621e33a5b4e,Daisy
2075087929,3711c817270f4c16f4c80bc52b759b942f60659e43dcf5648c552621e33a5b4e,Daisy
1284707799,d4770e506f1c5d710d99f599a86281cd85b5cff2a550d730d83c90884d0c514b,A - Switch to nighttime
93849475,e051826efe2c53d9a6e1c0a9335ad2e4293ed0c274db6d5238849629ef49f392,"Morphi! Morphi!
(Since I fooled you, come play a game with me!)"
1284732693,e051826efe2c53d9a6e1c0a9335ad2e4293ed0c274db6d5238849629ef49f392,"Morphi! Morphi!
(Since I fooled you, come play a game with me!)"
1284751351,71a95098bfba72ee1d912a5c98f22528ed26e4179eb5dd026d87acfa775b40b9,"Oh, you must be the rookie everyone’s talking about. Good job on your first exploration. I guess you’ve already caught some Aniimo, right?
Actually, other than catching them, you can also hatch Aniimo from eggs."
367882447,865f136c81562a6f6d7cc98564cbc518f8c2a464d88c8393f50cb094bcd9a81f,Earn Collection Badges in 12 areas of Breezy Plains.
1284770330,865f136c81562a6f6d7cc98564cbc518f8c2a464d88c8393f50cb094bcd9a81f,Earn Collection Badges in 12 areas of Breezy Plains.
1284787237,7500c03f9e62dc3c61f68cc5eca600aee0bc4f83e7ca306e382c9a764cab36a8,Stand Guard by the Flowering Tree
1284795342,14af4d0df142d2a82cbee0bd3f96e93988b22df8d8c822c43faa13f7251a0eef,Waiting for other parties to confirm
1623584113,14af4d0df142d2a82cbee0bd3f96e93988b22df8d8c822c43faa13f7251a0eef,Waiting for other parties to confirm
1284811600,64e71138a4b7e63a0192c855c2fd130ca12d4a974ee5d22da9c6f3457fa602e8,Defeat Alpha Bouldus
1639797144,64e71138a4b7e63a0192c855c2fd130ca12d4a974ee5d22da9c6f3457fa602e8,Defeat Alpha Bouldus
1831558997,64e71138a4b7e63a0192c855c2fd130ca12d4a974ee5d22da9c6f3457fa602e8,Defeat Alpha Bouldus
1931324357,64e71138a4b7e63a0192c855c2fd130ca12d4a974ee5d22da9c6f3457fa602e8,Defeat Alpha Bouldus
1284822895,78c4f880d8ad20daab13d1aa4a18a868cfac4896be85eb36c9d3fc2b03a35c2d,"Shifting, dazzling flames stir up a blazing wave of party fever."
1284828752,94ca42ba67574a8369a6eecd377f946c358c404ac35ad5cfe0e5ac09895181f2,RV Lv. 17
1285199478,94ca42ba67574a8369a6eecd377f946c358c404ac35ad5cfe0e5ac09895181f2,RV Lv. 17
1368430962,94ca42ba67574a8369a6eecd377f946c358c404ac35ad5cfe0e5ac09895181f2,RV Lv. 17
1389758519,94ca42ba67574a8369a6eecd377f946c358c404ac35ad5cfe0e5ac09895181f2,RV Lv. 17
1642020375,94ca42ba67574a8369a6eecd377f946c358c404ac35ad5cfe0e5ac09895181f2,RV Lv. 17
1653608912,94ca42ba67574a8369a6eecd377f946c358c404ac35ad5cfe0e5ac09895181f2,RV Lv. 17
1686771169,94ca42ba67574a8369a6eecd377f946c358c404ac35ad5cfe0e5ac09895181f2,RV Lv. 17
1795245155,94ca42ba67574a8369a6eecd377f946c358c404ac35ad5cfe0e5ac09895181f2,RV Lv. 17
1870876000,94ca42ba67574a8369a6eecd377f946c358c404ac35ad5cfe0e5ac09895181f2,RV Lv. 17
1926302982,94ca42ba67574a8369a6eecd377f946c358c404ac35ad5cfe0e5ac09895181f2,RV Lv. 17
1931601262,94ca42ba67574a8369a6eecd377f946c358c404ac35ad5cfe0e5ac09895181f2,RV Lv. 17
2094391871,94ca42ba67574a8369a6eecd377f946c358c404ac35ad5cfe0e5ac09895181f2,RV Lv. 17
1284837667,f114df9e7fe9dfc5e984165f3fa79b1b041407063645451ca06d18289e6dc58b,Timber Serenity - Corner Cabinet
1377709876,f114df9e7fe9dfc5e984165f3fa79b1b041407063645451ca06d18289e6dc58b,Timber Serenity - Corner Cabinet
1284846776,221c84464b9d8f6b14413b9b5f863a75bf1d60c6f1a206b5fa84280cb7c1b39b,"Astra’s first expeditions into Idyll were anything but easy.
It took Pathfinders many years to slowly uncover the secrets of this <style=Hint_BgD>new world</style>."
1284848816,b2e811eba8a714c4a7985e9082d03795c6c5f065f4cd01503bd11677342849fc,Even the way its tail curls up is just perfect!
1284851068,eb40b5df3ed4837aa1526a928f968693471ec6278a1e12b83df68db9b8261ed7,"Ready! Challenge, start!"
1284851134,83fc3306b1c42e1f8dabff5b6ac68b8bf1e202bfa166f2960767118e01860a7e,Obtain the Legendary Aniimo Irisalis with a Perfect potential guaranteed.
1284887832,bdf0c4d9ff8ed5599ed7b1934a7ad14d625aa1fc59ba49f7d9f4235509bd35d5,Extra Large Panpanta
2121532193,bdf0c4d9ff8ed5599ed7b1934a7ad14d625aa1fc59ba49f7d9f4235509bd35d5,Extra Large Panpanta
1284899057,d89f5b46346eb407f6a8e5834c612735dbdf2444860069830f5f7b3bba13635f,Brims with innocent charm.
2051723490,d89f5b46346eb407f6a8e5834c612735dbdf2444860069830f5f7b3bba13635f,Brims with innocent charm.
1284931493,e8891e749dff25e532fb4b061632b59660e06d448a53d13d3647394468c2a757,Defeat the Alpha Blazen
1631019983,e8891e749dff25e532fb4b061632b59660e06d448a53d13d3647394468c2a757,Defeat the Alpha Blazen
1689510789,e8891e749dff25e532fb4b061632b59660e06d448a53d13d3647394468c2a757,Defeat the Alpha Blazen
1983082519,e8891e749dff25e532fb4b061632b59660e06d448a53d13d3647394468c2a757,Defeat the Alpha Blazen
1284951078,b4dd8ded3332426c618a2724f9afcbad5e7b9a896b3d1ffa1420e522bdf222fc,*yawns* I’m so tired... Let me sleep for a bit...
1284966999,8e01b7d5bb60cc11349e8950f3e349b1f2def45babefd304d64eae1fd4d4f89b,"I still get a little scared, but the yellow leaf is so smooth and thick. You slide down, then fly into the air... I want to play on it again!"
1284967665,1097cd2374bf11b78cc64f9cfabb949d9abd016ea1451ab65606e84c4b8f69c9,<style=Hint_BgD>{0}</style> recipe tracked.
1284969762,b6b53b7d4224992f9aa86411bbc3f74b9eccc07e0b42551c0003cd9b02987797,"20,000"
1754480856,b6b53b7d4224992f9aa86411bbc3f74b9eccc07e0b42551c0003cd9b02987797,"20,000"
1284987326,cd1ceddd6e9b20df680c09a98b2bc812bae9e93169face9195c6839b0bc446e8,That’s Art! Not Scribbles! III
1284988266,73f4be3a5659a9a232f80fbf3019f7b76d658708bf86d91be8acc437c456670e,Anonymous Research Notes
1836927486,73f4be3a5659a9a232f80fbf3019f7b76d658708bf86d91be8acc437c456670e,Anonymous Research Notes
1983577579,73f4be3a5659a9a232f80fbf3019f7b76d658708bf86d91be8acc437c456670e,Anonymous Research Notes
1284997463,03912073cb04cda93fdc97f0bcf8fcc90289cbf67358813ea8feb53af3686976,Helmut Ornament
1358477259,03912073cb04cda93fdc97f0bcf8fcc90289cbf67358813ea8feb53af3686976,Helmut Ornament
1285002011,35bb141210daa05a3d4490f24a34a7e9d974ea13314ba7bc35e7d67b4e1d68d7,"You try to explain to the Fentuft that there is nothing wrong with being sad and that no one has to be happy all the time. It completely misunderstands, deciding that the bittersweet bloom recovered because the Nimbi became happy. Vowing to work even harder to cheer up the Nimbi, it runs off cheering."
1285007406,4c7dc0796e02a98f0e93d82651cd0799f4779b06730de4c514edc9c8aae713b5,Cheerful Blind Box
1771860060,4c7dc0796e02a98f0e93d82651cd0799f4779b06730de4c514edc9c8aae713b5,Cheerful Blind Box
1285037065,b8f2c6f5430ece0e2c2e5541ecc2607997bbf408113c5dc8dc6f6f7ecc5e38f7,5/10
1648338271,b8f2c6f5430ece0e2c2e5541ecc2607997bbf408113c5dc8dc6f6f7ecc5e38f7,5/10
1693030065,b8f2c6f5430ece0e2c2e5541ecc2607997bbf408113c5dc8dc6f6f7ecc5e38f7,5/10
1731807313,b8f2c6f5430ece0e2c2e5541ecc2607997bbf408113c5dc8dc6f6f7ecc5e38f7,5/10
1806808996,b8f2c6f5430ece0e2c2e5541ecc2607997bbf408113c5dc8dc6f6f7ecc5e38f7,5/10
1806909344,b8f2c6f5430ece0e2c2e5541ecc2607997bbf408113c5dc8dc6f6f7ecc5e38f7,5/10
1285044580,993f026b60ebcb0d5a08ea434cd580d55dc2ac0f4c751d27f8eefbc294783094,Ancient Wooden Crate (Small)_Lv3
1285134411,4ea3d8d81c0e83f1e109ffcd68d7e2f63de842fc4b2f2e047ab0190d35a56a38,Let’s go! Su-su-ta!
1285170510,c771f522457c138dc5478656d72523c11d4ca5ad619f027b431af4c7d1cbb60a,Personality contains [Tenacious]
1285199381,6753edaccd750f6c49548c4b37a8a34989dc8c30a601384599ecbd55d6afd2dd,I had just defeated all possible opponents and lost my purpose for living; then I met this little thing.
1285201401,75a6098a9b6c556fcc3431905b191009e3b37f45bc03b01666e6691ba8c684b5,Add via friend recommendation
1285207868,a547c25718c6fbd8d8d01afa20ba372a483eff006a9aa81ba6b833a925fb7134,I wonder what kind of fragrance Sunia will make for this festival...
1285247639,55620550e552a83a7b5dc9be33fdc137ea1c1f33931039d4d11b803b6d2cd27e,Aniimo Placeholder
1326349057,55620550e552a83a7b5dc9be33fdc137ea1c1f33931039d4d11b803b6d2cd27e,Aniimo Placeholder
1424182363,55620550e552a83a7b5dc9be33fdc137ea1c1f33931039d4d11b803b6d2cd27e,Aniimo Placeholder
1668565377,55620550e552a83a7b5dc9be33fdc137ea1c1f33931039d4d11b803b6d2cd27e,Aniimo Placeholder
1691949612,55620550e552a83a7b5dc9be33fdc137ea1c1f33931039d4d11b803b6d2cd27e,Aniimo Placeholder
1806295808,55620550e552a83a7b5dc9be33fdc137ea1c1f33931039d4d11b803b6d2cd27e,Aniimo Placeholder
1886810377,55620550e552a83a7b5dc9be33fdc137ea1c1f33931039d4d11b803b6d2cd27e,Aniimo Placeholder
2110039697,55620550e552a83a7b5dc9be33fdc137ea1c1f33931039d4d11b803b6d2cd27e,Aniimo Placeholder
1285280637,6eadda48c2750e6ff321f4ad92705915b2dc9dc1957281ab01b1f7d284ea476c,A storage rack for your Home.
1285304778,18efdd10a176b52371dfd7d3f148c48633533f475485d41cca193ff52e6b8d67,"So, you enthusiastic Shrout—you can forgive me for accidentally breaking the silence just now, right?"
1285305000,99ec17295bf7472df41dbba274ed73bd28d4c3503171dbacce8908b739a7fab9,Thin rice sheets are steamed to perfection and filled with savory filling. Each bite reveals a smooth and fragrant texture that delights the palate.
1285319551,caee50b643362f819a25dda52b786a03d797569bdc6a93963b568774a4458146,Building Block - Light Caramel Brown
1972156335,caee50b643362f819a25dda52b786a03d797569bdc6a93963b568774a4458146,Building Block - Light Caramel Brown
1285331137,b0570c85bab2419c75b0ca437f5e7432f97b8eecd07c7fea9ed21292b46e3e4f,Guardbreak Slam
1499317871,b0570c85bab2419c75b0ca437f5e7432f97b8eecd07c7fea9ed21292b46e3e4f,Guardbreak Slam
1285411922,0420c6f03e918474eedbbcb2899c2181d2e235b9615a548cb5d09b8cf6a4225a,Invert Vertical Camera Controls
1364420372,0420c6f03e918474eedbbcb2899c2181d2e235b9615a548cb5d09b8cf6a4225a,Invert Vertical Camera Controls
1879720158,0420c6f03e918474eedbbcb2899c2181d2e235b9615a548cb5d09b8cf6a4225a,Invert Vertical Camera Controls
1285435708,ca9ef5620bdc03ae23e2e965522efa572d61defae3e7b76f08d26d97a0eb8787,Whitesnow Rose Aromathyst
1580916230,ca9ef5620bdc03ae23e2e965522efa572d61defae3e7b76f08d26d97a0eb8787,Whitesnow Rose Aromathyst
2124478430,ca9ef5620bdc03ae23e2e965522efa572d61defae3e7b76f08d26d97a0eb8787,Whitesnow Rose Aromathyst
1285448953,12ef030bcfd54f6ec6ebf313ceb10901caf903e5f75c96a8bd853b1f7f254a6e,"Nimbi looks like a big fluffy mass, but it's actually very light in Weight—it's just puffy in appearance... Just thinking about how it would feel to touch makes it seem wonderful."
1285468393,401fa8c5203e2a104284c625badba341b613a6593473a8ea9aa9e0f364cb770b,"As long as there is wind in your heart, you can hear distant waves falling in love~"
1285503730,a868b7fe29f69440fe4c1874cbfe3622669063c916ca9d0d4cebce657bf41f07,"Randomly awards one of the following Held Items of <style=Q_5>any quality</style>: <style=Q_5>Explosive Gloves</style>, <style=Q_5>Avenging Gear</style>, or <style=Q_5>Auspicious Bell</style>."
269052822,21952670fcb95a97e25191e4d2722c18d2640b2899b985878a04613a6eafd117,Key Ecological Point
271260812,21952670fcb95a97e25191e4d2722c18d2640b2899b985878a04613a6eafd117,Key Ecological Point
278471293,21952670fcb95a97e25191e4d2722c18d2640b2899b985878a04613a6eafd117,Key Ecological Point
280980067,21952670fcb95a97e25191e4d2722c18d2640b2899b985878a04613a6eafd117,Key Ecological Point
281333682,21952670fcb95a97e25191e4d2722c18d2640b2899b985878a04613a6eafd117,Key Ecological Point
282117872,21952670fcb95a97e25191e4d2722c18d2640b2899b985878a04613a6eafd117,Key Ecological Point
285304890,21952670fcb95a97e25191e4d2722c18d2640b2899b985878a04613a6eafd117,Key Ecological Point
286255483,21952670fcb95a97e25191e4d2722c18d2640b2899b985878a04613a6eafd117,Key Ecological Point
286969259,21952670fcb95a97e25191e4d2722c18d2640b2899b985878a04613a6eafd117,Key Ecological Point
289172142,21952670fcb95a97e25191e4d2722c18d2640b2899b985878a04613a6eafd117,Key Ecological Point
290105600,21952670fcb95a97e25191e4d2722c18d2640b2899b985878a04613a6eafd117,Key Ecological Point
291860580,21952670fcb95a97e25191e4d2722c18d2640b2899b985878a04613a6eafd117,Key Ecological Point
293501104,21952670fcb95a97e25191e4d2722c18d2640b2899b985878a04613a6eafd117,Key Ecological Point
295372225,21952670fcb95a97e25191e4d2722c18d2640b2899b985878a04613a6eafd117,Key Ecological Point
298153298,21952670fcb95a97e25191e4d2722c18d2640b2899b985878a04613a6eafd117,Key Ecological Point
300281156,21952670fcb95a97e25191e4d2722c18d2640b2899b985878a04613a6eafd117,Key Ecological Point
304221314,21952670fcb95a97e25191e4d2722c18d2640b2899b985878a04613a6eafd117,Key Ecological Point
304390734,21952670fcb95a97e25191e4d2722c18d2640b2899b985878a04613a6eafd117,Key Ecological Point
304771709,21952670fcb95a97e25191e4d2722c18d2640b2899b985878a04613a6eafd117,Key Ecological Point
307536637,21952670fcb95a97e25191e4d2722c18d2640b2899b985878a04613a6eafd117,Key Ecological Point
307603817,21952670fcb95a97e25191e4d2722c18d2640b2899b985878a04613a6eafd117,Key Ecological Point
308168138,21952670fcb95a97e25191e4d2722c18d2640b2899b985878a04613a6eafd117,Key Ecological Point
312208714,21952670fcb95a97e25191e4d2722c18d2640b2899b985878a04613a6eafd117,Key Ecological Point
312819062,21952670fcb95a97e25191e4d2722c18d2640b2899b985878a04613a6eafd117,Key Ecological Point
312835657,21952670fcb95a97e25191e4d2722c18d2640b2899b985878a04613a6eafd117,Key Ecological Point
316906831,21952670fcb95a97e25191e4d2722c18d2640b2899b985878a04613a6eafd117,Key Ecological Point
321709551,21952670fcb95a97e25191e4d2722c18d2640b2899b985878a04613a6eafd117,Key Ecological Point
323779490,21952670fcb95a97e25191e4d2722c18d2640b2899b985878a04613a6eafd117,Key Ecological Point
333756395,21952670fcb95a97e25191e4d2722c18d2640b2899b985878a04613a6eafd117,Key Ecological Point
335965670,21952670fcb95a97e25191e4d2722c18d2640b2899b985878a04613a6eafd117,Key Ecological Point
336306278,21952670fcb95a97e25191e4d2722c18d2640b2899b985878a04613a6eafd117,Key Ecological Point
339691272,21952670fcb95a97e25191e4d2722c18d2640b2899b985878a04613a6eafd117,Key Ecological Point
339859641,21952670fcb95a97e25191e4d2722c18d2640b2899b985878a04613a6eafd117,Key Ecological Point
343932116,21952670fcb95a97e25191e4d2722c18d2640b2899b985878a04613a6eafd117,Key Ecological Point
344791592,21952670fcb95a97e25191e4d2722c18d2640b2899b985878a04613a6eafd117,Key Ecological Point
345683370,21952670fcb95a97e25191e4d2722c18d2640b2899b985878a04613a6eafd117,Key Ecological Point
347027010,21952670fcb95a97e25191e4d2722c18d2640b2899b985878a04613a6eafd117,Key Ecological Point
349406068,21952670fcb95a97e25191e4d2722c18d2640b2899b985878a04613a6eafd117,Key Ecological Point
350412782,21952670fcb95a97e25191e4d2722c18d2640b2899b985878a04613a6eafd117,Key Ecological Point
350415617,21952670fcb95a97e25191e4d2722c18d2640b2899b985878a04613a6eafd117,Key Ecological Point
351410497,21952670fcb95a97e25191e4d2722c18d2640b2899b985878a04613a6eafd117,Key Ecological Point
351987600,21952670fcb95a97e25191e4d2722c18d2640b2899b985878a04613a6eafd117,Key Ecological Point
352230677,21952670fcb95a97e25191e4d2722c18d2640b2899b985878a04613a6eafd117,Key Ecological Point
356863402,21952670fcb95a97e25191e4d2722c18d2640b2899b985878a04613a6eafd117,Key Ecological Point
357582306,21952670fcb95a97e25191e4d2722c18d2640b2899b985878a04613a6eafd117,Key Ecological Point
358718769,21952670fcb95a97e25191e4d2722c18d2640b2899b985878a04613a6eafd117,Key Ecological Point
359202479,21952670fcb95a97e25191e4d2722c18d2640b2899b985878a04613a6eafd117,Key Ecological Point
361906180,21952670fcb95a97e25191e4d2722c18d2640b2899b985878a04613a6eafd117,Key Ecological Point
364425944,21952670fcb95a97e25191e4d2722c18d2640b2899b985878a04613a6eafd117,Key Ecological Point
368122767,21952670fcb95a97e25191e4d2722c18d2640b2899b985878a04613a6eafd117,Key Ecological Point
372764483,21952670fcb95a97e25191e4d2722c18d2640b2899b985878a04613a6eafd117,Key Ecological Point
373273903,21952670fcb95a97e25191e4d2722c18d2640b2899b985878a04613a6eafd117,Key Ecological Point
373598352,21952670fcb95a97e25191e4d2722c18d2640b2899b985878a04613a6eafd117,Key Ecological Point
374384088,21952670fcb95a97e25191e4d2722c18d2640b2899b985878a04613a6eafd117,Key Ecological Point
375779994,21952670fcb95a97e25191e4d2722c18d2640b2899b985878a04613a6eafd117,Key Ecological Point
378266727,21952670fcb95a97e25191e4d2722c18d2640b2899b985878a04613a6eafd117,Key Ecological Point
379276806,21952670fcb95a97e25191e4d2722c18d2640b2899b985878a04613a6eafd117,Key Ecological Point
382253854,21952670fcb95a97e25191e4d2722c18d2640b2899b985878a04613a6eafd117,Key Ecological Point
386845471,21952670fcb95a97e25191e4d2722c18d2640b2899b985878a04613a6eafd117,Key Ecological Point
390331091,21952670fcb95a97e25191e4d2722c18d2640b2899b985878a04613a6eafd117,Key Ecological Point
391612589,21952670fcb95a97e25191e4d2722c18d2640b2899b985878a04613a6eafd117,Key Ecological Point
393218034,21952670fcb95a97e25191e4d2722c18d2640b2899b985878a04613a6eafd117,Key Ecological Point
394852731,21952670fcb95a97e25191e4d2722c18d2640b2899b985878a04613a6eafd117,Key Ecological Point
395954829,21952670fcb95a97e25191e4d2722c18d2640b2899b985878a04613a6eafd117,Key Ecological Point
396334589,21952670fcb95a97e25191e4d2722c18d2640b2899b985878a04613a6eafd117,Key Ecological Point
398665449,21952670fcb95a97e25191e4d2722c18d2640b2899b985878a04613a6eafd117,Key Ecological Point
398739127,21952670fcb95a97e25191e4d2722c18d2640b2899b985878a04613a6eafd117,Key Ecological Point
400989743,21952670fcb95a97e25191e4d2722c18d2640b2899b985878a04613a6eafd117,Key Ecological Point
402691637,21952670fcb95a97e25191e4d2722c18d2640b2899b985878a04613a6eafd117,Key Ecological Point
405273046,21952670fcb95a97e25191e4d2722c18d2640b2899b985878a04613a6eafd117,Key Ecological Point
406534079,21952670fcb95a97e25191e4d2722c18d2640b2899b985878a04613a6eafd117,Key Ecological Point
406999433,21952670fcb95a97e25191e4d2722c18d2640b2899b985878a04613a6eafd117,Key Ecological Point
407641661,21952670fcb95a97e25191e4d2722c18d2640b2899b985878a04613a6eafd117,Key Ecological Point
410821924,21952670fcb95a97e25191e4d2722c18d2640b2899b985878a04613a6eafd117,Key Ecological Point
412268983,21952670fcb95a97e25191e4d2722c18d2640b2899b985878a04613a6eafd117,Key Ecological Point
413038646,21952670fcb95a97e25191e4d2722c18d2640b2899b985878a04613a6eafd117,Key Ecological Point
414500316,21952670fcb95a97e25191e4d2722c18d2640b2899b985878a04613a6eafd117,Key Ecological Point
415753714,21952670fcb95a97e25191e4d2722c18d2640b2899b985878a04613a6eafd117,Key Ecological Point
415776535,21952670fcb95a97e25191e4d2722c18d2640b2899b985878a04613a6eafd117,Key Ecological Point
416829076,21952670fcb95a97e25191e4d2722c18d2640b2899b985878a04613a6eafd117,Key Ecological Point
418608363,21952670fcb95a97e25191e4d2722c18d2640b2899b985878a04613a6eafd117,Key Ecological Point
422151743,21952670fcb95a97e25191e4d2722c18d2640b2899b985878a04613a6eafd117,Key Ecological Point
423007729,21952670fcb95a97e25191e4d2722c18d2640b2899b985878a04613a6eafd117,Key Ecological Point
424006138,21952670fcb95a97e25191e4d2722c18d2640b2899b985878a04613a6eafd117,Key Ecological Point
424053345,21952670fcb95a97e25191e4d2722c18d2640b2899b985878a04613a6eafd117,Key Ecological Point
424146616,21952670fcb95a97e25191e4d2722c18d2640b2899b985878a04613a6eafd117,Key Ecological Point
424383261,21952670fcb95a97e25191e4d2722c18d2640b2899b985878a04613a6eafd117,Key Ecological Point
425645748,21952670fcb95a97e25191e4d2722c18d2640b2899b985878a04613a6eafd117,Key Ecological Point
426132945,21952670fcb95a97e25191e4d2722c18d2640b2899b985878a04613a6eafd117,Key Ecological Point
430203312,21952670fcb95a97e25191e4d2722c18d2640b2899b985878a04613a6eafd117,Key Ecological Point
432967503,21952670fcb95a97e25191e4d2722c18d2640b2899b985878a04613a6eafd117,Key Ecological Point
433660735,21952670fcb95a97e25191e4d2722c18d2640b2899b985878a04613a6eafd117,Key Ecological Point
434566860,21952670fcb95a97e25191e4d2722c18d2640b2899b985878a04613a6eafd117,Key Ecological Point
434968886,21952670fcb95a97e25191e4d2722c18d2640b2899b985878a04613a6eafd117,Key Ecological Point
435411221,21952670fcb95a97e25191e4d2722c18d2640b2899b985878a04613a6eafd117,Key Ecological Point
435819664,21952670fcb95a97e25191e4d2722c18d2640b2899b985878a04613a6eafd117,Key Ecological Point
437950046,21952670fcb95a97e25191e4d2722c18d2640b2899b985878a04613a6eafd117,Key Ecological Point
440754690,21952670fcb95a97e25191e4d2722c18d2640b2899b985878a04613a6eafd117,Key Ecological Point
440789129,21952670fcb95a97e25191e4d2722c18d2640b2899b985878a04613a6eafd117,Key Ecological Point
441999260,21952670fcb95a97e25191e4d2722c18d2640b2899b985878a04613a6eafd117,Key Ecological Point
443470219,21952670fcb95a97e25191e4d2722c18d2640b2899b985878a04613a6eafd117,Key Ecological Point
443510054,21952670fcb95a97e25191e4d2722c18d2640b2899b985878a04613a6eafd117,Key Ecological Point
443691402,21952670fcb95a97e25191e4d2722c18d2640b2899b985878a04613a6eafd117,Key Ecological Point
445241975,21952670fcb95a97e25191e4d2722c18d2640b2899b985878a04613a6eafd117,Key Ecological Point
445346730,21952670fcb95a97e25191e4d2722c18d2640b2899b985878a04613a6eafd117,Key Ecological Point
447194257,21952670fcb95a97e25191e4d2722c18d2640b2899b985878a04613a6eafd117,Key Ecological Point
449706960,21952670fcb95a97e25191e4d2722c18d2640b2899b985878a04613a6eafd117,Key Ecological Point
450055305,21952670fcb95a97e25191e4d2722c18d2640b2899b985878a04613a6eafd117,Key Ecological Point
450113073,21952670fcb95a97e25191e4d2722c18d2640b2899b985878a04613a6eafd117,Key Ecological Point
455150256,21952670fcb95a97e25191e4d2722c18d2640b2899b985878a04613a6eafd117,Key Ecological Point
456138582,21952670fcb95a97e25191e4d2722c18d2640b2899b985878a04613a6eafd117,Key Ecological Point
456211635,21952670fcb95a97e25191e4d2722c18d2640b2899b985878a04613a6eafd117,Key Ecological Point
456250839,21952670fcb95a97e25191e4d2722c18d2640b2899b985878a04613a6eafd117,Key Ecological Point
457723455,21952670fcb95a97e25191e4d2722c18d2640b2899b985878a04613a6eafd117,Key Ecological Point
457930170,21952670fcb95a97e25191e4d2722c18d2640b2899b985878a04613a6eafd117,Key Ecological Point
458039022,21952670fcb95a97e25191e4d2722c18d2640b2899b985878a04613a6eafd117,Key Ecological Point
463617832,21952670fcb95a97e25191e4d2722c18d2640b2899b985878a04613a6eafd117,Key Ecological Point
464898064,21952670fcb95a97e25191e4d2722c18d2640b2899b985878a04613a6eafd117,Key Ecological Point
465500651,21952670fcb95a97e25191e4d2722c18d2640b2899b985878a04613a6eafd117,Key Ecological Point
466318825,21952670fcb95a97e25191e4d2722c18d2640b2899b985878a04613a6eafd117,Key Ecological Point
466398014,21952670fcb95a97e25191e4d2722c18d2640b2899b985878a04613a6eafd117,Key Ecological Point
469818475,21952670fcb95a97e25191e4d2722c18d2640b2899b985878a04613a6eafd117,Key Ecological Point
470223752,21952670fcb95a97e25191e4d2722c18d2640b2899b985878a04613a6eafd117,Key Ecological Point
473373303,21952670fcb95a97e25191e4d2722c18d2640b2899b985878a04613a6eafd117,Key Ecological Point
473756007,21952670fcb95a97e25191e4d2722c18d2640b2899b985878a04613a6eafd117,Key Ecological Point
474587910,21952670fcb95a97e25191e4d2722c18d2640b2899b985878a04613a6eafd117,Key Ecological Point
476093832,21952670fcb95a97e25191e4d2722c18d2640b2899b985878a04613a6eafd117,Key Ecological Point
477796018,21952670fcb95a97e25191e4d2722c18d2640b2899b985878a04613a6eafd117,Key Ecological Point
483343739,21952670fcb95a97e25191e4d2722c18d2640b2899b985878a04613a6eafd117,Key Ecological Point
483517429,21952670fcb95a97e25191e4d2722c18d2640b2899b985878a04613a6eafd117,Key Ecological Point
485366784,21952670fcb95a97e25191e4d2722c18d2640b2899b985878a04613a6eafd117,Key Ecological Point
486606700,21952670fcb95a97e25191e4d2722c18d2640b2899b985878a04613a6eafd117,Key Ecological Point
486751064,21952670fcb95a97e25191e4d2722c18d2640b2899b985878a04613a6eafd117,Key Ecological Point
487415319,21952670fcb95a97e25191e4d2722c18d2640b2899b985878a04613a6eafd117,Key Ecological Point
488298257,21952670fcb95a97e25191e4d2722c18d2640b2899b985878a04613a6eafd117,Key Ecological Point
489394707,21952670fcb95a97e25191e4d2722c18d2640b2899b985878a04613a6eafd117,Key Ecological Point
490742473,21952670fcb95a97e25191e4d2722c18d2640b2899b985878a04613a6eafd117,Key Ecological Point
491838531,21952670fcb95a97e25191e4d2722c18d2640b2899b985878a04613a6eafd117,Key Ecological Point
493475048,21952670fcb95a97e25191e4d2722c18d2640b2899b985878a04613a6eafd117,Key Ecological Point
495230149,21952670fcb95a97e25191e4d2722c18d2640b2899b985878a04613a6eafd117,Key Ecological Point
495248394,21952670fcb95a97e25191e4d2722c18d2640b2899b985878a04613a6eafd117,Key Ecological Point
497025544,21952670fcb95a97e25191e4d2722c18d2640b2899b985878a04613a6eafd117,Key Ecological Point
499247846,21952670fcb95a97e25191e4d2722c18d2640b2899b985878a04613a6eafd117,Key Ecological Point
501162355,21952670fcb95a97e25191e4d2722c18d2640b2899b985878a04613a6eafd117,Key Ecological Point
501766058,21952670fcb95a97e25191e4d2722c18d2640b2899b985878a04613a6eafd117,Key Ecological Point
502387262,21952670fcb95a97e25191e4d2722c18d2640b2899b985878a04613a6eafd117,Key Ecological Point
504779150,21952670fcb95a97e25191e4d2722c18d2640b2899b985878a04613a6eafd117,Key Ecological Point
505670941,21952670fcb95a97e25191e4d2722c18d2640b2899b985878a04613a6eafd117,Key Ecological Point
507088401,21952670fcb95a97e25191e4d2722c18d2640b2899b985878a04613a6eafd117,Key Ecological Point
508104023,21952670fcb95a97e25191e4d2722c18d2640b2899b985878a04613a6eafd117,Key Ecological Point
508935060,21952670fcb95a97e25191e4d2722c18d2640b2899b985878a04613a6eafd117,Key Ecological Point
510249188,21952670fcb95a97e25191e4d2722c18d2640b2899b985878a04613a6eafd117,Key Ecological Point
510538175,21952670fcb95a97e25191e4d2722c18d2640b2899b985878a04613a6eafd117,Key Ecological Point
510583228,21952670fcb95a97e25191e4d2722c18d2640b2899b985878a04613a6eafd117,Key Ecological Point
515245718,21952670fcb95a97e25191e4d2722c18d2640b2899b985878a04613a6eafd117,Key Ecological Point
519169063,21952670fcb95a97e25191e4d2722c18d2640b2899b985878a04613a6eafd117,Key Ecological Point
520382567,21952670fcb95a97e25191e4d2722c18d2640b2899b985878a04613a6eafd117,Key Ecological Point
520533598,21952670fcb95a97e25191e4d2722c18d2640b2899b985878a04613a6eafd117,Key Ecological Point
521283222,21952670fcb95a97e25191e4d2722c18d2640b2899b985878a04613a6eafd117,Key Ecological Point
523322276,21952670fcb95a97e25191e4d2722c18d2640b2899b985878a04613a6eafd117,Key Ecological Point
527949511,21952670fcb95a97e25191e4d2722c18d2640b2899b985878a04613a6eafd117,Key Ecological Point
529646312,21952670fcb95a97e25191e4d2722c18d2640b2899b985878a04613a6eafd117,Key Ecological Point
530971292,21952670fcb95a97e25191e4d2722c18d2640b2899b985878a04613a6eafd117,Key Ecological Point
532070488,21952670fcb95a97e25191e4d2722c18d2640b2899b985878a04613a6eafd117,Key Ecological Point
532287760,21952670fcb95a97e25191e4d2722c18d2640b2899b985878a04613a6eafd117,Key Ecological Point
535301507,21952670fcb95a97e25191e4d2722c18d2640b2899b985878a04613a6eafd117,Key Ecological Point
535810370,21952670fcb95a97e25191e4d2722c18d2640b2899b985878a04613a6eafd117,Key Ecological Point
536209588,21952670fcb95a97e25191e4d2722c18d2640b2899b985878a04613a6eafd117,Key Ecological Point
1285549126,21952670fcb95a97e25191e4d2722c18d2640b2899b985878a04613a6eafd117,Key Ecological Point
1742306259,21952670fcb95a97e25191e4d2722c18d2640b2899b985878a04613a6eafd117,Key Ecological Point
1285568724,7661b5e46de6bfb2aca15c8cefdeef12d94489c47cd6f796819be8ba8a71310e,AI Mark_Behavior Start
1285629309,527ac0d397182b45f9689283e9514beaaa892b98889513d97774fd557ff667d2,The Instructor’s Approval
1285645139,feec5318cb89b1b102418592d788d630926b5aa01fce3149c7e4ffcaefc08c41,Is it the <style=Hint_BgD>golden</style> Nimbi?
1285657329,36c1d4847c2a2be71196f6ac16cb7ee7c4859330f260ed2328fa7fbc53fd29ee,"The Cozite apprentices are three ants, and now the eldest has returned! Only the second and third remain!"
1285689696,3d7ca9a714b35abf6d4ef604396728b74ef90a0d9d2edba201f0a844b31db449,Thank you! These tasty starines are for you two!
1285691580,52731186e8db1f6fdaed19040cc04f659a6679f99d43aa9c1ef151fa51c10923,Place it in your Home to process wood.
1564571054,52731186e8db1f6fdaed19040cc04f659a6679f99d43aa9c1ef151fa51c10923,Place it in your Home to process wood.
1624351064,52731186e8db1f6fdaed19040cc04f659a6679f99d43aa9c1ef151fa51c10923,Place it in your Home to process wood.
1703415255,52731186e8db1f6fdaed19040cc04f659a6679f99d43aa9c1ef151fa51c10923,Place it in your Home to process wood.
1714897838,52731186e8db1f6fdaed19040cc04f659a6679f99d43aa9c1ef151fa51c10923,Place it in your Home to process wood.
2027161280,52731186e8db1f6fdaed19040cc04f659a6679f99d43aa9c1ef151fa51c10923,Place it in your Home to process wood.
1285735274,aa8f3790a6a1e56b1d287994edcaf7e1420e0e8bb66b8b5c07bf0533f132857e,Stairs
1839054878,aa8f3790a6a1e56b1d287994edcaf7e1420e0e8bb66b8b5c07bf0533f132857e,Stairs
1285768472,33ea99966a2f22306b8b66874d37002366c4b8720863e8ff13e04ee3d4fad03b,"A newborn soul... ancient genes...
An awakened creation... could it be...?"
1285782709,839dfd49c321adaa8024180ad7ecde32c6c90a98827a6516c2503a2b96e59f9d,Cold Snap
2055784401,839dfd49c321adaa8024180ad7ecde32c6c90a98827a6516c2503a2b96e59f9d,Cold Snap
1285803262,b29a143be1ca9b5252c6e3497d5487d281bf12f80c97649e4d0135e024966793,By some of us you mean?
1285811896,c51f8c0377deb352699af8e1803e2fac50c28e1d78303480e64aa090c29b0ca6,Traces remain in the mudflats
1285847789,28ca9eb6856c0427645b868ba07309799b946c42eba01b5fa652d1249080b140,Holo-Battle Sim console
1285915100,f956d38d25fa8115d8be42c387df10ab797126368f80006e190628a12382bcd5,"1. According to observations by the Institute, Vein energy has been unusually active in some regions recently, causing unusual changes in the local ecosystem.
2. During the event, the chance of Nova Stage Aniimo appearing will be greatly increased for the first 3 Nurture sessions conducted in the designated area each weekend. After Veinfruit is harvested, the amount of Prismatic Energy gained in the area will receive an additional 50% boost.
Completing Nurture increases the current area’s Prismatic Energy. Capturing Aniimo also has a chance to trigger a Lucky Strike, increasing the area’s Prismatic Energy.
· Each time Nurture increases the area’s Prismatic Energy, there is a 3% chance of triggering a Prismana Flow, causing local Prismana Aniimo to appear.
· Each time a Lucky Strike triggered while capturing an Aniimo increases the area’s Prismatic Energy, there is a 0.6% chance of triggering a Prismana Flow, causing local Prismana Aniimo to appear.
3. Every weekend, abundant Vein energy will also draw large numbers of Aniimo to gather in the designated area. Pathfinders can head there to explore and capture them.
4. During the event, some special Prismana Aniimo will also be drawn by Vein energy and appear in designated areas for a limited time. See the event schedule below for the Prismana Aniimo appearing in each phase and their corresponding areas.
5. Prismana Aniimo Spawn Schedule:
Sept. 21, 2026 04:00–Sept. 28, 2026 03:59 (UTC+8)
Prismana Glynsera appears in Beast Fang Ridge.
Sept. 28, 2026 04:00–Oct. 5, 2026 03:59 (UTC+8)
Prismana Melloblum appears in Rosetower Woods.
Oct. 5, 2026 04:00–Oct. 12, 2026 03:59 (UTC+8)
Prismana Waleetle appears in Berylline Vale.
Oct. 12, 2026 04:00–Oct. 19, 2026 03:59 (UTC+8)
Prismana Inferlupa appears in Nimbus Fields.
Oct. 19, 2026 04:00–Oct. 26, 2026 03:59 (UTC+8)
Prismana Glynsera, Prismana Melloblum, Prismana Waleetle, and Prismana Inferlupa will appear simultaneously in Beast Fang Ridge, Rosetower Woods, Berylline Vale, and Nimbus Fields, respectively."
1402338894,f956d38d25fa8115d8be42c387df10ab797126368f80006e190628a12382bcd5,"1. According to observations by the Institute, Vein energy has been unusually active in some regions recently, causing unusual changes in the local ecosystem.
2. During the event, the chance of Nova Stage Aniimo appearing will be greatly increased for the first 3 Nurture sessions conducted in the designated area each weekend. After Veinfruit is harvested, the amount of Prismatic Energy gained in the area will receive an additional 50% boost.
Completing Nurture increases the current area’s Prismatic Energy. Capturing Aniimo also has a chance to trigger a Lucky Strike, increasing the area’s Prismatic Energy.
· Each time Nurture increases the area’s Prismatic Energy, there is a 3% chance of triggering a Prismana Flow, causing local Prismana Aniimo to appear.
· Each time a Lucky Strike triggered while capturing an Aniimo increases the area’s Prismatic Energy, there is a 0.6% chance of triggering a Prismana Flow, causing local Prismana Aniimo to appear.
3. Every weekend, abundant Vein energy will also draw large numbers of Aniimo to gather in the designated area. Pathfinders can head there to explore and capture them.
4. During the event, some special Prismana Aniimo will also be drawn by Vein energy and appear in designated areas for a limited time. See the event schedule below for the Prismana Aniimo appearing in each phase and their corresponding areas.
5. Prismana Aniimo Spawn Schedule:
Sept. 21, 2026 04:00–Sept. 28, 2026 03:59 (UTC+8)
Prismana Glynsera appears in Beast Fang Ridge.
Sept. 28, 2026 04:00–Oct. 5, 2026 03:59 (UTC+8)
Prismana Melloblum appears in Rosetower Woods.
Oct. 5, 2026 04:00–Oct. 12, 2026 03:59 (UTC+8)
Prismana Waleetle appears in Berylline Vale.
Oct. 12, 2026 04:00–Oct. 19, 2026 03:59 (UTC+8)
Prismana Inferlupa appears in Nimbus Fields.
Oct. 19, 2026 04:00–Oct. 26, 2026 03:59 (UTC+8)
Prismana Glynsera, Prismana Melloblum, Prismana Waleetle, and Prismana Inferlupa will appear simultaneously in Beast Fang Ridge, Rosetower Woods, Berylline Vale, and Nimbus Fields, respectively."
1748806955,f956d38d25fa8115d8be42c387df10ab797126368f80006e190628a12382bcd5,"1. According to observations by the Institute, Vein energy has been unusually active in some regions recently, causing unusual changes in the local ecosystem.
2. During the event, the chance of Nova Stage Aniimo appearing will be greatly increased for the first 3 Nurture sessions conducted in the designated area each weekend. After Veinfruit is harvested, the amount of Prismatic Energy gained in the area will receive an additional 50% boost.
Completing Nurture increases the current area’s Prismatic Energy. Capturing Aniimo also has a chance to trigger a Lucky Strike, increasing the area’s Prismatic Energy.
· Each time Nurture increases the area’s Prismatic Energy, there is a 3% chance of triggering a Prismana Flow, causing local Prismana Aniimo to appear.
· Each time a Lucky Strike triggered while capturing an Aniimo increases the area’s Prismatic Energy, there is a 0.6% chance of triggering a Prismana Flow, causing local Prismana Aniimo to appear.
3. Every weekend, abundant Vein energy will also draw large numbers of Aniimo to gather in the designated area. Pathfinders can head there to explore and capture them.
4. During the event, some special Prismana Aniimo will also be drawn by Vein energy and appear in designated areas for a limited time. See the event schedule below for the Prismana Aniimo appearing in each phase and their corresponding areas.
5. Prismana Aniimo Spawn Schedule:
Sept. 21, 2026 04:00–Sept. 28, 2026 03:59 (UTC+8)
Prismana Glynsera appears in Beast Fang Ridge.
Sept. 28, 2026 04:00–Oct. 5, 2026 03:59 (UTC+8)
Prismana Melloblum appears in Rosetower Woods.
Oct. 5, 2026 04:00–Oct. 12, 2026 03:59 (UTC+8)
Prismana Waleetle appears in Berylline Vale.
Oct. 12, 2026 04:00–Oct. 19, 2026 03:59 (UTC+8)
Prismana Inferlupa appears in Nimbus Fields.
Oct. 19, 2026 04:00–Oct. 26, 2026 03:59 (UTC+8)
Prismana Glynsera, Prismana Melloblum, Prismana Waleetle, and Prismana Inferlupa will appear simultaneously in Beast Fang Ridge, Rosetower Woods, Berylline Vale, and Nimbus Fields, respectively."
1765572420,f956d38d25fa8115d8be42c387df10ab797126368f80006e190628a12382bcd5,"1. According to observations by the Institute, Vein energy has been unusually active in some regions recently, causing unusual changes in the local ecosystem.
2. During the event, the chance of Nova Stage Aniimo appearing will be greatly increased for the first 3 Nurture sessions conducted in the designated area each weekend. After Veinfruit is harvested, the amount of Prismatic Energy gained in the area will receive an additional 50% boost.
Completing Nurture increases the current area’s Prismatic Energy. Capturing Aniimo also has a chance to trigger a Lucky Strike, increasing the area’s Prismatic Energy.
· Each time Nurture increases the area’s Prismatic Energy, there is a 3% chance of triggering a Prismana Flow, causing local Prismana Aniimo to appear.
· Each time a Lucky Strike triggered while capturing an Aniimo increases the area’s Prismatic Energy, there is a 0.6% chance of triggering a Prismana Flow, causing local Prismana Aniimo to appear.
3. Every weekend, abundant Vein energy will also draw large numbers of Aniimo to gather in the designated area. Pathfinders can head there to explore and capture them.
4. During the event, some special Prismana Aniimo will also be drawn by Vein energy and appear in designated areas for a limited time. See the event schedule below for the Prismana Aniimo appearing in each phase and their corresponding areas.
5. Prismana Aniimo Spawn Schedule:
Sept. 21, 2026 04:00–Sept. 28, 2026 03:59 (UTC+8)
Prismana Glynsera appears in Beast Fang Ridge.
Sept. 28, 2026 04:00–Oct. 5, 2026 03:59 (UTC+8)
Prismana Melloblum appears in Rosetower Woods.
Oct. 5, 2026 04:00–Oct. 12, 2026 03:59 (UTC+8)
Prismana Waleetle appears in Berylline Vale.
Oct. 12, 2026 04:00–Oct. 19, 2026 03:59 (UTC+8)
Prismana Inferlupa appears in Nimbus Fields.
Oct. 19, 2026 04:00–Oct. 26, 2026 03:59 (UTC+8)
Prismana Glynsera, Prismana Melloblum, Prismana Waleetle, and Prismana Inferlupa will appear simultaneously in Beast Fang Ridge, Rosetower Woods, Berylline Vale, and Nimbus Fields, respectively."
1798510152,f956d38d25fa8115d8be42c387df10ab797126368f80006e190628a12382bcd5,"1. According to observations by the Institute, Vein energy has been unusually active in some regions recently, causing unusual changes in the local ecosystem.
2. During the event, the chance of Nova Stage Aniimo appearing will be greatly increased for the first 3 Nurture sessions conducted in the designated area each weekend. After Veinfruit is harvested, the amount of Prismatic Energy gained in the area will receive an additional 50% boost.
Completing Nurture increases the current area’s Prismatic Energy. Capturing Aniimo also has a chance to trigger a Lucky Strike, increasing the area’s Prismatic Energy.
· Each time Nurture increases the area’s Prismatic Energy, there is a 3% chance of triggering a Prismana Flow, causing local Prismana Aniimo to appear.
· Each time a Lucky Strike triggered while capturing an Aniimo increases the area’s Prismatic Energy, there is a 0.6% chance of triggering a Prismana Flow, causing local Prismana Aniimo to appear.
3. Every weekend, abundant Vein energy will also draw large numbers of Aniimo to gather in the designated area. Pathfinders can head there to explore and capture them.
4. During the event, some special Prismana Aniimo will also be drawn by Vein energy and appear in designated areas for a limited time. See the event schedule below for the Prismana Aniimo appearing in each phase and their corresponding areas.
5. Prismana Aniimo Spawn Schedule:
Sept. 21, 2026 04:00–Sept. 28, 2026 03:59 (UTC+8)
Prismana Glynsera appears in Beast Fang Ridge.
Sept. 28, 2026 04:00–Oct. 5, 2026 03:59 (UTC+8)
Prismana Melloblum appears in Rosetower Woods.
Oct. 5, 2026 04:00–Oct. 12, 2026 03:59 (UTC+8)
Prismana Waleetle appears in Berylline Vale.
Oct. 12, 2026 04:00–Oct. 19, 2026 03:59 (UTC+8)
Prismana Inferlupa appears in Nimbus Fields.
Oct. 19, 2026 04:00–Oct. 26, 2026 03:59 (UTC+8)
Prismana Glynsera, Prismana Melloblum, Prismana Waleetle, and Prismana Inferlupa will appear simultaneously in Beast Fang Ridge, Rosetower Woods, Berylline Vale, and Nimbus Fields, respectively."
1820876585,f956d38d25fa8115d8be42c387df10ab797126368f80006e190628a12382bcd5,"1. According to observations by the Institute, Vein energy has been unusually active in some regions recently, causing unusual changes in the local ecosystem.
2. During the event, the chance of Nova Stage Aniimo appearing will be greatly increased for the first 3 Nurture sessions conducted in the designated area each weekend. After Veinfruit is harvested, the amount of Prismatic Energy gained in the area will receive an additional 50% boost.
Completing Nurture increases the current area’s Prismatic Energy. Capturing Aniimo also has a chance to trigger a Lucky Strike, increasing the area’s Prismatic Energy.
· Each time Nurture increases the area’s Prismatic Energy, there is a 3% chance of triggering a Prismana Flow, causing local Prismana Aniimo to appear.
· Each time a Lucky Strike triggered while capturing an Aniimo increases the area’s Prismatic Energy, there is a 0.6% chance of triggering a Prismana Flow, causing local Prismana Aniimo to appear.
3. Every weekend, abundant Vein energy will also draw large numbers of Aniimo to gather in the designated area. Pathfinders can head there to explore and capture them.
4. During the event, some special Prismana Aniimo will also be drawn by Vein energy and appear in designated areas for a limited time. See the event schedule below for the Prismana Aniimo appearing in each phase and their corresponding areas.
5. Prismana Aniimo Spawn Schedule:
Sept. 21, 2026 04:00–Sept. 28, 2026 03:59 (UTC+8)
Prismana Glynsera appears in Beast Fang Ridge.
Sept. 28, 2026 04:00–Oct. 5, 2026 03:59 (UTC+8)
Prismana Melloblum appears in Rosetower Woods.
Oct. 5, 2026 04:00–Oct. 12, 2026 03:59 (UTC+8)
Prismana Waleetle appears in Berylline Vale.
Oct. 12, 2026 04:00–Oct. 19, 2026 03:59 (UTC+8)
Prismana Inferlupa appears in Nimbus Fields.
Oct. 19, 2026 04:00–Oct. 26, 2026 03:59 (UTC+8)
Prismana Glynsera, Prismana Melloblum, Prismana Waleetle, and Prismana Inferlupa will appear simultaneously in Beast Fang Ridge, Rosetower Woods, Berylline Vale, and Nimbus Fields, respectively."
2020925126,f956d38d25fa8115d8be42c387df10ab797126368f80006e190628a12382bcd5,"1. According to observations by the Institute, Vein energy has been unusually active in some regions recently, causing unusual changes in the local ecosystem.
2. During the event, the chance of Nova Stage Aniimo appearing will be greatly increased for the first 3 Nurture sessions conducted in the designated area each weekend. After Veinfruit is harvested, the amount of Prismatic Energy gained in the area will receive an additional 50% boost.
Completing Nurture increases the current area’s Prismatic Energy. Capturing Aniimo also has a chance to trigger a Lucky Strike, increasing the area’s Prismatic Energy.
· Each time Nurture increases the area’s Prismatic Energy, there is a 3% chance of triggering a Prismana Flow, causing local Prismana Aniimo to appear.
· Each time a Lucky Strike triggered while capturing an Aniimo increases the area’s Prismatic Energy, there is a 0.6% chance of triggering a Prismana Flow, causing local Prismana Aniimo to appear.
3. Every weekend, abundant Vein energy will also draw large numbers of Aniimo to gather in the designated area. Pathfinders can head there to explore and capture them.
4. During the event, some special Prismana Aniimo will also be drawn by Vein energy and appear in designated areas for a limited time. See the event schedule below for the Prismana Aniimo appearing in each phase and their corresponding areas.
5. Prismana Aniimo Spawn Schedule:
Sept. 21, 2026 04:00–Sept. 28, 2026 03:59 (UTC+8)
Prismana Glynsera appears in Beast Fang Ridge.
Sept. 28, 2026 04:00–Oct. 5, 2026 03:59 (UTC+8)
Prismana Melloblum appears in Rosetower Woods.
Oct. 5, 2026 04:00–Oct. 12, 2026 03:59 (UTC+8)
Prismana Waleetle appears in Berylline Vale.
Oct. 12, 2026 04:00–Oct. 19, 2026 03:59 (UTC+8)
Prismana Inferlupa appears in Nimbus Fields.
Oct. 19, 2026 04:00–Oct. 26, 2026 03:59 (UTC+8)
Prismana Glynsera, Prismana Melloblum, Prismana Waleetle, and Prismana Inferlupa will appear simultaneously in Beast Fang Ridge, Rosetower Woods, Berylline Vale, and Nimbus Fields, respectively."
2023528010,f956d38d25fa8115d8be42c387df10ab797126368f80006e190628a12382bcd5,"1. According to observations by the Institute, Vein energy has been unusually active in some regions recently, causing unusual changes in the local ecosystem.
2. During the event, the chance of Nova Stage Aniimo appearing will be greatly increased for the first 3 Nurture sessions conducted in the designated area each weekend. After Veinfruit is harvested, the amount of Prismatic Energy gained in the area will receive an additional 50% boost.
Completing Nurture increases the current area’s Prismatic Energy. Capturing Aniimo also has a chance to trigger a Lucky Strike, increasing the area’s Prismatic Energy.
· Each time Nurture increases the area’s Prismatic Energy, there is a 3% chance of triggering a Prismana Flow, causing local Prismana Aniimo to appear.
· Each time a Lucky Strike triggered while capturing an Aniimo increases the area’s Prismatic Energy, there is a 0.6% chance of triggering a Prismana Flow, causing local Prismana Aniimo to appear.
3. Every weekend, abundant Vein energy will also draw large numbers of Aniimo to gather in the designated area. Pathfinders can head there to explore and capture them.
4. During the event, some special Prismana Aniimo will also be drawn by Vein energy and appear in designated areas for a limited time. See the event schedule below for the Prismana Aniimo appearing in each phase and their corresponding areas.
5. Prismana Aniimo Spawn Schedule:
Sept. 21, 2026 04:00–Sept. 28, 2026 03:59 (UTC+8)
Prismana Glynsera appears in Beast Fang Ridge.
Sept. 28, 2026 04:00–Oct. 5, 2026 03:59 (UTC+8)
Prismana Melloblum appears in Rosetower Woods.
Oct. 5, 2026 04:00–Oct. 12, 2026 03:59 (UTC+8)
Prismana Waleetle appears in Berylline Vale.
Oct. 12, 2026 04:00–Oct. 19, 2026 03:59 (UTC+8)
Prismana Inferlupa appears in Nimbus Fields.
Oct. 19, 2026 04:00–Oct. 26, 2026 03:59 (UTC+8)
Prismana Glynsera, Prismana Melloblum, Prismana Waleetle, and Prismana Inferlupa will appear simultaneously in Beast Fang Ridge, Rosetower Woods, Berylline Vale, and Nimbus Fields, respectively."
2032573039,f956d38d25fa8115d8be42c387df10ab797126368f80006e190628a12382bcd5,"1. According to observations by the Institute, Vein energy has been unusually active in some regions recently, causing unusual changes in the local ecosystem.
2. During the event, the chance of Nova Stage Aniimo appearing will be greatly increased for the first 3 Nurture sessions conducted in the designated area each weekend. After Veinfruit is harvested, the amount of Prismatic Energy gained in the area will receive an additional 50% boost.
Completing Nurture increases the current area’s Prismatic Energy. Capturing Aniimo also has a chance to trigger a Lucky Strike, increasing the area’s Prismatic Energy.
· Each time Nurture increases the area’s Prismatic Energy, there is a 3% chance of triggering a Prismana Flow, causing local Prismana Aniimo to appear.
· Each time a Lucky Strike triggered while capturing an Aniimo increases the area’s Prismatic Energy, there is a 0.6% chance of triggering a Prismana Flow, causing local Prismana Aniimo to appear.
3. Every weekend, abundant Vein energy will also draw large numbers of Aniimo to gather in the designated area. Pathfinders can head there to explore and capture them.
4. During the event, some special Prismana Aniimo will also be drawn by Vein energy and appear in designated areas for a limited time. See the event schedule below for the Prismana Aniimo appearing in each phase and their corresponding areas.
5. Prismana Aniimo Spawn Schedule:
Sept. 21, 2026 04:00–Sept. 28, 2026 03:59 (UTC+8)
Prismana Glynsera appears in Beast Fang Ridge.
Sept. 28, 2026 04:00–Oct. 5, 2026 03:59 (UTC+8)
Prismana Melloblum appears in Rosetower Woods.
Oct. 5, 2026 04:00–Oct. 12, 2026 03:59 (UTC+8)
Prismana Waleetle appears in Berylline Vale.
Oct. 12, 2026 04:00–Oct. 19, 2026 03:59 (UTC+8)
Prismana Inferlupa appears in Nimbus Fields.
Oct. 19, 2026 04:00–Oct. 26, 2026 03:59 (UTC+8)
Prismana Glynsera, Prismana Melloblum, Prismana Waleetle, and Prismana Inferlupa will appear simultaneously in Beast Fang Ridge, Rosetower Woods, Berylline Vale, and Nimbus Fields, respectively."
2037231767,f956d38d25fa8115d8be42c387df10ab797126368f80006e190628a12382bcd5,"1. According to observations by the Institute, Vein energy has been unusually active in some regions recently, causing unusual changes in the local ecosystem.
2. During the event, the chance of Nova Stage Aniimo appearing will be greatly increased for the first 3 Nurture sessions conducted in the designated area each weekend. After Veinfruit is harvested, the amount of Prismatic Energy gained in the area will receive an additional 50% boost.
Completing Nurture increases the current area’s Prismatic Energy. Capturing Aniimo also has a chance to trigger a Lucky Strike, increasing the area’s Prismatic Energy.
· Each time Nurture increases the area’s Prismatic Energy, there is a 3% chance of triggering a Prismana Flow, causing local Prismana Aniimo to appear.
· Each time a Lucky Strike triggered while capturing an Aniimo increases the area’s Prismatic Energy, there is a 0.6% chance of triggering a Prismana Flow, causing local Prismana Aniimo to appear.
3. Every weekend, abundant Vein energy will also draw large numbers of Aniimo to gather in the designated area. Pathfinders can head there to explore and capture them.
4. During the event, some special Prismana Aniimo will also be drawn by Vein energy and appear in designated areas for a limited time. See the event schedule below for the Prismana Aniimo appearing in each phase and their corresponding areas.
5. Prismana Aniimo Spawn Schedule:
Sept. 21, 2026 04:00–Sept. 28, 2026 03:59 (UTC+8)
Prismana Glynsera appears in Beast Fang Ridge.
Sept. 28, 2026 04:00–Oct. 5, 2026 03:59 (UTC+8)
Prismana Melloblum appears in Rosetower Woods.
Oct. 5, 2026 04:00–Oct. 12, 2026 03:59 (UTC+8)
Prismana Waleetle appears in Berylline Vale.
Oct. 12, 2026 04:00–Oct. 19, 2026 03:59 (UTC+8)
Prismana Inferlupa appears in Nimbus Fields.
Oct. 19, 2026 04:00–Oct. 26, 2026 03:59 (UTC+8)
Prismana Glynsera, Prismana Melloblum, Prismana Waleetle, and Prismana Inferlupa will appear simultaneously in Beast Fang Ridge, Rosetower Woods, Berylline Vale, and Nimbus Fields, respectively."
2066509643,f956d38d25fa8115d8be42c387df10ab797126368f80006e190628a12382bcd5,"1. According to observations by the Institute, Vein energy has been unusually active in some regions recently, causing unusual changes in the local ecosystem.
2. During the event, the chance of Nova Stage Aniimo appearing will be greatly increased for the first 3 Nurture sessions conducted in the designated area each weekend. After Veinfruit is harvested, the amount of Prismatic Energy gained in the area will receive an additional 50% boost.
Completing Nurture increases the current area’s Prismatic Energy. Capturing Aniimo also has a chance to trigger a Lucky Strike, increasing the area’s Prismatic Energy.
· Each time Nurture increases the area’s Prismatic Energy, there is a 3% chance of triggering a Prismana Flow, causing local Prismana Aniimo to appear.
· Each time a Lucky Strike triggered while capturing an Aniimo increases the area’s Prismatic Energy, there is a 0.6% chance of triggering a Prismana Flow, causing local Prismana Aniimo to appear.
3. Every weekend, abundant Vein energy will also draw large numbers of Aniimo to gather in the designated area. Pathfinders can head there to explore and capture them.
4. During the event, some special Prismana Aniimo will also be drawn by Vein energy and appear in designated areas for a limited time. See the event schedule below for the Prismana Aniimo appearing in each phase and their corresponding areas.
5. Prismana Aniimo Spawn Schedule:
Sept. 21, 2026 04:00–Sept. 28, 2026 03:59 (UTC+8)
Prismana Glynsera appears in Beast Fang Ridge.
Sept. 28, 2026 04:00–Oct. 5, 2026 03:59 (UTC+8)
Prismana Melloblum appears in Rosetower Woods.
Oct. 5, 2026 04:00–Oct. 12, 2026 03:59 (UTC+8)
Prismana Waleetle appears in Berylline Vale.
Oct. 12, 2026 04:00–Oct. 19, 2026 03:59 (UTC+8)
Prismana Inferlupa appears in Nimbus Fields.
Oct. 19, 2026 04:00–Oct. 26, 2026 03:59 (UTC+8)
Prismana Glynsera, Prismana Melloblum, Prismana Waleetle, and Prismana Inferlupa will appear simultaneously in Beast Fang Ridge, Rosetower Woods, Berylline Vale, and Nimbus Fields, respectively."
1285924045,a821642954f6af978f7e52e8e2f47234ccf82fb389b9e54bd0aed898eb1d3a60,Suggested Friends
1600008875,a821642954f6af978f7e52e8e2f47234ccf82fb389b9e54bd0aed898eb1d3a60,Suggested Friends
1710629968,a821642954f6af978f7e52e8e2f47234ccf82fb389b9e54bd0aed898eb1d3a60,Suggested Friends
1930271150,a821642954f6af978f7e52e8e2f47234ccf82fb389b9e54bd0aed898eb1d3a60,Suggested Friends
2048432043,a821642954f6af978f7e52e8e2f47234ccf82fb389b9e54bd0aed898eb1d3a60,Suggested Friends
1285934253,f05cc6aca1f3da7ba647d7c1c9166d5e1aba27a30718eb0680ff80d1c59e77ee,Select Aniilog
1285953975,c89ac30d833fc75869d879a6cc5a5cd7f323b3941f3b212a6205faec42f790e6,"Extremely rare pumpkin with dual mutations, sparkling with dazzling spots of light while having exceptionally large and plump fruits."
1285984854,b6b241f0570fa43675242774c24c49d5c42506bb73da5f6c3a297ef55bd3c661,"<style=Hint_BgD>Prismana Fulmintis</style> is pretty cool, right? You can get it by upgrading the <style=Hint_BgD>Companion Handbook</style>!"
1285991248,817c85dc1d87473c13f5698a69bbe44e10b3380bf5e05174853caf213725d62a,Energized
2051544405,817c85dc1d87473c13f5698a69bbe44e10b3380bf5e05174853caf213725d62a,Energized
1285997734,471b0b9aec97d61e3ee0a9152fdf664c62bccb4a9746551ade765cea93669bdd,Balloon Vendor
1286012728,01c15a4588142b773137628d9d8077b54e08a41e5a1a32a8b99d08297ffac93c,A bright pink building block for all kinds of structures.
2010124541,01c15a4588142b773137628d9d8077b54e08a41e5a1a32a8b99d08297ffac93c,A bright pink building block for all kinds of structures.
1286015631,24e32c2f910592f3f18b873ef474f1ba51cdeb9112f66b836f1c5e54eb03089a,"Perfumer Marlowe stands by the road promoting his latest perfume, ""Stinky Sea Breeze."" He says its scent lingers like a putrid sea breeze and leaves anyone who samples it completely drained. Convinced that his ""genius fusion fragrances,"" made by mixing unusual ingredients, are the future, he asks you to bring him any strange perfume materials you find."
1286022422,ed0bf587245f2a2bd499177ffe3c7991d2bf915bb197c89a323b9d3528043b17,"Silver sand and blue sea reflect one another as flocks of Chirpis blare trumpet-like calls among the coastal cliffs, adding a lively melody to the bay on the sea breeze."
1286038348,59f49d07274fdecea61a317f87199845b49836f80e0801c6ca80da7e62e93f13,What's going on...?
1286068392,e86e34b050de0e75bb121cf7d8758f04dab9a265004bad403618cd747dc139f6,"That’s unfortunate, but the Institute respects your decision.
Farewell, #playerName#. I hope you find what you’re looking for in life."
1938240016,e86e34b050de0e75bb121cf7d8758f04dab9a265004bad403618cd747dc139f6,"That’s unfortunate, but the Institute respects your decision.
Farewell, #playerName#. I hope you find what you’re looking for in life."
1286076352,9ee6027f91eea41a5ffa3cf5bfbfbb2114d8c7cbd51f3c404ebd1717a777228a,"RV Park can accommodate <style=Hint_BgL>2</style> Aniimo
Unlock Aniimo Dispatch · Adventure"
1286083302,e4fab8b04758f2eaa2c8eb91cba692043513253db8643291a8c011b10dced7b4,"Dashes toward the target while electrified and cannot be blocked during the dash. Critical hits restore <style=Hint_BgL><customRichText(calcData,ability, 12220504,param1,1)></style> energy. When used while <style=Hint_BgL><link=""source_8042""><u>[Overcharged]</u></link></style>, energy cost is reduced by an additional <style=Hint_BgL>3</style> points."
1286084432,cf2baae9c0f7590896880a212a9784a39bc2432a7a66b6257ab8a5c92105382a,Bouncy Brew Keg (Level 4)
1531115274,cf2baae9c0f7590896880a212a9784a39bc2432a7a66b6257ab8a5c92105382a,Bouncy Brew Keg (Level 4)
1286086980,9bcc023433ca94edf8bee0be3cd0e66307914d4880a6e5fcb8fbfd37942cc5ea,Legendary Perfumes
1286091583,f405b84157a363e0da95c757a482150d78019ed9bde03cf544eb4bb72be82702,"As if harboring a subtle, unspoken feeling."
1286113021,a718da21c7148ef3006b0046229bf62f9e35785cbf5aa9938c48d273b9f91a71,"In the fifteenth year of the Astra Era, Astra convened a citizens’ assembly to vote on and pass the ""Aniimo Protection Law."" The following is a summary of the initial provisions—"
1286161238,3cbe2cace5577b71adf6dd73c1bee0cb81aa30e9b980063f13ba63bcaf3ed4b1,"The flock sings, scattering into the open skies with freedom in their wings."
2078538133,3cbe2cace5577b71adf6dd73c1bee0cb81aa30e9b980063f13ba63bcaf3ed4b1,"The flock sings, scattering into the open skies with freedom in their wings."
1286179311,162c6801eebd577b69ca63686ea2172153bfeaef20bb9a2c74b28e870f6c6936,Aniimo Appearance
1286184221,9bbe0815fe4c3ee5c1ab7f4194245181d4bb139deac0404072e8bdc4096e6dac,Blazing Stove (Level 2)
1627405870,9bbe0815fe4c3ee5c1ab7f4194245181d4bb139deac0404072e8bdc4096e6dac,Blazing Stove (Level 2)
1286197112,c2c363506e62f716d42016e8857039dd6667941439bad82ff497c13f7583cc51,Apple Candy
1286204254,d2025939da15621e668d2867c209ff504f23d930571125d1d244dfb355e3e871,"When the Spice is ignited and the vision of seven-colored Blossoms appears, Lady Irelia bestows a blessed rain of flowers.
That is the most beautiful sight in all of Breezy Plains."
1286205747,d6cea8cb10ae00f7fef90c6341095874a1f452e7047bf6f4c02d2db9fe5d016f,What’s wrong? Did something happen? You both look off.
1286237998,c2991b4652606b3975e4c87e728dcf7ea040f163319e6c4921d54da2b1267d19,"Guess you passed out just now, huh? Feeling better?"
1286248404,d7efd50fe77561012b79237f6b850edfa3b51c097b6dbb7a72dd80ac5ffebf91,Aerial Flight
1286273858,e643b180e13aabc43b01f9c0e90ce2ffff43ffeb0f630a34d2b147be52d160ae,"""Banished"" from the princess’s tea party, the observant Budsquires noticed Princess Melloblum’s subdued spirits. The First Lethal Thorn’s intervention, meant as protection, had only deepened her quiet distress. Where the Budsquires could release their pain in tears, the princess swallowed her tears, aware that her moods affected the entire court. The radiant figure who brought smiles to others wore none of her own."
1286275578,5f8b658b0baabe1d658710a1c8b02d8200b82cc44bf0eb268e19e394811c3489,Will you go somewhere fun?
1286327059,59eae85d9ab79f92a68b9e150402cee874333fdbc9df57ec7ab500157423fd3b,"Powerful heat, striking looks, and delicious food in no time. Fire it up and get cooking!"
1331195720,59eae85d9ab79f92a68b9e150402cee874333fdbc9df57ec7ab500157423fd3b,"Powerful heat, striking looks, and delicious food in no time. Fire it up and get cooking!"
1523830123,59eae85d9ab79f92a68b9e150402cee874333fdbc9df57ec7ab500157423fd3b,"Powerful heat, striking looks, and delicious food in no time. Fire it up and get cooking!"
1582539580,59eae85d9ab79f92a68b9e150402cee874333fdbc9df57ec7ab500157423fd3b,"Powerful heat, striking looks, and delicious food in no time. Fire it up and get cooking!"
1606211385,59eae85d9ab79f92a68b9e150402cee874333fdbc9df57ec7ab500157423fd3b,"Powerful heat, striking looks, and delicious food in no time. Fire it up and get cooking!"
1669542858,59eae85d9ab79f92a68b9e150402cee874333fdbc9df57ec7ab500157423fd3b,"Powerful heat, striking looks, and delicious food in no time. Fire it up and get cooking!"
1707969570,59eae85d9ab79f92a68b9e150402cee874333fdbc9df57ec7ab500157423fd3b,"Powerful heat, striking looks, and delicious food in no time. Fire it up and get cooking!"
1286341095,d9c90b111378961afdc02d7b9ceb0e047f29e292709f87fb144c7ba3a9269884,Investment target?
1286347658,cd29915e6968ced96be0e615e5b897b58b4dc70abe1444f5fb4b182c17c589a6,Table decor for RV Park.
1286352503,a9682a5c79ef13f5d2ff8b19218201103f8912e661305a224c1e2212a9efbfd2,"Oh! Look over there! The <style=Hint_BgD>Flutternym</style> is flying over again!
It's still collecting this... hmm, its Form has changed too."
1286354167,c5dcfba7102933a3d28763073200dfb42fbba20189dffd376b2e5cd859793c63,"Unless you have some stories to tell me, although you don’t look like you do."
1286357036,5991392bb06bf761b7fc31e91a9c939e76a0bed0c504b27280b752061848a93a,Current Score
1286405240,a9045f093f1f14eaec4081a407f76b3b276626be17b715f5f907ca8eaf2ea64d,Na-mm!
1286407358,e55fb045fb387a9501743b1e2a15856197424d28d559079b8d51609fb514c814,Can consume Primegy to Craft Iris Dewdrop Crystal
128641086,df57eb3a7b356710d60692055d7efcca20171359e4dcd4ff82ae218722f9077d,"Mofei! Mo... Mofei... Mofei?!
(...You actually saw through my perfect disguise?! Hehe, you're quite interesting.)"
1286413598,da67799b42353861f4435c07588e049f932636b3c6634e8b39e507b40ddfc892,Text content (placeholder) text content text content text content text content text content text content text
1286418709,0b3f13045eb533c6fff60c03facca52eb6655a3630476c9ff7ac22f340798706,Or order a Twin-Star Special and invite a friend to share it with you!
1286423777,811aca27b7c097dda5f07e6846f24d0828b1cc8ca46bdfac1299436051bd5b02,Calm Emberpup
1498496458,811aca27b7c097dda5f07e6846f24d0828b1cc8ca46bdfac1299436051bd5b02,Calm Emberpup
1701829202,811aca27b7c097dda5f07e6846f24d0828b1cc8ca46bdfac1299436051bd5b02,Calm Emberpup
2117006710,811aca27b7c097dda5f07e6846f24d0828b1cc8ca46bdfac1299436051bd5b02,Calm Emberpup
1286437043,6294669a78169dd04d1e5213901cd55330a9f86f5b990b06fbf69c87cf04cc63,Knock over the censer.
1488011457,6294669a78169dd04d1e5213901cd55330a9f86f5b990b06fbf69c87cf04cc63,Knock over the censer.
1663512860,6294669a78169dd04d1e5213901cd55330a9f86f5b990b06fbf69c87cf04cc63,Knock over the censer.
1286489914,ff3892adb39a00797a29f5d64ee6559e6f0e14dfc7e6625d143552ba134b0ef9,Lady Velouria’s throne is deep in the valley. They say you must pass through her illusions to reach her.
1286512298,794c5a569176ed2e2a26ec2c2895296c724473a244477d82d558704340d9aa58,Stop going in circles. I’m getting dizzy...
1286527120,9332811230c6d03e9ee69ef0fbf1046cad8727cee56e89e5c8cbee5a2bcf2c98,Verdant Grace
2117135419,9332811230c6d03e9ee69ef0fbf1046cad8727cee56e89e5c8cbee5a2bcf2c98,Verdant Grace
1286539897,72dba9aeed897e535aaad185c950c676b6004dfe60b41f25db72106af8c135a5,Phone Number
1286543503,04377cc6c71a6a34d0e8808cec8e8a9dc8851c194548e4e48b8ecdc8fe0edb27,"Hmph, relax. You Helmuts might ’ave a nice crunch to ya, but that’s not why I let you on me island."
1286594198,754669b8012e73ed4a73a71b5f4e3db4adb46e8880e896ac8bec2af0d0f35b2e,"What do you mean ""large"" starine? Aren’t all starines the same size?"
1286623439,98b034f4a88e4d4420dc2aadd712f06b3a8def7cf954cae1b496bcdefe0164c9,A research note left by a perfumer from Bloomville.
1286634334,a7120961744e5788771b116056f5330d22e269f6c56168ac9d0ebca3569072f3,"I still need a few more <style=Hint_BgL>batteries</style>... Can you help me find them?
I’m counting on you, brave Pathfinder!"
1286665314,5a25702686adfde95b39a4f7ac4d584ededadea6701d070da6e41b583bdf9f7e,"A flash of light from the severed Twine, and a young Perfumer suddenly appears."
1286718673,f27207d329637f7bb10a97d29d4f82a6492e97e89ceb6f1094498dd9584f7271,Reason for Deletion
1286732279,b36716f04a83a3701f45d2b472b4453122fec96d0d750a8f326fb463b3acdc24,"Uh, I'm at the red dot's position right now, right?"
1286733555,d996414cd84c41dd032d0e41ad1533312ae685d91ee5c5a6b34d593f72e2eb5d,Hazel
1508704499,d996414cd84c41dd032d0e41ad1533312ae685d91ee5c5a6b34d593f72e2eb5d,Hazel
2051376735,d996414cd84c41dd032d0e41ad1533312ae685d91ee5c5a6b34d593f72e2eb5d,Hazel
2085120226,d996414cd84c41dd032d0e41ad1533312ae685d91ee5c5a6b34d593f72e2eb5d,Hazel
1286738041,70ea1983c983deacc1b61805aea3d43648afd932f346fb2e5d9b15facd4035c2,Core
1316404919,70ea1983c983deacc1b61805aea3d43648afd932f346fb2e5d9b15facd4035c2,Core
1489929485,70ea1983c983deacc1b61805aea3d43648afd932f346fb2e5d9b15facd4035c2,Core
1544286229,70ea1983c983deacc1b61805aea3d43648afd932f346fb2e5d9b15facd4035c2,Core
1598089465,70ea1983c983deacc1b61805aea3d43648afd932f346fb2e5d9b15facd4035c2,Core
1793202829,70ea1983c983deacc1b61805aea3d43648afd932f346fb2e5d9b15facd4035c2,Core
1892524190,70ea1983c983deacc1b61805aea3d43648afd932f346fb2e5d9b15facd4035c2,Core
1975981873,70ea1983c983deacc1b61805aea3d43648afd932f346fb2e5d9b15facd4035c2,Core
2063043540,70ea1983c983deacc1b61805aea3d43648afd932f346fb2e5d9b15facd4035c2,Core
1286755834,7f620922039775b69d207a11d52372070fcce579ae3f3a7042c06762aafed2c0,Angry Bolty
1294034948,7f620922039775b69d207a11d52372070fcce579ae3f3a7042c06762aafed2c0,Angry Bolty
1432107845,7f620922039775b69d207a11d52372070fcce579ae3f3a7042c06762aafed2c0,Angry Bolty
1522520473,7f620922039775b69d207a11d52372070fcce579ae3f3a7042c06762aafed2c0,Angry Bolty
1920388128,7f620922039775b69d207a11d52372070fcce579ae3f3a7042c06762aafed2c0,Angry Bolty
1286768394,b69d483eb90efa3a7e27e39a147dc0b204072882a62e3f9bb573139f0f0a065b,There’s really another world?
1286813628,4599bd1aea20766434b0dae538514eae5c6f298148b1b67ab830ca926805bd59,"Excellent fighting spirit, I can't wait any longer."
1286843232,c0739990fb5ad663f470777be6da845d3357ef5c4676e34a763506b881591beb,Chirp chirp... chirp chirp! (It's dancing)
1286846275,01cbb23aab662a6e0706ba697c1e7ae519bac92f8c384066b760b3cf9c04343d,Complete courses.
1286857263,38a778a323e226952b0b6066e1942e18c1e6eaa7b676ae44e673e042f7577e5d,Deliver 200 Lumin Amber in Breezy Plains
1286889767,89358c15806625a1c71fd7d16d86878222b79ad46da44f80a7a60925a58ab507,Acquired Potential (specify Acquired Potential when >0)
1286895663,3ee004d2b0506ad422d322be6046f75eb5b7db450151f5df978a8ec2f4c4af3c,"I got blown off the snowy mountain by a gale and landed right on a bouncy Tuftball.
They don’t call me ""Sayn the Lucky Aniimo Researcher"" for nothing.
————
This must be Driftwise Meadow. I’ve been here before.
But things seem different.
Especially that flower.
It used to be bluer. Now it’s turned golden.
There are way more Fentufts than before, almost surrounding the flower.
Is that why it changed?
I need to take a closer look.
————
Sob... I accidentally touched the melancholic mist. I feel sad like never before.
But I made a new discovery.
I’ve decided to name that flower.
Hmm... let’s call it bittersweet bloom.
It’s quite fitting, because..."
1286901560,d544f27918a70bcb6827952489e838ac91f9585b75faa8b346e219062bd7c761,You’d really be my friend? Even if I can’t go out and do things with you...?
1286927384,35a445167306841796c7a5f3ab9398190ca29f621a01d502986c50f067ded93d,First Steps with Aniimo: Forest of Falling Stars
1286963593,36eb30ff67994044f6a72e78c8bcb032391048de6180c6aa6faa1449d8d32ca9,Season Duration
1286984104,fdcc770ceb9234a28f4b831b54a548af2d17731f68763236bb7fea46cde53342,An orange flower growing on ridgeback trees. It flickers like ever-burning flames. Perfumer Ranka from Bloomville is looking for it to craft a legendary perfume.
1367683132,fdcc770ceb9234a28f4b831b54a548af2d17731f68763236bb7fea46cde53342,An orange flower growing on ridgeback trees. It flickers like ever-burning flames. Perfumer Ranka from Bloomville is looking for it to craft a legendary perfume.
1286989757,74a2bc92d156ab57f919c8c2618cbf32cdd5f4af7b3cfc60a6288febca67ac6e,"There’s the cutest, prettiest Turbo here! I ran into it once by chance before, and I couldn’t stop thinking about it. I really want to see it again."
1287075575,b35f40e34245b110d5057d10d10fa3349a15e95ffc5f3a308ef99b53f4f6f773,"We restored the Vein energy when we cleared the challenge before.
But wow, this Sanctum really is connected to the Emberpup family!"
1287075903,fb22c17f649c7f318dd395a490b52665aab099502b2810fc0a06b5e0c0d9ce8d,Feathered Dawn
1422215806,fb22c17f649c7f318dd395a490b52665aab099502b2810fc0a06b5e0c0d9ce8d,Feathered Dawn
1287084185,354398d95f513e498467894f9c01fe8ea0e6c89501816ac79cd049054e472fb0,"Collected a whole lot of Voxel Coins!
And learned about the history of the Starwish Gachapon...
Gotta keep exploring Astra!"
1287117760,c6ed5a3df40c428d5bbad0543415f9a4a3bb28e888d217ff9ad311259e67a524,Counterfeit Icosahedron
1287119828,17c1103f0c856c153040f12f55246b59fae482ffb60954424181bb3f0b830ee2,Bring the specified Aniimo to pose in front of buildings and help photographer Lucas complete his photo collection...
1287122644,2eab7c0c75405bbdfd0ab3682e4d3b2140541567e032e3e5ff159566b71a3fb3,Onlooking Helmut
1879518402,2eab7c0c75405bbdfd0ab3682e4d3b2140541567e032e3e5ff159566b71a3fb3,Onlooking Helmut
2051544109,2eab7c0c75405bbdfd0ab3682e4d3b2140541567e032e3e5ff159566b71a3fb3,Onlooking Helmut
1287154404,4ae53b97615c621ebe68b0c01a5581c8a45a5a6c35bdb68939d520acb50e2f92,With special effects of sparkling body
1327086005,4ae53b97615c621ebe68b0c01a5581c8a45a5a6c35bdb68939d520acb50e2f92,With special effects of sparkling body
1287206605,a5d5b1edade4371297592fdbca843c343b431c0c386268ba4e5fccb6840f1c46,Learn about the woods...
1287223922,75102950a5a82fbfbf72a2ab373a44abe84ff9e0f12147d71a791494b3f44aff,Earn rewards through the Elite Training program
1541738677,75102950a5a82fbfbf72a2ab373a44abe84ff9e0f12147d71a791494b3f44aff,Earn rewards through the Elite Training program
1287229857,9cc3e24fe9d0a9d86f56f80390504afa0a9a3fbbb57ec0911fc8c11493ff9c50,Nothing.
2078442331,9cc3e24fe9d0a9d86f56f80390504afa0a9a3fbbb57ec0911fc8c11493ff9c50,Nothing.
1287287433,0027d9f584b651ebecb603fd96772c587bca5fcec260bfe43a59d5a799416cba,Idyllian Girl
1302944175,0027d9f584b651ebecb603fd96772c587bca5fcec260bfe43a59d5a799416cba,Idyllian Girl
1386681340,0027d9f584b651ebecb603fd96772c587bca5fcec260bfe43a59d5a799416cba,Idyllian Girl
1397545801,0027d9f584b651ebecb603fd96772c587bca5fcec260bfe43a59d5a799416cba,Idyllian Girl
1476138446,0027d9f584b651ebecb603fd96772c587bca5fcec260bfe43a59d5a799416cba,Idyllian Girl
1521225803,0027d9f584b651ebecb603fd96772c587bca5fcec260bfe43a59d5a799416cba,Idyllian Girl
1717861886,0027d9f584b651ebecb603fd96772c587bca5fcec260bfe43a59d5a799416cba,Idyllian Girl
1781067085,0027d9f584b651ebecb603fd96772c587bca5fcec260bfe43a59d5a799416cba,Idyllian Girl
2019867399,0027d9f584b651ebecb603fd96772c587bca5fcec260bfe43a59d5a799416cba,Idyllian Girl
1287295422,f5cb9e33ea775b8edd1cb6669194c89ad299be029a7a771f540f2d7a6e4eb9f9,Star-striped Pomegranate
1479914000,f5cb9e33ea775b8edd1cb6669194c89ad299be029a7a771f540f2d7a6e4eb9f9,Star-striped Pomegranate
1858522718,f5cb9e33ea775b8edd1cb6669194c89ad299be029a7a771f540f2d7a6e4eb9f9,Star-striped Pomegranate
1287296673,44b292c28cb99eb082abce484e63e6d1f6f06cee51c950327a03c889c8723ef7,"A bouncy, squishy pillow as soft as mochi. Squeeze it when you’re restless, hug it when you’re tired, and watch every worry melt away!"
1492475074,44b292c28cb99eb082abce484e63e6d1f6f06cee51c950327a03c889c8723ef7,"A bouncy, squishy pillow as soft as mochi. Squeeze it when you’re restless, hug it when you’re tired, and watch every worry melt away!"
1287310793,e1d619418d38bada5d487f6340e956bb0f5b9bc0878422c569cfe2f1fe537324,"A blurry painting, with the words ""imp raises the sword against the Infergon"" written on the back..."
1287377078,a002532a851f24080d5a3cd99f17af03369f49d99c3688494278b32e9befae26,A divine ritual vessel made of bronze and inlaid with precious jade. Ancient Idyllians who lived here used it to worship their Aeons.
1587968202,a002532a851f24080d5a3cd99f17af03369f49d99c3688494278b32e9befae26,A divine ritual vessel made of bronze and inlaid with precious jade. Ancient Idyllians who lived here used it to worship their Aeons.
319257960,abeb3287ad28af7fd56f379d33442382bea6ce1d9f6fb12496167155438fef29,Earn the Silver Collection Badge in Mistwoods.
1287380888,abeb3287ad28af7fd56f379d33442382bea6ce1d9f6fb12496167155438fef29,Earn the Silver Collection Badge in Mistwoods.
1287384433,138560693573d4063ca2d98c0c72f23597ef5363058b2a3f79d6d3af40f1b5a4,Continue to enter
1426646337,138560693573d4063ca2d98c0c72f23597ef5363058b2a3f79d6d3af40f1b5a4,Continue to enter
1287386191,2413d15031a82c03ad9c60fcaef56f4df0d9b467d19b1ddd80f11d9d6bf27357,Nobody knew what to do... then one Baleetle shot across the entire track—faster than anything anyone had ever seen—and just... vanished.
1287391652,c0bdd3c37d0a2375cc90835744c6a744a6478ba039a163ef6692ade848dddb9c,Dragonclaw Stone Throne
1287392289,31afdf7455efabd1eb3297abdebcb66e7b01236dbba9263bb03579fc9467af01,"1. Rewards are granted immediately upon purchase. Log in each day for 30 days to claim your <style=Hint_BgL>Daily Reward</style>.
2. Days from the Monthly Pass stack up to <style=Hint_BgL>180 days</style>. Daily rewards stop automatically when the pass expires.
3. Unclaimed daily rewards are stored for up to <style=Hint_BgL>5 days</style> and must be <style=Hint_BgL>claimed manually from the Monthly Pass Daily Reward Storage page</style>.
4. Purchases are non-refundable. Please confirm before buying."
1287393054,11307ecfcdc2d87a93c17f7f2e8840c5014bfac485cd85e9d6978577942a372d,A group of Aniimo seems to be gathered here for something.
1287430130,dd3c98452057af7966ba4ac33fd7373998748ce9d2bcd6bc16b7f71995d415f8,"Invite friends to co-create, and once they accept, you can use their likeness directly in studio creations."
1287444043,f6d648fd807e5196d2cfc5de622d7eac43fee17dbe20d066340e58526948bec4,Dia gives you directions to Bloomville and suggests that you visit Elder Jaeger.
1287478986,14fb86afca3c28943f79aadf55952b151ca61c07db76fd0fa70eb7c99650b570,A fountain for decorating your Home.
1287510730,ba0feebcffe8e6b3d99cd1ff6b1b81d5e57e2f575ec1bfe3f2bfbb2d22693080,Add AI Teammates
1287528449,9926f453ebf07be3e7947509cbf3c03f3f712da2e175e8b4eac0f4652e94d0dc,Branching Evolve
1287530485,e443837976ac4d7ac5ab88bc987fe113e3945105a25f8637b2a185727a39d29a,Physical ATK and P.DEF increased by 5%.
1287535801,1f727e90e136dd1c9d6b60b6460f1bdf5179631e9a6f2d06fe8c735e444751b2,Glutinous Rice Ball
1287544212,808e4a8ec37ffdc96b5cd9ae23044326e5fab383f6b80150d1138b113c6a7993,press [<style=Hint_BgL>Catch Button</style>] to enter Catch mode
1287554411,974b9edbdc114ae155b71bc6378132e3264ab7ba2603e3d8825a72fbf9616b75,Thanks for helping with the investigation. My crosswind dataset is finally complete.
1287573467,9761f8f220b3c64a5af1af102b6082888fda71812c5681ad3f052099ea858cc5,Not really. Maybe next time.
1287608715,5f253c9d19db9caf0b589df8a73d325b45c2c405e2ae4083ffa65ae7bf51c956,"Mark Unlock Status (1 Gray, 2 Uncommon, 3 Uncommon Checkmark)"
1287614038,c54c255c256996407742c018b508538dcbdd651520ccb2d58d66c75bcdc8c5ab,"Offer the fragrance of life and growth, and the Aeons shall grant the blessing of regeneration.
Offer the fragrance of tolerance and change, and the Aeons shall grant the blessing of protection.
Offer the fragrance of courage and passion, and the Aeons shall grant the blessing of hope."
1287629777,f4c66d13d39905824ce400954f6299f4b4572c676227a200ff35e5703b1a8e5d,Golden Storm
1287641747,906d0ceb4bb938b19b084fc3e4b3d640408002ac03a8566c39de1246ee1eb37d,Illusory Basic Lighting Chip
1346151543,906d0ceb4bb938b19b084fc3e4b3d640408002ac03a8566c39de1246ee1eb37d,Illusory Basic Lighting Chip
1287643574,3bb6e5888a5a317b27640811fb2028e2aad3b26dde9200257deaf4208d2eb34c,Is this... a door? It looks like we can go in.
1287679429,849f982a5a7650eec305c67192ae5f188b65b255ec901a23fe8b2449206a35d0,Previous Outfit
1287679888,48ccb3f4ffd51a198789216b4f7ffb18facaaec71ecd7c0a854035d10f3a068d,Quickly<style=Hint_BgL>fly back to the nest</style> to brew Aromathyst.
1287695938,828b020bcdea97320b1c1854645a862ee1d8ce3df4cb9b5faeffc13833bc4038,Grizbo is building up Rage
1287705038,3042247e57382b2dee057b36fa19ed221886cb57c2ed329ed602fe2f4f54d679,Surfing counts as water quality research...?
1287709573,1a7d3e89057a760da6a9c39df562463d977c327067fdb00f91db354d3d0775d1,No egg available to deliver.
1287769352,9bc4da037f1dea89b3a89eb420e8ecbaac4da8111422860d3d9ac4dff2197efd,Tofu Cake
1287769573,ef9405504470bca4d7884f05e9cfbcd8521d3fd8c14b75980141d7f38e28f67e,Golden Rain Tree
1287771453,1d2d55be357ff08fb0a3875873142f44ccd3e2e955eaba4dc8685d3d6f642023,"Check-in gift pack distributed by Polaris Institute, which grants generous rewards"
2060666696,1d2d55be357ff08fb0a3875873142f44ccd3e2e955eaba4dc8685d3d6f642023,"Check-in gift pack distributed by Polaris Institute, which grants generous rewards"
1287830859,c339a9dabf5babfd8a8afea7e3c9972ba02fc6d46c8f86f955f22edebd038987,Congratulations! You have answered enough questions correctly to pass the exam.
1287831369,0e60d78eacf8eddfba341f08feea1bbf847db4bb0f94565d23415a884c0d2d80,"Prismatic energy strengthens the charge‑storing organ in its head, letting it channel stored electricity into a gentle healing light that mends the wounds of injured allies."
1287862520,eba9ae72d0da58af8e55b619accc493d4e6bd34b276bb52f5ef88ae0db632160,"Phew! Nice work. That was a beautiful win! You’ve got strength and strategy, and you even forced me to rethink my tactics... Outstanding!"
1287867641,f1559d919296cab5f5689b8bb5948f3869e666b252a1721606c6e7893bef87e2,"Uh, ha-ha... Anyway, let’s get to the real issue here. Sunia and Snowy have permission, but what about us?"
1287925345,60f8553476d6ccc294986d4266e85374f6d48360aa292a55affa8b67b3777889,Obtain 300 Daily Activity points.
1287956133,659240db800061384bd307be40cb3946a5634aaa434748a30490c07c9db77717,Good. This works out perfectly. We can investigate for clues along the way.
1287959455,6527243b137e313aee168954360944e5a3bdd5e700e74a5b1ac6a44bd24dd652,5/6
1287969285,9fe30d61659515bb62a5ed70cfbfe90a944a2efb4045d31fbe8491d721845486,You can manually select and add the <style=Hint_BgL>Held Item Cores and lower-quality Held Items</style> you need
1287972669,d8e8a5d282d8d333021b929c44b6552793d7973e244c59c057e8c5f0b35dd61c,Peace isn’t the permanent end of fighting—it’s making sure more people never have to fight at all.
1288007399,9ebf503462b39881494f5a5c7ffc1e2c93faa3e5b40df0a30c2584227fb01250,Horn
1309556973,9ebf503462b39881494f5a5c7ffc1e2c93faa3e5b40df0a30c2584227fb01250,Horn
1288011917,c2986555cfa49564cdfa93caf9db5bc852df03cebb15d0493f7da127e69f448e,Contains <style=Hint_BgL>lightning</style> energy
1288049444,cc59436a6f0c3ec74aa506486d4194dfca338f5c3b2a4b59379e10f58475e824,Zzz... Zzz... Zzz... Zzz...
1433371853,cc59436a6f0c3ec74aa506486d4194dfca338f5c3b2a4b59379e10f58475e824,Zzz... Zzz... Zzz... Zzz...
1600504384,cc59436a6f0c3ec74aa506486d4194dfca338f5c3b2a4b59379e10f58475e824,Zzz... Zzz... Zzz... Zzz...
1693396188,cc59436a6f0c3ec74aa506486d4194dfca338f5c3b2a4b59379e10f58475e824,Zzz... Zzz... Zzz... Zzz...
1288062213,c26f405dccc8ee082b92460976ff48df25bcc480fce0fd444a8b7c78eec8f6d5,"From then on, Bailite kept the photo safe, and the Cozites often gathered by its side, seemingly listening as it shared tales of home."
1288074126,f543ea40b9e2f778aa6b9363591560b2f726f27f522eb802a176a23ac8dfb7b3,Perfect Glacy Egg
1288076979,05c6dd202ed396176e7018ff47e26d6824a37bb52e350bf1ed11a346f25d22b2,"Page 12
Just as I stepped outside, I ran into Floret, who was looking for me.
Well, so much for my plan to take little Clovis out.
————
The research has lasted two years.
Finally, with Floret’s help, I extracted the power of six different Irises and infused it into a single seed.
For some reason, I always feel this seed has... the scent of the earth?
Floret thanked me and took the Life Force Seed away.
Yes, I named this seed the Life Force Seed, though it may not be all that powerful."
1288079569,a5fe13107d8e841d6bb75710c12dede7c420c77a00d19dfc83b17021c3ea824c,Home Environment System
1288114847,5e3224ccfac9d0deecd07267e1763867c2d4cb97b7e0247664bcf8d3a997f543,Behind these layered barriers lie hidden mechanisms. Only a keen eye can see through them and reveal the truth beyond.
2140116551,5e3224ccfac9d0deecd07267e1763867c2d4cb97b7e0247664bcf8d3a997f543,Behind these layered barriers lie hidden mechanisms. Only a keen eye can see through them and reveal the truth beyond.
280253699,882fbc78eeb934ae9e3ef9f90b7092b6a7769a3102ef8209f1919db1b8c04695,Vein Rift
395827350,882fbc78eeb934ae9e3ef9f90b7092b6a7769a3102ef8209f1919db1b8c04695,Vein Rift
1288120746,882fbc78eeb934ae9e3ef9f90b7092b6a7769a3102ef8209f1919db1b8c04695,Vein Rift
1374056038,882fbc78eeb934ae9e3ef9f90b7092b6a7769a3102ef8209f1919db1b8c04695,Vein Rift
1815079280,882fbc78eeb934ae9e3ef9f90b7092b6a7769a3102ef8209f1919db1b8c04695,Vein Rift
1819123810,882fbc78eeb934ae9e3ef9f90b7092b6a7769a3102ef8209f1919db1b8c04695,Vein Rift
1288131229,267d537d5a8b9396c4929f4f9319bf251ed28ae24dd2e08ff5c1b53fd8d362c8,Hatching
1454723047,267d537d5a8b9396c4929f4f9319bf251ed28ae24dd2e08ff5c1b53fd8d362c8,Hatching
1731066554,267d537d5a8b9396c4929f4f9319bf251ed28ae24dd2e08ff5c1b53fd8d362c8,Hatching
1288146443,b19fb8d1b395b333251f40be2909ca37a0b0a007b3c4c4b34b726be71f715daa,Opened
1653273411,b19fb8d1b395b333251f40be2909ca37a0b0a007b3c4c4b34b726be71f715daa,Opened
1288172431,bd7354c6804ce9866cc2044c305a54641a3408b781128b09cb46ee7c04b6c020,Found any Mutant Truffles yet?
1927590586,bd7354c6804ce9866cc2044c305a54641a3408b781128b09cb46ee7c04b6c020,Found any Mutant Truffles yet?
1288240011,f32163913af237ceb172f1223f6ab3b5890147f6670290b413fe3c3c3ddd18cf,"Oh... a masterpiece. A timeless masterpiece!
Even the fading after the peak has a melancholic beauty all its own."
1288240067,6c7774a0aa41533b78075c8f4bab99245f7c3c03ea3bea8eed4b9d470a74e8a3,"If you like Irises too, then we’re already friends! When it comes to growing flowers and making fragrances, there’s no better partner than an Iris!"
1288246984,eac1b5b8d02589904cd334abce8234c78d478bd50ab98607b14af2a06ce5e580,Budclaw Intro
1288285778,33403d8f77f3caa9aa8f59a1a0290c3e349fe6a5893c3b812340601ac4a0629a,Sacrifice
2122082619,33403d8f77f3caa9aa8f59a1a0290c3e349fe6a5893c3b812340601ac4a0629a,Sacrifice
1288297118,550021c00686bda6f6994a794bbf2b1564d9de9e475afb0af8da2abf56516c65,Cannot go there in current state
1288319931,4c25c84a4f9bb86d6e97c7d85290edaed6a278ec13a7aafa405092cfdb45f026,It’s way too calm!!!!
1288324212,4f6d3fc1686a455cf8190b96078290e87aea5b130b819f808184c5e3b660ddc1,Set Attribute Values
1288325690,26874193bd187e61346a47c12b7ba281657fd4004d687efcc0638eb4e7d459e1,Ha... lower temperatures really do make it easier to create a weak point in the ice.
1288348824,3c39599f63472be5521b97dd13551d5762aa35455a0c3d92579db95c2885f0d0,M.ATK up 3%
1288351225,39c6d1ce393fddbb15dff11716f122be50992b4a88d65bc9474dde0d0a001688,Press #kRaw/GamepadButtonSouth#z to select an item from your backpack.
1426797529,39c6d1ce393fddbb15dff11716f122be50992b4a88d65bc9474dde0d0a001688,Press #kRaw/GamepadButtonSouth#z to select an item from your backpack.
1288357829,05d2192337aa75b4d70b9b0a72e9ad9cd5f8962c7ddd19955410849dc81b44f9,Available today
1288358658,fa612514329d7ada2c6d1ae78b792b220e0e2b9553ed30d29923ec21fd051d2b,Yes. Perhaps because the ridgeback trees transformed from the body of the previous Icho? Thousand-Fang Ridge demands the purest fighting spirit to bloom.
1288390487,f5a657f332b3b4cbeaab28174ccaa7bee404b4698eb20d11cd3a2dcdd1cbab03,They can detect the most inconspicuous traces.
1288394903,6945331e6f382107c40661ade8f2637552c4023fc33694d1cbc09d61654cd867,Right Route Points Leaderboard
1288400602,58d8d47b12d656da14fc2a9068eee648a62496447007d158d48f8ed9ebc7b4fe,Where did they all hide?
1288434892,eb728311d941a3720c2e4bd693da7fdb7dedf302ece1b61998d727e08cf10dd8,The World Inside the RV
1288438559,b988a724213229d9b9036a4c57837732165afe352f12c8c4a914a2aa7df47e45,"I’m getting kind of dizzy, baa..."
1633556362,b988a724213229d9b9036a4c57837732165afe352f12c8c4a914a2aa7df47e45,"I’m getting kind of dizzy, baa..."
1288442824,6a8e58a2c0cb689bb8b737768d5ba6e6c139d24d4e0f29632e4f06a98df15036,"Increases Earth damage by <customRichText(calcData,buff, 9145401,param0,1,%d)>%."
1288498112,f7a32c355d14485ebd9d18486e0d99257a9b0d556dcbd74b89d4e74216e90742,"In Whisperwake Isles, you can use Nurture to trigger a Wild Surge for Aniimo."
1288519838,b3c3237f01742c64bc2e36b575cacd0510939d2c6d8a893e2725330572e87334,Here’s a gift for you. May you always be happy!
1288569696,dc2912ac3e953510a2a530081f28467e5a8d856d9eb867d83af4718935449c13,"Such a sturdy shell!
Can it knock other things open like that too?"
1288574197,d1992574e6caea4143ddb867bed0c767b093c15ecdff87b18f0c4e69e49f1794,Prepare for calming
1288602254,eea6a9dafbca560f910d749d01f434c422c96d3ff98785b1c8d82e4e46ece8c3,"Use <sprite name=""UI_Key_Mouse_LeftRight00"" anim=""25,54,30""> to look around."
1288603864,62ff3ab142fe3777b006778699879c65cd5062758cfcc775cfb139dce66071d4,Claim Level Rewards
1559955937,62ff3ab142fe3777b006778699879c65cd5062758cfcc775cfb139dce66071d4,Claim Level Rewards
1288605657,819cfa56ee606ed9f5e20a2de3711803ac0d8e9e455cc1e40b7af770128d1696,Prismana Aniimo Index
1288612530,39eacadce97147ef52e270139e6d5763206098584c08da3b825edef7684390d6,[Placeholder Dialogue] Susuta's Request for Help
1735034801,39eacadce97147ef52e270139e6d5763206098584c08da3b825edef7684390d6,[Placeholder Dialogue] Susuta's Request for Help
1288616236,4ce3823aeee2b658e1e7f94720d67b419d0ea13aa3f312245c9c1f378b455321,Cancel Tracking
1289048779,4ce3823aeee2b658e1e7f94720d67b419d0ea13aa3f312245c9c1f378b455321,Cancel Tracking
1351786429,4ce3823aeee2b658e1e7f94720d67b419d0ea13aa3f312245c9c1f378b455321,Cancel Tracking
1524083231,4ce3823aeee2b658e1e7f94720d67b419d0ea13aa3f312245c9c1f378b455321,Cancel Tracking
1691773947,4ce3823aeee2b658e1e7f94720d67b419d0ea13aa3f312245c9c1f378b455321,Cancel Tracking
1961404791,4ce3823aeee2b658e1e7f94720d67b419d0ea13aa3f312245c9c1f378b455321,Cancel Tracking
2034530373,4ce3823aeee2b658e1e7f94720d67b419d0ea13aa3f312245c9c1f378b455321,Cancel Tracking
2041549452,4ce3823aeee2b658e1e7f94720d67b419d0ea13aa3f312245c9c1f378b455321,Cancel Tracking
1288656917,0950647e90de6710b1c7cf97e9800f783561fa11680ac06fb36f40411104bd07,"Reduces Lightning damage taken by <customRichText(calcData,buff,6003028,param0,3,%d)>%."
1288659939,ce0525494c7ef7faa093c84d8e47ff87a7a528a82bd130f4b9685f141a12ce64,Prismatic Stone - Celestial
1288668263,76fd7638aa6756d52d704a15d8998a434c264808a5ae2189833094b574be8872,Research Level Placeholder
1288677175,4d5036ca8a92b1a6890b934c76fa0e240f217f50ab1fd8111dbd9b5e42a44527,"Plants sprout quietly with every footstep—one step, one breath, and the world slowly wakes."
1288678337,4296e2e01fc8c8b94ca79729b6f9f14f04aab81ddb017c8dace51a0f3b142072,Rune slot locked. Cannot insert.
1288678841,fd5876633d0f3b97c967de84b439fbef8dd232baa1002cdd18f398383fccd242,"After all, you can twine with any Aniimo very quickly!
That kind of talent is incredibly rare!"
1288679349,dd2a28e11e885f5397493348227d06d33257351fabd5949ac1626526efadf950,Sparki Exclusive_Indigo Bonfire (Unlit)
1288680289,b5f54ab39f1006a017de093ff759263f95dbba23cc897b4e35aa84ff60b388c7,Catch Mode Horizontal Camera Sensitivity
1288702746,393c57bd08a3a66ebdb80d27f6bb8d604bb70e6ff57326b5379da5ba3e0eeec1,Fragment
1288707239,57fd7a0cf33f2666eede69e44f8857159653f2f28e4fd7482a5e16d4af628d2a,Selected
1435598132,57fd7a0cf33f2666eede69e44f8857159653f2f28e4fd7482a5e16d4af628d2a,Selected
1734335727,57fd7a0cf33f2666eede69e44f8857159653f2f28e4fd7482a5e16d4af628d2a,Selected
1945793493,57fd7a0cf33f2666eede69e44f8857159653f2f28e4fd7482a5e16d4af628d2a,Selected
2048082865,57fd7a0cf33f2666eede69e44f8857159653f2f28e4fd7482a5e16d4af628d2a,Selected
2050050464,57fd7a0cf33f2666eede69e44f8857159653f2f28e4fd7482a5e16d4af628d2a,Selected
2072297578,57fd7a0cf33f2666eede69e44f8857159653f2f28e4fd7482a5e16d4af628d2a,Selected
2114155804,57fd7a0cf33f2666eede69e44f8857159653f2f28e4fd7482a5e16d4af628d2a,Selected
1288712505,aa8e6e168714ea6e402c0b69674a8f73ac342e6f961500fe655cf37d2efedc2a,Helm! Get over here! The doctor has another brilliant idea!
1288719740,eb30f0d8638d8caea55c03d1749c409330ec75d80b160426aed6072f22f9724e,Voucher Fragment I
1921489063,eb30f0d8638d8caea55c03d1749c409330ec75d80b160426aed6072f22f9724e,Voucher Fragment I
1288731955,c6d1ab9ea8a8f25c7edaa76e6e18644de8ca340995deda3debb78bc4b5702dcd,Rematch Invite Sent
1288745376,0d549dbc8420767f59d37a161526559baf4ff7105754f8a78536c65bfad9d080,Vinyl Record
1567305442,bfdd510698ef3ccbf17f2c67fc47790e1ba72894fb74fe284bbc136b47ef73e6,Record
1753058341,bfdd510698ef3ccbf17f2c67fc47790e1ba72894fb74fe284bbc136b47ef73e6,Record
1913899699,bfdd510698ef3ccbf17f2c67fc47790e1ba72894fb74fe284bbc136b47ef73e6,Record
1288824718,ed7509df3b15febbdf77933d135bd73f2f20a70ff4eca0f52d69244115862032,"Ha! Not bad at all, #playerName#.
You may not understand music, but your combat artistry is excellent!"
1288834530,5ef2e825ab59090ce65aa845c23acd587f612584fba3006d1433ab51f4132d46,An individual smaller than the average Aniimo in Body Type
1288839236,e17172f3739e3ed0c481ed24fd1aa8b238a5a9228d1c58a0d854ca6ee2210adf,"For every <style=Hint_BgL><customRichText(calcData,buff, 2061001,param0,1)></style> Training Coins earned during this training session, <style=Hint_BgL><link=""source_714""><u>Core Gizmo</u></link></style> Crit Rate increases by <style=Hint_BgL><customRichText(calcData,buff, 2061001,param1,1,%d)>%</style>."
1288868617,48a88abc32baa62ce94fa9d512fda615956a0d47af3bce17bd1a0ede32f48eea,"Hey... any new sleep techniques you could recommend...
Between the insomnia and the research stress, my irritability and aggression levels have been spiking..."
1288872128,b80b2a2825f450e7dbb92bf45c9c87eaf710cc65b6ffb0f909c3171dc81cd297,Thais
1288906902,55fa845db91399daa592d3210d4af71994f4b03406f9e7efa030c09cbd064305,Take a photo of Jawling arguing with Helmut
1288931820,d5e9324d8418860306cf9165ae20bb286d2b051f7093d8e1111c742f9a5dd14f,Third Prize
1288939998,c3aa22b854fafd94df26dd810d2654132f0131a789982cafbf9e1a559cff4585,It appears to be a totem. Activate it?
1288959184,09be2fadf8d186d4cfd586a3e524f680b67f35be90d6a073f95de775576de98c,Press #kHud/SkillQ#z at a <style=Hint_BgL>battery</style> to use Gravity Pull
1288965288,cf5aacae000c5fe14bfa346b48be3ffa4bfae419c266aac8c8774db4b6a81f7c,I wonder if it’s still sunny outside the clouds...
1288968949,12595a6b2f2b0927158df3ab9b7d6ae4fc258173dd513b19914a9d96248bf27e,Straw Base Bricks
1289000155,bc62a0151bfff3768b9eb597f6148ae25a9989fefe41e783cf0e26056d576d87,"They’re supposed to be the most amazing phenomena in the world, with the most marvelous colors!"
1289042165,9da1cdb31338e75f4865a8563ff44ddafa77c2a78ea0e6e6a9231209a9ba132f,Companion Handbook Free Tier 93
1594465367,9da1cdb31338e75f4865a8563ff44ddafa77c2a78ea0e6e6a9231209a9ba132f,Companion Handbook Free Tier 93
1289048798,dbc82993fb86e544c02e86fac3278e26ebe2a42e6c4d420fafd1ebffc60d7333,Used to buy accessories from Idyll vendors.
1289051883,174bb016dd87019f6d8635f6c3b71a989efe5e200faa8eda4214a1a952dff15b,Use the on-screen direction indicator to track your target’s <style=Hint_BgL>real-time</style> <style=Hint_BgL>direction</style> and <style=Hint_BgL>distance</style>.
1289068308,31ffc5003cb3095960bde9c6989947dc1101a54b50b7c1ad6936e87a28c80488,"By spreading its wing membranes, Celestis catches the air during its descent and glides freely through the sky."
1289075707,344a3b7c67f5442a06986651e5293031a376c72f5275a7ecbbc4dfaa845ff10a,Catch Aniimo
1319233520,344a3b7c67f5442a06986651e5293031a376c72f5275a7ecbbc4dfaa845ff10a,Catch Aniimo
1489256458,344a3b7c67f5442a06986651e5293031a376c72f5275a7ecbbc4dfaa845ff10a,Catch Aniimo
1682331641,344a3b7c67f5442a06986651e5293031a376c72f5275a7ecbbc4dfaa845ff10a,Catch Aniimo
1909182686,344a3b7c67f5442a06986651e5293031a376c72f5275a7ecbbc4dfaa845ff10a,Catch Aniimo
1289079029,4236e8758034a4a828c8756fee679d520fe21d2a3ce48d2c9f2f3a6b98a9bec1,"I can’t remember...
But I think any human who awakens us has to choose between the two of us."
1289203547,64dbcc646254e6babed7aa31b28aa9fa6de0d0e0fe828e9d138bf113ecb627b5,Text content (placeholder) text content (placeholder) text content (placeholder)
1289210004,4ebfc20d1756403a45cd28aae782059b83a902411c1b228a249eecb70201c3e2,Alpha Emberpup
1325359548,4ebfc20d1756403a45cd28aae782059b83a902411c1b228a249eecb70201c3e2,Alpha Emberpup
1431577562,4ebfc20d1756403a45cd28aae782059b83a902411c1b228a249eecb70201c3e2,Alpha Emberpup
1524867455,4ebfc20d1756403a45cd28aae782059b83a902411c1b228a249eecb70201c3e2,Alpha Emberpup
2001701654,4ebfc20d1756403a45cd28aae782059b83a902411c1b228a249eecb70201c3e2,Alpha Emberpup
2054051258,4ebfc20d1756403a45cd28aae782059b83a902411c1b228a249eecb70201c3e2,Alpha Emberpup
1289212620,ae93c7cb8d9ac8a13f6df29793d1df87b25b1df38947a8b07bda90e08a942789,"Assumes a defensive stance and gains <style=Hint_BgL><customRichText(calcData,buff, 2118704,param0,1,%d)>%</style> Damage Reduction. When the defensive stance ends, gains a shield equal to <style=Hint_BgL><customRichText(calcData,buff, 2118703,param0,1,%d)>%</style> max HP for <style=Hint_BgL><customRichText(buffConfigData,2118703,duration)></style>s. press the skill again to end it early. While in the defensive stance, each hit taken increases the shield gained by <style=Hint_BgL>10%</style>, up to <style=Hint_BgL>100%</style>. When the shield expires, converts <style=Hint_BgL><customRichText(calcData,buff, 2118707,param1,1,%d)>%</style> of the remaining shield into healing."
1289216608,420d1fd0b8694d58904f67a2af092884aa2452c3e4f27a07c0cbd23afd641068,Research Mission locked.
1289220298,5244d07a2905b1e78ffe7dd3a110a99e9e02f9ff6014b2e22193c855e2096f3e,"Aromathyst brewed from Emberbuds by Dewies.
The burning traces exude the sweet aroma of caramel while the fine golden sand flows across the facets within like an everlasting sunset."
1289306500,05f464c2f838f33905722a88c91ba71abb568d6057cdfd5b8ecd53de955a3349,"The Flutternym flaps its wings, scattering shiny scale powder."
1289314093,3c2f2e33c59dc589a0c2f4541efc9be4c2ad7d3e97f78595f3e5fade6c4ca220,Strong... wind...
1289326010,d9e70bbc0b9d963098ace84745bfa95bd430f83ab3f80d9fb4cad3aba50cd0e9,Minespine Relic
1371965484,d9e70bbc0b9d963098ace84745bfa95bd430f83ab3f80d9fb4cad3aba50cd0e9,Minespine Relic
2127035236,d9e70bbc0b9d963098ace84745bfa95bd430f83ab3f80d9fb4cad3aba50cd0e9,Minespine Relic
2145046665,d9e70bbc0b9d963098ace84745bfa95bd430f83ab3f80d9fb4cad3aba50cd0e9,Minespine Relic
1289336462,f4f3c03b90059dcb60c2c26043dfcd1ea0c6f2860264af141346eed73e118e21,Colorful Shining Pumpkin
1310086837,f4f3c03b90059dcb60c2c26043dfcd1ea0c6f2860264af141346eed73e118e21,Colorful Shining Pumpkin