1809381621,951a3a63ce3278cb277fff37895c102c1734a19e63b71369bfca978d29aa0650,Girl Looking for Pranky
1973057926,951a3a63ce3278cb277fff37895c102c1734a19e63b71369bfca978d29aa0650,Girl Looking for Pranky
2004343704,951a3a63ce3278cb277fff37895c102c1734a19e63b71369bfca978d29aa0650,Girl Looking for Pranky
2133573097,951a3a63ce3278cb277fff37895c102c1734a19e63b71369bfca978d29aa0650,Girl Looking for Pranky
1210748474,2c81d49c15b993ecf94f82573054d2abc6cc300917786e8066b1ece210f840ce,Legendary Giga-Egg
1472134127,2c81d49c15b993ecf94f82573054d2abc6cc300917786e8066b1ece210f840ce,Legendary Giga-Egg
1500422447,2c81d49c15b993ecf94f82573054d2abc6cc300917786e8066b1ece210f840ce,Legendary Giga-Egg
1818368858,2c81d49c15b993ecf94f82573054d2abc6cc300917786e8066b1ece210f840ce,Legendary Giga-Egg
1880153474,2c81d49c15b993ecf94f82573054d2abc6cc300917786e8066b1ece210f840ce,Legendary Giga-Egg
2129630523,2c81d49c15b993ecf94f82573054d2abc6cc300917786e8066b1ece210f840ce,Legendary Giga-Egg
2137276293,2c81d49c15b993ecf94f82573054d2abc6cc300917786e8066b1ece210f840ce,Legendary Giga-Egg
1210755740,a03f6b9abeb242f512c5d2c4529258e59c58b5b19f52c40ddebd4315a6c347ed,[Press and Hold] Cancel Lock-On
1240250468,a03f6b9abeb242f512c5d2c4529258e59c58b5b19f52c40ddebd4315a6c347ed,[Press and Hold] Cancel Lock-On
1353546471,a03f6b9abeb242f512c5d2c4529258e59c58b5b19f52c40ddebd4315a6c347ed,[Press and Hold] Cancel Lock-On
1487754503,a03f6b9abeb242f512c5d2c4529258e59c58b5b19f52c40ddebd4315a6c347ed,[Press and Hold] Cancel Lock-On
1578828741,a03f6b9abeb242f512c5d2c4529258e59c58b5b19f52c40ddebd4315a6c347ed,[Press and Hold] Cancel Lock-On
1665705795,a03f6b9abeb242f512c5d2c4529258e59c58b5b19f52c40ddebd4315a6c347ed,[Press and Hold] Cancel Lock-On
1770438813,a03f6b9abeb242f512c5d2c4529258e59c58b5b19f52c40ddebd4315a6c347ed,[Press and Hold] Cancel Lock-On
1953520238,a03f6b9abeb242f512c5d2c4529258e59c58b5b19f52c40ddebd4315a6c347ed,[Press and Hold] Cancel Lock-On
1963975510,a03f6b9abeb242f512c5d2c4529258e59c58b5b19f52c40ddebd4315a6c347ed,[Press and Hold] Cancel Lock-On
1210792994,eac914d750fe0ce991fa1a4bd34256b2abae051a83998bbdb8320e939babfbba,"An egg with powerful vitality, found in Mistwoods. Guaranteed to hatch an Aniimo with <style=Q_4>Elite</style> potential or higher."
1210855658,25129842d6362657317d3631c93ce69a9a476310ce1047139fcc713616eddea8,"However, #playerName#, I imagine you wish to return to Idyll and find your companion."
1210877852,196b53a0ab0c54b9731ec3a4613c70c30968ec75b0c7745bd885adec61b853b7,"Chase freedom, and find your true self."
2147142581,196b53a0ab0c54b9731ec3a4613c70c30968ec75b0c7745bd885adec61b853b7,"Chase freedom, and find your true self."
1210907303,6b702510405cdebe12258113665c668c3406a772705cf3d88d400ebf8ca84ebd,Premium Companion Handbook Level 31
2124182866,6b702510405cdebe12258113665c668c3406a772705cf3d88d400ebf8ca84ebd,Premium Companion Handbook Level 31
1210919296,3d853133926ac83933819fb3b2e146405341df30fdc3d2ef0ed1cef4b44941c0,Following the Strong
1210955291,1f1bb1dafbaeca232cfc54ca0d214b4c88204cb6c1f1f8aae8aabef7be95cf56,"Among the warrior legends of Beast Fang Ridge, there is a saying:"
1210990211,49200830aff0ed779eccedc920d37e2f260168077d9a7269bb81804cf7541c0e,Flower school?
1210995270,7cbb4d57f75ed1ede4d784b338e3918d094e5f2faacffc525d7a1ad1b0181646,Common Aniipod
1287107979,7cbb4d57f75ed1ede4d784b338e3918d094e5f2faacffc525d7a1ad1b0181646,Common Aniipod
1210996987,80f6332b13bc5c101336d6c2576719b109abf158e2622389b300d78fd1849b56,"No matter what’s inside the egg, it’s going to be the start of a new story."
1598185195,80f6332b13bc5c101336d6c2576719b109abf158e2622389b300d78fd1849b56,"No matter what’s inside the egg, it’s going to be the start of a new story."
1210998287,3f993f8ecc0bee12241a4b9ce7a3a0facebb35189fa28b0b9e5ab60a54889966,Nothing is known about this Form.
1322532808,3f993f8ecc0bee12241a4b9ce7a3a0facebb35189fa28b0b9e5ab60a54889966,Nothing is known about this Form.
1699755184,3f993f8ecc0bee12241a4b9ce7a3a0facebb35189fa28b0b9e5ab60a54889966,Nothing is known about this Form.
1842513275,3f993f8ecc0bee12241a4b9ce7a3a0facebb35189fa28b0b9e5ab60a54889966,Nothing is known about this Form.
1211012008,dba199c1b4fc5ad6686c452b0b33d7d4ab61c32ff13cc8e2302b3dece35c6b70,Unlock All Options
1891623053,dba199c1b4fc5ad6686c452b0b33d7d4ab61c32ff13cc8e2302b3dece35c6b70,Unlock All Options
1211023361,72c65bacd759285eabbbd480c68afee1a98177b1f023a6b24d2e1499fce98255,Aniimo level 20
1238760022,72c65bacd759285eabbbd480c68afee1a98177b1f023a6b24d2e1499fce98255,Aniimo level 20
1332858314,72c65bacd759285eabbbd480c68afee1a98177b1f023a6b24d2e1499fce98255,Aniimo level 20
1626194579,72c65bacd759285eabbbd480c68afee1a98177b1f023a6b24d2e1499fce98255,Aniimo level 20
1657124660,72c65bacd759285eabbbd480c68afee1a98177b1f023a6b24d2e1499fce98255,Aniimo level 20
1745938348,72c65bacd759285eabbbd480c68afee1a98177b1f023a6b24d2e1499fce98255,Aniimo level 20
1854233129,72c65bacd759285eabbbd480c68afee1a98177b1f023a6b24d2e1499fce98255,Aniimo level 20
2098893329,72c65bacd759285eabbbd480c68afee1a98177b1f023a6b24d2e1499fce98255,Aniimo level 20
1211046894,389a299e7de299ede289c01335c0d7cb3df65b2aea3a46952d02498ebad03040,"Past wishes and hidden truths intertwine within illusions.
Sunia mysteriously disappeared right in front of us...
Where is that willful Queen Somniwing going?"
1211051318,f6ddc514de772978c51d144cc0d805c6fadb9aa70166c8158eac002ff8b95e55,Illusory Intermediate Resistance Chip
1950053537,f6ddc514de772978c51d144cc0d805c6fadb9aa70166c8158eac002ff8b95e55,Illusory Intermediate Resistance Chip
1211055759,04527db18714867ecd00d8329269ffe972ee704cf806157d96c28f25ff14f878,Path of Growth
1452196838,04527db18714867ecd00d8329269ffe972ee704cf806157d96c28f25ff14f878,Path of Growth
1565973352,04527db18714867ecd00d8329269ffe972ee704cf806157d96c28f25ff14f878,Path of Growth
1710790465,04527db18714867ecd00d8329269ffe972ee704cf806157d96c28f25ff14f878,Path of Growth
1811236394,04527db18714867ecd00d8329269ffe972ee704cf806157d96c28f25ff14f878,Path of Growth
1853714194,04527db18714867ecd00d8329269ffe972ee704cf806157d96c28f25ff14f878,Path of Growth
1950132010,04527db18714867ecd00d8329269ffe972ee704cf806157d96c28f25ff14f878,Path of Growth
1211065146,d06d3f57b28892cd1aa100b8a96c46fbab21a36bf418eabf965c6ecb3fe12dc1,Go to Facility
1217197016,d06d3f57b28892cd1aa100b8a96c46fbab21a36bf418eabf965c6ecb3fe12dc1,Go to Facility
1249641042,d06d3f57b28892cd1aa100b8a96c46fbab21a36bf418eabf965c6ecb3fe12dc1,Go to Facility
1301005991,d06d3f57b28892cd1aa100b8a96c46fbab21a36bf418eabf965c6ecb3fe12dc1,Go to Facility
1318594028,d06d3f57b28892cd1aa100b8a96c46fbab21a36bf418eabf965c6ecb3fe12dc1,Go to Facility
1369026493,d06d3f57b28892cd1aa100b8a96c46fbab21a36bf418eabf965c6ecb3fe12dc1,Go to Facility
1543109498,d06d3f57b28892cd1aa100b8a96c46fbab21a36bf418eabf965c6ecb3fe12dc1,Go to Facility
1699707312,d06d3f57b28892cd1aa100b8a96c46fbab21a36bf418eabf965c6ecb3fe12dc1,Go to Facility
1724897839,d06d3f57b28892cd1aa100b8a96c46fbab21a36bf418eabf965c6ecb3fe12dc1,Go to Facility
1742876428,d06d3f57b28892cd1aa100b8a96c46fbab21a36bf418eabf965c6ecb3fe12dc1,Go to Facility
1211076412,b7bb71606e9f81baec83caeb4c33902308c2ca7e95ca04e4931e03a7d4b13714,"In truth, had I not witnessed the wonder of ""twining"" in my youth... I would not have recognized your true identity just now."
1211079558,50f9416204b9f06db49f4e046ea099f21f6aa89b8fceaefb74d76885ec05a303,Help! Gracewing!
1211081928,7409bd98a8b1951bd172d0c46098dfea087a5fd78b65adc8aebca48346f38d52,Aniimo Conqueror
1490700848,7409bd98a8b1951bd172d0c46098dfea087a5fd78b65adc8aebca48346f38d52,Aniimo Conqueror
1546219915,7409bd98a8b1951bd172d0c46098dfea087a5fd78b65adc8aebca48346f38d52,Aniimo Conqueror
1752758976,7409bd98a8b1951bd172d0c46098dfea087a5fd78b65adc8aebca48346f38d52,Aniimo Conqueror
1815704560,7409bd98a8b1951bd172d0c46098dfea087a5fd78b65adc8aebca48346f38d52,Aniimo Conqueror
1871003346,7409bd98a8b1951bd172d0c46098dfea087a5fd78b65adc8aebca48346f38d52,Aniimo Conqueror
1890021898,7409bd98a8b1951bd172d0c46098dfea087a5fd78b65adc8aebca48346f38d52,Aniimo Conqueror
1976451042,7409bd98a8b1951bd172d0c46098dfea087a5fd78b65adc8aebca48346f38d52,Aniimo Conqueror
2103152211,7409bd98a8b1951bd172d0c46098dfea087a5fd78b65adc8aebca48346f38d52,Aniimo Conqueror
1211086017,bf94ba9e2d861e6c1478d938a5d58d71506368426b5dfa9e9f56bfa12422c95e,Mining
1253142437,bf94ba9e2d861e6c1478d938a5d58d71506368426b5dfa9e9f56bfa12422c95e,Mining
1281201168,bf94ba9e2d861e6c1478d938a5d58d71506368426b5dfa9e9f56bfa12422c95e,Mining
1631137574,bf94ba9e2d861e6c1478d938a5d58d71506368426b5dfa9e9f56bfa12422c95e,Mining
1211086411,3fee30029e81d8f61efbc3e2ed3f877aa8862612f85ab9322c3511b1214a44e2,Iris Family
1318880978,3fee30029e81d8f61efbc3e2ed3f877aa8862612f85ab9322c3511b1214a44e2,Iris Family
1407835814,3fee30029e81d8f61efbc3e2ed3f877aa8862612f85ab9322c3511b1214a44e2,Iris Family
1644392585,3fee30029e81d8f61efbc3e2ed3f877aa8862612f85ab9322c3511b1214a44e2,Iris Family
2085976463,3fee30029e81d8f61efbc3e2ed3f877aa8862612f85ab9322c3511b1214a44e2,Iris Family
2143343815,3fee30029e81d8f61efbc3e2ed3f877aa8862612f85ab9322c3511b1214a44e2,Iris Family
1211107325,543b356821713b07332ecbb46422a4b7d4e2a69f90c22f45df5cfbb4233de8c9,"Curling vines climb upward, spreading layers of green leaves across the wall like a living painting."
1411796433,543b356821713b07332ecbb46422a4b7d4e2a69f90c22f45df5cfbb4233de8c9,"Curling vines climb upward, spreading layers of green leaves across the wall like a living painting."
1471820535,543b356821713b07332ecbb46422a4b7d4e2a69f90c22f45df5cfbb4233de8c9,"Curling vines climb upward, spreading layers of green leaves across the wall like a living painting."
1494639814,543b356821713b07332ecbb46422a4b7d4e2a69f90c22f45df5cfbb4233de8c9,"Curling vines climb upward, spreading layers of green leaves across the wall like a living painting."
1588620711,543b356821713b07332ecbb46422a4b7d4e2a69f90c22f45df5cfbb4233de8c9,"Curling vines climb upward, spreading layers of green leaves across the wall like a living painting."
1657192298,543b356821713b07332ecbb46422a4b7d4e2a69f90c22f45df5cfbb4233de8c9,"Curling vines climb upward, spreading layers of green leaves across the wall like a living painting."
1842189158,543b356821713b07332ecbb46422a4b7d4e2a69f90c22f45df5cfbb4233de8c9,"Curling vines climb upward, spreading layers of green leaves across the wall like a living painting."
1899798689,543b356821713b07332ecbb46422a4b7d4e2a69f90c22f45df5cfbb4233de8c9,"Curling vines climb upward, spreading layers of green leaves across the wall like a living painting."
2031358131,543b356821713b07332ecbb46422a4b7d4e2a69f90c22f45df5cfbb4233de8c9,"Curling vines climb upward, spreading layers of green leaves across the wall like a living painting."
2079156292,543b356821713b07332ecbb46422a4b7d4e2a69f90c22f45df5cfbb4233de8c9,"Curling vines climb upward, spreading layers of green leaves across the wall like a living painting."
1211148725,4c78561787e0530b91d2f2f9f11c8ac8af8fad741a0ab92043f26789b5973876,"A generously sized bathtub with enough room for even Panpanta to stretch out completely and enjoy a long, soothing soak."
1540172909,4c78561787e0530b91d2f2f9f11c8ac8af8fad741a0ab92043f26789b5973876,"A generously sized bathtub with enough room for even Panpanta to stretch out completely and enjoy a long, soothing soak."
1211148746,ca773f0fa561e00dd6f741ba99d9d4527c252eeb880702fec66e7a46a0bb358c,Regarding this heavy fog...
1914592522,ca773f0fa561e00dd6f741ba99d9d4527c252eeb880702fec66e7a46a0bb358c,Regarding this heavy fog...
1211152974,ad64d04e4b5c0aa9e4bac9166f83169421d9168f5e06a4701b54f37a16194565,Flutternym Family
1365859607,ad64d04e4b5c0aa9e4bac9166f83169421d9168f5e06a4701b54f37a16194565,Flutternym Family
1682020594,ad64d04e4b5c0aa9e4bac9166f83169421d9168f5e06a4701b54f37a16194565,Flutternym Family
2081381017,ad64d04e4b5c0aa9e4bac9166f83169421d9168f5e06a4701b54f37a16194565,Flutternym Family
1211190633,1616e3009df342eb5dfa7641e3b2ec0d44118e99b9ed7e1d83944058fe7b03d1,Aniimo Custom Battle Subtree Key (leave blank to use Default)
1211192328,dd887c06208a98430b5f4af01fa2c6c3c4c25083d50534270014160e155c2ad1,Season Stamps from this source have reached this week’s cap. Any excess will be converted into Credits and sent via Mail next Monday.
1211221782,b33922cd5711b66ee08f08b7f00563c4e106dbf56cb133bf9b394df2a1512039,Style name
2070638791,b33922cd5711b66ee08f08b7f00563c4e106dbf56cb133bf9b394df2a1512039,Style name
1211264616,aebac53c46bbeff10fdd26ca0e2196a9bfc1d19bf88eb1efd65a36151c581051,Mary
1446903684,aebac53c46bbeff10fdd26ca0e2196a9bfc1d19bf88eb1efd65a36151c581051,Mary
1544528110,aebac53c46bbeff10fdd26ca0e2196a9bfc1d19bf88eb1efd65a36151c581051,Mary
1638575909,aebac53c46bbeff10fdd26ca0e2196a9bfc1d19bf88eb1efd65a36151c581051,Mary
1751153480,aebac53c46bbeff10fdd26ca0e2196a9bfc1d19bf88eb1efd65a36151c581051,Mary
1211268753,8f18e462f0cce36b01408872eba31feab15acf2cff6a88277fe3b0e247a2d6fc,Natural linen is woven into a cushion with just the right balance of give and support.
1507199419,8f18e462f0cce36b01408872eba31feab15acf2cff6a88277fe3b0e247a2d6fc,Natural linen is woven into a cushion with just the right balance of give and support.
1211272349,7fa1b4c6f893087c412075ddbf177579d49f51c5a9710dd64afb5b9d6dbc78e6,"Unlock Furniture: <link=""item_10400022""><color=#5090df><u>Crackle Generator (Level 2)</u></color></link>.
<link=""item_10400011""><color=#5090df><u>Crackle Power Pole</u></color></link> placement limit increased."
1211306782,03c528285725679c01a65f4fd0fdd9bb0a9a0e069232ef3e9f780b385cb2a1d4,"Clatter, clank..."
1211361714,efd818e0db34f4e64a8ce71b6e4ce9afd76538845266c0808d9016f87b81081e,"A versatile cooking station with burners above and an oven below. Simmer and bake at the same time, making every meal quicker and easier to prepare."
2139672966,efd818e0db34f4e64a8ce71b6e4ce9afd76538845266c0808d9016f87b81081e,"A versatile cooking station with burners above and an oven below. Simmer and bake at the same time, making every meal quicker and easier to prepare."
1211393121,caf5b36b6e35c4097ed3eff3d7ef0a52642f7e6652ca302234f06358cefb6356,Hey! You two—show some respect.
1211421181,74d38afed2aebecb64070a2105aedf7dedff92d46b51ae2cbaa7cf687bc877fd,"Cress hands you the completed Eternal Red and falls silent, lost in memories."
1211436153,478cc68a67eab1846db5e826c27aa403e64a86f3280b1866aabe2d21f775adb4,Your super-tough challenge is... defeating it!
1211490260,6e3ddef6378994b0cc7ebd1ce0d65fa38fd1d0b760a7ecd927a6a9d1cece8f32,Pure Happiness
1339319089,6e3ddef6378994b0cc7ebd1ce0d65fa38fd1d0b760a7ecd927a6a9d1cece8f32,Pure Happiness
2086247306,6e3ddef6378994b0cc7ebd1ce0d65fa38fd1d0b760a7ecd927a6a9d1cece8f32,Pure Happiness
1211493386,d30e94fcbabfe2ac3463364dc736d5d280d46b7ccbc88dc0fdb57c3fde89d32b,Snowy Snowman
1211495222,fb6f4ee9413e4aebd47f50cb2f6c1addbea2f2e7b4ded7feb8d910ab54b38e46,"Pale matte tiles with a smooth, warm finish that feels comfortable underfoot and helps prevent slips."
1460066184,fb6f4ee9413e4aebd47f50cb2f6c1addbea2f2e7b4ded7feb8d910ab54b38e46,"Pale matte tiles with a smooth, warm finish that feels comfortable underfoot and helps prevent slips."
1211500123,dac6e9ae15c67299035832e2e883bcb3d8e78aba420ce77563552265ef681543,Unlock this RV item to increase <style=Hint_BgL>egg hatching efficiency</style> in your Home.
1211503974,0522d41771d57dfae94a5f1fd753e91711945018f0ba1eb9428622c5d384402c,"Twine with an Aniimo from the Glacy family, then approach a Glacy while at low HP."
1211527555,fc76ec4b97b3f3020b9f8352ee12213357466370cdcb6a77f811a41ce4d072c2,"Class 1, Session 25"
1235040105,fc76ec4b97b3f3020b9f8352ee12213357466370cdcb6a77f811a41ce4d072c2,"Class 1, Session 25"
1832042212,fc76ec4b97b3f3020b9f8352ee12213357466370cdcb6a77f811a41ce4d072c2,"Class 1, Session 25"
1211556347,86c337f6a005a35e0880984d6383afe3a26c3db0f429440b3ccb670c4a2d56d7,Astrid
1312800205,86c337f6a005a35e0880984d6383afe3a26c3db0f429440b3ccb670c4a2d56d7,Astrid
1374511017,86c337f6a005a35e0880984d6383afe3a26c3db0f429440b3ccb670c4a2d56d7,Astrid
1405404394,86c337f6a005a35e0880984d6383afe3a26c3db0f429440b3ccb670c4a2d56d7,Astrid
1406658779,86c337f6a005a35e0880984d6383afe3a26c3db0f429440b3ccb670c4a2d56d7,Astrid
1412928819,86c337f6a005a35e0880984d6383afe3a26c3db0f429440b3ccb670c4a2d56d7,Astrid
1528395840,86c337f6a005a35e0880984d6383afe3a26c3db0f429440b3ccb670c4a2d56d7,Astrid
1556702334,86c337f6a005a35e0880984d6383afe3a26c3db0f429440b3ccb670c4a2d56d7,Astrid
1671127653,86c337f6a005a35e0880984d6383afe3a26c3db0f429440b3ccb670c4a2d56d7,Astrid
1992911908,86c337f6a005a35e0880984d6383afe3a26c3db0f429440b3ccb670c4a2d56d7,Astrid
2014579807,86c337f6a005a35e0880984d6383afe3a26c3db0f429440b3ccb670c4a2d56d7,Astrid
492645079,b825f6375875dd102b186b99072de19809e20eb243d0c35669e1e5dce48b2656,Russet Highlands
1211593706,b825f6375875dd102b186b99072de19809e20eb243d0c35669e1e5dce48b2656,Russet Highlands
1326712944,b825f6375875dd102b186b99072de19809e20eb243d0c35669e1e5dce48b2656,Russet Highlands
1331193410,b825f6375875dd102b186b99072de19809e20eb243d0c35669e1e5dce48b2656,Russet Highlands
1465902185,b825f6375875dd102b186b99072de19809e20eb243d0c35669e1e5dce48b2656,Russet Highlands
1549901255,b825f6375875dd102b186b99072de19809e20eb243d0c35669e1e5dce48b2656,Russet Highlands
1558393782,b825f6375875dd102b186b99072de19809e20eb243d0c35669e1e5dce48b2656,Russet Highlands
1564962439,b825f6375875dd102b186b99072de19809e20eb243d0c35669e1e5dce48b2656,Russet Highlands
1718417614,b825f6375875dd102b186b99072de19809e20eb243d0c35669e1e5dce48b2656,Russet Highlands
2042318689,b825f6375875dd102b186b99072de19809e20eb243d0c35669e1e5dce48b2656,Russet Highlands
2060965377,b825f6375875dd102b186b99072de19809e20eb243d0c35669e1e5dce48b2656,Russet Highlands
2142599692,b825f6375875dd102b186b99072de19809e20eb243d0c35669e1e5dce48b2656,Russet Highlands
1211629601,ded58d0053dabbc16d70d055f8c6508586fa32c7c08db16c53ad63a06c965e7f,Huge Moondew Radish
1901735392,ded58d0053dabbc16d70d055f8c6508586fa32c7c08db16c53ad63a06c965e7f,Huge Moondew Radish
1949328192,ded58d0053dabbc16d70d055f8c6508586fa32c7c08db16c53ad63a06c965e7f,Huge Moondew Radish
2135957695,ded58d0053dabbc16d70d055f8c6508586fa32c7c08db16c53ad63a06c965e7f,Huge Moondew Radish
1211646674,c2d3bfa8443653d91c5848b16054010e37bb818135bcfc937da1884086c0db21,Candy
1511175262,c2d3bfa8443653d91c5848b16054010e37bb818135bcfc937da1884086c0db21,Candy
1663299940,c2d3bfa8443653d91c5848b16054010e37bb818135bcfc937da1884086c0db21,Candy
1693604163,c2d3bfa8443653d91c5848b16054010e37bb818135bcfc937da1884086c0db21,Candy
1711532201,c2d3bfa8443653d91c5848b16054010e37bb818135bcfc937da1884086c0db21,Candy
1798830932,c2d3bfa8443653d91c5848b16054010e37bb818135bcfc937da1884086c0db21,Candy
1839318405,c2d3bfa8443653d91c5848b16054010e37bb818135bcfc937da1884086c0db21,Candy
1869338201,c2d3bfa8443653d91c5848b16054010e37bb818135bcfc937da1884086c0db21,Candy
1993008091,c2d3bfa8443653d91c5848b16054010e37bb818135bcfc937da1884086c0db21,Candy
2109387177,c2d3bfa8443653d91c5848b16054010e37bb818135bcfc937da1884086c0db21,Candy
1211660273,6ffa6b8b1c9fa11cb67a0a54b7e3e175dfb7edcb8e8d322148a3b00affc4a842,Stone
1412072117,6ffa6b8b1c9fa11cb67a0a54b7e3e175dfb7edcb8e8d322148a3b00affc4a842,Stone
1788689166,6ffa6b8b1c9fa11cb67a0a54b7e3e175dfb7edcb8e8d322148a3b00affc4a842,Stone
1882377207,6ffa6b8b1c9fa11cb67a0a54b7e3e175dfb7edcb8e8d322148a3b00affc4a842,Stone
1211661731,b603534bfa041709bd397b95b484a93ef4349798fa1fa851bdd975f8b659cb3e,Sunny Daisy without Petals
1951370266,b603534bfa041709bd397b95b484a93ef4349798fa1fa851bdd975f8b659cb3e,Sunny Daisy without Petals
1211661928,d931460078612b0f57421a288b49f596340077039890c025bb6d1a0be7e60181,I’m so excited!
1211723126,167c8679a650a66f87555401c9e6ed321e503bac8a4a4b8d07c5c45aa405be62,Companion Handbook unlocked
1211726032,7edc9a7f2507d89e55612a4ce7b1c09a769439870766e20b6b0747dbaea38fca,You know who I am?
1211734064,2a3e6bf080cb164d958328d5ad8a74f979670b91f026d6db2b4f0b6febbea342,You have captured an Aniimo.
1211752337,130a6d723313963c7f0e5ee14014f41179c70cc21201cffc4df23ec23d07dd86,Naturally! No Aniimo knows the earth like flowers... and no Iris knows colors better than me!
1211763113,10ffe4ee03a33f703017ba7250b8df44475fe8aa08ee80d479bfad7064920c10,"The hatched Aniimo is guaranteed to have <style=Q_5>Perfect</style> Potential, be <style=Hint_BgD>Sparkling</style>, and feature the exclusive Sparkling effect for the Departure with the Wind season."
1211764532,db3b72bb8d7e7ad0e77f2e40bc285d6abdc4588eac485ef16556b34d950c7b7e,Unlock the treasure for passionate mushroom enthusiasts.
1211765687,c6c35a92ec25bdde90a81955b126e749dd3585af8f283bd7139349700a720f8d,Identifying
1211767132,7f10d42335b4b265b51c1074437fcafbf5f3f45e704496aecc887c80059940a3,"1. During the event, Polaris Institute will publish an Ecological Investigation. Each investigation focuses on a single ecological theme and selects a range of representative Aniimo as investigation targets.
2. Pathfinders must follow the investigation list and catch the corresponding Aniimo to help the Institute complete its ecological investigation and earn Investigation Points.
3. Each target Aniimo only grants points the first time its investigation is completed. Catching the same target again will not grant additional points.
4. Please pay close attention to Aniimo forms. Only catching an Aniimo in the same form as listed on the investigation list will complete the corresponding investigation.
5. Once your accumulated Investigation Points reach the specified requirements, you can claim the corresponding milestone rewards.
6. If the investigation target is an Aniimo the Pathfinder has not yet registered in the Aniilog, the points earned for completing its investigation for the first time will be doubled."
1382211557,7f10d42335b4b265b51c1074437fcafbf5f3f45e704496aecc887c80059940a3,"1. During the event, Polaris Institute will publish an Ecological Investigation. Each investigation focuses on a single ecological theme and selects a range of representative Aniimo as investigation targets.
2. Pathfinders must follow the investigation list and catch the corresponding Aniimo to help the Institute complete its ecological investigation and earn Investigation Points.
3. Each target Aniimo only grants points the first time its investigation is completed. Catching the same target again will not grant additional points.
4. Please pay close attention to Aniimo forms. Only catching an Aniimo in the same form as listed on the investigation list will complete the corresponding investigation.
5. Once your accumulated Investigation Points reach the specified requirements, you can claim the corresponding milestone rewards.
6. If the investigation target is an Aniimo the Pathfinder has not yet registered in the Aniilog, the points earned for completing its investigation for the first time will be doubled."
1680515621,7f10d42335b4b265b51c1074437fcafbf5f3f45e704496aecc887c80059940a3,"1. During the event, Polaris Institute will publish an Ecological Investigation. Each investigation focuses on a single ecological theme and selects a range of representative Aniimo as investigation targets.
2. Pathfinders must follow the investigation list and catch the corresponding Aniimo to help the Institute complete its ecological investigation and earn Investigation Points.
3. Each target Aniimo only grants points the first time its investigation is completed. Catching the same target again will not grant additional points.
4. Please pay close attention to Aniimo forms. Only catching an Aniimo in the same form as listed on the investigation list will complete the corresponding investigation.
5. Once your accumulated Investigation Points reach the specified requirements, you can claim the corresponding milestone rewards.
6. If the investigation target is an Aniimo the Pathfinder has not yet registered in the Aniilog, the points earned for completing its investigation for the first time will be doubled."
1794800392,7f10d42335b4b265b51c1074437fcafbf5f3f45e704496aecc887c80059940a3,"1. During the event, Polaris Institute will publish an Ecological Investigation. Each investigation focuses on a single ecological theme and selects a range of representative Aniimo as investigation targets.
2. Pathfinders must follow the investigation list and catch the corresponding Aniimo to help the Institute complete its ecological investigation and earn Investigation Points.
3. Each target Aniimo only grants points the first time its investigation is completed. Catching the same target again will not grant additional points.
4. Please pay close attention to Aniimo forms. Only catching an Aniimo in the same form as listed on the investigation list will complete the corresponding investigation.
5. Once your accumulated Investigation Points reach the specified requirements, you can claim the corresponding milestone rewards.
6. If the investigation target is an Aniimo the Pathfinder has not yet registered in the Aniilog, the points earned for completing its investigation for the first time will be doubled."
1840036488,7f10d42335b4b265b51c1074437fcafbf5f3f45e704496aecc887c80059940a3,"1. During the event, Polaris Institute will publish an Ecological Investigation. Each investigation focuses on a single ecological theme and selects a range of representative Aniimo as investigation targets.
2. Pathfinders must follow the investigation list and catch the corresponding Aniimo to help the Institute complete its ecological investigation and earn Investigation Points.
3. Each target Aniimo only grants points the first time its investigation is completed. Catching the same target again will not grant additional points.
4. Please pay close attention to Aniimo forms. Only catching an Aniimo in the same form as listed on the investigation list will complete the corresponding investigation.
5. Once your accumulated Investigation Points reach the specified requirements, you can claim the corresponding milestone rewards.
6. If the investigation target is an Aniimo the Pathfinder has not yet registered in the Aniilog, the points earned for completing its investigation for the first time will be doubled."
1853024702,7f10d42335b4b265b51c1074437fcafbf5f3f45e704496aecc887c80059940a3,"1. During the event, Polaris Institute will publish an Ecological Investigation. Each investigation focuses on a single ecological theme and selects a range of representative Aniimo as investigation targets.
2. Pathfinders must follow the investigation list and catch the corresponding Aniimo to help the Institute complete its ecological investigation and earn Investigation Points.
3. Each target Aniimo only grants points the first time its investigation is completed. Catching the same target again will not grant additional points.
4. Please pay close attention to Aniimo forms. Only catching an Aniimo in the same form as listed on the investigation list will complete the corresponding investigation.
5. Once your accumulated Investigation Points reach the specified requirements, you can claim the corresponding milestone rewards.
6. If the investigation target is an Aniimo the Pathfinder has not yet registered in the Aniilog, the points earned for completing its investigation for the first time will be doubled."
2000580143,7f10d42335b4b265b51c1074437fcafbf5f3f45e704496aecc887c80059940a3,"1. During the event, Polaris Institute will publish an Ecological Investigation. Each investigation focuses on a single ecological theme and selects a range of representative Aniimo as investigation targets.
2. Pathfinders must follow the investigation list and catch the corresponding Aniimo to help the Institute complete its ecological investigation and earn Investigation Points.
3. Each target Aniimo only grants points the first time its investigation is completed. Catching the same target again will not grant additional points.
4. Please pay close attention to Aniimo forms. Only catching an Aniimo in the same form as listed on the investigation list will complete the corresponding investigation.
5. Once your accumulated Investigation Points reach the specified requirements, you can claim the corresponding milestone rewards.
6. If the investigation target is an Aniimo the Pathfinder has not yet registered in the Aniilog, the points earned for completing its investigation for the first time will be doubled."
2094529946,7f10d42335b4b265b51c1074437fcafbf5f3f45e704496aecc887c80059940a3,"1. During the event, Polaris Institute will publish an Ecological Investigation. Each investigation focuses on a single ecological theme and selects a range of representative Aniimo as investigation targets.
2. Pathfinders must follow the investigation list and catch the corresponding Aniimo to help the Institute complete its ecological investigation and earn Investigation Points.
3. Each target Aniimo only grants points the first time its investigation is completed. Catching the same target again will not grant additional points.
4. Please pay close attention to Aniimo forms. Only catching an Aniimo in the same form as listed on the investigation list will complete the corresponding investigation.
5. Once your accumulated Investigation Points reach the specified requirements, you can claim the corresponding milestone rewards.
6. If the investigation target is an Aniimo the Pathfinder has not yet registered in the Aniilog, the points earned for completing its investigation for the first time will be doubled."
1211785893,9f8bb8232b845ecf95a11e314645ca6876bfaf475b0e4ea2d871b6725d866e3d,"Hold <sprite name=""UI_KeyAlt_PC""><style=Hint_BgL>Show Cursor and press</style>
or press #kHud/OpenSetup#z to enter the [<style=Hint_BgL>Function Menu</style>]"
1211788243,5dcd99e35da485aeafa55950bf250a02436e9e06e5ef742ffe6bb0736629709b,Unlock a single Xbox achievement
1211789591,4f520e0757d190ad69c020a98fa6a11b5015fcafc47cefbf2f13407d1417273d,Yay!
1553197385,4f520e0757d190ad69c020a98fa6a11b5015fcafc47cefbf2f13407d1417273d,Yay!
1211797423,cc4dd0648c72f20844705da2b02927ccc693e1e81e24e4981fe43cb43b981e5c,Intermediate Unit
1211824303,cdd560e572bde54c591b29aae9fde6f4e6172c3bc5913dde63b82b6cba7ba627,Place production facilities in your Homeland and you’re ready to produce! Just make sure you have enough materials in your <style=Hint_BgD>warehouse</style> before you start.
1211840950,9e831060375890d9af30869b0090372f9e4f4490a4d1c4d05d19ce42bf9d2213,Common Catch
1256695768,9e831060375890d9af30869b0090372f9e4f4490a4d1c4d05d19ce42bf9d2213,Common Catch
1754319016,9e831060375890d9af30869b0090372f9e4f4490a4d1c4d05d19ce42bf9d2213,Common Catch
1893328231,9e831060375890d9af30869b0090372f9e4f4490a4d1c4d05d19ce42bf9d2213,Common Catch
1948125826,9e831060375890d9af30869b0090372f9e4f4490a4d1c4d05d19ce42bf9d2213,Common Catch
1985325276,9e831060375890d9af30869b0090372f9e4f4490a4d1c4d05d19ce42bf9d2213,Common Catch
1211850142,71d4ef552098a26108c75d9d057177b61a93ffe9b84e1941e5e429e97b18f0c3,"""I’m back! I came to keep my promise! Let’s use this perfume together and let everyone in the Mistwoods hear our song!"""
1211856321,cfc17066c102eff197d6db5ad827ca35762f9cf0e9c6b4e7d84051b77288a651,Recommended Themes:
1211861494,09005eb4be1ccdb206d63124b3f8e4774e1c1377995583274fd12272650c4616,"Of course, that’s correct. There will be different Aniimo ecosystem in different regions.
But there might other ways to discover more Aniimo in one region."
1211913792,0a9bacaf915428926c5792cdc5ea8ff0ba7a32e8c18756ff8d4beedb8c1b26ef,Maple Candy Star
1211927120,c96ddbdb2e8b4d8137dd779505ba9066d45a9933dd4b6125c9916d1ec450c32d,Calla Lily
1627991010,c96ddbdb2e8b4d8137dd779505ba9066d45a9933dd4b6125c9916d1ec450c32d,Calla Lily
1211962262,174c173baa29c2c3e783c858c0aca3c541236f81911e3ae6a18b4a011f413508,That's it! Will you join?
1211979005,d1c934c0257c1020cdcd05c0aca6472f8f3ff4ceb6f8d34eff13079985ab8dbf,Gracewing
1260146229,d1c934c0257c1020cdcd05c0aca6472f8f3ff4ceb6f8d34eff13079985ab8dbf,Gracewing
1283434806,d1c934c0257c1020cdcd05c0aca6472f8f3ff4ceb6f8d34eff13079985ab8dbf,Gracewing
1458206615,d1c934c0257c1020cdcd05c0aca6472f8f3ff4ceb6f8d34eff13079985ab8dbf,Gracewing
1460380334,d1c934c0257c1020cdcd05c0aca6472f8f3ff4ceb6f8d34eff13079985ab8dbf,Gracewing
1487368918,d1c934c0257c1020cdcd05c0aca6472f8f3ff4ceb6f8d34eff13079985ab8dbf,Gracewing
1644377709,d1c934c0257c1020cdcd05c0aca6472f8f3ff4ceb6f8d34eff13079985ab8dbf,Gracewing
1703976561,d1c934c0257c1020cdcd05c0aca6472f8f3ff4ceb6f8d34eff13079985ab8dbf,Gracewing
1842031005,d1c934c0257c1020cdcd05c0aca6472f8f3ff4ceb6f8d34eff13079985ab8dbf,Gracewing
1980765506,d1c934c0257c1020cdcd05c0aca6472f8f3ff4ceb6f8d34eff13079985ab8dbf,Gracewing
2031906940,d1c934c0257c1020cdcd05c0aca6472f8f3ff4ceb6f8d34eff13079985ab8dbf,Gracewing
2049499972,d1c934c0257c1020cdcd05c0aca6472f8f3ff4ceb6f8d34eff13079985ab8dbf,Gracewing
2094304658,d1c934c0257c1020cdcd05c0aca6472f8f3ff4ceb6f8d34eff13079985ab8dbf,Gracewing
2113756518,d1c934c0257c1020cdcd05c0aca6472f8f3ff4ceb6f8d34eff13079985ab8dbf,Gracewing
1211985243,6d1bc4a56db2e5300cbdb921ff4781fda8318b1590753c9569e4afeaa4daac7d,Event: Aim for the Finish Line
1211987807,4507d5ebc31ff675b8969709d365cd9d1646dcf794f7fd486681b2951e28c385,BREAK +1%
1370433345,4507d5ebc31ff675b8969709d365cd9d1646dcf794f7fd486681b2951e28c385,BREAK +1%
1444692506,4507d5ebc31ff675b8969709d365cd9d1646dcf794f7fd486681b2951e28c385,BREAK +1%
1608377890,4507d5ebc31ff675b8969709d365cd9d1646dcf794f7fd486681b2951e28c385,BREAK +1%
1618762673,4507d5ebc31ff675b8969709d365cd9d1646dcf794f7fd486681b2951e28c385,BREAK +1%
1660165026,4507d5ebc31ff675b8969709d365cd9d1646dcf794f7fd486681b2951e28c385,BREAK +1%
1722471598,4507d5ebc31ff675b8969709d365cd9d1646dcf794f7fd486681b2951e28c385,BREAK +1%
1794788243,4507d5ebc31ff675b8969709d365cd9d1646dcf794f7fd486681b2951e28c385,BREAK +1%
1934951173,4507d5ebc31ff675b8969709d365cd9d1646dcf794f7fd486681b2951e28c385,BREAK +1%
2075742613,4507d5ebc31ff675b8969709d365cd9d1646dcf794f7fd486681b2951e28c385,BREAK +1%
1211991259,125c1cb8f671e4f68e368651169a52c208dfae33b5453008ec7dce7460132ca1,The mysterious Aniimo egg is still hatching. Please be more patient.
1212000951,f9e8f1e95ea04147b06584c807908e45a028e9c4889cb1de8efe80ae8de4841e,...Maybe that’s why I’m always just a little off. Just a little short.
1212025454,0c04f77ac23118329f617cdeb862b73312fa4a1ceabc3f7a30faf466b94e4a99,Stellar Trace
1212043110,669707850a1fc1169447279c442b6e328792b5bf777300e11c3c35b4561bf87e,"Are you okay, Sunia?
The elder is worried about you, so he sent us to find you."
1212066924,1e2da8957f72e1f969871f24cc51033059e2434b5a72ea7c6be1e7e38b6a3239,Flower Pattern - Green Rhombus Low Wall
1369858524,1e2da8957f72e1f969871f24cc51033059e2434b5a72ea7c6be1e7e38b6a3239,Flower Pattern - Green Rhombus Low Wall
1212110594,88c1cab46f66e5e34a7e2bed3d15df0fb989357bb77c86fae288b745de0223f8,Load Status
1212206972,7fda244070ad5102fc8f9f3fa4eb0056bc0006686813d8e10cc713cf5f9261c3,Coin Monster
1328423083,7fda244070ad5102fc8f9f3fa4eb0056bc0006686813d8e10cc713cf5f9261c3,Coin Monster
1212214841,3221671cd0565ca10b3703a14f9d2c58192dbf0a333c489101c7579daa8439d0,Obtain item: Fulminous Soul
1730983343,3221671cd0565ca10b3703a14f9d2c58192dbf0a333c489101c7579daa8439d0,Obtain item: Fulminous Soul
2045560927,3221671cd0565ca10b3703a14f9d2c58192dbf0a333c489101c7579daa8439d0,Obtain item: Fulminous Soul
1212257162,850c72273477f15eb51c002da5ea711e65380c7895f01d1f5183890d347c37d9,"Long ago, Baleetles scoured the land for quality stone balls to bring back to Berylline Vale. One Baleetle found a perfect stone, but failed to push it over the mountain and bring it back. Every time it neared the peak, the ball rolled back down, dragging the Baleetle with it. Over time, this created a strange, straight path up the mountain. One day, the earth shook, the mountain crumbled, and a stone wall marked with the words ""mountain path"" fell onto Berylline Vale, which was the only proof of this event. Later, other Baleetles saw this ""mountain path"" and used it as a natural racetrack. Years later, the rock turned pure cyan, nurturing a stoneflower within—a symbol of life blooming in the wrong place."
1212263868,7fc0e51eb9da87362541362fc396f4420f343ac75de3f4f5bb5453ff27dc2365,Do we still need to go deeper?
1212273556,371d374561ec63e87cad75db531245be0752cc9887588f94d8cc34c6ab2e63f4,"1. This game is a role-playing game suitable for users aged 12 and above. It is recommended that minors use this game under parental supervision.
2. This game is based on a fictional Lore. The Story tells of Pathfinders forming friendships with creatures from a fictional World and exploring adventures together in a new World. The plot is Easy and positive, with no adaptations based on real history or the real World. The scenes are bright and colorful, with upbeat and lively music. Pathfinders play as human Pathfinders in the game. Gameplay is based on physical operations of moderate difficulty and cognitive judgment of moderate difficulty, encouraging Pathfinders to achieve their goals through thinking and Training. The game includes a text and voice-based stranger social System.
3. This game has a real-name authentication System. Users authenticated as minors will be subject to the following restrictions: minor users may only log in to the game from 20:00 to 21:00 on Fridays, Saturdays, Sols, and legal holidays. They are not allowed to play at other times.
4. This game focuses on exploration and Training, and can cultivate Pathfinders' imagination and love for nature. In the game, every Pathfinder can form deep friendships with adorable fictional creatures and embark on a journey of Talents together, exploring unknown territories. During this process, Pathfinders will not only experience adventures, but also enjoy the joy of teamwork. The game design can bring optimistic and positive emotional responses to Pathfinders, guide Pathfinders to form positive emotional expressions, and gain a relaxed and comfortable emotional experience."
1212277933,83d29406b9e37e46a5c0c27324fa11a38d9e6c1afeaf2b79aaf2b61bb8ff1f5e,Building Block - Baby Blue
1519261931,83d29406b9e37e46a5c0c27324fa11a38d9e6c1afeaf2b79aaf2b61bb8ff1f5e,Building Block - Baby Blue
1212295162,18efed5ca427a73e1c1006dc20b3a455bc3c1a019aae9942d681afb9caf31c35,It’s the Beeeautiful Voice Perfume!
1212312389,92fc7d1eba9bcdb3e0d33f234ca3231c7715cf98cf1ae01f4199be47cf8a0eab,Requires Pathfinder title - Special Rookie
1212322801,38cf8658f29d8b5a1e9b15d08b2869f936d291787b1837bb02bbab23da8728cd,Flux Crystal
1212348259,5fc5a0fa76fdf54d8dd32fc908a542737ca68a29cc27f4ca34a46f0bb45ffa19,Possible Rewards
1378758556,5fc5a0fa76fdf54d8dd32fc908a542737ca68a29cc27f4ca34a46f0bb45ffa19,Possible Rewards
1469665614,5fc5a0fa76fdf54d8dd32fc908a542737ca68a29cc27f4ca34a46f0bb45ffa19,Possible Rewards
1535430313,5fc5a0fa76fdf54d8dd32fc908a542737ca68a29cc27f4ca34a46f0bb45ffa19,Possible Rewards
1660130944,5fc5a0fa76fdf54d8dd32fc908a542737ca68a29cc27f4ca34a46f0bb45ffa19,Possible Rewards
1761045044,5fc5a0fa76fdf54d8dd32fc908a542737ca68a29cc27f4ca34a46f0bb45ffa19,Possible Rewards
1883232492,5fc5a0fa76fdf54d8dd32fc908a542737ca68a29cc27f4ca34a46f0bb45ffa19,Possible Rewards
1212357296,3bb12372e5f854533ba488bac69bab7753e1530b9504b4315e3b7398c9fa7745,"When struck by a <style=Hint_BgL>shock wave</style>, it blooms from a bud into a flower and releases pollen that puts both humans and Aniimo into a <style=Hint_BgL>deep sleep</style>."
1212400807,1efffda3850ccfe19a3759578c633026fc73d0b64862196f504f4c1ea8798d0b,Spore Vulnerability
1212403755,5c00afe44e445f6e273d6ea31d8bdc7d4029901d4555ba3856b52fe768c0d741,Material Synthesizer (Level 5)
1212450437,d2b98fb53714f23cc0aa7b0ad6dbf910dd537237d7debe818a142590a322b992,Travel
1823666928,d2b98fb53714f23cc0aa7b0ad6dbf910dd537237d7debe818a142590a322b992,Travel
1886118379,d2b98fb53714f23cc0aa7b0ad6dbf910dd537237d7debe818a142590a322b992,Travel
1212454809,8d6396567765f579049b10a0cce2464095f59b852406f7dae8c45e1a1641f101,Surging Wave
1562757530,8d6396567765f579049b10a0cce2464095f59b852406f7dae8c45e1a1641f101,Surging Wave
1212489859,70eadc5ae4ebc458ef86a1ade28147282a398ec6ccacd1475929385346f95c9f,Habit Title Placeholder
1212560219,323785a3e0a8d38912420a96e7d163da8c62990f9a34928192762dd52530bfdc,"Good to see you! Look at my new Scorchhowl form. Pretty cool, right?
Honestly, I never quite got the appeal of the original look..."
1212575468,3233bcd79bb5f2ba750bd15fcb6c9974200bf954ca98a5ccb5d7ba7441d9b098,Special Form score
1212592032,323fc60d7d84461718ab1faa7348f073dd870f5467990027ea360d1c174fbc19,...she achieved her goal with astonishing speed.
1236489096,323fc60d7d84461718ab1faa7348f073dd870f5467990027ea360d1c174fbc19,...she achieved her goal with astonishing speed.
1212603150,be48b3c26a6394799c931c17701a403a9e7c981f74a8adcec86282a4ceb99d68,"The Pathfinding Dept. conducts scientific research and field expeditions. Its members venture deep into uncharted natural landscapes, investigate mysterious ancient ruins, uncover the secrets of Idyll, and drive the Expedition ever onward toward the next coordinates."
1212605194,0aa91af2ec4c1fd761cc39b838088c06ef2190a5f72ab1e4f6fe7e7487bce5b7,Studio
1212613762,d19a8ca5b596ddb0b56577ab72b099e46dfcd9dcf3f8db7a67a1addf4866b434,Collector’s Edition: Feather Bathed in Light
1227595694,d19a8ca5b596ddb0b56577ab72b099e46dfcd9dcf3f8db7a67a1addf4866b434,Collector’s Edition: Feather Bathed in Light
1248300314,d19a8ca5b596ddb0b56577ab72b099e46dfcd9dcf3f8db7a67a1addf4866b434,Collector’s Edition: Feather Bathed in Light
1691145952,d19a8ca5b596ddb0b56577ab72b099e46dfcd9dcf3f8db7a67a1addf4866b434,Collector’s Edition: Feather Bathed in Light
2043077484,d19a8ca5b596ddb0b56577ab72b099e46dfcd9dcf3f8db7a67a1addf4866b434,Collector’s Edition: Feather Bathed in Light
2091935946,d19a8ca5b596ddb0b56577ab72b099e46dfcd9dcf3f8db7a67a1addf4866b434,Collector’s Edition: Feather Bathed in Light
1212614191,d61990fc9a04cdeb095c3b19e986a1190cf6d658dd4f4433ab1accb9013aa42e,CRIT DMG Rune
1212637660,1d20fd8b0f06f8cf639380e6f0e19e1073b4fb49ee7c3730c04c2a7c77638d45,[Limited Merch] Commemorative Badge
1800680796,1d20fd8b0f06f8cf639380e6f0e19e1073b4fb49ee7c3730c04c2a7c77638d45,[Limited Merch] Commemorative Badge
1212654833,f232eb6b6d16b7ed4f139b3f47eea91673a074a8d46f9939aef68cb091b7595a,"#playerName#, what's up? Gonna take some photos?
Then come to me when you're done!"
1212689882,a960737bc760d201fd82050741f63fae4ca14fc51362766241538db9a134e442,[Stamp Rush] Excess Rewards Issued
1212691219,f5a160e7163deba64d25d5325eb510c5da1e7d8cbea67881dbbaf7305ac1d753,Yellow again... Still not gold...
1212695555,2879f37460845ea9a0836ff80d6ef00588bbe4900ad7166be13d2deaaa37536c,I wonder what Sunia’s new fragrance will smell like this time—I’m really looking forward to it!
1212728022,aaebf327e0b3d0a49588288cc8c607c39a9d56810bb7b5fd197c34640f83869a,General Information Desk
1594776565,aaebf327e0b3d0a49588288cc8c607c39a9d56810bb7b5fd197c34640f83869a,General Information Desk
1212728257,0c5c1a1b7d6fd580311b4a29023b2044166a05df885e8c4e3fba9544af4e5475,This screen is already in the cursor mode.
1212736912,22ce3b92d10add0a3cdab7e02fc34cbe3aa291b24788ba3f1c8cb51b0f426f98,Down already...? Lucky... I want to know what it feels like... losing consciousness like that...
1212742623,5dfcf9ef1fb1ecbce32fefe37ae99aff68832a7e2ac74f52daa5a1bcd8038118,Thomas
1603994458,5dfcf9ef1fb1ecbce32fefe37ae99aff68832a7e2ac74f52daa5a1bcd8038118,Thomas
1721187764,5dfcf9ef1fb1ecbce32fefe37ae99aff68832a7e2ac74f52daa5a1bcd8038118,Thomas
1740676598,5dfcf9ef1fb1ecbce32fefe37ae99aff68832a7e2ac74f52daa5a1bcd8038118,Thomas
1924987999,5dfcf9ef1fb1ecbce32fefe37ae99aff68832a7e2ac74f52daa5a1bcd8038118,Thomas
1946710135,5dfcf9ef1fb1ecbce32fefe37ae99aff68832a7e2ac74f52daa5a1bcd8038118,Thomas
2082727846,5dfcf9ef1fb1ecbce32fefe37ae99aff68832a7e2ac74f52daa5a1bcd8038118,Thomas
1212746251,75d4e73d226325522ab5b9571ace9f03b496b1bf2914db0257ae7e0e767c88d0,The closest...
1906734807,75d4e73d226325522ab5b9571ace9f03b496b1bf2914db0257ae7e0e767c88d0,The closest...
1212775376,d6ff68f584c2e1f06fc61f39cbe6aac5885e2470431d3f71f97896acd95a844a,An ornament for decorating your Home.
1263934333,d6ff68f584c2e1f06fc61f39cbe6aac5885e2470431d3f71f97896acd95a844a,An ornament for decorating your Home.
1316255725,d6ff68f584c2e1f06fc61f39cbe6aac5885e2470431d3f71f97896acd95a844a,An ornament for decorating your Home.
1533817763,d6ff68f584c2e1f06fc61f39cbe6aac5885e2470431d3f71f97896acd95a844a,An ornament for decorating your Home.
1540148337,d6ff68f584c2e1f06fc61f39cbe6aac5885e2470431d3f71f97896acd95a844a,An ornament for decorating your Home.
1794828601,d6ff68f584c2e1f06fc61f39cbe6aac5885e2470431d3f71f97896acd95a844a,An ornament for decorating your Home.
1796544447,d6ff68f584c2e1f06fc61f39cbe6aac5885e2470431d3f71f97896acd95a844a,An ornament for decorating your Home.
1841050308,d6ff68f584c2e1f06fc61f39cbe6aac5885e2470431d3f71f97896acd95a844a,An ornament for decorating your Home.
1929424784,d6ff68f584c2e1f06fc61f39cbe6aac5885e2470431d3f71f97896acd95a844a,An ornament for decorating your Home.
1939927270,d6ff68f584c2e1f06fc61f39cbe6aac5885e2470431d3f71f97896acd95a844a,An ornament for decorating your Home.
2042345073,d6ff68f584c2e1f06fc61f39cbe6aac5885e2470431d3f71f97896acd95a844a,An ornament for decorating your Home.
2137277665,d6ff68f584c2e1f06fc61f39cbe6aac5885e2470431d3f71f97896acd95a844a,An ornament for decorating your Home.
1212791739,87ad12e24ce176dae98506647472dd9119de1f9ce851046d24bf02c1295ce63a,"Hey there, Pathfinder! Looking to stock up on supplies?"
1212799894,836cd77f21a3cbad6740806a4d308cf82eeeb95921cc9b4984d2fc96ebe103b2,Helm-helm!
1212821157,7ed151d85291ec72bbf2ddd830903a5f0cad3ef2aab669c167b09ed560c16cb8,"Pathfinder, I wonder if it has anything to do with these strangely colored <style=Hint_BgL>flashing crystals</style>, but I cannot interact with these crystals with my current strength."
1212839493,1c08732a35a0f1ba679a8f311bc64786ff040006eb6ed9f09131627bc45af6ba,Monthly Pass Instant Reward
1212867916,82f029942559e3e94adb3688e71bcef3ea69e9609e3be34835cb795a38d70a80,"Dream Irises symbolize passion and first love. Shaped like a Dewy’s tail, these flowers carry a fragrance so unique that it draws one into a rapturous dream."
1212872609,fb9855069d235130252f0f11f5fa85fffe2ac8eb539f8386716901fe358f50b5,You cannot switch input devices during this tutorial. Please continue using the original device.
1212914102,1e4fa81b78935436e865f5f5626f239ed5125487a9eba2f9e5b7e7b1710fd2a2,Event Details
1877283722,1e4fa81b78935436e865f5f5626f239ed5125487a9eba2f9e5b7e7b1710fd2a2,Event Details
1878692585,1e4fa81b78935436e865f5f5626f239ed5125487a9eba2f9e5b7e7b1710fd2a2,Event Details
2008453446,1e4fa81b78935436e865f5f5626f239ed5125487a9eba2f9e5b7e7b1710fd2a2,Event Details
2055700849,1e4fa81b78935436e865f5f5626f239ed5125487a9eba2f9e5b7e7b1710fd2a2,Event Details
1212940179,959d2cb47a3bda713f044eb3d7dfeb8559de81055af5953bff2ca9b295a18326,Budclaw Sand Sculpture I
1546145557,959d2cb47a3bda713f044eb3d7dfeb8559de81055af5953bff2ca9b295a18326,Budclaw Sand Sculpture I
1212946434,294261eeb30293cef005cc555b76ea0b90dabb5e15b14971a8baf436f099766b,"Flips forward toward the target and slams the ground with a tail strike, dealing damage. Can consume <style=Hint_BgL>10</style> stacks of <style=Hint_BgL><link=""source_8038""><u>[Ice Debuff]</u></link></style> to deal <style=Hint_BgL><customRichText(calcData,ability,11330520,param2,1,%d)>%</style> extra damage."
1212953009,a5f084276a2113f579e4a068a6b024764b5f2fee2999d34b927bc96993037655,"How do we get up there now? The big rock next to it is blocking the Wind Fields, so we... can't Fly!"
1212964777,5af20ba26e731d1a0cd56a2bc4c97e5f082cbe6120431d786b773b90dfd88f28,"Changes your Aniimo’s color.
<color=#4c94e9>Rare: Peach White, Crimson Flame, Amber Dawn, Ember, Deep Teal</color>
<color=#b767e1>Epic: [Floral Glow - Cherry-Blossom Afterglow] Set, [Shadowthorn Phantom - Deep Violet] Set</color>
<color=#e49b43>Legendary: [Sunflare Rose] Set, [Starbloom Moonlight] Set, Silver Bead, Crimson Bloom, Frostluster</color>"
1212973771,651aad7f67b2b2d73270943a5e5933cfe7236157e7ccf7409e19ddc6981963ee,Fantasy Crops
1635153494,651aad7f67b2b2d73270943a5e5933cfe7236157e7ccf7409e19ddc6981963ee,Fantasy Crops
1904669086,651aad7f67b2b2d73270943a5e5933cfe7236157e7ccf7409e19ddc6981963ee,Fantasy Crops
1212975906,b63d021b2005d83ae1e6904490970f33e59c25db0ddcf21d3eeb4235ad2f2dae,Graphics Mode
1212990833,b4f1f7574d8b411739339cc72ab2fde6d07d0316d249c58042358db6b7d1e95a,Better luck next time.
1704820704,b4f1f7574d8b411739339cc72ab2fde6d07d0316d249c58042358db6b7d1e95a,Better luck next time.
1212992499,dcd908d59bd132615550a586a2fd3b1069d287e23c89943f8d865ad41302efcf,Attack Amplifier - Might
1485677387,dcd908d59bd132615550a586a2fd3b1069d287e23c89943f8d865ad41302efcf,Attack Amplifier - Might
1844065179,dcd908d59bd132615550a586a2fd3b1069d287e23c89943f8d865ad41302efcf,Attack Amplifier - Might
1855849422,dcd908d59bd132615550a586a2fd3b1069d287e23c89943f8d865ad41302efcf,Attack Amplifier - Might
2092241793,dcd908d59bd132615550a586a2fd3b1069d287e23c89943f8d865ad41302efcf,Attack Amplifier - Might
2140332098,dcd908d59bd132615550a586a2fd3b1069d287e23c89943f8d865ad41302efcf,Attack Amplifier - Might
1213002540,9dc7b06193391b211d3fe07b84ae8e7b32ad9cc0669238d0425aed15f20cff07,"When participating in a <style=Hint_BgD>Wild Surge</style> in a friend’s world, your own world’s Prismatic Energy will also grow significantly."
1213004758,944311c2728e5e21232fc24a7637eb0030b9c61f0a3ab480b496a8802af46e0b,I've become stronger
1213012225,7b47361aad19bb483aeab081a7df0a55f7cb0fdb3327efe6dd016e6353a17880,Base
1213012245,e5a0807b76a22cb7cffeffacdd7c586da7ba877916b87e277a2f60a77b11618a,"Yan the Budclaw drilled into the ground, lifting the stuck tire..."
1213018316,29849779b7ba50e35e886bf5fbdfcfe39de9299f9633d207b15e416fca3765cc,"Defeat the Alpha and Omega Aniimo roaming across Idyll, and claim the rare treasures they have kept so carefully."
1417444378,29849779b7ba50e35e886bf5fbdfcfe39de9299f9633d207b15e416fca3765cc,"Defeat the Alpha and Omega Aniimo roaming across Idyll, and claim the rare treasures they have kept so carefully."
1523793133,29849779b7ba50e35e886bf5fbdfcfe39de9299f9633d207b15e416fca3765cc,"Defeat the Alpha and Omega Aniimo roaming across Idyll, and claim the rare treasures they have kept so carefully."
1715441911,29849779b7ba50e35e886bf5fbdfcfe39de9299f9633d207b15e416fca3765cc,"Defeat the Alpha and Omega Aniimo roaming across Idyll, and claim the rare treasures they have kept so carefully."
1824758043,29849779b7ba50e35e886bf5fbdfcfe39de9299f9633d207b15e416fca3765cc,"Defeat the Alpha and Omega Aniimo roaming across Idyll, and claim the rare treasures they have kept so carefully."
1213054839,a3c93765709ea16ef7aee185e4f3a1dcc8d4c5f91104284210ebe5c038a561e7,A device used to hatch eggs.
1706568850,a3c93765709ea16ef7aee185e4f3a1dcc8d4c5f91104284210ebe5c038a561e7,A device used to hatch eggs.
1213060272,f0b49b3045b0966faf7effe3133fca4c2a408778e71e7eec3cffa38d4f6d80c6,Next stage:
1213096537,3b993b776b82d0eb9457d2117d17223f097b0bc64e9b698cb4645e9f46c6f347,Test Feather
1430332012,3b993b776b82d0eb9457d2117d17223f097b0bc64e9b698cb4645e9f46c6f347,Test Feather
1213119503,37c25fc974ea5cddc6dbd70272839a48b3bb58bff5d0f63d225aadcb4b3694aa,"Don't ask anymore, in short, we must be cautious! Careful! Meticulous!
From now on, reduce the time spent sunbathing and lie in the sea more often!"
1213121181,8063187fa65a683005b1c887ceff4824d72b2ddcc1544327b92b4968d11c4d1c,"Restores <style=Hint_BgL><customRichText(calcData,buff,402000501,param0,1)> Energy</style> per second."
1213188195,9819eb93740f65d7a958926e24d6da8368aa453bdb9bf08e3bea61c405a568dd,Iron Tower
1347131429,9819eb93740f65d7a958926e24d6da8368aa453bdb9bf08e3bea61c405a568dd,Iron Tower
1833435928,9819eb93740f65d7a958926e24d6da8368aa453bdb9bf08e3bea61c405a568dd,Iron Tower
1213211234,c4f73add91fecb73b0d639c045305cb199e85a1764d847aa6590a9cff6a91ac6,Ji... ji-beep!
1542056443,c4f73add91fecb73b0d639c045305cb199e85a1764d847aa6590a9cff6a91ac6,Ji... ji-beep!
1639461954,c4f73add91fecb73b0d639c045305cb199e85a1764d847aa6590a9cff6a91ac6,Ji... ji-beep!
1645371604,c4f73add91fecb73b0d639c045305cb199e85a1764d847aa6590a9cff6a91ac6,Ji... ji-beep!
1795887545,c4f73add91fecb73b0d639c045305cb199e85a1764d847aa6590a9cff6a91ac6,Ji... ji-beep!
1213240618,bfce088c173298ddb6c6ee5d6095d9da3d089f2d15f485cb524dd91ea269a107,Prismana Panpanta
1927443185,bfce088c173298ddb6c6ee5d6095d9da3d089f2d15f485cb524dd91ea269a107,Prismana Panpanta
1213257910,2e9b5a0c4e6aeb0891cc2c8e346bf9d556bd5590327441bfda28fdf36ff4db43,Victory
1216957878,2e9b5a0c4e6aeb0891cc2c8e346bf9d556bd5590327441bfda28fdf36ff4db43,Victory
1409962705,2e9b5a0c4e6aeb0891cc2c8e346bf9d556bd5590327441bfda28fdf36ff4db43,Victory
1926588738,2e9b5a0c4e6aeb0891cc2c8e346bf9d556bd5590327441bfda28fdf36ff4db43,Victory
1213260444,cc93899a145758f6e3d06c40f3d26ea63d2167cb7eaf72fd292bba26f153eb62,"Twine with an Aniimo, then tap and hold #kHud/SkillQ#z to aim. Release to <style=Hint_BgL>launch a fire ball at the target</style>.
Launching fire balls at <style=Hint_BgL>flammable objects such as wooden chests and vines</style> can <style=Hint_BgL>ignite</style> them. Once fully burned, they will <style=Hint_BgL>disappear</style>.
<style=Hint_BgL>Flames or burning objects</style> can <style=Hint_BgL>activate Fire-type obelisks</style>."
1883572930,cc93899a145758f6e3d06c40f3d26ea63d2167cb7eaf72fd292bba26f153eb62,"Twine with an Aniimo, then tap and hold #kHud/SkillQ#z to aim. Release to <style=Hint_BgL>launch a fire ball at the target</style>.
Launching fire balls at <style=Hint_BgL>flammable objects such as wooden chests and vines</style> can <style=Hint_BgL>ignite</style> them. Once fully burned, they will <style=Hint_BgL>disappear</style>.
<style=Hint_BgL>Flames or burning objects</style> can <style=Hint_BgL>activate Fire-type obelisks</style>."
1213329415,fc0b3d763a7bcceb821635363e5b96c76df671072bc2945f84daaec1b75de646,The <style=Hint_BgL>Advanced Processed Items</style> produced by the Bouncy Brew Keg in your Home can be sold at the relevant shop for <style=Hint_BgL>Home Coins</style>.
1213332161,6da576433029c5a3d702fb7b173c5d14c24fd7f27fe6e905740cbd6db2c92237,The ones who took Lunara!
1213336806,233d26e97f6469a0a7e0369bfb9ff2504cc5e0037df310c7600d18d62deebce4,!!
1213347167,18d3ca74afd9db15e89cae2e54d8544bd0dadf96901974cc3c3a5c75c354ecaf,"Today’s Recommended Accessory Tags: {0}, {1}, {2}"
1213368390,52b33415b69dfa357b4f56ed43a83636ef74653e8d28928ccd631897b39f7e06,"<color=#fff38b>Berylline Vale</color>’s Vein energy is running high, drawing special Prismana Aniimo, who will appear when the Prismana Flow arrives!"
1213378356,448b7e8a82007ff23733c7efbcc27ef4d553055f2bf89350a3d50c432da6bf5d,"Jump up and slam down with the entire body onto the target, dealing area Damage."
1213382814,5925cba81601bcab903d57114b83f597b66958c20c0aebf5f2e3e7d1b30b3f8b,A cloud white building block for all kinds of structures.
1659295059,5925cba81601bcab903d57114b83f597b66958c20c0aebf5f2e3e7d1b30b3f8b,A cloud white building block for all kinds of structures.
1213388546,220c8c898cba48a70cbe71af6cdc34390317519cde94c8ea6fd0cb67964df50a,Basic Blueprint
1213415188,7f539a3905cc63b485d9c8d82ed6525592a297baf10b70984ee0203e0000db35,Can’t find my way through this thick fog...
279710986,5b31b21a2e71e7aa41357bbfb3c41071c2494fd98a7c858149540ad68959aed9,Use a two- or multi-player Emote once
1213445534,5b31b21a2e71e7aa41357bbfb3c41071c2494fd98a7c858149540ad68959aed9,Use a two- or multi-player Emote once
1213514710,d9b1de28ac1d9bd66649aff779434e51ce80bae0fea23fb03ed652eece8b222e,Small yellow mushrooms that grow in clusters.
1740115741,d9b1de28ac1d9bd66649aff779434e51ce80bae0fea23fb03ed652eece8b222e,Small yellow mushrooms that grow in clusters.
1213556338,e1fea179eeb5c3b98ff7fd075b3c33a6efa9bafda07590b600a6ae7945ec330a,Empty Easel
1978109477,e1fea179eeb5c3b98ff7fd075b3c33a6efa9bafda07590b600a6ae7945ec330a,Empty Easel
1213563952,5094e895a09fc5f8361fd6beb4b7b4030dfbb25e3ad0010229a2a623780a94db,30 Days of Cloud Gaming
1779171226,5094e895a09fc5f8361fd6beb4b7b4030dfbb25e3ad0010229a2a623780a94db,30 Days of Cloud Gaming
1213592395,69c00554b928f0c3be988a238407fd0f15ed3e77b70f075f0e730f4dc7d5cc5a,Crafting Table (Level 5)
1501215456,69c00554b928f0c3be988a238407fd0f15ed3e77b70f075f0e730f4dc7d5cc5a,Crafting Table (Level 5)
1213632418,4d028a4780e0966d68ecfd5479616c09ec9d1dd05dc8edbc048d5eed5265f18c,...So it was a misunderstanding. Sorry... outsider... Pathfinder.
1273772183,4d028a4780e0966d68ecfd5479616c09ec9d1dd05dc8edbc048d5eed5265f18c,...So it was a misunderstanding. Sorry... outsider... Pathfinder.
1213682867,40af3e097ff2abf33e297a5caae1a2fe83704917f69490a6c776c4216c61979a,Used to build walls in your Home.
1362434369,40af3e097ff2abf33e297a5caae1a2fe83704917f69490a6c776c4216c61979a,Used to build walls in your Home.
1362557884,40af3e097ff2abf33e297a5caae1a2fe83704917f69490a6c776c4216c61979a,Used to build walls in your Home.
1453633750,40af3e097ff2abf33e297a5caae1a2fe83704917f69490a6c776c4216c61979a,Used to build walls in your Home.
1513448200,40af3e097ff2abf33e297a5caae1a2fe83704917f69490a6c776c4216c61979a,Used to build walls in your Home.
1565930486,40af3e097ff2abf33e297a5caae1a2fe83704917f69490a6c776c4216c61979a,Used to build walls in your Home.
1613651630,40af3e097ff2abf33e297a5caae1a2fe83704917f69490a6c776c4216c61979a,Used to build walls in your Home.
1622922124,40af3e097ff2abf33e297a5caae1a2fe83704917f69490a6c776c4216c61979a,Used to build walls in your Home.
1649119316,40af3e097ff2abf33e297a5caae1a2fe83704917f69490a6c776c4216c61979a,Used to build walls in your Home.
1698509401,40af3e097ff2abf33e297a5caae1a2fe83704917f69490a6c776c4216c61979a,Used to build walls in your Home.
1805947011,40af3e097ff2abf33e297a5caae1a2fe83704917f69490a6c776c4216c61979a,Used to build walls in your Home.
1995940727,40af3e097ff2abf33e297a5caae1a2fe83704917f69490a6c776c4216c61979a,Used to build walls in your Home.
2027051930,40af3e097ff2abf33e297a5caae1a2fe83704917f69490a6c776c4216c61979a,Used to build walls in your Home.
2044558682,40af3e097ff2abf33e297a5caae1a2fe83704917f69490a6c776c4216c61979a,Used to build walls in your Home.
2046376570,40af3e097ff2abf33e297a5caae1a2fe83704917f69490a6c776c4216c61979a,Used to build walls in your Home.
2063203718,40af3e097ff2abf33e297a5caae1a2fe83704917f69490a6c776c4216c61979a,Used to build walls in your Home.
2145106807,40af3e097ff2abf33e297a5caae1a2fe83704917f69490a6c776c4216c61979a,Used to build walls in your Home.
1213699273,5b5e9c65b400565c2cd80615d8c56ebdc45b769dd18b950344428dbcf67b5069,Purchase
2050567663,5b5e9c65b400565c2cd80615d8c56ebdc45b769dd18b950344428dbcf67b5069,Purchase
1213724779,84ae990c71ef7d1bbcfdf63d3af255fe733735ee257f51e424546a58d940baf2,"The warm glow of candlelight shines through the glass, peaceful and inviting."
1279132739,84ae990c71ef7d1bbcfdf63d3af255fe733735ee257f51e424546a58d940baf2,"The warm glow of candlelight shines through the glass, peaceful and inviting."
1213746952,f5928c4deb98bc700c1cc75a1a2bfba19bb897989dcb9050b09f72edfd758573,This hole is so narrow that only small Aniimo can fit through.
1213775074,147fa16c90956862025e423268350b311ab4556b6b95acf1bad5fe4419325b10,Wo-hoo? Ho-hoo!
1611080654,147fa16c90956862025e423268350b311ab4556b6b95acf1bad5fe4419325b10,Wo-hoo? Ho-hoo!
1672562488,147fa16c90956862025e423268350b311ab4556b6b95acf1bad5fe4419325b10,Wo-hoo? Ho-hoo!
1213776877,4b3b74a896a886ad3e508b74eb3de48be993aa53348c389868f1b4cfcd069a5e,Lavazar
1271601821,4b3b74a896a886ad3e508b74eb3de48be993aa53348c389868f1b4cfcd069a5e,Lavazar
1856609951,4b3b74a896a886ad3e508b74eb3de48be993aa53348c389868f1b4cfcd069a5e,Lavazar
1992968355,4b3b74a896a886ad3e508b74eb3de48be993aa53348c389868f1b4cfcd069a5e,Lavazar
1213797590,50a44df966e987941e8e276fc5180e4da136030a96dcb5f9771d6e006c9f1271,A simple wooden board that creates a little corner to arrange however you please.
1636397259,50a44df966e987941e8e276fc5180e4da136030a96dcb5f9771d6e006c9f1271,A simple wooden board that creates a little corner to arrange however you please.
1882824736,50a44df966e987941e8e276fc5180e4da136030a96dcb5f9771d6e006c9f1271,A simple wooden board that creates a little corner to arrange however you please.
1999021379,50a44df966e987941e8e276fc5180e4da136030a96dcb5f9771d6e006c9f1271,A simple wooden board that creates a little corner to arrange however you please.
1213807174,090155c30f257af13ab68660949cdcc5bbdfdb06edccfc3878d6b5aef7b072bf,Allow Others to Snap Similar Photos
1213809823,57f9da85c39ce92cb2b08f30682b22d058ce294ca393fb6e06e326ec710130db,It’s thanks to our predecessors and their tireless exploration...
1213815695,1203e2c162093328fd0e3040fa77e8388db35a5cb2e6dd8c673d5071af01b9e5,How infuriating!! I’ll get you next time!
1213816573,f2521dea0b580082d49134d63b39908750b44865a735e1860d03ced3bb891148,Its scent contains vein energy. I can use it to guide you in.
1213820389,1642d00a469c7fa795777cc62993f741b5ea566788b40adbabc02cea72b16119,Woof woof! I am the strongest warrior of Beast Fang Ridge!
1213823157,ecc550c63a53cc1a5a569e35f3fde75c7d127144e92f6e0857329b4867048586,Emberpup Backpack
2043076505,ecc550c63a53cc1a5a569e35f3fde75c7d127144e92f6e0857329b4867048586,Emberpup Backpack
1213823759,122bced922a312ca55aef81f0b2ccb394fc4557e4fad19dab069aeacdbe146d1,Maximum flight height reached.
1213824747,e30b2476038d96b808b8818bbee40193a71ce970e77d486945337815b2b0949a,"Radiating mysterious deep blue light, with caps that shimmer with a Water-like luster.
Can be sold in the Inventory or at the Co-op Store for Home Coins."
1213837925,4856c6c7654f33c80992b3b4a4695d62d22a3f2551afaff050cc16ac5591d01b,Server Name Text
1213842495,4ae4695d2446defaed595b33941f291a5a58b38b0f9042098ccac4d179e8c947,For Course Objective Display Only
1213865278,b9db252326f7fa0d45c7c8025fe2df642efd0bf212ad5f29f489744fb33a6c75,This is what freedom feels like.
1213884132,8e0b8c19c64c736d546b97c34a7aeee9dc4c6d24e22c9745ed99e202df4ebfcf,The Mistwoods
1213925393,860816c7b9cb8ed9c7ad4100709fd06f438de41a1a4b3531758f6869812d777f,Affinity Items
1213939655,585c5c64a40cbf658ae0dd7157e0f3b73ce48abcb3e5f58881221d44b7d648d9,Eye Direction
1213941446,ba70ac5a4a0a745db940598d2a486c52af598886e26ddfd01455a7bebc06d270,A Fragrant Calling Card
1213945478,5785af271290973b916f6083d5ee5c7b4868eabafa0af299e294043073ba2cc0,Gifted to: {0}
1213969306,80ef38150c593b815cc278bffd074f9b2cdd5a5789c78b4b2cb00ed12992ff3e,"Here, this is your reward!"
1214003181,b091f78e9d6b06721e5b142975daf44a63c11b98af65ce82922fc366f829654f,(So the one on the other end of the call just now...)
1214018545,f5fccd9413ee64054347eb7385e0a2233701adfb2bf5a0f8bf140f2325499e86,ATK Gem
1849491866,f5fccd9413ee64054347eb7385e0a2233701adfb2bf5a0f8bf140f2325499e86,ATK Gem
2089283266,f5fccd9413ee64054347eb7385e0a2233701adfb2bf5a0f8bf140f2325499e86,ATK Gem
1214023053,633b14915d5bd6e79e6f327b00e72dc3f5ce6f117d0caf33bd0789a93f53ae14,"Embrace, the sky and sea's protection!"
1214040369,99e8bb2ee3543f79897f2e90f627fb24551f2aa7a254bd4966400e2c01ddcde1,Soul of Electric Shock
1214045225,8fe4fb1d57e737578e6b566081d11039de208bfd12fb2cc12cec09ea318e6062,"New ""Freedom"" Score"
1871858721,8fe4fb1d57e737578e6b566081d11039de208bfd12fb2cc12cec09ea318e6062,"New ""Freedom"" Score"
2134189824,8fe4fb1d57e737578e6b566081d11039de208bfd12fb2cc12cec09ea318e6062,"New ""Freedom"" Score"
1214070939,1cf40c926a18b258cd0db23f95592609ce473acc596a2b55bfd2216aa3a35321,Fetching Water...
1368310221,1cf40c926a18b258cd0db23f95592609ce473acc596a2b55bfd2216aa3a35321,Fetching Water...
1422964939,1cf40c926a18b258cd0db23f95592609ce473acc596a2b55bfd2216aa3a35321,Fetching Water...
1992272265,1cf40c926a18b258cd0db23f95592609ce473acc596a2b55bfd2216aa3a35321,Fetching Water...
1214097708,bc44060d562dacf926b00572a3c2bec4c61a3e5ee0a4ee58be35e691677b4ba0,Kind Repairman
1707646184,bc44060d562dacf926b00572a3c2bec4c61a3e5ee0a4ee58be35e691677b4ba0,Kind Repairman
1835957547,bc44060d562dacf926b00572a3c2bec4c61a3e5ee0a4ee58be35e691677b4ba0,Kind Repairman
1920837164,bc44060d562dacf926b00572a3c2bec4c61a3e5ee0a4ee58be35e691677b4ba0,Kind Repairman
2030057007,bc44060d562dacf926b00572a3c2bec4c61a3e5ee0a4ee58be35e691677b4ba0,Kind Repairman
2038375091,bc44060d562dacf926b00572a3c2bec4c61a3e5ee0a4ee58be35e691677b4ba0,Kind Repairman
2120769899,bc44060d562dacf926b00572a3c2bec4c61a3e5ee0a4ee58be35e691677b4ba0,Kind Repairman
1214106457,235bb9f8c8dd8a7803868f616d66c4ded57fe2ab50ac5a4ff7d2e8f04540bb43,Yesterday’s Bright Breeze
1214110815,7f439d037ddaee63468ea9cd063b5dd385feb9641cf465e3e9fe9ba57f33603a,Home Tilling Chest
1280153801,7f439d037ddaee63468ea9cd063b5dd385feb9641cf465e3e9fe9ba57f33603a,Home Tilling Chest
1962028389,7f439d037ddaee63468ea9cd063b5dd385feb9641cf465e3e9fe9ba57f33603a,Home Tilling Chest
1214111374,1e73901caf063246a7086681728a11b271fc316c2e73893d6bb291175ff3468c,Promotion: Core's Nurture
1214114548,d8af96be0ae85b3c941869791648b0e69ab6aa168dfef58ffc37dae1c28fb707,Just waiting for you
1214136386,4d412219096bd060d777c9dbcf3c1ff70ba5fc900c7a3f3b6d80b7ad95d6bb1f,Character Level Cap Increase:
1214155787,6970da843625c1c68d4539f7b36f6d7c5f261a87f2e21f65f9e87eca7f532273,Record Voice
1214181041,c455bc1c62f1435a8360497381d4de35e0d24991a71cfb69cd1ee41fb37d1005,EP recovery bonus 
1324347795,c455bc1c62f1435a8360497381d4de35e0d24991a71cfb69cd1ee41fb37d1005,EP recovery bonus 
1214212737,d120e0fcd908afbafcd52b433a65853649225356e93c6a1582eb31d6b7ff299c,UGC park guide
1214235595,599320114675712b7e2394c509cc8fed2748c494cec66a776023597fac2a322d,My ore! Where did it go?! Waaaaah!
1214257013,6d17e4287870f556ec614d8c749dab604b607076c0247e268f52df166bddb903,Farming Expert
1847033862,6d17e4287870f556ec614d8c749dab604b607076c0247e268f52df166bddb903,Farming Expert
1214304307,9c6ad6974452c63ad2f1593762d23c20080f755cd62fa27f78959bbe76cb3031,Runaway Amber: Into the Sea of Flowers
1254678436,9c6ad6974452c63ad2f1593762d23c20080f755cd62fa27f78959bbe76cb3031,Runaway Amber: Into the Sea of Flowers
1214320589,07a22a509e3866e45e6ed0f39bd8ebe6104c80af30237e6414dc6dc5649460c1,Magical Damage Increase
1214322290,a8b3a15d9cf3fbafe366d387a7a4f06c4adb3b17a02e1cda3423de21ca447583,Oven Mitt Hook
1537234199,a8b3a15d9cf3fbafe366d387a7a4f06c4adb3b17a02e1cda3423de21ca447583,Oven Mitt Hook
1214323347,c84973c61eb80978210de1b8115e08a6f73dd5931926987daa73863969a8ec15,Howl! (Who is my next Opponent?)
1214340773,d1a5cbd187d7969373c80234ce20600ce00b88da85dd842569defa83ce65fc06,"The eldest went to <style=Hint_BgD>the first floor lobby</style>, the second went to <style=Hint_BgD>the Mushroom Chamber on the first floor</style>, where <style=Hint_BgD>light</style> shines in, and the third went to <style=Hint_BgD>the castle perimeter</style>. If you run into them, call them back!"
1214355911,973cad6867b24b70db86030681c971b58930ee35952efbc2cd5d81b026c9364f,Another new face? How lovely...
1214362793,e2000d2e78ab61c9d558c1157880dc23d0d7846ef2aca767ba909c4ea1e7ca1c,Right Shell
1270488331,e2000d2e78ab61c9d558c1157880dc23d0d7846ef2aca767ba909c4ea1e7ca1c,Right Shell
1767425159,e2000d2e78ab61c9d558c1157880dc23d0d7846ef2aca767ba909c4ea1e7ca1c,Right Shell
1214377434,ad90b55a3d27140ea9d4c82a2fda5a6f5c236a1890fa01732802331ac39c49f1,(Deep breath)
1214405515,254fd73b9eb0794867e3e11d54ad77ccb05a7aa697d8e07daa4c1b22adce51a7,Next Level
1214415526,55c832b20f0da4c3fb109c9014d4c2cba8f2ac3e7dd09ac5e97415f674294112,Tunnel - BUFF
1214417142,c1ba6b0542f8adb6a76759ad243e7c2086f667cebf8ffa92e9ba21247a0f1f6e,"A roomy tent bed draped with tasseled curtains for a cozy, comfortable night’s sleep."
1336951305,c1ba6b0542f8adb6a76759ad243e7c2086f667cebf8ffa92e9ba21247a0f1f6e,"A roomy tent bed draped with tasseled curtains for a cozy, comfortable night’s sleep."
1214418483,b2b7ec6b87a30dc29caee3c4bd7bf90909d0b4516446c74ed656a5905a4bb283,White Trumpet Tree
1687818950,b2b7ec6b87a30dc29caee3c4bd7bf90909d0b4516446c74ed656a5905a4bb283,White Trumpet Tree
1214423674,68022a5a2d2d87bfbc4d65be2f97edc0f62f0aecf714502262f7cb61c72d764f,Have a look and see if there’s anything that might come in handy here.
1214435958,0204af1cc4c3a096ab543ad7320d1f6b1b6cd164f81a6805d7e01a05d0e11ad0,Silent Step
1990509001,0204af1cc4c3a096ab543ad7320d1f6b1b6cd164f81a6805d7e01a05d0e11ad0,Silent Step
1214446049,0a497b8a219fa98e28eb68d0d67248d4f0329b8b4885f2c426ede4766b2eec38,"Feeling lonely on your adventure? Find a buddy who clicks with you, and share all the fun and excitement along the way."
1259518293,0a497b8a219fa98e28eb68d0d67248d4f0329b8b4885f2c426ede4766b2eec38,"Feeling lonely on your adventure? Find a buddy who clicks with you, and share all the fun and excitement along the way."
1282894796,0a497b8a219fa98e28eb68d0d67248d4f0329b8b4885f2c426ede4766b2eec38,"Feeling lonely on your adventure? Find a buddy who clicks with you, and share all the fun and excitement along the way."
1317272479,0a497b8a219fa98e28eb68d0d67248d4f0329b8b4885f2c426ede4766b2eec38,"Feeling lonely on your adventure? Find a buddy who clicks with you, and share all the fun and excitement along the way."
1358831626,0a497b8a219fa98e28eb68d0d67248d4f0329b8b4885f2c426ede4766b2eec38,"Feeling lonely on your adventure? Find a buddy who clicks with you, and share all the fun and excitement along the way."
1409347146,0a497b8a219fa98e28eb68d0d67248d4f0329b8b4885f2c426ede4766b2eec38,"Feeling lonely on your adventure? Find a buddy who clicks with you, and share all the fun and excitement along the way."
1413801522,0a497b8a219fa98e28eb68d0d67248d4f0329b8b4885f2c426ede4766b2eec38,"Feeling lonely on your adventure? Find a buddy who clicks with you, and share all the fun and excitement along the way."
1605910620,0a497b8a219fa98e28eb68d0d67248d4f0329b8b4885f2c426ede4766b2eec38,"Feeling lonely on your adventure? Find a buddy who clicks with you, and share all the fun and excitement along the way."
1873069557,0a497b8a219fa98e28eb68d0d67248d4f0329b8b4885f2c426ede4766b2eec38,"Feeling lonely on your adventure? Find a buddy who clicks with you, and share all the fun and excitement along the way."
1214507832,cd38cfbc49d54bee088bb3630877cac25b849f397b54051875bf9e22f3ce97c2,"Max HP +10%, healing efficiency +10%, Core Gizmo DMG +10%, Training Coins gained +10%
Option 1: Randomly enhance 1 ability. Option 2: Spend 500 Training Coins to enhance 2 random abilities."
1214532086,84e7cbdb90e47bd445982f783fbcde3d3260b95d995dd11bcc640b89445a1a28,Left Shrug
2014110055,84e7cbdb90e47bd445982f783fbcde3d3260b95d995dd11bcc640b89445a1a28,Left Shrug
1214556106,637ce1ae54cb1ade2eeda29050d59c72fa8a0ea001bc6cfa99fca62406d6119a,"After passing the trial and raising the Sword of Bravery, Helmut inherits the fighting spirit held within the blade and evolves into a warrior."
1214567457,386b9144ee2242027568f26dd82e080a231e52f011e15ddef4b0b3f85a678ccd,Please try again later.
1214571891,7ddeef806d6fe3b3f82b5f3d01794f0382dddd67b37c8dda99ea722442b9adcc,"The Polaris Institute has put together a handy guide to earning Safaris efficiently while exploring Idyll, to help Pathfinders grow faster. Check it out now!"
1672124026,7ddeef806d6fe3b3f82b5f3d01794f0382dddd67b37c8dda99ea722442b9adcc,"The Polaris Institute has put together a handy guide to earning Safaris efficiently while exploring Idyll, to help Pathfinders grow faster. Check it out now!"
1721621113,7ddeef806d6fe3b3f82b5f3d01794f0382dddd67b37c8dda99ea722442b9adcc,"The Polaris Institute has put together a handy guide to earning Safaris efficiently while exploring Idyll, to help Pathfinders grow faster. Check it out now!"
1214652092,811a5fe6c3b53839f8571be6dce3d4b130e38e1cf1e15e6e712e9bdfda3df876,Duskwhisper Aromathyst
1214672179,19f425135f78d2b1d6874131c4f7e2a73fd064057c651e08d388449ebf18c606,Gestures
1564595048,19f425135f78d2b1d6874131c4f7e2a73fd064057c651e08d388449ebf18c606,Gestures
2083142590,19f425135f78d2b1d6874131c4f7e2a73fd064057c651e08d388449ebf18c606,Gestures
1214687471,90e98c70883c41bba0c84da4065140c3dcf55694467fcf745bc55ecdfab020b9,press <style=Hint_BgL>Skill</style> on the right side of the Aniimo Management screen to replace it with <style=Hint_BgL>Ice Orb</style>!
1214711911,fe0194f17ff8ec59e65777c63c573c3b589a95084e18ffe54b381440d45d340d,Good! I like students with spirit!
1826761992,fe0194f17ff8ec59e65777c63c573c3b589a95084e18ffe54b381440d45d340d,Good! I like students with spirit!
1214712847,704d7ce496e5c94ee769878059025718e460e036d516c6ece82906aaec9685ee,Anxious Girl
1214759676,cc50b63d235593c525b23a5a3964ebf9963cbe1379ab9bd1d66b7c78b291e280,Ace Sleuth
1214760526,a93d389804ee0490f1903ab26500a66a695ce65fa7ecb074d79771857d074355,Epic
1214794222,d88a512f8fc6bfd783fcee5fff5da78e93a0aea5a542524063a3ebcf322fe914,Breakpoint Debugging
1214815234,3e84b25f40e43340f5a9b7de92773e3a71530e7816629032afb6b919ce90f18f,Skip Journey to Idyll cutscene?
1214831662,ef278e4a581ce724a368189568cbb91626c9c5de3d027d405363df047ac4e7e4,"Wait, catching Aniimo doesn’t seem to drop Cores.
Take another look and think carefully."
1694176077,ef278e4a581ce724a368189568cbb91626c9c5de3d027d405363df047ac4e7e4,"Wait, catching Aniimo doesn’t seem to drop Cores.
Take another look and think carefully."
1214837283,8ffc09d9f8d75f611d978103c7a242b24403657768a0b53c08a324242a65fc41,Entity ID
1214843677,f90f76e7ba8ffc9b84ac2e32bfca9b23c86ff2243a13e19dab18474097c0dc99,"The Mushroom Lighthouse is finally complete! Quick, look at the top of the Grand Castle! Isn’t it gorgeous?"
1214889366,07298076a1263d1322827cde1259fc5122219848ee82a00879b443a683712df1,Eeymoo!
1991817393,07298076a1263d1322827cde1259fc5122219848ee82a00879b443a683712df1,Eeymoo!
1214892376,e8fc6e23a5dfe46535c19276d66c77b610e44dd3addab39898b53201cdee8a9c,Pastries... nectar filling... Zzz...
1214945537,f875c2fdc3da8208d0f732472cdbdc932882c0c68f4e63d18789ed788119d1e6,Used to build columns in your Home.
1480360224,f875c2fdc3da8208d0f732472cdbdc932882c0c68f4e63d18789ed788119d1e6,Used to build columns in your Home.
1558570378,f875c2fdc3da8208d0f732472cdbdc932882c0c68f4e63d18789ed788119d1e6,Used to build columns in your Home.
1740613159,f875c2fdc3da8208d0f732472cdbdc932882c0c68f4e63d18789ed788119d1e6,Used to build columns in your Home.
2147404760,f875c2fdc3da8208d0f732472cdbdc932882c0c68f4e63d18789ed788119d1e6,Used to build columns in your Home.
1214945988,1e825ad24f13783f8ac90731153a310e55beeadddf2c7a9308881a0e86a03785,"Lumin Crystal *6,480"
1907148648,1e825ad24f13783f8ac90731153a310e55beeadddf2c7a9308881a0e86a03785,"Lumin Crystal *6,480"
1214958679,f49f22970be41255fd6d0a546e1a838488e6f61b6cfd48d430e93b80ec669bb8,Fuelled by fear 
1214975495,ce658e6c06c56ff178dcf889c95268ddb79b417359036edfcc4d6056885e0d5a,Form Contract
1238388476,ce658e6c06c56ff178dcf889c95268ddb79b417359036edfcc4d6056885e0d5a,Form Contract
1893078617,ce658e6c06c56ff178dcf889c95268ddb79b417359036edfcc4d6056885e0d5a,Form Contract
1214977938,1b7f11b3069bbca91e9cedc28e1064797aa16afe8c7bd80cf500f02cc5559480,Wow... that feels so nice. I’m much better now. Thank you!
1214988312,df9763abe11e0bd5691fbf7ecc98a658c10da124f51d84585e617596d6692939,He stole some poor Celestis’s <style=Hint_BgD>large starine</style>! The nerve!
1214990559,73479e5635bdaf1bb7c0d9969ac37c506c3a0b74372c4b3f59d102fd8c77fb20,Withering Bloom
1676962116,73479e5635bdaf1bb7c0d9969ac37c506c3a0b74372c4b3f59d102fd8c77fb20,Withering Bloom
1215006196,5128156e551ae5043c6f24c5985004e46aa5474442c14616c0888e9cfe79e220,"Its crimson leaves gather like clouds at sunset, weaving the wall into a blaze of color that never seems to fade."
1477697778,5128156e551ae5043c6f24c5985004e46aa5474442c14616c0888e9cfe79e220,"Its crimson leaves gather like clouds at sunset, weaving the wall into a blaze of color that never seems to fade."
1215010439,827f4ee8c86ebaac001cf5c3afe210b6c345ae6adc39d7355e8e0334d3e9b6ad,Catch Alpha Minespine
1215012368,de27c07d90a8ea0476a58d055497a9f5bef129ef0011c2ad00f489557cd93e4b,Switch Target/Unlock
1736230127,de27c07d90a8ea0476a58d055497a9f5bef129ef0011c2ad00f489557cd93e4b,Switch Target/Unlock
1215046653,4ba3267a65c933c3a2eee0b51881a9b9de5c6d499c6db65c26905bbfbd8dfc41,The dark blue hem ripples in the fine snow.
1215047975,cdaca5c01161a3db2aaa1ca13e14e201290c16db630ff78d3a6e646c047defef,Add Top-Up Amount
1215051674,b32b940490c4217ea50d0b2276370ffb0367be6b0eb926dd006a4ef8d66c1399,<style=Hint_BgL>Processed goods</style> produced by Material Synthesizer in your Home. They can be sold in the relevant shop or processed further.
1343764109,b32b940490c4217ea50d0b2276370ffb0367be6b0eb926dd006a4ef8d66c1399,<style=Hint_BgL>Processed goods</style> produced by Material Synthesizer in your Home. They can be sold in the relevant shop or processed further.
1354342550,b32b940490c4217ea50d0b2276370ffb0367be6b0eb926dd006a4ef8d66c1399,<style=Hint_BgL>Processed goods</style> produced by Material Synthesizer in your Home. They can be sold in the relevant shop or processed further.
2012974128,b32b940490c4217ea50d0b2276370ffb0367be6b0eb926dd006a4ef8d66c1399,<style=Hint_BgL>Processed goods</style> produced by Material Synthesizer in your Home. They can be sold in the relevant shop or processed further.
2095925830,b32b940490c4217ea50d0b2276370ffb0367be6b0eb926dd006a4ef8d66c1399,<style=Hint_BgL>Processed goods</style> produced by Material Synthesizer in your Home. They can be sold in the relevant shop or processed further.
1215067014,703df53c4cd657709620bda4fecd1672df1a454f721b7bf1f8cedc1e8d70f0a4,Charged Skill 
1215075587,10d8136a5ce7e8031ea4de3705439a245b7ea4c80a4a56394c12235cba8217b9,Claimed all rewards
1215082537,4c81688904d9991f905b07571e3f3d0b6d6ea454b95dfbd0a794d35c0dd2adeb,GYPCHICK
1344437427,4c81688904d9991f905b07571e3f3d0b6d6ea454b95dfbd0a794d35c0dd2adeb,GYPCHICK
1951271694,4c81688904d9991f905b07571e3f3d0b6d6ea454b95dfbd0a794d35c0dd2adeb,GYPCHICK
1954443504,4c81688904d9991f905b07571e3f3d0b6d6ea454b95dfbd0a794d35c0dd2adeb,GYPCHICK
1215086570,be94e800d774e63cc2959a9de121d084725737e3654686ba0793a41ce0cd00c3,Fabric Double Bed - Milky Coffee
1359726503,be94e800d774e63cc2959a9de121d084725737e3654686ba0793a41ce0cd00c3,Fabric Double Bed - Milky Coffee
1802053996,be94e800d774e63cc2959a9de121d084725737e3654686ba0793a41ce0cd00c3,Fabric Double Bed - Milky Coffee
1215097910,a21d38f65b9ebc21564f2790e5083bf7b383fff457580a5fe1d3f525e5c37765,Protection (Charged)
1215103291,734bb48eff686ce0bf0ea7d2084474a83f40ea59332c868d9f6e3161f2841fd1,Fragrance? We’re only spectators—do we need to prepare some too?
1215135769,39ab2e7f55f50239209a4534c61793a4d8a703aadbea779df14f774fd01d3a4c,Woodgrain Trail
1707869827,39ab2e7f55f50239209a4534c61793a4d8a703aadbea779df14f774fd01d3a4c,Woodgrain Trail
1215146029,609f14fd3efe2032ebcaf919ba2ae5595eaf4c23f0abfa94d3b61699f57b56ef,So? Got the pollen?
1215156824,dea9138da65e0d043ed6845409c8275a7c3cda97bf828810ed782be2a918e18b,"Ant has decided! We'll set up glowing giant mushrooms on top of the castle! Cozites, let's get to work~"
1215158308,3def04aab00af3d676a4cdfb86b4507dee75451742a43b9868df6e51f3fb868e,"Ha, is the singing rattling your head? Guess you’re not into modern music.
That’s okay, you’ll get used to it. Hanging out with the Pomawks really is great fun."
1215160124,f7f90f30860751e7a205905d61986d04bcde85061114b6c693c03ef1d3414e0f,No survey now
1215166024,323c4011105fc122df6242c60116f9c00876cd7af9eaab87d838411794b71adb,"In the sanctum, after removing the barrier in Lumenfly Valley."
1566028270,323c4011105fc122df6242c60116f9c00876cd7af9eaab87d838411794b71adb,"In the sanctum, after removing the barrier in Lumenfly Valley."
1714452976,323c4011105fc122df6242c60116f9c00876cd7af9eaab87d838411794b71adb,"In the sanctum, after removing the barrier in Lumenfly Valley."
1961391891,323c4011105fc122df6242c60116f9c00876cd7af9eaab87d838411794b71adb,"In the sanctum, after removing the barrier in Lumenfly Valley."
1215182890,44973d9f68bad12c2a5871dff304b1aa2818120b9e16a0e569cd96475093f266,"Like I said, magical attacks won’t work. Try using Aniimo that specialize in <style=Hint_BgD>physical attacks</style>."
1215207995,dc6e0e7342a5a00493e6cefe1a3b377a7fcdc87f7904cfb2a6fc3916cc76c2be,"Vein energy nurtured through the Branch revitalizes the land and draws Aniimo together.
But there are other ways too."
1215217526,574b6e3a7cbb56bc567711d71119b8cacbbd92dcccc8ef8cc0af956bc1470954,Dreamdrift Waltz
1215231122,fbe024f1ef7e795eb676beb4c40e1c79c00af4694402ccaede8dd578349d5d81,Mighty Magmarex
1667075599,fbe024f1ef7e795eb676beb4c40e1c79c00af4694402ccaede8dd578349d5d81,Mighty Magmarex
1679853432,fbe024f1ef7e795eb676beb4c40e1c79c00af4694402ccaede8dd578349d5d81,Mighty Magmarex
1706636300,fbe024f1ef7e795eb676beb4c40e1c79c00af4694402ccaede8dd578349d5d81,Mighty Magmarex
1784419705,fbe024f1ef7e795eb676beb4c40e1c79c00af4694402ccaede8dd578349d5d81,Mighty Magmarex
1851653404,fbe024f1ef7e795eb676beb4c40e1c79c00af4694402ccaede8dd578349d5d81,Mighty Magmarex
1948524317,fbe024f1ef7e795eb676beb4c40e1c79c00af4694402ccaede8dd578349d5d81,Mighty Magmarex
1215271262,b7a72f9e008ad6196f67de5d8b0b5628e5b0ca041d129c1eb8f29e7e3e4843de,Mutated Crops Index
1215293566,346f2cbc1784df9b390a9c4e54a67fbd6fed4cf51fc9bafedfc5671ddb39582f,Companion Handbook Premium Level 74
1873584710,346f2cbc1784df9b390a9c4e54a67fbd6fed4cf51fc9bafedfc5671ddb39582f,Companion Handbook Premium Level 74
1215295430,85dc9c192076a183633a79db7e94611c7ff2eb4688987c154a8a4fef9e96facf,"Mutated rare ginseng, sparkling with dazzling spots of light."
1354346102,85dc9c192076a183633a79db7e94611c7ff2eb4688987c154a8a4fef9e96facf,"Mutated rare ginseng, sparkling with dazzling spots of light."
1215298282,ae466fa6d17a96a69cf3fc3b8b8c1f31e18c4c4373afd93747012a29e6b0ae0b,Such incredible use of light and shadow!
1215309996,6f420842697e3e382e47019b1dcba98731d9519a583e665b4b950a33877f119f,Decorative rocks for your Home.
1322162056,6f420842697e3e382e47019b1dcba98731d9519a583e665b4b950a33877f119f,Decorative rocks for your Home.
1939996919,6f420842697e3e382e47019b1dcba98731d9519a583e665b4b950a33877f119f,Decorative rocks for your Home.
1215317599,9bcd4f6ed5195ed10bc2bf76d2924acad9245444ba1b61990c340ff845b085ae,Model Aircraft
1341495088,9bcd4f6ed5195ed10bc2bf76d2924acad9245444ba1b61990c340ff845b085ae,Model Aircraft
1598037532,9bcd4f6ed5195ed10bc2bf76d2924acad9245444ba1b61990c340ff845b085ae,Model Aircraft
1215363381,0f44cbdb09547ac47eccba93abd12eb991f09b396875fa2a03917b0cce24cc94,When will he be back?
1694812395,0f44cbdb09547ac47eccba93abd12eb991f09b396875fa2a03917b0cce24cc94,When will he be back?
1215371299,2190077d2a87f149edf7636f3d19161cdbfabdfb03dc4938864cf8839dfa5eb3,"The newly launched products in the shop are very popular among Pathfinders, so we need to prepare more production materials."
1215380374,d36be2e6335b455545256863c7a370179c63e7d291b5aa679808024edd088ea3,Fill All
1215381864,0fbb910f21be4278a3e95920b8771f49d9db49b34f967e0eb1060b882ca5d197,Upcoming Special Aniimo
1215381865,a66a50bf43715da664c85360447061ed9ba1ca7b43c9094b064b517c8ac04b7f,Special Weather in the Next 24 Hours
1805687331,a66a50bf43715da664c85360447061ed9ba1ca7b43c9094b064b517c8ac04b7f,Special Weather in the Next 24 Hours
1215393379,1978bc390d430fc2024b32ab46f0feb149c7824116033e9d010804b029503298,Pearl Necklace
1215394759,bb9ac5761294ee50b6e2f7cd17a020db4a14cb4560c991e0b9f73370b7b99a26,Collect 7 different forms
1215397313,3e468a5eed84493fe27a6ac6fea00ae1254da2e7a017cad394fb8f91f89b2ec9,You can’t perform Chain Ultimate in your current state!
460513672,36b1078157aaa7b9fcc124606d3ce3ef036f9ea59d8ded032a4a2fb6169c54f8,Complete 12 Pathfinder Challenges in total.
1215402477,36b1078157aaa7b9fcc124606d3ce3ef036f9ea59d8ded032a4a2fb6169c54f8,Complete 12 Pathfinder Challenges in total.
1215412031,4f4e12ef124e04ed01f7e794e37ffcaf4852dc9fac9037dd79071785a5f4e27a,Pale Grain - Warm Brown Sloped Wall - Left
1424136173,4f4e12ef124e04ed01f7e794e37ffcaf4852dc9fac9037dd79071785a5f4e27a,Pale Grain - Warm Brown Sloped Wall - Left
1598509408,4f4e12ef124e04ed01f7e794e37ffcaf4852dc9fac9037dd79071785a5f4e27a,Pale Grain - Warm Brown Sloped Wall - Left
1746973631,4f4e12ef124e04ed01f7e794e37ffcaf4852dc9fac9037dd79071785a5f4e27a,Pale Grain - Warm Brown Sloped Wall - Left
1215420611,8176f3f41fd28da492bbbf0f9631e3039b9c50371985d7f875f4132d5c38aff2,Potted Pothos
1479161479,8176f3f41fd28da492bbbf0f9631e3039b9c50371985d7f875f4132d5c38aff2,Potted Pothos
1215428587,87ed361e67464afe7ff0f1db3c8014b2b7b49b4255360637ad7b7e68296ded6d,Omega Magmarex
1425000100,87ed361e67464afe7ff0f1db3c8014b2b7b49b4255360637ad7b7e68296ded6d,Omega Magmarex
1612966984,87ed361e67464afe7ff0f1db3c8014b2b7b49b4255360637ad7b7e68296ded6d,Omega Magmarex
1215430727,fcfc41f6bdf867bbd2597f35e9d8091b201811caab879629628316c6785db1dc,SOMNIWING
1489098897,fcfc41f6bdf867bbd2597f35e9d8091b201811caab879629628316c6785db1dc,SOMNIWING
1745102256,fcfc41f6bdf867bbd2597f35e9d8091b201811caab879629628316c6785db1dc,SOMNIWING
1215448083,a027e73f4bbe74228dfa6d5553f6e9f4cda5d018ebfc6c54679cca4f75220901,Press #kPhoto/R#z or press here again to switch to <style=Hint_BgL>Follow mode</style>
1215458529,93916d402791d0cd9fb4cbb472cb3736e8db20748c521e5947a00ef2c1ad526e,There seems to be human voices nearby
1215485541,a9e289ecea6f6181aa2a174877aa688925130004a47c1ab6a18ba714906fb8c4,Free Companion Handbook Level 38
1694899386,a9e289ecea6f6181aa2a174877aa688925130004a47c1ab6a18ba714906fb8c4,Free Companion Handbook Level 38
1215516440,3d08201e8c794150f76b93e7c227c48c5439c860b4dda36a178c64d3977e096d,"Yeah, Ranka’s my friend. He’s a perfumer in Bloomville... but recently, he’s been having a hard time."
1215516464,7d44792086bfc75ee43e5631e10be78c51581aef03906bde01b0e1c5179d6d02,Rose Slingshot
1215524605,c40d4f22a5c331694be692c243418fc8aa07191cbb26a312a4410d7ed4cc57a5,Lightning-type Damage
1215526445,aca2a322337d288aa5135518bf338737faa56aa1249c327a4f9b644dfbe69c40,Got it!
1380868634,aca2a322337d288aa5135518bf338737faa56aa1249c327a4f9b644dfbe69c40,Got it!
1215542796,42a5dca1960d87556ac59401b689227825d85849feb15a100bb6ab2b234d539f,"But you and your chatty little friend seem like you’re in quite a hurry...
Got it—let’s add each other as friends!"
1215555140,c1ee4f93919a2ee6da721014d9857b7c2cd103d8c0969f8703d40d39e41e2172,Place it in your Home to produce advanced building materials.
1627126143,c1ee4f93919a2ee6da721014d9857b7c2cd103d8c0969f8703d40d39e41e2172,Place it in your Home to produce advanced building materials.
1745700781,c1ee4f93919a2ee6da721014d9857b7c2cd103d8c0969f8703d40d39e41e2172,Place it in your Home to produce advanced building materials.
1903846435,c1ee4f93919a2ee6da721014d9857b7c2cd103d8c0969f8703d40d39e41e2172,Place it in your Home to produce advanced building materials.
1957323186,c1ee4f93919a2ee6da721014d9857b7c2cd103d8c0969f8703d40d39e41e2172,Place it in your Home to produce advanced building materials.
2115573971,c1ee4f93919a2ee6da721014d9857b7c2cd103d8c0969f8703d40d39e41e2172,Place it in your Home to produce advanced building materials.
1215572419,cac66b72f9b3309dea8ec077d0ba21500d058be1bc68df656c556c0b483eb513,Park ID Copied
1215576789,c1b3bcc8d212a4c671e46801dc77435a495c4346bf93ebd9e3c130902aa064b1,[Placeholder Dialogue] Sherro Patrol Point 1
1215603132,3bd7f88b871ef455637ac20b479eee6783cf1f4d80045ef14c0f3a48c98b561a,"Phew, the plan’s finally done!
I’ve set aside a spot for the gathering right in your Home. Past the entrance, all the way to the end."
1215621309,fcc5e38fb722f3b2eeb9f3f11220442bd317a7bd2fe5413013b18b36fc7dfbe4,Theory confirmed +1! Take a screenshot as proof—or the instructor won’t believe it.
1215624253,e8c0b9b58494efb01bc116452b25a12f46a6e3859d79769a3dcad04db6545ff7,"A hollow carved into solid stone, made for patiently grinding ingredients until their flavors and aromas blend together."
1731577556,e8c0b9b58494efb01bc116452b25a12f46a6e3859d79769a3dcad04db6545ff7,"A hollow carved into solid stone, made for patiently grinding ingredients until their flavors and aromas blend together."
1215630552,e7f6c011776e8db7cd330b54174fd76f7d0216b612387a5ffcfb81e6f0919683,6
1575654864,e7f6c011776e8db7cd330b54174fd76f7d0216b612387a5ffcfb81e6f0919683,6
1685340241,e7f6c011776e8db7cd330b54174fd76f7d0216b612387a5ffcfb81e6f0919683,6
2099377922,e7f6c011776e8db7cd330b54174fd76f7d0216b612387a5ffcfb81e6f0919683,6
1215632195,f0042104b77c280248e7170e47d39d70221854306094c587811378b1745b5fda,Exit game
1602003617,f0042104b77c280248e7170e47d39d70221854306094c587811378b1745b5fda,Exit game
1215638089,cbed8711bb129f2099afcfc3e9bee76354b7ec6acc928e91efbef170989e08e7,Malt Sugar
1215647932,c26b3ed4ce70e202816608a9ca6cc14da9ed4a5cf14c7c758be0e2c20344ed82,Interface
1215659374,29890536c7171593a7b883079e2ff32fa763a78427a72813a9826369212e315c,Is she making perfume...?
1783894240,29890536c7171593a7b883079e2ff32fa763a78427a72813a9826369212e315c,Is she making perfume...?
1215681628,a6e81e0239d4c1d68f669e9ce54ce391f54c08001ae784f96fe87cba9929474e,"Won't you reconsider? Trust me, Polaris Institute will be the perfect stage for you to showcase your talents."
1753401341,a6e81e0239d4c1d68f669e9ce54ce391f54c08001ae784f96fe87cba9929474e,"Won't you reconsider? Trust me, Polaris Institute will be the perfect stage for you to showcase your talents."
1215697285,1942728e18b3b5b559fd3f7e8a7aaae588fe4574be1feec5ee5f367b49930527,Hmm... I’m picking up a hint of bitterness in your Golden Wish.
1215707465,8adc20757b2d08e7b1de96900c9a6896baee0d24a8d88379046bb1daaf2b83e9,"...Good Shelly, will you go with Shelly?
Once this patrol is done, Shelly will definitely be braver next time...!"
330798364,e0c6d9abba33f97a85af19c5ef850f44e06d6194217eb14d86942fd478859218,Defeat the Alpha Scorchhowl.
481245282,e0c6d9abba33f97a85af19c5ef850f44e06d6194217eb14d86942fd478859218,Defeat the Alpha Scorchhowl.
1215728707,e0c6d9abba33f97a85af19c5ef850f44e06d6194217eb14d86942fd478859218,Defeat the Alpha Scorchhowl.
1227426012,e0c6d9abba33f97a85af19c5ef850f44e06d6194217eb14d86942fd478859218,Defeat the Alpha Scorchhowl.
1283913363,e0c6d9abba33f97a85af19c5ef850f44e06d6194217eb14d86942fd478859218,Defeat the Alpha Scorchhowl.
1622311224,e0c6d9abba33f97a85af19c5ef850f44e06d6194217eb14d86942fd478859218,Defeat the Alpha Scorchhowl.
1215734854,744e092ba71e450fabe25c8da00a69b898c2db7a6192957ede5466b001405c78,Ancient Wood King’s Staff
1569906054,744e092ba71e450fabe25c8da00a69b898c2db7a6192957ede5466b001405c78,Ancient Wood King’s Staff
2061863908,744e092ba71e450fabe25c8da00a69b898c2db7a6192957ede5466b001405c78,Ancient Wood King’s Staff
1215735261,515734cfe4e12db34d1ea375456f878aaab87d222e5d42d98903abbcd427f2e6,White Flowering Vine
2120408154,515734cfe4e12db34d1ea375456f878aaab87d222e5d42d98903abbcd427f2e6,White Flowering Vine
1215735813,575c08a6f98ea9e74eee9470eed10c7b9f5ed8c612d17e38e9ee8a67714f2574,Rift Exploration: Irisalis
1215740556,116469a2eea04616c8c840a4a1fd8c59d6ae762f9308c20b03cba4fb68ae6582,Mithril Ore
1254092427,116469a2eea04616c8c840a4a1fd8c59d6ae762f9308c20b03cba4fb68ae6582,Mithril Ore
1734071502,116469a2eea04616c8c840a4a1fd8c59d6ae762f9308c20b03cba4fb68ae6582,Mithril Ore
1215746098,3d0b3455f70bdd6025766ef80ae3b72182ee06d36aec41599e01d99c34b444d9,"Fires a Wind Bomb at the target, dealing damage. After 1s, a second explosion erupts around the hit target, dealing additional AoE damage equal to <style=Hint_BgL><customRichText(calcData,buff,2118408,param0,1,%d)>%</style> of the original Might. The second explosion reduces the Wind Resistance of hit targets by <style=Hint_BgL><customRichText(calcData,buff,2118409,param0,1,%d)>%</style>, up to 5 stacks, for <style=Hint_BgL><customRichText(buffConfigData,2118409,duration)></style>s."
1215757267,5e107750e4cc85c746adcc358877bc8e5622242df085241e09987668726c6cb6,Use Hammer Strike to smash the boulder and reach the target position
1215766281,d4da3d1f2f079fc963cbd4c947b2f69dc8199a6196ef932df076f7f5bdeca7af,"Every sip burns with the warmth of desert sunrise, vivid and enchanting."
1215771128,102044145da55edac65d062abb7862a0930d77acdb0a0524c17ee939ecccb6db,Blue plants with lotus-like leaves.
2080989747,102044145da55edac65d062abb7862a0930d77acdb0a0524c17ee939ecccb6db,Blue plants with lotus-like leaves.
1215785794,d713d5b24231d773699961efa914606a7fce6fedadc1733e20c84ac47d98a64a,Press the <style=Hint_BgL>Go</style> button below to access the Call Friends training course and learn the feature’s basic functions and how to use them.
1215798828,202368fddb2af5aac044ce5d7e2da738354246cf81a18e3e094a0300f7df8431,Sleeping Iris
1215822250,a55dbaa51933842c5d941e4a87e1db94d61d06e1e517ab03e5901f70416a275c,So?
2127587555,a55dbaa51933842c5d941e4a87e1db94d61d06e1e517ab03e5901f70416a275c,So?
1215914690,7103928d4cebf2458d0a1f8995ed6dac905f4c1a8b96dd9e95941b8af1f94e81,Mail with unclaimed rewards won’t be deleted.
1215937711,38d9cd4135e1715c36bae7db303399d7124bc3dfec367f634d18be42e2a25b85,Alpha Waleetle
1504451878,38d9cd4135e1715c36bae7db303399d7124bc3dfec367f634d18be42e2a25b85,Alpha Waleetle
1786533982,38d9cd4135e1715c36bae7db303399d7124bc3dfec367f634d18be42e2a25b85,Alpha Waleetle
1993555879,38d9cd4135e1715c36bae7db303399d7124bc3dfec367f634d18be42e2a25b85,Alpha Waleetle
2092571152,38d9cd4135e1715c36bae7db303399d7124bc3dfec367f634d18be42e2a25b85,Alpha Waleetle
2119381354,38d9cd4135e1715c36bae7db303399d7124bc3dfec367f634d18be42e2a25b85,Alpha Waleetle
1215946483,fed1a0585f331f5213064d975b458d4fb7512e8b933c3e84cc2fbc6f9b94e4fb,Ivy
1239386466,fed1a0585f331f5213064d975b458d4fb7512e8b933c3e84cc2fbc6f9b94e4fb,Ivy
1259443066,fed1a0585f331f5213064d975b458d4fb7512e8b933c3e84cc2fbc6f9b94e4fb,Ivy
1290430950,fed1a0585f331f5213064d975b458d4fb7512e8b933c3e84cc2fbc6f9b94e4fb,Ivy
1317634512,fed1a0585f331f5213064d975b458d4fb7512e8b933c3e84cc2fbc6f9b94e4fb,Ivy
1439716769,fed1a0585f331f5213064d975b458d4fb7512e8b933c3e84cc2fbc6f9b94e4fb,Ivy
1511559557,fed1a0585f331f5213064d975b458d4fb7512e8b933c3e84cc2fbc6f9b94e4fb,Ivy
1708569988,fed1a0585f331f5213064d975b458d4fb7512e8b933c3e84cc2fbc6f9b94e4fb,Ivy
1763251487,fed1a0585f331f5213064d975b458d4fb7512e8b933c3e84cc2fbc6f9b94e4fb,Ivy
1907040588,fed1a0585f331f5213064d975b458d4fb7512e8b933c3e84cc2fbc6f9b94e4fb,Ivy
1994258773,fed1a0585f331f5213064d975b458d4fb7512e8b933c3e84cc2fbc6f9b94e4fb,Ivy
2105359775,fed1a0585f331f5213064d975b458d4fb7512e8b933c3e84cc2fbc6f9b94e4fb,Ivy
2130057736,fed1a0585f331f5213064d975b458d4fb7512e8b933c3e84cc2fbc6f9b94e4fb,Ivy
1215965452,34308fcee2b6a4907d9ea5b3b408fe936593be9a127be413f6bcdcd6042581f3,RV Level and Rewards
2044716870,34308fcee2b6a4907d9ea5b3b408fe936593be9a127be413f6bcdcd6042581f3,RV Level and Rewards
1215967828,4581e9eaaf5b8cb6142a42dd1faf7ce0dc07db16489305fc3a949cbe827e27a3,Alpha Susuta
1340171950,4581e9eaaf5b8cb6142a42dd1faf7ce0dc07db16489305fc3a949cbe827e27a3,Alpha Susuta
1565643882,4581e9eaaf5b8cb6142a42dd1faf7ce0dc07db16489305fc3a949cbe827e27a3,Alpha Susuta
2067265080,4581e9eaaf5b8cb6142a42dd1faf7ce0dc07db16489305fc3a949cbe827e27a3,Alpha Susuta
1215970955,e4dd6b3306a13859eb77637838f6aa9bdfc7c1c16e0e2e01bcef55cd43cc01bc,Aniimo Prototype ID (0 indicates all Aniimo)
1215975093,fa504e4572eaaaf2c64a44b8c74ef8841cdcd0a2e9aa7c4521aaeced40e38cc0,"Susuta’s shell shovel.
With a wooden handle and a shell-made scoop, it is proof that Aniimo in this world can make tools of their own.
Susuta use it to dig up beautiful shells and stones, then offer them to potential mates.
With someone cute watching, a Susuta could probably dig straight through Idyll with this shovel."
1476620911,fa504e4572eaaaf2c64a44b8c74ef8841cdcd0a2e9aa7c4521aaeced40e38cc0,"Susuta’s shell shovel.
With a wooden handle and a shell-made scoop, it is proof that Aniimo in this world can make tools of their own.
Susuta use it to dig up beautiful shells and stones, then offer them to potential mates.
With someone cute watching, a Susuta could probably dig straight through Idyll with this shovel."
1215995714,45c7fa8a14a13c95bd3beab283a1b8d4a1039024569816aa33cf90506c490536,"I know how painful it is to live without color.
That’s why I’ve always been grateful to Lady Irelia and Lady Velouria for blessing me with this gift."
1216038490,091a97c3ac2d217dda41161774f90fe6b99a03622ac820336a9ad71a74cb159f,Alchemist’s Notes (I)
1688540008,091a97c3ac2d217dda41161774f90fe6b99a03622ac820336a9ad71a74cb159f,Alchemist’s Notes (I)
1216082902,6a98c0bc0c72a394a48e0e794167579b44e157b34938b40ec8d400afb354c88b,Shining Thornblade Egg
1216090095,d9dfeb83549b5497c6cc5305b466a0b7325730717d48b31e3b310e1288c0eb1d,The energy shield over Giga-Egg nest has dissipated.
1216092552,ec91ea806e7dfaf0dce17807db88f0b166f48aade4a66924f9b86162330a7584,"Also, before I do, did you happen to find any local specialties? I can make you a bottle of perfume as a souvenir."
1470691565,ec91ea806e7dfaf0dce17807db88f0b166f48aade4a66924f9b86162330a7584,"Also, before I do, did you happen to find any local specialties? I can make you a bottle of perfume as a souvenir."
1216106465,9c5d597ce39ba772715ae1f0d3069ea5c9b9a1e8857a9fd0d67a9dc59c937af7,"What, you’d rather queue up under the Blitz Tree in the daytime?"
1216139292,d618d45bce996b32cc9e0cfc934bd82dec4412a423c69360472488a465de9888,Ugh~!
1216152426,5c1d7247568a489c37f8f20c4e120063e5314fcddcb75cbeafdd4776af0acef9,This action will stop current production and all finished products will be collected. Continue anyway?
59939053,21d75ff65f788e3cbd31b64753be1d5a31a4b80dc9db3e62c12a38f21ecf82c2,Sideburns
1216168162,21d75ff65f788e3cbd31b64753be1d5a31a4b80dc9db3e62c12a38f21ecf82c2,Sideburns
1216184297,6f618830f52e92025e7341c315b259c566bfb79c4abf63db8f36217e8af43414,<color=#5090df>%s</color> accidentally inhaled some hypnotic spores carried over by the wind and fell asleep.
1216188477,86c903d303e14a91b884bd2701aea9f840f6491b7432271e2b6b4fdb7fbdcbb2,Raw copper ore. Yellow-green copper can be seen through the cracks.
1217700614,86c903d303e14a91b884bd2701aea9f840f6491b7432271e2b6b4fdb7fbdcbb2,Raw copper ore. Yellow-green copper can be seen through the cracks.
1216204941,24c3d651bc3146be36669577967b2972a1a7d5bd80bbe27fef8aec00cefd46fd,RV Home
1216210865,b376977c7344f70cfcd9ba25261701fbb82fd39ae8359a300ac4ec73ca8391f4,Advanced Capacity Expansion Chip
1396140364,b376977c7344f70cfcd9ba25261701fbb82fd39ae8359a300ac4ec73ca8391f4,Advanced Capacity Expansion Chip
1689632861,b376977c7344f70cfcd9ba25261701fbb82fd39ae8359a300ac4ec73ca8391f4,Advanced Capacity Expansion Chip
1216218391,7eaf8a94f76f36e3737e290b6acde51b7cb4850c41ac62795ea02e12d21b8b9b,[Home Placement Violation Corrective Notice]
1216242329,82ad112ef3227df5e1fbb2f837697f894c0b3497056a48f5a614efd17afd83e9,Revive the mushroom and reach the target position
1216243258,f994b2831767424a58367eaf8f2fb614309f6cf192d65d75c121f6b184b6acdd,White Iris
1411636415,f994b2831767424a58367eaf8f2fb614309f6cf192d65d75c121f6b184b6acdd,White Iris
1872897188,f994b2831767424a58367eaf8f2fb614309f6cf192d65d75c121f6b184b6acdd,White Iris
1987917701,f994b2831767424a58367eaf8f2fb614309f6cf192d65d75c121f6b184b6acdd,White Iris
2135468641,f994b2831767424a58367eaf8f2fb614309f6cf192d65d75c121f6b184b6acdd,White Iris
1216245307,8a134ed6e4105cc3ef1abed9ab06aa269dc7164f519f4c4398af7356b358fe99,"Hey, don’t interrupt our choir!"
1216252612,cbe01edcaff8db6abd6f4e258f3c274695c4bb6fefe4f657fc33448a2f5ae8e5,Skip the Return to Horizon Square cutscene?
1216258874,80792346ca2d714dfa9a7dd73eb4a9f32fe90909f81b5e9a61db9d4a8f38505d,Above
1334853735,80792346ca2d714dfa9a7dd73eb4a9f32fe90909f81b5e9a61db9d4a8f38505d,Above
1709394909,80792346ca2d714dfa9a7dd73eb4a9f32fe90909f81b5e9a61db9d4a8f38505d,Above
1216274028,64747bbb80fb7a30c2978a93b4b83d1f24113ed6eba1dd3ab2d0c5090a370910,Go for Best
1505234365,64747bbb80fb7a30c2978a93b4b83d1f24113ed6eba1dd3ab2d0c5090a370910,Go for Best
1534400971,64747bbb80fb7a30c2978a93b4b83d1f24113ed6eba1dd3ab2d0c5090a370910,Go for Best
1805254983,64747bbb80fb7a30c2978a93b4b83d1f24113ed6eba1dd3ab2d0c5090a370910,Go for Best
1886531028,64747bbb80fb7a30c2978a93b4b83d1f24113ed6eba1dd3ab2d0c5090a370910,Go for Best
2127303745,64747bbb80fb7a30c2978a93b4b83d1f24113ed6eba1dd3ab2d0c5090a370910,Go for Best
1216295572,1d6c7948926195a8945025671e4d6adc2f4fe3faf857948f0f8714845225fdca,[Mk III] Energizing Bracer
1216295984,d6455e4a202e81bc2dea5d778f06826d2719847fc61cde1a980e62b8b9de6c7f,Press <style=Hint_BgL>#kHud/SwitchPet#z</style> to twine with Aniimo.
1216312140,e8f4ed90d550c38c74aa64b828764d75392f2d32084b5aafa44dda41ba66ae56,"Lita will send out Aniimo of various elements in battle, so making good use of <style=Hint_BgL>elemental counters</style> is the key to victory."
1216348998,9d05df51fafdb69f3c60d68cf92e0eba0ee79acfa13eb782a6678afddcc51efc,Alpha Coraliz
1270259969,9d05df51fafdb69f3c60d68cf92e0eba0ee79acfa13eb782a6678afddcc51efc,Alpha Coraliz
1804389389,9d05df51fafdb69f3c60d68cf92e0eba0ee79acfa13eb782a6678afddcc51efc,Alpha Coraliz
2098142241,9d05df51fafdb69f3c60d68cf92e0eba0ee79acfa13eb782a6678afddcc51efc,Alpha Coraliz
1216352580,899ade20f01fd63e6271e792f77e7a8781aa23f7cf96b9dc1265234e0bcbf427,Lumin Amber: Lumin Collection
1216352763,bce107da49f6a30b7052a1e20c0f886233d981f2ebc2c6ff91528a89786a37ed,"Beneath the night sky, smoldering flame breath stirs within."
1216364109,0083c027e62374279edf185e6e319ae15579691abf7e828a4047f7d34ee28a56,Flying Training
1216368922,2c007fe04bf46609e9a5347bc182d9f729b0dcf2a218b6ceab24ba5be08b07f2,"Hmm... The top notes are floral, and the middle notes carry a hint of forest..."
1216370517,2dc11c56e766df50b14ae971435f87cae8fdd4cb6c75676644865c4d1eb7a87a,Reporting in! I hear a heart breaking!
1216395050,61ce140c83c4ab71d762b90964730e5182098f400f327f170b3de8a2ce1eb0c5,The chill on its blade can freeze even souls.
1216398038,1373cf56c2484091640da4ab625726041f3548470ec8a6efbf0b2e01708d7a8c,Leah
1218458214,1373cf56c2484091640da4ab625726041f3548470ec8a6efbf0b2e01708d7a8c,Leah
1258521464,1373cf56c2484091640da4ab625726041f3548470ec8a6efbf0b2e01708d7a8c,Leah
1275466132,1373cf56c2484091640da4ab625726041f3548470ec8a6efbf0b2e01708d7a8c,Leah
1298722206,1373cf56c2484091640da4ab625726041f3548470ec8a6efbf0b2e01708d7a8c,Leah
1299211725,1373cf56c2484091640da4ab625726041f3548470ec8a6efbf0b2e01708d7a8c,Leah
1319633206,1373cf56c2484091640da4ab625726041f3548470ec8a6efbf0b2e01708d7a8c,Leah
1329033683,1373cf56c2484091640da4ab625726041f3548470ec8a6efbf0b2e01708d7a8c,Leah
1372335341,1373cf56c2484091640da4ab625726041f3548470ec8a6efbf0b2e01708d7a8c,Leah
1412132851,1373cf56c2484091640da4ab625726041f3548470ec8a6efbf0b2e01708d7a8c,Leah
1491390759,1373cf56c2484091640da4ab625726041f3548470ec8a6efbf0b2e01708d7a8c,Leah
1519298615,1373cf56c2484091640da4ab625726041f3548470ec8a6efbf0b2e01708d7a8c,Leah
1567781610,1373cf56c2484091640da4ab625726041f3548470ec8a6efbf0b2e01708d7a8c,Leah
1568349174,1373cf56c2484091640da4ab625726041f3548470ec8a6efbf0b2e01708d7a8c,Leah
1632254310,1373cf56c2484091640da4ab625726041f3548470ec8a6efbf0b2e01708d7a8c,Leah
1634822559,1373cf56c2484091640da4ab625726041f3548470ec8a6efbf0b2e01708d7a8c,Leah
1653997416,1373cf56c2484091640da4ab625726041f3548470ec8a6efbf0b2e01708d7a8c,Leah
1663064902,1373cf56c2484091640da4ab625726041f3548470ec8a6efbf0b2e01708d7a8c,Leah
1677217339,1373cf56c2484091640da4ab625726041f3548470ec8a6efbf0b2e01708d7a8c,Leah
1702131485,1373cf56c2484091640da4ab625726041f3548470ec8a6efbf0b2e01708d7a8c,Leah
1773355405,1373cf56c2484091640da4ab625726041f3548470ec8a6efbf0b2e01708d7a8c,Leah
1785743220,1373cf56c2484091640da4ab625726041f3548470ec8a6efbf0b2e01708d7a8c,Leah
1835262337,1373cf56c2484091640da4ab625726041f3548470ec8a6efbf0b2e01708d7a8c,Leah
1888138553,1373cf56c2484091640da4ab625726041f3548470ec8a6efbf0b2e01708d7a8c,Leah
1910906003,1373cf56c2484091640da4ab625726041f3548470ec8a6efbf0b2e01708d7a8c,Leah