1908784552,0fb91f93907b41e1c5bd03e854bc366696cc8146b52ff3179eb55af07128bf6a,REGEN +4%
2057089331,0fb91f93907b41e1c5bd03e854bc366696cc8146b52ff3179eb55af07128bf6a,REGEN +4%
2113083610,0fb91f93907b41e1c5bd03e854bc366696cc8146b52ff3179eb55af07128bf6a,REGEN +4%
1274329344,f6e4e9df46498703b5271f660032dffa520c56d8f7d1aecd88e96e5fc601dc7f,Sparkling Type VI
1274340859,58010d6489d45958d0fbc427858d0418a1983187506c5aa57ae190c2e96cab10,"Nice to meet you! Those are some unique outfits...
Are you here for the Bloom Festival?"
1274388945,5f7b4eea318d9cc3b5fe32f6957f6fab4325bab9c761df0dcf5f45fbdc43509f,Controller Settings
1274402962,97e7855d4f673d6477d15ce296267850c4d5afddbfacccb990ee49147a26be64,Premium Coconut Oil
1274405023,82ba1e34f0cfc03083bc004182d78e08b4e28436be394ea37259624d4e8cfa21,"Whether the monster is in a PvP scenario (0 = No, 1 = Yes)"
1274420686,573730fbed8fedc57205daecd928bcd77039c63578932e6195d1a7572c831dbe,Select Hatchinator.
1274439342,52c6a4f68307d05bfd6460d1dd807e2fa05d65b94fefedb74c63296b3c78642a,What do you need?
1707919710,52c6a4f68307d05bfd6460d1dd807e2fa05d65b94fefedb74c63296b3c78642a,What do you need?
2139369308,52c6a4f68307d05bfd6460d1dd807e2fa05d65b94fefedb74c63296b3c78642a,What do you need?
1274473297,c93c846666dd07765fd3be946d915f4469687ebd1eed7e04194906fba4921365,"Chance to obtain a common unit that significantly increases defense against </style>targets on Hard difficulty or lower<style=Hint_BgL>.
With a chip installed, <style=Hint_BgL>slightly increases defense</style>."
1274484198,259201cde56f5db89e7dc065e4ca0dd0f2e6a8abdd3141f1816dab89999a6bdb,[Mystic]
1274562947,5fa3cd745538a24b21cea8f3280d64b0ff6da2aa40508f74b7aecb40dd04e92a,Dust particle number 76—goodbye forever!
1274569456,104e8238fcb1a4ac900b8e9a3d9b79484ac26ab90412058a3ab7e0145e9b3536,About the sunshine...
1274583181,c63ea531ca6a1cc1f248fe6a41767c2e2d4fd637636e04e3fa0244f4cf4ee186,Allie
1274600263,cdc5783eddf403482de1ff9744e95874483fb9cf584fc1efcc77d5389cf9d2d2,friends selected
1274606079,4deec27c4723525ae1eafaf45b39045a736a53e3fac613a3c66b70dae85a0705,"The clouds over Nimbus Fields linger for a long time, and being among them gives you a sense of <style=Hint_BgL>reduced gravity</style>."
1274642608,9689a94c727ea42ebd820dde83a0372fa11a04f89ff27e224717cf750fd8126f,"Earn <link=""item_1006""><color=#5090df><u>Research Points</u></color></link> to <link=""appearHelp_115""><color=#5090df><u>raise your Aniilog level</u></color></link>:
∙ Unlock new Aniimo: requires a <style=Hint_BgL>massive amount</style> of Research Points
∙ Unlock Field Notes entries: requires a <style=Hint_BgL>large amount</style> of Research Points
∙ Unlock Aniimo forms: requires a <style=Hint_BgL>large amount</style> of Research Points
∙ Complete research topic entries: requires a <style=Hint_BgL>small amount</style> of Research Points"
1759210803,9689a94c727ea42ebd820dde83a0372fa11a04f89ff27e224717cf750fd8126f,"Earn <link=""item_1006""><color=#5090df><u>Research Points</u></color></link> to <link=""appearHelp_115""><color=#5090df><u>raise your Aniilog level</u></color></link>:
∙ Unlock new Aniimo: requires a <style=Hint_BgL>massive amount</style> of Research Points
∙ Unlock Field Notes entries: requires a <style=Hint_BgL>large amount</style> of Research Points
∙ Unlock Aniimo forms: requires a <style=Hint_BgL>large amount</style> of Research Points
∙ Complete research topic entries: requires a <style=Hint_BgL>small amount</style> of Research Points"
1973472011,9689a94c727ea42ebd820dde83a0372fa11a04f89ff27e224717cf750fd8126f,"Earn <link=""item_1006""><color=#5090df><u>Research Points</u></color></link> to <link=""appearHelp_115""><color=#5090df><u>raise your Aniilog level</u></color></link>:
∙ Unlock new Aniimo: requires a <style=Hint_BgL>massive amount</style> of Research Points
∙ Unlock Field Notes entries: requires a <style=Hint_BgL>large amount</style> of Research Points
∙ Unlock Aniimo forms: requires a <style=Hint_BgL>large amount</style> of Research Points
∙ Complete research topic entries: requires a <style=Hint_BgL>small amount</style> of Research Points"
2012707172,9689a94c727ea42ebd820dde83a0372fa11a04f89ff27e224717cf750fd8126f,"Earn <link=""item_1006""><color=#5090df><u>Research Points</u></color></link> to <link=""appearHelp_115""><color=#5090df><u>raise your Aniilog level</u></color></link>:
∙ Unlock new Aniimo: requires a <style=Hint_BgL>massive amount</style> of Research Points
∙ Unlock Field Notes entries: requires a <style=Hint_BgL>large amount</style> of Research Points
∙ Unlock Aniimo forms: requires a <style=Hint_BgL>large amount</style> of Research Points
∙ Complete research topic entries: requires a <style=Hint_BgL>small amount</style> of Research Points"
2075860148,9689a94c727ea42ebd820dde83a0372fa11a04f89ff27e224717cf750fd8126f,"Earn <link=""item_1006""><color=#5090df><u>Research Points</u></color></link> to <link=""appearHelp_115""><color=#5090df><u>raise your Aniilog level</u></color></link>:
∙ Unlock new Aniimo: requires a <style=Hint_BgL>massive amount</style> of Research Points
∙ Unlock Field Notes entries: requires a <style=Hint_BgL>large amount</style> of Research Points
∙ Unlock Aniimo forms: requires a <style=Hint_BgL>large amount</style> of Research Points
∙ Complete research topic entries: requires a <style=Hint_BgL>small amount</style> of Research Points"
1274649542,44e2beaa3bcc292a6e6c7f4375677bc84c2ca9c6595e781929b08fc9c0a138dd,This feature cannot be used while in a team.
1274651785,de88434007cb063dee9ba7a66478aa3b320ca05feee260b065b87734f464edc4,Dried Apple Slices
1274662330,d66f1dc2d9159eb7603cddb36b1239d607bd1db1a84dbc4804f3726fc96004e1,Companion Handbook Paid Level 75
1425856602,d66f1dc2d9159eb7603cddb36b1239d607bd1db1a84dbc4804f3726fc96004e1,Companion Handbook Paid Level 75
1274688633,0d56656f9e3d9733110aeeeb51aa1f8d648338bec17282bc56ce5e993f684d16,Master Trainee
1274706043,a99a4d152b686eb3e2ab9f81f5941390bb67a94bba5c8678f0824896f1d43e5d,Rising Egg Scout I
1274708832,afc4c40262eeb91327e363c38357bc9e8ecc9076ae2aa4c1f213e0b44dae63f0,Resilience Value Recovery
1971587937,afc4c40262eeb91327e363c38357bc9e8ecc9076ae2aa4c1f213e0b44dae63f0,Resilience Value Recovery
1274732935,4db9fde0451979cdd58f8b23eb235ed93c21cddfea7609155e4a353950b21571,Keep your steps light and go wherever your heart leads.
1274769187,ac46763d41bb0e28d40aed3d2c45ec951919ca445c9cf5be2117a961eff9fcf9,Can be placed
1274776395,e652a4461fe1ffa1555596d319b0d52746fb8996b1c748a83c6f95f0ac7726ec,Pebble Kick
1274793960,58f5a956e94cce64cbbcd6705770413afd4b472a3ed7acd4d877f73d87b1d2b0,Advanced Aloeswood Incense
1274797144,107f5fb418fc94955008f10ee78c6929bceb76920539738f35aed9feac70c45c,Earned This Week:
1274802546,5b0aae1275282e5d3d8410fa3a12eb373ed572072dc5b758db85b01fb9241ac4,Holo-Bouncy Pad
1466309430,5b0aae1275282e5d3d8410fa3a12eb373ed572072dc5b758db85b01fb9241ac4,Holo-Bouncy Pad
1593133344,5b0aae1275282e5d3d8410fa3a12eb373ed572072dc5b758db85b01fb9241ac4,Holo-Bouncy Pad
1274816415,4ac3149e14aa4496d34a544452ba6a37a7570313f06e3e156eacb329ca3d8434,"Soft, sweet, and so squishy it melts your heart."
1625916914,4ac3149e14aa4496d34a544452ba6a37a7570313f06e3e156eacb329ca3d8434,"Soft, sweet, and so squishy it melts your heart."
1860980772,4ac3149e14aa4496d34a544452ba6a37a7570313f06e3e156eacb329ca3d8434,"Soft, sweet, and so squishy it melts your heart."
1274836040,e009159db0efcc28cfd2a12a34006fcb90620dfb933f4adaf1bb7ec491868ceb,Gilded Bough & Pearl Dew: Left
1274844785,1ebfc2bae5b8809b345e64d09dead10c5df285e00ff4ef5852ca6ea87e4daf96,Strongly Discouraged
1710525146,1ebfc2bae5b8809b345e64d09dead10c5df285e00ff4ef5852ca6ea87e4daf96,Strongly Discouraged
1274867141,0f5bba929d03ce5bb16eaa904d3f3f13b20579198e716b893f1f9a48e2b74563,Windgrass
1404684403,0f5bba929d03ce5bb16eaa904d3f3f13b20579198e716b893f1f9a48e2b74563,Windgrass
1694549387,0f5bba929d03ce5bb16eaa904d3f3f13b20579198e716b893f1f9a48e2b74563,Windgrass
1274885665,b59f5a87866254e71a188bee27a54e67860ff738e9165068d6caa540a4182473,A plush green clover-shaped rug that brings a fresh touch and a little luck to the Outpost.
1593093297,b59f5a87866254e71a188bee27a54e67860ff738e9165068d6caa540a4182473,A plush green clover-shaped rug that brings a fresh touch and a little luck to the Outpost.
1274937980,3372466fcc9d094ccbb1fd98b7e3878e0bb35dbc83ca5fd01a1f105dcf046f53,"Mm, if a butterfly shadow’s leading us, we should probably follow."
1274942068,c7af488fba1583b3972463119cffd3efad41873a760e99d9828a234f0d0250c3,I got something for you! It’s right behind me.
1274946791,7357699bad7820a6207ac0568b9b7c6eb6c66b11193c9594d5c55ad997b08128,A nursery bed for your Home.
1978678870,7357699bad7820a6207ac0568b9b7c6eb6c66b11193c9594d5c55ad997b08128,A nursery bed for your Home.
1274949924,7d33283450fa672818d23481d14454f29dd3fbed26590596deca0eea62593ae4,Create your signature face.
1274960552,3c14eac0f9c484f0ad57566cc8f10136d2e4ca28e30cd4e73421531e9c0b4242,Debug Detection Range NoImpActorId (0 means all)
1274986779,d89aaa6a6e407695b6f276e2595ea82ad109d1401caacbd0a1ea5bc020681365,<style=Hint_BgL>Processed goods</style> produced by the Carousel Mill in your Home. They can be sold in shops or processed further.
2117250358,d89aaa6a6e407695b6f276e2595ea82ad109d1401caacbd0a1ea5bc020681365,<style=Hint_BgL>Processed goods</style> produced by the Carousel Mill in your Home. They can be sold in shops or processed further.
1274998944,ac1892f99811e9d8827668c608e59b07306f9da389437aeede0b50b121bd4a31,Levi is an academic lunatic who doesn't consider practical issues like logistical support and resource allocation at all...
1275021828,2f09314e44edac8ec96b0b6824cc99b3e9c109ea9ec40ac9d9c11da82d4f17fd,Unlock plot 11
1275039277,6c40bd7170824b8add9252fc286e6a44b85103fb33c682ad18b9fb8b90241f47,"If you want to look around the plaza first, that's fine. I'll wait for you up ahead, just remember to come quickly."
1275047517,b8abb3f8f3c4cd1691cdf7332bcf79eb4b73b9459cf3109a0e0b9d661cba5678,Starlight Cloak
1275055751,50a37344295b31543e7fef1b1ceb0192f4c213fada9a61c10c328db448cda60f,A pendant that belongs to a quiet and reticent youth
1275064139,b71960adf48f0f096d258be5944b7885e9d1d023ae8531b2352fe3bd320e8eca,"It’s gonna be
way better now!"
1275074412,780292d26f39a5fb67557dadda8443d76316050691bf5ddb2ffafa4505cb55ac,Princess...
1275105983,78755685e0cc8234f3f9eea8a025a09f944e814a8bff24033dbb8c3b62923986,"When the Spice is lit and the illusion of seven-colored Blossoms appears, Lady Irelia will bestow a rain of blessed flowers—it's the most beautiful sight in all of Breezy Plains."
1275136047,03edaa2feae03c0f2923305eb50f1b624bd215f53264c865d03058f36fc710b3,Yay... lala... yay...
1275149384,b22f5f1ac68d5caa5cb8a3634273023a297924acb7e7d14d12562a392e53277e,An extremely rare crystal used to increase an Aniimo’s Acquired Potential.
1275156219,77daa447b76865b6f48b38214c002c5881eecd415ff9271d6d5107de0715799f,"Miraculous Waxing Moon Pepper with triple mutations, enveloped in a rainbow-like glow and sparkling with dazzling spots of light while having exceptionally large and plump roots."
1643593563,77daa447b76865b6f48b38214c002c5881eecd415ff9271d6d5107de0715799f,"Miraculous Waxing Moon Pepper with triple mutations, enveloped in a rainbow-like glow and sparkling with dazzling spots of light while having exceptionally large and plump roots."
1275160533,cb513f9fddcda77a2f126778d67fd7b473abe005738e0e04c304ecfb9b76c691,"During the event, obtain the Prismana Form Sparkelf, then go to TikTok to claim the SPARKELF x Aniimo collab ""Sparkelf"" avatar!"
1275165949,90bc816dc5a19768d5e29ae722e697ea8aa578341bd0af5b55b4e630d1f48dc7,Can consume Primegy to Craft Jawling's Dewdrop Crystal
1275180140,23c6220a46a1c095cf4c0ecf853ff18be1ea33a7d78be5e342cced480eefcc0d,ID cannot be blank
1275219811,bc4cecc2c1171e0c4903ebc5a8327c7d21a5950d62ef856c102beadd19cae654,Wind Chasers
1572878754,bc4cecc2c1171e0c4903ebc5a8327c7d21a5950d62ef856c102beadd19cae654,Wind Chasers
1275226114,4c524df152039230c2c2a594a7287b42af46798095e6901fd16378ad4f88e0a2,Shrouded in Mist
1850597020,4c524df152039230c2c2a594a7287b42af46798095e6901fd16378ad4f88e0a2,Shrouded in Mist
1927013688,4c524df152039230c2c2a594a7287b42af46798095e6901fd16378ad4f88e0a2,Shrouded in Mist
2045726793,4c524df152039230c2c2a594a7287b42af46798095e6901fd16378ad4f88e0a2,Shrouded in Mist
2048845601,4c524df152039230c2c2a594a7287b42af46798095e6901fd16378ad4f88e0a2,Shrouded in Mist
2064258384,4c524df152039230c2c2a594a7287b42af46798095e6901fd16378ad4f88e0a2,Shrouded in Mist
1275242596,6d5b0faba67735ef8abe6c979db7f35b38aafd59d7687f2b87728bed45caf3dd,Barrage
1275278840,e0811d1408feb1703701a3047a2f03bb2a8edaaa1d2bf90f6385b55a693a45e0,Resource Pack Size
1275310436,946a7ce3a94825ec79c218362f9d60122f6a0a3ef313b433d8da49c7f646dbd5,"Their feathers constantly secrete oil, which produces all kinds of bubbles with just a little rubbing. Naturally, they use the softest, fluffiest foam to protect the Fahloos on their backs."
1275319960,3a013abf615414bb830e38d4fa3c4095dc980f49b8e1bcc5925d3e2ea04eb73b,An Activity Gift Pack distributed by Polaris Institute. Open it to receive generous rewards.
1571085241,3a013abf615414bb830e38d4fa3c4095dc980f49b8e1bcc5925d3e2ea04eb73b,An Activity Gift Pack distributed by Polaris Institute. Open it to receive generous rewards.
1829710828,3a013abf615414bb830e38d4fa3c4095dc980f49b8e1bcc5925d3e2ea04eb73b,An Activity Gift Pack distributed by Polaris Institute. Open it to receive generous rewards.
2091382966,3a013abf615414bb830e38d4fa3c4095dc980f49b8e1bcc5925d3e2ea04eb73b,An Activity Gift Pack distributed by Polaris Institute. Open it to receive generous rewards.
1275344242,e073b9af924a0bf7072f9f44b58c44e6884cfe9e87c1e1847db52556d0104dca,How do you feel?
1275344581,eae510034e6685f25bd1f688c82752c301f692e68b12ff6cce7f46dfebebbd31,Head Hammer
1275375030,a9bbdf6c431004d78432be2c9658babd2aee6e4e1a30bae92d799e77dd317eec,Veinsource Cocoon
1579098496,a9bbdf6c431004d78432be2c9658babd2aee6e4e1a30bae92d799e77dd317eec,Veinsource Cocoon
1733109445,a9bbdf6c431004d78432be2c9658babd2aee6e4e1a30bae92d799e77dd317eec,Veinsource Cocoon
1275382137,ed84cc707770341074359a96b3a0a30df1c795c6cea04ecc0f55750266c12071,Perfume Feather
1275406720,d0644cd1ece777948fff6d0bad9fd07ad32a6ce9cb56a7290e38fe7903e834dd,"If you just give up, right here, right now, you won’t feel exhausted anymore. You won’t have to face defeat again."
1275422579,3528bc4abe6d3b7f6e48f9cc83383af7fc7951649bc94fc238bb0dc625d94e0d,The party is full—you can’t invite anyone else.
1275474427,74656a547077978ccff08feb67fc79cbf2ebea925dd29cf60a649882659ba6a4,In the Forest of Falling Stars!!
1275477385,8ae8804b9e4665c142684e8178f07a4729ea5f7efb915801ec863731fba65ca2,Lightning Damage Boost
1583857238,8ae8804b9e4665c142684e8178f07a4729ea5f7efb915801ec863731fba65ca2,Lightning Damage Boost
1623586093,8ae8804b9e4665c142684e8178f07a4729ea5f7efb915801ec863731fba65ca2,Lightning Damage Boost
1275478372,8989aab1cfc9e97652a0ef6b92d27ba4c92795b6c6a5e4b37bec19a993d7b2c7,"Starts with <customRichText(calcData,buff,4001100,param0,1)> more UP."
1275510585,8acca5d10fc4bfe88cfaf8f6eaffa0d3ef172272a54557c05d722f16f5d2fbc1,Reset sandbox data (0 resets all)
1275514541,d305730504a1729a97db2718744ed7b436ef6613ce0a7621511d239c42f4a7c6,Helmut’s Gift of Thanks
1420110608,d305730504a1729a97db2718744ed7b436ef6613ce0a7621511d239c42f4a7c6,Helmut’s Gift of Thanks
1874192500,d305730504a1729a97db2718744ed7b436ef6613ce0a7621511d239c42f4a7c6,Helmut’s Gift of Thanks
1275514751,9a9e4acaf85d02716c0b592e144474cf07b4173a659ca9b4ca4c93b06dd5d3a8,Old Town
1275517180,a1a0b049a3a25a7bfa5cfdf8e21e6cafbd629ceea685dfda6e5a333134a15b46,Safe Expansion I
1275523446,ce0df790c5494b0b89c25d7d9be8c00b9df517e46b1b61beb3e23b7a342073c6,"The Institute hall has two floors. The first floor is open to the public. You can learn about our latest research results at the <style=Hint_BgD>Science Exhibit Booth</style>, and at the center of the hall, you can see Idyll below Astra through the <style=Hint_BgD>Idyll Window</style>!"
1275606624,aecfea5bb53b36bd1317194d3440a1a571045f793b929a5aeee338e2aced6411,Leisurely Everyday
1521236550,aecfea5bb53b36bd1317194d3440a1a571045f793b929a5aeee338e2aced6411,Leisurely Everyday
1275609234,38d3b51606659041b713d8bafc351dc161fe056c2e31284a19fca693454e65a2,"Baskbasher gains <style=Hint_BgL>[Rage]</style> from basic attacks and when hit. Each stack of <style=Hint_BgL>[Rage]</style> increases BREAK efficiency by <style=Hint_BgL><customRichText(calcData,buff,91604011,param0,1,%d)>%</style>, up to <style=Hint_BgL>16</style> stacks. Taking a frontal hit grants <style=Hint_BgL>1</style> stack of <style=Hint_BgL>[Rage]</style>. Taking a hit from behind (on the tail) grants <style=Hint_BgL>3</style> stacks of <style=Hint_BgL>[Rage]</style>. Baskbasher can gain <style=Hint_BgL>[Rage]</style> from taking hits once every <style=Hint_BgL>0.5</style>s."
1275622983,ffb0e0aacd9d818895df97d359d565bf5b99a23b914bf551a26f447a4f330494,Roll the Dice
2011505236,ffb0e0aacd9d818895df97d359d565bf5b99a23b914bf551a26f447a4f330494,Roll the Dice
284162545,1383821e66c55063ddcc6bf9309318ff9a19c89c3fdadbd126017f884773e80d,Catch the runaway Lumin Amber before time runs out
292319284,1383821e66c55063ddcc6bf9309318ff9a19c89c3fdadbd126017f884773e80d,Catch the runaway Lumin Amber before time runs out
300338580,1383821e66c55063ddcc6bf9309318ff9a19c89c3fdadbd126017f884773e80d,Catch the runaway Lumin Amber before time runs out
303564773,1383821e66c55063ddcc6bf9309318ff9a19c89c3fdadbd126017f884773e80d,Catch the runaway Lumin Amber before time runs out
305821891,1383821e66c55063ddcc6bf9309318ff9a19c89c3fdadbd126017f884773e80d,Catch the runaway Lumin Amber before time runs out
320092232,1383821e66c55063ddcc6bf9309318ff9a19c89c3fdadbd126017f884773e80d,Catch the runaway Lumin Amber before time runs out
334887350,1383821e66c55063ddcc6bf9309318ff9a19c89c3fdadbd126017f884773e80d,Catch the runaway Lumin Amber before time runs out
344240032,1383821e66c55063ddcc6bf9309318ff9a19c89c3fdadbd126017f884773e80d,Catch the runaway Lumin Amber before time runs out
363292160,1383821e66c55063ddcc6bf9309318ff9a19c89c3fdadbd126017f884773e80d,Catch the runaway Lumin Amber before time runs out
374213245,1383821e66c55063ddcc6bf9309318ff9a19c89c3fdadbd126017f884773e80d,Catch the runaway Lumin Amber before time runs out
378105568,1383821e66c55063ddcc6bf9309318ff9a19c89c3fdadbd126017f884773e80d,Catch the runaway Lumin Amber before time runs out
383613506,1383821e66c55063ddcc6bf9309318ff9a19c89c3fdadbd126017f884773e80d,Catch the runaway Lumin Amber before time runs out
440006221,1383821e66c55063ddcc6bf9309318ff9a19c89c3fdadbd126017f884773e80d,Catch the runaway Lumin Amber before time runs out
443500016,1383821e66c55063ddcc6bf9309318ff9a19c89c3fdadbd126017f884773e80d,Catch the runaway Lumin Amber before time runs out
451999433,1383821e66c55063ddcc6bf9309318ff9a19c89c3fdadbd126017f884773e80d,Catch the runaway Lumin Amber before time runs out
452510225,1383821e66c55063ddcc6bf9309318ff9a19c89c3fdadbd126017f884773e80d,Catch the runaway Lumin Amber before time runs out
454963885,1383821e66c55063ddcc6bf9309318ff9a19c89c3fdadbd126017f884773e80d,Catch the runaway Lumin Amber before time runs out
505825629,1383821e66c55063ddcc6bf9309318ff9a19c89c3fdadbd126017f884773e80d,Catch the runaway Lumin Amber before time runs out
1275634952,1383821e66c55063ddcc6bf9309318ff9a19c89c3fdadbd126017f884773e80d,Catch the runaway Lumin Amber before time runs out
1296439245,1383821e66c55063ddcc6bf9309318ff9a19c89c3fdadbd126017f884773e80d,Catch the runaway Lumin Amber before time runs out
1386713879,1383821e66c55063ddcc6bf9309318ff9a19c89c3fdadbd126017f884773e80d,Catch the runaway Lumin Amber before time runs out
1453670403,1383821e66c55063ddcc6bf9309318ff9a19c89c3fdadbd126017f884773e80d,Catch the runaway Lumin Amber before time runs out
1454404972,1383821e66c55063ddcc6bf9309318ff9a19c89c3fdadbd126017f884773e80d,Catch the runaway Lumin Amber before time runs out
1470152625,1383821e66c55063ddcc6bf9309318ff9a19c89c3fdadbd126017f884773e80d,Catch the runaway Lumin Amber before time runs out
1646706700,1383821e66c55063ddcc6bf9309318ff9a19c89c3fdadbd126017f884773e80d,Catch the runaway Lumin Amber before time runs out
2099053190,1383821e66c55063ddcc6bf9309318ff9a19c89c3fdadbd126017f884773e80d,Catch the runaway Lumin Amber before time runs out
1275672122,afdd0d1ba0bffcd45232f5949285ec11cea6658840e844696868804b412286b2,Failed to enter. Aniimo requirements not met.
1275703454,dbfa2291148e2f0a06bcd9f7a76b7c3ea90520f17710a5065a5f2c9b60f9508f,Sleepy Cubbo
1539460661,dbfa2291148e2f0a06bcd9f7a76b7c3ea90520f17710a5065a5f2c9b60f9508f,Sleepy Cubbo
1653456636,dbfa2291148e2f0a06bcd9f7a76b7c3ea90520f17710a5065a5f2c9b60f9508f,Sleepy Cubbo
1675491543,dbfa2291148e2f0a06bcd9f7a76b7c3ea90520f17710a5065a5f2c9b60f9508f,Sleepy Cubbo
1777273982,dbfa2291148e2f0a06bcd9f7a76b7c3ea90520f17710a5065a5f2c9b60f9508f,Sleepy Cubbo
1882157974,dbfa2291148e2f0a06bcd9f7a76b7c3ea90520f17710a5065a5f2c9b60f9508f,Sleepy Cubbo
1893114815,dbfa2291148e2f0a06bcd9f7a76b7c3ea90520f17710a5065a5f2c9b60f9508f,Sleepy Cubbo
1985737189,dbfa2291148e2f0a06bcd9f7a76b7c3ea90520f17710a5065a5f2c9b60f9508f,Sleepy Cubbo
2083964054,dbfa2291148e2f0a06bcd9f7a76b7c3ea90520f17710a5065a5f2c9b60f9508f,Sleepy Cubbo
1275705390,2e36952986cc0a097a541dc1f1886d43ff3b0387c7bbf4204e86ae1cc4138ae6,Altar 1F - 1
2112326833,2e36952986cc0a097a541dc1f1886d43ff3b0387c7bbf4204e86ae1cc4138ae6,Altar 1F - 1
1275712912,2dd37600e2d484d1143b7f41372ef9f4cdb786dceab79b56b6dca3353fd5fef3,"Storytelling is hard work too, you know. Let me take a break, Pathfinder!"
1275768360,33473362c7e5999051786dcb626051777994b604fca226ba4e59b5f8fa696ddf,You’ve got real talent for happiness! Why not join our <style=Hint_BgD>Happy Fentuft Team</style>!
1275775527,963dab66aa016e85a3ae7c04e1d156c8dc453152bed28fb7cbe367b5df7ab0a3,Seaside Heartbud
1824883389,963dab66aa016e85a3ae7c04e1d156c8dc453152bed28fb7cbe367b5df7ab0a3,Seaside Heartbud
2082321446,963dab66aa016e85a3ae7c04e1d156c8dc453152bed28fb7cbe367b5df7ab0a3,Seaside Heartbud
1275782245,97a87e02e1ad552517c3b2b7ac56dd4b05dd1cbaea98d41acf9281846699e136,Personal Growth
1275793041,7c72785016792cbd111b9ee95bad877e0280b73235e9b8010ffcc6eb6fbb6081,Sunia!
1275853523,e6aa55fffefa9806e474006ae7b8fe25dab04a319125313c49712cf5da0291d9,Meet Up on RuStore
1843543802,e6aa55fffefa9806e474006ae7b8fe25dab04a319125313c49712cf5da0291d9,Meet Up on RuStore
1275876148,23f21bfb7319be279ca888982b66ab27664d81dd12ac093396571d603dbbd4f7,You mean those devices?
1275889734,afc94119caa7c494c3a41a2d5da27d32a2758c0d88e6eed2b78c81e30805dbeb,Hathaway
1340256988,afc94119caa7c494c3a41a2d5da27d32a2758c0d88e6eed2b78c81e30805dbeb,Hathaway
1366224279,afc94119caa7c494c3a41a2d5da27d32a2758c0d88e6eed2b78c81e30805dbeb,Hathaway
1542423063,afc94119caa7c494c3a41a2d5da27d32a2758c0d88e6eed2b78c81e30805dbeb,Hathaway
1674207740,afc94119caa7c494c3a41a2d5da27d32a2758c0d88e6eed2b78c81e30805dbeb,Hathaway
2033622542,afc94119caa7c494c3a41a2d5da27d32a2758c0d88e6eed2b78c81e30805dbeb,Hathaway
2145033566,afc94119caa7c494c3a41a2d5da27d32a2758c0d88e6eed2b78c81e30805dbeb,Hathaway
1275907385,69758280294295e3658c60e2d316d67b5902dbcc9f42706be6f198ac6816c5de,"No, I’m not sleepy yet... yawn..."
1275939565,4250f02dbb7403fdd420347e6d4cf8771b8b9fb2f9c1a12bbaac66d6046adbaf,Beast Fang Ridge finally has a new Recas?
1275955607,5dffd4bfcb75af669e73e528bd1df02072ec6572fabd620a23bcdc1882aa766e,Floey
1275963268,f3cb7bc453fc3afa0d17c7be043c1c68e66826dbdcb19c7d08311840368a1ae6,Force the current Aniimo Skill setup to load from the monster?
1275966103,601ba5b2b5f7ec9804a4ede925e350f1ecd73838feaa1defaa8069318310c3ba,"A protective unit chip that greatly increases Stamina recovery, making you a true off-road champion."
1522528855,601ba5b2b5f7ec9804a4ede925e350f1ecd73838feaa1defaa8069318310c3ba,"A protective unit chip that greatly increases Stamina recovery, making you a true off-road champion."
1275999124,1e61fba2ad9133777615fef18352e4a19fa6c13a61f917af5f5de9290514a14a,You’re covered in dust. Kindly maintain a distance of at least three meters.
1276024645,fff1f4ee4f553c06fdcf33c59551d9c7a6294a9ec9f0f7523c218fe0e203d0fb,Alpha Besauce
1519210135,fff1f4ee4f553c06fdcf33c59551d9c7a6294a9ec9f0f7523c218fe0e203d0fb,Alpha Besauce
1276039264,257ec38103355995a2e7addfdedc565fc884cf4bfdfae97aa68694c450a328e1,Wind-type Resistance
1341714441,257ec38103355995a2e7addfdedc565fc884cf4bfdfae97aa68694c450a328e1,Wind-type Resistance
1276041717,9d7b9c24bcc7785d950564e9cf11140268977b8511c491ac788e60a1ef97ad35,Shining Ginseng
1444065304,9d7b9c24bcc7785d950564e9cf11140268977b8511c491ac788e60a1ef97ad35,Shining Ginseng
1445193032,9d7b9c24bcc7785d950564e9cf11140268977b8511c491ac788e60a1ef97ad35,Shining Ginseng
1276054093,0701e2b9a9e87696db98dea48218eb4827763406796dce10fe1de8535c3888ae,What’s more important than my colors...?
1276071897,2c5c208722aed55856dd5feee3d6481e52d3da03d4e6b035f0dfaf809d988472,"Hmm, quite proficient. Holo-Battle Sim is an important way to obtain advanced Carried Items. Next question!"
282464455,916c5ffe96ab6520b794b12560ffdfb8e3c3a32bedcc4e767b99f5aaa747de79,Tracking Point
282646439,916c5ffe96ab6520b794b12560ffdfb8e3c3a32bedcc4e767b99f5aaa747de79,Tracking Point
284272370,916c5ffe96ab6520b794b12560ffdfb8e3c3a32bedcc4e767b99f5aaa747de79,Tracking Point
287507805,916c5ffe96ab6520b794b12560ffdfb8e3c3a32bedcc4e767b99f5aaa747de79,Tracking Point
289202485,916c5ffe96ab6520b794b12560ffdfb8e3c3a32bedcc4e767b99f5aaa747de79,Tracking Point
292458903,916c5ffe96ab6520b794b12560ffdfb8e3c3a32bedcc4e767b99f5aaa747de79,Tracking Point
293106217,916c5ffe96ab6520b794b12560ffdfb8e3c3a32bedcc4e767b99f5aaa747de79,Tracking Point
294202266,916c5ffe96ab6520b794b12560ffdfb8e3c3a32bedcc4e767b99f5aaa747de79,Tracking Point
295819102,916c5ffe96ab6520b794b12560ffdfb8e3c3a32bedcc4e767b99f5aaa747de79,Tracking Point
297818551,916c5ffe96ab6520b794b12560ffdfb8e3c3a32bedcc4e767b99f5aaa747de79,Tracking Point
298109951,916c5ffe96ab6520b794b12560ffdfb8e3c3a32bedcc4e767b99f5aaa747de79,Tracking Point
299093208,916c5ffe96ab6520b794b12560ffdfb8e3c3a32bedcc4e767b99f5aaa747de79,Tracking Point
301668567,916c5ffe96ab6520b794b12560ffdfb8e3c3a32bedcc4e767b99f5aaa747de79,Tracking Point
305155681,916c5ffe96ab6520b794b12560ffdfb8e3c3a32bedcc4e767b99f5aaa747de79,Tracking Point
306050049,916c5ffe96ab6520b794b12560ffdfb8e3c3a32bedcc4e767b99f5aaa747de79,Tracking Point
310676773,916c5ffe96ab6520b794b12560ffdfb8e3c3a32bedcc4e767b99f5aaa747de79,Tracking Point
313326692,916c5ffe96ab6520b794b12560ffdfb8e3c3a32bedcc4e767b99f5aaa747de79,Tracking Point
317677715,916c5ffe96ab6520b794b12560ffdfb8e3c3a32bedcc4e767b99f5aaa747de79,Tracking Point
318314535,916c5ffe96ab6520b794b12560ffdfb8e3c3a32bedcc4e767b99f5aaa747de79,Tracking Point
320447442,916c5ffe96ab6520b794b12560ffdfb8e3c3a32bedcc4e767b99f5aaa747de79,Tracking Point
321462381,916c5ffe96ab6520b794b12560ffdfb8e3c3a32bedcc4e767b99f5aaa747de79,Tracking Point
322423805,916c5ffe96ab6520b794b12560ffdfb8e3c3a32bedcc4e767b99f5aaa747de79,Tracking Point
327210022,916c5ffe96ab6520b794b12560ffdfb8e3c3a32bedcc4e767b99f5aaa747de79,Tracking Point
335908068,916c5ffe96ab6520b794b12560ffdfb8e3c3a32bedcc4e767b99f5aaa747de79,Tracking Point
339298369,916c5ffe96ab6520b794b12560ffdfb8e3c3a32bedcc4e767b99f5aaa747de79,Tracking Point
351700174,916c5ffe96ab6520b794b12560ffdfb8e3c3a32bedcc4e767b99f5aaa747de79,Tracking Point
353523628,916c5ffe96ab6520b794b12560ffdfb8e3c3a32bedcc4e767b99f5aaa747de79,Tracking Point
358423416,916c5ffe96ab6520b794b12560ffdfb8e3c3a32bedcc4e767b99f5aaa747de79,Tracking Point
360493782,916c5ffe96ab6520b794b12560ffdfb8e3c3a32bedcc4e767b99f5aaa747de79,Tracking Point
364077421,916c5ffe96ab6520b794b12560ffdfb8e3c3a32bedcc4e767b99f5aaa747de79,Tracking Point
366759541,916c5ffe96ab6520b794b12560ffdfb8e3c3a32bedcc4e767b99f5aaa747de79,Tracking Point
368926273,916c5ffe96ab6520b794b12560ffdfb8e3c3a32bedcc4e767b99f5aaa747de79,Tracking Point
372936784,916c5ffe96ab6520b794b12560ffdfb8e3c3a32bedcc4e767b99f5aaa747de79,Tracking Point
381556160,916c5ffe96ab6520b794b12560ffdfb8e3c3a32bedcc4e767b99f5aaa747de79,Tracking Point
383151337,916c5ffe96ab6520b794b12560ffdfb8e3c3a32bedcc4e767b99f5aaa747de79,Tracking Point
384282166,916c5ffe96ab6520b794b12560ffdfb8e3c3a32bedcc4e767b99f5aaa747de79,Tracking Point
392006731,916c5ffe96ab6520b794b12560ffdfb8e3c3a32bedcc4e767b99f5aaa747de79,Tracking Point
393790422,916c5ffe96ab6520b794b12560ffdfb8e3c3a32bedcc4e767b99f5aaa747de79,Tracking Point
396202013,916c5ffe96ab6520b794b12560ffdfb8e3c3a32bedcc4e767b99f5aaa747de79,Tracking Point
397492207,916c5ffe96ab6520b794b12560ffdfb8e3c3a32bedcc4e767b99f5aaa747de79,Tracking Point
400985629,916c5ffe96ab6520b794b12560ffdfb8e3c3a32bedcc4e767b99f5aaa747de79,Tracking Point
403816374,916c5ffe96ab6520b794b12560ffdfb8e3c3a32bedcc4e767b99f5aaa747de79,Tracking Point
403994331,916c5ffe96ab6520b794b12560ffdfb8e3c3a32bedcc4e767b99f5aaa747de79,Tracking Point
404458045,916c5ffe96ab6520b794b12560ffdfb8e3c3a32bedcc4e767b99f5aaa747de79,Tracking Point
408601537,916c5ffe96ab6520b794b12560ffdfb8e3c3a32bedcc4e767b99f5aaa747de79,Tracking Point
409311930,916c5ffe96ab6520b794b12560ffdfb8e3c3a32bedcc4e767b99f5aaa747de79,Tracking Point
415441332,916c5ffe96ab6520b794b12560ffdfb8e3c3a32bedcc4e767b99f5aaa747de79,Tracking Point
419236577,916c5ffe96ab6520b794b12560ffdfb8e3c3a32bedcc4e767b99f5aaa747de79,Tracking Point
423586173,916c5ffe96ab6520b794b12560ffdfb8e3c3a32bedcc4e767b99f5aaa747de79,Tracking Point
424975074,916c5ffe96ab6520b794b12560ffdfb8e3c3a32bedcc4e767b99f5aaa747de79,Tracking Point
426997790,916c5ffe96ab6520b794b12560ffdfb8e3c3a32bedcc4e767b99f5aaa747de79,Tracking Point
427008036,916c5ffe96ab6520b794b12560ffdfb8e3c3a32bedcc4e767b99f5aaa747de79,Tracking Point
434445462,916c5ffe96ab6520b794b12560ffdfb8e3c3a32bedcc4e767b99f5aaa747de79,Tracking Point
438226210,916c5ffe96ab6520b794b12560ffdfb8e3c3a32bedcc4e767b99f5aaa747de79,Tracking Point
442968459,916c5ffe96ab6520b794b12560ffdfb8e3c3a32bedcc4e767b99f5aaa747de79,Tracking Point
444929050,916c5ffe96ab6520b794b12560ffdfb8e3c3a32bedcc4e767b99f5aaa747de79,Tracking Point
451521724,916c5ffe96ab6520b794b12560ffdfb8e3c3a32bedcc4e767b99f5aaa747de79,Tracking Point
451867020,916c5ffe96ab6520b794b12560ffdfb8e3c3a32bedcc4e767b99f5aaa747de79,Tracking Point
453760071,916c5ffe96ab6520b794b12560ffdfb8e3c3a32bedcc4e767b99f5aaa747de79,Tracking Point
470135339,916c5ffe96ab6520b794b12560ffdfb8e3c3a32bedcc4e767b99f5aaa747de79,Tracking Point
474788815,916c5ffe96ab6520b794b12560ffdfb8e3c3a32bedcc4e767b99f5aaa747de79,Tracking Point
475026649,916c5ffe96ab6520b794b12560ffdfb8e3c3a32bedcc4e767b99f5aaa747de79,Tracking Point
482497046,916c5ffe96ab6520b794b12560ffdfb8e3c3a32bedcc4e767b99f5aaa747de79,Tracking Point
482768933,916c5ffe96ab6520b794b12560ffdfb8e3c3a32bedcc4e767b99f5aaa747de79,Tracking Point
490442336,916c5ffe96ab6520b794b12560ffdfb8e3c3a32bedcc4e767b99f5aaa747de79,Tracking Point
491499863,916c5ffe96ab6520b794b12560ffdfb8e3c3a32bedcc4e767b99f5aaa747de79,Tracking Point
491989857,916c5ffe96ab6520b794b12560ffdfb8e3c3a32bedcc4e767b99f5aaa747de79,Tracking Point
498492360,916c5ffe96ab6520b794b12560ffdfb8e3c3a32bedcc4e767b99f5aaa747de79,Tracking Point
499199532,916c5ffe96ab6520b794b12560ffdfb8e3c3a32bedcc4e767b99f5aaa747de79,Tracking Point
504741220,916c5ffe96ab6520b794b12560ffdfb8e3c3a32bedcc4e767b99f5aaa747de79,Tracking Point
507784990,916c5ffe96ab6520b794b12560ffdfb8e3c3a32bedcc4e767b99f5aaa747de79,Tracking Point
511201735,916c5ffe96ab6520b794b12560ffdfb8e3c3a32bedcc4e767b99f5aaa747de79,Tracking Point
513432281,916c5ffe96ab6520b794b12560ffdfb8e3c3a32bedcc4e767b99f5aaa747de79,Tracking Point
513622825,916c5ffe96ab6520b794b12560ffdfb8e3c3a32bedcc4e767b99f5aaa747de79,Tracking Point
514806893,916c5ffe96ab6520b794b12560ffdfb8e3c3a32bedcc4e767b99f5aaa747de79,Tracking Point
516625834,916c5ffe96ab6520b794b12560ffdfb8e3c3a32bedcc4e767b99f5aaa747de79,Tracking Point
522627269,916c5ffe96ab6520b794b12560ffdfb8e3c3a32bedcc4e767b99f5aaa747de79,Tracking Point
523868228,916c5ffe96ab6520b794b12560ffdfb8e3c3a32bedcc4e767b99f5aaa747de79,Tracking Point
525633740,916c5ffe96ab6520b794b12560ffdfb8e3c3a32bedcc4e767b99f5aaa747de79,Tracking Point
531917361,916c5ffe96ab6520b794b12560ffdfb8e3c3a32bedcc4e767b99f5aaa747de79,Tracking Point
533398514,916c5ffe96ab6520b794b12560ffdfb8e3c3a32bedcc4e767b99f5aaa747de79,Tracking Point
534299946,916c5ffe96ab6520b794b12560ffdfb8e3c3a32bedcc4e767b99f5aaa747de79,Tracking Point
536363471,916c5ffe96ab6520b794b12560ffdfb8e3c3a32bedcc4e767b99f5aaa747de79,Tracking Point
536840116,916c5ffe96ab6520b794b12560ffdfb8e3c3a32bedcc4e767b99f5aaa747de79,Tracking Point
1276091128,916c5ffe96ab6520b794b12560ffdfb8e3c3a32bedcc4e767b99f5aaa747de79,Tracking Point
1650016914,916c5ffe96ab6520b794b12560ffdfb8e3c3a32bedcc4e767b99f5aaa747de79,Tracking Point
1684613865,916c5ffe96ab6520b794b12560ffdfb8e3c3a32bedcc4e767b99f5aaa747de79,Tracking Point
1719640288,916c5ffe96ab6520b794b12560ffdfb8e3c3a32bedcc4e767b99f5aaa747de79,Tracking Point
1781680478,916c5ffe96ab6520b794b12560ffdfb8e3c3a32bedcc4e767b99f5aaa747de79,Tracking Point
1827756000,916c5ffe96ab6520b794b12560ffdfb8e3c3a32bedcc4e767b99f5aaa747de79,Tracking Point
1848412917,916c5ffe96ab6520b794b12560ffdfb8e3c3a32bedcc4e767b99f5aaa747de79,Tracking Point
2043409445,916c5ffe96ab6520b794b12560ffdfb8e3c3a32bedcc4e767b99f5aaa747de79,Tracking Point
2074520051,916c5ffe96ab6520b794b12560ffdfb8e3c3a32bedcc4e767b99f5aaa747de79,Tracking Point
2131665487,916c5ffe96ab6520b794b12560ffdfb8e3c3a32bedcc4e767b99f5aaa747de79,Tracking Point
1276091736,2852654a77a637a1e8e6a5f7be4b9a691c35c52f3fc2f1d23b9a99c04454872d,"Soft to the touch, like spring’s embrace."
1276099689,76a2e2e90051f2a680d491914f9ea98eabc50bb9df9b1b5f7a59c069394a42b0,I'll keep exploring.
1276107587,f6c3ff825e06a03b03d45775d9bd2e9c12f4504192dfe95f0a4e327122f2bd8b,Forest Whirl
1276128931,75251a7a06204015e1663b706a70991b1fb0c6d49dd59b1a966cf05427c07ce4,Soaking up the sun with the clouds~
1276142223,c0561b54527ae21f60a6159b8f9c67726e8f785aeae6b170d3f4140af19e262e,"The training can help you know better about different Aniimo, and Lita has prepared some rewards too.
You can give it a try sometime."
1276146456,fd039181a4e5475d94f4555112708bae608c1818b91f471157d582b2360c7fd4,"A protective unit chip that moderately increases defense, taking the sting out of the target’s attacks."
1396956840,fd039181a4e5475d94f4555112708bae608c1818b91f471157d582b2360c7fd4,"A protective unit chip that moderately increases defense, taking the sting out of the target’s attacks."
1276152205,7e1d771f268b096006eb42b510fcf98ebc47410622ab603a9b5cab3c5ecd873e,Whisperwake Coral
1276159464,aa2ed2c6c4934b4be4bc35ddb398c903bca760e53291fddcf456f778d9cac9e4,M.DEF Growth
1460688253,aa2ed2c6c4934b4be4bc35ddb398c903bca760e53291fddcf456f778d9cac9e4,M.DEF Growth
1276225789,b0810339a4771ae9222f361d8d464541954f06d96a2397d2bd4e173aac31157a,Premium Companion Handbook Level 36
1476173850,b0810339a4771ae9222f361d8d464541954f06d96a2397d2bd4e173aac31157a,Premium Companion Handbook Level 36
1276302424,015ffacf3cfc36f03c584ad3c6b351a20a6824b2371def6d382ae916d63d77b8,Show All Attribute Sources
1276346921,538c735ce1130ab92b375d728d019eca3940fef1363929ba063ed1ba5360c038,Take a photo of Bulbly gathering and spinning in circles at Tideblossom Coast.
1276351254,11dd466b9940f1dc8117451cd5c0f8645b15639b059bf7603ea137af266fe3c3,"After entering battle, each time Hoptail's tail ATK hits a target or bounces, it accumulates 1 [Elasticity] for Hoptail. At 10 [Elasticity], gain [Elasticity Burst] status to enhance Hoptail's Skills."
1276352381,f5257c30d641959da4f909d84785519508841250b6ae74ba125f38115c5b6956,"If you spot it, please come let me know!"
1276369093,270d17710b398febc01313975a4d1880707e1d78ce6e1bb5a5767260dfbc24cf,"This is the founder of Polaris Institute, Principal Oswen."
1276376910,cbc8b28225058563c2e9da5aee89e44d40bb834c44a88dfbc4902f5f2075465e,"Alright, Forest Guardian, what else would you like to know?"
1276394493,ee684039273b114de0cd4f598669bebfa44a610d32a85db00cf00c149bba370d,Wow! That huge chandelier-like hat is just... perfect!
1276396757,f8c4936c7b8a417329aa4d22f70699957a4fcf236268ede15f41f06e1be909af,"Oh my, everything looks so good..."
1276411080,e650b17d7daf9e351d37f4601d2c65cc8cefb867d5271153f647c5e0c3c18ad0,Aniimo Cookie I
2136236372,e650b17d7daf9e351d37f4601d2c65cc8cefb867d5271153f647c5e0c3c18ad0,Aniimo Cookie I
1276412602,816aa3de5f06fc880e95558f246283a932227086730b3c29a954ef260aaf0e53,Pathfinding - Fly
1602979903,816aa3de5f06fc880e95558f246283a932227086730b3c29a954ef260aaf0e53,Pathfinding - Fly
2103932865,816aa3de5f06fc880e95558f246283a932227086730b3c29a954ef260aaf0e53,Pathfinding - Fly
1276434322,2d3cc3200d25bac77d18a8a631efe2aec80b0c819d99ff51b022245016832d3b,Season Update
1585454417,2d3cc3200d25bac77d18a8a631efe2aec80b0c819d99ff51b022245016832d3b,Season Update
1898606030,2d3cc3200d25bac77d18a8a631efe2aec80b0c819d99ff51b022245016832d3b,Season Update
1276451129,4927e3d917d25dca2b96d6fde2f8eca5038c0f9561d6f5ec8a40cd69d1d920b1,Increases the entire team’s P.DEF by {0}% and P.ATK by {1}% for {2}s.
1276452340,617db685e0dbef586fa57e22a1c0ab0ecd2522dc7fa2ece4b0c57c453fe545bd,Doo-ee... doo-ee!
1276462555,56de5751dd7a0f5bd4cad8cb05886f9f595a36df5ae5e3fe0122f7ccf713139a,Chirpi Family
1332988998,56de5751dd7a0f5bd4cad8cb05886f9f595a36df5ae5e3fe0122f7ccf713139a,Chirpi Family
1360542010,56de5751dd7a0f5bd4cad8cb05886f9f595a36df5ae5e3fe0122f7ccf713139a,Chirpi Family
1477630294,56de5751dd7a0f5bd4cad8cb05886f9f595a36df5ae5e3fe0122f7ccf713139a,Chirpi Family
1276485909,ce2754d95512f86fb469c785062809cb241922fe39c09ef79e6a843de894f17a,Maybe a powerful Aniimo that appears every ten years simply feels more real than some elusive Aeon...
1276501106,81be7e40cd4ce134dac31d2e188c774d1ee9c5aa6d82b95a3ef4c31f61dfff23,Yay! You're finally back!
1276501929,5f836118070b21db43fe962210a1734e22a22f5938035d825e18d4189f069272,"Just kidding, I really didn't expect you to progress this fast."
1276504501,435be12ccd109ce7cffe8b2af0d4b1cf6fe41f304609143df2f2d7da2123f1f9,Your teammate is self-reviving. Rescue unavailable.
1276605900,76b5ad3f034966242a29fdc8a4f6060706a6a72969d133522e85c100616d60d2,"A round, adorable little shovel, often seen in Susuta’s paws. But for the Shelly family, it’s not so cute."
1884319558,76b5ad3f034966242a29fdc8a4f6060706a6a72969d133522e85c100616d60d2,"A round, adorable little shovel, often seen in Susuta’s paws. But for the Shelly family, it’s not so cute."
1276610683,a268a4b566559bd16b8f39d24cdf7c41ba06a725f1ad476fe30f995fee80417b,"Thrusts toward the target. On hit, increases this Aniimo’s Crit Rate by <style=Hint_BgL><customRichText(calcData,buff,213230100,param0,1,%d)>%</style> for <style=Hint_BgL><customRichText(buffConfigData,213230100,duration)></style>s."
1976004103,a268a4b566559bd16b8f39d24cdf7c41ba06a725f1ad476fe30f995fee80417b,"Thrusts toward the target. On hit, increases this Aniimo’s Crit Rate by <style=Hint_BgL><customRichText(calcData,buff,213230100,param0,1,%d)>%</style> for <style=Hint_BgL><customRichText(buffConfigData,213230100,duration)></style>s."
1276616846,3390f862ac9ebd2965db6820a563a6f4f01b194698cc0c963ce7a1178ac9cc27,Building Block - Blush Pink
2052361780,3390f862ac9ebd2965db6820a563a6f4f01b194698cc0c963ce7a1178ac9cc27,Building Block - Blush Pink
1276665615,803b4f20feb6a84ab1f4b550ea13feef7bd371fbbc3f841cd1805c078c1bf421,Illusory Intermediate Protection Chip
1449716019,803b4f20feb6a84ab1f4b550ea13feef7bd371fbbc3f841cd1805c078c1bf421,Illusory Intermediate Protection Chip
1276671644,38181e6acf7ddc28134fa50ba398b7be6b47a89f6edf9a09d807a61033448a27,Attributes ATK and Resistance Placeholder
1276684861,43de6e38b916955cf044c077b89111b6bd880a34431f20d0d510b0f7b9293ff1,Fertilizer
1276712761,c5768191fc1d550bb6f1555976233ad55cf1e3f0848b14d7e3c12cf8d7b287fd,I’ll make starines rain from the sky!
1276721382,1665f7d3e24ba375b72ddf5fc9994a3e07586feca43393925543afecaf7e52fa,You’ve achieved wonderful results fighting next to {0}. Together you’ve defeated {1} Aniimo!
1276757798,622658cfdf42b0747c5ec8349d9f0ef1c74ba82c380d7936f3bd2e94fb032170,"Patience, kid. You’ll smash plenty of rocks once you’re all grown up! *munch-munch-munch*"
1276776097,e2b732a9d5a95a2c9d1a2fc69772007562abf5799489e20955fd6eca9d6bfabe,Furniture Blueprint: Harvest Moon - Apples
1276786232,7c2895881ca9f13aafb1f4b82cdd63791aa77cc75da3403d649f35e04051f29f,"I probably won’t get it, but I’ll listen anyway! And perhaps that’ll make some of your worries go away!"
1276793802,3b50f3178ccebe57146a63462c8cc6a16e3681249e090f8ee6e7589549085bfe,"Well, look at you—still steady as ever. Even my big buddy was almost blown off balance. I’ll give you that."
1276802121,1272bcae4f53bd9f3a2d9cca2ec8efc680e4f7fbfb21c96782a97b60cf2185a4,Aniimo flying in the wind field will be <style=Hint_BgL>lifted continuously</style>.
2012017320,1272bcae4f53bd9f3a2d9cca2ec8efc680e4f7fbfb21c96782a97b60cf2185a4,Aniimo flying in the wind field will be <style=Hint_BgL>lifted continuously</style>.
1276830187,36c211b927f02a403cc7ff99dfbb8bd7b6f0106701274f883748bf30474af14c,Global Game Time
1276831350,1c201cdd83fd06fef55b55dc4d9088ee4ab1ca1cdf61265ccb8ee1d30492daf3,Proof of victory over the Lethal Thorn: Thunderstorm Thornblade.
1740721695,1c201cdd83fd06fef55b55dc4d9088ee4ab1ca1cdf61265ccb8ee1d30492daf3,Proof of victory over the Lethal Thorn: Thunderstorm Thornblade.
1276851675,742a4f0585adf1f1c1faa228e019ee440c7a2480a91c3b8706172f564694bf23,Windgliders Fan
1921373479,742a4f0585adf1f1c1faa228e019ee440c7a2480a91c3b8706172f564694bf23,Windgliders Fan
1276852106,efaabcf3864d95cd2a29f1397b5fde0d30cbe75a9b956901a90d0116d7005246,Train Skill
1276872312,7b7d574dfb7108913bfdf510f22b1a34feeea716d28133b59f3f07e7bcc7648c,"Remember, dangers and surprises lurk around every corner here.
Never let your guard down!"
1315126883,7b7d574dfb7108913bfdf510f22b1a34feeea716d28133b59f3f07e7bcc7648c,"Remember, dangers and surprises lurk around every corner here.
Never let your guard down!"
1276902888,53706a9c071634329d0e71c1e9723938fc9e03e9144f81f8c021741980a2a27e,I heard <style=Hint_BgD>Saucite</style> also likes Shiny things~ Maybe it will come back when it sees them!
1276905237,e806c22cd1af100620666872b482e29261882d5ca22de529de71a48932d661ef,System timeout
1276960873,3d1933cd3c530dd26507a73b310265de43b15baf6e34fb2224ebda9356b1d863,"The sky’s my ■■■■ turf, and you’re ■■■■ polluting it with this junk! This is such ■■■■ ■■■■! ■■■■!"
1276967022,10155683e0c0b78e9fb91beceaacb4a3e3e37ea674deaae317a554cabc4f3ba2,"Compared to Snowy, I don’t have that kind of passion... That’s why I decided to step back for a bit."
1276968069,6070cd4eeff4208e7b27cc9a98774f2fa3983a25e66f98e05be5a4f396510f44,"Start a <link=""appearHelp_811""><color=#5090df><u>Companion Mode</u></color></link> adventure with your friends! In Companion Mode, Aniimo caught by the guide can be <style=Hint_BgL>gifted</style> to other members of the group."
1986925326,6070cd4eeff4208e7b27cc9a98774f2fa3983a25e66f98e05be5a4f396510f44,"Start a <link=""appearHelp_811""><color=#5090df><u>Companion Mode</u></color></link> adventure with your friends! In Companion Mode, Aniimo caught by the guide can be <style=Hint_BgL>gifted</style> to other members of the group."
1276975417,f9ca34e9535659eedea2a2f4600367ec875a649b1a5ceb3bdde1142e85822b5c,Shattered Rock
1765273821,f9ca34e9535659eedea2a2f4600367ec875a649b1a5ceb3bdde1142e85822b5c,Shattered Rock
1276976994,79be6eb5a9d1968cf2da5f8be8a7eb0d081cc987e11cb0b56d9f1e05c84d796d,Tip: Melancholic Mist
1276980893,0037d6a7a496201916a864ab11741601dbf4a354111c7e556951aab57fcc2579,"Not a <style=Hint_BgD>Grade I Trailblazer</style> yet? Your attacks still lack finesse, so where’s the spectacle in that? Come back once you’ve polished your skills!"
1276992892,38db836a80c531981c7330c9cad72f8eca170f0b53d1de4abb1b092f6a8cb468,Press the <style=Hint_BgL>Twine button</style> to twine with Emberpup and head to the green target ahead.
1277004380,372f7adec524def96c63db704c891beb7e96f9b9875b9a44e9ef0ddfbf49334f,Fists I
1277026505,a957207a763baa05f3ac88364d50c91f50cd8f99f5324943c0c15fff48865571,"Unlock Furniture: <link=""item_10400024""><color=#5090df><u>Crackle Generator (Level 4)</u></color></link>.
<link=""item_10400011""><color=#5090df><u>Crackle Power Pole</u></color></link> placement limit increased."
1277038744,7454d04e1ff8fd65fda0dd17abe9f268f032a2ef07d09df798dee4b4ced96990,"Crimson dance shoes, tapping out the rhythms of days gone by."
1277044691,4b193e4ed8760f3de07ccff13ee7af4c7cbca318910390dfd50776ae3a392324,HP Limit
1277549950,4b193e4ed8760f3de07ccff13ee7af4c7cbca318910390dfd50776ae3a392324,HP Limit
1311349451,4b193e4ed8760f3de07ccff13ee7af4c7cbca318910390dfd50776ae3a392324,HP Limit
1586002351,4b193e4ed8760f3de07ccff13ee7af4c7cbca318910390dfd50776ae3a392324,HP Limit
1810837410,4b193e4ed8760f3de07ccff13ee7af4c7cbca318910390dfd50776ae3a392324,HP Limit
1903207750,4b193e4ed8760f3de07ccff13ee7af4c7cbca318910390dfd50776ae3a392324,HP Limit
1948773614,4b193e4ed8760f3de07ccff13ee7af4c7cbca318910390dfd50776ae3a392324,HP Limit
1971988639,4b193e4ed8760f3de07ccff13ee7af4c7cbca318910390dfd50776ae3a392324,HP Limit
1277048925,e295ae9a1d294462a501d2aac333bd31abcdee439bf309b587f32ae03ad02141,Wandering
1277063387,0973a0f324d1632dbf0488de11aa3454e4f13bbad0e7a2a8d3983457ccbcbbaa,You are being taken to an unknown distant place...
1277066780,09a6e554f0cac005c2621e826bb3a0aee06176f05526b5683dc9cb5645d0f4b4,"Honestly, I didn’t think it had anything to do with my research when I heard it in class.
But after coming to Idyll for fieldwork, I’ve learned that no lecture should be ignored..."
1277079371,20a057930846ddcd858df989e6215cb190599d94ac51041edef221d19989f8a4,"infinite (0 sets it to empty, 1 grants infinite HP)"
1277083987,573773009b5929d6a0045f07ad9aa8aed332f0c1fbae8a3b9475316412aa0f5b,Chatty Pebbling
1537230093,573773009b5929d6a0045f07ad9aa8aed332f0c1fbae8a3b9475316412aa0f5b,Chatty Pebbling
2131338322,573773009b5929d6a0045f07ad9aa8aed332f0c1fbae8a3b9475316412aa0f5b,Chatty Pebbling
1277100916,2cff9baabf56ca002610e113bc94deb6ededddfc3c130365b6e88ed5195bf774,Import
1760844703,2cff9baabf56ca002610e113bc94deb6ededddfc3c130365b6e88ed5195bf774,Import
1277103806,54f6374d08f85316a9f9e65a6f2ae2d604c77758d431b8a3f997ae100b50f04e,Increase or decrease the amount of Currency. Positive values increase it; negative values decrease it.
1277109525,76e44324a0e23497e7ac596f5d36edada32439baef0fccef5a24dde32ff1153f,"Now then, our future hope, acknowledged by Sol, Lun, and the ""Core""...
Grant me the honor of challenging your power again."
1277110167,caa95ebbeebaef413cd6b317016e9f8f17321b84109197258312b1f9bdd1f9fc,Safe Evacuation
1277119361,ce793217aa3dfd999dbe8595d7ca547068cf413b45d1b30c70947249582f2023,Beep-beep!
1396839100,ce793217aa3dfd999dbe8595d7ca547068cf413b45d1b30c70947249582f2023,Beep-beep!
1404227079,ce793217aa3dfd999dbe8595d7ca547068cf413b45d1b30c70947249582f2023,Beep-beep!
1499128549,ce793217aa3dfd999dbe8595d7ca547068cf413b45d1b30c70947249582f2023,Beep-beep!
1790334184,ce793217aa3dfd999dbe8595d7ca547068cf413b45d1b30c70947249582f2023,Beep-beep!
1900511048,ce793217aa3dfd999dbe8595d7ca547068cf413b45d1b30c70947249582f2023,Beep-beep!
1277132815,66d5c95f408bbbddff4081f0186b34c47dd58cf83623640e892e123d78eaa548,Rooftop
1976302735,66d5c95f408bbbddff4081f0186b34c47dd58cf83623640e892e123d78eaa548,Rooftop
1277158300,e2b702c02c1069084935aa8a965d4da33338baf4fd514edc4a62bcbcf05d39fa,Will I become more connected to this world?
1277160178,7536b6f0c2ba5f59ec45f59cc5f1a3c86b96739f794d80e785858658fa394f12,"You’re awake now, so quit dreaming and let’s get down to business."
1277180724,c0d8f6e7f0780783da21f4b9003429ad2bf93390bfc0d5bc7486bbde9627864c,Stop being such a jerk!
1277192868,b15f70ecd472ac7284a566df6e5ed38d095b686e09aeab146471f503d248500f,help~
1612481109,b15f70ecd472ac7284a566df6e5ed38d095b686e09aeab146471f503d248500f,help~
1277197969,16fdbc280ecd1b039cd563fd80ba8473493a8e03e29dc2d30de4fdffaf633f97,Recovering screen
1277208795,8595cce428ba49924ecc7925a7863b9d7b00313f1d242ead15a14f7a8ba06417,"Upon arriving at Lumenfly Valley, Nicole senses what feels like a mysterious barrier blocking the way. Sunia explains that the incense does not remove the barrier—instead, its scent connects the valley to the outside world, creating a path inside. Under her guidance, you prepare to light the incense and follow a Flutternym into the land of illusions."
1277212190,8f09ded6cfc62b8533a4005c3a4d48770a37ef29db3bf94213a7d9751683d8b4,Event: Professional Investor
1277217525,545ddcb60671c52108e281a0a0a2681a61f1b0394d2cd17588bc628a69bbbae6,Can Shelly ask for one more favor?
1277243187,532af38a31ba35fd5ee7cff13c4a6610f52ff478e20268aa6f596fe9cc00e9f7,Boosted Gizmo
1542713003,532af38a31ba35fd5ee7cff13c4a6610f52ff478e20268aa6f596fe9cc00e9f7,Boosted Gizmo
1277266094,a59a816b2b4d7e7ff195a4b8768992db3f96bd0f8213495a4959c8b5e104b500,"CRIT Damage increased by <customRichText(calcData,buff,9113103,param0,1,%d)>%."
1277282294,e28e36dfebddee8d200998c1428ba0861750338cc3dc19c08d6086a8325204c7,Hardened Shield
1500893990,e28e36dfebddee8d200998c1428ba0861750338cc3dc19c08d6086a8325204c7,Hardened Shield
1277295969,c6d12f021e09ec6a54d2f5da24ea8efa8249ab00fbc8e810ee681dc5141cb511,Hahoo! Starry’s finally coming home! Hahoo!
1277350122,7305ea075e9bb6e4fdf05f5b3af76045745fb34701f2c197007ea1de15bea971,"The Stellarys works its magic, and starines begin to fall from the sky like shooting stars."
1277352872,629eeaea303480deb8cb48dd90f1b4b7fe4d7bd99c70777a656bd8dcb4a4f96d,Holo-Battle Sim Manager
1822042421,629eeaea303480deb8cb48dd90f1b4b7fe4d7bd99c70777a656bd8dcb4a4f96d,Holo-Battle Sim Manager
1277381649,5497c5cc8a14c3b13333c13251a13530fc1a032bd3092dd9070495363fc3552e,Hello? Is this... Cultie? That really cute Cultie?
1277382158,8c610adca3ef53248237bc5dacb72e5371851da0f0fbb1f4d99f7d5a05f1d0c7,Multi-hit Defense New (Damage Reduction)
1277409188,7c818fa936cef2dae555c75ab75a842ba5257fa9e09d0cfa2edabfc7110e241b,Shattering Strike
1788733550,7c818fa936cef2dae555c75ab75a842ba5257fa9e09d0cfa2edabfc7110e241b,Shattering Strike
1277463926,c3ca7e8fadfddf8136ebe40dc9c1d6f881d902b5dd20e2b27bdcdddca0f2a871,Complete Home orders to earn
1277470469,5d946c33fcc02ff82b4646f0cf055fe7b8f7a4622a94a542727ab7c54bf4426a,Skippy Family
1395372489,5d946c33fcc02ff82b4646f0cf055fe7b8f7a4622a94a542727ab7c54bf4426a,Skippy Family
1476453913,5d946c33fcc02ff82b4646f0cf055fe7b8f7a4622a94a542727ab7c54bf4426a,Skippy Family
1277496039,16445dccfc863e4a1c55252e68b5e354844d29c57e9876ca013683a3f30d7947,They love flowers that blossom at night. The colors of the night are painted on their wings for better concealment.
1277504032,cca388634592724433a35ceb2e5c44b48c1f10b0218df977cc21b694b7dbbdba,Ten whole years. Didn’t matter if you were dragon or Helmut—we were all worn down... slowly losing our strength.
1277515857,d4ce043618aad731b75713a6d7b8f235f5e92ccc992a2db69bedf07d3af6d431,Placed in your Home. Aniimo will always leave something in it.
1301775121,d4ce043618aad731b75713a6d7b8f235f5e92ccc992a2db69bedf07d3af6d431,Placed in your Home. Aniimo will always leave something in it.
1451183046,d4ce043618aad731b75713a6d7b8f235f5e92ccc992a2db69bedf07d3af6d431,Placed in your Home. Aniimo will always leave something in it.
1898464996,d4ce043618aad731b75713a6d7b8f235f5e92ccc992a2db69bedf07d3af6d431,Placed in your Home. Aniimo will always leave something in it.
2108968485,d4ce043618aad731b75713a6d7b8f235f5e92ccc992a2db69bedf07d3af6d431,Placed in your Home. Aniimo will always leave something in it.
1277529940,7e2579b56e0b4c1083595db71ab558030180ffe203961d247818d6f369eeb702,Select Item
1736754666,7e2579b56e0b4c1083595db71ab558030180ffe203961d247818d6f369eeb702,Select Item
1861284816,7e2579b56e0b4c1083595db71ab558030180ffe203961d247818d6f369eeb702,Select Item
1277536538,2161f32b366f5e273a7e26f25ffc28aca0ab2cdcb71a2411b56210af4d07c003,"Open <style=Hint_BgL>Holo-Battle Interlink</style> from the menu, or head to the Institute Hall in Astra to find the guide and enter. You can choose to team up with allies to defeat powerful enemies, or take on the challenge solo."
1292859857,2161f32b366f5e273a7e26f25ffc28aca0ab2cdcb71a2411b56210af4d07c003,"Open <style=Hint_BgL>Holo-Battle Interlink</style> from the menu, or head to the Institute Hall in Astra to find the guide and enter. You can choose to team up with allies to defeat powerful enemies, or take on the challenge solo."
1439228589,2161f32b366f5e273a7e26f25ffc28aca0ab2cdcb71a2411b56210af4d07c003,"Open <style=Hint_BgL>Holo-Battle Interlink</style> from the menu, or head to the Institute Hall in Astra to find the guide and enter. You can choose to team up with allies to defeat powerful enemies, or take on the challenge solo."
1769406348,2161f32b366f5e273a7e26f25ffc28aca0ab2cdcb71a2411b56210af4d07c003,"Open <style=Hint_BgL>Holo-Battle Interlink</style> from the menu, or head to the Institute Hall in Astra to find the guide and enter. You can choose to team up with allies to defeat powerful enemies, or take on the challenge solo."
1976482143,2161f32b366f5e273a7e26f25ffc28aca0ab2cdcb71a2411b56210af4d07c003,"Open <style=Hint_BgL>Holo-Battle Interlink</style> from the menu, or head to the Institute Hall in Astra to find the guide and enter. You can choose to team up with allies to defeat powerful enemies, or take on the challenge solo."
1277562374,4c101b8c0f334e086747c8cc11e0080a63068baa23d2ff86886eab5b6f25d311,Skippy remembers you! You are the kind Skippy!
1277565386,d3af472b6111977717b2ecb9cf3939dbd904bf16319c901b59ed81ef20c4fc70,Woodland Steps
1575289069,d3af472b6111977717b2ecb9cf3939dbd904bf16319c901b59ed81ef20c4fc70,Woodland Steps
1277569253,47f39fd7f9443a79196cbf5f8be835ee6c3dfc9b3ce66171a0549322446d7d0c,The Fragrancier’s scent made me feel dizzy...
1277581609,fad1c20ac4946a5ab8a21f6db53db5f6a4b1ffa38d90f2d9e70e88794fec1094,It’s dangerous back there!
1277593771,7c3d7ead8c4692b70e3bff0b6da2af60500b95ffc68cafe07cddfebd7a4c5f67,Prismana Hexxin
1277595319,f07dc51bb7f9dbc19befb258e1b5e641b3a5bc975c26bbf711f2ebbbc961abcb,"Wave your hand forward to knock back the target, dealing damage and applying the Parasite effect. [Parasite]: Deals {0}% of the target’s maximum health as damage per second; this effect is halved against Alphas and Elites. After 5 seconds, it evolves into the Maturity effect, lasting {1}s."
1277602556,49cc69805f39baf31672463242fa515f3dbbe93a1bc90a597a194af47de1cdb0,"Enable Entity GM Mode (In GM Mode, features include using Skills without consuming EP)"
1277604447,fac53371ba9f72981513d7d4d69f754c7044468178581efaf51369cb825ece45,"With the pulsing of the electric current, the long-sealed <color=#d89c28>Lightning Gate</color> slowly opens. One can clearly see the <color=#d89c28>electrified wires</color> emitting a <color=#d89c28>bright fluorescent light</color>..."
1277622059,44c08707bbc8612b56aec8e7b7b3884c6dbec9de0de34d5d7583a3f3629cb0a5,Memoirs written by truffle buyer Fael in his later years about his friendship with Tucker.
1277654560,c73d01c77e315c48954e9f27266c6e1741dfb1ded29ee825225cbba1a487e52e,Heavy Hitter
1758230360,c73d01c77e315c48954e9f27266c6e1741dfb1ded29ee825225cbba1a487e52e,Heavy Hitter
2027437711,c73d01c77e315c48954e9f27266c6e1741dfb1ded29ee825225cbba1a487e52e,Heavy Hitter
1277664799,d97e42ea1e9c4b588c4dc097fa80b970ab535d5f43d0a4c9501ce6d1fe73543a,Reported message: {0}
1277670001,023637fcb2e421b096b393d9b5a668d1ebf9b6992edd25d67a8c2ff0e9dd0dde,Increases the Crit Rate of skills by <style=Hint_BgL>{param0}%</style>.
1277685663,f4f7c5fba2e0c7359b46e9e225def9b861edb8b342b4c636bffee948245dabd8,"But how do you raise your level... and how big do you get?
I don’t get it at all, yap..."
2084271523,f4f7c5fba2e0c7359b46e9e225def9b861edb8b342b4c636bffee948245dabd8,"But how do you raise your level... and how big do you get?
I don’t get it at all, yap..."
1277693345,b4f0ebe86c71d568b9c56922477947108aa388ed02b938594f8239210882b8f5,Icon Stickers
1277714101,eeaaa5f898b465ebcd76c2ffd8ed5dc55dac555f86eb67edfeeae350e2f010b2,Dragons! Answer my call! Turn the heavens into the throne of dragonkind!
1277770347,a1fb7995d17afcb0d1f277b430a54c11f0ce4b1dd02e88a12825de11811680ff,Unlock Building Plot 10
1277781381,fcf7a7b18ad0ed8e95192b6cc22fb56e516147f6956095845570ecfa78ec5586,Sparkling Type II
1277790607,3f4a8575bc39222a469efe8eceee0017648aca0d7162e6508b7aac20090741b2,This Branch has reached its infusion limit.
1277815018,3c90a0b2abc318f3c97caa34aacb59cfd835ef4f76855b7cbbf1e10c69eabfa9,"Dear Pathfinder,
Thanks for supporting Aniimo during the test! Your Top-Up Rebate Rewards have been delivered. Please check your attachment. May this reunion gift accompany you as you embark on a brand-new adventure!"
1277826328,38049255cc35e9c158e5b0b196ae432a875a859726711d010e468a6e5404b681,Long Table - Full
1277826767,62a84a8c9fe9245514241637587deb4785e50febf7af773c526360d5302bda0a,Shared Special Energy
1558275866,62a84a8c9fe9245514241637587deb4785e50febf7af773c526360d5302bda0a,Shared Special Energy
1277832572,8d37cc6fedf259cc0ba011d50760c276ed49192bad75fb03c9dd55bacc3b3a23,"Now you know why I called you over first, right?
Because I have a rule: when praise is due, it has to be delivered face-to-face and with gusto!"
1277896829,bc647f6a91f10de4159fb6d7e616ab79e108945c73269ccf8f9e7b80101ddec1,Best Strike Damage
1277902194,bc160059edf5e39ad47b4aea9181e89a96bf47d178f0704e28bdfd4b3f4832c2,This action is not yet unlocked with the selected target.
1277906698,be8c392504d732f8b39901619a9e6d53d1f72095a9b7d8edecf12694a101abf2,"Holographic devices in Astra have been malfunctioning a lot lately.
 Some people even claim they’ve seen something... strange. What’s going on?"
1961333996,be8c392504d732f8b39901619a9e6d53d1f72095a9b7d8edecf12694a101abf2,"Holographic devices in Astra have been malfunctioning a lot lately.
 Some people even claim they’ve seen something... strange. What’s going on?"
1277922319,512e1dfc04f84cffe0de7b18754cfa34130b66e3af39326770f1c884fd25e9e3,Wonderful! I knew you’d get what you wanted eventually!
1277939546,bd85d90720dbbe802b928099e7d90bff23ffd056b0c5766098b24c9eef5e8d66,"#playerName#, happy Harvest Moon Festival!"
1277959895,efb9ef4fbd4f0f64fb460c1ce6ae325373573ccf9b5683c2769f56e20f44e1d9,Headline News
1278015804,e13f514eb0b9b3c2431546826f74f0ed75a06b0d5cdc53b9ec327f5ffc0f4417,It’s okay if I lose today. Because the me standing here has already surpassed who I was yesterday.
1278019816,667fdd07d7b605ec447a97a26a2a5a24ac58aae6733e2eb8a54fe80ea5d51454,Some Aniimo cannot be twined. Adjust your party before the duel.
1278025036,d1495f6c164028b136a36be7daded9bfa0fc4dd8f8767715d661e7f922d3d045,Anxious Pebbling
1412411375,d1495f6c164028b136a36be7daded9bfa0fc4dd8f8767715d661e7f922d3d045,Anxious Pebbling
1462191387,d1495f6c164028b136a36be7daded9bfa0fc4dd8f8767715d661e7f922d3d045,Anxious Pebbling
1819702936,d1495f6c164028b136a36be7daded9bfa0fc4dd8f8767715d661e7f922d3d045,Anxious Pebbling
1943728035,d1495f6c164028b136a36be7daded9bfa0fc4dd8f8767715d661e7f922d3d045,Anxious Pebbling
1278045213,ebfdc0f9ed67626911637dba5948bf8489eb47217ac791e472a4098cd33021dc,Zephyrus Landbridge Assessment
1486669346,ebfdc0f9ed67626911637dba5948bf8489eb47217ac791e472a4098cd33021dc,Zephyrus Landbridge Assessment
1278058824,ef6bd5f05eafd0079e68ab740e648de4998b9fac5d485bb0e8137cd7ed8c25bb,"The shower curtain keeps curious Aniimo eyes outside—or tries to. Every so often, a tiny paw slips through the gap, only to retreat instantly when it meets the rising steam."
1999654268,ef6bd5f05eafd0079e68ab740e648de4998b9fac5d485bb0e8137cd7ed8c25bb,"The shower curtain keeps curious Aniimo eyes outside—or tries to. Every so often, a tiny paw slips through the gap, only to retreat instantly when it meets the rising steam."
1278111444,e0bccdee770fd4681a4cb720bee62b3b70f48ff3ba37049bcdc69621adfd7a49,The Alpha’s power is increasing!
1278115373,c235d4ac8617139f2e77fac362d4d94c51a6ca10665600d1963e36889405d018,"Heh...
Honestly, you were more entertaining when you were wallowing in self-pity."
1278142440,2e6d7e6d00c0de77a214ec94daca81ba3bb072eb3a6dc312ec069ff556d7baec,Unlock Aniimo Index
1278164025,7466a66424b30daad483526f6fd332deef2aab4d2279faeefa209ccf375ac8f1,Go to a different region
1826912522,7466a66424b30daad483526f6fd332deef2aab4d2279faeefa209ccf375ac8f1,Go to a different region
1278203439,354df9ab60a99fa8eb8c2ece79fe096dc3b302bccd1166127d9896dea539f24c,Take a photo of Celestis eating Starines.
1278250159,84d639788e77469e0b9ef5fcba428048e64976273cfb7e62bebd9b1b4a1184a4,Ready for every Institute activity.
1343516136,84d639788e77469e0b9ef5fcba428048e64976273cfb7e62bebd9b1b4a1184a4,Ready for every Institute activity.
1278271574,919389cef93f73b79b7358c6e56e8c19345b5f03d7c6b5b48882affcd42385e6,Hide Pathfinder
1278295821,747f68cd4c076652d9779305f29ec2aad3f2e2dbc662ceb2d4d59d3218bc6eb1,The previously equipped Universal Aniipod has been consumed as follows outside the Crevice.
1278308319,3e9a1bbeafe6b8145835285536edda30b7cae97b51d86dc1700f7160ed45dea7,Who are you? What are you doing here?
1278310785,0d6588c9a0fa9e43f80d292b1e31f52c404ee671d8e9f9bd742cfd8e69c331ff,Umbral Malevsera
1278312218,d4221a42aece5a5190e471faf56b7ddfd5163097e3c73897ca05d49a8f13dfee,"Gurgle, gurgle, gurgle! "
1278332331,ad15625fda9a7af03d8e956792852bb2f875d4e3a5723c2dc12bcd2530900f59,"The brother vows to face powerful foes, temper his thorn, evolve into a strong Thornblade, and keep his sister safe."
1278332995,03e4aca208b26f49163710377fa5fd88cf4371722126bfacc9b46788af9cefd0,Doctor’s Trial: Succeeded!
1351641164,03e4aca208b26f49163710377fa5fd88cf4371722126bfacc9b46788af9cefd0,Doctor’s Trial: Succeeded!
1386066189,03e4aca208b26f49163710377fa5fd88cf4371722126bfacc9b46788af9cefd0,Doctor’s Trial: Succeeded!
1422193903,03e4aca208b26f49163710377fa5fd88cf4371722126bfacc9b46788af9cefd0,Doctor’s Trial: Succeeded!
1497746292,03e4aca208b26f49163710377fa5fd88cf4371722126bfacc9b46788af9cefd0,Doctor’s Trial: Succeeded!
1662033308,03e4aca208b26f49163710377fa5fd88cf4371722126bfacc9b46788af9cefd0,Doctor’s Trial: Succeeded!
1803213691,03e4aca208b26f49163710377fa5fd88cf4371722126bfacc9b46788af9cefd0,Doctor’s Trial: Succeeded!
1811155092,03e4aca208b26f49163710377fa5fd88cf4371722126bfacc9b46788af9cefd0,Doctor’s Trial: Succeeded!
1902705708,03e4aca208b26f49163710377fa5fd88cf4371722126bfacc9b46788af9cefd0,Doctor’s Trial: Succeeded!
1902883263,03e4aca208b26f49163710377fa5fd88cf4371722126bfacc9b46788af9cefd0,Doctor’s Trial: Succeeded!
1921908568,03e4aca208b26f49163710377fa5fd88cf4371722126bfacc9b46788af9cefd0,Doctor’s Trial: Succeeded!
1937338733,03e4aca208b26f49163710377fa5fd88cf4371722126bfacc9b46788af9cefd0,Doctor’s Trial: Succeeded!
1944074407,03e4aca208b26f49163710377fa5fd88cf4371722126bfacc9b46788af9cefd0,Doctor’s Trial: Succeeded!
2017903307,03e4aca208b26f49163710377fa5fd88cf4371722126bfacc9b46788af9cefd0,Doctor’s Trial: Succeeded!
2092014978,03e4aca208b26f49163710377fa5fd88cf4371722126bfacc9b46788af9cefd0,Doctor’s Trial: Succeeded!
1278389799,deb04a0d6701070379c7abf5d14e0f0c7afbc74a5be15398fc336168268d3c04,Thought
1278405359,803f790e873f936731c9db5cf5465677f4a9c6c0bfdc31c6ef98f4d78490229d,Face Tattoo 24
1278425443,55bb18fd86fbef92bed2acc16114f75d82754fd01f1a0b477aeee02e3b2a4f95,Loosen the soil at a friend’s Home once.
1278432668,03c4800dc09cc5df7645244861e381ef1fbeb59a0f882fb6abe21bed8ca8d6e5,"These are definitely all Aniimo! A family we've never seen before!
BINI, zoom in and take a photo—ugh, darn it."
1278457643,a100635f8a7f28c8f0513a212f2fcce508ee5c427a9620983ef5171e4d9b6986,My favorite part is the Pathfinder Contributions column! Great stuff! I love reading it!
1278458450,057762cb95bea2f3cc0158263dacbd44a04bfdd7e93796edb92fc44c69e945b2,Recipe Note: Roasted Waxing Moon Pepper
1278477547,e8ed7c3e5a6780426c5c4ad080ff29f4360d13fae40313d010f792337c7c83a9,"Heh heh, my Rolling Squad is fierce and adorable!"
1278512886,2aabefbf1fc88831b7e59e392fa8b8d7ed809da595cc17c159a63cc3880b89e8,You’re welcome. Are you still looking for Aniimo in different forms?
1278517808,f8e10cb5ffbaf066bcbdcdac8043dea3aa2abf30c480541cb0aab3d59fb76f30,A thunderous concerto—ready?
1278524715,8f986655330fa61f684b52025a04a2c1d52d211affc066619fbbcee3c6895db2,"Wait, where did this Lumin Amber come from?!"
1278527339,6030bed1361ff8bc4d83a25c8b5b7d9b8e2b533f81e318de323138a6a5e7349d,Fly Free!
1278540323,a7c8e6279f178c1efc7ace1defa573a053e50d29ffb40637289cf377820677f3,PVE Area
1291420676,a7c8e6279f178c1efc7ace1defa573a053e50d29ffb40637289cf377820677f3,PVE Area
1591773365,a7c8e6279f178c1efc7ace1defa573a053e50d29ffb40637289cf377820677f3,PVE Area
1601519471,a7c8e6279f178c1efc7ace1defa573a053e50d29ffb40637289cf377820677f3,PVE Area
1750810830,a7c8e6279f178c1efc7ace1defa573a053e50d29ffb40637289cf377820677f3,PVE Area
1838516092,a7c8e6279f178c1efc7ace1defa573a053e50d29ffb40637289cf377820677f3,PVE Area
1838634545,a7c8e6279f178c1efc7ace1defa573a053e50d29ffb40637289cf377820677f3,PVE Area
1865691147,a7c8e6279f178c1efc7ace1defa573a053e50d29ffb40637289cf377820677f3,PVE Area
1898767777,a7c8e6279f178c1efc7ace1defa573a053e50d29ffb40637289cf377820677f3,PVE Area
1916880879,a7c8e6279f178c1efc7ace1defa573a053e50d29ffb40637289cf377820677f3,PVE Area
2034397996,a7c8e6279f178c1efc7ace1defa573a053e50d29ffb40637289cf377820677f3,PVE Area
2118355617,a7c8e6279f178c1efc7ace1defa573a053e50d29ffb40637289cf377820677f3,PVE Area
1278608566,914dbcc326e8095cda14f947ffbb6a58004c919c100f453e7256f8ea8a3d7ec9,Reach 70% Aniimo Collection Progress in Beast Fang Ridge
1278610054,5768c230f2e7753763238066459fb615d4d4abeba43b4b02f169a91d2b01c293,Heh-woo...
1840015312,5768c230f2e7753763238066459fb615d4d4abeba43b4b02f169a91d2b01c293,Heh-woo...
1278637262,d77b3dc0f96157c7a9879a81ab6bfd3d0f87539db8c7cd241e73749271c59466,Free-spirited and unbound by convention.
1278641789,080c34e8b75769009025d5d94df50fede5816bd142ea60b147cffec00c635cc8,Voice of Silence
1604794733,080c34e8b75769009025d5d94df50fede5816bd142ea60b147cffec00c635cc8,Voice of Silence
1278672244,d2725b2e303b5028fd8f1bd446f8c18c9f090f96cdd27f43da3705f27ba96dbc,"1. The Mysterious Vendor restocks daily at 04:00 AM (UTC+0), so don’t forget to stop by!"
1278687909,bbf3f11cb5b43e700273a78d12de55e4a7eab741ed2abf13787a4d2dc832b8ec,%
1278717867,e2d88ef3bf4e2920104c740c7cd89652b9d78f2e46e43b3f847e9b058e8dcadb,Repair difficulty:
1278729735,52c68f0cfba1f465005fe1ff6796c3635add7926f5f883276453893ae68adf71,Ruins Aniimo Egg
1466021421,52c68f0cfba1f465005fe1ff6796c3635add7926f5f883276453893ae68adf71,Ruins Aniimo Egg
1642675951,52c68f0cfba1f465005fe1ff6796c3635add7926f5f883276453893ae68adf71,Ruins Aniimo Egg
1846892329,52c68f0cfba1f465005fe1ff6796c3635add7926f5f883276453893ae68adf71,Ruins Aniimo Egg
1278783302,7eb272fffc1ed98aa00dd0c1483fa51a916489ce25f3b8b5176cfa185b558596,Grrrr! Grraaowl!
1278804303,af1930fb79324e27b78a8ffd1cef795d9ab986eea32de2dd00485d9d2d04b2ea,Common HP Rune
1278809028,1e5ad1ddc10a4e8af4bbf630bc6a7a1f90eadb2476328980273d18da4f957230,Urian
1278812251,3709257befd00663c9070fabb261fa1cc9423ebb5538901a9c018a1ff1a8be0b,Increases Aniimo damage by <color=#d89c28>25%</color> after twining.
1278834953,a63863fc83f3f64fce3368b5bed3530ea840eb464b25889ad43b43b40bd9655a,Horizon Square Station
1278836494,e2d6763fd74ba8ddcc40eacb9d500574bdaea13f1d03a413009c39fde31b37e4,Skip current story?
1278868719,50620f43d448f7b63505d640608bdf08e1048109aaba779c470d75d046d80b8b,You cannot gift this item to the current target.
1278870353,d03868596892800956771d595ba2ada46d916bf03762a73570da1e2bbc0dbeda,Chance to obtain an advanced chip that can be installed on a unit to improve defensive capabilities.
1278876810,39d7cbc38268174b030dcf0aa2a319911f3526039ea25699209e10a828920f30,Sybil
1673632048,39d7cbc38268174b030dcf0aa2a319911f3526039ea25699209e10a828920f30,Sybil
1704972662,39d7cbc38268174b030dcf0aa2a319911f3526039ea25699209e10a828920f30,Sybil
2020498093,39d7cbc38268174b030dcf0aa2a319911f3526039ea25699209e10a828920f30,Sybil
1278879586,39f2945f142b1b35437c9877604f799ca537b67b087e65d450d6dcb912558705,"We walk together for a while, then part ways. But who knows? Our paths may cross again someday."
2013404059,39f2945f142b1b35437c9877604f799ca537b67b087e65d450d6dcb912558705,"We walk together for a while, then part ways. But who knows? Our paths may cross again someday."
1278933655,f3b7d59931950f69f34098d6ac7ca295583d1815bbf2f6282fd2b5f7394f5156,Complete Daily Activities to earn great rewards.
1278958308,f525aa98fee5f9e02d2a3827d03a820700f067d099a52bef47c5a61f153246ff,"Yo, are you here for the Synergy Training? Synergy’s important, ya know!"
1279034762,119f5ebb74a6d9b01a7d82e1e9e054d85535c4ce55220725bbffd587f5167a66,"See that strange Piopiota? Quick, get the camera!"
1279038072,c77188e8a4a183867a19949b1a3f80efb2ddf379c80e24e65e697864291998ca,"To enter Lumenfly Valley, We must prepare spices and find a guide butterfly... Let’s explore the Sea of Flowers!"
1279108344,2e384229f0f49a4e247896c6bfabd7e6eb074c77c2a61882175a0c69492a2402,You’re an Aniimo Superstar
1279194573,e01c0374f992b0a7c0b58701bc0a48cf7cbd201594f77b353961f70c4ed0226a,"Mutated rare Moondew Radish, enveloped in a rainbow-like glow."
1966532458,e01c0374f992b0a7c0b58701bc0a48cf7cbd201594f77b353961f70c4ed0226a,"Mutated rare Moondew Radish, enveloped in a rainbow-like glow."
1279196514,bda6cbb420f3fa90fa702cd5631f18f35ad486125520ffb94009ee6b6589a469,Ahhh! We’re doomed! They found us! Bud-bud...
1279202737,88b3a4954cf8285a9d63474664e783e8b3b485f4ef3627919c5835acebac2574,But there are also records of it in Bloomville—because the Mistwoods has a very distinctive fragrance.
1279240874,5c3892224b0c687b479fe4e24cc8e106742aae9ace9188ed20ae1276dfb26e05,"Obtain Pathfinder outfits, accessories, and Aniimo accessories from quests, the Shop, and more."
1292606070,5c3892224b0c687b479fe4e24cc8e106742aae9ace9188ed20ae1276dfb26e05,"Obtain Pathfinder outfits, accessories, and Aniimo accessories from quests, the Shop, and more."
1346760052,5c3892224b0c687b479fe4e24cc8e106742aae9ace9188ed20ae1276dfb26e05,"Obtain Pathfinder outfits, accessories, and Aniimo accessories from quests, the Shop, and more."
1359284494,5c3892224b0c687b479fe4e24cc8e106742aae9ace9188ed20ae1276dfb26e05,"Obtain Pathfinder outfits, accessories, and Aniimo accessories from quests, the Shop, and more."
1364093953,5c3892224b0c687b479fe4e24cc8e106742aae9ace9188ed20ae1276dfb26e05,"Obtain Pathfinder outfits, accessories, and Aniimo accessories from quests, the Shop, and more."
1999256300,5c3892224b0c687b479fe4e24cc8e106742aae9ace9188ed20ae1276dfb26e05,"Obtain Pathfinder outfits, accessories, and Aniimo accessories from quests, the Shop, and more."
2034063996,5c3892224b0c687b479fe4e24cc8e106742aae9ace9188ed20ae1276dfb26e05,"Obtain Pathfinder outfits, accessories, and Aniimo accessories from quests, the Shop, and more."
2146013665,5c3892224b0c687b479fe4e24cc8e106742aae9ace9188ed20ae1276dfb26e05,"Obtain Pathfinder outfits, accessories, and Aniimo accessories from quests, the Shop, and more."
1279270441,b900bc05cb1ca87350fc119bbd1a080cc8ca892d907783d8cd2e98e687819de9,Perfume makes Snowy so happy. Even watching perfumes being made makes her bounce with joy.
1279289161,76172b2c20b91eed8ff3f889ff0c90a6025297a328402ddf13b2a4db8e6520ee,Here comes the Sparkelf!
2053267235,76172b2c20b91eed8ff3f889ff0c90a6025297a328402ddf13b2a4db8e6520ee,Here comes the Sparkelf!
1279408618,66f8cd76c32db24603884bf2a3450208ac7327ea3cf0f6b847525c379067065f,"A weird model... Did it display any organic, life-like behavior?"
1279438928,e8e5d6992071500cf3c2c74517005d74f7a8ae3995a75e725e2b607145222b18,"Because this Aniipod is currently equipped, locking it will unequip it"
1279447143,bea5fa444c602aad732214c3d688b7139bce0ae8e9f0668a455cf566b51f8cbc,Spectating Helmut
1279476627,936efb34812d6a038d03dbbf9669f5d74e0baba4f8c535127d2a1f2d8b0472fc,Aniimo experience increase
1590590362,936efb34812d6a038d03dbbf9669f5d74e0baba4f8c535127d2a1f2d8b0472fc,Aniimo experience increase
1825208914,936efb34812d6a038d03dbbf9669f5d74e0baba4f8c535127d2a1f2d8b0472fc,Aniimo experience increase
1279493344,bac57ecffe9c5b725eab5fd90636b9fa123eefedb15a0fdb2aac569505ef7864,"1. ""Holo-Battle Sim"" is a solo challenge developed by the Battle Art Department for students. It uses holographic simulations based on documented Aniimo of various kinds, together with training robots.
2. Each element’s Holo-Battle Sim is divided into 4 difficulties. Each difficulty offers ""First Clear Rewards"" and ""Training Incentives"".
3. ""First Clear Rewards"" can only be claimed once per season, upon clearing the corresponding difficulty. ""Training Incentives"" refresh weekly. Clearing the highest difficulty lets you claim the ""Training Incentives"" for all lower difficulties as well."
1375412991,bac57ecffe9c5b725eab5fd90636b9fa123eefedb15a0fdb2aac569505ef7864,"1. ""Holo-Battle Sim"" is a solo challenge developed by the Battle Art Department for students. It uses holographic simulations based on documented Aniimo of various kinds, together with training robots.
2. Each element’s Holo-Battle Sim is divided into 4 difficulties. Each difficulty offers ""First Clear Rewards"" and ""Training Incentives"".
3. ""First Clear Rewards"" can only be claimed once per season, upon clearing the corresponding difficulty. ""Training Incentives"" refresh weekly. Clearing the highest difficulty lets you claim the ""Training Incentives"" for all lower difficulties as well."
1545269575,bac57ecffe9c5b725eab5fd90636b9fa123eefedb15a0fdb2aac569505ef7864,"1. ""Holo-Battle Sim"" is a solo challenge developed by the Battle Art Department for students. It uses holographic simulations based on documented Aniimo of various kinds, together with training robots.
2. Each element’s Holo-Battle Sim is divided into 4 difficulties. Each difficulty offers ""First Clear Rewards"" and ""Training Incentives"".
3. ""First Clear Rewards"" can only be claimed once per season, upon clearing the corresponding difficulty. ""Training Incentives"" refresh weekly. Clearing the highest difficulty lets you claim the ""Training Incentives"" for all lower difficulties as well."
1927066871,bac57ecffe9c5b725eab5fd90636b9fa123eefedb15a0fdb2aac569505ef7864,"1. ""Holo-Battle Sim"" is a solo challenge developed by the Battle Art Department for students. It uses holographic simulations based on documented Aniimo of various kinds, together with training robots.
2. Each element’s Holo-Battle Sim is divided into 4 difficulties. Each difficulty offers ""First Clear Rewards"" and ""Training Incentives"".
3. ""First Clear Rewards"" can only be claimed once per season, upon clearing the corresponding difficulty. ""Training Incentives"" refresh weekly. Clearing the highest difficulty lets you claim the ""Training Incentives"" for all lower difficulties as well."
1279523797,22dacad059c0d8ce80452d2eb0b95b22cf0a5cdb08678a710a30a19de5df534b,Aniimo placed in the <style=Hint_BgL>Homebuilding Zone</style> will continuously produce Bud Tickets.
1279528449,0b3957473d10cd676bb1a2e50d61c449a489786da47a0317ebcf910d79727334,Rigged Draw
1729327109,0b3957473d10cd676bb1a2e50d61c449a489786da47a0317ebcf910d79727334,Rigged Draw
1279559491,37621f3db55b273a78d523d60b58a90fcbac31517950f4a5c69cdc2a60c33e0f,"Let me take a look.
It’s written in Idyllian... BINI, translate please."
1279577272,d4f30a02c01bc9e56982afebc4eddbd663ef8e287d08034882956a0801513ca8,Title Placeholder
1309607110,d4f30a02c01bc9e56982afebc4eddbd663ef8e287d08034882956a0801513ca8,Title Placeholder
1803818360,d4f30a02c01bc9e56982afebc4eddbd663ef8e287d08034882956a0801513ca8,Title Placeholder
1851455988,d4f30a02c01bc9e56982afebc4eddbd663ef8e287d08034882956a0801513ca8,Title Placeholder
1279589167,1ed8b99c94b0db6c5f57dda05d3421c48e4d086df63000c61437556d9fccfdb1,Welcome to the Hall of Memories! Come trace the old footprints of Astra’s past!
1279597680,7a59fcc36657c8967c3a3bd800a0e0b7988465a2c93be8e5b067aaa1b3e3f1cc,Either way—this is on you.
1279610631,ff8263c02c9735a8c956c4d121db605a092c82ca25cea058c2444781a93a007d,"""Surge"" Core Gizmo
Greatly increases Ultimate damage.                                                                                                                                                                                                                                                Using an Ultimate triggers Wind Element Burst, Ice Element Burst, and Lightning Element Burst."
1279662118,3a04ed300ea7262660dc2909688c494b4c10aa3a581b15bb6801849812e746f1,"Oh no, we’re in trouble!"
1279662307,b734fc6e28c59ef8df20d61dc919623381f8ef8dddacbd92ab7a68d68c057353,If only I could cloak!
1279664049,79e5369df587419a04b24fd8d085dcb2adf772c2aa94fbd3626a30b986df5c2e,Q2608_03 Village Chief’s Home
1279669160,a55c90f0ac5d63492e560f798cef12b32deb79f4bb0b2bcbf42602695eb784ce,"One bite sends delicate crumbs everywhere as warm wheat, rich butter, and crunchy sugar melt together on your tongue. Set them down for even a moment, and several fluffy little paws will sweep the whole plate clean."
1739357765,a55c90f0ac5d63492e560f798cef12b32deb79f4bb0b2bcbf42602695eb784ce,"One bite sends delicate crumbs everywhere as warm wheat, rich butter, and crunchy sugar melt together on your tongue. Set them down for even a moment, and several fluffy little paws will sweep the whole plate clean."
1279672730,dc9b93e9beacf2eb05d414215212f7cce94b7cc4eff72b973413084b5e3b06d5,Come on—this is our stage!
1279676576,1cf84039b4abb7822e42c4b25fd82ce91462535320f52e8c19e854cc8f3f56ed,"Hi there! Dr. Glass, Senior Researcher here!"
1279704174,9661107e4f5a01aa00def4d4c2ea5eb09a4dace681d929157aed874cbeb9a0a6,Wields the power of water to attack targets from a distance.
1509515920,9661107e4f5a01aa00def4d4c2ea5eb09a4dace681d929157aed874cbeb9a0a6,Wields the power of water to attack targets from a distance.
1279735071,d110181539e77a0e16a3cc47a8c60e749c7f339ad3bff0742563de60358a0167,Challenge Wave
1279755305,e72b1011a93e8894ceb99b8125e76f4c4ba1fe70eff4c2915168174f444e5aed,"A pillar topped with a small lamp, casting its light into the night."
1279756808,f24f75ca7fa78562363028cff706b82db4e95ec56507d0bd26948304b5f1f87c,"Hand the materials over to me, and I'll process them here!"
1279759582,748684c97d90fa3399824c5cc0ddb3e1bf242dbf4ce69031ed6594fdd271c635,Left Shoulder
1516462868,748684c97d90fa3399824c5cc0ddb3e1bf242dbf4ce69031ed6594fdd271c635,Left Shoulder
1279780895,4e790398049c942ccb82303b0ef214a90d7a138b0bea6b2019b4afe54484e5a9,I’ll wait for you... Don’t forget me—don’t leave me here alone in the sea forever.
1279792367,124632b3b4e655b9c4ea3c315d52e4e1d461c59345f23155242588de2e3cec1e,"Oh, Instructor Bohr wanted to see you. Go give him the full report—I’m sure he’ll give you a big reward!"
1279839896,c2aa39944decb5019efbecccdc9ee17cfc94c45e3e258164cb544d403249941c,Stellar Ankle Boots
1279856850,def576d84b2e3df90b7bb41395274aefba7cec3d8926798a90fdb9e344ac4de8,"Yaaawn... Nope, I’m done. I’m starting to feel woozy from getting zero sleep these past few nights.
Go hang out with your Aniimo! I’m heading back to catch up on some sleep. See ya!"
1279878080,346feac11a955618a5f0b9c3237ecf3a2a448bb056a07dfa3ad51b559f359eae,Tremor Sense
1279891052,d89831b4bdfa100fd196b49c14846e3b2eed5ace42de2cd0e471868fa3eeb66f,Your friend has declined the Aniimo exchange invitation.
1279913658,6e5f37244c41f38282bca73016cd21e91fb8575f997fb8954780eb582bba8b99,Enable Depth of Field
1279918192,7c400b90af9e0634d6b110ae67b9f952e0d8444079446c4ae7c2e92aa780ee0c,"Good. Remember what I mentioned—this assessment is a step up from student difficulty.
Pass it, and you’ll become an officially Astra-certified <style=Hint_BgD>Wayfarer</style>."
1279922255,8964186b820da6d9b6f60a78e1cea8ba14ac8119c44f8757061f7b18eb8e47b2,"Restores <style=Hint_BgL><customRichText(calcData,buff,20310030,param0,1,%d)>%</style> of max HP per second."
1279926937,b69a9cf25d4fc7fbe55cd22622781b95dc1bce68f05cc571e4e4a538befaff8e,"Look at the Polaris Institute building—the lines, the presence! What else could match it except a sleek dragon-type Aniimo with <style=Hint_BgD>a cold metallic sheen, razor-sharp eyes, and a star-shaped crystal set in its forehead</style>?"
1279972450,4113497631540eb68e88bf6acce5ebccf2d35edafb924faaf8a73674a588eb5d,Call it intuition... or maybe a sixth sense.
1279976237,e35460270449a544f0a1c6039cab006e3a55e10b1a71e6d56d17fddf4a463b3d,Practice Phone Calls
1279983705,0b52711b0731c15b580d61c0dba1bfcd35561b85677f81252aae3eb4a8526adf,(BINI #9 isn’t responding at all... Is it offline?)
1280005647,7fd7f6cdb04cdfd7cc07335f1ebb571bdcb951f8c2022d5f0875d9b5e618c0fa,"A <style=Hint_BgL>Celestis</style> is asleep on the tree trunk. <style=Hint_BgL>While it’s asleep</style>, your chances of catching it <style=Hint_BgL>double</style>. Approach carefully to catch it."
1280052831,ae35596f26a8f37c9c2c0021eff39337318fa780b1c416a796c1d46923b47294,Holo-Tech Engineer
1705164611,ae35596f26a8f37c9c2c0021eff39337318fa780b1c416a796c1d46923b47294,Holo-Tech Engineer
1784177374,ae35596f26a8f37c9c2c0021eff39337318fa780b1c416a796c1d46923b47294,Holo-Tech Engineer
1799207805,ae35596f26a8f37c9c2c0021eff39337318fa780b1c416a796c1d46923b47294,Holo-Tech Engineer
1949802980,ae35596f26a8f37c9c2c0021eff39337318fa780b1c416a796c1d46923b47294,Holo-Tech Engineer
1982054968,ae35596f26a8f37c9c2c0021eff39337318fa780b1c416a796c1d46923b47294,Holo-Tech Engineer
2037607508,ae35596f26a8f37c9c2c0021eff39337318fa780b1c416a796c1d46923b47294,Holo-Tech Engineer
1280171038,15322fa843b3dac53812d914bc9c7ea84099dc10bc5f1799da630103f5252a24,"...bone age is only three years old, but preliminary assessment indicates intelligence at least equivalent to a fifteen-year-old human.
Spirit Gene sequence cannot be measured accurately and similarity to all known races is less than 5%..."
1280203327,9b98e9b9ff1e6d43b9e0f7df9d337dc2b2ded99d61a792dd880821b1fbc37b1c,Village
1602922557,9b98e9b9ff1e6d43b9e0f7df9d337dc2b2ded99d61a792dd880821b1fbc37b1c,Village
1280218322,3b2dce1097f17d2e0a6c5377b16b5221fb2c064a3b130a05549410a7a062b11c,Aniimo level 52
1280218527,e0f72512afee85506acd841cc4bdb36390d2fa67960b951d6950a58b1b35ac81,No productivity
1553032059,e0f72512afee85506acd841cc4bdb36390d2fa67960b951d6950a58b1b35ac81,No productivity
1710323716,e0f72512afee85506acd841cc4bdb36390d2fa67960b951d6950a58b1b35ac81,No productivity
1929292211,e0f72512afee85506acd841cc4bdb36390d2fa67960b951d6950a58b1b35ac81,No productivity
1984228764,e0f72512afee85506acd841cc4bdb36390d2fa67960b951d6950a58b1b35ac81,No productivity
1280223133,d65cd184829c92e0ac71680fa77bf419c8b4a04be04d5721a1e977407b9b4dfc,You heard? Strange things have been happening around here at night! >.<
1280229973,32e60a3ee203a6f23004a0f9effa494d2c0360c28a6a500a08d89f7226bc9cee,"Dashes forward with a punch, dealing damage and piercing through targets. Also removes all <style=Hint_BgL><link=""source_8038""><u>[Fire Debuff]</u></link></style> stacks from the target. Each stack of <style=Hint_BgL><link=""source_8038""><u>[Fire Debuff]</u></link></style> deals additional damage equal to <style=Hint_BgL><customRichText(calcData,ability, 12830200,param2,1,%d)>%</style> Might."
1280253525,2a3d92e3af04237058c986eba8ed9f93b497b6f7e041d67d3fe4d9badb457334,Enable AI
1280290764,5241c398e98ee3fe3e9800ab2c119df1c6487b18b4bea68d3e19857dfe4cf11a,Berry Shrubs
1652707782,5241c398e98ee3fe3e9800ab2c119df1c6487b18b4bea68d3e19857dfe4cf11a,Berry Shrubs
1280313022,6988529fc003b72ddf35da7a69bd214dc0cf9e8da049733e137d83e34f864858,It's getting late
1280316558,d943c589b0f0f0bad2a3badf61e799de3620ea318a9d518a756271e8b44159b7,Word got around that you beat both Wisptis brothers just now. Their Oldest Brother heard about it.
1280319876,47b9ae42dee8be9e79e336ba18276f25e36fa531d48aa92939ea07b9330cd077,I hope this year's Flower Festival goes smoothly too.
1280329521,544a557f0c84d74ce78407f488b5445b17d6e44d1067d1b1d019d3761fb27429,Dunes
1280331902,e18977a396127a91b96ee1bce8c4f8d46df28ede69e05cedf7e39524a05fbda3,"At last, the Susuta have their picture-perfect happily-ever-after!"
1280359799,4b962d6099a37ca5d307d959ec564116b4276f21eae4b80ed0da60b93ce225d5,The nearby Skippies seem to be playing an interesting game.
1280363051,b33418905c03e92c46d20a0302673e76a801f443c7bddd155f08e1ec3723ae5b,"Avatar Frame test, unlocked at level 10"
1280365878,628123f426acbfc993a9eb9ad3da650addd8f031b2d0554df97e15c6bb4124f2,Try igniting the vines
2040015879,628123f426acbfc993a9eb9ad3da650addd8f031b2d0554df97e15c6bb4124f2,Try igniting the vines
1280376996,d5739a1621d53a0fde247cbf38d09450492b686fe44f9d3fb9068cd3fc41f2ff,I never knew this iced brew...
1280384982,43d78e66cf5280e96df9f2519f46e6ea48cc7f5be6a94ed917220ad295709637,Press #kRaw/GamepadButtonNorth#z to place an Aniimo from the Aniimo Storage in your Home.
1968302307,43d78e66cf5280e96df9f2519f46e6ea48cc7f5be6a94ed917220ad295709637,Press #kRaw/GamepadButtonNorth#z to place an Aniimo from the Aniimo Storage in your Home.
1280395244,9190b7c97fac0a0b166e641229cb740da67a9c2583895b64e406ae48a5eb6e2b,Mutated rare lavender with exceptionally large and lush flower spikes.
1321277040,9190b7c97fac0a0b166e641229cb740da67a9c2583895b64e406ae48a5eb6e2b,Mutated rare lavender with exceptionally large and lush flower spikes.
1280396988,aeffad221ac10d8c1ab3ba34dbdc6981f247df9d073f6f939d13c67ea0aace5c,Title Rewards
1280399064,fc5dc80b2263fd696d6bddccb81b30ac13f7b828b664de4893b8b980ef056ea2,"Whoa, look! That’s so cool!"
1280487418,3532a5a1521bee57296ea48e093fa23119657864a7afc757683ab5f5470651fb,You’ve really been making a name for yourself lately!
1280544012,e348d8d0564992652cc3e8e5ae7dbcbed9ecdea4db96c573d8b2087643ee2569,?????
346300835,eec5c8e9238a6577e20e504d6a90ae9bc4fc9ee7150dc55bd92f6cd1652080e7,Obtain 5 Prismatic collectibles in Operation: Egg Heist.
1280580676,eec5c8e9238a6577e20e504d6a90ae9bc4fc9ee7150dc55bd92f6cd1652080e7,Obtain 5 Prismatic collectibles in Operation: Egg Heist.
1280591359,6c48def96add0d0ff512917f84665b14cecb3b56477954fec03a93bad3010867,Illusory Intermediate Damage Chip
1559893940,6c48def96add0d0ff512917f84665b14cecb3b56477954fec03a93bad3010867,Illusory Intermediate Damage Chip
1280598002,1510996e327c489002b5d8714fcb1931913ce62e82fa92811d74adfaab745caa,A pathfinding that allows you to climb walls.
1280633198,1026a59fef1cb8756c06d4c796279d68b95aa5b0c26434268fb5ba4f35f11a52,"That's wonderful, I'd love to hear it. I've never heard a human fairy tale before."
1280633449,fc7a73276c764c7518240ce8d3af424ac3e949b16ec8b0db48f0dfeb6150366c,"Somewhere I could order takeout, lie around all day, and never have to work."
1280653695,1db73e68e6f1c982beaf570826ee6265519f1520ae1de8143f503832197047e7,Desktop Trinkets - Little Joys
1749779524,1db73e68e6f1c982beaf570826ee6265519f1520ae1de8143f503832197047e7,Desktop Trinkets - Little Joys
1280669581,fa66bd7698b3a5e9e53409932d7b6217b00b3282398464e8379ebce270e68d6b,RV Lv. 1
1280728080,8878aa46aa12706fc3b2330adad01c780f31245a481b932c2b3726ae2ecf1994,Increases gusto by 10%
1697663894,8878aa46aa12706fc3b2330adad01c780f31245a481b932c2b3726ae2ecf1994,Increases gusto by 10%
2114305828,8878aa46aa12706fc3b2330adad01c780f31245a481b932c2b3726ae2ecf1994,Increases gusto by 10%
1280748158,0cb6784827526a264fc10bdfc0f9b6231adfa52207c67ff24db867a565717d45,Total BREAK Damage
1280769676,0de61b7fa5bf3bbe4cf37d59f15fe5dbf7a2cac0dffe30afb6e429b96d24c7ee,"On clear nights, Shelly loves lying on its shell, soaking up moonlight and energy. It is at its most relaxed."
1280772790,edef4b46192c30914bbde8a28f0916652ac88035ced36dfa2c56406300e518e3,"A flower root formed by the convergence of fire elements atop the summit of the Russet Highlands. It emits a dangerous aura. Grace, the perfumer from Bloomville, is looking for it to craft a legendary perfume."
1543364468,edef4b46192c30914bbde8a28f0916652ac88035ced36dfa2c56406300e518e3,"A flower root formed by the convergence of fire elements atop the summit of the Russet Highlands. It emits a dangerous aura. Grace, the perfumer from Bloomville, is looking for it to craft a legendary perfume."
1280781555,1b56f69778f5dc25aa1b41463363d0b75785ec6317bee39e855a4bff2b6700d6,Aniimology Member
1280787866,4dc273038731dcd57a00c216b5fe6ff9b586bc365365e483023ce63d0af519ed,I’m not...
1280793941,f7d139c4100a5b84c1818373ab0e03c6290d63faebaaecf20eef52459ef7a48e,"Chat, check it out! This is Boomblast Arena, and the place is absolutely buzzing!"
1280804444,5014edfa9f9b9015d41e2d2667880890f3a90e12f53f8560d8b90a58ad6669ea,"You use all your strength, but the swing doesn't budge..."
1280807597,34374c533c719d26192611bade21ef20f747e6763b434421286335a881a0bc1a,A Fist That Defends Its Own
1280810343,d8fefb0abb0fe2ffb954d8cdfd10e8c5a5ef20977de59de488405faeb744d1d1,Edit Party
1349564150,d8fefb0abb0fe2ffb954d8cdfd10e8c5a5ef20977de59de488405faeb744d1d1,Edit Party
1483486372,d8fefb0abb0fe2ffb954d8cdfd10e8c5a5ef20977de59de488405faeb744d1d1,Edit Party
1280814613,8ac83d730e6193906fed5cf2ece2ac2cf09e1ea7eb1e4e3aaab481ad17ee7203,The platform is empty; the treasure is nowhere to be found.
1280827696,c6f39b1f6c9d989b4ee32cfeb193846d1b6e42a38870156c30eadcfbb8a3ae74,Nurture the Ecosystem at the Branch 30 Times
1280851964,64ecf2e6c9755aa75a91be1acf29d56ee6227fa52fe53e61f603a6315330f551,"You mentioned that fake Wendell talking about Cozites working together...
I thought it was just some throwaway line."
1280854595,85f6f6ff6436586a6f6fa2cead36bf135cca7cad64cfff5760250d2ac3ea95b6,"Glowing fireflies ripple past, like butterflies dancing on the breeze."
1991222274,85f6f6ff6436586a6f6fa2cead36bf135cca7cad64cfff5760250d2ac3ea95b6,"Glowing fireflies ripple past, like butterflies dancing on the breeze."
1280886579,4317a99a9ceae2936c786aed194204195bbc99e08d1516034313a02837f68b1b,Lens
1280905182,67bc484430fe87babe3c35d2ba4827d029f1c7e415a92de44885a9c88536661f,Random
1634327020,67bc484430fe87babe3c35d2ba4827d029f1c7e415a92de44885a9c88536661f,Random
1280907779,c1d4e8912e47c6ae3f2701bfd1301d676d051310a039c5c0d76593bf2f4c2f42,The sweetness hidden within the spiky shell will be fully unleashed after roasting.
1280917539,e6f24e794a428e40fd6f42e95e9ac895d8c5716351d9cf70df452968c0026813,Scorch-glazed Pork Ribs
2079889160,e6f24e794a428e40fd6f42e95e9ac895d8c5716351d9cf70df452968c0026813,Scorch-glazed Pork Ribs
1280919732,7d56b6e542d7cc3dae2e0c549d735f7a775bf8a856a31ae1866179d0cfae6fcb,"Hidden in the pile of dead leaves, after removing the barrier in Lumenfly Valley."
1280920622,bae5b8ace4432d798eada119f65d8b0714903e8a114f28693302fbeb41d1ee58,Tenacious
1410357264,bae5b8ace4432d798eada119f65d8b0714903e8a114f28693302fbeb41d1ee58,Tenacious
1427148991,bae5b8ace4432d798eada119f65d8b0714903e8a114f28693302fbeb41d1ee58,Tenacious
1562668445,bae5b8ace4432d798eada119f65d8b0714903e8a114f28693302fbeb41d1ee58,Tenacious
1584700898,bae5b8ace4432d798eada119f65d8b0714903e8a114f28693302fbeb41d1ee58,Tenacious
1634402207,bae5b8ace4432d798eada119f65d8b0714903e8a114f28693302fbeb41d1ee58,Tenacious
1651078055,bae5b8ace4432d798eada119f65d8b0714903e8a114f28693302fbeb41d1ee58,Tenacious
1673074880,bae5b8ace4432d798eada119f65d8b0714903e8a114f28693302fbeb41d1ee58,Tenacious
1775104197,bae5b8ace4432d798eada119f65d8b0714903e8a114f28693302fbeb41d1ee58,Tenacious
1942077658,bae5b8ace4432d798eada119f65d8b0714903e8a114f28693302fbeb41d1ee58,Tenacious
2009872833,bae5b8ace4432d798eada119f65d8b0714903e8a114f28693302fbeb41d1ee58,Tenacious
2083629729,bae5b8ace4432d798eada119f65d8b0714903e8a114f28693302fbeb41d1ee58,Tenacious
1280938621,43ef3cb7611ad7aa5f67cb794a3b936dc3832f4429e36fda907931584bc13dab,Umbral Omega Infergon
1280939591,e6e7b8065b6177e77ee76ae56931f4225c901de7515fd2c39cfb19167cc2e5f9,"Cool, I gotta buy some of those!"
1280981901,86a7f81a33624df349d78124ae77f6f77681d3d33df5b6889c76ca9b791d5442,"A large number of mutated Helgon are attacking.
Protect the mysterious monument!"
1280986297,61d7abebadfb231eea622a2d12c354d36021559662ae31ccb07d1cba6244b2b8,Reduces Damage taken from units below Lv. 20
1821270083,61d7abebadfb231eea622a2d12c354d36021559662ae31ccb07d1cba6244b2b8,Reduces Damage taken from units below Lv. 20
1281005250,eae991a79e7e100cc263a21b2b6ab2cbcc53df800ce5d64ec5379255a7fe7cac,Instant Wheat
1281025991,4f4c8430e1291010bcebe8a01cf99024a9b1e8c53c0790c4768618270d022e0d,Are you Idyllian?
1281031810,cdbb8c705255c52fe7c9b5b1748f4a01de54c8e2ea0a5427d747279c4416f612,"Next, I’ll head to other locations to find more Aniimo in different forms. I hope we cross paths again."
1281054824,585d0d8a9dd828b04eacbe99ee5ea63b28e6f5daec9c6f18d3b2e79bf892e184,The Alpha Turbo is overloaded!
1398660308,585d0d8a9dd828b04eacbe99ee5ea63b28e6f5daec9c6f18d3b2e79bf892e184,The Alpha Turbo is overloaded!
1281058583,6940350834a67ed3ecddf81fdc283f72417d9cf38af6309ef035ddcb73e99a2a,Yoho!~ If it isn't the popular streamer from Astra! So you really did join the expedition team!
1281111501,cdcb4839cb2ae4d0abba25787ecd94c1164d2a09c96a31f3a1aef89fc80a5e44,"I was planning to give you a great gift later to thank you properly, but it looks like that's not happening now."
1281130489,7ce62c78a94ddfa6d1afd2671f397df42e6dfe5f5124e35690cae381235d5f32,"I don’t even have the strength to spit bubbles anymore, and I can’t lift my tentacles... This is the worst day ever!"
1281134269,ea80962b593e5a6690f10472ac96be0293c07cc5115eb97d2fefe5452dcb0d87,EXP +{0}
1281143473,b16b0c9b9e373e7bc6e527686a663eeddfd31c56c5c1cd7f1b6db8be1b46cfde,"These Budclaws are <style=Hint_BgL>Stunned</style>, greatly increasing your catch chance."
1281167073,8c6ccd2254cd990f128ceb5de7eb55490af867f10af034a52cf57e0170fd2cc2,(Translator) Huwu? Such a nice dream... Huu...
1281177332,d7af5ae1456f76ec8de3d8c1644fa6075b3cf0f369513d7b8bbf58247f078125,Alpha Bulbly
1684269648,d7af5ae1456f76ec8de3d8c1644fa6075b3cf0f369513d7b8bbf58247f078125,Alpha Bulbly
1281233246,7c0376ae0ea9eee19d298352d0a8c4eec62b355fbfa35af583c8ef90930f7da0,Encumbrance
1491688959,7c0376ae0ea9eee19d298352d0a8c4eec62b355fbfa35af583c8ef90930f7da0,Encumbrance
1666509258,7c0376ae0ea9eee19d298352d0a8c4eec62b355fbfa35af583c8ef90930f7da0,Encumbrance
1281247568,40e761bfac25dbf6f412d217c1663d4ad77ee6fe6fff9f5e4b2258bf2a5813d7,"Research really is fascinating!
If there’s an Aniimo you’d love to focus on, you’re welcome to join the Aniimology Department too!"
1281253002,0d5b86578ef8497e15e40832911d6d2d6c9594b9e42cc7cb2442e4b5c09ab606,Perfect Shrubclaw Egg
1281255248,ed2b067b7e725ea25746fa60f310a894ede7bf767d75667110a3597a053e42c5,Private Park relocation is unavailable because <style=Hint_BgL>{0}</style> in this Park has not unlocked <style=Hint_BgL>{1}</style>.
1281272956,39c034dad9c79d4b13412160d4ece1f6070e34fee9976c6dc599f09393df6598,Appearance Tag
1372442283,39c034dad9c79d4b13412160d4ece1f6070e34fee9976c6dc599f09393df6598,Appearance Tag
1281307635,cbfb3a4e2d145cc28674b8f3f05ccbf21074bdd6f5e5bc2c0ed1044fe81fa884,Sparkling Rose
1281319314,e1a6a6e18b81fb88d96440c119f158219436b0b77a3355b2c399435dea699654,Who buried this Baleetle in the soil? Perhaps only the balls it lost along the way know the truth.
1281328582,a3b438adaaf9882c89c819b73266ab42e2e687cfb75a1bad6aeb7aa23d100455,Advanced Blink Chip
1296022947,a3b438adaaf9882c89c819b73266ab42e2e687cfb75a1bad6aeb7aa23d100455,Advanced Blink Chip
1525963657,a3b438adaaf9882c89c819b73266ab42e2e687cfb75a1bad6aeb7aa23d100455,Advanced Blink Chip
1281340747,67da3324c51e22516a438778b9275d788e28e74c916721389e0b09b2e77654ae,"After the Wild Surge ends, release the accumulated <style=Hint_BgL>Prismana energy</style> to receive rewards."
1281341545,3c4b129360a65162271fc87dc62e6d6912539f0c904c20211f003c8a6fb0065a,"A soft flop turtle toy that Aniimo treat like their little sidekick, taking it everywhere and looking after it along the way. It may be a little slow, but its big buddies never mind."
1497713774,3c4b129360a65162271fc87dc62e6d6912539f0c904c20211f003c8a6fb0065a,"A soft flop turtle toy that Aniimo treat like their little sidekick, taking it everywhere and looking after it along the way. It may be a little slow, but its big buddies never mind."
1281364631,ec5d708c49102d1c700e8762d48179e83f78b032c3f32ab77862878c22566d56,"Incenses, spices, aromatics, everything you need!"
1281369085,5cb5609704b5c80b931d3e8cd72bf11c35d04e9265a71805e0227cc5acb4d61c,Common Difficulty +1 ATK Buff
1281373726,1e4f46b1ab9d59e80d3f85884666337bf15d8b3f1b6c8a9ac16e13feeafad4f5,Unable to archive
1281448914,466a7f366728defd0afb28efb162e5d0805efc1edadf4b3cc058f9868866ece5,Can be purchased 2/3 times
1281452426,d600b5b001095549e181008a14732d9b0ddf8bea2f8dd5a53e531533050348a1,"Sigh... Fine. Don't wander off, wait while I gather a few people to go check it out..."
1281475582,b22103ebf80079e6857458be316395002e0a93be1c5f1a96dd846a24155307e4,Direct Challenge
1281483182,b54e6f5dad6b39de07174053a2d1ed440db14861e736b2e2df6775753319577e,"An ancient recipe for offering to Aeons?
And even the method is lost... This is..."
1281542436,93158542303f3f48465401c04489996b84d2fca7832758380f035fc028ff900a,Rapid Racing
1759614261,93158542303f3f48465401c04489996b84d2fca7832758380f035fc028ff900a,Rapid Racing
1281557000,1ec1abf11cfddb3fbdac8d169fc7371fa9f687d5fe5d8c796979f84a0f9dac21,Holo-Battle Sim - Trial Points
1348378035,1ec1abf11cfddb3fbdac8d169fc7371fa9f687d5fe5d8c796979f84a0f9dac21,Holo-Battle Sim - Trial Points
1281574145,9582308a66f15d51afeb0f9e811efd424019f33089ac3fa5b7224a7f8e829ac8,"Yellow flowers with petals that shine brilliantly when illuminated.
Can be sold in the Inventory or at the Co-op Store for Home Coins."
1281587879,4e4a3e3ca0f84b05c64a07ea2c66f1d1c4d799102d600764f53d9409ac5e3871,Zephyro
1357515066,4e4a3e3ca0f84b05c64a07ea2c66f1d1c4d799102d600764f53d9409ac5e3871,Zephyro
1504839593,4e4a3e3ca0f84b05c64a07ea2c66f1d1c4d799102d600764f53d9409ac5e3871,Zephyro
1511111703,4e4a3e3ca0f84b05c64a07ea2c66f1d1c4d799102d600764f53d9409ac5e3871,Zephyro
1626223392,4e4a3e3ca0f84b05c64a07ea2c66f1d1c4d799102d600764f53d9409ac5e3871,Zephyro
1834620054,4e4a3e3ca0f84b05c64a07ea2c66f1d1c4d799102d600764f53d9409ac5e3871,Zephyro
2024450204,4e4a3e3ca0f84b05c64a07ea2c66f1d1c4d799102d600764f53d9409ac5e3871,Zephyro
2094333064,4e4a3e3ca0f84b05c64a07ea2c66f1d1c4d799102d600764f53d9409ac5e3871,Zephyro
1281630667,e10576a182fca0ab44c0266d314d7845cee4278f0c0b44f82a32510bd54ebe3f,"Hmm... That won’t do. We don’t have enough data yet, so please challenge it again! Get to the starines before the Celestises do!"
1281634225,4c93f5114d61aaa7f5ff1857b63790b02ebf78e6b4f4cdef700414f3e7ac0963,"Because humans don't need the sea, they live on land!
If we get captured, we'll... uh... we'll..."
1281648722,34f39e25d3e3f2e190b8c96c3f6d0a66456a73f043f45fb2363b6eb69c0718da,Holder of the Spring of Life Badge
1571192532,34f39e25d3e3f2e190b8c96c3f6d0a66456a73f043f45fb2363b6eb69c0718da,Holder of the Spring of Life Badge
2029171288,34f39e25d3e3f2e190b8c96c3f6d0a66456a73f043f45fb2363b6eb69c0718da,Holder of the Spring of Life Badge
1281671204,96b512faa2abc98a11d1659ce2e555dbbf6a383b8a7a5be27038854d28dac273,"...Uh, of course, the Hummins’ singing is still just as awful as ever."
2121475555,96b512faa2abc98a11d1659ce2e555dbbf6a383b8a7a5be27038854d28dac273,"...Uh, of course, the Hummins’ singing is still just as awful as ever."
1281682992,54b3013a168c4991f99accd2a9405ed9ca2f7f313b4158b6dc47a5f4187cc474,Blockade
1987091022,54b3013a168c4991f99accd2a9405ed9ca2f7f313b4158b6dc47a5f4187cc474,Blockade
1281688417,5663f1f279388be639d9f9336207109dd0ca2c4bc9e16b5d76d0c37fa93c736d,Complete the prerequisite quest first.
1281716096,b23a3b5c79affb2d4236bb384a4dd48e77990d139a325ef37fed0802e3ad3ce7,Ascension Tier 3
1281722938,230e919f300912e735f544f9a856248affdead3a5a9765707b974a90885a97a4,Water Dash
1281727416,09e0952fb3345091f861f9425ab08377229215e67ff25038256415cf5531db18,The fire burns fiercely. A Water- or Ice-type Aniimo skill might be able to put it out.
1281728885,11012a8623e958a2b46fc910d209280c789328566b5ab5b3652c71c1ccf7b4fb,Chapter 2
1281739786,65b4f7f6a12fe01ffcae008ed68f682aaddade0978f6f7712718dbb31e123be5,The Legendary Aniimo has grown calmer.
1281756240,56dd6d833c402fba585035cc944d1f48f552f127d841c5bf1a1981cbcaefe3f1,Floating
1590018888,56dd6d833c402fba585035cc944d1f48f552f127d841c5bf1a1981cbcaefe3f1,Floating
1281758134,f00e8683be1111d81bcf96b71e17c9a2de05674371b4005855ea212ab62b663d,"Panpantas like to search for decorative shells on the beach at night, which explains the dark circles under their eyes"
1281763837,959d38d47b4de2761a369e08a7a21f1945a065078a8a7cf64e66ab2c50f6a149,Flammable
1281773194,25768a4b6850de9d4b0030a9cff3b5cea3f7442e09909dee0113867244c9f843,Element Resistance - Water
1281844248,59e571acc4cbae9a70eff722c55f1255ea8684017fdc9218b25ed0649346b51f,Recovers <style=Hint_BgL>{param0}</style> EP each time you take a hit. CD time: <style=Hint_BgL>{param1}</style> seconds.
1281859406,2d91165bc59f6909ce742462689694b71c047a2b9aa480086447439f097b7e5a,Little Chillmut
1462498478,2d91165bc59f6909ce742462689694b71c047a2b9aa480086447439f097b7e5a,Little Chillmut
1534129682,2d91165bc59f6909ce742462689694b71c047a2b9aa480086447439f097b7e5a,Little Chillmut
1617285458,2d91165bc59f6909ce742462689694b71c047a2b9aa480086447439f097b7e5a,Little Chillmut
1691019932,2d91165bc59f6909ce742462689694b71c047a2b9aa480086447439f097b7e5a,Little Chillmut
1805415036,2d91165bc59f6909ce742462689694b71c047a2b9aa480086447439f097b7e5a,Little Chillmut
2019727991,2d91165bc59f6909ce742462689694b71c047a2b9aa480086447439f097b7e5a,Little Chillmut
1281888911,b72cd3ee2cd4da41cdb9c0734717e93cb129eb98a8027edbe7ae40d0b84f1b1c,Snowy Pomegg Egg
1281904203,143ebc8c9dbe523dc0beae98d76ddecbd061c6ecffcea7559b9496c5a132d7e0,Report Blocker
1281908810,86e85140c05e0d05497fb54d34855bb92333f2bfdf87c7efa0bf00240aa76f63,Season Tile 3
1281932731,80fd2ab3463419a57344b0eb8448666439fdb634f0109c186b7ace929c47e26a,Was that a lag spike?
1281934439,de590fec8eb40232fd77fe190845f5703059935b981106cc21a23c65f0851d7e,Daily Nurture Chances
1281987819,3064bc767742dd57911e7dede9ca7958a68e34d3838167bf16176d7accab42c2,Increase research points
1281989645,f86b64dab2a1eea45352794640c931dad3d0ca747a9f59825a362419daea8a01,"<style=Hint_BgL>Temporary item. Usable only in this game; cannot be taken out during evacuation.</style>
Significantly increases damage against <style=Hint_BgL>targets on Hard difficulty or lower</style>.
With chips installed, <style=Hint_BgL>slightly increases load capacity</style>."
1282019248,e5543600caf2845be02d62d8c27c6864fc72d582f3318ca9f8ac8f90e4ad1466,Communication request— Communication request—
1282047391,7d4abc238b01c063bcb11b73a51b2dc5866e18242fd45c615b63ddc9548f01c2,Stamina recovery speed +12%
1282099851,2a66ab8297c6aae14f0f68a437425319a2a2b4443f47bc78b5cd9ab866ec27ac,"The offering roused me, but Irelia did not need my approval. This offering belonged to the land itself."
1282108839,2a24e0596c8da23a0ca58431eb6bcfbc8b466769e2e3ffa0df0c58d0c9871fef,Besauce