1647011166,62209b7c165d94ef07ac465a7fe671a6d91c9aae5e2d08f3655a5797fd2a3a62,Element Mastery
1379363013,fbd854fdf0327b57728495e8ee667bc12f98b62fa54f48d33cd4031b375e8e04,Add from current party
1379407289,840ca027434dc32b1503b141ddd07ac70d625b094a80c60cc1eea283c2cea149,Power Shot
1379417610,f3d55f1865ccd06b59d05b768e052fe886c6cfcb42ea5176260657d0730339a3,"Popapus, cute little Popapus..."
1379419213,321f23456c94458174ed15a128706a5c57860df3e19e7badde2d5ef7def1bba0,Evacuation Portal
1806054328,321f23456c94458174ed15a128706a5c57860df3e19e7badde2d5ef7def1bba0,Evacuation Portal
1379426360,70076cf6d2c2e301a66a9b3b49ebc631151b5853f188925b0f469eeb7ff85f4b,"Huh? Where did you come from, Jawling? You better leave now. This is my dad’s island... If it catches you, you’re done for. It’s super strong!"
1379446287,001909b7b2cc2a18ec217fdd7f84eb5a17a9753302ce377eb09cce6c5f851aad,Uh... She already praised me plenty during the fight...
1379459828,cc5b42de068fb4022d3bf4570c87c014864c586ac4398714d1ec7a79ad5bf919,Active Aniimo
1379467643,0e64931b4a375c7d1698727330127ce68dd729b3c4c51d6705f3bd9c3ef838fc,"As well as #playerName#, a Pathfinder from the Polaris Institute, and their Aniimo."
1379473963,51793d671ac6119a22638fe5777fb32203cb722f7f7605b34d221eab42ac2a9f,<color=#D89C28>Warning: Alpha Luminelle is fully charged. Dodge incoming attacks!</color>
1379498884,615176f938cdb637fb19c374c26d638314a85e8ee44ad28c967696085f587cc9,Morphling Gameplay Nimbi
1605148547,615176f938cdb637fb19c374c26d638314a85e8ee44ad28c967696085f587cc9,Morphling Gameplay Nimbi
1379501782,3aae062d6781c735079980a13639e4d0d136e680730107575c1aae71fb8a68f6,Institute Title
1379515436,2e08b854fd7703fc7269dab2423bd2bb98a6af0fb55eb0c930bce63a3a1586cf,Cannot catch
1623320186,2e08b854fd7703fc7269dab2423bd2bb98a6af0fb55eb0c930bce63a3a1586cf,Cannot catch
1924288111,2e08b854fd7703fc7269dab2423bd2bb98a6af0fb55eb0c930bce63a3a1586cf,Cannot catch
1379618916,976e260cfd8f8933a5fc7996f871fc3a101216762c98f0e5043b6213bb8abd78,The Power of Example
1379634481,cbcd05272e302a3c39a787f6ec8a8d23b0c83fab60412be80f3e906676adf291,Institute Standard
1897095154,cbcd05272e302a3c39a787f6ec8a8d23b0c83fab60412be80f3e906676adf291,Institute Standard
1379657932,5b10f961ca5bcd1aae29eb36d005ace8e6cc7549e0599e7801e9aa58b25fa335,The Cozite left behind a chest and rode the wind back to the castle.
1379706247,d00e49df0466361c8f3ffd338c98d4ab417e4783e3ec910137d24019c44eac5a,"Words of the Wind
Where flames gather, the flower of immortality blooms."
1379742591,79a97885a0333ed370b87e304862f397d272891fe41d5dce8aa3596d168b5086,"Extremely rare rice with dual mutations, enveloped in a rainbow-like glow while having exceptionally large and full grain heads."
1418111883,79a97885a0333ed370b87e304862f397d272891fe41d5dce8aa3596d168b5086,"Extremely rare rice with dual mutations, enveloped in a rainbow-like glow while having exceptionally large and full grain heads."
1379818919,0cffb28b8fa563fa020ee894545559ba301ec3a4b0bfa69ec3944b2725710404,Continuously releases shock waves.
1974649740,0cffb28b8fa563fa020ee894545559ba301ec3a4b0bfa69ec3944b2725710404,Continuously releases shock waves.
1379819805,c5f1e9a3c5bc34361d40d658f96172431241c7a0c4724051808440bae34dbe89,"Ahem, back to the topic. A long time ago, Thousand-Fang Ridge didn’t exist—or rather, Beast Fang Ridge was full of ridgeback trees blooming like flames."
1379843628,ab98ae58fc840f73571ddd84362aa853bf79c9f83354f5cfec0242044080e1eb,Wicker Chair
2063670531,ab98ae58fc840f73571ddd84362aa853bf79c9f83354f5cfec0242044080e1eb,Wicker Chair
2116099346,ab98ae58fc840f73571ddd84362aa853bf79c9f83354f5cfec0242044080e1eb,Wicker Chair
1379874469,4188a8a060aa4be1ecec186fd95b1bf740c48473a0f525b89d2893bd4d281ed4,"We’ve received another report of <style=Hint_BgD>holographic device malfunctions</style> from <style=Hint_BgD>Northside</style>, but I need to maintain the <style=Hint_BgD>main system</style> here first..."
1379918729,03ce734c8975c9a55dd81f556004f2887d6b19e94257ac834cbf22e2e0683fe6,Huge Colorful Shining Crystalline Rice
1542948762,03ce734c8975c9a55dd81f556004f2887d6b19e94257ac834cbf22e2e0683fe6,Huge Colorful Shining Crystalline Rice
2089812782,03ce734c8975c9a55dd81f556004f2887d6b19e94257ac834cbf22e2e0683fe6,Huge Colorful Shining Crystalline Rice
2098773685,03ce734c8975c9a55dd81f556004f2887d6b19e94257ac834cbf22e2e0683fe6,Huge Colorful Shining Crystalline Rice
1379939120,c6210ab4f10ae182bdffabb10ba98b3b0655f829a24e4bce02c00c9aab82c361,It feels like there’s a huge racket on the other side of this stone. I can’t even nap properly...
1379957953,210376b7453681daea64c3b949307e567dbe8f1758734355f55eee5b720ad77f,Lumin Collection: Core Descent
1379961961,9870e76bd6e41ab6015b48e3179ffbae97a73cbd40eb03136778edf08a5238fd,Who are you waiting for?
1483987434,9870e76bd6e41ab6015b48e3179ffbae97a73cbd40eb03136778edf08a5238fd,Who are you waiting for?
1604183563,9870e76bd6e41ab6015b48e3179ffbae97a73cbd40eb03136778edf08a5238fd,Who are you waiting for?
1380007768,63f2745a50b57feafa6627f01f47c46815c36d16c48bf240ebefc42208669675,"Whoa, you’re incredible! I’m gonna be the strongest Pathfinder one day! Then you’ll give me some good stuff to make me even stronger in battle, right?"
1380008677,5a9eb4942a091702a2506936e6de7009e2b1faaf4fc924f81493e62a8af3961f,Iris Wreath II
1782210201,5a9eb4942a091702a2506936e6de7009e2b1faaf4fc924f81493e62a8af3961f,Iris Wreath II
1380010529,10b00bb14da04de9e686a9e18ff6c62822bebf096e1fef44a99abd8d7d7b12e5,"Yes, yes, yes, that’s it! This is the color of a new world, the seed of things to come!"
1380037488,6bfc038e11af33a4df2ab3502bbba18b9522c41196f5d050e822e1f0bad60692,Current Safaris
1380040679,be905b7a10436a2a65b75ffa8bddbebe476644a34b15b07e74aaf19fdea3c439,Geodeback Caretaker
1575333288,be905b7a10436a2a65b75ffa8bddbebe476644a34b15b07e74aaf19fdea3c439,Geodeback Caretaker
1380048032,14778b7e8b747e032dfa8e3429217d448ba277fddb09dca51ae0f35e839273d0,Nimbi Cushion
1380068164,72009dcf16f948cb912e98c25146b1ee963fc5705cc7c110b8935aec17659435,Fragile thing! Wants to fight again... but fears losing—and facing his daughter!
1380070828,8d434f9c4635ddc77d964b5e539f1bc6227238b67cdf72eb7f34e5ea23d3aa5e,Mighty Ignitis
1460374196,8d434f9c4635ddc77d964b5e539f1bc6227238b67cdf72eb7f34e5ea23d3aa5e,Mighty Ignitis
1503081456,8d434f9c4635ddc77d964b5e539f1bc6227238b67cdf72eb7f34e5ea23d3aa5e,Mighty Ignitis
1770912424,8d434f9c4635ddc77d964b5e539f1bc6227238b67cdf72eb7f34e5ea23d3aa5e,Mighty Ignitis
1380073970,19598dd100bf7336bdfe80c10010ee4f1222476ae12926f22b41a0d18e185c1e,Woo... Ho-ho! Ahew!
1670429542,19598dd100bf7336bdfe80c10010ee4f1222476ae12926f22b41a0d18e185c1e,Woo... Ho-ho! Ahew!
1380115479,107d2aafaab360d95cdf918028f58cc112135cbc0b6dbe226c1d406eb6e44a56,"Hi, Sheepy!"
1380116233,0d52be28df08bea3dd0d29457ecb548f311bdf254c8d06afca64b89a43d9a78e,Snap Quests Description
1515595562,0d52be28df08bea3dd0d29457ecb548f311bdf254c8d06afca64b89a43d9a78e,Snap Quests Description
1543396382,0d52be28df08bea3dd0d29457ecb548f311bdf254c8d06afca64b89a43d9a78e,Snap Quests Description
1562168510,0d52be28df08bea3dd0d29457ecb548f311bdf254c8d06afca64b89a43d9a78e,Snap Quests Description
1607154297,0d52be28df08bea3dd0d29457ecb548f311bdf254c8d06afca64b89a43d9a78e,Snap Quests Description
2064080827,0d52be28df08bea3dd0d29457ecb548f311bdf254c8d06afca64b89a43d9a78e,Snap Quests Description
1380149571,c30cd86ee33761173503413a75b7f431343838bcf92505c50516f3a0156ef66f,No Domain Selected
1627936494,c30cd86ee33761173503413a75b7f431343838bcf92505c50516f3a0156ef66f,No Domain Selected
1380170130,d3c20e6bc928e80966de3e93466e1cb05b678a13eb645ff5b86396572e1040d6,Network error. Check your network settings and try again later.
1380193029,98985562a7f4aae699ebdcc229deb4d85c4732b4d7a8aadf4e69b91613bba3fd,"Me, me, me! I want to adopt one!"
1380202480,7f2a0ae240f0f979a0de809b328109e3a453249fa2dfe26a9ce2d553cf069dfa,Available by default.
1380204408,95d21706423c712a33fa97d17f05c6459125109930e66a59e2fc1d08bed6122d,"Thank you for defeating him and letting him find ""that person."""
1380272375,ecdbccd2b097ee9d410ac0f8b5237ba28e72f594c41d19ac56b242c7ec718c48,"Increases Damage Boost by an additional 5% whenever the target loses 5% HP, up to an additional 20%."
1380278412,1d2b08db44672f8c61e4f525d83c93fdfa5281d96d6943254a259f1df9ad6ce9,Phantom Flame Cannon
1380354187,b332b22f5adeb3e82425058e57ec24609e2dc08f7b6d1ced01d87cec0c83d02d,Illusory Attack Amplifier - Might
1417373420,b332b22f5adeb3e82425058e57ec24609e2dc08f7b6d1ced01d87cec0c83d02d,Illusory Attack Amplifier - Might
1631886475,b332b22f5adeb3e82425058e57ec24609e2dc08f7b6d1ced01d87cec0c83d02d,Illusory Attack Amplifier - Might
1738177500,b332b22f5adeb3e82425058e57ec24609e2dc08f7b6d1ced01d87cec0c83d02d,Illusory Attack Amplifier - Might
1739172439,b332b22f5adeb3e82425058e57ec24609e2dc08f7b6d1ced01d87cec0c83d02d,Illusory Attack Amplifier - Might
1782492944,b332b22f5adeb3e82425058e57ec24609e2dc08f7b6d1ced01d87cec0c83d02d,Illusory Attack Amplifier - Might
1380358351,5ce6c64c27ea9f3da32d1edbea464337dcf56fb7f0f2e3b2ddc1f1b69d72eecc,Blooming Hairclip Pack
1380360969,490ffe3afc9e6139fd0c3b71e9938944cca0ee51426185b405833ab2367e6b6a,"Arc-shaped sweeping attack dealing Water damage. Enemies hit that are in the <style=Hint_BgL><link=""source_8045""><u>[Weakness Mark]</u></link></style> state have <style=Hint_BgL><customRichText(calcData,ability,14430102,param1,1)></style> Energy stolen from them."
1380374803,4e7d18ff539e23d9dc11647ec495e8246658227c89b32d455dce81885bd553d3,Fluff dropped by a Driftwise Meadow Form Nimbi. It can spread sorrow.
1380386749,8b69551607a87bae6a4e13a5ca10559074e946303974830774100c1e5d9acb0f,There are construction sites everywhere...
1380410850,06b9ff0ca00b358716595f0bf2ba96905e0a72a44a035b2566b86540cbe55c35,"But Lady Velouria just complimented my perfume! 
She said it was interesting—isn’t that enough?"
1380423441,674b7de56a32439b358a5da6dcb572efc544613abcd8c497fb29ad78c1d528b2,Quests (Auto Reward)
1380441584,b45010f5b7117ffa66058500e058e83e528fe1a77f8766988479838dd735c6af,Windchime Swing Chair
1471224311,b45010f5b7117ffa66058500e058e83e528fe1a77f8766988479838dd735c6af,Windchime Swing Chair
1591783870,b45010f5b7117ffa66058500e058e83e528fe1a77f8766988479838dd735c6af,Windchime Swing Chair
1911271909,b45010f5b7117ffa66058500e058e83e528fe1a77f8766988479838dd735c6af,Windchime Swing Chair
1380441617,7d1ea1c507f98947b8bbe10b7f701e71cb1f2c56b17778a51aad2cee574bd381,"Increases Damage Amp by <style=Hint_BgD><customRichText(getConfigData,rogue_multi_level_talent_data,43010,param0)>%</style>."
1380452069,43a66de6f0d8407eae1914e6b9718f5a00aa646c78106be6eb659efbb8f4bd45,Cave 7
1380458064,b317fa2f7209da0c3aa5d4717e90b1b07e68c9924a4a9fd7111f901c0112fe45,Maybe using the wind to fly up would work too.
1380468490,6297794f3d4de8bc56643bb6047c10ae8f611add4d25f783da48e0c3a9e0ac95,I’m not going to buy anything—just taking a look.
1380483941,914a99c83dcd1b22044dadd9ebedf5d916b2aee813a8a88af7014f009dcea5e6,You will recover Primegy over time (1 point every 6 minutes). Spend Glimmer for more Primegy.
2004919313,914a99c83dcd1b22044dadd9ebedf5d916b2aee813a8a88af7014f009dcea5e6,You will recover Primegy over time (1 point every 6 minutes). Spend Glimmer for more Primegy.
1380486021,b908e6a8fa6efa0f2b9ce92adf55b6ba2b2699fb93be726ae6c8190e2292118b,"The stranger reveals that he belongs to the Umbral Society, an organization dedicated to restoring Idyll’s former glory. He calls you and the so-called Saintess the ""twin moons"" destined to illuminate the sky. Claiming that your missing companion is with the Saintess, he uploads your assessment data and suddenly disappears, leaving the real Wendell dazed and disoriented. With no other lead, you return to report everything to Dr. Lewis."
1380487569,59be71333c960fd08e7e4fe9862206d9355f0a9884121a5b50ef8b36efdfe4cf,Optional
1380495292,22a75c6f12c54de5cb9ca408564efb0034622846cdb60a86a8690475d1595bf3,Wonderful! Thank you so much!
1380518880,c10239a3398ef24073f3a9ff9693e2566500d1bba5d45eda1f8a789903aa1a5a,Frostwolf Tail
1380524324,5051cd844bd6bc5794411d7dec47647ccacf386c905734320274688a709d6fdb,Heart to Heart
1380541727,002e3bc5f9a28b4fddd32f7c30095308cd0c6f61eded0643cea34a3c4e4e89c0,"Ow, I was just Hauling supplies for the Outpost construction when the ground suddenly split open. I'm sore all over from the fall."
1380542611,f025bbe5bd815e0791c0e63a7b0dc5545c71ddbf68aa7634dd1f8e6168724af6,"Prismana?
Heh, so you really have no idea what you’re doing..."
1380544130,8a99352d554de9a1255576eee4a78f0de821e14a302bd7a76e8a1df6f12d604e,Click [<style=Hint_BgL>Build</style>] to enter the Homeland Construction interface.
1481706220,8a99352d554de9a1255576eee4a78f0de821e14a302bd7a76e8a1df6f12d604e,Click [<style=Hint_BgL>Build</style>] to enter the Homeland Construction interface.
1380546300,a02aed9a933acd7a616f0c7a4fc4b33cb938d4ca81c940c786b4ca179d2149db,Start the Harvest Festival
1676785541,a02aed9a933acd7a616f0c7a4fc4b33cb938d4ca81c940c786b4ca179d2149db,Start the Harvest Festival
1380550076,e32230867f5a823184d4263c40e1c9c11e17409a23d5b55bd1bde78679a8e10f,"Lush broadleaf shrubs with wide, generous foliage, adding a touch of distinctive greenery to the Homeland."
1949739343,e32230867f5a823184d4263c40e1c9c11e17409a23d5b55bd1bde78679a8e10f,"Lush broadleaf shrubs with wide, generous foliage, adding a touch of distinctive greenery to the Homeland."
1380585166,e71f13ba245dd81f507f2bdcb560020778e005eef1fea4972959e87f3af4eef1,"Despite its imposing size, it is timid and gentle, always avoiding conflict. Whenever danger approaches, it curls up into a ball, but it always musters the courage to fight when its friends need protection."
1380605098,0a05302ce9c296c5bdd4e5ee686870486df8a5cd1bbe77ec789fdd30f4443a96,A TV cabinet for your Home.
1380610855,b0732a283a5139bfecc960d303c324132f8827087b89c59421052eea0382b5de,Use to learn how to craft <style=Hint_BgL>Moondew Radish Slices</style>.
1380655159,5fb0bed730ded7ff370510fad17a8f8cb66ca64b04eb7eaa1d0f6fdcfcc6db01,"Welcome! I’m Tysen, owner of the Coilstrike Club. What would you like to know?"
1380657510,7a0f00e71e9bf528ee90f43547a9c9c444c342060ccec7058531b1a0b17263e7,Running all that data would consume a lot of electricity. The holo-device failure could be why the power went out.
1380664161,9cdb13984cc1123320978a4b9b2bf20e59ad491cf2043a4cbb9e9ee72170ec57,Sanctum Boss
1380667028,25e834390dae88710194b52603057bda893dd145a99e0d4e7049fc251d94a86b,Aniimo Placemat - Grass Green
1933169585,25e834390dae88710194b52603057bda893dd145a99e0d4e7049fc251d94a86b,Aniimo Placemat - Grass Green
1380702798,f7b37ef64cdcba58743045afe79d12a495749f995ccf99f7a871b141a5987d1b,Skill Crit Damage
1439652238,f7b37ef64cdcba58743045afe79d12a495749f995ccf99f7a871b141a5987d1b,Skill Crit Damage
1380773415,caa04293cd6518924a38df1de3b97e96f0a6775e08bbd562c5b349e85c06c823,Mushroom Fanatic
1380774414,6a0cd37d951e630967e20008f7277b9aef059245ec627a59fafb39be884eb455,"Later on, I realized that Stellalord wasn’t just ""good at finding things""—he genuinely loves it.
Every time he discovers something new, his eyes shine with a light brighter than any voxel coin."
1380775633,92dc8a1481316a14dedfd6b7f5cf6bb99851512d434d1a8e42ce1e5e74e58cea,A sofa for decorating your Home.
1380795654,085366588243317f09d6e2efb8f78625f20ff90ae8fd475895ab2d1278931a1c,Time to topic research completion:
1380800195,ea0bedb7c8b0f3cb364add8740dc5800838ff4aa0fe39458d1fbaab6afa00bd4,Rookie
1391023120,ea0bedb7c8b0f3cb364add8740dc5800838ff4aa0fe39458d1fbaab6afa00bd4,Rookie
1479236067,ea0bedb7c8b0f3cb364add8740dc5800838ff4aa0fe39458d1fbaab6afa00bd4,Rookie
1812185126,ea0bedb7c8b0f3cb364add8740dc5800838ff4aa0fe39458d1fbaab6afa00bd4,Rookie
1380819712,50dfe3850d33233d81e43fc490cf0e9a4c47ad1963196eb70432ff92add4e310,"A bracelet strung with round bone beads, crafted in an ancient style."
1962307772,50dfe3850d33233d81e43fc490cf0e9a4c47ad1963196eb70432ff92add4e310,"A bracelet strung with round bone beads, crafted in an ancient style."
1380900283,9727892b6bafe6030ae33a2165849c1176b6ff893a0f337ea8add6918301f375,"Gains <style=Hint_BgL><customRichText(calcData,buff,91173103,param0,1,%d)>%</style> BREAK Damage Reduction for <style=Hint_BgL><customRichText(buffConfigData,91173103,duration)></style>s. If within <style=Hint_BgL>10</style>m of a water environment, absorbs water to gain additional stacks of the effect—each puddle absorbed grants one additional stack, up to <style=Hint_BgL>4</style> puddles at once."
1380937072,4a9c7b26dda908ccb4bc174dab719a9dd27fe25c1888ee6aa784aac8711cbfc7,The two Budsquires sneak out in excitement...
1380959660,17f2f814899f0692b7566e1e55c9aef6b0b22dace4b665b7a436c8c2d425dfd2,"Dear Pathfinder,
Thanks for linking your third-party account!
The Institute has prepared a small thank-you gift for you. Please claim the attached rewards promptly. May every exploration ahead be accompanied by allies, with wonderful encounters awaiting you when you least expect them."
1380976015,c3424016ba69158c3cbdd9eb3661e770a4582b41a60f355afd7cb79550177b4f,Toggle Cursor
1380981797,d3cc928843b95a2ed0e8c9e9ec49900c7fea9861611997e124576dbec867d59b,Rug decor for Homeland.
1380985416,143f6df8391a5b6801f50ad8eddc35dd02c041c90622058a7e14a7f82ed470b9,Do I have to choose...?
1381054363,eb358e03d518ff5e7cf4a4376000fbb92e3892369d31a36ee96f3f9be4db7909,Ant#Ant%￥*Woo-hoo!
1381128072,f261d3d442c8de6223a64cd2cce530900639fa6ad865fd3cec08f3c9909144cb,1-3
1381161807,f223faa96f22916294922b171a2696d868fd1f9129302eb41a45b2a2ea2ebbfd,Apple
1745932377,f223faa96f22916294922b171a2696d868fd1f9129302eb41a45b2a2ea2ebbfd,Apple
2131542063,f223faa96f22916294922b171a2696d868fd1f9129302eb41a45b2a2ea2ebbfd,Apple
1381192192,a32cf76deac6ba66c48942b6f147d1351065d4da747d9a3ed17004b9cac6f31f,Alpha Jawling
1593774288,a32cf76deac6ba66c48942b6f147d1351065d4da747d9a3ed17004b9cac6f31f,Alpha Jawling
1766490409,a32cf76deac6ba66c48942b6f147d1351065d4da747d9a3ed17004b9cac6f31f,Alpha Jawling
2018151328,a32cf76deac6ba66c48942b6f147d1351065d4da747d9a3ed17004b9cac6f31f,Alpha Jawling
1381199844,ac8e46ff1db9a77b7fbce118bd0bc5c631192b10bad57c6671560bf1b46b0793,"Alright then, 3, 2, 1—challenge start!"
1381224500,986f91bd5257a67d89a7355899622995adb9b1d352b370277689d9b56a90facf,S-So cold... I’m freezing!
1381231468,94ea7a9cce5b650599d3f911f079f73977c0f8c263bbdbf672a7c9d5b06d964c,Flame Spiral
1381232430,3270e63947fe40f1747337574e8f70553f9a5824b4866c730846a663091554ad,Splashy Susuta - Right
1513586857,3270e63947fe40f1747337574e8f70553f9a5824b4866c730846a663091554ad,Splashy Susuta - Right
1850745152,3270e63947fe40f1747337574e8f70553f9a5824b4866c730846a663091554ad,Splashy Susuta - Right
1381234441,008dacb6d1e85bd8c0ae9661c4472810ef75537f690dd75d77fc74ca62f78fec,Full
1414482104,008dacb6d1e85bd8c0ae9661c4472810ef75537f690dd75d77fc74ca62f78fec,Full
1537526448,008dacb6d1e85bd8c0ae9661c4472810ef75537f690dd75d77fc74ca62f78fec,Full
1596748631,008dacb6d1e85bd8c0ae9661c4472810ef75537f690dd75d77fc74ca62f78fec,Full
1609760443,008dacb6d1e85bd8c0ae9661c4472810ef75537f690dd75d77fc74ca62f78fec,Full
1628954163,008dacb6d1e85bd8c0ae9661c4472810ef75537f690dd75d77fc74ca62f78fec,Full
2118373832,008dacb6d1e85bd8c0ae9661c4472810ef75537f690dd75d77fc74ca62f78fec,Full
1381249209,8bb1520718a2ab5e469abd4fe7ec0556bc45c4132a50a405f282dd1dad269031,"The Polaris Institute developed Lumintech, a crystal-energy-based technology that solved Astra’s energy problems. The first new energy vehicle soon followed."
1381265096,f551b6e44e528bd2217e4f871bb7d0638b497ddebb0041a07a79ef32cad2aa6e,Listen to the living pulse beneath the earth and feel the blessing of the Aeons.
1381304363,34e8418063f44ecafd359c93bd5f20794ec59d31a1de4ebf0769ecc549924d0c,Snoring Everywhere
1381347623,2d6577b2948643fec0766b6816a71fc09bfa1ffa06312b52e5df6264cd30eff8,You cannot switch skill sets while twining
1381375919,4fab66ef06e028ffaaf221376726efdb4ad883b4d2bf114f09fc004dd6b103e1,"Bringing happiness to everyone is a truly important duty, and the very role of a Princess Melloblum."
1381385552,439efdc566bb419f29ded4a5eb33673c5d6f899532366b645270af8ce3ad5d1e,Ride
1577990954,439efdc566bb419f29ded4a5eb33673c5d6f899532366b645270af8ce3ad5d1e,Ride
2145981916,439efdc566bb419f29ded4a5eb33673c5d6f899532366b645270af8ce3ad5d1e,Ride
1381402222,8e301cece0988bc3b26d0dd7efd9f79b82bdd0d6cf935465e1ef8f18136dc98c,Supplies in transit! Please keep clear!
1381403685,2624383d9c70c8d4209e3333c4020ed9157bf976acb101ae57ef2aad276fb64f,Zzzz... The game...I will...absolutely...
1381409222,e9103c3c4e6b569aa19a6b274f30fa1d661cc33fb0861e804e92deeca885e763,"Aniimo EXP Gain from Kills, Catches, and Items"
1898469646,e9103c3c4e6b569aa19a6b274f30fa1d661cc33fb0861e804e92deeca885e763,"Aniimo EXP Gain from Kills, Catches, and Items"
1381423466,8c22d7db5cf9d0a3f5771c7509bbeda112cee4807111019d500bd51c6df5fa42,Cave 12
1381426262,de798604b59af3d6bc1624849e878b49b2228a9159cf1c41b44173e63003342b,"...You’re a bit rude, aren’t you!"
1381457305,0737556877a3322cef750227d5e7f00cddd740d03cd70b866c392e28dae0870b,Pensive Cozite
1894183042,0737556877a3322cef750227d5e7f00cddd740d03cd70b866c392e28dae0870b,Pensive Cozite
1990774892,0737556877a3322cef750227d5e7f00cddd740d03cd70b866c392e28dae0870b,Pensive Cozite
1381471224,938575df33604241153545fe5377c085235bc8d6b0d344e70d73073bdefd045c,Snapping Spot
1381472933,12187ba9133112c826b2652a2dd06705b6169d0fccd65c17180c7d010325874d,Waxing Moondew
2036482611,12187ba9133112c826b2652a2dd06705b6169d0fccd65c17180c7d010325874d,Waxing Moondew
1381475662,76fa1edc834904c7bec3a4477e283c8355741d1ad0db9041b8419af1ce47a296,"The stardust sprinkled over the blade, making it sparkling yet not glaring."
1381486002,5fc01647a242a9a51b0cd7b369d89423d421b768b1816490d93866e3e0ff6bcf,Nurturing grants 50% more Prismatic Energy during the event!
1381491549,f89cf33ee539ce92bb63a095ff92a7dfa46a34c0cf1f64501000e910937bf0c7,Sachet
1381504401,3bfdab79325e2f09633d36041c12cfba3d1e740b53bb0afc5ebb1736a70825ca,"It’s hard to tell age across species.
For me, I would’ve never thought of your principal as an old human if I hadn’t heard people calling him ""old man."""
1381520968,3e031f666d9b1c69748d1f46d6524a5a019e5561bbb05745d242e1a257af399d,You can no longer return to the match
1381563426,8a0f05443aaf18647ae6176edab5f70c40017fc36dcaa72cd759e741e05ac2ae,"But lots of Aniimo love this place, such as Hummins.
And it has the richest plant variety around."
1381598931,584a3589d3232ea00e07da96f0bbbd4a13143b09feddc2cd7dfd2abf1ead3551,Attributes Placeholder
1515400371,584a3589d3232ea00e07da96f0bbbd4a13143b09feddc2cd7dfd2abf1ead3551,Attributes Placeholder
1880077764,584a3589d3232ea00e07da96f0bbbd4a13143b09feddc2cd7dfd2abf1ead3551,Attributes Placeholder
2029895085,584a3589d3232ea00e07da96f0bbbd4a13143b09feddc2cd7dfd2abf1ead3551,Attributes Placeholder
1381646375,cdfd5b6c1ffd4c5469976c383f5ee2670e4f2d62628daca19df43109c1860bea,You’re such a nice Bolty! Could you tell me your name...?
1387127280,cdfd5b6c1ffd4c5469976c383f5ee2670e4f2d62628daca19df43109c1860bea,You’re such a nice Bolty! Could you tell me your name...?
1756087300,cdfd5b6c1ffd4c5469976c383f5ee2670e4f2d62628daca19df43109c1860bea,You’re such a nice Bolty! Could you tell me your name...?
1381663632,d36d8b3f3c5efb0e08be762d7ce8db110445dff3d2cdaff7f2d017a379ae3340,I wish I could be as cool as you someday!
1381676148,e87faf31810f25331e82ec5c7fa75c61ba047281e27cc8db4bce1da5dbd090ca,Light Source
1565502745,e87faf31810f25331e82ec5c7fa75c61ba047281e27cc8db4bce1da5dbd090ca,Light Source
2028228467,e87faf31810f25331e82ec5c7fa75c61ba047281e27cc8db4bce1da5dbd090ca,Light Source
2120779998,e87faf31810f25331e82ec5c7fa75c61ba047281e27cc8db4bce1da5dbd090ca,Light Source
2126750731,e87faf31810f25331e82ec5c7fa75c61ba047281e27cc8db4bce1da5dbd090ca,Light Source
1381679315,6e33dfc39bb5579e6266b4f5a37322362a5a5d17189d480a29dd46e7397c591a,What... just happened... to me?
1381683135,ab7073e358e9226f4850ce0fe703b1e36d946a873003513c93923665e7122926,Enter...
1908327114,ab7073e358e9226f4850ce0fe703b1e36d946a873003513c93923665e7122926,Enter...
1918868988,ab7073e358e9226f4850ce0fe703b1e36d946a873003513c93923665e7122926,Enter...
1381685435,78f297ff182da9832fe4efbab43a3d2f47e1d9c7d4ecc15a5f90c863e2651452,Omega Route
1524892676,78f297ff182da9832fe4efbab43a3d2f47e1d9c7d4ecc15a5f90c863e2651452,Omega Route
1381717033,b5d5002d904c2eea6b91a13208105c1fa788d9800565f42412f91cfbcfa0e013,The thing you found was actually a little Shelly.
1381745028,cd53cf04115f136b892482123f9520bce7d884cdd3fe5ab53a9249c1fd5ec098,It must be exhausting to get itself out of the ground.
1381777483,f99bfa37309a447d4bc506bfda51424ff1ebcf0d1e29427cbf288636769934a0,"Perfect—<style=Hint_BgD>Dance Power Unleashed</style>! While it’s active, the next skill costs no EP, so stay sharp!"
1381788500,080181b63a6e22d5fb341a94fe174dcb6d5500e67d2ffb181b34a61f1c14c4aa,"The biggest problem is that your understanding of combat isn’t deep enough.
Even in Holo-Battle Sim, every decision matters."
1381799122,92e22a7232f6bb6b4a22a6b5098d38d0b15f0a453cd8c019cb787bb899e4d939,A rock fragment containing a small amount of mineral energy. Can be used to help certain Aniimo evolve.
1381816073,ba73496a58ea9e733aaf2a26a17a0bf330fe226a0e8f5c87632133244c0fb1e9,"Though, maybe I should find another cute Aniimo companion?
Irises seem so lively, and Skippies look nice too... It’s hard to decide."
1381818105,76c6075c122991f9a5722bd6ec26b67b55734ecdc90a797a8f183b1cd1424adf,Parasitic Witch
1381890726,ba98c4fc41ccf7005ef9a9234d4c92325c3113dc0880bb66bb25795234570a59,A cutting-edge storage unit for your Home. Aniimo with the <style=Hint_BgL>Hauling</style> ability can transfer produce <style=Hint_BgL>stored</style> in facilities into the <style=Hint_BgL>Storage Unit</style>.
1381947989,5031653e6ca425d859ea5a5fbc02bf92eebcb05640d0f864d77820994859f10f,"Huh?
...Wasn’t Senior Cecelia supposed to be at Tideblossom Coast. Where is she now...?"
1381948636,f1b8d37ac9e6455ec70091d3157393ccdd3773a8f97c59ed6d6b7184efa64257,"You’ll attend the ceremony, witness the Irisalis’s once-in-a-decade appearance, and investigate the Prismana Flow if it appears."
1381967439,fd458bbc428208558376ba468f21770e32aa53f75319c452096ff39b2ee62a27,Enable reading settlement values from the config table?
1381991149,2d7b75750fb5e22ed207f86504fd1de9cbb909a0e2ab41525b38214252c986d8,"Look! The Nimbis fell down! It looks like they've fainted!
Hehe, this is our chance to <style=Hint_BgD>catch</style> a few!"
1382032367,c3dd2daadeffc3a36c2494315793f7633b782ed4f5c82ab2dae57e3041440639,Reset Instance Data
1382037024,a2aadad7c585de1a33a6d47dddc2a144d00bda6aed61a9009a6e93858edb4bc6,"An arch woven with blooming flowers, each blossom opening in its own place as if welcoming every guest who passes beneath."
1494127873,a2aadad7c585de1a33a6d47dddc2a144d00bda6aed61a9009a6e93858edb4bc6,"An arch woven with blooming flowers, each blossom opening in its own place as if welcoming every guest who passes beneath."
1382066003,1aabcc168132b77da5eda668324512fe1ee7a03ce22b129f935daba512a4ad51,Zzz...
1382068672,f226b5b7d0b4edb08d480acfc86be6518dbd90f8e2f6b1af104caa15718d3aee,Huh? You got caught by that big ugly creature too?
1382078652,567a949246e72aa3f9968b079f2b50dea81b3a851073cc646fd97977467efe9d,Enter text.
1382099981,da908091bc26f348bfe78df33a759a99c2ba03f49725274540694c8857bdd646,The ant knows! It seems to have been staring at a mushroom in a daze over there!
1382111349,10d12ad02a79ef609c3830719b102d084d870f9608f43f8b4f0394611b9285da,Dr. Glass’s Challenge - Easy
1382149522,44512d56188669c9d7c01657c44ac529616991eae4210f6076c80f3aed4c0bbe,Premium Companion Handbook Level 10
1788776031,44512d56188669c9d7c01657c44ac529616991eae4210f6076c80f3aed4c0bbe,Premium Companion Handbook Level 10
1382172483,5e12debe5ba7a40533120ff9ddfb8f177ff58d3bf0e2125170b21c0bf6ba8c14,Book Stack II
1864108068,5e12debe5ba7a40533120ff9ddfb8f177ff58d3bf0e2125170b21c0bf6ba8c14,Book Stack II
1382224409,25f880d7081b6d9209ab50ead5b91916bc1873271d728f39486da59481a9ed05,"Lady Irelia has been sleeping for a hundred years.
Every ten years, she only wakes up when the sun rises on the first day of early spring."
1382242060,a943f0b02369af0696dc60e2ed0c4b63127c8578924a0cb1a8895cdbcbb205c3,Special Rules
1382259688,8c30e59db617f25b9bd72dd30ff1f4ed68fdfda361f217c7fec3eb02ec6f69c4,Woooo! Welcome!
1382266897,ed68b50e0089f81b5644f23b9e0de6b81361ca3d995b9e575a71d670e749d579,Order expedited! A customer has expedited their order at the last minute and we don’t have enough items. Please help!
1382302091,942ed8bcf724363c8644da0ffa20fd8bb83369183d61ca63e4ae502719a55d7f,The sound of flute has stopped
1475597245,942ed8bcf724363c8644da0ffa20fd8bb83369183d61ca63e4ae502719a55d7f,The sound of flute has stopped
1382308173,50b62974b8844892faf7e807e1a1edb55304c636c194539e41cb8bcea3fc0af7,Lemon Tree Timber
1382351091,2dd4352470235cc3216606d31905ed09a6f3af4cf2e664f7f12f65c0f3def501,Friend! The thunder in you is way too quiet. <style=Hint_BgD>Grade I Trailblazer</style> is where the first true thunderclap begins! Go face the storm!
1382351480,3ef256a588e528d979bf34660223d776de82f167d04a4964eab3cd6818443f7e,Wait—what if somethin’ happened to ’em?
1382357527,371e0b988f558ff02d269849faac053a99bd4a457eb42291d9a647e2fd2e5b56,Drag the slider to adjust the map's <style=Hint_BgL>zoom level</style>
1382378305,dcaf70c0705ce56d4ecf15beaadfbed4539ffb02ee781e449b198d488f29b01a,"For each {2}<style=Hint_BgL>{3}</style>, grants an additional <style=Hint_BgL>{4}</style>, up to a maximum of <style=Hint_BgL>{5}</style>."
1382383649,503794bab81e7016da51dfa54186b26b7be8eb3a5e7d16b513a880f74f5604e8,<style=Hint_BgL>Drag</style> an Aniimo from your Aniimo storage into your Homeland.
1382393530,a155920b24cf769d16e4424c496b257078ef130546178a1e512844177e97ab89,"It’s you... Pathfinder. As you saw, Tucker realized I wasn’t the one it made the promise with—even though I was wearing the Glimmer Fruit Garland... and I really do look like my ancestor."
1382487225,df0a6bb11ff7cda4506dafc6068b7cc5515605ad0f7764cbbe0da45cf19e9594,"Whatever, you wouldn’t get it... I’m just wrestling with my feelings!"
1382489952,813c406741ed60fb1fc7c3355d8bcf8df2043ce585ba21b6fd567d072795e6f3,Squeak?
1382493071,e5dd17edc4498da968a7b8ec6b94fb2b6728d0a586674be9f5aba517253b03b4,Defeat Alpha Aniimo in battle
1382527137,5afdbd2231e16953e2f9779ea24bd769f5d9f0299d1e817c3f1032c5dcdbba36,Plaid Curtains - Grass Green
1835823140,5afdbd2231e16953e2f9779ea24bd769f5d9f0299d1e817c3f1032c5dcdbba36,Plaid Curtains - Grass Green
1382600629,d960359437994fcf023ab771634b6ad5ba76ee6ee0b6c1a2b2e324d4c830dc21,Configurable Text (Placeholder)
1848153871,d960359437994fcf023ab771634b6ad5ba76ee6ee0b6c1a2b2e324d4c830dc21,Configurable Text (Placeholder)
1382615923,44993b03e8461b11dad0c29223ec5b00ddf93449e4992ad5a56ec6dcaf3cedae,Hart
1382625490,116a90ac4151b57509d313a2023a6284458bb5a9d0db4cf61142408d4c00db40,Another legend?
1382655757,73013aa5c236a20277ff77fcbdacc0ad13585add56c1b5a44e0e4aea9fe53f53,Show Soda Pop Badge
1382752634,f4d52970190e9f361bfc76ac9640e3f291e12655d99553cba1e2c950cca8c5d6,Blazen has entered the Overcharged state!
1382781692,dfb863a36a1717f8bc4d8417bc3fec617d8eeb549491cb3df39b270072d1b1e9,Or was I talking to myself too loudly just now...?
1382782885,e8f07c0f36855f257974f3d3eee3f5e3c5ae76ed34c9b5c886d77d6e69bcdacd,Unlock to Claim Now
1382786794,264ff0f0574342e86f6f43b79077556488dce152bfff1c8c903ea2a3730ad631,"Extremely rare lavender with dual mutations, enveloped in a rainbow-like glow while sparkling with dazzling spots of light."
1723819024,264ff0f0574342e86f6f43b79077556488dce152bfff1c8c903ea2a3730ad631,"Extremely rare lavender with dual mutations, enveloped in a rainbow-like glow while sparkling with dazzling spots of light."
306927863,534ee3f244f8a5cabd99470f9b5ea5a726b81515ee758ca4fffe5abb0b6c7d50,Reach the Expert Egg Raider rank in Operation: Egg Heist
1382789250,534ee3f244f8a5cabd99470f9b5ea5a726b81515ee758ca4fffe5abb0b6c7d50,Reach the Expert Egg Raider rank in Operation: Egg Heist
1382888552,174c3e018ed9d4667a8d4d149790062a3eb5ebe133c0db7bcb8ef11af678da11,"Next, we’re going to have some fun. The first step of the whole experience—build!"
1382912228,24ad6989e56689abf63699e6b781e07019e623831d10d4fb2628050eaa24db15,"Blue’s not bad, but I want something rare too!"
1382917776,212d4293eb06136eb6a72e82b65d61b624b0ccefb3e02956fd6baac5916b23b8,Chance to obtain an advanced chip that can be installed on an amplifier to improve exploration capabilities.
1382937959,d82cc9201e75c85063fe4ee0d1757803e6e01d6cc920bd4f6d42b9e4f9f01acd,"The Alpha Blazen is a burst-type Alpha with extreme mobility and endless skill combos, capable of frequently triggering the Surge Core Gizmo through skills to deal high damage to targets in an area."
1382941205,b488962527d6ec08f052ba591af583f7f4d48409efc376336b1416ba50b87b7f,Fentuft Alpha
1382953839,0610f25033f6fdf2d6ed01e459144b4e41921ec5b55e5b997a6b85a5cad4a655,Power Module Lv. 5
1382958663,74c3016571c81191a7edbb4b4b22d0ae659fce1ccd31c4596407d6243bfa3e1c,Beneath the mask lie eyes that pierce the night.
1382967473,8f09fe6560bb5a76162f4fd230654816f4a8f161350623ef49e4999b4f0c10ad,"Oops, sorry! It’s a <style=Hint_BgD>Cozite</style>! It’s so cute and it makes smoke!"
1382974346,f415d9e6d6fd34eed37d77620aaf5a731bcebcbaae08f03f62e3576fa2823c85,Novice Trainee
1382981843,bafada613d035a3baca0e29ef4aecbe047d6e874a4617b17c63e255f7d4ec750,"Not a <style=Hint_BgD>Grade I Trailblazer</style> yet? I need an experienced test subject. Are you interested in insects, by any chance...?"
1382992166,f3681cabb93745a798c552b7af36b0c84e7ed006a04f089831694aa26e3b2bc8,"Embrace battle and face the unknown!
Today, a brilliant new star
rises over Breezy Plains!"
1383012686,16eaeb0fc9d26ff47ce835dcf6ff61996dbcd00618eb5467eaffa952f3ddff2d,Become the brightest star in the night sky!
1383058892,30b4134ec6b608928f081f16182e30879e434ed31ce4a672a6982a9c0f9bbed1,This is serious. Let’s head back and report to the doctor first.
1383088821,8439aa92a24018bb3bcafb7bbae0a0d2a45e7ea4282a8a4d4cc52f60335a46de,Enter Holo-Battle Interlink
1383108343,3b086948b8cd851fd17623026bc4799b219c68feeda12531a4f461109f494058,The atmosphere is so electric that nobody even hears you.
1383128542,ece22f3fc4a60b1b5c7a6fad0ab9fccbcbe0b1049d6017d7c122b2bc379ced15,Research Doctor
1638898273,ece22f3fc4a60b1b5c7a6fad0ab9fccbcbe0b1049d6017d7c122b2bc379ced15,Research Doctor
1662930506,ece22f3fc4a60b1b5c7a6fad0ab9fccbcbe0b1049d6017d7c122b2bc379ced15,Research Doctor
1664793543,ece22f3fc4a60b1b5c7a6fad0ab9fccbcbe0b1049d6017d7c122b2bc379ced15,Research Doctor
1790041404,ece22f3fc4a60b1b5c7a6fad0ab9fccbcbe0b1049d6017d7c122b2bc379ced15,Research Doctor
1851529085,ece22f3fc4a60b1b5c7a6fad0ab9fccbcbe0b1049d6017d7c122b2bc379ced15,Research Doctor
1383131818,58463494a16e6680fff77f834017c72f819470f023794001881ce0ccb6aeffe1,Hardwood Corner Pillar - Maple - Small
1593441079,58463494a16e6680fff77f834017c72f819470f023794001881ce0ccb6aeffe1,Hardwood Corner Pillar - Maple - Small
1383132602,de57748a6057e25d527150d2fcbbc19dbc44e146136e7eef0ee46c203e34493f,View photos that record the changes of the city
1383180185,acab4577ba358f6b4e26014decc42d53ab63305ab57ce40ca4c8a5cee106b4ae,A pure gold crown inlaid with Prismana Diamonds. It may have been a symbol of the Ancient Idyllian priests who once lived here.
2026829741,acab4577ba358f6b4e26014decc42d53ab63305ab57ce40ca4c8a5cee106b4ae,A pure gold crown inlaid with Prismana Diamonds. It may have been a symbol of the Ancient Idyllian priests who once lived here.
1383204437,bc870e8088c4e3f687298ffd90b8ab4095d3175516d2c6928cf13d8916bc5a8b,But you’ll need to place them in the home first.
1383220174,141f29214b605773292b86f952ecd35d1a5c6166a75cb263b8e1f1820809e3e2,Ahh... that was a good sleep...
1383229949,8ba99bfca7c5f1fd638de49b6e54a25f27bfdbca5713fd97fe4fc574c72d3cee,Chilling Ice
1383293508,6de032af97b0e37eff69dccd7b3a6d4fede3e181789969da3ad31c9efd98116c,"Collecting Aniimo, enhancing yourself and your Aniimo , and becoming a powerful one—making everybody remember your name...
It’s also an aspiration that many pursue."
1383294754,4200088d2c46094d96c12355402750e2aee39eef7f4a1d220e5c8fdeac8f57d2,Premium Potato Soup
1383342782,3d17dffaea112d0c0aa24ae8b2120a0e6d34a1f7120bc9b4b2fe65e5d61e949a,Quest Tracking
1383350234,1db759d4d7a00fce1bb6d31bd2457d20a67ec35be2189021632bbc78b5eec70d,Feeling better now?
1383447310,328ad6139c204c627b76b40b79e0ae945b796eea439906212b15a592e04460d2,Wildwood Vineshelter
1556156775,328ad6139c204c627b76b40b79e0ae945b796eea439906212b15a592e04460d2,Wildwood Vineshelter
1644811238,328ad6139c204c627b76b40b79e0ae945b796eea439906212b15a592e04460d2,Wildwood Vineshelter
2079729621,328ad6139c204c627b76b40b79e0ae945b796eea439906212b15a592e04460d2,Wildwood Vineshelter
1383463046,6a6df4a0eec5caa19d1ad4bead18af4c386078fa398b9f4f0446407c9552c6cb,SELECTED
1383474907,3c4edb5df4eface65122bd8cd951296c85cafe318fa6e155de8f4370a9e5bc9d,Fangflame
1600913485,3c4edb5df4eface65122bd8cd951296c85cafe318fa6e155de8f4370a9e5bc9d,Fangflame
435548609,524140e26efeb43b602d00e4ee882b8382c685afee1d804f53550f925f0284f7,Lumenfly Valley
1383493226,524140e26efeb43b602d00e4ee882b8382c685afee1d804f53550f925f0284f7,Lumenfly Valley
1383510859,90e18774382f30f160c9fef822ce3b1a1c13849416f1f4e97048560f6b5e576e,Well... science and superstition have been at odds since the dawn of time...
1383524238,17766ae59d2f4414c9d2d152cd89bd5d6c3fecd1f9c83877ee025b5950861d78,That fire scent all over you... I hate it. It’s just like that fool’s smell.
1383528801,8c3b90114ee9be7f61dbe16075dd36a0d3c4ea56972fa779e14b80377710814f,"After each <style=Hint_BgL>{param0}</style> skill casts, gains a shield of <style=Hint_BgL>{param1}%</style> of max HP, lasting for <style=Hint_BgL>{param2}</style> second(s)."
1383541948,3718045389041ac56f17b86c1fa3679d90d895c7145e6befb79bb511b49bfaa1,Fresh branches naturally shed from coral clusters. Their vivid offshoots contain the natural pigments favored by Popapus. Reefish are captivated by the satisfying crunch when biting into them and often use the branches to file down their teeth.
1383547762,6cd3cea722e7baa840a6ab977be5af1004075c629d3adf2ba7dee6d56327a098,Take Back Aniimo
1892360915,6cd3cea722e7baa840a6ab977be5af1004075c629d3adf2ba7dee6d56327a098,Take Back Aniimo
1383558373,4a8415250540d5e2ddda57b078965b220622b55f14ebe3bd9b83cd368c718341,"...It's glowing! Just like what we saw in the underground temple.
Strange, what exactly is this thing? Is it some kind of Idyll artifact?"
1383558393,eb9128c5beed80143579cfecde4849e560aa9ad01417ecd4960c2d2c92a9830d,"I hear you discovered a <style=Hint_BgD>Held Item</style>. That explains why she was so thrilled.
Once you pass the theory assessment, I’ll explain how they work and how to use them."
1383560188,a1e551faf821e1757e283fbc3a4724109d0eb45dea987393b69f30ae5b5e4d4f,Keep exploring—more wonders to capture!
1383568915,e1c60312f86a3eae132ac7668ab17cb4dbd72ebfba06769f4722ad45b2eb2fdd,Leave this area?
1383580892,d7d71ecbeabb3582490dce28dc97c125017f40284c9b32a235bb904ae504e3b8,Dream Catcher
1383631363,67ca0f189569360dc69c8f0bf354b90e63afbcb83d5cc6bcbfb010b0def71d05,Press #kRaw/GamepadButtonNorth#z to <style=Hint_BgL>infuse energy</style> into the Branch.
1383655230,64080c5ef24f3bc504eb8167bd61515b973c15755b087c261205dad9ba4d5724,Shiny... Nyuk-nyuk-nyuk... So shiny...
1383656002,a1e9b7dfa6768ab2ff6f25f34223e5f1a1f26dfd5d4de3b93912ca03a806962c,"How about this: come find me at Nimbus Fields later, and I'll give you a super awesome gift!"
1383673525,a449901820116e1cec4e82f0bc596a46607e5d9fe5820de455babb7fdc412c1d,How to get furniture?
1383718970,68fbcec94be5b9cf3e63316d12e89d75c75a8b3abb901ca14978a7d62958461d,Smelt
1383762318,68c508a5053cdf2657cea7fa2d3e3a12e843b538527ad09e1f52e67ca201c92b,"Like a flash of lightning, it moves through the woods."
1383787005,5ee09fa9f5969af8434212c51e610283facf3a0796a279eea34cfcac50041e72,According to Baleetle tradition... only by overcoming a true challenge can we ascend and evolve.
1383789498,46619a5c92204eba3047900fcfefbfe85901563d3ff824da794ad533988b9b5c,Heritage Amulet
1391994633,46619a5c92204eba3047900fcfefbfe85901563d3ff824da794ad533988b9b5c,Heritage Amulet
1413774386,46619a5c92204eba3047900fcfefbfe85901563d3ff824da794ad533988b9b5c,Heritage Amulet
1436686917,46619a5c92204eba3047900fcfefbfe85901563d3ff824da794ad533988b9b5c,Heritage Amulet
1441203397,46619a5c92204eba3047900fcfefbfe85901563d3ff824da794ad533988b9b5c,Heritage Amulet
1928301283,46619a5c92204eba3047900fcfefbfe85901563d3ff824da794ad533988b9b5c,Heritage Amulet
1383817731,bece916765aa59f05d3a7db678097b7e483330ac6c00baa4a6dd2277fcb8b576,"In the <style=Hint_BgL>Appearance</style> interface, freely mix and match outfits for your character and Aniimo."
1966690226,bece916765aa59f05d3a7db678097b7e483330ac6c00baa4a6dd2277fcb8b576,"In the <style=Hint_BgL>Appearance</style> interface, freely mix and match outfits for your character and Aniimo."
1383855611,7fe47689b0e52dcd56f7c5dc7fb947298c969940548fe9dd05d1159d06723b0d,Cannot skip battle
1383878445,6e3ca4e634ed9f4b575813a695c095c12bff52e2d6d7e8832d7b29d80bae78d0,Trait definition description max 20 characters (placeholder)
1383880665,6a1d88e1e35c436f7be7936d53a143d77e0c83ab2810c0fc8fa3d3c7e4bae326,Mobile Canteen
1383884063,ac8e9866ef2534939e1849570fbdef8dc2927c10984b99f222251ecfacfa03ba,Lvl 12
1383894702,f4ed8fa656b74c5ddf5a54eca0f9aa9629d6c192225a85a5a0abb1a607285523,Final
1383895695,5a3bb254639beaa10e4e4e0bafcef13ab3468f4c3ffaa84a5f4c91b7ec422649,"Ah, crap, he rolled off again..."
1383955684,5bbc22669a7fe88633bb930448abbbf228a1488051b44da5d4ccd88d563d6b94,Wearing this set increases Aniimo Affinity.
1383968964,6881afb00f02ad23a9a66d95e2d8798ad92699607d4b9feba36d59b0bcdc7a68,Rainbow Weather
1383979867,c85a103adf9e14179fc732d8e13380a5f24af1e41960e944f200170f9abc1cb8,Shake once a day for endless fun!
1383986612,904fb2e610aaccc871911cb5f43f2248d2e5d4e2ac184e51e75f0ac84239b464,"You encounter a bespectacled Nimbi and discover that you can only truly communicate with it by twining with a Nimbi yourself. It turns out to be an upperclasswoman from the institute using twining as a disguise! She reminds you to pay attention to Aniimo forms and twining, then points you toward the nearby clouds."
1383989688,f581cb043ffa9c25f094bca0f3c6c7530b72c9a13731ed2cba288544633b5d1a,Shield Bash
1662939879,f581cb043ffa9c25f094bca0f3c6c7530b72c9a13731ed2cba288544633b5d1a,Shield Bash
1383990212,078ea4e62fb38d96a28873cc7f057786b04f2ff3061f55d46404700d95efb2ee,Increase Affinity
1384030528,b270bccfee63ecbebbfa9e3d8d505b0e6d3a1e48bb24f4a606b8e3f8274a6d76,One final hundred-draw...
1384041916,2be847d2c8aae464e289f5e03049b402c40d03859cfe63a4891cccc392f6b9f9,Refresh Time
1384049003,6f0c703dd59af8629ec75f13e58ae8b37f3be7c48687c63a910b57e9f0adfdbd,The Sword of Bravery... It’s been a long time.
1384056169,6046cb07c38d44afbf5a59b5f85442e5aec73bc61acc31230bc8b24a590f56b9,It turns sand into a hairpiece and then decorates it.
1384077842,b86de89ebb69c1852abfd762c0b60426782a7e5b90357855c70e14f4288f3b57,Impulsive
1384109248,13b3ebca8d4b756847e3bd1f62723202ff92c7eead9f5d09e2717a7a6785389e,Fluffy Wings
1941833721,13b3ebca8d4b756847e3bd1f62723202ff92c7eead9f5d09e2717a7a6785389e,Fluffy Wings
1384110560,4024c4c789456ab0c768f2ef90f058241212e5ca9812589bdfc120591cd7e9fe,Side Part
1384118280,926f410da4bd7c96c55d2cdfba4ab34593e3b6bc70ac35ce63f0e6fdf14079b2,I’m okay. A little hypnotic incense can’t hurt me.
1384151680,420e1c9fd74ce57190c179af49af49fdf45a9e7d9881bdedb7157e700edde302,That one over there!
1384184057,7b9c6c88d6965ccc51fe9553cfd0f780264f0a84d44a8619fda1a0267f4d24e3,Using Flameruff’s <style=Hint_BgD>Sprint</style> should make traveling much easier. Try it out.
1384199698,c1d5929eb31bdadafd7d507ac850b2bc32676e42625f9ee1ff12eaa204aa3078,Whalesong blossoms?
1384233807,abb519c6877242855ef2ae1bbb1c43d2f943d6900d7f7ba2be3ba2bb614eba9a,"Quick, get the camera! The Susuta is bouncing on a trampoline!"
1537900822,abb519c6877242855ef2ae1bbb1c43d2f943d6900d7f7ba2be3ba2bb614eba9a,"Quick, get the camera! The Susuta is bouncing on a trampoline!"
1384269330,538d2a3794bb7991c35898dfd1efff46e3d6da99acdd677c6552879a8e1d39c8,Impressive! How did you do it so fast!
1384296099,5cf18cb6b1d32062bc3d240d52317b74a74718be3be10998901518cfc15f027f,"If Fentuft gives you joyous tuftball, it means they want you to be happy! They want to share their happiness with you!"
2094477546,5cf18cb6b1d32062bc3d240d52317b74a74718be3be10998901518cfc15f027f,"If Fentuft gives you joyous tuftball, it means they want you to be happy! They want to share their happiness with you!"
1384309269,65d8ca74bf423fe60e4034f7f4050eb1df27af1f2ea8ae92a4c86e7dfbce4263,"If we want to talk to these Irises, we’ll probably need to <style=Hint_BgD>twine</style> with them..."
1384318272,85d8169e9f69fe2a1769953ad3ad979d8e2b7e5c92143c7f41f5fcf953e075cb,Pathfinding Intro
1384322503,5e2b8e96503d722e7ebf61b9bc3e9988e1ec7fd4eabcf25a52577f845125b31e,Sign up
1384329242,5a0d43c72a332cd43ce8967cfb60133093c509b08bc5670cf1b329171c3566ff,Let’s have a sparring match today! Time for our Aniimo to put on a dazzling showdown under the spotlight!
1384336735,9c7403d14b8b83582452fe624b8a4fdb7abc09d1710512a024b7cc77b00b59b7,Clover Tile - Cream Apricot
1625706003,9c7403d14b8b83582452fe624b8a4fdb7abc09d1710512a024b7cc77b00b59b7,Clover Tile - Cream Apricot
1384342681,c52f575884d08440c774db679d754d1dba27ba46c39f26b71598af8ae269ee3c,Monthly limit
1384348778,dee72c34e92d4e3f67a6d4077eeefa970a50e4feca208c07ff076ed9d145627b,Cut a night sky stitched with starlight into a robe.
1605474076,dee72c34e92d4e3f67a6d4077eeefa970a50e4feca208c07ff076ed9d145627b,Cut a night sky stitched with starlight into a robe.
2131576818,dee72c34e92d4e3f67a6d4077eeefa970a50e4feca208c07ff076ed9d145627b,Cut a night sky stitched with starlight into a robe.
1384359380,9b43e5b5b9d524b0d5ff02b45a7325332386261555ace4b462bcdda0b1977a2b,Item not found
1384361300,c8551891f6bff4e82489d638348fc7ec068c68cbc6f1d4a018120aaa29717d95,Group chat disbanded successfully.
1384435855,5ea1b03688f8aa79c8c06758e90c24ca31b9972ff2a3f1bfb697a78d225ec510,Huge Colorful Shining Cranberry
1429904737,5ea1b03688f8aa79c8c06758e90c24ca31b9972ff2a3f1bfb697a78d225ec510,Huge Colorful Shining Cranberry
1971842195,5ea1b03688f8aa79c8c06758e90c24ca31b9972ff2a3f1bfb697a78d225ec510,Huge Colorful Shining Cranberry
1384436147,65cdde1ae135d63260f8a424a95f742136f0b8743a2cbffa6c592aebd7618930,Umbral Tromber
1759639010,65cdde1ae135d63260f8a424a95f742136f0b8743a2cbffa6c592aebd7618930,Umbral Tromber
1868099016,65cdde1ae135d63260f8a424a95f742136f0b8743a2cbffa6c592aebd7618930,Umbral Tromber
1384499712,bb50b6d3dde562d3a724598ee6f17786f9039b1a66f267e2d336322942198227,Confirm Cleanup
1384539592,141a4b261c73be4e261e7be001d8da644e61d63d1bf9f2b45ea65a03e02c95d8,Negative Balance Notice
1384588437,c6e027e80c91c49aebf715761cff1eafd1a6c3feee68e0d79916297d27a30252,Bloomville Invitation Gift
1941701196,c6e027e80c91c49aebf715761cff1eafd1a6c3feee68e0d79916297d27a30252,Bloomville Invitation Gift
2112902419,c6e027e80c91c49aebf715761cff1eafd1a6c3feee68e0d79916297d27a30252,Bloomville Invitation Gift
1384603898,0324d30a6c6f59d3c2c2474540d1271458aee8807b67f83dbf4543f78376635b,Yes. Time is equally fair to humans and Aniimo alike.
1384633209,41846985a93d16cb3dea5b2a53015abfbd26824b2bbb1ea89357ca2ca3afe910,"It’s simple—the Irisalis brings blooming flowers and Prismana, while the Somniwing brings beautiful dreams."
1384660795,32eb3ea19ae05261b61e99de7a0a58e1d3c34fb1c32c3c60209c2db34374c5cd,Geoclaw Relic
1832620417,32eb3ea19ae05261b61e99de7a0a58e1d3c34fb1c32c3c60209c2db34374c5cd,Geoclaw Relic
1953230791,32eb3ea19ae05261b61e99de7a0a58e1d3c34fb1c32c3c60209c2db34374c5cd,Geoclaw Relic
1981173176,32eb3ea19ae05261b61e99de7a0a58e1d3c34fb1c32c3c60209c2db34374c5cd,Geoclaw Relic
1384821895,573cda90c982997b7a873c33ee1ec9bda66e939b73534e1324dafdf083d29cd3,Current Best:
1384822809,c61e3885d0759431395e38087fe3f50c3503d575bbd9dfa4da0268def15e8e1a,Continuously summons a hurricane that pulls targets in as it contracts inward. Damage scales with the user’s P.DEF and M.DEF.
1384826061,c372fee9b4566b85a592ae6e98e571f3929c8e262cf2feff7acba63a65a50f14,Speed
1675942500,c372fee9b4566b85a592ae6e98e571f3929c8e262cf2feff7acba63a65a50f14,Speed
1384830362,497e52f57891fa343383386ad0cafb2f871f773a882da8e98655e637b4771b23,Nimbis are basically the cutest Aniimo in the world. They’re fluffy and so gentle too.
1384832344,a092c07181ec1f2614904eee3d6305d2989eee9cc831d634206f58d973792562,Not enough items. Go to Shop.
1384840450,973057dd6511859269eed87a0d72b8c27dd94ec8e0dab7d027b52ede337482c4,"...So, the dance just now and these flowers were the work of Lady Irelia?"
1384920539,281dd5e7b66c6ceb19939df3eaca361ea23ca5447097e46ccec526e9f04cf40d,"You see, my granddaughter took over for me at work, and it’s still a bit green, so..."
1385001546,eb40c59a5ba89afa04d6a4a6db016ade44ce021fad765accc182b86aa256e172,I choose this!
1385003760,78429b7ac2e1f5dca6d89761ab0f78993c3aa2ab1d5e745be27bf192e7567f96,<color=#5090df>%s</color> is mad at you for not coming and has stopped working!
1385009907,67a1f53c030a8ca5c29803dbe66dc898d27b9f44e691b473be151bc443c41e39,Chat Bubble
1477258019,67a1f53c030a8ca5c29803dbe66dc898d27b9f44e691b473be151bc443c41e39,Chat Bubble
1505251119,67a1f53c030a8ca5c29803dbe66dc898d27b9f44e691b473be151bc443c41e39,Chat Bubble
1524397008,67a1f53c030a8ca5c29803dbe66dc898d27b9f44e691b473be151bc443c41e39,Chat Bubble
1540810126,67a1f53c030a8ca5c29803dbe66dc898d27b9f44e691b473be151bc443c41e39,Chat Bubble
1932647702,67a1f53c030a8ca5c29803dbe66dc898d27b9f44e691b473be151bc443c41e39,Chat Bubble
1948867469,67a1f53c030a8ca5c29803dbe66dc898d27b9f44e691b473be151bc443c41e39,Chat Bubble
2022882797,67a1f53c030a8ca5c29803dbe66dc898d27b9f44e691b473be151bc443c41e39,Chat Bubble
1385034775,fe1dce8e1a6fb3310b5a8abf812ffa4a69fb346136d02d3f49ef7d4b04ecc245,Robust Physique I
1385043861,6f02802520796948dc6c16605f436e1d3faed5b305e9fae5ae66077a76f21fc3,Everything on display here is what hatched from the <style=Hint_BgD>Prismana Aniimo eggs</style> brought back from Idyll during the last expedition.
1385045817,7726b8369984e6bc84303e0dd60e21c99c83bcc51621c628df2b6dff767720a4,This censer must be the source of the scent.
1385107436,3b2c9119ce1d39e8248ff58effd25c2f5bfc476a360618d7c3e472af237765e7,Carousel Mill (Level 1)
2111418864,3b2c9119ce1d39e8248ff58effd25c2f5bfc476a360618d7c3e472af237765e7,Carousel Mill (Level 1)
1385107467,e05c5f432955ada4c4363609412b20d523726c5aca7b1bc28238e6d5588ca8b9,Candlelight Floor Light
1996756950,e05c5f432955ada4c4363609412b20d523726c5aca7b1bc28238e6d5588ca8b9,Candlelight Floor Light
1385120136,ddba0ed87c00e9834f7656b13769cf4a3b579f585ae08cd3b967df11eced456d,"...Yeah, I’m not staying up for that. (⊙﹏⊙)"
1385152037,99e097e15f47e17c357d492429f35f1f792c0f79567e612e8666b4e8f92915f3,[Dialogue Placeholder] Academy Training 1 Approach Bubble
1385155843,7e4b9919372d0459ba2aeeaa2206bcd80b6487a375e6a785d9b476ffa36cfe33,"On the day of the Bloom Festival, Irelia never showed up...
Instead, a Somniwing named Velouria appeared.
What’s going on...?"
1385187586,fb3b0ffd6af6eb29933fac91e3bb1c3744569173379d8ef46e0147f3f5df5cc7,<color=#5090df>%s</color> worked hard to till the soil and tend your crops!
1385191698,4ab02626c2c724b96d3cc9029add8de15d835941075ebdc8652779824c9f81d7,Type A
1594496740,4ab02626c2c724b96d3cc9029add8de15d835941075ebdc8652779824c9f81d7,Type A
1385195842,875c6a14242519f724e90872cd7842443c0e127990642e1e6b2d4cea9994a8bb,Premium Companion Handbook Level 8
1481779049,875c6a14242519f724e90872cd7842443c0e127990642e1e6b2d4cea9994a8bb,Premium Companion Handbook Level 8
1385203919,4c4e8c250140e091c2a8d3e377883295cbea63bfe244d01158f3e27d8244552b,Your photos always tell such amazing stories!
1385324603,cbfa6f43655a520221d34b3f0b01fdaf556f00e7709f5e3615949e11dcde755e,Already set as inheritance Aniimo—cannot be selected.
1385362226,a882c8239ba121ba6eb8c5aec72f5920f7f2496024490514b37a41892efc5812,"Haha! My first returning customer! At this rate, Stinky Sea Breeze will soon redefine the entire perfume industry!"
1385379794,20243e9b42a4534e58201867379359d50b8df02a71321b6289625b445dbfcc5d,"Also, the report about the Bloom Festival...
Well, let's not discuss that here. We'll talk about it properly when we get back to Astra."
1385402997,d0a20d1e6bd1cbc8629975fb20e11f3555d010470d16ed7fbe4167a6fd2b7d18,I like weird-tasting fruits... I like it when the current makes my fur stand on end... I like rolling around in piles of leaves... I guess... that’s why no one wants to play with me.
1385413642,304704ce484d28e3ea4add1a661b42a79cfec4072c8aa983beefe36efe51b0cc,Premium Berry Chocolate Coconut Pudding
1385466194,2fac096edfb6cae1c80a6bd734fd9ba03bbf154bc40fc10de2e3cede27675a65,"Catch different Aniimo in Beast Fang Ridge to increase your <style=Hint_BgL>Area Catch Completion</style>. Once it reaches <style=Hint_BgL>40%</style>, you will obtain the Collection Badge for this area.

<style=Hint_BgL><color=#5090df><link=""source_796""><u>Switch between day and night</u></link></color>, or wait for the weather to change, to discover more Aniimo.</style>"
1385510222,59c191b6da05d3b6fa843c9eb47a261ee180a9a01c3283b4e1893df20915cca1,"Very impressive. Congratulations, #playerName#.
From today onward, you are officially a <style=Hint_BgD>Grade II Student</style>."
1385570748,b8cf59025cb41a154eec7dec63d120adfc6f4eb774f816eff12b81c814e7b1a9,Carried Item Double Drop Event Description
1385603349,94c3ccfc6ee5188f5866edfc9cc2076c13da5a49657bdab244ac991cf6bc710c,Number of Scene Objects Displayed
1385642075,e642997bfebb091910d8cea70b958e17907b02d0d961ac37cfd08c6df830e176,"Anyway, you did good. Those Dewies must really look up to you now!"
1385657128,191b421ddcf1f28887e4247fa9216420abdf63c05b7f344bee062ad29c2de271,"My rear is itchy, feels like a tail’s growing in..."
1385659629,b7156268c65eeadc6fd0f45f757515603b8eb78c4ef4af4abf6160abd5650179,Huge Colorful Shining Captain Spud
1486974637,b7156268c65eeadc6fd0f45f757515603b8eb78c4ef4af4abf6160abd5650179,Huge Colorful Shining Captain Spud
1610392244,b7156268c65eeadc6fd0f45f757515603b8eb78c4ef4af4abf6160abd5650179,Huge Colorful Shining Captain Spud
1385686337,7d8a1c81fa09b3deb504201daf55495a9579df52fa52c9d5305630028724c79a,"(The stone tablet is inscribed with an ancient script you don't recognize, and the writing is blurred and difficult to discern)"
1385722400,fb705611e0af7e77801b00b25de91fd1d4d2fa736ba15c31cd51ac3ae0af3f88,Water Cannon
1537030364,fb705611e0af7e77801b00b25de91fd1d4d2fa736ba15c31cd51ac3ae0af3f88,Water Cannon
1385725139,94a3d38a75f9d68ead9733a3bf1195025b250b5f7d686207517d98f63c2e269d,Torn Piece of Paper
1550325192,94a3d38a75f9d68ead9733a3bf1195025b250b5f7d686207517d98f63c2e269d,Torn Piece of Paper
1679489818,94a3d38a75f9d68ead9733a3bf1195025b250b5f7d686207517d98f63c2e269d,Torn Piece of Paper
1385728377,6b87888397300328d6c204c8eef1354f96c4ca286f2daf1a75a15b64dbd1a058,Aniimo Combat Mode
1385738406,86e6fe46e31098daf6e32130bab188790b80e05054e85ffe9928562fe3da6927,"So, are you willing to lead us on the patrol? We promise we’ll be good!"
2086156411,86e6fe46e31098daf6e32130bab188790b80e05054e85ffe9928562fe3da6927,"So, are you willing to lead us on the patrol? We promise we’ll be good!"
1385796013,3a50d7cdfbdeadca96972c49a6bd468fff1fc3a602ca1fc3404fd892f73b5f62,Potted Alocasia
1470204847,3a50d7cdfbdeadca96972c49a6bd468fff1fc3a602ca1fc3404fd892f73b5f62,Potted Alocasia
1385799311,e1cf7847d231b33f461ef36d77e9b37e0b468870f786099fe74de1f87243f6f0,RV Outpost · Placeholder
1385825573,fb644ee458df3ebd5782013f8f780cde61d26a16c282abf1ab750ebf3db5ed72,Astra Gacha Store Owner’s Aniimo 1
1385830635,f2353753acdfdefbf900d5ba3f1c49b28d14dfafc5c28c5635b355718c509987,Go Forge
1385836245,9e88731ce6b30191760e3a8d1917dd5b56c3824772ba59ee4cbfe8242768fb9c,"Hard and beautiful, often used as decoration."
2097343532,9e88731ce6b30191760e3a8d1917dd5b56c3824772ba59ee4cbfe8242768fb9c,"Hard and beautiful, often used as decoration."
1385857976,f9fd1c1ca8018213d3022bdb1c1f181bad308c8e9edf4b02c24e3cc68aa1c987,Your device does not meet the minimum system requirements. We recommend manually lowering your graphics settings or switching to another device to play.
1385875310,20539972f87dea8923f7ebe2921be766aac17394367db5afc1188c9a4923172e,"Don’t leave the woods! There are Helgons ahead, and they’ll snatch you up!"
1385905622,8d117dfd89f9bdc6f4d52088531efda4518ac3a6e97b8e616f3d23b353bc2f09,"My tongue can sense even the tiniest change in temperature! Pretty amazing, right!!"
1385970233,105d355c53bfd36347545af18a315e861872dbc990378b97e3b4b39774641e2a,Nimbis Vanity Mirror
2006595360,105d355c53bfd36347545af18a315e861872dbc990378b97e3b4b39774641e2a,Nimbis Vanity Mirror
1385970830,66b9c8fe2817614bedfa69b715e0bcb0b3b088423c1ccfe6985a79c7e1a7e2c6,Traveler Whose Cargo Fell into a Pit
1690916747,66b9c8fe2817614bedfa69b715e0bcb0b3b088423c1ccfe6985a79c7e1a7e2c6,Traveler Whose Cargo Fell into a Pit
1386006546,760c6a45feceb7f98b15b09ad8ce530ccfb2927862d8b3e20b54342e731af13f,Ha-ha-ha-zzi-hey!
1703944809,760c6a45feceb7f98b15b09ad8ce530ccfb2927862d8b3e20b54342e731af13f,Ha-ha-ha-zzi-hey!
1776606536,760c6a45feceb7f98b15b09ad8ce530ccfb2927862d8b3e20b54342e731af13f,Ha-ha-ha-zzi-hey!
2124631216,760c6a45feceb7f98b15b09ad8ce530ccfb2927862d8b3e20b54342e731af13f,Ha-ha-ha-zzi-hey!
1386011555,5e79d04780bcd514f64f2ac1cfd1271c549a383f0f0ba8b9a34b2f36e32ad4da,Coconut Tree E
1386039372,1b1e806ec0a63a86fa0b5039497e26288540028e404c45af0e7c568f6e373166,Unlocks Interaction Gesture - Please
1746487806,1b1e806ec0a63a86fa0b5039497e26288540028e404c45af0e7c568f6e373166,Unlocks Interaction Gesture - Please
1386067420,aa7d705ca66908e492d450d94be94892c9f0644fef408191a3269a4ea39b58a9,"When you reach the Branch, Dr. Lewis tells you to touch its trunk and earn its recognition. This is an essential step after arriving in Idyll and marks the beginning of your connection to the land’s Vein energy."
1386067742,8ab04ba0981a39cb75797f64c04a8b95389b9608ab8c9304f8c330dd030175eb,The aroma of barbecue has attracted large numbers of Aniimo. We need to stock up on all kinds of ingredients to satisfy their varied tastes!
1386095353,c671011c081ac92633a3932971518b12a0ce8c59c150d7f1615a08c285127cff,"Of course, only the most powerful Glynsera get to be called the Recas!"
1386127925,6c5f93d7180afe7f91da74bbb291e06eb2dc6db6f060bcd98095a98f8b3d71ae,...Nothing. Let’s go check the other egg pits!
1386130324,d3f2df9dda5983d6c1753b89970c7a30a5cba944519f1e48b72cf6a970e25783,"Grow freely, bloom without restraint."
1386139288,7902e9dd72b9d5f3241ddd8d4460722631e8c65c8bda9df89c1f6f17093b5509,"Two little ears perk up beside the bed, listening to your secrets beneath a soft glow."
2130703980,7902e9dd72b9d5f3241ddd8d4460722631e8c65c8bda9df89c1f6f17093b5509,"Two little ears perk up beside the bed, listening to your secrets beneath a soft glow."
1386142527,74da7576de896fdbf2b9d234e38079cbee7e9a6d428c2e7f7b7e793db44b7628,Leafy’s Owner
1409518978,74da7576de896fdbf2b9d234e38079cbee7e9a6d428c2e7f7b7e793db44b7628,Leafy’s Owner
1412936881,74da7576de896fdbf2b9d234e38079cbee7e9a6d428c2e7f7b7e793db44b7628,Leafy’s Owner
1436611052,74da7576de896fdbf2b9d234e38079cbee7e9a6d428c2e7f7b7e793db44b7628,Leafy’s Owner
1525655805,74da7576de896fdbf2b9d234e38079cbee7e9a6d428c2e7f7b7e793db44b7628,Leafy’s Owner
1777630875,74da7576de896fdbf2b9d234e38079cbee7e9a6d428c2e7f7b7e793db44b7628,Leafy’s Owner
1386158533,16dba547c5d09d4d4a9d3017b2e358b6cd1344175be37b5c8298df974e160c4d,Well done! The Shop has unlocked more supplies
1386162768,f9a6316d29a9d850a84784066760b78a312c01751df7c36f868791a19f9bfe69,"Hmm... That’s it! My heart isn’t devoted enough yet! That’s why my future boss hasn’t appeared! I’m staying here day and night until he comes, yap!"
1386179675,6017ad30b69ada743326993f5c6f9ac5b877d3f4416fbaf0f3188af011a936cd,"Canceling feeding will only return unused food, and some food will be lost. Continue?"
1386200476,51527d997db5f087a408f69e85a15d999b2c59051f2b549e7ceef712e58e4a22,Aaaah!!!
1386207553,7c14c9a90b8f00c51717c119db92535c03bf06113a70dd09f7c3a6edcdc96d66,Wood Block
1386221455,18f7316795da99f25393f1bb287e85061ebf16043e234890fe4bc8f2e1e09d55,"Little Grumpbears smash everything when they are angry, including those pink flowers and trees, they’re terrible!"
1386224023,e4633585e7bba11593fa11cf8b1f7a6aabd53454b743719a4e8c939102bd33b4,Pants
1386224742,7ee9d76a5862cae0aaaec50607ae454e51d9b7460f9de9a8d3996c77acc4ab07,"On another stormy night, <style=Hint_BgD>the sister evolves with a mournful heart</style>. Like her brother, she continues to challenge others, requiring that whoever loses must snap their own thorn."
274648712,54643a94105c76d985f8f7fa063ac924db2493233b2387a5aa37b4bf8a80e7c9,Successfully extract 3 times in Operation: Egg Heist.
1386228041,54643a94105c76d985f8f7fa063ac924db2493233b2387a5aa37b4bf8a80e7c9,Successfully extract 3 times in Operation: Egg Heist.
1386238176,7c60a3e7e084ab52f78fac0e6fc03faa16c2f6039da81f9f02e088d0192d3427,Thank you. You're a great Opponent...
1386238464,b529492325dd3fa2b77ed9b91ca76a50393fb542165b15308bd2fbce98bb0f1b,Cornet (Vocalist) & Cornet (Harmony)
1386247901,82f55a47fb125c10c95352facd2b7713298cc1606c75cc8874238ffcf1903b19,"Come on, smell this!
Smell my new fragrance!"
1386248235,ee987cdda571d14426b8413c534eb3d05feb94beb65be6b7f7e4f4904c353e79,"Thank you, Pathfinder, for helping me recall that I once had such a timid yet brave friend."
1386254678,58cf7ee991f4cc265477bdd5126fb1df87b0771c017b89727916c32544f90693,This Idol can’t be pieced together with human eyes! <style=Hint_BgL>Twine with a Jawling Family Aniimo</style> and use <style=Hint_BgL>Bilateral Vision</style>!
1386265760,d62b0c95481a912bb741ee62c5bad932958c9f1863c8d55a350f616daf11dfcc,"A plant containing an even more abundant essence of Earth.
Can be exchanged with <link=""item_4040030""><style=Q_5><u>Pure Element Gem</u></style></link> x<style=Hint_BgL>10</style>.
Placing it at the RV Park grants residents a park buff of +<style=Hint_BgL>5</style>% Earth Attack and +<style=Hint_BgL>5</style>% Earth Resistance."
1386265899,8f1df9f84b9b0d231bb116c335ae61117bdee00f90cef72fdb1ad1921a03e37e,"The Wendell you first met was indeed an impostor.
The real Wendell is rather soft-spoken, but his abilities are nothing to scoff at."
1386276094,e227fdfa5daf8a279db1e378933f2c784c8ddd21993dd5220c0106a0247a5f09,Noon
1386308033,3d3463a27efe99634306ee8e1b6d19595409abeed6469dfe74392ad9b38e69d0,"Blind Box time! It’s all Holo-gizmos inside. No tricks, promise!"
1386308507,a3e30e9263eb3b1d6c08df0804a76e31b90995555b5b74873ab25dbe8480545c,"Spend %s to purchase %s?
If there is not enough stock for the selected unit-price item, only the remaining stock will be purchased and the corresponding Currency will be deducted."
1386309672,dad27850699141a00f3a60195128f8e5746362beed5d7aaf72deed35dfdf99f1,"But often, one only truly understands this truth after losing what they were meant to protect."
1386321485,6078dbe08ff9c2a1625b06627389bb0f652005f163e1c9475314917f9d10de83,Huh? What happened here?
1386326565,9ee8a94f0d1f9c85f825ce20ec72a56ea18452661eacb8a636b7fdc10f0547f1,Open to randomly obtain one of the following Perfect <style=Q_5>Healing Aniimo eggs</style>: <style=Q_5>Perfect Glacy Egg</style> or <style=Q_5>Perfect Gracewing Egg</style>.
1386330232,5ac3a1e7de3fe71f9a25e658adbd23003b9455eb2c743fa36ac6960538314b5f,Group Members
1386330592,49fa89cdb8166344bf81425300575faaa172767c0cb45344df0fb9a9567d8aa9,press [<style=Hint_BgL>Build</style>] to enter the Homeland Construction interface.
1386361178,9a3c23675047800f334b79dc2416fe86e983eaacca6b32c9b05b045551def333,"We meet again, Pathfinder. I thought you might show up."
1386391338,a00ff5c5d29e7ba588253399599b8bf5baedcfab814ae7536c5955eb938bdfc3,Aniimology Department
1667158440,a00ff5c5d29e7ba588253399599b8bf5baedcfab814ae7536c5955eb938bdfc3,Aniimology Department
2020357385,a00ff5c5d29e7ba588253399599b8bf5baedcfab814ae7536c5955eb938bdfc3,Aniimology Department
1386393695,9df60430a32bfb2a6759cb303f763242b4476b0d2038aa8497f3f61a6af08c1d,"Simply put, I want to fight everyone I see. A little outlet helps me decompress just enough to sleep..."
1386430750,b802e90cbf8a1cd010830f848a493a2a90cb60fecda9ff2e4bc44ab8ffa43442,Pick up {0}
2088377904,b802e90cbf8a1cd010830f848a493a2a90cb60fecda9ff2e4bc44ab8ffa43442,Pick up {0}
1386437238,2953a9ce1ad21e1e83bc3e49061e0c44ca72e857c6c75e749714e4a19d7fd147,You have already joined or own a Private Park. Leave it before creating a new one.
1386540505,be515a3c7041762cfd92f366a89ba1f44b8832866bd731bd4f08932ba1427bbb,Everything can be grilled! I’ve got to try out more ingredients to make even tastier dishes!
1386552858,6d2f9506c646b0a4e62384a5dfbc27b553b277205e197ea27cadc3f69c352c0f,Zzz...Zzz...
1386574646,753e0d7fe463295ce7e634dccd4a243b97ef4dd9c9737a588af025da9c6d327e,The stage is always open to you—come back and be my opponent and audience again next time!
1386614722,c26c4c53932bf73803251e7f0e60d3d3f8c1995783f4e6451d025fc6099f5ff6,Bounty Hunter
1672525167,c26c4c53932bf73803251e7f0e60d3d3f8c1995783f4e6451d025fc6099f5ff6,Bounty Hunter
1386660214,25a74ee83ce3a64251f8e68d929bf77d139126400f7647ef7860f3862bb2bafa,"Data shows: These blue crystals called echonites form from Echoback bones.
If activated in the correct order, they will resonate the sound of the last song the Echoback ever sang while it was still alive."
1386704734,5ecda08b3c466259f6b09a02a8f22660046eb8dbdb694ffb49c65357db3dd096,But running out of Aniipods can be a real challenge during an exploration.
1386766305,9bb500626e83786509f67f20177655a08f3be920f13a82d8bbd4f8c6c2f38468,Red Brick Arched Wooden Door
1964974886,9bb500626e83786509f67f20177655a08f3be920f13a82d8bbd4f8c6c2f38468,Red Brick Arched Wooden Door
1386768380,b0fd58045653c0f37215a46a36cbe300637c3509b2fe6af174ce20023c16ad4f,【Super Dazzling】
1386823077,34347a20fb9e886e10d060002e613def8a274008ce66b4c5cfb83799d31a32e2,Limited-Time Challenge - Passive
1386829519,b0d8cb9723585cdaec39c254b21c5f4b0320100fb09da10e6c8cecb277bcf4f0,A moving story.
1386836075,efbc57b649769ab59127797aa3a2d40e1f9eed0898b01a2dc22517022f9321d3,Huge Colorful Shining Crystalline Grapes
1653355847,efbc57b649769ab59127797aa3a2d40e1f9eed0898b01a2dc22517022f9321d3,Huge Colorful Shining Crystalline Grapes
1386842264,02d949ee2a480e0466c2784c50998fa16b1f130d8f40d55414f9392049a3bbb3,"Explore the ruins of the Lost Isles to find the entrance to the Lost Sanctum. Venture deep into the labyrinth in search of rare Eggs, then escape with them and evacuate by boat. <style=Hint_BgD>Eggs submitted during the run are shared with the entire team, and a successful extraction will earn you the Eggs</style>!
·   Warning: If you Faint, you will lose everything in your backpack along with what you’ve equipped!
·   Deployed Aniimo’s attributes are slightly tuned!
·   The quantity and quality of Eggs and supplies obtained are increased!"
1386860342,4f518da9c6f7835361e65b791f340037c6855b7b3ac06fb8c99c43da18b3d2a2,Quit Match
1544898643,4f518da9c6f7835361e65b791f340037c6855b7b3ac06fb8c99c43da18b3d2a2,Quit Match
1867793265,4f518da9c6f7835361e65b791f340037c6855b7b3ac06fb8c99c43da18b3d2a2,Quit Match
2140965225,4f518da9c6f7835361e65b791f340037c6855b7b3ac06fb8c99c43da18b3d2a2,Quit Match
1386872556,bb0c1fbd969266c04215f0ea12541f3e53435d82324744ffc5178bd348d4c646,An extremely rare white precious metal mineral.
1524749101,bb0c1fbd969266c04215f0ea12541f3e53435d82324744ffc5178bd348d4c646,An extremely rare white precious metal mineral.
1386873567,6c6fbb0709e0fe9550940261e475c62281fb7da75b7bc9389f263e663568c520,Wuff-woo! Woof-woo!
1386894756,cf6e3236d55bd5e24775d95197f982a1ece026fd3cf748b38e1dbf68436451d7,I’m warm again. Guess waiting out there in the snow was worth it after all.
1386929907,43f5c2a92e98220b3932471219f5dd26082ff329d99ddaf08fa3a98be53d78ad,Participate in Rift Exploration
1403501955,43f5c2a92e98220b3932471219f5dd26082ff329d99ddaf08fa3a98be53d78ad,Participate in Rift Exploration
1386936994,d6961eecafc996d6c7f914e00f9b83d29139de3d77a660cdaf32cbf2d1dd75af,"Training Coin cost is reduced by <style=Hint_BgD><customRichText(getConfigData,rogue_talent_data,40,param0)>%</style> when resetting Holo-gizmos."
1386939234,bb10e72c653c604eda0fa51ef7e575aa444eafe29e444721f6900d09c5309fd9,Place it in your Home to boil down and process items.
1543036365,bb10e72c653c604eda0fa51ef7e575aa444eafe29e444721f6900d09c5309fd9,Place it in your Home to boil down and process items.
1691961414,bb10e72c653c604eda0fa51ef7e575aa444eafe29e444721f6900d09c5309fd9,Place it in your Home to boil down and process items.
1863062793,bb10e72c653c604eda0fa51ef7e575aa444eafe29e444721f6900d09c5309fd9,Place it in your Home to boil down and process items.
1959833620,bb10e72c653c604eda0fa51ef7e575aa444eafe29e444721f6900d09c5309fd9,Place it in your Home to boil down and process items.
1994019161,bb10e72c653c604eda0fa51ef7e575aa444eafe29e444721f6900d09c5309fd9,Place it in your Home to boil down and process items.
277894251,5760e209f1fa9f5656b8d0424445e00b00644722cbe9bd6b74dfcecc47e78517,Aniimo Discovery
300457887,5760e209f1fa9f5656b8d0424445e00b00644722cbe9bd6b74dfcecc47e78517,Aniimo Discovery
1386994792,5760e209f1fa9f5656b8d0424445e00b00644722cbe9bd6b74dfcecc47e78517,Aniimo Discovery
2094230092,5760e209f1fa9f5656b8d0424445e00b00644722cbe9bd6b74dfcecc47e78517,Aniimo Discovery
1386996011,a767f004b18828ec3dad91ebddde1f1823c1d9cd0ee7255fdfbd598511814987,You made the beauty of battle even sweeter to savor.
1387001468,f4f4436c51415ed5196b6105f7cb24b1a8c423bcbf2b57992bbdf659965f6b42,Contents: Five phone call records from Blitzwood.
1387010486,31e1c76d90d4c27680448d113eb937d4c521452772210e339ef3bfbda1e22608,"Lose 80% of current HP, gain 3 random ""Ironclad"" Gizmos"
1387035711,56b38084fe5d307eba10ed04d6a771fa49241b915a2ed27409bb7556d882cee7,1 Spectator
1387037115,3f3cb9eea3fcb1262f0d59e61849346bf79f62bc1955bc85904b2a130bd2b054,A Veilfloat mistaken for a lighthouse? That makes sense considering all members of the Bulbly family are afraid of the dark.
1387044112,a02eb8e2ccb8f105388d590ee1e56be1fbe2c9d792723e59617ea5608d2a4c98,"Damage dealt +<customRichText(calcData,buff,6003012,param0,2,%d)>% under Heavy Load."
1387052114,94b06d78d156e5dcb43d78f108954bb932bffa478e67fffdb81529e7782669cc,Now tracking <style=Hint_BgD>Umbral Aniimo</style>!
1387069071,acf2fddfd0ec3bf3ddccb568b0cf1b653d101ae6c553608a6c02c70a7476dc24,Select an Aniimo with a Prismana form.
1387079703,d4fe0085b0f73170dea95a6442ac9d136b8d92652cd04de204adaef291e64b86,"The focus of GoGoHomes is always about life.
A warm, cozy, happy life together with Aniimo~!"
1387084511,2fce3ae12abcee4cb97202cc92b5dbf63293ffbbb3ac6733dd0b689f57074212,Adorn your head with an adorable flower!
1555065732,2fce3ae12abcee4cb97202cc92b5dbf63293ffbbb3ac6733dd0b689f57074212,Adorn your head with an adorable flower!
1721598578,2fce3ae12abcee4cb97202cc92b5dbf63293ffbbb3ac6733dd0b689f57074212,Adorn your head with an adorable flower!
1387121750,ccfd144aefc790475dea29ce8465b6a52d80457808fbf338777164597ed70ad1,Twine Level
1436569912,ccfd144aefc790475dea29ce8465b6a52d80457808fbf338777164597ed70ad1,Twine Level
1387183899,2a00fd58c8e1edafe5c4f39b9326399e2a27f543334a5ef4da81d78b369fe82c,"Each hit of a skill increases damage by <style=Hint_BgL><customRichText(calcData,buff,402001501,param0,1,%d)>%</style> for <style=Hint_BgL><customRichText(calcData,buff,4020015,param1,1)></style>s."
1729210576,2a00fd58c8e1edafe5c4f39b9326399e2a27f543334a5ef4da81d78b369fe82c,"Each hit of a skill increases damage by <style=Hint_BgL><customRichText(calcData,buff,402001501,param0,1,%d)>%</style> for <style=Hint_BgL><customRichText(calcData,buff,4020015,param1,1)></style>s."
1387207012,179998f38bb0f1af879c697fe74ecf796185a582383e6f8c2869ef0f5d26a30b,"Significantly increases defense against <style=Hint_BgL>targets on Hard difficulty or lower</style>.
With a chip installed, <style=Hint_BgL>slightly increases stamina recovery speed</style>."
1655701495,179998f38bb0f1af879c697fe74ecf796185a582383e6f8c2869ef0f5d26a30b,"Significantly increases defense against <style=Hint_BgL>targets on Hard difficulty or lower</style>.
With a chip installed, <style=Hint_BgL>slightly increases stamina recovery speed</style>."
1387210606,a95fb5b13c6aaaa4d8a5af512d1fc6c9b720392166a90313f174613ec20e1a1c,"Bomb seeds appear on players. After a short time, they explode and create a lingering damage area."
1387224533,5a5134f376f49c272bbbfdd5d4c9e25f1c6dfe94285a867700d643f45ccb94b0,Little 8
1387225304,65cd3530c909791e388f94e1b100465568c8bbcbc85ad81dfbf789e4609f9080,Vitality Circle
1486102658,65cd3530c909791e388f94e1b100465568c8bbcbc85ad81dfbf789e4609f9080,Vitality Circle
1387276074,17c88949d6ffbe70111a64c2ecafc2f5bf6a8a60aa7f299070328add11189780,Maybe her taste changed over the past ten years?
1387339120,6da02b2814f9867abe76aa335dd73eec783c61867c13266fe13440cc07c00ecc,"Mysterious fruit grown within Starfall Grounds. It holds supernatural power, tastes wonderful yet proves extremely hard to digest."
1387359240,4c0bae96eca8efa9477b12b81ccdb14f1a4bc00f37ff10bec7d319d8a372ac80,Nocturne
1673143723,4c0bae96eca8efa9477b12b81ccdb14f1a4bc00f37ff10bec7d319d8a372ac80,Nocturne
1387366861,68daf3153d5312b419f5d7bfa5b5e4e17d0b956995f2dd943f87ebee3bcfdd5e,Yellow-green copper ore with a metallic luster.
1797337753,68daf3153d5312b419f5d7bfa5b5e4e17d0b956995f2dd943f87ebee3bcfdd5e,Yellow-green copper ore with a metallic luster.
1387367912,02c5aad198beaf7fb36ae10c23cc1848e21828ff48d2dea93e6acdb9886e52a4,Can add <style=Debuff>10</style>/10
1387408514,6468aa487868adbe6b6d3785cfeb8de331dd8bef3a9c8eb9c85dfd76bc5146b5,"A sturdy, stable dining table with clean lines and plenty of room for everything you need."
1448996348,6468aa487868adbe6b6d3785cfeb8de331dd8bef3a9c8eb9c85dfd76bc5146b5,"A sturdy, stable dining table with clean lines and plenty of room for everything you need."
1387411300,c10c920f4c22986c96560bd794d75ba17e67db281e2c31e297f49385b7abc369,About the Pathfinding Department
1387415099,6a523d8cad39e708220f8c1e6d5b2decd434a93a909f445bee0c5f20265c294e,Red-Tiled Sloped Roof
1480859052,6a523d8cad39e708220f8c1e6d5b2decd434a93a909f445bee0c5f20265c294e,Red-Tiled Sloped Roof
1387415865,ada093eed6d77e0a31267b27fc8c794308d7c620d45133bb5933c61643e8446b,I need more time to get ready...
1387432734,e825bcccc58bb2998e8a600d44d3cb8c0165e6277a1e4ddfcc4f4a5b35993ec6,Press #kCommon/GamepadConfirm#z to select the [<style=Hint_BgL>Simple Backpack</style>] you just purchased.
1387475870,d44a8e40a0a1176976838d461c0f5a433fd254ca7c81c4e573021188b9ccb8ac,I wouldn’t listen in.
1387484064,ad90c0fa0bb71f34a6bd8bf8c00644c12a7bcf81fc2863d2f9584d5a03fb29c2,Cotton Towel - Beige
1655107416,ad90c0fa0bb71f34a6bd8bf8c00644c12a7bcf81fc2863d2f9584d5a03fb29c2,Cotton Towel - Beige
1387530644,44f6dc2294a3e1a304a5dd24f09fc02103be520a1218c9dec220e1b3e72bea3c,Smooth and Free
1908035878,44f6dc2294a3e1a304a5dd24f09fc02103be520a1218c9dec220e1b3e72bea3c,Smooth and Free
1387535112,f6d36dc6cad63c4b99cf906f46913015dd58159c7869615b7ad4f8f12fb52211,There are plenty of Irises here—try asking if they’ll share some pollen!
1387564637,a0004b821ab62fca12acb1bb9ef7060cf8b7ffb4b75684da77b6032f0be1369c,"I only wish to wallow in sorrow, but those Fentufts always come and disturb me..."
1387567733,a7743e66332169bd3af2c08ebcb1fcd84a94307a7a6d6d14478ac971e3349839,Appearance Pack
1387585408,8849baa5db306461a4e9647065cf1dff1c3e2326c8fb0f9e19a679c6f78f069b,Rousing Rhythm
1850551700,8849baa5db306461a4e9647065cf1dff1c3e2326c8fb0f9e19a679c6f78f069b,Rousing Rhythm
1387587843,47812e9fc1be4be8f2e01a764f7671d31ed0a0f4bee67673e0e9776c03e86bbe,Grass Damage Boost
2022932897,47812e9fc1be4be8f2e01a764f7671d31ed0a0f4bee67673e0e9776c03e86bbe,Grass Damage Boost
2103061130,47812e9fc1be4be8f2e01a764f7671d31ed0a0f4bee67673e0e9776c03e86bbe,Grass Damage Boost
1387590449,615ad5a3af7a00cc68ee77412a8af00e86187ba7fc53b7ab0ce6f7904ba9bf54,{0} declined. Re-entering matchmaking...
1387626917,cd6550a9aec866c868d69463155bccc199b53972528f1b6d880934c54e4be299,Baa...
2117678895,cd6550a9aec866c868d69463155bccc199b53972528f1b6d880934c54e4be299,Baa...
1387627481,fd996ba87679a52db489ac6114fd804797ba90c7a3eb8669ed7979c6c031ec25,"Press the [<style=Hint_BgL>Lock On</style>] to <style=Hint_BgL>lock on</style> to the current aimed target and enter <style=Hint_BgL>lock-on</style> status. While <style=Hint_BgL>locked on</style>, the target will not switch automatically based on distance. Attacks will keep aiming at the locked target.
<style=Hint_BgL>Press</style> [<style=Hint_BgL>Switch</style>] to <style=Hint_BgL>switch</style> locked-on targets.
<style=Hint_BgL>Press</style>[<style=Hint_BgL>Cancel Lock-On</style>] to <style=Hint_BgL>cancel</style> lock-on."
1387658584,1a1a90573ab0af3d73a2490564d2a09c6843b1232e10c5be7800f63401ec8dab,Official Site Pre-Registration Reward
1387667371,9e1e3562de3857873e0d02f10de2d74f2fb9c52e3fbe3aa360eae739289c7b57,Combat Challenge
1387667998,35e733edfbaf7fe602c2b5fa1158ed3189c86caba9305ed3625d827315af505d,"Sloped beige paneling lines the inside, while the outside has a smooth greige finish, slanted on one side. Its warm, understated palette feels simple without looking plain."
1510639597,35e733edfbaf7fe602c2b5fa1158ed3189c86caba9305ed3625d827315af505d,"Sloped beige paneling lines the inside, while the outside has a smooth greige finish, slanted on one side. Its warm, understated palette feels simple without looking plain."
1520454808,35e733edfbaf7fe602c2b5fa1158ed3189c86caba9305ed3625d827315af505d,"Sloped beige paneling lines the inside, while the outside has a smooth greige finish, slanted on one side. Its warm, understated palette feels simple without looking plain."
1698549331,35e733edfbaf7fe602c2b5fa1158ed3189c86caba9305ed3625d827315af505d,"Sloped beige paneling lines the inside, while the outside has a smooth greige finish, slanted on one side. Its warm, understated palette feels simple without looking plain."
1387681420,1575db5a3bbfc900f3d6c230b7621b1a5aaed5301036dd5b2d313643cb060a5d,Use Nurture 40 times in total in Breezy Plains.
1387685448,4fe2be327bad5aaa56d281aaca9c896b01363e41d2d7590ddb2596d4a8d98229,Scorchhowl Headband
1905005668,4fe2be327bad5aaa56d281aaca9c896b01363e41d2d7590ddb2596d4a8d98229,Scorchhowl Headband
1387698809,b34f75955d09a54036a21ffabe648195ee4ef3ad383864d0b9691861ba9f03a3,Dancing Pomegg
1398489914,b34f75955d09a54036a21ffabe648195ee4ef3ad383864d0b9691861ba9f03a3,Dancing Pomegg
1485975063,b34f75955d09a54036a21ffabe648195ee4ef3ad383864d0b9691861ba9f03a3,Dancing Pomegg
1624335567,b34f75955d09a54036a21ffabe648195ee4ef3ad383864d0b9691861ba9f03a3,Dancing Pomegg
1696481835,b34f75955d09a54036a21ffabe648195ee4ef3ad383864d0b9691861ba9f03a3,Dancing Pomegg
1705755056,b34f75955d09a54036a21ffabe648195ee4ef3ad383864d0b9691861ba9f03a3,Dancing Pomegg
1387700539,662861724c410d0cff05755ef843cb76f46fa275e4bf70dcef4ebd24f86a82e1,"Dark, smooth shells concealing soft cotton dreams waiting to bloom."
1387704742,5816d351a6f9987b578df110c2cfe558fd2b9e50df726eed668f9f350a9835f9,"Access <style=Hint_BgL>Holo-Battle Sim</style> from the menu, or go to the Institute Hall in Astra and speak with the guide to enter. After defeating the Alpha or Omega in that stage, you can redeem Held Items."
1409696421,5816d351a6f9987b578df110c2cfe558fd2b9e50df726eed668f9f350a9835f9,"Access <style=Hint_BgL>Holo-Battle Sim</style> from the menu, or go to the Institute Hall in Astra and speak with the guide to enter. After defeating the Alpha or Omega in that stage, you can redeem Held Items."
1671466175,5816d351a6f9987b578df110c2cfe558fd2b9e50df726eed668f9f350a9835f9,"Access <style=Hint_BgL>Holo-Battle Sim</style> from the menu, or go to the Institute Hall in Astra and speak with the guide to enter. After defeating the Alpha or Omega in that stage, you can redeem Held Items."
1880199872,5816d351a6f9987b578df110c2cfe558fd2b9e50df726eed668f9f350a9835f9,"Access <style=Hint_BgL>Holo-Battle Sim</style> from the menu, or go to the Institute Hall in Astra and speak with the guide to enter. After defeating the Alpha or Omega in that stage, you can redeem Held Items."
1387711002,f5aab164430d20528b06eb0d2aff859817eb01fb4c0fb1091a91363f48654f14,"It’s time for another assessment. Come, I’ll wait for you at the outpost."
1387727508,f64eda0b55941ed53f14b1c35c49f0fbd0a04a35990f8d7f39be71ef18af1995,Core Blast Stage (with BUFF)
1387736101,5510c0fc9d67e4298f195a31fb023238d3d0b02bc96398f1c664649ac202c049,Chemistry_Ice Surface
1387760155,833612e0536a8dc75229fbdb5cfc4e89b64f6746b5a9e49b3ded76a56801e042,Lunar Power
1715324645,833612e0536a8dc75229fbdb5cfc4e89b64f6746b5a9e49b3ded76a56801e042,Lunar Power
1387777679,98262fe894509918cecaac4d705072249dcc061ef236daa3476535a22a3134d8,Track Luminelle
1387790073,5d1b6ad072cdcaae13866fa88dcf71f872e4996455cd191477ba6f3780ee7676,A Legendary Chest stumbled upon on your travels—an unexpected gift from the journey.
1387793167,4e8b78fa8d089c72b61553ef053d640997b0237fa8009eecc3517c810388298c,Spend %s/1800 Windborn Stamps
1387795698,ff8d6cb5ddd65e2e913d579dac4c6570352132766a30ba65430f68b4826eb224,Reach level 65.
1387811063,3cbbc79c3a33c99e8ecfbb54f24b37f97516e8537c324eee1f0ee85d1b00dfb2,press [<style=Hint_BgL>Outdoor Decorations</style>].
1387837037,d8cad88b8d710ed5c28511ea00f036e48ac9f1be399f55c5e19d1a6ff41a9cb1,"Unlock the event to immediately receive the Emberpup Set, then log in for a total of 3 days to claim all rewards. (Make a purchase of any amount to activate the event.)"
1387873783,6cbbcb702f4bd2bb86358c93642d4efc25162ba1af55beea2d614b8cd7cbee65,Chance Encounter Gift: Energy Resonance
1387875389,83245b44daa8a10d7854a36044b43f25e8ccdbd747019516ebaaefae3346e73b,"Purge? No, wait!"
1387877445,7a78e1b905dfc488b223f52d7c6ed593ab1fe84b6773c679fd7d3dc45b6d0d0f,Did that get you interested? Give it a try!
1387941010,a347f4cab25519b6119f5a0318064dd3cc817313196697db08a5ba0e750b6a44,My Inferlupa fought to its heart’s content. Thanks for the awesome duel.
1387987107,b2d298477c7529834c38d07cba9014baad2cc1ad01d6b6153701d1cce51a9284,Base Attributes
1885069523,b2d298477c7529834c38d07cba9014baad2cc1ad01d6b6153701d1cce51a9284,Base Attributes
1387998022,9d960a756847dbec057d7a90ef767945501335b2f2d6435af9da00db0232cc6f,"Damage Type (1/pure = True, 2/phy/physical = Physical, 3/mag/magic = Magical)"
1388005024,2beb765c7d1d9462cb9470afc71311db3754421bf900030c847a72c1ccc05dcd,All materials you picked up can be seen in the <style=Hint_BgD>Warehouse Goods</style> page.
1388011103,466d5476e3d74e5bff5f75650df73ddf3b668edfe1e67fb7ee6499db7edd9981,Winter Hat
1388063723,80026c4a512d3433d2d4b0f77228c89f26a18ca841fb1be3d3eacb0c856da402,Sparkling REGEN Damage Multiplier
2138603938,80026c4a512d3433d2d4b0f77228c89f26a18ca841fb1be3d3eacb0c856da402,Sparkling REGEN Damage Multiplier
1388064440,8573209df4635c5632d7adc7d21e74f1a6070aa809b494d89fdf4f8bbe9f4a19,"You can also earn Safaris in various ways while exploring the world, such as <style=Hint_BgL>completing various quests, obtaining Lumin Amber, clearing Sanctums, defeating Alphas, and challenging Pathfinders out in the world</style>."
1388095977,b661505946c9ad28729503524640045f0f6a118dc17ee2a8b2fa0f22a1c0acfd,Silver Moon Mark
1450558802,b661505946c9ad28729503524640045f0f6a118dc17ee2a8b2fa0f22a1c0acfd,Silver Moon Mark
1865590056,b661505946c9ad28729503524640045f0f6a118dc17ee2a8b2fa0f22a1c0acfd,Silver Moon Mark
1388097444,862e2438c1c5b77f520df03649c6f357f19ab0f4e3354a07ed62c74ccb9384af,Crouch low and blend right into the grass.
1940119587,862e2438c1c5b77f520df03649c6f357f19ab0f4e3354a07ed62c74ccb9384af,Crouch low and blend right into the grass.
1954832338,862e2438c1c5b77f520df03649c6f357f19ab0f4e3354a07ed62c74ccb9384af,Crouch low and blend right into the grass.
1388099152,1c219982b1cf7d3bf6ca98994e6436cec1c609f16ee1e6e95335bd28f46871ee,"This is the boss's territory! If outsiders come, they must be defeated!"
1388099282,3cff82d9216eeaf45f8edf071a150e8f1fe3c0551a2df0e6af666d4fccd1e194,About the guide butterfly...
1388184258,d69ee196af1d2c9f643329ae7bbe67b2096094bbb18c9c294210e3cb19541fc8,"I brought flowers and a perfume I just made... It may not be as good as Sunia’s, but I’m proud of it!"
1388191875,e37c16d0618e5134ef8f0e670f2c650e7f2df191eebe819e856602fe2ba2d9c3,"Yes. From what Sunia said, colorlessness left her without many choices when she was young.
Her parents guided her into becoming a perfumer."
1388201831,cd9e16f7a8a1b2fd7fc25fdf382dabb663838edf25d1af64cc54291abc30c3b9,New Heights as Two
1388216377,25330787f7103595ba4b15f0fae03a4256be5cef360745865a5bd1f87d0b098e,+3
1411509902,25330787f7103595ba4b15f0fae03a4256be5cef360745865a5bd1f87d0b098e,+3
1480026564,25330787f7103595ba4b15f0fae03a4256be5cef360745865a5bd1f87d0b098e,+3
1388225759,e13be230659180f2211a207f64ea94f9764877002d1c9292d3d259eebb4d225f,"<style=Hint_BgD>Northside</style> is a trendy district for shopping, dining, and entertainment. Located on the lake’s north shore, it includes Horizon Square, Chill Street, and the surrounding leisure areas."
1388264202,e1945cba0c9b3cb287c8a58b82192cef096271494f852345246e6aadc2e0e7c8,"It’s not your fault.
Like we said, a human mind can’t hold both of us at once."
1388292447,755b91ac7642133327ab8dc417a53c56b5cdb10700b643d7735b81a4670ee85a,"This time I want to test the shield data on Tubster, Turbo, and Panpanta. Same as before, just use a BREAK-specialized Aniimo to break their shields."
1388298570,d1ca7e5b19171a0e81a338eb5e4642848e5ca85ada192d2c408a6b3e809dc302,"As they walk along the beach and play, the beat washes over them like waves, as if they can hear the ocean resonating."
1388307782,d957a674abc4539b7869ac314bf9bed73b5dd76e4cb7864762108d99c250af71,Skill already learned
1388318693,be78e046c7fa18594842d1322e58c46f8cd03c52da8eae9b55729988bea53a05,%s Line %d
1388332299,f008dcac5b6cb4ed85db5a4223110a0ef86911c32dbc14aaa937a47920b0ebdd,"A spruce cabinet with a fresh natural scent, keeping life’s little odds and ends neatly tucked away."
1750244491,f008dcac5b6cb4ed85db5a4223110a0ef86911c32dbc14aaa937a47920b0ebdd,"A spruce cabinet with a fresh natural scent, keeping life’s little odds and ends neatly tucked away."
1388344774,ccf057b467ea9635ef13888d5be3ee6f5381c34514e62883569d0b58d126817c,Soss! (Boomblast Arena is open!)
1388403686,5e7314dc9642b245bb35009f5698d889443246ca898425066a14bec8695a97de,"Alright, let’s not waste any more time. You can admire it later.
Now proceed to the <style=Hint_BgD>transportation device</style> and prepare to depart."
1388412115,ceb83167dd022b44d1ca3ca301ebcfda5a682f9b028b49657754df6dca2f2f98,Overcharged
1637718283,ceb83167dd022b44d1ca3ca301ebcfda5a682f9b028b49657754df6dca2f2f98,Overcharged
1669287929,ceb83167dd022b44d1ca3ca301ebcfda5a682f9b028b49657754df6dca2f2f98,Overcharged
1905548276,ceb83167dd022b44d1ca3ca301ebcfda5a682f9b028b49657754df6dca2f2f98,Overcharged
1388417033,bbd691b4df56d99b779c4f227f0758454f22790e39ac29f76b0ec6b62e5ac4e6,Leave Home
1388488865,535bf2f9f98f5b881f18e857ac4f7644a4ca67f4f0265eee2637b5133f331cf8,"Continuously takes Burn damage for <customRichText(buffConfigData,2105320,duration)>s."
1388526524,d2e44e211c254cf24687cff904f9a5bb047e95c977ed84c0ddb14e8f0ced79be,The harvest is modest. Keep it up!
1388528564,60bab0f7e62e7a20ee89b6e73565b4f1f0a2f592c4bee4257f8a370fe5028129,"Hemp rope winds between wooden posts, forming a boundary that feels welcoming rather than imposing."
1693537437,60bab0f7e62e7a20ee89b6e73565b4f1f0a2f592c4bee4257f8a370fe5028129,"Hemp rope winds between wooden posts, forming a boundary that feels welcoming rather than imposing."
1388531945,5709f69d73968578448c81b77ea751da216e68550f2b37a8dea927f1a6d622ad,"The Fentufts are having so much fun... maybe I should join in... Nah, never mind... I’ll just lie here..."
1388533559,3073085abd824fcb7e4dc1400c0047308fdd88d56f3581e84befbbd2fdfd3d8c,Continue Download
1388534588,dd5d5d182b89c798cd952a5ce3957bb35c551e3f8deb8f0e8cda70081a175a88,Personal signature fifteen characters placeholder placeholder placeholder placeholder
1412762375,dd5d5d182b89c798cd952a5ce3957bb35c551e3f8deb8f0e8cda70081a175a88,Personal signature fifteen characters placeholder placeholder placeholder placeholder
1446965013,dd5d5d182b89c798cd952a5ce3957bb35c551e3f8deb8f0e8cda70081a175a88,Personal signature fifteen characters placeholder placeholder placeholder placeholder
1388551096,81e6f314cc4571961a9343fed05fae447ca22d6b9e800822c8dc32b3acf8fada,"Thank you! Your look is great too—wait, you seem familiar...
I remember now! You’re the Institute’s lucky star, the blogger who livestreamed their trip to Idyll!"
1388572910,9616bb8f0a4ade2bf23cc50d0f2ece8471c9a79233e1c88a91ff3d655dfdb1d9,"Full Constitution: after maxing Constitution, distribute evenly"
1388577978,0f376397fb404aaa5d2b80d847b9acd9313030e648802d0dafbc736d928e8023,Breezy Wanderer
2053930043,0f376397fb404aaa5d2b80d847b9acd9313030e648802d0dafbc736d928e8023,Breezy Wanderer
1388596268,cf1f3f92b8d0f86f3a29eb05ac7dbeb51cdb6900451f2722a4fb7078a3e72422,No one can catch you!
1971228283,cf1f3f92b8d0f86f3a29eb05ac7dbeb51cdb6900451f2722a4fb7078a3e72422,No one can catch you!
1388648600,a9e7347f8373d6d1c87db05534b2cd1e24bb378f1406ecb073d203307408e12e,[Placeholder Dialogue] I'd like to look around a bit more
1388693908,e3f4fe75d9940a1fe9a5e178ad4ec59cdca46a9993a41216530e0f3350f24239,"Hey! You’re new here, right? Interested in a little spar?"
1388721703,25166719d00caf5dee7bc91aa7845d0aae190febc6b70d9e9f3c91889ff56e2b,"The slope behind me leads to the new construction area. Since my grandpa’s time, we’ve known there are higher areas up there with lots more ore to munch on!"
1388753711,6210eb1232f82dea3cabe11bd8f417d02faced00995fe52ecd4e32d4fdac8e78,"Made from fresh strawberries that are gently dehydrated at low temperatures, these snacks have a vibrant rose-like color and sour and sweet taste."
1616117991,6210eb1232f82dea3cabe11bd8f417d02faced00995fe52ecd4e32d4fdac8e78,"Made from fresh strawberries that are gently dehydrated at low temperatures, these snacks have a vibrant rose-like color and sour and sweet taste."
1388773465,a8a648b4cbd84c5e861c525c95d88007f08f118ffd350393b6ef27f8c5af8506,"My past? Well, I’d like to know the answer to that question myself."
1388812182,c709709d88684582d4547ee9e4e4c8378271e2e3b5a39f2f9cae39a6b959243a,"Fires multiple Electric Projectiles at nearby targets. If multiple projectiles hit the same unit, <style=Hint_BgL><link=""source_8162""><u>[paralyzes]</u></link></style> the target for <style=Hint_BgL><customRichText(calcData,ability,11850520,param1,1)></style>s. Hold the skill button to automatically enter the Fly state after the skill is cast."
1388813948,b265b86a6bb2eb0f47a4363109ff54d2a46d9e3729472c5586295751a9f938ca,"As the name suggests, it <style=Hint_BgD>rolls</style>, and catches every Aniimo in its path all at once. 
During a Wild Surge, it makes the things much easier."
1388816615,38405c23e08e450bf68d080d46bef75616ca145a6ab481a83bb06d6d8a4a4a09,Save Photos To
1388820586,ff8342911a701570df7231c0de55c331408a2ad2f2299d6dd4ee7a234bdb4622,6×
1388834224,af60cdfe3dffcff4dda565e26290d37da40486f1c8448073e65cd72c931bb827,I’ll give it everything I’ve got!
1531467524,af60cdfe3dffcff4dda565e26290d37da40486f1c8448073e65cd72c931bb827,I’ll give it everything I’ve got!
1388856567,48794fdd55fa7ead7167701d3dbb575160b174ad19b70fc9449538b039e89aae,Insufficient Report Cards.
1388895518,906fd7a767722fcb0aeee7c57214286f15e5fa09339bf1e4a0fc522b1abe1d98,Match Teammates
1388900969,aac5c2baa57dfe33294ce1a755ecd0fdb4ee5131ac40a595d958426d9ef27cd0,Color Palette
1388909013,e96dd885b6e15534958d9e1d300dddb5398a59947cce728408e1ca9ca1f5c3d3,"But those white flowers withered, and the outsiders left."
1388940839,e3058ee8c04e482de1db596c7de6135c1d4c4bc1187ad1d9200a12ac3404eef3,Roy
1572793137,e3058ee8c04e482de1db596c7de6135c1d4c4bc1187ad1d9200a12ac3404eef3,Roy
1388944387,ef68dfd6966d0ed530c4d4601a6771933c6d15940cd5b76a19ae112c59544739,Hanging Sweet Flag Bundle
1638682314,ef68dfd6966d0ed530c4d4601a6771933c6d15940cd5b76a19ae112c59544739,Hanging Sweet Flag Bundle
1388980050,5de151562e42025a1efadf424c5604a81448d266e9e411786e60c5ad4706609e,Map Teleport
1389002549,c824e1e0080ec346ef6baba7674d38372ceb4a72c195ba66d59071e8887d6a61,"Shake, shake, shake—"
1389023597,3bee8bd8d5778c2a57a85739bdcbd0e3e03f580cb33e06edc42531faf30dac4f,We’re really worried.
1389051117,ec49c00d8139d0e102a169ef276e955ef91432851869ae1a2b1c173ef784e3c5,Is it the <style=Hint_BgD>blue</style> Nimbi?
1389051124,152cf0e41a7be274664ecbff1ad801439a96e2934ea7717305545470510d9b30,Dr. Lewis Summer: Flavored Fruit Drink
1389059134,0c0652c2fa753cee584601d8e4997b24c2e1c5e8749a5d8d0c17e712e267248d,Jarley Treasure Hunt Gameplay Prototype
1389068354,8733aea47873d452ad7e03ced0c90319293d8de0620b0460f259f862965da150,"Increases damage dealt by <customRichText(calcData,buff, 2117103,param0,1,%d)>% and reduces damage taken by <customRichText(calcData,buff, 2117103,param0,1,%d)>% for <customRichText(buffConfigData,2117103,duration)>s."
1389075178,97c3363c9a28150c6ae559fd829d17b2ec78171316b50e3156124f83bb9c8b94,[Mk III] Fervor Mask
1389076223,ca73565e08fee979b03e4f5fb0bf8306f7f03bfab630fbf38eba537c9dc9be9b,UID:9981
2124781229,ca73565e08fee979b03e4f5fb0bf8306f7f03bfab630fbf38eba537c9dc9be9b,UID:9981
1389099213,a181df72c4a8d630b9bd082826d31df0802e3afeb62a5f30d59c8f09aaa18860,Can you help Helmi get out...?
1389169773,11409a5dfc03d2625c8594b6844146d756f9d84f20b475fa4504989e9de5e82e,Destructible Rock_Style 2
1389178591,841ac89bceb78d45512718933c6769073279dbfca5822b85c6b2db0f9fb0c87d,01:30
1485503983,841ac89bceb78d45512718933c6769073279dbfca5822b85c6b2db0f9fb0c87d,01:30
1584028952,841ac89bceb78d45512718933c6769073279dbfca5822b85c6b2db0f9fb0c87d,01:30
1809374937,841ac89bceb78d45512718933c6769073279dbfca5822b85c6b2db0f9fb0c87d,01:30
1840306332,841ac89bceb78d45512718933c6769073279dbfca5822b85c6b2db0f9fb0c87d,01:30
1857008019,841ac89bceb78d45512718933c6769073279dbfca5822b85c6b2db0f9fb0c87d,01:30
1857454368,841ac89bceb78d45512718933c6769073279dbfca5822b85c6b2db0f9fb0c87d,01:30
1957332158,841ac89bceb78d45512718933c6769073279dbfca5822b85c6b2db0f9fb0c87d,01:30
2011924786,841ac89bceb78d45512718933c6769073279dbfca5822b85c6b2db0f9fb0c87d,01:30
1389200335,579b29bb760a6acfdf40250ddb0e5a844630c1c14540c6195c1c8fc25f70fe5d,A climbing post for your Home.
1389210963,009bccaf8cdf953f754c5b32445894fa2cc6ab3766644730dd901c9177b6cd92,"And if we have time, let’s come back someday.
Maybe a new Shelly will evolve into a Sherro."
1389222858,a5dc3fe9452f54e9140575e16cc208b86c8a8855446e76834345cf4d057cc32c,Deployed
1665444248,a5dc3fe9452f54e9140575e16cc208b86c8a8855446e76834345cf4d057cc32c,Deployed
1686926767,a5dc3fe9452f54e9140575e16cc208b86c8a8855446e76834345cf4d057cc32c,Deployed
1688496565,a5dc3fe9452f54e9140575e16cc208b86c8a8855446e76834345cf4d057cc32c,Deployed
1769487266,a5dc3fe9452f54e9140575e16cc208b86c8a8855446e76834345cf4d057cc32c,Deployed
1811459880,a5dc3fe9452f54e9140575e16cc208b86c8a8855446e76834345cf4d057cc32c,Deployed
1883449474,a5dc3fe9452f54e9140575e16cc208b86c8a8855446e76834345cf4d057cc32c,Deployed
1389232496,199a31ab2e9fcf86604778b335bb12f9b163c4fbee135c13b9fcd0d217161b68,Delayed Pain
1784943091,199a31ab2e9fcf86604778b335bb12f9b163c4fbee135c13b9fcd0d217161b68,Delayed Pain
1389243347,205c2937b9c5b76ed89803d5882a3d4e180ef6656abfc5381b5304380bc2616b,"Unable to move, use any type of Skill or basic attack, and will walk toward the caster"
1389244284,067222e57fce3cf572e2ff14bde4b71e901cbbd3e57ed8f840c990a29cf5a6cf,"Boulduses are highly insensitive to pain, so they can keep hitting and smashing without feeling a thing."
1389250180,82f16155b15f8f6b2911a330f113792728d1e4101c400dd954e561ff907d1569,Defeat the Ignitis Omega
1389251408,5d891a5e5079f9c95f61801585547797dba48562916edcb8652642ec5ea86ebc,"1 = On, 0 = Off"
1389256099,8747dd9ce8cdd9ec0f5b6e704c03566afe4772317a89888578b84a2291f4ab7a,"Proof of successful evacuation in the <style=Hint_BgL>Operation: Egg Heist Team Mode</style> game.
Use this voucher to exchange for supplies and eggs at a Lumintech Shop."
1389279973,cfd7c0467da4359b412e8dc2c3b5f3a9149f842e33ade72853df484fd115b2fa,Let the morning breeze carry you past the scenery ahead.
2076571965,cfd7c0467da4359b412e8dc2c3b5f3a9149f842e33ade72853df484fd115b2fa,Let the morning breeze carry you past the scenery ahead.
1389300189,bc442f1a804ed19a267c54d7a216d8fd6593ab85f1ed90616daa3ed0fc471194,Ghostfog Wayfinder
1389302974,ec904952f945e3808d8f5904170aabc40d746595ec4f4f363cebd36281721469,It needs hard skin to burrow into the hard highland soil.
1389339955,df0bc558ecb7aba523f4866f2384afce3ee685400765442089e446c2dd921afd,Lavender sachet releasing gentle long-lasting flower scent.
1389375553,7353ee87436b9a19ada1fe9c83d3cec67e5d2ce73e30c503639fe26a4eeb584f,Switch Language
1389387336,86a8fec8df1aa2dc4faaa559237e9b7e41bb71191382fb9561b23d97f806ed5e,Metal Shard
1389404531,f93fa6e115c977b034046d335b99fb27e0290e6b09bc8b051376ef5bda6a114f,Monster Individual Damage Boost Modifier
1446070303,f93fa6e115c977b034046d335b99fb27e0290e6b09bc8b051376ef5bda6a114f,Monster Individual Damage Boost Modifier
1389470992,0a5b2d36796d3492a78f5378622d2df0af2a690d9587d8cffabd6b12a7d28bf7,We can hang out over the phone!
1389491281,b2b0d4182fb30a536087bd2790eac8c386e7e9ced315b76940f466abd5a995a6,Whoa! It’s smashed to bits!
1389503529,c357f74d1860d8f6cb26a9a62c91b098bd1fe67935f972d1fc6faf73b1777b91,"After the Legendary Windgliders left Argent Strait, the Bell of Freedom by Crescendo Cliff fell silent. 
O wind that crosses the seas, when will you return?"
1389505425,2b9fb32d7dc2717274ed5a455fac4220c6d96c4d2e1c2470725d6578f372e175,Yeah. But flowers aren’t like the crops we already have in the Homeland.
1389506847,c8eab082392c75eb536860a54b20036b265b589e0d1157f3e439acfaaa0a782f,"A tremor completely altered the terrain of Beast Fang Ridge, significantly compressing the habitable space and changing the lifestyles of both families."
1640187180,c8eab082392c75eb536860a54b20036b265b589e0d1157f3e439acfaaa0a782f,"A tremor completely altered the terrain of Beast Fang Ridge, significantly compressing the habitable space and changing the lifestyles of both families."
1389522910,c30d206f38bc6df14172f00e9ce44ab38f4d438990ca91aa3cf6bb49aa4fa525,"Increases skill BREAK efficiency by <customRichText(calcData,buff, 912810201,param0,1,%d)>% while tunneling."
1389568982,59a004fe0612192a2afb1681d67241c5f06924ab2bf2face6fcb9b9e8699c7db,What?! There really is a treasure...
1389569417,602dd0ac51b2bafeb7a2e85a86b45f21dd30454e59246137e12869f858517303,Heal Rune
1389575073,69e26834529bdaa53ba9994bb15dfb3f167d0e85b3dae2a3d17819a123373a91,Review Period
1389638089,6316e2d05f3aec9a3c6e3d9d0a370c49522debb10499ef8852e1cff2a94dde90,"As long as we’re friendly, we can get through anything!"
1389683194,be7cf3f3f5b5cee392a4c616303dda21afeae00e57f8bd30ac1e25a7d88b8aae,"Lin Shuang, the manager of ChillBeanz, and her Glacy, Claire!"
1389730932,453d3844b3f9b2bb82a91e8fa654f75522cb7e8065c5a71643d613841d165663,Unmatched
1389749991,b5e5c1721c4529a6d6a6b21c2d87882481034c5347736b3debd19a306e29047a,Hey!!! Not you too!!!
1389761004,43b6a1f3138e5acfcb2fc92c86beee871accfb6342dee45287dd577876b55e2e,Makes your steps lighter and less noticeable by Aniimo
1725203481,43b6a1f3138e5acfcb2fc92c86beee871accfb6342dee45287dd577876b55e2e,Makes your steps lighter and less noticeable by Aniimo
1389764790,4128317438ee7319b28ba2278d8a0d55660a6c5e442e56b4cb4db1eb901d9e67,REGEN Percentage in Combat
2044335946,4128317438ee7319b28ba2278d8a0d55660a6c5e442e56b4cb4db1eb901d9e67,REGEN Percentage in Combat
1389777904,68981a95586a8e6dfe8f11db7b34ed262bc610b64119197f8040a216643a3a4c,ChillBeanz Receptionist
1963623413,68981a95586a8e6dfe8f11db7b34ed262bc610b64119197f8040a216643a3a4c,ChillBeanz Receptionist
1389791112,46b9ed04d0b3178c59c2c8788294203dd8f18edc1d0e292b3d094228fc3db792,"Morphi! Morphi!
(Game over! Next time, try making less noise!)"
1389831837,ed47d2fac9b1f5389accede919b3a25d5cc6c7f8373073d77d90659dd1e2e3d3,Event Instance ID (return value when a GM adds an event)
1389848959,bd079e332e45511587498f4426c1d11253b5ba09c87c866f8fb3965f32138608,Um... I’m here to pick up my gloves...
1389849692,793dd3f471c790f5d093d6f145ef9cd26e3b902d9b458d7326c5f7a64432f659,Magmarex?
1389894345,db0b8bf30d22b43854b94d77be7022877e309cc1d49186a0129fa0cde0960368,The festival has lasted all these years...
1389898214,4ee51b28b912bb754f2d121d88c20d9c260b280c8bd1a8c2cf5d3fac70240d78,"Your Home has no Aniimo with <color=#43a061>Grass</color>, <color=#1e90ff>Water</color>, <color=#b8a278>Earth</color>, <color=#7b4ca9>Dark</color>, or <color=#6285cc>Hauling</color> abilities. Basic production <style=Hint_BgL>automation</style> may not work properly. Exit anyway?"
1390056597,5b9ddf1d280d741401cd3720622e887a5c7679c07540ff19f4aa9f5f016dfb5e,"Snowy, the Talk of the Town"
1390059380,09a7935235a14557c42edcf6dd51b760adc426865babfd4f5ed4eeb136d062a6,Hungry Celestis
1506071217,09a7935235a14557c42edcf6dd51b760adc426865babfd4f5ed4eeb136d062a6,Hungry Celestis
1390079486,e339906c1bf28cb4dcda0f05e545bd0b89b0ae84be307c811e7d238adfdf264e,Ha-mm?
1390119053,d68653568da0e7c2f188e919a3e4349664cea7e68036964445c5d5e9478a7edb,"Minespines use the crystal spikes on their backs to absorb nearby mineral energy while they sleep, replenishing what they expend during the day."
1390178463,42e9529737b90cc16094fa4e0b3fae58da121895ec9c9e82f9b0f2caa6a60fda,"Gurulu’s always been by my side, but we’ve rarely gotten to go out and just have fun together like this..."
1390205089,7b814a2e940a41391dddb394ac38ddaf391c228cd4147591e014fded3ec63a68,A potted cactus that Aniimo now give a wide berth. They still remember what happened the last time one of them got too close.
1396169217,7b814a2e940a41391dddb394ac38ddaf391c228cd4147591e014fded3ec63a68,A potted cactus that Aniimo now give a wide berth. They still remember what happened the last time one of them got too close.
1390226590,5bd917d4424cdecfbe6e93f18dfb9bea6a30df14448b8f18cd374b6a8f9e1eea,"A small ore buried underground, seemingly brought to the surface by something. Traces of Vine rummaging remain around the rock."
1390237690,0836f0a413583c24d1ffea318a1f1435ea6dc6b4c037cd99402500cebc8c3fdd,Pebbling Going Home
1390242363,cf044fbb63548c92d1a33921b14d8d0f192ba754af3a588bafa2b057ae4a8f3d,Shh! Shh! Shh~
1390262207,77755ae8563a256b3cd5970041874851c68b2a33289a91b0a9ad37e07db26372,Pet gently.
1390324542,2a513670c1ca6643fe56b6794de1ddd741304cef1abced3579c5965f2296ee50,If even sadness must be hidden... isn’t that... something rather sad in itself?
1669021767,2a513670c1ca6643fe56b6794de1ddd741304cef1abced3579c5965f2296ee50,If even sadness must be hidden... isn’t that... something rather sad in itself?
1390392034,07b8fc47419cc9fd4e4b8c094db8f117f4702fde08878dd9ed014c961a87db3a,"Shall we try it?
I remember it being quite fun."
1390409544,b8765cdc2e04f72b58c4c9dacbb30c237123c1a1098da1341a006f595715d804,Home Season
1539968849,b8765cdc2e04f72b58c4c9dacbb30c237123c1a1098da1341a006f595715d804,Home Season
1737875663,b8765cdc2e04f72b58c4c9dacbb30c237123c1a1098da1341a006f595715d804,Home Season
1812879193,b8765cdc2e04f72b58c4c9dacbb30c237123c1a1098da1341a006f595715d804,Home Season
1390409992,9f1aa0286d930527b9c7af94ccdca33e80a492d75948a8009b7b36811c4e2f46,Patterned Cement Tile - Red Hibiscus
2036363885,9f1aa0286d930527b9c7af94ccdca33e80a492d75948a8009b7b36811c4e2f46,Patterned Cement Tile - Red Hibiscus
1390429844,c2058925b2aeb81f3ee0aea04d10653bf5e925536e6db70d26f6a9acaaee0833,Trainee
1506886629,c2058925b2aeb81f3ee0aea04d10653bf5e925536e6db70d26f6a9acaaee0833,Trainee
1518952136,c2058925b2aeb81f3ee0aea04d10653bf5e925536e6db70d26f6a9acaaee0833,Trainee
1812602480,c2058925b2aeb81f3ee0aea04d10653bf5e925536e6db70d26f6a9acaaee0833,Trainee
1927900969,c2058925b2aeb81f3ee0aea04d10653bf5e925536e6db70d26f6a9acaaee0833,Trainee
2003253761,c2058925b2aeb81f3ee0aea04d10653bf5e925536e6db70d26f6a9acaaee0833,Trainee
1390451834,be607a128a4d7867697398f812dce7bd187c62cd0951293f0189ad80c13fd8ef,My starter zone wasn't all that safe either...
1390471032,26bf249cff4979d4891b3f8c06b4b7076978049d8517ccf41967658ca25b0190,"A tidy stack of neatly folded towels, ready whenever you need one."