1313617030,f64fb481974faaf0fc5cc6b9551d8217f6c8a64bace50442657ac8f4fdb682e3,"I don't know how that idiot managed to give itself <style=Hint_BgD>amnesia</style>, but... I'll make it remember everything, absolutely."
1313625771,fdb766fc28c1d9dbd50853af83fa195b09a9e32095a87d2800e8fa2e5de3a9fb,Howls through the twilight at full speed.
1313634516,1223faaaca7b96a993254936359e95f85469b6fc6acdce69674516bf20c526d3,"Counters are powerful, right? But not unbeatable. Watch your opponent’s positioning and aim for <style=Hint_BgD>the back</style>. That’s your opening."
1313644250,55c49141191477e191f022e0b1a4e0751e5576a90992ba611953faf8a83e3e23,Exploration Ability Bonus
1313652348,117801324f1bd5aebb56062cec3d88815e2fb46e942b47b4e6d1fb86331f5f25,A cyan-green building block for all kinds of structures.
1556145482,117801324f1bd5aebb56062cec3d88815e2fb46e942b47b4e6d1fb86331f5f25,A cyan-green building block for all kinds of structures.
1313653243,d7c7f08c8daf9b3bfe87e29d73ba04f09b27ae109f1ef181522236ebe20c0021,"There’s one nearby, if you’re interested. Wanna give it a try?"
1313671590,4f978d8ed78cb79f407a2bbe29abfea408dc6c39e15ec7309200b1f61c4b49bd,Roar! Roar roar!
1313687162,9db3ed1b2ad3b6dfb2b19b1b8ce54c15c6bc43af96b026585fafbc1b3f596697,Circulation stabilized—Chapter 3 doesn’t need to be rewritten after all!
1313707433,b47d5c9088006e3c09fbaf5d61ca8a25d47af66cbad34cd0134aa6f19b136798,Weakness Exploit III
1313713551,8b9ecd5709f93775c06c62321edfc4f7ee5fbafc8f6a1ca52404211ff01e8a25,Hummin Framed Picture
2023879792,8b9ecd5709f93775c06c62321edfc4f7ee5fbafc8f6a1ca52404211ff01e8a25,Hummin Framed Picture
1313734143,7a8b64d1964654420a93e982419c581d1c36d1994c44c4f20a2bd1499a9b6672,"An official uniform set supervised by Polaris Institute, specially designed for students exploring Idyll."
1313739206,7b22117bac33ed934afa737fa39993ddfbbdf9478ce04db973db088d6e857623,I’ve never felt troubled like this before.
1313772313,a5074cb8baf0349f92dd06696777c6d354c1600abba6ca8b49cb22cdb20498b4,"An educational and research institution established by <style=Hint_BgD>Oliver Oswen</style>, dedicated to <style=Hint_BgD>Aniimo Research</style> and <style=Hint_BgD>Idyllian scientific exploration</style>.
Under the institute’s guidance, <style=Hint_BgD>students</style> and <style=Hint_BgD>Aniimo</style> learn, train, and grow together."
1313776179,70d630758acabcc021845632c7c8e64bb9d864b87a8c2f4d3b277b8df3f2cfb2,These are the recent gift and material orders that need restocking. Thanks for your help.
1313803473,eea03ac650cd907505f755ff33d15e4fa01d17402096989f359f4cae9e524696,We should get a few shots from different angles.
1313822588,ff0db787e5dbf1f7876311fefe16040ac84526e47b8f6ea3d530475492743070,Here for the Show
1313832940,12395ab00d535a4781ef3c2cca6c7ec71e245c0abeb3daacd2a970225dd6f9ad,Egg Heist Talent Monster DMG Dealt Multiplier Bonus (Attacker)
2067583598,12395ab00d535a4781ef3c2cca6c7ec71e245c0abeb3daacd2a970225dd6f9ad,Egg Heist Talent Monster DMG Dealt Multiplier Bonus (Attacker)
1313835203,f474f751b6701f1c1dc342c7c6974a8de5f31dfa830fe921547a6a7748a79022,Ultimate Charging Speed 
1314962001,f474f751b6701f1c1dc342c7c6974a8de5f31dfa830fe921547a6a7748a79022,Ultimate Charging Speed 
1432534973,f474f751b6701f1c1dc342c7c6974a8de5f31dfa830fe921547a6a7748a79022,Ultimate Charging Speed 
1569454184,f474f751b6701f1c1dc342c7c6974a8de5f31dfa830fe921547a6a7748a79022,Ultimate Charging Speed 
1805869879,f474f751b6701f1c1dc342c7c6974a8de5f31dfa830fe921547a6a7748a79022,Ultimate Charging Speed 
1909107259,f474f751b6701f1c1dc342c7c6974a8de5f31dfa830fe921547a6a7748a79022,Ultimate Charging Speed 
1980415607,f474f751b6701f1c1dc342c7c6974a8de5f31dfa830fe921547a6a7748a79022,Ultimate Charging Speed 
1313853875,16579b5b533f703d2b3b083ae15c7792fe4f86e999677600113c3d58f351efbb,"Layers of curved orange-red tiles give this roof a warm, rustic country charm."
1437260398,16579b5b533f703d2b3b083ae15c7792fe4f86e999677600113c3d58f351efbb,"Layers of curved orange-red tiles give this roof a warm, rustic country charm."
1313893033,d23d52b57b3969f2953f8e6f7eb532d09a3cb2ce15d52247e1a81f4a9cc02d58,Premium Companion Handbook Level 40
1729622999,d23d52b57b3969f2953f8e6f7eb532d09a3cb2ce15d52247e1a81f4a9cc02d58,Premium Companion Handbook Level 40
1313910503,92d1511248084ddff90d63e2062e35475b05361425ad63e7b4d0f2db4faabf76,Select wheat.
2006700770,92d1511248084ddff90d63e2062e35475b05361425ad63e7b4d0f2db4faabf76,Select wheat.
1313919382,a64cd89dc8d78ce8ceabb57a42cbe8f212d408ec73a7cd1f69eff4b70ca242c1,Leave Aniipod XR Test Ground
1313920009,77d66084a68104f06986d690fe2afd9ee432ccd0d0e773976b085fd55a0c1ff0,Broke?
1313947457,14390dd842bdacf4eb1dbeec5bc53d4eb8d4e14826fe046c2601b5f814ea86ca,Elderly Thornblade
1562932953,14390dd842bdacf4eb1dbeec5bc53d4eb8d4e14826fe046c2601b5f814ea86ca,Elderly Thornblade
1581424804,14390dd842bdacf4eb1dbeec5bc53d4eb8d4e14826fe046c2601b5f814ea86ca,Elderly Thornblade
1616190162,14390dd842bdacf4eb1dbeec5bc53d4eb8d4e14826fe046c2601b5f814ea86ca,Elderly Thornblade
1631866856,14390dd842bdacf4eb1dbeec5bc53d4eb8d4e14826fe046c2601b5f814ea86ca,Elderly Thornblade
1820194397,14390dd842bdacf4eb1dbeec5bc53d4eb8d4e14826fe046c2601b5f814ea86ca,Elderly Thornblade
1862041966,14390dd842bdacf4eb1dbeec5bc53d4eb8d4e14826fe046c2601b5f814ea86ca,Elderly Thornblade
1929166387,14390dd842bdacf4eb1dbeec5bc53d4eb8d4e14826fe046c2601b5f814ea86ca,Elderly Thornblade
1974659910,14390dd842bdacf4eb1dbeec5bc53d4eb8d4e14826fe046c2601b5f814ea86ca,Elderly Thornblade
1983772228,14390dd842bdacf4eb1dbeec5bc53d4eb8d4e14826fe046c2601b5f814ea86ca,Elderly Thornblade
2006649422,14390dd842bdacf4eb1dbeec5bc53d4eb8d4e14826fe046c2601b5f814ea86ca,Elderly Thornblade
2025568750,14390dd842bdacf4eb1dbeec5bc53d4eb8d4e14826fe046c2601b5f814ea86ca,Elderly Thornblade
1313980357,b8b311b0f2739e0cc32af32a91b5913e852ed565cf319a4eceb58898e3f50a9c,Solid
1313990903,8ca8a925dc026768d3bca7cec3ac0df6fc5958e2ee4697b9ddb6ed7c3f089c2f,"A record player for your Homeland, holding memories that live on through music. Use it in your Homebuilding Zone to change your home’s background music. When flowers are in bloom and the moon is full, gather with a few friends and share a song beneath their gentle light."
1314000251,c705c145af916d4e349fdab822b88df809f2d4e59b370c0ea148e0f5df73c8ec,Land Color: Blitz
1314030202,7c68ea6e4cc215f2c6c628a6ccde08e366f1f3f96555e2e1779891ae48e3f5ec,Carried Item Gem Craft Cost
1314050650,de0bf1dedea116c4a550407bf75880406b1f95d93ff061aec165b665247f40e6,"No problem, I never keep Kim that isn't mine."
1314057224,5895531931c8c831aa48b94b66d8b4096650e930c9f40b09e319361dad55b576,Save & Apply
1314057922,b954048af35cf6324b6cf4eca7d5f0e94c260450b05565b373ed79fe99eaf4d9,"A Training Style that grants buffs while you have a shield.
Increases the chance to obtain Defense Gizmos."
1314063457,78d150a1118a2912922bd634ea684a0fdd936db8ada3cf949eed866e5166cd97,The player declined your team-up invitation.
1314089716,f345871d42d2ae658b013ba9f3600ddfa8a921b98427fea49a6c37bcae9068ba,Insufficient Legendary Aniipod
1314134428,48bb7ccfd2956d9e9186f6f2aa47878795e5a701d4f5588e1621e13f6c13835b,Seems like strong players always find each other. Want to kick it up a notch?
276500882,4f5c27bdedca6e11aec2a5e3f08e3019e3449ac31d73feb5bf7965046836cc9b,Infuse energy into the Branch in Breezy Plains a total of 65 times.
1314144466,4f5c27bdedca6e11aec2a5e3f08e3019e3449ac31d73feb5bf7965046836cc9b,Infuse energy into the Branch in Breezy Plains a total of 65 times.
1314155506,90fa5a4fc19484dfae96800a65f5b1361f1e40ed2b16d0f93703e7e9259db87c,Glamour Star
1967424149,90fa5a4fc19484dfae96800a65f5b1361f1e40ed2b16d0f93703e7e9259db87c,Glamour Star
1974313189,90fa5a4fc19484dfae96800a65f5b1361f1e40ed2b16d0f93703e7e9259db87c,Glamour Star
2102499013,90fa5a4fc19484dfae96800a65f5b1361f1e40ed2b16d0f93703e7e9259db87c,Glamour Star
1314187949,9d7bcdd443303c4dded890719929ef90f330652e69aafa5ae8206c18dd32afd4,A Starine picked up from the ground
2040769444,9d7bcdd443303c4dded890719929ef90f330652e69aafa5ae8206c18dd32afd4,A Starine picked up from the ground
1314223304,cbee10875de096b9efbfaa9dae9e7c1b9b647d0ce6009372f6451f7da120dfdb,"Idyllians say it's a blessing, but it might just be some Aniimo messing around."
1314237912,459646c4372766ae6d5142884a9c0d3b90170d57b9b48f8e24064033e261dd84,Excited Student
1314265120,9b098667541ada9a471573aaa189a78bea3519b17e27d50ad1170e44fba3f71a,Skill Set
1330246200,9b098667541ada9a471573aaa189a78bea3519b17e27d50ad1170e44fba3f71a,Skill Set
1824245112,9b098667541ada9a471573aaa189a78bea3519b17e27d50ad1170e44fba3f71a,Skill Set
1314274955,efc988f6c3fa38f704b45dd97c8dfd441710808ecd7f0a3efc7a29e0bef4de14,Pathfinder Basic Info
1314278371,63635e33f51df7397dfe9fe96bd91a0fe7ada10eb42e96ba4befd8c0a33a4b1a,Fire counters dark? Maybe you can give it another thought?
1314279361,66fa29de161b92c9a2fd5c04e425a2b961cfb84e4d1359347baad41d72f9a93b,"Well... Perhaps it’s the vegetable planting gene from the ancient homeland?
Plus, planting is really stress-relieving. Watching them grow and mature is a classic and refined pleasure."
1314290337,cc25708201d0e9c6d2430633669eae775609264d7691559abbf22f8762875c2f,Rock Dragon Transport Cave
1361047275,cc25708201d0e9c6d2430633669eae775609264d7691559abbf22f8762875c2f,Rock Dragon Transport Cave
1314324250,7c149ecca49472497f39aa6e1d84e232be6e7537f843fc8c18d10be428d6f2bf,"Oh no, oh no, the ant remembers that Master Bailite said to build mushroom decorations on top of the castle..."
1314342932,c6634bd393cadc3a20eda81ee688c8d171d215f7dd6297a92a55a2491f3ec43a,Counter Strike
1452870985,c6634bd393cadc3a20eda81ee688c8d171d215f7dd6297a92a55a2491f3ec43a,Counter Strike
1471648782,c6634bd393cadc3a20eda81ee688c8d171d215f7dd6297a92a55a2491f3ec43a,Counter Strike
1537596901,c6634bd393cadc3a20eda81ee688c8d171d215f7dd6297a92a55a2491f3ec43a,Counter Strike
1649272003,c6634bd393cadc3a20eda81ee688c8d171d215f7dd6297a92a55a2491f3ec43a,Counter Strike
1314352048,a992e10518a916dbc23ef35c77185e9cc7c4e2e5b837e79cdaddff53c4e027db,"I don’t know, but she must have been telling Velouria off!
Ha, thinking of running away at the first sign of trouble—how irresponsible!"
1314364913,d8661b2fc9b9e4e6ce52732cbc974c1d15806fd25d8534338c5dbdb220a61c30,Your squad will land here
1428082057,d8661b2fc9b9e4e6ce52732cbc974c1d15806fd25d8534338c5dbdb220a61c30,Your squad will land here
1314375008,3f6227b81299ecfdd1ac788bebe2474c9274b6e41fa88b4bea36d40a5934fe87,BINI #9 Assist Frequency
1314398001,6351a506835066e3d73767d44a582109a3d6cd79f37cbd9a6af80b59a5b30a3e,"A faintly-scented request letter, waiting for a traveler to take it up and bring back that blooming Irisalis Flower for you."
1314454699,f8fbecab6003aab94b980e5d2273999d3fdd33eefdedd0844e15513f487d3230,"Welcome, #playerName#. Nicole has already told me all about you. Allow me to introduce myself—I'm Oswen, principal of the <style=Hint_BgD>Polaris Institute</style>."
1314487451,1fc0ac8355ce78d933b087454126b423be5747d741eead96a3552fb5b3da16ac,Sent History:
1314506823,0cc23683534b330dcc933cd3e9bd2cb545c61c5d573f7c99348fd5255097d001,We’re going to surprise all Pomeggs!
1314522298,40dbe5284bcbb68d2ea482be95b1fb3b7c0b26c217c173e51ba8dcc533dfd637,Medium Blind Box
1675850973,40dbe5284bcbb68d2ea482be95b1fb3b7c0b26c217c173e51ba8dcc533dfd637,Medium Blind Box
1314548446,a8f0e36926152ba4b2f08362d55d1d66fcea7bf09d602d8ea32b45b254efdf65,"Significantly increases damage against <style=Hint_BgL>targets on Chaos and Nightmare difficulties or lower</style>.
With a chip installed, <style=Hint_BgL>significantly increases</style> load capacity."
2127001115,a8f0e36926152ba4b2f08362d55d1d66fcea7bf09d602d8ea32b45b254efdf65,"Significantly increases damage against <style=Hint_BgL>targets on Chaos and Nightmare difficulties or lower</style>.
With a chip installed, <style=Hint_BgL>significantly increases</style> load capacity."
1314564730,127dfe1ee0c511a4f14db37d881fa5b2ff620bbb50c2a7b71ab52f35d27287e7,Exclusive resonance material for the Iris family.
1314587821,e7ba6e3ef3a9b470705efc4b47263594609a2a4b6e63db4d22eb6097ae16c254,Nightbat Shadow
1314599319,806d8e82c1bfbb73ae8802a844063b62a2562b5bb56df0fd0384cc3cfd8fbfd2,Holo Experience Hall Director
1314644134,b45d018426d2d9103b13630dd13a8e1d2d99cab6ebf109bcef50e125138c862c,Held Item Function Description Test 1
1314650689,df9e4ee6a59f4811d5f5407111c11849f05cefccc372b855d5ba58804f37455f,Skip tutorial
1314677551,9bf69850d24401aa40dd8d28b471601914a366f496a80ed011e2433f2c468627,Can you blur it out for me?
1526792117,9bf69850d24401aa40dd8d28b471601914a366f496a80ed011e2433f2c468627,Can you blur it out for me?
1599233249,9bf69850d24401aa40dd8d28b471601914a366f496a80ed011e2433f2c468627,Can you blur it out for me?
1314681295,4c0006d7d5f13931edb40e97b9c3366a436f1d562b36d83eafdf1c503a780bff,"But this place was engulfed with thorns... It seems the thorns were protecting this ancient perfume workshop, but they’re gone now."
1314699217,6e0e1b623980c50a00368ce85da11171ac56ba921658a7d18f204cb65753948f,Unlock {0}
1314718398,f0919dc1557517bd5a466fe1284762850eaec2b9579102ee69bde79caffeb9d0,"Learn to read that light properly, and you’ll never lose your way!"
1314722233,d725de439d59426f0d538bddb27d7d5a4239a2d66bd08644f5d403d1bddcec0e,Free Companion Handbook Level 20
1392368377,d725de439d59426f0d538bddb27d7d5a4239a2d66bd08644f5d403d1bddcec0e,Free Companion Handbook Level 20
1314758892,6afa42d022e38cddb499d469f390eb909bac39082719c3dc806f430d21863270,Alpha Corneter
1432571254,6afa42d022e38cddb499d469f390eb909bac39082719c3dc806f430d21863270,Alpha Corneter
1438729474,6afa42d022e38cddb499d469f390eb909bac39082719c3dc806f430d21863270,Alpha Corneter
1447015965,6afa42d022e38cddb499d469f390eb909bac39082719c3dc806f430d21863270,Alpha Corneter
1554582454,6afa42d022e38cddb499d469f390eb909bac39082719c3dc806f430d21863270,Alpha Corneter
1828118614,6afa42d022e38cddb499d469f390eb909bac39082719c3dc806f430d21863270,Alpha Corneter
1959657337,6afa42d022e38cddb499d469f390eb909bac39082719c3dc806f430d21863270,Alpha Corneter
1989210387,6afa42d022e38cddb499d469f390eb909bac39082719c3dc806f430d21863270,Alpha Corneter
1314774152,f167b131251f24e7dcf2b6870be1747acf1292800c1f59f14c5cbfdfe99708be,Wondrous Feather
1314783010,a61cb5b5394db52cdd9ba66b8b921bdf825fe6bc2b1baefbfb96df0e6ec2089d,"Reduces Grass damage taken by <customRichText(calcData,buff,6003031,param0,2,%d)>%."
1314799259,cbcebf80533f3bf7d36de36a087e3d5688673f6f302ef6f54373e6e480a20bd6,Reach 70% Aniimo Collection Progress in Driftwise Meadow
1314814273,a7b4a27346b5d8451c99789170e2b73a48dbc440e301066274b4b409e44b4f50,"Why would such a massive Aniimo stay here...?
And what lies deeper in the sea...?"
1314879847,a5b898435ed815627d9071fa4960fd16ff026e02495ec204f6a65e3eca599024,Defeat Aniimo
1314914291,c81663a56ed862663c1004bd390ac998894240b757e923cf8090fa874abd512a,"Exchange Voxel Coins with the Starwish Gachapon clerk in Astra to obtain Starwish Coins, then use them to play the Starwish Gachapon."
1314947892,084d8bb79a85bda09b8b5aa8c8c46f33bf94d169b84a166e7bdee493d4972bdf,Mystery Egg Box - Support
1314969494,d244d59eea87117309dce51c822ccbf53449c657c5c95aba3ddb7a6e737a4a80,"After being (placeholder) Buff text description, supports rich text S"
1315008179,dff087e9a3e986b134cd7467679a5cc57199358403d161a64fd6b25069e9cda1,Crafting Table (Level 2)
2027767183,dff087e9a3e986b134cd7467679a5cc57199358403d161a64fd6b25069e9cda1,Crafting Table (Level 2)
1315054958,c143fa9e255fac44377469566a3564b2f7836dcd68f4285b88719f7489c37361,Learn Tweetin’ Target
1315098260,f106758c4caa9d628f1a59f1d5d8aac7533f20d07397014cda58322ed8dfb609,Excess CRIT Rate-to-CRIT Damage Boost Multiplier
1931829696,f106758c4caa9d628f1a59f1d5d8aac7533f20d07397014cda58322ed8dfb609,Excess CRIT Rate-to-CRIT Damage Boost Multiplier
1315107484,73078e349c61233cd58ff7fea876905f52ff416aa93cc8ed85751d06a8ae71ad,View the new energy vehicle
1315114092,2e6e4e24291afbe5afef61c7a48c175a8c16b72fda6375d2f877965f0f9ff946,Defeat this Aniimo using an Ice skill
1780967307,2e6e4e24291afbe5afef61c7a48c175a8c16b72fda6375d2f877965f0f9ff946,Defeat this Aniimo using an Ice skill
1315116026,2caae6eddb7b4d0cc2900853829dfdd4f39efbc396fc739b8eabc3f9b8855cce,"What do you think you’re doing, eavesdropping on me!"
1814447032,2caae6eddb7b4d0cc2900853829dfdd4f39efbc396fc739b8eabc3f9b8855cce,"What do you think you’re doing, eavesdropping on me!"
1315157083,94532b2569d699317c93fa0c88a76a8f3ad5d83040b3464afcff0caa8defef3d,Where did you go! I was worried!
1315170896,becad956347db1e5c8687c8fa886ba720ba0ddb27d7202aa104b3ecf4b3dc85a,Use [<style=Hint_BgL>joystick</style>] to walk
1315173649,2e1842e27f7b2d1a0bdb41193118ff2a84106b12f139645bf60d201350121e6c,Best Offense is Defense
1402420808,2e1842e27f7b2d1a0bdb41193118ff2a84106b12f139645bf60d201350121e6c,Best Offense is Defense
2025163989,2e1842e27f7b2d1a0bdb41193118ff2a84106b12f139645bf60d201350121e6c,Best Offense is Defense
2074937191,2e1842e27f7b2d1a0bdb41193118ff2a84106b12f139645bf60d201350121e6c,Best Offense is Defense
1315184319,b3e026e49a8b7085168cefde951b4dd610a79302d047fa4419d7840a227fd7af,The egg has hatched. Would you like to collect the Aniimo and the Hatchinator?
1315221428,799c269135742a36ae48dddf3a69c47c7d2a428a34e351f6da93ae6490101b47,Controls
1315304453,6d33b31acbe6e47ad19c141da661bb2e6779d0961c40a852d42534e28119234f,Badge Shop
2140183277,6d33b31acbe6e47ad19c141da661bb2e6779d0961c40a852d42534e28119234f,Badge Shop
1315332035,ee8ca05ee4699fd62fae48d770d480c957fd49d4d818c9c3f2e743671bac4d3d,"Words of the Wind
The Vein brings life. The Flow of life never stops."
1315369951,bfb4d97356bad93fbf32c25ddba430e6d7bd351e9f3bc82cac67eec386aed346,Look—Celestis sparkles whenever it’s happy.
1315381825,f49d2a710d418d1bc84fe03e1a8f14acb7a2840535d452d957f69425f3f51b29,Data suggests it's a behavioral trait of the Hummins here.
1315435570,0d0b4da8ad6f23e013178811386ed3028fdedbed993d9ff5c13b56474c56a12a,"Teleports to the target and launches a wide-area assault. When the target’s HP is below <style=Hint_BgL>70%</style>, damage increases by <style=Hint_BgL>1%</style> for every <style=Hint_BgL>1%</style> HP the target has lost. If this skill defeats the target, it can be recast for a short time without consuming EP."
1315449329,6a019190742c7616da683b935e782a68889c4cbe248d4dfafa04b31a1382ce4d,—Add the finishing touch!
1315471194,296030a799c36b03556c5a0e51303f72ba372ce0ba10aa3afeb5d3a8062914c7,Box Shrubs
2018271783,296030a799c36b03556c5a0e51303f72ba372ce0ba10aa3afeb5d3a8062914c7,Box Shrubs
1315484450,0365bd058c385c2322b252bffdeb866d2730e75b4d594b74775cc2de4fee86e2,Scavenger III
1315522355,8274eaa878b720df13a0afd828e3abd5f9c159cd05cf2d3695c7ab36adec8b26,Emberpup Family
1528589351,8274eaa878b720df13a0afd828e3abd5f9c159cd05cf2d3695c7ab36adec8b26,Emberpup Family
1743584227,8274eaa878b720df13a0afd828e3abd5f9c159cd05cf2d3695c7ab36adec8b26,Emberpup Family
2119771302,8274eaa878b720df13a0afd828e3abd5f9c159cd05cf2d3695c7ab36adec8b26,Emberpup Family
1315554868,7ad6876d42797bb9e5b901bebec560e45b57cc590c8d2743636fb87a7bc23b1a,Face the raging waves and march on!
1380092465,7ad6876d42797bb9e5b901bebec560e45b57cc590c8d2743636fb87a7bc23b1a,Face the raging waves and march on!
1315583489,2800909d7794be56a060fd40efcbe981416535c0917b614d8db953d0dcbdf216,No targets
1315624729,f33f266979b58bd6e9aece6950ffcd4da520f6ef47dd86fc46a2a70b305e8ccf,Skip battle
1315698804,89bacb9630c5405e89e236d5aa7d6296eae7145feff250bc2b52fdf34da7a1a5,Relatively outgoing
1315742574,7d167feca318614431457d29548a267618a5237da39864e658ac56d89a262c5e,Available for purchase from the Event Supplies Shop.
1315757942,9a970c2c0e1b0ccf10c02f17271451069dd5ae247a2ba1d141aa31635474cfda,Thunder Bolt
1315778322,ffa098756a842e886d53d9498855f4ba24f88fd46a34bd5177b19999bbc490da,Fabric Armchair - Matcha
1461356875,ffa098756a842e886d53d9498855f4ba24f88fd46a34bd5177b19999bbc490da,Fabric Armchair - Matcha
1531785535,ffa098756a842e886d53d9498855f4ba24f88fd46a34bd5177b19999bbc490da,Fabric Armchair - Matcha
1315807930,481ed0a024d9d1fa700248c5abcd7ec998fb16d4355d9881c2cae3ed9ad61261,"Rare blue orchids nurtured through Vein Nurturing, with an extremely rare Prismana color."
2017124798,481ed0a024d9d1fa700248c5abcd7ec998fb16d4355d9881c2cae3ed9ad61261,"Rare blue orchids nurtured through Vein Nurturing, with an extremely rare Prismana color."
1315817074,27710dd02b0b719e4eebaa66b4dd82777d1f825e11ef4148620101b14a50c942,Just teleported back from Idyll.
1315820000,6f4fb38245aa250b7295aaac56fc57100b253f8eb91d0c2e2aab407ed8ab5721,You can’t beat me inside my terrain range. Figure out how to get away from it.
1315858631,c9291996c2cb2d0e4c24ecd1110e8a30698f6c26e0010d17b3b2d31d227d4a61,Mean Girl
1528833009,c9291996c2cb2d0e4c24ecd1110e8a30698f6c26e0010d17b3b2d31d227d4a61,Mean Girl
1638133487,c9291996c2cb2d0e4c24ecd1110e8a30698f6c26e0010d17b3b2d31d227d4a61,Mean Girl
1315879357,6ab8ca7cca3b77410c0d1bfc212a0fe257c4bbace34e6735299cef081a767ff5,You need to prove that you’re strong enough!
1315887036,0e1a4649af888d9643a6261f69fc680d73486786197aeee1d4c3340d60bfeeb2,Excessive obscenities detected. Auto screening has been enabled. Replacing with appropriate alternatives.
1315888052,e1a4304b63bb111a2f65b19f2c6c4221a5b7482e2404e656ab55e0d45b81a9b9,Cheerful Onlooking Helmut
1338844796,e1a4304b63bb111a2f65b19f2c6c4221a5b7482e2404e656ab55e0d45b81a9b9,Cheerful Onlooking Helmut
1773713127,e1a4304b63bb111a2f65b19f2c6c4221a5b7482e2404e656ab55e0d45b81a9b9,Cheerful Onlooking Helmut
1791080810,e1a4304b63bb111a2f65b19f2c6c4221a5b7482e2404e656ab55e0d45b81a9b9,Cheerful Onlooking Helmut
1878714309,e1a4304b63bb111a2f65b19f2c6c4221a5b7482e2404e656ab55e0d45b81a9b9,Cheerful Onlooking Helmut
2139143956,e1a4304b63bb111a2f65b19f2c6c4221a5b7482e2404e656ab55e0d45b81a9b9,Cheerful Onlooking Helmut
1315907856,b6a2ab8a25e8e619c6f9d062da9d82c5afd3cde34eabff4f6bd226b2e2fdbaf8,Well... Lady Irelia said no visitors during her slumber...
1315916518,29e17b1a10bf63d46c7370a14bd8b6ae82f7eb8c1cb94f6fd38bf363987f9389,Archival Chip - Tracks of Berylline Vale
1315957125,e1d5e67edb2c5f7eb56d19fb99da687b44353457c42ecc6e5c62cd09f70281ce,"Education, preservation, analysis, assessment... all of it falls to us.
Quite a few members are conducting field studies across Idyll right now."
1315963587,d3a8f89dc5967f48a94e04d302c2bd253e3d1b423fd17fa970838e1acf617b5a,Own 1 Sparkling Prismana Glacy.
1315972224,aea5a5ee6792fab36f3c60e62ef64e40061a8dac7d868b359aff7a4786a32e51,Jeff
1731607396,aea5a5ee6792fab36f3c60e62ef64e40061a8dac7d868b359aff7a4786a32e51,Jeff
1857209808,aea5a5ee6792fab36f3c60e62ef64e40061a8dac7d868b359aff7a4786a32e51,Jeff
1315999568,a6ed110000cf28bda174d14d26297c217ee6ee0fbafb7b66dbb6ec0bcf7b1a3a,"Inhales to trigger an explosion that deals AoE damage. Increases the entire team’s damage and BREAK efficiency by <style=Hint_BgL><customRichText(calcData,buff,2126105,param0,1,%d)>%</style> for <style=Hint_BgL><customRichText(buffConfigData,2126105,duration)></style>s. If the user is <style=Hint_BgL><link=""source_8060""><u>[Shrouded in Mist]</u></link></style>, the damage and BREAK efficiency boost also applies to all nearby allies, with the boost increased to <style=Hint_BgL><customRichText(calcData,buff,2126206,param0,1,%d)>%</style>."
1879564585,a6ed110000cf28bda174d14d26297c217ee6ee0fbafb7b66dbb6ec0bcf7b1a3a,"Inhales to trigger an explosion that deals AoE damage. Increases the entire team’s damage and BREAK efficiency by <style=Hint_BgL><customRichText(calcData,buff,2126105,param0,1,%d)>%</style> for <style=Hint_BgL><customRichText(buffConfigData,2126105,duration)></style>s. If the user is <style=Hint_BgL><link=""source_8060""><u>[Shrouded in Mist]</u></link></style>, the damage and BREAK efficiency boost also applies to all nearby allies, with the boost increased to <style=Hint_BgL><customRichText(calcData,buff,2126206,param0,1,%d)>%</style>."
1316021233,cae7d57bc067a514b8e34c9589631a95c7dc051638ddd2a190773269279a99df,Stop
1437052053,cae7d57bc067a514b8e34c9589631a95c7dc051638ddd2a190773269279a99df,Stop
1890926531,cae7d57bc067a514b8e34c9589631a95c7dc051638ddd2a190773269279a99df,Stop
1950295640,cae7d57bc067a514b8e34c9589631a95c7dc051638ddd2a190773269279a99df,Stop
1316037630,6042d0cc877f3efb9d8248c0adebf1c5bab8ca8d5c3b8d784bbc13743b11016d,The mountain breeze blows through the refreshing green.
1316042499,2eeaf04e7fe4165080ff78e0b8dfbddce1d7f751e813739b2b5ebbacbf16deed,Medium-Grade Lighting Chip
1619075304,2eeaf04e7fe4165080ff78e0b8dfbddce1d7f751e813739b2b5ebbacbf16deed,Medium-Grade Lighting Chip
1720978424,2eeaf04e7fe4165080ff78e0b8dfbddce1d7f751e813739b2b5ebbacbf16deed,Medium-Grade Lighting Chip
1316058303,f0d59f1a4c28d96a05c1c113f1d9f480ef7e30ecf0bc1a689abe448be325a550,Audience Seats
1681786332,f0d59f1a4c28d96a05c1c113f1d9f480ef7e30ecf0bc1a689abe448be325a550,Audience Seats
1692050033,f0d59f1a4c28d96a05c1c113f1d9f480ef7e30ecf0bc1a689abe448be325a550,Audience Seats
1316061170,2b39a081e7d26506cad98ea9b6056ddb2159c48e16f0e8565501006662488321,Consecutive Strikes
1785665751,2b39a081e7d26506cad98ea9b6056ddb2159c48e16f0e8565501006662488321,Consecutive Strikes
1316087658,cd972e3f2048646c6e861ecc9f91149c9ae20009cdbc666d2e00e61dc4002862,Proceed to North Horizon Square Rail Station
1316097948,d12a88a1a06135b0b5dcb03a45282d1253dc43e1224642fab3e26d0888ccc705,Fahloo Bubbles
1316097995,50bc33621e9e0cf0acce4e5b99065baa0bd4199ae417d923dc416163ed9d3c88,...Pippi’s got to be over five. We’d better check somewhere else...
1316172231,3d0fab0e9d33bf975f159686c9c62255d4705422e5ee81c215856c8b2aff11ca,Base Damage Bonus Modifier
1559341869,3d0fab0e9d33bf975f159686c9c62255d4705422e5ee81c215856c8b2aff11ca,Base Damage Bonus Modifier
1316202350,386adb3cd4b1700f59285e12d8e5f4429e308d8d80a813e24e9cbc79720f3246,That makes sense.
1316211789,26a39dc2184bd63242e6b9a34e7467445a73a4871df895d4d9e896f0f356c651,Edit Roster
1394961349,26a39dc2184bd63242e6b9a34e7467445a73a4871df895d4d9e896f0f356c651,Edit Roster
1637738237,26a39dc2184bd63242e6b9a34e7467445a73a4871df895d4d9e896f0f356c651,Edit Roster
2002605715,26a39dc2184bd63242e6b9a34e7467445a73a4871df895d4d9e896f0f356c651,Edit Roster
2030799699,26a39dc2184bd63242e6b9a34e7467445a73a4871df895d4d9e896f0f356c651,Edit Roster
1316225815,bd72e598ca809cfd773992237391ee36f50dfa06d0eaafa1365dd40fc90464df,Hawa! We’ll meet again when Shelly becomes the new Sherro!
1316234686,cba8439e8526300b928b88432c9a56c001bfb2205da0c902daee4faf900280f1,Use to spawn a Holo-Bouncy Pad in the area for 30s.
1316249243,ea02f5bc3c9dc68c7eb5e1801cfa52da8703f20d8a68ac57033c2596d9ffb735,"Jawling explores the world with its teeth. Curious by nature, it wants to put anything and everything in its mouth."
1316265278,c59891b34ca3582b3c0d01a2302243cf8b1ee8ed308e1be874bc254e272a1ba4,The Turbo is splitting...Hurry and wear down its stamina!
1728508781,c59891b34ca3582b3c0d01a2302243cf8b1ee8ed308e1be874bc254e272a1ba4,The Turbo is splitting...Hurry and wear down its stamina!
1316266405,e9e54a39d736d79950cacebd519aec99c3eea0b77af88352b2d7270f1655d5fb,"Then one day, you’ll answer my plea too, won’t you?
Majestic sunlit Aeon, who lit the flame of civilization for humans and Aniimo..."
1316369258,20c0aadeed444951334c53f32b11d86ff0a2f55de9c04a58dff45679a7ccf582,"After all, most people’s so-called dreams are nothing more than tedious fantasies."
1316380792,394049c8816ece0077384ee05dd29371510f09554f1cf2c4a8d65563c9191f1e,Pathfinder Mark
1316393044,9873f777f40628cd72d782c61d29d139e8e4f9cf2c1661c6b05f048187fa948c,I want an even stronger tail strike...
1316410801,7de05e3a6fdf2ddbc4463dd9310401c64b7079bafe77f185f00084b19a984fe2,Test Rewards Refunded
1889207476,7de05e3a6fdf2ddbc4463dd9310401c64b7079bafe77f185f00084b19a984fe2,Test Rewards Refunded
1316415583,bfd91d6f28831ef613ad65343a39e9431dc9ab07aab80fa299af458b6f353a3c,Studio Code: %s
1316425698,8287279fc0717fc89d2240ac110985621f0761258ffc3be6c9fa81457a5f1abe,You haven’t finished redeeming Held Items. Are you sure you want to leave?
1316433643,702ec3f256e47f56915eb1b7124bf51fef15846f57f0683144168467d9e76523,Dry
2007521584,702ec3f256e47f56915eb1b7124bf51fef15846f57f0683144168467d9e76523,Dry
1316482324,b74e0813630ee3576bc3a15894a83633063a5e7cf3e7a3fb162a20d6a5be37be,Nada
1387503923,b74e0813630ee3576bc3a15894a83633063a5e7cf3e7a3fb162a20d6a5be37be,Nada
1558130184,b74e0813630ee3576bc3a15894a83633063a5e7cf3e7a3fb162a20d6a5be37be,Nada
1663408435,b74e0813630ee3576bc3a15894a83633063a5e7cf3e7a3fb162a20d6a5be37be,Nada
1882215659,b74e0813630ee3576bc3a15894a83633063a5e7cf3e7a3fb162a20d6a5be37be,Nada
1316492423,c9748822f931934c8f5b61fe272c4f3ed145f80b8426edc422b2beec27ba7ae0,"So, the light I saw before must have been the Stellarys. Now that it has left, the protection is gone."
1922886352,c9748822f931934c8f5b61fe272c4f3ed145f80b8426edc422b2beec27ba7ae0,"So, the light I saw before must have been the Stellarys. Now that it has left, the protection is gone."
1316506228,754ffae6470d21c675bee13d685e96ac9e4fa4d4bf2850a4dfd5d00d427ac2bc,Used to build wall panels in your Home.
1674568601,754ffae6470d21c675bee13d685e96ac9e4fa4d4bf2850a4dfd5d00d427ac2bc,Used to build wall panels in your Home.
1316521802,23ca3f1a6da8badd805633d169d5264d98af36ccffc2971814ca75d9013424fb,<style=Hint_BgD>Astra Central</style> is filled with skyscrapers of different heights and acts as the central business district of Astra. This area is under construction. Please stay tuned...
1316535169,3e9cfb4b6442015a96a15c34908b12b0f67652046e9b6465e36a63b591436050,Does the plant on its head grow if someone waters it?
1316586935,6dda787eb4c88ad195b885aad9d78a249f1bcb80afc8b6aad1ff94e33c53874a,"The flowers are beautiful at night too, but I’m getting sleepy...
Let’s head back soon, okay?"
1316601738,27146b94482b45b9493257f3bff8a139fcb78ad1505b06a454f5b9c8ea2ed8f5,"Nope. Black Nimbis are <style=Hint_BgD>a special form that appears after their wool absorbs water</style>.
Hmm, you can probably find them <style=Hint_BgD>after they get rained on in special weather</style>."
1316603139,bf7be287be7cda1a6e7a1d181fc7e1db5b82ce4c46138b9d9ac9d7c492b11555,Track Panpanta
1316622538,161d346f43b4e131c183a448a736478c8462beb9572759a3aca4773b92f3343f,"If I reconnect the Vein with my roots... 
I can replenish the lost colors with my own!"
1316635036,317d2b96dd01eae4f5952b1230bbb8fda271d58bcc72fb0deae63b283bc23ee3,Squashel
1369696073,317d2b96dd01eae4f5952b1230bbb8fda271d58bcc72fb0deae63b283bc23ee3,Squashel
1316645039,10841a3edd4f7e56603055b0e594ab11f6b9cc536c6842b3b0dd5199dede838d,"Inside the chest is a high-quality Held Item called Ferocious Fang. Equipping it can strengthen an Aniimo in battle, but what matters most is how well it complements that Aniimo’s abilities. The expedition team decides to reserve it as a reward for your assessment, only to be used once you become a Grade III Student."
1316645048,eb7a09e8e4779be7ef83a3e85a6953692cfa16685790363c99bd529772c2a048,So... any song works?
1316658909,a919cfddd7c28305555a6159856e48987c2ddafacccc73e73bfd306c4c0decce,Gender mismatch. Cannot gift.
1316705029,d601033874affff5204b9db46418c824f9618ccf163b139ac7eee3f0a821528d,"Good, that's the you I know."
1316742167,b37ec6a5ee32ff99bc359f22c0748acb5e4882489c8f7e1839e817b9221f758a,"In the <style=Hint_BgL>Aniimo Training</style> section, select <link=""appearHelp_213""><color=#5090df><u>Resonance</u></color></link> and spend <style=Hint_BgL>Dewdrop Crystals</style> and <style=Hint_BgL>Elemental Stones</style> to star up or ascend your Aniimo. Both provide significant attribute boosts."
1408837416,b37ec6a5ee32ff99bc359f22c0748acb5e4882489c8f7e1839e817b9221f758a,"In the <style=Hint_BgL>Aniimo Training</style> section, select <link=""appearHelp_213""><color=#5090df><u>Resonance</u></color></link> and spend <style=Hint_BgL>Dewdrop Crystals</style> and <style=Hint_BgL>Elemental Stones</style> to star up or ascend your Aniimo. Both provide significant attribute boosts."
1902621790,b37ec6a5ee32ff99bc359f22c0748acb5e4882489c8f7e1839e817b9221f758a,"In the <style=Hint_BgL>Aniimo Training</style> section, select <link=""appearHelp_213""><color=#5090df><u>Resonance</u></color></link> and spend <style=Hint_BgL>Dewdrop Crystals</style> and <style=Hint_BgL>Elemental Stones</style> to star up or ascend your Aniimo. Both provide significant attribute boosts."
1316788439,900d6b54763dfe58a108b0c1f9d15ce76ab68e457c92ad1ee19576ee7d6b9571,Power of Fire
1391927204,900d6b54763dfe58a108b0c1f9d15ce76ab68e457c92ad1ee19576ee7d6b9571,Power of Fire
1463346459,900d6b54763dfe58a108b0c1f9d15ce76ab68e457c92ad1ee19576ee7d6b9571,Power of Fire
2113436162,900d6b54763dfe58a108b0c1f9d15ce76ab68e457c92ad1ee19576ee7d6b9571,Power of Fire
1316826626,a76f761524590ea22572329a1e0644a035017ffae45b4e8c9141c49763370063,"...Well, let me take a look at the map I drew..."
1316840628,0924a671165fef5acccb9188c5083837af59548ec6a7c5c3be29dad06cc9acb1,Cooldown
1316856594,df6348f02999d595445b30dd243b9201ee697117b6d6b71fb0711e01ebe3d871,"Now that you've found Clues about ancient Aniimo, the Headmaster would definitely love for you to join Polaris Institute."
1316861576,ed8688fc1a0ea37eadf0ac3a735435bda9ab20b8ebea5d45de3b81a123be9103,Aniimo level 42
1372962356,ed8688fc1a0ea37eadf0ac3a735435bda9ab20b8ebea5d45de3b81a123be9103,Aniimo level 42
1316908419,a77f09614213ee97d8e204ef16762c3ac0820e6269f5266cb58b651fdcd30afd,"But I wasn’t very nice to you earlier, and you still helped me get my leaf back..."
1316927995,02291e6957a1656c3eacbfd12db4e472729d2e5ff3327de6dca2fd4a1f09851d,Found something interesting?
1316958507,95d6425d15a71da3e446cec18dd2db71a27171cbf8e83208c1bfd0e7632024c0,Cool Summer - Coconut Cooler
1675963788,95d6425d15a71da3e446cec18dd2db71a27171cbf8e83208c1bfd0e7632024c0,Cool Summer - Coconut Cooler
280269511,537f9485e306d8bdb0d8c6f77ef7d7def8bc27e04c157ddad4ef56c6e31a4676,Defeat 3 different Alpha or Omega Aniimo.
1316986456,537f9485e306d8bdb0d8c6f77ef7d7def8bc27e04c157ddad4ef56c6e31a4676,Defeat 3 different Alpha or Omega Aniimo.
1317034111,c07c7dcbf0614d4e54e3737339197e16b72bf0b4edb976af66b18cc72755181c,Perfumer
1758846153,c07c7dcbf0614d4e54e3737339197e16b72bf0b4edb976af66b18cc72755181c,Perfumer
1317063890,5e9be0298b10f60292112fe76f21dc2ad8b61aab297da2fbaba6fa8b12a1c630,Own 1 Sparkling Prismana Hexxin.
1317068410,896b57d74ccd5e588bcdbf18844ecb6f3aa8948762a18ca1f5fd4b813ca3adea,Woohoohoo!
1452097868,896b57d74ccd5e588bcdbf18844ecb6f3aa8948762a18ca1f5fd4b813ca3adea,Woohoohoo!
1544689258,896b57d74ccd5e588bcdbf18844ecb6f3aa8948762a18ca1f5fd4b813ca3adea,Woohoohoo!
1561143297,896b57d74ccd5e588bcdbf18844ecb6f3aa8948762a18ca1f5fd4b813ca3adea,Woohoohoo!
1317078605,d6704f2d3fe4cfae502a21a326bf3fc6a7453afef1f4c1c7ccf55522b5f35208,"A rough, slate-gray stone floor."
1642378063,d6704f2d3fe4cfae502a21a326bf3fc6a7453afef1f4c1c7ccf55522b5f35208,"A rough, slate-gray stone floor."
1317088844,baaaf99c9be2f74a724175036b028c087a6b2ee9ec82b457baeefe8484f87b0c,Imprisonment
1806541991,baaaf99c9be2f74a724175036b028c087a6b2ee9ec82b457baeefe8484f87b0c,Imprisonment
2113923900,baaaf99c9be2f74a724175036b028c087a6b2ee9ec82b457baeefe8484f87b0c,Imprisonment
1317098483,78d993a2a26f0d8c6a05a9b1bac3247aacfa2577aa5f54da825493c935f71a24,Complete a multiplayer match once with {0}
1317107511,569d3d8d5ddf7338d5cb042dba7887acff181c16f2d1ce75bbeba994ecd85864,Disruptive Current
2090859785,569d3d8d5ddf7338d5cb042dba7887acff181c16f2d1ce75bbeba994ecd85864,Disruptive Current
1317115995,0b92f057449ce508198d957784f43e5168d746753d177236fa81726abf051054,Voice Signature
1317146995,90671b86d9657b388c42c2296d786110c3b2b8b86e58ed7331311f4064348d7c,Colorful Shining Captain Spud
1492945721,90671b86d9657b388c42c2296d786110c3b2b8b86e58ed7331311f4064348d7c,Colorful Shining Captain Spud
1741442747,90671b86d9657b388c42c2296d786110c3b2b8b86e58ed7331311f4064348d7c,Colorful Shining Captain Spud
1317159804,9a66427f74032777aea0759c81a9415fe1197773be9b0e6e4fbeae8d9e3fc64d,"Excellent, I knew you’d understand! I’m sure your Aniimo are beautiful as well. Let’s hold a contest of beauty!
Beauty blooms most brilliantly in the heat of battle."
1317167581,3ed06e83f8d9c6592392f5726a134a127cd8fc768c16d0f24c90ab5e5cb35edc,Kim's Shop
1317173251,162b93a7d03c71ec1454d6165a0c8237d17393202532858e277758faf1c4c15e,Report Alpha Aniimo
1381697403,162b93a7d03c71ec1454d6165a0c8237d17393202532858e277758faf1c4c15e,Report Alpha Aniimo
1317188935,ef6dffc4df2e1b4f0df065596cf9ec6b4b714e6bab0dd81f6970cf4370f03668,Unlocked by crafting a Legendary Aniipod.
1953611217,ef6dffc4df2e1b4f0df065596cf9ec6b4b714e6bab0dd81f6970cf4370f03668,Unlocked by crafting a Legendary Aniipod.
1317232824,0fee73f468a7a765d31d9dcfdb1ec0af56974e14af7d93c67e602a29d8d65673,Research Progress
1706366291,0fee73f468a7a765d31d9dcfdb1ec0af56974e14af7d93c67e602a29d8d65673,Research Progress
1740729999,0fee73f468a7a765d31d9dcfdb1ec0af56974e14af7d93c67e602a29d8d65673,Research Progress
1317238817,774f311ba9dc79fa365544e57bd737101ca9cc01939e846aa17ed348fa7a66d2,Beginner Keepsakes
1317243368,0438185efc5b805bf234aa5fd3f28b5afad50e8117d55689da18084da3b2cb62,Bitter Berry
1538679812,0438185efc5b805bf234aa5fd3f28b5afad50e8117d55689da18084da3b2cb62,Bitter Berry
1873599550,0438185efc5b805bf234aa5fd3f28b5afad50e8117d55689da18084da3b2cb62,Bitter Berry
1317278216,5085d39779a7656a4fd85ff696a0f800063857dd8c1a18e45b353ffb835e6bb6,Chirpy! Chatter!
1657736730,5085d39779a7656a4fd85ff696a0f800063857dd8c1a18e45b353ffb835e6bb6,Chirpy! Chatter!
2029142357,5085d39779a7656a4fd85ff696a0f800063857dd8c1a18e45b353ffb835e6bb6,Chirpy! Chatter!
1317292989,17b631e63dfed80d2f721a49e4f90793add3af00fc4301ea2fe96c61e7bb5f2c,Idle Time
1629252794,17b631e63dfed80d2f721a49e4f90793add3af00fc4301ea2fe96c61e7bb5f2c,Idle Time
1684376658,17b631e63dfed80d2f721a49e4f90793add3af00fc4301ea2fe96c61e7bb5f2c,Idle Time
1785284964,17b631e63dfed80d2f721a49e4f90793add3af00fc4301ea2fe96c61e7bb5f2c,Idle Time
1317294482,16594d24a712e3db2bca2e2cd7656cf6a53eb8b958861a0832312daa7c723428,Story-Jump End
1317344879,64ed34cf3fe068d2eb6aa9241201f2196e1071f0de9fea3febcab348892816b2,Unlock Production Plot 15
1317372095,1e3fe2f8c603d206efb2ba3876665abcc60d02cb95a58511319db380ad5c0386,Select Path
1317381115,0f1e5b6904c3e2783a82b6e230ce860bdca9d64c3032690d8c81992ec69e1d3f,Fair warning. My Gracewings are excellent healers. Don’t hold back.
1317385370,928c04832e4b2d9f737ff8360e9cf3db2986d9edc9014ab471e39631c7c1106b,"Report completed research entries to earn <style=Hint_BgL>Research Points</style> and <style=Hint_BgL>Safaris</style>. This raises your Aniilog <style=Hint_BgL>level</style> and <style=Hint_BgL>character level</style>, improving your <style=Hint_BgL>character abilities</style>."
1317418447,72fa7d506df287b3013445529f4dce293a9569ce966e63812da3e710410bad59,It’s raining so hard outside.
1317473423,d72d736c4fd62e8fc2f2785a28dc4a986fe143900c5f650fa8bf68b5ff899049,A dark gray-violet building block for all kinds of structures.
1617757207,d72d736c4fd62e8fc2f2785a28dc4a986fe143900c5f650fa8bf68b5ff899049,A dark gray-violet building block for all kinds of structures.
1317500633,ce51668a5fffb4f57a12126b9fa634b0ec76df8c647025fdfdfcd3ce71a39676,I’m not ready...
1317501882,d145e1908a592d6de426309532873db6605b69e3baf1137b97ec3f44f3edb0e7,I can hear what you really mean.
1317504479,8c75fe69e2c2b66e043b7c6d5073af5ea935883a133d2bae75179b3f1b315d6d,Adept
1901118966,8c75fe69e2c2b66e043b7c6d5073af5ea935883a133d2bae75179b3f1b315d6d,Adept
1317518115,cbbfc66871ab74c5b2cd708c8d4e13805258145b37592a3044e45c8579803c9c,"...Yeah, you're right.
First things first—let's get to that dandelion..."
1317562105,e05d0c40539bbb3ae65e2273a1a462228770169d079aec43c83ec6b15268c4c2,<style=Debuff>{0}</style> minutes until extraction
1317569192,d922bcb276de4e07fc4f9c5a381dd9c15ec575cc1470f990dcbc321c121f69dd,<style=Hint_BgL>{0}</style> interacted with <style=Hint_BgL>{1}</style>’s <style=Hint_BgL>{2}</style> and picked up Voxel Coins together!
1317575828,0b8efa5a3bf104413a725c6ff0459a6be12b1fd33314cbb138745baf39504ae5,03
2121484138,0b8efa5a3bf104413a725c6ff0459a6be12b1fd33314cbb138745baf39504ae5,03
1317583650,37362c1d29a13a19e783edf2926ecad6f955565a88e8a19a70749e6cd7f50487,Square Pillow - Mocha
1469533164,37362c1d29a13a19e783edf2926ecad6f955565a88e8a19a70749e6cd7f50487,Square Pillow - Mocha
1317585479,0191c619a2d75522cc246588d66b4db6cf124bf5bd87c6a408fe24a914ad9389,00:14
1317587470,c7b0c481fa28a95d38a0f07330d1d5bcbd5e0b2feaeb680076b2b49590ad0fe4,Vortex of Petals
1317592144,e96fa7e554ea64ae9d7054e8936a62053770308f8720b4e078f85c6ecf8315b6,Details placeholder details placeholder details placeholder details placeholder details placeholder details placeholder details placeholder details placeholder details placeholder details placeholder details placeholder details placeholder details placeholder details placeholder details placeholder details placeholder details placeholder details placeholder
1317602595,5c48a0f989881eaa1192b39a1cf98e2ee2ab4d6fdaa31aa6b0614b232c154be0,Large Metal Ball
1317665294,667233de5692d4893d90b4d52432ddd9b967a34e96dcbfcd4243346c8043523a,The full instructions have been synced to your terminal. Follow the guide and try it once. That should make everything clear.
1317674257,160e2f658ca6604db70501e952a3ebee83da48a0378c68c44acb41277fedc565,"You’re really smart. Grandpa says the smarter you are, the more you think—and the more stuff you worry about."
1317714788,0732cf44476823ad73d9fb0895ddd69bafad3eecbc52aa70c3e24ee80d3e95b6,Add our WeCom contact for a chance to win Aniimo merch!
1323604030,0732cf44476823ad73d9fb0895ddd69bafad3eecbc52aa70c3e24ee80d3e95b6,Add our WeCom contact for a chance to win Aniimo merch!
1489277605,0732cf44476823ad73d9fb0895ddd69bafad3eecbc52aa70c3e24ee80d3e95b6,Add our WeCom contact for a chance to win Aniimo merch!
1829533725,0732cf44476823ad73d9fb0895ddd69bafad3eecbc52aa70c3e24ee80d3e95b6,Add our WeCom contact for a chance to win Aniimo merch!
1317723770,d2c4a9195263bae66d82ff821416932cb6fcb45c24a69279841e548f94c28252,"Guided by Prismana, its determination to uphold justice casts a golden glow across Sherros’ shell armor."
1317726275,aab14a0a9f068b9f85150e42caee3d6b0e5966691ebdc448bc3ab3417004939c,[Unmute Notice]
1317759616,8dc367f0c51caf2b83c579393201cebe928b9b6130f07e2d6f29e360431d1c2e,Free Companion Handbook Level 16
2018273040,8dc367f0c51caf2b83c579393201cebe928b9b6130f07e2d6f29e360431d1c2e,Free Companion Handbook Level 16
1317765207,927eed0877adc297d6296b28536c14ef7e18207501eec2761c751b5fdb7da93c,"Page 1
I’m just a florist—why do I have to research life?
But Floret is my best friend... I can sense how much it cares.
The Life Force Seed is important to it.
————
I noticed that Irises can help plants near them grow better.
Maybe it’s something worth learning from?"
1317775011,a42cacd9b994f70155acf99164e25bbabd6e5e5ed05ceb617ce62089b5ffd402,High-Pitched Cornet & Soprano Cornet
1468201570,a42cacd9b994f70155acf99164e25bbabd6e5e5ed05ceb617ce62089b5ffd402,High-Pitched Cornet & Soprano Cornet
1760150863,a42cacd9b994f70155acf99164e25bbabd6e5e5ed05ceb617ce62089b5ffd402,High-Pitched Cornet & Soprano Cornet
1317797713,5542037497c0e7dcc3cacde99d094613faec82a3cbedf010f56e6d21f6db240f,Cozite Dewdrop Crystal
1317801035,c2adc694383677c2ac7e746f301ac7ae58909660ba2b20450b8ac2d3bfedbb72,Sparki
1384601829,c2adc694383677c2ac7e746f301ac7ae58909660ba2b20450b8ac2d3bfedbb72,Sparki
1427603300,c2adc694383677c2ac7e746f301ac7ae58909660ba2b20450b8ac2d3bfedbb72,Sparki
1436202607,c2adc694383677c2ac7e746f301ac7ae58909660ba2b20450b8ac2d3bfedbb72,Sparki
1528545982,c2adc694383677c2ac7e746f301ac7ae58909660ba2b20450b8ac2d3bfedbb72,Sparki
1685609831,c2adc694383677c2ac7e746f301ac7ae58909660ba2b20450b8ac2d3bfedbb72,Sparki
1766030554,c2adc694383677c2ac7e746f301ac7ae58909660ba2b20450b8ac2d3bfedbb72,Sparki
1779382421,c2adc694383677c2ac7e746f301ac7ae58909660ba2b20450b8ac2d3bfedbb72,Sparki
1856646668,c2adc694383677c2ac7e746f301ac7ae58909660ba2b20450b8ac2d3bfedbb72,Sparki
2046979923,c2adc694383677c2ac7e746f301ac7ae58909660ba2b20450b8ac2d3bfedbb72,Sparki
1317820103,63cbaa8bbd5a36165c89bb73e9868a06e68add3de9b9ce19112e95f4db03c106,"Ahem, you're treating me to delicious Honey Cake, I'll repay you well."
1317880690,3520f19ec985a6c885ee44a3a6f976872db67dd9fd436d2e4ab1505d51165c3b,Self-Select Items
1317885333,874f941eaa5c6a52a49850160c916ab7730bdf5f9a698a0917011a8daacaebc7,Sorrow debuff (cannot be directly placed)
1317902578,cdb00844a3dbb6d8479a24aeaab37098502d4ce733f87729eea9a881c596c648,Quick Healing
1317903798,e3c1393bac5b5079a921fe646ba43ca7fecc25704ba4adf8a8b87291fd4e87aa,Morphling first Transport enters Story placeholder
1317904598,44df544677703601fa96dbddee475d32e1678bafbb8b410c0cfa5975353ce345,Choose a Holo-gizmo
1317918034,8ee23d072bd0a4f337a59c4eb2594c789abca0203cbca651f4b42154b3d56e8d,A small and delicate doll of Jawling.
1686051035,8ee23d072bd0a4f337a59c4eb2594c789abca0203cbca651f4b42154b3d56e8d,A small and delicate doll of Jawling.
1740872087,8ee23d072bd0a4f337a59c4eb2594c789abca0203cbca651f4b42154b3d56e8d,A small and delicate doll of Jawling.
1317925441,b0e8ce8b40af250208537aa2679bf53b0bd0ba495b6948b6f6bc77521d73a34d,Not a follower—a partner we become one with!
2001883018,b0e8ce8b40af250208537aa2679bf53b0bd0ba495b6948b6f6bc77521d73a34d,Not a follower—a partner we become one with!
1317943467,c253f451bdd56431ff15f638498d0003c36aabd5b07e5d21aaa7f1391410747c,Reply
1492326273,c253f451bdd56431ff15f638498d0003c36aabd5b07e5d21aaa7f1391410747c,Reply
1317979991,caa60c112cdc9dccc741c15d4bb6d88be761ea9eff1495e0945ebb1a86bc5d74,Lightning Rush
1765951348,caa60c112cdc9dccc741c15d4bb6d88be761ea9eff1495e0945ebb1a86bc5d74,Lightning Rush
1317987106,636c30c891c644fa3c12428132c587b334cd80488e41f1162259883e1069641c,"1. During the event, visit the ""Polaris Liaison Station"" and follow the instructions on the event page to link the specified account or platform.
2. Available linking options may vary by region. Please refer to the event page for your region to see which accounts and platforms are currently supported.
3. Your linking quest is considered complete once the account is successfully linked and verified. Make sure the account information you provide is correct to avoid issues with future login or account access.
4. Once the account is successfully linked, the corresponding rewards will be sent via in-game mail. Be sure to check your mailbox.
5. Quest completion status and available rewards are based on what is shown on the event page. If you have completed the linking process but haven’t received your rewards, try logging into the game again or contact official Support.
6. Event times, supported platforms, and rewards may vary by region or platform. Please refer to the in-game information for details."
1520092688,636c30c891c644fa3c12428132c587b334cd80488e41f1162259883e1069641c,"1. During the event, visit the ""Polaris Liaison Station"" and follow the instructions on the event page to link the specified account or platform.
2. Available linking options may vary by region. Please refer to the event page for your region to see which accounts and platforms are currently supported.
3. Your linking quest is considered complete once the account is successfully linked and verified. Make sure the account information you provide is correct to avoid issues with future login or account access.
4. Once the account is successfully linked, the corresponding rewards will be sent via in-game mail. Be sure to check your mailbox.
5. Quest completion status and available rewards are based on what is shown on the event page. If you have completed the linking process but haven’t received your rewards, try logging into the game again or contact official Support.
6. Event times, supported platforms, and rewards may vary by region or platform. Please refer to the in-game information for details."
1947105513,636c30c891c644fa3c12428132c587b334cd80488e41f1162259883e1069641c,"1. During the event, visit the ""Polaris Liaison Station"" and follow the instructions on the event page to link the specified account or platform.
2. Available linking options may vary by region. Please refer to the event page for your region to see which accounts and platforms are currently supported.
3. Your linking quest is considered complete once the account is successfully linked and verified. Make sure the account information you provide is correct to avoid issues with future login or account access.
4. Once the account is successfully linked, the corresponding rewards will be sent via in-game mail. Be sure to check your mailbox.
5. Quest completion status and available rewards are based on what is shown on the event page. If you have completed the linking process but haven’t received your rewards, try logging into the game again or contact official Support.
6. Event times, supported platforms, and rewards may vary by region or platform. Please refer to the in-game information for details."
2022284806,636c30c891c644fa3c12428132c587b334cd80488e41f1162259883e1069641c,"1. During the event, visit the ""Polaris Liaison Station"" and follow the instructions on the event page to link the specified account or platform.
2. Available linking options may vary by region. Please refer to the event page for your region to see which accounts and platforms are currently supported.
3. Your linking quest is considered complete once the account is successfully linked and verified. Make sure the account information you provide is correct to avoid issues with future login or account access.
4. Once the account is successfully linked, the corresponding rewards will be sent via in-game mail. Be sure to check your mailbox.
5. Quest completion status and available rewards are based on what is shown on the event page. If you have completed the linking process but haven’t received your rewards, try logging into the game again or contact official Support.
6. Event times, supported platforms, and rewards may vary by region or platform. Please refer to the in-game information for details."
1317993939,4f678be1b7cf38d70b77584795762e7f1d47c07abfe3a8a9ebc2765fd60882c6,Someone with a sweet tooth must have been stealing my nectar!
1318005500,eb549d14c9ecc86034b133e95847755e884be008d69cdeb58b316b5d8ce72146,Move the pieces
1676268070,eb549d14c9ecc86034b133e95847755e884be008d69cdeb58b316b5d8ce72146,Move the pieces
1318029993,b6c2960dc96dd64014a158d428ac58c0427a6f80e2a0c3a33ac6e1678be8ad54,"Charges into the target with its hardened body, dealing heavy damage."
1477277008,b6c2960dc96dd64014a158d428ac58c0427a6f80e2a0c3a33ac6e1678be8ad54,"Charges into the target with its hardened body, dealing heavy damage."
1318040707,0cfeb3e049ac1a211149ff3ea8e1984ead06f0f6160bd0e8661d8123f78491ac,Cool Summer - Beach Lounger
1755690081,0cfeb3e049ac1a211149ff3ea8e1984ead06f0f6160bd0e8661d8123f78491ac,Cool Summer - Beach Lounger
1874646674,0cfeb3e049ac1a211149ff3ea8e1984ead06f0f6160bd0e8661d8123f78491ac,Cool Summer - Beach Lounger
1985475072,0cfeb3e049ac1a211149ff3ea8e1984ead06f0f6160bd0e8661d8123f78491ac,Cool Summer - Beach Lounger
1318051634,fb882f5aac87e1efeea1ec2460258f298ef78ffe0aac8e3229feeeb28abba623,"You rescued %s, and they woke up."
1318104715,3b3519b6f8cf3bbdf3551897866c1eeb44897a786b2353f1226bc199e3482c2d,This Aniimo radiates its signature Sparkling glow. The Aniimology classifies this variant as the Family’s Sparkling Type III
1318132148,b5cded5fda9cf32436fab7b06ed41c1d4005b1aeb50ce53c1c0c54046d2fd44c,Sword and Shield Hero
1318136246,e80ced69765965bb9860294db4adbebb309337c19504ad42971a9b2ea0979ba9,"When you arrive there, <style=Hint_BgD>touch it</style> and you'll understand."
1318142743,1baf37a7b4f1978b1c888f50512e5a4d81250ad4968d0cccebf4b0259d689f13,[Polaris Society] Your Exchanged Rewards Have Been Delivered
1318156639,c4da7aca473bd45240b84ecbe99fb1daa72786c72442c159fd9f37cc00fc6389,"After you take damage from Glameep Omega, small bubbles will keep tracking you."
1318158480,5774e8c6d50d7b57be284c7c826ef09b0fd126eb26edef2c091660362345efc0,Reset Pathfinder Signature (Clear)
1318163711,7184bba5605b2d7d3bab90ab7206c4d49bdd21ae6e6a9680f3027aad6e5de24a,Pearlescent Butterfly Clip
1439720811,7184bba5605b2d7d3bab90ab7206c4d49bdd21ae6e6a9680f3027aad6e5de24a,Pearlescent Butterfly Clip
2063914403,7184bba5605b2d7d3bab90ab7206c4d49bdd21ae6e6a9680f3027aad6e5de24a,Pearlescent Butterfly Clip
1318171897,d2b0fa4f5d0d85ac72b027f3fe1403ec97d29ad3f3d82d53ed85c4c12f5dc04f,A bathroom fixture for your Home.
1318237621,325c3c20612bc65cbc454eab1f126287d9e53ada2d386d516ba696c0e3e84436,Held Item Chest
1318257118,1231a04f27f4d1f4f07563fef7ccd84161b12de6deb8a904874f115cf6d4af10,Spinning Wheel Fan Blade 
1491357846,1231a04f27f4d1f4f07563fef7ccd84161b12de6deb8a904874f115cf6d4af10,Spinning Wheel Fan Blade 
1318261238,00295c5cfa7dedf8505156e99be8ec08cc0f6f033c4fb5fcb53b0db940f45f00,"Explore the Sanctum, repair the Vein."
1318267062,cc191ad10bfdab1e2cc7e492b114e6a08d16b10a3b3d3b1df6131ac32f03be17,Good grief! The Gluttonous Lavazar turned into a Blessed Lavazar!
1318295057,7c6700d3a48e70b4dbb423ed00222723ea7ca62c2c42ccae05098a7abe5f2ac2,Sign up for Prismana Aniimo research.
1318353765,27805a01e6faa6fd97c0b40450997fe64204be6e87beb57b735ac8c744244588,High-Frequency Skills
1479779339,27805a01e6faa6fd97c0b40450997fe64204be6e87beb57b735ac8c744244588,High-Frequency Skills
1318375670,f207876f1669d25d901a71c1919e26972d4f551b32b45ce95d061c92f15534a3,Flamerion has appeared in Beast Fang Ridge to protect Sparki!
1318527647,8e8eb054e51a1f055ecdba33d28f4d646e4a0abdb7eea5ec699611ce931eb390,Use ethanol as a solvent.
2007572923,8e8eb054e51a1f055ecdba33d28f4d646e4a0abdb7eea5ec699611ce931eb390,Use ethanol as a solvent.
1318580060,d5ef7ed267d5301fb1ae161c865db9bdb2f1dfc93397b5ecf033ec6a1886ddf2,"An egg with powerful vitality, found in Blitzwood. Guaranteed to hatch an Aniimo with <style=Q_4>Elite</style> potential or higher."
1318607653,204ae8bc3ef50e5a5aa710e6f229a21ce4f5ff3e7e28f17e88e90f088454a2ac,Recommended Elements
1318651153,c9f0dfe9f8eef079fdc9e1060b3f2124ca39f7d8a8c1ef5e49bdfbea0c33f8c8,Rainwashed Celadon - Tissue Holder
1961303540,c9f0dfe9f8eef079fdc9e1060b3f2124ca39f7d8a8c1ef5e49bdfbea0c33f8c8,Rainwashed Celadon - Tissue Holder
1318669120,c6b2c61d58ae0e6ed5679544203b7a7fadead8a45ff5eab64af050db727a01c8,"I have to admire the Headmaster's vision.
Selecting you to enter the academy was the most correct decision he ever made."
1318704862,9b6d199292be25f71a422db10d7354519d6c0fb321d74205fb9c4aae82752d14,Exactly right—earning regional collection badges is vital for us. Make sure you go for them.
1503061883,9b6d199292be25f71a422db10d7354519d6c0fb321d74205fb9c4aae82752d14,Exactly right—earning regional collection badges is vital for us. Make sure you go for them.
1318715503,4c29ec90bc22d984cba1d8ef069aa26d0025a9d37c0353f0492f4e87d2fab605,Backup dancer
1318717735,24c8d84400f196d0eb522a8e0248b490d63de805cbbf93c54039d845c77fc702,"Helmi’s scouting! There are scary ones around here, so be careful!"
1318731321,83927ee7e977def02675129631ea72045639bc73ef6156e892539e6d69da9bdf,Select [<style=Hint_BgL>Hatchinator</style>].
1318757736,235425eab948a5a4fa002865aef9e6888dc75228118f6f8bdf625c48825323ed,I’ll give it my best!
1318779345,f738ad532c3ddaad67c2b2183dc94b4e705adfb37a2fcc955678df24282979f8,Starlight shines brightly over another glorious harvest year.
1707925265,f738ad532c3ddaad67c2b2183dc94b4e705adfb37a2fcc955678df24282979f8,Starlight shines brightly over another glorious harvest year.
1318914653,34b7f54e7b787638ace78c015a8d6d45a4bccc0fb0bf97bb36ef2c22cdf57527,Egg-stealing exclusive Bonfire
1318914674,d3952b4c3af9e0c97280fe7ed73b36c06e42dc12009bedbf6d41ce00ac66abf1,"Hey, little guy, come here, come here—"
1318925501,70d098e79bd62803c581fcc33f66b0cea641763b59851d73723896bde245262e,"(It finally learned how to talk without all the ""ho-hoos."")"
1319007704,0f57974acfc4b377a2d9ac75e6cca2c9e8cbc19f8fdd1e8d200ccf8f36633eeb,Name placeholder Jacking Name placeholder Jacking Name placeholder
1319010310,b00ca97b0c5be9e17aed6e510749052fa184017afe8bb64000e8162c61a11335,Farmland (Level 7)
1534184304,b00ca97b0c5be9e17aed6e510749052fa184017afe8bb64000e8162c61a11335,Farmland (Level 7)
1319016386,7d339595c12356622a70d02d729c643b5d2b91f9950418dff4ba4b655cec2696,"Your account has been reported by other Pathfinders for inappropriate in-game communication: ""<style=Hint_BgL>%s</style>""
We believe your message may involve <style=Hint_BgL>%s</style>.
Your account will be muted for <style=Hint_BgL>%s</style> hours. To appeal this decision, contact in-game Support.
A healthy game environment depends on every Pathfinder. Please follow the rules."
1319019701,a287df98851195e2afdcb7545e62e3ccabf204f64bd93b24a5b7bc04feb99f3e,The sea breeze is rising along the cliff.
1319067451,cbf126469b1aa9accc12bff0f87c4c9ebb6cba7ad79eec550cea100808f01639,"Area-variant or weather-variant regular and Umbral Aniimo <style=Hint_BgD>with a maximum potential of 10</style> caught in Companion Mode can be gifted to your companion. Tracked separately from other tiers. <style=Hint_BgD>In Companion Mode, the report bonus shared with this friend receives a substantial boost</style>."
1319072889,8ab17bb7aa97eb22f7821770b4acc9dc8d2f395b96edf7e983bf0a5975808676,"A neatly crafted square wooden table, structurally stable, solid and durable."
1532715680,8ab17bb7aa97eb22f7821770b4acc9dc8d2f395b96edf7e983bf0a5975808676,"A neatly crafted square wooden table, structurally stable, solid and durable."
1319090507,34e43f38189cfc4095ebfe8bba2cb03c04324f2e428f3079a29bc81a8610eb1c,A coral pink building block for all kinds of structures.
1644124892,34e43f38189cfc4095ebfe8bba2cb03c04324f2e428f3079a29bc81a8610eb1c,A coral pink building block for all kinds of structures.
1319100242,94fd1ed2c8e662ba2a7a0b1773c6769ab8ae3d700939a61db09c5f771723a36d,Unlocks at Kitchen Module Level 5
1560114783,94fd1ed2c8e662ba2a7a0b1773c6769ab8ae3d700939a61db09c5f771723a36d,Unlocks at Kitchen Module Level 5
1319114861,c0cf400e375f95227be1fc8e1de0671c60afc7f2c6e98838635cfb1f70c9b50d,Giant Rubber Duck
1319138892,039a0a544dbb8faac6391597d1706eb35108985dbe0bd3143e8e34532bbc5419,Shiny
1409927886,039a0a544dbb8faac6391597d1706eb35108985dbe0bd3143e8e34532bbc5419,Shiny
1534518932,039a0a544dbb8faac6391597d1706eb35108985dbe0bd3143e8e34532bbc5419,Shiny
1319152557,592c876a85cce346518fc607d531d6d02bf4c95091092fdb27e6dcbdf09e571d,Healing Wave
1958509755,592c876a85cce346518fc607d531d6d02bf4c95091092fdb27e6dcbdf09e571d,Healing Wave
1319154729,6a520b19ae64c12e6059426e2428c89dcc19ebe9d3bcf2ddb0278c6eedfb7795,Report Aniimo unlock Research entry
1319194221,aea8d8e0b7f08ca8f7458e1e09529e0e91698f63ab212eedc28e41ddde03d498,Woo-ah! Haha-heh!
1319204326,462493b2d5885ef3bef7ce64b79c42cee07869928562968ba9a13f72e932449a,Mouse Treasure Vault
1319204476,875d043f1596e679c9c6c877beabb2214713fff2522775a2a962cf6a94f0c34b,"Item retention under Beginner Protection applies only to items belonging to the Pathfinder. If a Pathfinder is carrying items that belong to other teammates, those items will not be retained!"
1319210339,586b180f8aa2868b4dfb5419227d3110d1111abedef7e33d5273acee1ab090ad,Sunset Susuta - Right
1319975599,586b180f8aa2868b4dfb5419227d3110d1111abedef7e33d5273acee1ab090ad,Sunset Susuta - Right
1824216283,586b180f8aa2868b4dfb5419227d3110d1111abedef7e33d5273acee1ab090ad,Sunset Susuta - Right
1319289715,892b724ac1c9440491a6c32e688b19556c84ed09ee8559eb7727a040b69c23ff,Huge Colorful Shining Crystalline Cranberry
1419576596,892b724ac1c9440491a6c32e688b19556c84ed09ee8559eb7727a040b69c23ff,Huge Colorful Shining Crystalline Cranberry
1490457305,892b724ac1c9440491a6c32e688b19556c84ed09ee8559eb7727a040b69c23ff,Huge Colorful Shining Crystalline Cranberry
1319291843,5f54492c8a83e8cd2f9ed94f7f72b34b82fb8e866ac415b5d0e16c0fa1a4839b,You can’t just hide here forever.
1319324002,2aa766c6622b2f7f9609f6286903f2556880835f8b930694a8554bb8908758c3,"Thank you again for going on this short, precious adventure with the Aniimo! Please accept this small token of their appreciation!"
1319345638,94d5a2fd94bf879134016d2ce73facf4ebfa1239eb9106f994d3c480e011c8af,#playerName#! Go become Astra’s new legend!
1319350007,d6ebf1f9b7d7fc5085c499593cd3d11fcdf67c44ecee1a46a19d1173f6132479,Friends Only
1541968906,d6ebf1f9b7d7fc5085c499593cd3d11fcdf67c44ecee1a46a19d1173f6132479,Friends Only
1319369128,c3393700c9cb6e9225b72663000559575fe0c5cce5d471cd33971272a78cc042,"Dear Pathfinder, you excelled in last week’s Stamp Rush, exceeding the weekly stamp limit. The excess has been converted into Credits and sent to you. Please check and claim them!"
1319372640,9eb2bbab8734a8a0150343a9eb38171c8c3d85fbed7b1bbdf8d0658e6ac57520,Guard the glory of Princess Melloblum!
1319377832,d7ec4cdf7d782929f53c3800dd3f3e86cb3f901fd6b6be3ff1e734f03e0b39cd,Nightlight
1756846611,d7ec4cdf7d782929f53c3800dd3f3e86cb3f901fd6b6be3ff1e734f03e0b39cd,Nightlight
1319493316,fcd2102b44c844aab9130b9fd5f750d7d3b195acfae271d3921b3aafa5789f0c,Flower Pattern - Lime Green Sloped Wall - Right
1590953941,fcd2102b44c844aab9130b9fd5f750d7d3b195acfae271d3921b3aafa5789f0c,Flower Pattern - Lime Green Sloped Wall - Right
1613311754,fcd2102b44c844aab9130b9fd5f750d7d3b195acfae271d3921b3aafa5789f0c,Flower Pattern - Lime Green Sloped Wall - Right
2089789711,fcd2102b44c844aab9130b9fd5f750d7d3b195acfae271d3921b3aafa5789f0c,Flower Pattern - Lime Green Sloped Wall - Right
1319506101,62ee68197e6e142d3c7ed513a9fe3d1a9574aa3ae0131636687d60dfa6ecb289,On Sale
1513477790,62ee68197e6e142d3c7ed513a9fe3d1a9574aa3ae0131636687d60dfa6ecb289,On Sale
1319514885,edb8113b5001ea20a67ed32c51c03548dd0e63a34d263cc428246d0c07a3fab3,*sleep-talking* ...Endless ore... more than I could ever eat...
1319525451,76e799eec05e91c30c539933c71a954c225268d184a041e06d9d3601c90d81da,"A flower containing an even more abundant essence of Light.
Can be exchanged with <link=""item_4040030""><style=Q_5><u>Pure Element Gem</u></style></link> x<style=Hint_BgL>10</style>.
Placing it at the RV Park grants residents a park buff of +<style=Hint_BgL>5</style>% Light Attack and +<style=Hint_BgL>5</style>% Light Resistance."
1319569022,24759ecea797f090bacd927120cebbdcba4b832b668fd4d189dc397ec111d9d4,Nothing gets past their eyes
1319570294,bf3cf74357c11d340f0a0a78526fd1d784830d3ed4de63ba7e6a947435e0023e,Found You!
1319606241,5e10298210e2e2303c91e26c5e4638a9550129f48edaa068b92e139f9bf228bf,I need a little more time.
1319633811,3cc263ebbf9c654cce09602991da777070005fbd2789403f5484c619d36fc7d4,Working Pebbling 5
1319641574,ad1443909389def4e62a606f4a26c4f0d0812a1deae3f52ce11e3b83b28f4bdf,Your gear durability has reached zero. Open your inventory to repair it.
1319664141,9471a6f61a743b75be94b8e500d0c7236c46912fb2222eaaa522ef72bb0e2c78,"Takes <style=Hint_BgL><customRichText(calcData,buff,402000701,param1,1,%d)>%</style> of max HP as damage every <style=Hint_BgL><customRichText(calcData,buff,402000701,param0,1)>s</style>."
1319666570,2dfbb559acebfd79ba77598e1fb81c307cca74f9c4d53decab926d3821456486,Huh? I’m sure someone was standing here just now...
1319668224,9f0fa70917cf1b1e188f8679b7106230a2ab6bfc49194cfdee16c083b0c41b3e,CP 1990
1410401675,9f0fa70917cf1b1e188f8679b7106230a2ab6bfc49194cfdee16c083b0c41b3e,CP 1990
1927077079,9f0fa70917cf1b1e188f8679b7106230a2ab6bfc49194cfdee16c083b0c41b3e,CP 1990
1985842413,9f0fa70917cf1b1e188f8679b7106230a2ab6bfc49194cfdee16c083b0c41b3e,CP 1990
2043804807,9f0fa70917cf1b1e188f8679b7106230a2ab6bfc49194cfdee16c083b0c41b3e,CP 1990
1319683580,22bb017944bb4f57011988548e1aa526411e205afabf36a5938499c8fdfe196e,Common perfume-making herb from Bloomville. They symbolize waiting and longing. People returning home after a long trip will know that Bloomville is just ahead when they appear on the horizon.
1319685898,c33cf9070691d371483507b63ce426ab75d72532bdb21e53f1d56ecd077f9f30,Not enough required items to enhance.
1319691327,e4811247be9a927b76ec26e8892e6360cf6cd3506fbd3229061b43c8f0385410,Advanced Heal Rune
1319709722,3f0bc0cd130b6651baf3a3fd23b51139de29b6f74cff2d09bdcadcb4e8021bcc,The base part cannot be removed while other sub-parts are selected.
1319773144,9c4cfb96a2357f98e1200807775e3746f0f805bc3b757040d7411a23d81904d6,Ah... I remember that one was really hard...
1319809508,46b2d220515c9f73119d2dfdd1e0100fc3239b90e4ecab714a6b0294dfc4c413,Umbral Helmut
1400081898,46b2d220515c9f73119d2dfdd1e0100fc3239b90e4ecab714a6b0294dfc4c413,Umbral Helmut
1319876115,c2583cd9a00a8356d94e313a46b638656cab50a23d66d7631e1c1db443cba7a7,Looks like we're the only ones who noticed.
1319911989,b413493715583b496aee55e3a6882fd6bd1ab6ff2272f427796ce2d102cc46db,"Hello there, Pathfinder! Did you know ChillBeanz in Astra holds a limited-time event every night?"
1319922765,aa69cd97d48f419eeaef8620d933dc85303e579120d65baf95e60dcb1911a61c,"When a Clone is defeated, the original target will take Damage with <style=Hint_BgL>120</style> Might."
1319939053,8ed0229f02de8ef055e616624ad4d4567b7459d084b533be2e714dfd42dbad03,Shrub - Cube
1319969080,fbf247e43d3745e564547a9fec38ece168d8daa78a6354646fab62574f2c369a,Door
1319989557,d916515d826cf07e09085057ba1c998b0500a754c38701829b587101ab80ffed,Bronze
1562645030,d916515d826cf07e09085057ba1c998b0500a754c38701829b587101ab80ffed,Bronze
1599161041,d916515d826cf07e09085057ba1c998b0500a754c38701829b587101ab80ffed,Bronze
1744553640,d916515d826cf07e09085057ba1c998b0500a754c38701829b587101ab80ffed,Bronze
1960418586,d916515d826cf07e09085057ba1c998b0500a754c38701829b587101ab80ffed,Bronze
1320005934,e84af787b97a8ed0cdcaa58c1a7b5200696541d2e76cfc43e14e5899ed2b0070,I'd be honored.
1320034640,31f584ee0350002aed383d39543fa38ce1e0998cac405b7f59f62f15fe241068,<style=Hint_BgD>Somniwing</style>? I think I’ve heard of them before. Isn’t that some sort of really amazing Aniimo?
1320053954,f73d561ed1079283c085f718a17dbc2e89d21994dac3ad087d9dac063837945b,"Hums with nature’s touch, a favorite of Aniimo."
1664184765,f73d561ed1079283c085f718a17dbc2e89d21994dac3ad087d9dac063837945b,"Hums with nature’s touch, a favorite of Aniimo."
1320060954,c466e43a0bb984e6341de753125281f0b16363462d00e095a628c2ac182e5beb,Walking with Irisalis
1320097285,0d4c35e6d87a056c6a760a841218ad6d5a3279d001a114e19b1b1be2b77d60c5,Personal Progress
1402184034,0d4c35e6d87a056c6a760a841218ad6d5a3279d001a114e19b1b1be2b77d60c5,Personal Progress
1320103902,5e956125c96c62d8d3e802d74a5bf7546aa03c7477f32da11408a6722106cb39,"After the upgrade, you’ll be able to grow higher-yield wheat."
1320105612,7ab5db9baffd5a48b847a1bb2a13256a984616838439d306c70f70eea7d47a56,Battle Data
1320108265,6e76c71cee7b523ab9106bf1060e756c618b0b9be352c873731a3691d7029ab5,"Welcome, co-conspirator of the outsiders... Actually, we’ve been expecting you."
1320112775,da287e8c3fff1664322a6c1c2a1993b59a2d891a7a442d45bb431f983c7b5707,Becomes Invincible for <style=Hint_BgL>{param0}</style> second(s) when you take lethal damage. CD time: <style=Hint_BgL>{param1}</style> seconds.
1320138306,20dc6820239e2a91e1bfe3b2fa31ae75d81de8c57ece61f85be4575600d2ad92,Umbral Shrubclaw
1414605935,20dc6820239e2a91e1bfe3b2fa31ae75d81de8c57ece61f85be4575600d2ad92,Umbral Shrubclaw
1576730456,20dc6820239e2a91e1bfe3b2fa31ae75d81de8c57ece61f85be4575600d2ad92,Umbral Shrubclaw
1320141037,9efe3ae80f4f90d98d598399eb2082de476be3e40e9cd80429f3e24312d5a3ea,"I won the mock business competition a while back,
which qualified me to start my own venture with the Institute’s backing."
1320224011,075c24e2912f26ac16b6e5a8d4570e3459b3333ade7eac2abfdfa9cf18fa5128,There’s one over on Northside...
1320236424,1318ec245f4ac8d3849894073d6e6bb7c70735db0b6ffb35fdf19b976a1a730b,Puzzles
1320238398,baa934b749dfb84afeb96417bf7a217533caaf65d4dbe3e015f0ec42b26ffc41,press [<style=Hint_BgL>Component Upgrade</style>].
1320240521,e6c38d66a78ddea9fe1c574fcae93be695bd9d893b0fd7d8cb61252391f152ef,Available Items
1320253122,98478bdca7447ea511d7f85d57178db7767968eb0c129377e9aa115a8f65c56f,Light the incense
1393414138,98478bdca7447ea511d7f85d57178db7767968eb0c129377e9aa115a8f65c56f,Light the incense
1506824955,98478bdca7447ea511d7f85d57178db7767968eb0c129377e9aa115a8f65c56f,Light the incense
1752870796,98478bdca7447ea511d7f85d57178db7767968eb0c129377e9aa115a8f65c56f,Light the incense
1861353257,98478bdca7447ea511d7f85d57178db7767968eb0c129377e9aa115a8f65c56f,Light the incense
1320256983,e58e176f9cdbac24595a665ebf954ffd849ea0f6121dece4ef52982baba8e16e,Disbanding the group chat will remove it from your group list.
1320274240,b9115400fb2a8aadf81a5a87e19718b5d17b49454644a2c8f3a012b547f58a73,"But after he left... he went on to become the Immortal Warrior.
Makes you wonder... even after coming down from the peak, maybe there’s another path ahead."
1320296671,6e97225a6f8ef642826f6d60fa06e7a7a8194d54ae6d7a93b17710cada3398cd,Oof... Now that’s one hard head...
1320301414,229ef8a0de159dc7d62a05c12bc9321aec9c042650225c207f6ee253c17b5239,"Devoted to the art of dance, they constantly hone their craft, hoping to share the pure joy and energy of movement."
1320357489,5834b202a9649ea0cd95e3e21019feecf2162e4c487c9303503f31cdd28e457c,Tournament Support Confetti Cannon
1320358047,809d2ad7fcdd90f75928f8ebf0500f0e046aa470c99cda751393297760e8d709,Ancient Large Plank (Floatable)
1320377307,861bce1492dccd808d258e13f95c6b3a507fdfd9ad037ae9a84f590eed392c84,<style=Hint_BgL>{0}</style> interacted with <style=Hint_BgL>{1}</style>’s <style=Hint_BgL>{2}</style> and enthusiastically increased Acquired Potential!
1320381787,a7b049cf9a89f3e6947f68854467a34b0498727654eb0dfb3f8030ffd27c8bef,"The flowers there are gorgeous too, but fresh flowers don’t last long.
You’re better off seeing them in person."
1320388138,456eda1f75070914743290ed8056780a9b1668582c79d471896a79befc7fac0e,Promotion Assessment must be completed to unlock talents and learn Pathfinder Skills. Congratulations on unlocking <style=Hint_BgL>Level 6 Skill</style>.
1320431936,1354927633d48bee5278d47c2ee3fc6d93364d27f4284794044efd452268f3db,[Placeholder Dialogue] Conversation between Sherro and Shelly
1320439230,368b20ef05152cac4c5e3bedec34a84bd533a0d0099400d7d34d5073f3b254a1,It seems that the <style=Hint_BgL>patterns on those two huge rocks </style>can be pieced together from above. Try taking a look from the cliff nearby.
1320471516,0d7d12ac624c66e687f98a68ce621c8a44531d5da1db7d0005aa215e2f1d964f,Grid
1320471585,3e243782aab26af7e3f9b4c481e05be8dab3433ad5ff1c2ab7fbbb3a58efa30c,"Maybe that's what drew it here.
You know, I could've sworn I saw something fall to the ground when it flew by..."
1320486491,901e95022745e4f0d9eb87360c0b2a5125da36f167f295dea97e98cad7577ea2,Look at me!
1320517291,64f1f7a4935eaf18aff42356848f182001052e9c84df91cf8f9e87f2737555ef,BINI #9: Upgraded
1320519640,6bbc894dd8508a20b8249b8f1d2a4738494d5f192010a5548490d61d0b826da4,"It’s a giant starine, of course!"
1320575618,153a182b13cba5bff0f472756feede68b31754f49f22a489fac3016eada724fd,Observant Hummin
1426682927,153a182b13cba5bff0f472756feede68b31754f49f22a489fac3016eada724fd,Observant Hummin
1460713819,153a182b13cba5bff0f472756feede68b31754f49f22a489fac3016eada724fd,Observant Hummin
1918054098,153a182b13cba5bff0f472756feede68b31754f49f22a489fac3016eada724fd,Observant Hummin
1320577437,4a1febdf3404ae07f4fa8d92abe121b70f0009755dfe72edba7130b86de86b42,Furniture Blueprint: Harvest Moon - Rice Wave
1320581134,4440a71ece1b5c0fce482d64dd352571430a36d2d5bcb0f5decfc7e34f3b3111,"Calling Bolty: Wait... Why are we even calling each other out here in the middle of the night?
Answering Bolty: What, you’d rather queue up under the Blitz Tree in the daytime?
Calling Bolty: No, I mean, why don’t we go to the Blitz Tree right now?
Answering Bolty: You’ve gotta understand that some of us don’t enjoy being overheard during a call...
Calling Bolty: By some of us you mean?
Answering Bolty: I mean—the kind that can zap your fur until it’s standing on end."
1320600405,c7cd1379000a0a19c5bfc182762f0be7a4b9c50adab5b26dd2093be204418dba,Brewing
1520763780,c7cd1379000a0a19c5bfc182762f0be7a4b9c50adab5b26dd2093be204418dba,Brewing
1904108230,c7cd1379000a0a19c5bfc182762f0be7a4b9c50adab5b26dd2093be204418dba,Brewing
2143239327,c7cd1379000a0a19c5bfc182762f0be7a4b9c50adab5b26dd2093be204418dba,Brewing
1320604530,2d1aae20ab9b3c9e5c8f5cca6576529665f710f406d2d700b7a4b40f0780c460,Catch 60 different Aniimo forms.
1320608020,7fe6814b28eb6a1d07a83cd74c6a2a28c1199e2bf7c66cc4cf09d369f2ff7ac4,Lil’ TV
1679337324,7fe6814b28eb6a1d07a83cd74c6a2a28c1199e2bf7c66cc4cf09d369f2ff7ac4,Lil’ TV
2076423380,7fe6814b28eb6a1d07a83cd74c6a2a28c1199e2bf7c66cc4cf09d369f2ff7ac4,Lil’ TV
1320627377,0925c83451fb31baaf2277f88a0ecd1869a32cdc89e963221e2bdbd09bab539c,Need a hand?
1566795139,0925c83451fb31baaf2277f88a0ecd1869a32cdc89e963221e2bdbd09bab539c,Need a hand?
1653413116,0925c83451fb31baaf2277f88a0ecd1869a32cdc89e963221e2bdbd09bab539c,Need a hand?
1320644833,7194e38d37bfb0ef4cc9a2beeba2189019a6b92d264127ccdb1e219282433fbd,Status Status
1320754000,1ca015bb7ef5cec25bd2e6c5dd16dbaea840073c693834409801a9d634c39291,"The Lotus Essence is about to be <color=#D89C28>absorbed</color> by Leafy, <color=#D89C28>BREAK the Lotus Essence</color> to repair the lotus leaf!!!"
1320766641,f13e122f9d622ec16eae3cb4327b4c10e3a450ede07ee3532a364e90163aa179,"Page 23
Another successful trip. I came to the Sea of Flowers Mudflat again and hugged my Magical Lighthouse.
My lighthouse was excited.
But I got a little numb from it.
————
It sure knows how to say goodbye!
Those glittering electric currents were amazing!
See you next time! Wait for me!
(I probably didn’t need to say that out loud, right?)"
1320796306,868898337bead6d5ade9f3f1e4fe6d0b0ee23c7311c0470078306cb8d9ff4b12,Red Cap
1360337774,868898337bead6d5ade9f3f1e4fe6d0b0ee23c7311c0470078306cb8d9ff4b12,Red Cap
1685903441,868898337bead6d5ade9f3f1e4fe6d0b0ee23c7311c0470078306cb8d9ff4b12,Red Cap
1320817996,a4a87b2c26f9d8268e6261ce9869033e5042151e57b19e7bbf924327a1b137e3,A gachapon shaped like a Popapus. Each bubble holds a little gift carefully prepared by GoGoHomes!
1330809385,a4a87b2c26f9d8268e6261ce9869033e5042151e57b19e7bbf924327a1b137e3,A gachapon shaped like a Popapus. Each bubble holds a little gift carefully prepared by GoGoHomes!
1967796646,a4a87b2c26f9d8268e6261ce9869033e5042151e57b19e7bbf924327a1b137e3,A gachapon shaped like a Popapus. Each bubble holds a little gift carefully prepared by GoGoHomes!
1320830114,99adf02748778c31d0f68def6ce3bdfbb04be5095a1acf9e323610d17b46623f,"If other Pathfinders pass by and like your design, they’ll <style=Hint_BgD>give you a like</style> on the Park Board!"
1320846737,a5a71189a9e2a8a8a03a2475978efe7fa5f3f31e05180cb1f80e91a207d4c828,"45 degrees left—
soft light, please!"
1320878359,1f1960a7c2681db9945d978f930ac45285e458ac232e67aa0aedcfbf3c657a4b,Dog Pack Leader
1763275087,1f1960a7c2681db9945d978f930ac45285e458ac232e67aa0aedcfbf3c657a4b,Dog Pack Leader
1320878495,1582df974d69b1fe63e420af7ae10cbc9eaf7c4c5abab0af17e1fc4f50603a8e,"Wow, you look really cool!"
278765902,cfd2f7da46b3ca834c69a0142f3938bedd0880037bf3b45828771249840820a2,Lumin Collection
301085557,cfd2f7da46b3ca834c69a0142f3938bedd0880037bf3b45828771249840820a2,Lumin Collection
393840306,cfd2f7da46b3ca834c69a0142f3938bedd0880037bf3b45828771249840820a2,Lumin Collection
432555962,cfd2f7da46b3ca834c69a0142f3938bedd0880037bf3b45828771249840820a2,Lumin Collection
475129952,cfd2f7da46b3ca834c69a0142f3938bedd0880037bf3b45828771249840820a2,Lumin Collection
490047333,cfd2f7da46b3ca834c69a0142f3938bedd0880037bf3b45828771249840820a2,Lumin Collection
497061700,cfd2f7da46b3ca834c69a0142f3938bedd0880037bf3b45828771249840820a2,Lumin Collection
521602229,cfd2f7da46b3ca834c69a0142f3938bedd0880037bf3b45828771249840820a2,Lumin Collection
1320925825,cfd2f7da46b3ca834c69a0142f3938bedd0880037bf3b45828771249840820a2,Lumin Collection
1618838684,cfd2f7da46b3ca834c69a0142f3938bedd0880037bf3b45828771249840820a2,Lumin Collection
1759045980,cfd2f7da46b3ca834c69a0142f3938bedd0880037bf3b45828771249840820a2,Lumin Collection
1817343099,cfd2f7da46b3ca834c69a0142f3938bedd0880037bf3b45828771249840820a2,Lumin Collection
2058272335,cfd2f7da46b3ca834c69a0142f3938bedd0880037bf3b45828771249840820a2,Lumin Collection
1320930860,67d554e94466e084cb81ce0fa2516ee31bd9d0cab0f3a2c323b6022b56d12de4,"You never lack courage when facing the unknown, and your love for Aniimo is every bit as sincere."
1320939547,f037dd50570c13fbfe992095d00c89c5d59f874bd7f6fb6ee4593bb851098607,Outpost No.: 123456
1606949238,f037dd50570c13fbfe992095d00c89c5d59f874bd7f6fb6ee4593bb851098607,Outpost No.: 123456
1320995672,474187788926a451b37cc7b54743f82225a95b491aeb86d26bab5b2aeb6d13af,Debug: Load Sandbox
1320996772,6bde2618ba12f3a5c0567a133a3550ccb7d1e2d5e038d90c89da5325e3a2b213,"P.DEF increases by <style=Hint_BgD><customRichText(getConfigData,rogue_talent_data,38,param0)></style>."
1320997230,4e53141655d8f0eff93bc79a32f39760850d065595c429a163b1f964fec71628,I’d love to!
1321007411,619c4e3f6dfc8b3480fa3a3e2135829a8915866e7695cc1f7177e1008f0a00b4,Complete Holo-Battle Interlink
1321011746,3d28271ec52e3d07fe14f5f16d01f2c09cbcac1949f9904b305136d0edbee12d,George
1342760830,3d28271ec52e3d07fe14f5f16d01f2c09cbcac1949f9904b305136d0edbee12d,George
1404991424,3d28271ec52e3d07fe14f5f16d01f2c09cbcac1949f9904b305136d0edbee12d,George
1455111940,3d28271ec52e3d07fe14f5f16d01f2c09cbcac1949f9904b305136d0edbee12d,George
1560832219,3d28271ec52e3d07fe14f5f16d01f2c09cbcac1949f9904b305136d0edbee12d,George
1624786897,3d28271ec52e3d07fe14f5f16d01f2c09cbcac1949f9904b305136d0edbee12d,George
1667446774,3d28271ec52e3d07fe14f5f16d01f2c09cbcac1949f9904b305136d0edbee12d,George
1674220586,3d28271ec52e3d07fe14f5f16d01f2c09cbcac1949f9904b305136d0edbee12d,George
1693876052,3d28271ec52e3d07fe14f5f16d01f2c09cbcac1949f9904b305136d0edbee12d,George
1761856112,3d28271ec52e3d07fe14f5f16d01f2c09cbcac1949f9904b305136d0edbee12d,George
1966223437,3d28271ec52e3d07fe14f5f16d01f2c09cbcac1949f9904b305136d0edbee12d,George
2032954226,3d28271ec52e3d07fe14f5f16d01f2c09cbcac1949f9904b305136d0edbee12d,George
2042140759,3d28271ec52e3d07fe14f5f16d01f2c09cbcac1949f9904b305136d0edbee12d,George
1321020821,78caf2501a9251b5e88dc762383e46acdd8aad9bc574bca3e57fa8a31881325d,Auto-Adjust Camera When Not Locked On
1762075551,78caf2501a9251b5e88dc762383e46acdd8aad9bc574bca3e57fa8a31881325d,Auto-Adjust Camera When Not Locked On
1321030269,596c92c30f86fbd0901d80d0e912143222e49f7d5337a23a8a6cb3e460489911,Curiosities
1321036424,f4deeecb37fb10a11e73bafa790c315b7a11d8d70e545a5ff8d1b2516d39d0c3,I'll keep working hard.
1321047872,923badf2216788381f68e9ea6a7649aa805dd70db822850b7317aafa710db493,Chat! A new legend is born!
1321098582,d64925316fb5fd9e45690350e922d5e2cb56cf627648e3102697d82adc1573f0,Premium Companion Handbook Level 26
2064353272,d64925316fb5fd9e45690350e922d5e2cb56cf627648e3102697d82adc1573f0,Premium Companion Handbook Level 26
1321104496,9ca10ddb6bda5d87f938ad66050e1053888f1463367dc90d88595241cec4d649,"A Sparkelf from the mysterious SylphIsle, scattering lively sparks that brighten every encounter."
1484596713,9ca10ddb6bda5d87f938ad66050e1053888f1463367dc90d88595241cec4d649,"A Sparkelf from the mysterious SylphIsle, scattering lively sparks that brighten every encounter."
484154396,44606231486da2f412ec01687126e85581bff2ab0c2e4f7318bfb943cc0cb7ec,Give the whalesong blossom to Elvira.
1321107320,44606231486da2f412ec01687126e85581bff2ab0c2e4f7318bfb943cc0cb7ec,Give the whalesong blossom to Elvira.
1321113856,6128f6f8f089a5d3ead97b0f0aa11b3289433b787629e7038c03f347f80a0030,"Fannie is writing up the plan for the Harvest Gathering.
In the meantime, stockpile some resources."
1321128704,c24532841427d1090183eeefb89bc5c679806826ec2c7e80d25b9225b1a00fbb,Premium Companion Handbook Level 68
1373330117,c24532841427d1090183eeefb89bc5c679806826ec2c7e80d25b9225b1a00fbb,Premium Companion Handbook Level 68
1321129568,dc4bac2f5df922b4861a1375adbef36217a7ba7f28304a97305f7ab0f61f7119,Are you looking for something?
1485477236,dc4bac2f5df922b4861a1375adbef36217a7ba7f28304a97305f7ab0f61f7119,Are you looking for something?
1951998435,dc4bac2f5df922b4861a1375adbef36217a7ba7f28304a97305f7ab0f61f7119,Are you looking for something?
2005670824,dc4bac2f5df922b4861a1375adbef36217a7ba7f28304a97305f7ab0f61f7119,Are you looking for something?
1321146669,94b24e6e1ea4f0d3069266e0dc646773da43ff1495cce15b34baad24c3f28277,Alpha Shrubclaw
1347518400,94b24e6e1ea4f0d3069266e0dc646773da43ff1495cce15b34baad24c3f28277,Alpha Shrubclaw
1368281507,94b24e6e1ea4f0d3069266e0dc646773da43ff1495cce15b34baad24c3f28277,Alpha Shrubclaw
1521186359,94b24e6e1ea4f0d3069266e0dc646773da43ff1495cce15b34baad24c3f28277,Alpha Shrubclaw
1631413559,94b24e6e1ea4f0d3069266e0dc646773da43ff1495cce15b34baad24c3f28277,Alpha Shrubclaw
1754691010,94b24e6e1ea4f0d3069266e0dc646773da43ff1495cce15b34baad24c3f28277,Alpha Shrubclaw
1783562347,94b24e6e1ea4f0d3069266e0dc646773da43ff1495cce15b34baad24c3f28277,Alpha Shrubclaw
1921000739,94b24e6e1ea4f0d3069266e0dc646773da43ff1495cce15b34baad24c3f28277,Alpha Shrubclaw
1321164951,f3f2c1f7817dcd0efe624df6e59fa0cedafe72fbe7514ec44e5ea79602ec3afd,"The new expedition team is about to depart, so I took the liberty of simplifying the process."
1321168493,f13ce0024adce15c2636b7dac9e21a49d9ebf24737e2e753ccd92a1edde2eb40,Form Research Results
1864911909,f13ce0024adce15c2636b7dac9e21a49d9ebf24737e2e753ccd92a1edde2eb40,Form Research Results
1321171657,ca106439c379e3cf5a30b57946526eb0a833ac86bc0fc0ac45a53e5bb8bb16fa,"This must be the scent that painter described... the scent of a Pawney. Absolutely worth documenting!
Help me capture this scent, would you? It must come through even stronger in battle!"
1321202373,ada3db57c84aec1e76b59deca4f1d88f35574d5be4d33de0e223b4477729e63f,GoGoHomes - Warm Orange Low Brick Wall
2137547889,ada3db57c84aec1e76b59deca4f1d88f35574d5be4d33de0e223b4477729e63f,GoGoHomes - Warm Orange Low Brick Wall
1321208017,570f615fc6acd69a2d5bb132714d39d5aacbbb1112a76f6a046820e3ed32d500,Add Affinity based on type
1321219873,68208884c66a8578491e8b15cb51c4c97370a3978b64e5096d09a8da54851279,"Huh? Newcomer, have you been to Nimbus Fields?"
1321294988,d297ed39df7dbc331b6894c9f762e7f2bca0aaf0e81c38c3aeb21e38876a8ee2,It’s a good strategy to choose the best route based on actual situations. But it’s not the only way.
1321295689,461fb55784bd8d329098369152041f12e23842a7574f0739aa03eebaacf79e7f,The scorch marks on their bodies are proof of victories in battle. They seek strong opponents to dominate.
1321302052,0da2a6ee4927225ced385ba2b0eed98d7c64d52541d257bca43457871e617f28,A mine for extracting ore in your Home.
1396627968,0da2a6ee4927225ced385ba2b0eed98d7c64d52541d257bca43457871e617f28,A mine for extracting ore in your Home.
1431848622,0da2a6ee4927225ced385ba2b0eed98d7c64d52541d257bca43457871e617f28,A mine for extracting ore in your Home.
1449809983,0da2a6ee4927225ced385ba2b0eed98d7c64d52541d257bca43457871e617f28,A mine for extracting ore in your Home.
1572741375,0da2a6ee4927225ced385ba2b0eed98d7c64d52541d257bca43457871e617f28,A mine for extracting ore in your Home.
1885405785,0da2a6ee4927225ced385ba2b0eed98d7c64d52541d257bca43457871e617f28,A mine for extracting ore in your Home.
1920002122,0da2a6ee4927225ced385ba2b0eed98d7c64d52541d257bca43457871e617f28,A mine for extracting ore in your Home.
1958202374,0da2a6ee4927225ced385ba2b0eed98d7c64d52541d257bca43457871e617f28,A mine for extracting ore in your Home.
1976260883,0da2a6ee4927225ced385ba2b0eed98d7c64d52541d257bca43457871e617f28,A mine for extracting ore in your Home.
1999909384,0da2a6ee4927225ced385ba2b0eed98d7c64d52541d257bca43457871e617f28,A mine for extracting ore in your Home.
1321311917,397bf41fcd74d36c606b82cb79bc0bfef86490c3b68640132dc4fca69264b4dd,"Warm sunlight melts into ice crystals, rippling with brilliant golden light."
1321316201,f9b42559f05333a5b992799e25a7ec38c16b1d7014bf9c7be23592a59128db14,Bonus Rewards
1334806596,f9b42559f05333a5b992799e25a7ec38c16b1d7014bf9c7be23592a59128db14,Bonus Rewards
1928420134,f9b42559f05333a5b992799e25a7ec38c16b1d7014bf9c7be23592a59128db14,Bonus Rewards
1321375639,05dd607f3ee5646c754fe5abcd35ed395622aa64186136bbba6edfbc951ff742,Unlocks once your RV reaches Lv. <style=Hint_BgD>{0}</style>.
1321378099,268e4fdc79a55ae8ddd206423139806b2e0cea2ac37c0d08172609a2b2080c6d,Oh right—you haven't answered the question yet!
1321391490,4fc3f4f3f892c3ff483b70b3d69c2198bd5cfc51ae2e27d1335d859f3a69e120,Ok! Let’s go now!
1321450466,bba2ad14e40f1430fce57cbacb2bb3047f60ead416c20c69a75dddb382d2325b,We don’t want fire in here! Woof!
1321454560,1c5ccbd708df62eef390cf4eec06e52a181b40886d8e846a19a3a5a5e2a427dd,Send Gift
1579837129,1c5ccbd708df62eef390cf4eec06e52a181b40886d8e846a19a3a5a5e2a427dd,Send Gift
1677434169,1c5ccbd708df62eef390cf4eec06e52a181b40886d8e846a19a3a5a5e2a427dd,Send Gift
1828581868,1c5ccbd708df62eef390cf4eec06e52a181b40886d8e846a19a3a5a5e2a427dd,Send Gift
1321492054,458d40d861425d12cf967d602c9bfbed8c593d9611041b5778f157409df4892b,The Team Leader has started matchmaking for <style=Hint_BgD>{0}</style>
1321509964,58598681335f10d12749df5ab12a0e6e4c4d1de9efa793f00a006c5d23ec5d34,"#playerName#, can I ask you a favor?"
1321536357,d4ccf2808e1f923c9c713d4eda44fffdd079f943893d739d616e9f22543ae7b1,Left Thumbs-Up
1450521350,d4ccf2808e1f923c9c713d4eda44fffdd079f943893d739d616e9f22543ae7b1,Left Thumbs-Up
1321554303,ba604a4fe2f776005aa1d7f14efbdf3d5f0dd672474bf29a5c85ade5ad5b379f,Use Nurture {0}/1 time in the Sea of Flowers.
1321555256,da090f9d21504060cf1f94816217ba807a96d4cb6227d85de40a37073f453db4,4/1
1321555915,7bf055a812e66b9dff80a49a3b31d5bc5b20f359a41312258522f72636e6f459,Add Companion Handbook EXP
1321563786,f1f4e134e250b96c5b0fdfe6783c6e66c7ea5f1d851ce135df4032abda402d4e,Now that was intense! That’s the kind of battle that sets the air ablaze!
1321573611,20ff958571eda564738b3b938a53a80738c379d978059da07ce19ba9df2e823a,Aniimo is still a work-in-progress! The final version of the game may be completely different.
1321578049,6c4075e1f0f820e30aef7c87066878830c20b398af394ecae082c5f039d0be31,Where Gulls Sing
1351193514,6c4075e1f0f820e30aef7c87066878830c20b398af394ecae082c5f039d0be31,Where Gulls Sing
2024858070,6c4075e1f0f820e30aef7c87066878830c20b398af394ecae082c5f039d0be31,Where Gulls Sing
1321592214,c4526413f6479722052e3eafd2e026518b45415968670d36bb374268688b3e74,Aniimo deployed for exploration cannot be released
1321619598,f94a4fa26b691090d77a22104423eb603df08f616783ba0fe3323023b9b8fb44,This one wants in!
1321643013,85138e03246f06ae45d7a7cd0332ccda16d0ceae65487ea05b23d095149a9d9c,The showdown begins!
1321648321,b3884177b990b24bd8c221bf24e56e5c102bbb9f479feee693a1dffb91c1e25b,"Defy me and I’ll chuck ya into the sea, wait till yer good an’ dizzy, then fish ya back out. If ya still don’t agree, I’ll trap you on this island forever..."
1321651793,e19494c8521c6908bbba92a2cd0cb691d33c2599aec3a30c6ea5ff9ed26be539,Where is what?
1321659917,9c009327b06c172728984a1acd4955487caf51364a700b90e221530ba6c133a3,Shrug
1627480831,9c009327b06c172728984a1acd4955487caf51364a700b90e221530ba6c133a3,Shrug
1321713264,dd8f6f5936f02b79ab1178ce568c2e661a0120c9460cafd7c3e1d1dfd1d768e4,"Dash forward, then spin to ATK surrounding targets, dealing Damage."
1321747760,bc6f1425cdfdb2e2e3aadaff5d1ec120f629976c1a1f0d2f20d89c81236aaf42,"Time flows along the hem, as if it were holding specks of starlight."
1569987118,bc6f1425cdfdb2e2e3aadaff5d1ec120f629976c1a1f0d2f20d89c81236aaf42,"Time flows along the hem, as if it were holding specks of starlight."
1321754153,e75e93714579140c669f2f81cf5799c17720d240f8afb9a57860b8ba6d5f0748,That’s right.
1900075115,e75e93714579140c669f2f81cf5799c17720d240f8afb9a57860b8ba6d5f0748,That’s right.
1321764755,67edeb0e8369fce3564b8ecde5a72dff2820007216b9a33caf4108f0d7f5f911,Axel
1469988287,67edeb0e8369fce3564b8ecde5a72dff2820007216b9a33caf4108f0d7f5f911,Axel
1501666467,67edeb0e8369fce3564b8ecde5a72dff2820007216b9a33caf4108f0d7f5f911,Axel
1568835301,67edeb0e8369fce3564b8ecde5a72dff2820007216b9a33caf4108f0d7f5f911,Axel
1621661822,67edeb0e8369fce3564b8ecde5a72dff2820007216b9a33caf4108f0d7f5f911,Axel
1736211812,67edeb0e8369fce3564b8ecde5a72dff2820007216b9a33caf4108f0d7f5f911,Axel
1321790483,d2332c39d2a6287687ec7296f8400c6800bf1ec6f026d3736397f41b3a9e8913,(Did I wake it up the first time I touched it...? I guess I’m partly responsible.)
1321796164,862ecc3cfb3ff7b054a365a7c8263f6d063adf96928de8244777348a1b33d6c2,What an interesting look!
1321812701,be6e900c657a890c864bc39cdd39fdc564bdcd5b2019bb675b43cd6cb4996428,"Fine, you won. Now please stop spreading rumors about me..."
1321850619,084a676f99e6095c7313f876874bcb04adb5b792d51dd07d31a3ac4c6463170a,Spins and releases a storm of petals to attack a target.
1321854098,3cedf58fd9d4abff8d634dc1e35f5fda61d04c12ee9099f913bd7f7b284f8a6c,Is this big stone ball yours?
1321864059,a8c7a9992247088b7a706d0286ac5df6819895186cc6213a52552d46e8d50f28,Been running—running really fast!
1321876015,cd82bc48f2b5698c7a9f5538b0e6fbe14c4be1be120852036b70c12bcde5a968,Appears in large numbers.
1349268480,cd82bc48f2b5698c7a9f5538b0e6fbe14c4be1be120852036b70c12bcde5a968,Appears in large numbers.
1321896565,933976fff53551f710a48b89615e802e1cba80f8774a08b4dec7f59821f42519,Guide — Explore Freely
1321917408,f062cbc6668899854a77420550069ab213b0143626c0debd8d44647021462aca,"An Egg gifted by a young Sherro. It seems to carry a familiar, comforting presence.
With extraordinary size and energy fluctuations, it is guaranteed to hatch into a Shelly with the <style=Hint_BgL>Alpha mutation</style>.
They say an Aniimo’s passing is different from a person’s death. Aniimo are born from Idyll, and to Idyll they return.
Perhaps to the stars, the woods, or the sea...
After they return, this land gives rise to new Eggs.
Then, as new lives, they meet us again."
2070900830,f062cbc6668899854a77420550069ab213b0143626c0debd8d44647021462aca,"An Egg gifted by a young Sherro. It seems to carry a familiar, comforting presence.
With extraordinary size and energy fluctuations, it is guaranteed to hatch into a Shelly with the <style=Hint_BgL>Alpha mutation</style>.
They say an Aniimo’s passing is different from a person’s death. Aniimo are born from Idyll, and to Idyll they return.
Perhaps to the stars, the woods, or the sea...
After they return, this land gives rise to new Eggs.
Then, as new lives, they meet us again."
1321918625,0258f8bd4daf261917b97a4d7f228ed4f18e2d4b1226c5c49314caff22c7c00e,Increases BREAK damage dealt.
1321921958,c9523fba7d512754de31d2452afab94521ec69bacdb76c2562cb967c2ea1e498,Use Gravity Control to pick up crates and build a path Helmut can walk on.
1321933298,5abd77ea5f1e36966b161bbf84281624fe338df142819310c2e2a4364f3abb38,Path of Twining
1720143106,5abd77ea5f1e36966b161bbf84281624fe338df142819310c2e2a4364f3abb38,Path of Twining
1321940679,0a12d0c31576029a922bf1a32fe23eac1afb0a240d539cf0d936066cb8372e46,"As far as I’m concerned, this is already a special favor to the child."
1321951738,d0a2bb3d1ac1215a5ea526247d290080abf185bc6f711126792ae44eb90221c6,"You hand Sayn the Inferlupa notes you found, and he explains that Inferlupa are the souls of powerful Flameruffs who lost their will to fight, while the chains around their legs are the shackles binding their hearts. He also tells you the legend of Thousand-Fang Ridge: after the earth shifted and the ridgeback trees withered, the Icho nourished them with the fighting spirit kindled through its duels, proving that Thousand-Fang Ridge can bloom only when nourished by the purest fighting spirit."
1321957822,7f6372b88d70478d5b572fb48c268e3e1b9f8722c68876c9eb6efc7bcbd8acfc,Peace of Mind
1513719312,7f6372b88d70478d5b572fb48c268e3e1b9f8722c68876c9eb6efc7bcbd8acfc,Peace of Mind
1552748005,7f6372b88d70478d5b572fb48c268e3e1b9f8722c68876c9eb6efc7bcbd8acfc,Peace of Mind
2098425265,7f6372b88d70478d5b572fb48c268e3e1b9f8722c68876c9eb6efc7bcbd8acfc,Peace of Mind
1321959360,f36ac500f4844014aa95da2327f10208d58aa83a0e8c363856cc62805fbfa125,"A legendary perfume crafted by perfumer Marlowe with Stoneflowers. Even diluted, its rich swirl of sweet, sour, bitter, spicy, and salty notes is enough to make your head spin."
1321970374,d4b6a6487ddcd67ccad019807cbbb3b9c761ea4c1925de73fa2d3a8e03ea1497,Move Nearby
1324675125,d4b6a6487ddcd67ccad019807cbbb3b9c761ea4c1925de73fa2d3a8e03ea1497,Move Nearby
1321981737,3dc1fdb52b1cba32c4786cae2468d2d365533152b3f139aefaae49c531f73b68,Face Rest
1321984553,6150f2aa36fc0da88b93d47481d99a988bcafd046bd60d962401893399cd0995,No templates available
1543816606,6150f2aa36fc0da88b93d47481d99a988bcafd046bd60d962401893399cd0995,No templates available
1321988165,0fbb5d1a14343d15aa6c52052bfd011242edee13ce3578bbf5e9c30cb2a32b0e,Cave 15
1321990505,a89078264a017f02ab2a9b53eb26e9c677037b93069f61548adb17dd35a18635,Map Location Name
1322044549,10fab460e04d2a896f8d84801c6236e735cfaf913220dd86e06bbf58643701fe,"True... When he revealed himself earlier, it happened so suddenly too...
Perhaps he used some strange technology, just like when he disappeared."
1322071280,df2336cf2f0facbed3d4f86d71ae1115e641458a267ff0031b5fd7afd7e28b4e,Pale Grain - Warm Brown Tall Brick Wall
1630234646,df2336cf2f0facbed3d4f86d71ae1115e641458a267ff0031b5fd7afd7e28b4e,Pale Grain - Warm Brown Tall Brick Wall
1322113209,de3720f0b5d061999fdc45bc117ade95dc295c3487374e6af74958e304f71d5e,That must be the treasure within Hatos’s ruins... It looks like... a helmet? Maybe it’s connected to the Helmuts.
445230515,db9e6a9fe2363b8a917f7a07fed3e682765502482a09a06ec0bf3a8c04866adb,Earn the Badge: Windchaser
1322124346,db9e6a9fe2363b8a917f7a07fed3e682765502482a09a06ec0bf3a8c04866adb,Earn the Badge: Windchaser
1322126103,92fc35e930fa8164205b0948331a66c2f8303a43a720fe508e4fe0e628d5b629,You can’t evacuate in your current state. Please submit the Egg first!
1322136642,9ebda1e0c155b286548dfe1fdc4941cabd90790a8fb34d9c06a2ea15c06b725b,"Neat squares of aurora light blend into pale mint white, as though polar snow and the night sky had met beneath your feet."
2025675300,9ebda1e0c155b286548dfe1fdc4941cabd90790a8fb34d9c06a2ea15c06b725b,"Neat squares of aurora light blend into pale mint white, as though polar snow and the night sky had met beneath your feet."
1322141073,dd599eedb0aff11bf78c18b72da658d3366f74558e9bbdcf724e879311c24e86,Huh? So weird... Why did this mushroom suddenly start glowing while I was thinking?
1322145003,f40a00ff5a63ec4041fbcce91573d743475a68add8a004fd385206b44b223d1c,"The Aniipod is an Aniimo capture device developed by the Institute’s Pathfinding Department.
Utilizing spatial folding technology, it looks small on the outside, but contains a complete Aniimo habitat within."
1322159372,61ac1b9471f8484de8d58ca52f3de36644145b688593aeb0b426b87b3cc5bb1b,Use the three different modes and record your adventures with the camera!
424424956,a95bd9d159d805da3110d799d0da1c0f48b6d7bdcdd9ac2d41c982f40197a8ff,Argent Strait
1322185008,a95bd9d159d805da3110d799d0da1c0f48b6d7bdcdd9ac2d41c982f40197a8ff,Argent Strait
1450485804,a95bd9d159d805da3110d799d0da1c0f48b6d7bdcdd9ac2d41c982f40197a8ff,Argent Strait
1461847519,a95bd9d159d805da3110d799d0da1c0f48b6d7bdcdd9ac2d41c982f40197a8ff,Argent Strait
1543715006,a95bd9d159d805da3110d799d0da1c0f48b6d7bdcdd9ac2d41c982f40197a8ff,Argent Strait
1916274964,a95bd9d159d805da3110d799d0da1c0f48b6d7bdcdd9ac2d41c982f40197a8ff,Argent Strait
1322200094,c4a20444b120c76e80c39415f0b2280f595350b907971f6f39bbdeb21c47b16f,Look at the menu
1703538707,c4a20444b120c76e80c39415f0b2280f595350b907971f6f39bbdeb21c47b16f,Look at the menu
2080185398,c4a20444b120c76e80c39415f0b2280f595350b907971f6f39bbdeb21c47b16f,Look at the menu
2090341164,c4a20444b120c76e80c39415f0b2280f595350b907971f6f39bbdeb21c47b16f,Look at the menu
1322264881,5f0a5e89c93400f4405a15e80504d08268ea275e8142931e46960d3b8a518172,Remove from Party
1407988172,5f0a5e89c93400f4405a15e80504d08268ea275e8142931e46960d3b8a518172,Remove from Party
1322276913,027cd166a9a405014c9a989ce3d945a1725d3996e0d551dcdcb59e06b7f12e93,Pomegg (Highland)
1322284591,78f2e3d5944b2c711a7c26ec0ca25628db8adc1b82a5f6ece1026e53d75ce52f,Stone Bridge
1422908386,78f2e3d5944b2c711a7c26ec0ca25628db8adc1b82a5f6ece1026e53d75ce52f,Stone Bridge
1322286481,7989480e41e3544426ea45c8f99617d2f36fd1a11c00475485c4bf937a4fc338,Doors
1322286709,c611a048fccd5be3aa7de548a52d6cddfbb6402dbddfd1ef94150a3a0f327692,press to enter [<style=Hint_BgL>Egg Heist Shop</style>] to view
1322303432,67cff11253e3c1715d661244152936434552e712aee1b07237a33851663a3419,Hatred Co-op Friend
1322314776,18db8def26e860bc29ee9ef0f147442a647b5260c786013cce222da13f0067c7,[Elite Training] All Objectives Completed Rewards
1322315287,2f092b2811a56d11f5e356f78dc92d587c6c408e8b0e1a1b168c68ba29f33fe9,The Cozite dropped a chest and scampered off in a flash.
1322349168,2b468c4f37ea8ede96fe46eb6d84e63c0789e2dc74ced7a788ebc69c228fc836,"""Off-Key Tea"" is our shop's special beverage. After drinking it, your voice will sound like a Hummin for a short time."
1322370467,2aa0c22c65fe3c87deeb9055072ddd4f9a7f3000b98963ff7a7bd8a4cb9b5fa2,"Head to Echoback Landing to discover more unknown Aniimo, and gather Lumin Amber to infuse the Branch with more energy!
As the land grows more vibrant and its ecosystem is nurtured, more and rarer Aniimo will begin to appear.
Lumin Amber is scattered across the open world. You can also earn it by defeating an Alpha or Omega for the first time, or by clearing a Sanctum."
1322371460,762f29dfe1cd3feb55d1d73e4841605b238ec57c9c2475f66a586376814cc493,Go shopping
1948704415,762f29dfe1cd3feb55d1d73e4841605b238ec57c9c2475f66a586376814cc493,Go shopping
1322380516,be6a55e068c85a51516368ba637110f69a4e74445388f839b96d75682c604f0a,Confirm Party
1322389639,7c9e0b1be661dbbe3444590be8a24497c8a4a9b49885a39ec04fe6b38eba7308,Organize lets you sort within the current Storage or across multiple Storages.
1322389748,3cee8a1481a6d65eb5274aaced6154bfe31c9e63cbfac7049d2d4c986b485b10,Building Block - Light Gray
1463350727,3cee8a1481a6d65eb5274aaced6154bfe31c9e63cbfac7049d2d4c986b485b10,Building Block - Light Gray
1322403290,ce4f7ecc850e8fe69ec57f020f4edbac96915c029cb22b56526a913e87b87a5f,Stock:
1354703686,ce4f7ecc850e8fe69ec57f020f4edbac96915c029cb22b56526a913e87b87a5f,Stock:
1499192683,ce4f7ecc850e8fe69ec57f020f4edbac96915c029cb22b56526a913e87b87a5f,Stock:
1622126117,ce4f7ecc850e8fe69ec57f020f4edbac96915c029cb22b56526a913e87b87a5f,Stock:
2085495917,ce4f7ecc850e8fe69ec57f020f4edbac96915c029cb22b56526a913e87b87a5f,Stock:
1322404716,5d4eb4d71109cb17a97cddba35f0805857368346a4e145f17b0e236ff7f944da,Complete Journey: Warrior.
1447451003,5d4eb4d71109cb17a97cddba35f0805857368346a4e145f17b0e236ff7f944da,Complete Journey: Warrior.
1322411073,e3161af0d5080df5444d9879a58087effbb5492da2f43645e9f32c1fc13a82e7,I’d stay with my friend.
1331823386,e3161af0d5080df5444d9879a58087effbb5492da2f43645e9f32c1fc13a82e7,I’d stay with my friend.
1322424622,efb06cdd67e6d11b52b9ac207b527d322abca8960e65c69c51c7a751a92d687a,You’re a student here too?
1322478927,d0733b464709af4b300493836c0c60800f59b81de6c0fad5d0617e76fc06365b,Check Your Aniimo Trip Rewards
35837678,6b7204778686145fbdd0951b9815c72adce7e8e6bd67adfd299e23088622fe54,Hands
1322503794,6b7204778686145fbdd0951b9815c72adce7e8e6bd67adfd299e23088622fe54,Hands
1322520375,dabd092b8371e1cd4de5e927e4e757f54b825fda626b5d709bb9fec51e7455e0,It's for a wondrous phenomenon called the <style=Hint_BgD>Prismana Flow</style>.
1322532858,4b29fa652466866a7bde91723e0229c2a9feb1c3af7bde5fae1270c7f4c2dc82,"An egg found in Forest of Falling Stars, with an unusual size and powerful energy fluctuations. Guaranteed to hatch a local Aniimo with the <style=Hint_BgL>Alpha mutation</style>."
1322540473,4f8bd38d994f382ae54db373be6dd9f66011626317308cba5f249073175f2d8a,Fast and Passionate
1770568342,4f8bd38d994f382ae54db373be6dd9f66011626317308cba5f249073175f2d8a,Fast and Passionate
1322573771,865a425d95b20d5b48c4d6e7170a901348b903d5190f558b6b292f93b2e8d85c,Can I have it? (Reach out)
1322585928,cca13b9fdaee3244daf3bcf23df01a8a526d4db3b7ba39188b2d0e998e6dcac9,Cannot swap Aniimo.
1350656770,cca13b9fdaee3244daf3bcf23df01a8a526d4db3b7ba39188b2d0e998e6dcac9,Cannot swap Aniimo.
1814762501,cca13b9fdaee3244daf3bcf23df01a8a526d4db3b7ba39188b2d0e998e6dcac9,Cannot swap Aniimo.
1322626592,d4554b72780924bf37a829ff7b9da26237f0ab96535f30ba653bb6cb32224944,25/30
1322657206,89fced6d6205df031818c04aa463b29588d50adbce1deee88ca2c6912138c1a1,"(Dialogue Scene) Iris apologized to everyone and explained how she was tempted by Prismana. She revealed that she would return the colors one last time.
Somniwing promised to wait for Iris to awaken, and then they would chase Prismana together."
1322670262,395b4a9bfaa83d357f056128a40d4efe055f6acc731709429fc1ab2fef4a7eb7,A rare mineral pulsating with raw elemental energies.
1322682576,4fd94b04486101fb3630b19de5c2ae984a54858e16722d44103dd48f17c054fb,The mix of cocoa powder and syrup transforms into a rich and indulgent flavor.
1322684276,7130fa2494808d4b89c06f96bb39d45962baa0e5a7c024719d03821b47e9f8ba,Co-conspirator...?
1322684875,634febc11cbc022194c0da48c06c776d554d1eb38ac2667473cc0172ea7f7508,Why did Grace only make half of it?
1322718563,a6ce759594d43d88e99efb96d507fdb3a8e058e2dc4c390f84f02053d73bf4b2,"Speak more plainly? Understood. Switching to conversational mode...
Switch failed. Let’s just start the experiment."
1322719294,36adf6fcf2d305d9f8b2d47e5fc32f79583ab7c92e918f5ff25629c4b84d465b,Prismana Bellflower
1427469737,36adf6fcf2d305d9f8b2d47e5fc32f79583ab7c92e918f5ff25629c4b84d465b,Prismana Bellflower
1954687155,36adf6fcf2d305d9f8b2d47e5fc32f79583ab7c92e918f5ff25629c4b84d465b,Prismana Bellflower
1322757642,45cf686b81cc66e0bce814a4484671b477f82bd06854e434b4d2d36f4f677918,"When enabled, press and hold the Catch button to enter Catch Mode, then release to exit Catch Mode."
1322786069,a6b9eef4ec62853b9b62800824d4256fd40f6bc792d009f59f80ad7eca3427f7,"Yes. Loulla said she wanted to give you a special experience. When night falls, go find her at Berylline Vale."
1322868759,0d76fa63ff2df7bd41e3d4b571f4b6ae0a77926f6e3e2488c959b713de1e0b76,"When Irisalis is Fainted, it turns into a Blossom and blooms again, restoring Vitality. This can trigger once every <style=Hint_BgL><customRichText(calcData,buff, 9121302,param0,1)></style>s."
1756078005,0d76fa63ff2df7bd41e3d4b571f4b6ae0a77926f6e3e2488c959b713de1e0b76,"When Irisalis is Fainted, it turns into a Blossom and blooms again, restoring Vitality. This can trigger once every <style=Hint_BgL><customRichText(calcData,buff, 9121302,param0,1)></style>s."
1322870301,ecb44cb599ded63a567ff64d246e33e7ad39f56f463140fe62702370f3c8f5b0,[Alpha] Water of Life
1322908458,0758b03d8c09a66c32b8d85114b0ccdbfb422eb9a39f5a3c7f5b01d8f5e77fca,Are you sure you want to jump time forward to <style=Hint_BgL>%s</style>?
1322909372,85a31c1059a89d96c5497ce60a03aaf59c68963e78654cd33e227d632a53e589,Tip: Try progressing the clue “The Missing Windgliders” first. Tap here for a quick view.
1322927275,a83e7b4f72e7b45676b76c38c7636f2ad342b9940da0fbbdc08b9fa00f3353b8,Aren’t you Weston? I feel like we met before in Astra.
1322963715,eff31314b8b0dc2eb706a9dab4d5dbab9c906c6bc06738499f00a63ed1565606,A key that might be able to unlock a chest
1322980447,be93054354b8cec79b8604038d9db94b591463d57be7f34d8fb82612bde6ad72,"Hmm... Grandma, go on..."
1323002892,fda574014f0ce9ec59d5cbe4ff90476fce7fcc981050e68ea755ff45538b2e63,Switch Knocked Down State
1323009649,aa3b643667dfaa1bf8ca7b85e11f6aa2fb7e2cb51a63ae167104ac679d389c8c,Earth is one of the most beautiful planets in the sky. Our ancestors once lived there.
1323039796,baee7eda2c0cc0841f33573a69507ea6126350ff36277e46284b36e2e4db38d4,"Gathers annihilation energy in the palm and hurls it toward the target, dealing massive AoE damage."
1323061035,0d96d7a94cccd70ae6e338c3b3a29d88a9ed37ce481071007cb60d1746da4a65,Warm-Up
1323092111,01c45664bc273b1a4d4418ce75e934e598d7a28af405f47eb2afbdccbe59436d,Ruby Necklace