1693195256,fa74d9219c5d11e8fffcc5c6300c548a360955128d5796892e8af968fa4f1cd2,"Okay, let’s go!"
1693197877,44be04f7f57d9958953084fda2f5a1b16833070f3349acade23a1e1a23dc4910,"Alright, alright! Whelpy loses. You can take the chest."
1693251590,eb71f2c3630ab336bd4a66c23af406d32844d9e5df5eead1b9c446f22605843f,"Of course. At least on this point, I think we all agree—"
1693274409,4bfa769899b2079c5f07e6d9beaced55e792934876be4d9156cb21ef52667614,My Hair Design
1693308024,4a83398806dcc4767434dfde6004d26063b8c060986efaf909aab107c78e955d,Take care of yourself!
1693334103,b043705c11dd9464ef3196d01d8aa574d893e862451dfd045960f264c635b9cf,Cyclone
1693373375,ddfc605234da13067db71fb93dc865d675a42f12e64f8ab2c567dacdfd597dcf,"Those holographic columns can be very heavy, dodge all of them and get to the high platform over there to complete the challenge. Shall we begin?"
1693396833,f4ef6ceb23147847f92ce5c0677513bc2eebcb0e412da8cc6cbcd4ec9e784616,Frostbite Sunder
1741024504,f4ef6ceb23147847f92ce5c0677513bc2eebcb0e412da8cc6cbcd4ec9e784616,Frostbite Sunder
2103530973,f4ef6ceb23147847f92ce5c0677513bc2eebcb0e412da8cc6cbcd4ec9e784616,Frostbite Sunder
1693409889,5fd02a0175ece4aac59bc219e31c3232b8d82ca2d306c2d3cbfb2d1e658af382,This Park hasn’t been activated yet. Please activate it with the Park Manager first.
1693460653,7fd1d3ca98c034317f2c458aada76a26c57f6485d6b1743b528556420c44e11e,It’s not allowed! The Fentuft Inspector says no!
1693479615,36fb658eab0ed3720e96e8a8b07e59b624ee3fbb9235bd6ed42791f243d38ef2,Private Chat with Friend
1693529047,b0c31784a43a26fb3a9190f34282b9e36b31bd1badae60cb8f0a835d47fc2a56,Assist Gift
1953233911,b0c31784a43a26fb3a9190f34282b9e36b31bd1badae60cb8f0a835d47fc2a56,Assist Gift
1693540239,850620dd24c01d31d2177a5d40ad28e6a8303cdf96b274b8da5dee898c85eade,"No! I—I’ll return them, of course!
I’m sorry, Snowy... if only I had known—"
1693542371,815a77fdf4cae155c259e20f01ee09acd97548beca94fa92574fcbd5cd8822d0,Look! The real continent of Idyll is far more incredible than the Holoscape.
1693542508,afcf6799fe3ad60514dfef96a2619dceeb16892eeb627c146039a13c99b09615,"Curls into a ball and dashes at the target, dealing damage and applying <style=Hint_BgL>5</style> stacks of <style=Hint_BgL><link=""source_8038""><u>Lightning Debuff</u></link></style>. If the target has more than <style=Hint_BgL><customRichText(calcData,ability,14740200,param1,1)></style> stacks of <style=Hint_BgL><link=""source_8038""><u>Lightning Debuff</u></link></style> after being hit, applies <style=Hint_BgL><link=""source_8162""><u>[Paralysis]</u></link></style> for <style=Hint_BgL><customRichText(calcData,ability,14740200,param2,1)></style>s."
1693612374,538575fbc4d0395dd8247f5c45a9276da1e8455c67f61f0af6a2ac5739589f29,Irisalis Flower
1693613073,d88a5591e51f5ad7411026283a8dfef9649c293a57cf9e6850a0c162788343e5,Obtain Beginner Badge
1693628054,dfc22ebbc0475fe6795c4af9a1d9aeea67e07450edf0ab5bc1aaae7628b67f58,No swimming Aniimo equipped. Equip with one from the Exploration page in Aniimo Management.
1693676733,ab6378f0885bfb609ed5b30a54423f8d6cfafe27f2e27afa2e5cd9b29f01e2f3,Lv
1693706876,bf1b73ad0c153eb44334510df3e366c65a76d393373fd771368ce71b1bf07bf3,Twining successful!
1693718729,52836c65738acdaa09d23f5d126e7700d4658260c47c107ab10758b71e00eb9b,"And doesn’t Icho look special?
He is a very rare <style=Hint_BgD>Prismana form</style> Aniimo."
1693765982,baecc41613d4944b1afdd94535c36838125269100579f4b9191bfaa89d59ca86,Learn about World Region: Asia.
1693766222,af5c92c5da7bd5bbd79787231a0ea8f007846725fa34c3828dee53c9316cb411,"What pattern should we make today, baa?"
1693773341,b6b1123f66ed39005e17843df70b2530189dfa181e7f0f8f15d9662d49248da5,Archiving attempts used up
1693789996,c9c3ea3937fabf05bc8b44e9e342e533b217d0ecb5256972145993bbf7ef9a23,You’ve reached today’s Prismana Flow change limit.
1693795560,9084f7ba182be28d9cdfbd496ae21f1a754790fcc099198222d4ede38347d69a,Dynamic Tracking Point
1693797673,dea546dda079e5a9b7eb0db61e725ba621d6272734675a47d649ccdd8309f435,Sunshade Water Lily Pack
1693801382,e5bc844545d910e12da592eab49ed9153e83150beef33f1ab5eb0e3214a36001,Upload complete
1693805966,43b7c55b5ca31b572513a67880b76df73a65f6a8c6e647af7555e27e0aef57e3,Trigger a trait once.
1693856380,b66327b169ba47fefd95a88fcae13a206ebef9f83c63917b7f0b27ff316847db,"I remember now! I was dreaming!
Lady Velouria appeared right before me—"
1693858630,40f99b635638808f31fd08765a30eb9a205ef42caea336317de19f90f3b2d74d,Shield Specialization
1769140726,40f99b635638808f31fd08765a30eb9a205ef42caea336317de19f90f3b2d74d,Shield Specialization
1954353663,40f99b635638808f31fd08765a30eb9a205ef42caea336317de19f90f3b2d74d,Shield Specialization
2071221576,40f99b635638808f31fd08765a30eb9a205ef42caea336317de19f90f3b2d74d,Shield Specialization
2139446573,40f99b635638808f31fd08765a30eb9a205ef42caea336317de19f90f3b2d74d,Shield Specialization
1693874457,d6eec7c8bdf7f6094b724b2ed9b332d318697492d092d65754cd9c4e66a46a3a,I’d better head back to the doctor...
1693911514,72cccd1b34e072740215e282b23ffb7bc10f1fb43ccef9df62e13737ca668b8c,Turn Off Timer
1693950010,7dce91b6cd8d8c7d8e8fba27f3ce3b45485a8f67861b385f91682dd855989c02,Spawns during the quest [Rainbow of the Ground] on Tideblossom Coast.
1693951559,48241905260775bf9163bb64610907858452ddd24fba07762a355d19b1a06718,"Dance gliding leaves water trails on the path, dealing Shock Wave Damage and increasing water Attributes Damage by 20% for the entire team Over Time for 20s"
1694018350,1b8d7e3c191ea4f0fd161a1786089d5a842068307156d0a80121f67ab32346de,[Home Season Mutated Plant Collection] Gift Received!
1694029027,8ed492096cf4ea09d8b9985c9b58387af939428761a122a2f9a6b0171e6b2efd,Transforms into an Alpha Scorchhowl
1694049059,4bfccf11c71c7b98a6c03f67f15facf4c8b0e920c2e9a035bbfd6a3b4e626412,"This is the <style=Hint_BgL>Camera menu</style>, you can adjust camera parameters here"
1694079846,8bdb249808c3fdfef2eae54bfbee46243670013bec9a2a75230c374371147805,That same Helmut—wearing a <style=Hint_BgD>Broken Helmet</style> and wielding a <style=Hint_BgD>Rusty Iron Sword</style>—defeated the dragon... and became a Pawney.
1694090343,61dc18deeb77c7b35ac817ccfb922fcd536ecc828c9b8775ad409a3ef1ddc8d1,Quick Recipe: Fresh Water
1694098095,0ace225f8e769cbe2c341f8f4e820f51bef5cfae8dae817d6eb3bbb7abb9dc1c,<style=Hint_BgL>Touch</style> the dandelion to be carried to a higher place.
1694122581,ca0ca837c57c986fbb0ff0e89e97d9ca8ee93fa43523db0b9e8401194c8631a5,Assign Aniimo
1694136231,09331868d500f03a87ab9704b0a564e37503749887f70972cc3faed9a42f487c,Reduces the EP cost of all support skills by 50%.
1694148129,274f10593939c149318dcc9e3db71fa6373944778c14d0f8b5d6157060a6cd8c,Frostwolf Spirit
2093848855,274f10593939c149318dcc9e3db71fa6373944778c14d0f8b5d6157060a6cd8c,Frostwolf Spirit
1694173301,c7ed1346c269dd2a37ded36d09bc733fb272fb61e31000a75bcea39606173d30,Promotion Assessment must be completed to unlock talents and learn Pathfinder Skills. Congratulations on unlocking <style=Hint_BgL>Level 2 Skill</style>.
1694192149,979e14898698ca5b1203f9d8d655ad86a638f2605d456f91a5fe2a0fdedf588b,Cash out.
1694254403,5c4dc177e92daae5b36deaed98b8b1280163e53227d82536a0c21d5e0011acc8,There are items in your inventory—please clear it manually!
1694310811,57510fc1b550c56dc2d6fab3aa126d0e21217d0907fd81a125f58a22af154aac,Is that your final answer? I’ll give you another chance.
1694333649,f61ac48c41a727a014429fad8500e13e7b3d7afb3e024dc813048ddf90592230,Toggle RpcSizeDebug
1694374638,0268ed0c8fdcd32552f6be3cabb045e3e35af16221c4f15292995f54d29b947d,Promotion: Legacy's Protection
1694441112,77c855b9171a28847d31d70d96e6e8b27a9815fc216d37f8802a387a5fa64520,Treasure Keeper
1694513602,f88d83566f84d5749b51d947fdc9cacb38e841615a0a01b149eac4ff65836fee,A Report Card issued by the Polaris Institute for enhancing Passive Abilities.
1694523041,020d043de971cc20e15ac1d1ca0ae8feb6363958cb028da7bcbf495135244722,"The Sword of Bravery must be at the <style=Hint_BgD>top of the mountain</style>. All Helmut has to do is pull it out when the Infergon isn’t looking, and then slay it with the sword. Easy peasy."
1694540752,62da0d110fbf624de40bca008e8e049fc57f5a2a595efb1d7d1cb28635b16e36,Battle Art Department
2095207803,62da0d110fbf624de40bca008e8e049fc57f5a2a595efb1d7d1cb28635b16e36,Battle Art Department
1694598242,2fcc60c2ab3be068dc8bfa79d2431e62343435aaabb3ae8c45ae845306623b84,Megan
1694635739,fd79cd1397fcac5f0e152870207f846ab795f716f0c2e09386051ec0bd4794e8,Reach the target position on the shore
1694666278,adad9cfa84a348c4ec8ef1620ba4153076c2b24a5c39da2782bbe124756df831,"While in Tunnel state, restore <customRichText(calcData,buff, 9116107,param0,1)> Energy when dealing Damage to targets. Can be triggered once per second at most."
1694680839,f2a72f58979cecd1064436fd0a14b18edede79a63ba2bce773826c1bb5ce4d06,Coin Envoy Sighted
1739100292,f2a72f58979cecd1064436fd0a14b18edede79a63ba2bce773826c1bb5ce4d06,Coin Envoy Sighted
1991032786,f2a72f58979cecd1064436fd0a14b18edede79a63ba2bce773826c1bb5ce4d06,Coin Envoy Sighted
1694686688,018c8a2bd8a2095d6c906ebc23181df34b9820bcad2662843dea2f0e8c6bd6ea,Busy.
1694726551,f1c16c3da7b70f35a70b1d1801e16993db70af4b072002d391f597f6cb3dbd21,Tutorial Title (Placeholder)
1694753646,6e73b72cce062fdd44e7efb13096741e1af49f34eabd48b673184d463c2f48c4,It’s not entirely free; I’d like to invite you to be a trial officer for GoGoHomes!
1694768315,7b565327e13efda42724ed0719ea41936e9e310a07152b37aff15f20b01af83d,Confirmation Countdown:
1694783416,06c07395d7d9b82400d4759c9dc67db0800a537ce7f0bd843fcd6cf48dcb15ae,"Their mood drops to the freezing point, freezing even the surrounding water vapor into ice crystals."
1694784256,4d2f2cc6d3aceea3fb66b4155ef8f4ac32b191c47872ca086e2b406dbee076e8,Active Skills
1947495381,4d2f2cc6d3aceea3fb66b4155ef8f4ac32b191c47872ca086e2b406dbee076e8,Active Skills
1694785813,02be57a379978aa74b0e6c71ecfdd117be4c35e5c6e30279d82938350140b67f,Harvest Under the Moon
1907347214,02be57a379978aa74b0e6c71ecfdd117be4c35e5c6e30279d82938350140b67f,Harvest Under the Moon
1694902172,1796b284363a42cc8453dcbb82ad6290b0a3155e3d9cc1c5e3fc7116ec0f2fff,The little Emberpup ahead is asleep—100% catch rate.
1694963555,e3a1a8a5f11a023d729560d94cbde356b65f726722bf9ece1579b4dbe65df3a5,"Cannot move freely, use skills, or perform basic attacks. Moves towards the caster."
1694972073,bc7110444fa72c0fe144d500809436ce9557711dde46c06f262b7224595ae4c2,"In battles against the middle-lane and left-lane Alphas, an invincible Termite Nest Aniimo appears. It has a bombing skill and keeps bombing its target.
Bombing damage increases over time."
1694986206,81e996aed4c4d295f684aa8eb26bc8cb6ab780f1db1940b544019ee70d3f5b73,Little Gardener
1886751260,81e996aed4c4d295f684aa8eb26bc8cb6ab780f1db1940b544019ee70d3f5b73,Little Gardener
2103807188,81e996aed4c4d295f684aa8eb26bc8cb6ab780f1db1940b544019ee70d3f5b73,Little Gardener
1694986542,7f65878d43af16310996ef79311257baa270193adc507db7bb98fcf5cb50f671,Earthquake
1695005437,919981fc4f61a9d15bb9e1e0fcb722cb928197fcf9a8fdb8ee76a38866cb10e1,"Okay, there’s a strange resemblance..."
1695009445,0a6f76e527ce39c49f63c64b8e36a3d37f812dccb97b94882c20a2b5d00b35e0,Susuta searches the sand for pretty shells to give to the one it likes.
1695070105,f9234af7cfa9ffd699243ebbea07ea210e133a0e14d5c4ff1dd64d5f126436c0,None of them?
1695078959,29c7478b37afca7c5bf1927ad8e6564b829ff11d0eea51c19cbd485f8c476f36,Text prompt placeholder Swap pet successful~ Aniimo left some items to thank you for your nurturing gratitudet
1695087307,a4130d7d2c3a137f362d28ba21eedd525b7e42e7551c3e62817b048c9a0bd425,Rank
1695097839,e54fe197ec7a1be25343eb44635a48653c257e887e573f97d9073ba39ed7378d,Building Block - Light Beige
2004096478,e54fe197ec7a1be25343eb44635a48653c257e887e573f97d9073ba39ed7378d,Building Block - Light Beige
1695099182,246e5943ad4bde21270a85cd3d7ad897b65473228ee206f7cce26b9399dce900,"From Australopithecus to Homo sapiens, humanity began in Africa and spread across the globe, evolving from the Stone Age into the digital age."
1695105772,bff0ac1aaa78913fa92f13980ebfda67d830069ff31bf0d57c637e6cfe2b14da,"O human child, recognized by the Core, Sol, and Lun..."
1695106499,ddfda9ed4a08c9905e61e173cf017eb7ef538b8991d89355a5b27a4939075382,"Living in sunny woodland regions, its lighter body color helps it avoid absorbing too much heat, while its special golden-brown fur allows it to blend into its surroundings."
1695125246,a59a636fd57a610bf21d7b34478814cf8ee1f523fa39572a424f7d9e12d0ba93,Added successfully
1794130039,a59a636fd57a610bf21d7b34478814cf8ee1f523fa39572a424f7d9e12d0ba93,Added successfully
1968740416,a59a636fd57a610bf21d7b34478814cf8ee1f523fa39572a424f7d9e12d0ba93,Added successfully
1695137243,910b120d27afc362c93c978674cb399f03ce4e13d3ca041d4479ecb0d1e2706a,Increase Character Star Rank
2057812033,910b120d27afc362c93c978674cb399f03ce4e13d3ca041d4479ecb0d1e2706a,Increase Character Star Rank
1695163990,49efba09cbb4604e0d5bbf79602c447b12e616cc57a9c122b37cd27beffac865,"Okay—if there’s a reward, I’m going!"
1695186265,0c35f8a02bdc561f8b3280a29a57d35054f8efd1d234737e70e2b058df9db923,"Electric Flash, Swift Shadow"
1847970559,0c35f8a02bdc561f8b3280a29a57d35054f8efd1d234737e70e2b058df9db923,"Electric Flash, Swift Shadow"
1695212513,241b5fc2e965ed77079068fc0adda26dadbaaf9a6c57e40bc60e4785d08c010f,Edit Signature
1979147222,241b5fc2e965ed77079068fc0adda26dadbaaf9a6c57e40bc60e4785d08c010f,Edit Signature
1695212680,d4b908d84f41001dba477ebb518c4605a41e7264c19e3ec174a331a09600c223,You seem a bit down
1695252144,c9d02d16eae2c4368ef1abe6403bb9fc8f880b0827e574b7507976c11adc3200,Garden Fence
1835916352,c9d02d16eae2c4368ef1abe6403bb9fc8f880b0827e574b7507976c11adc3200,Garden Fence
1695267766,76f3c4bcf9f86e71dbf634df3297d8bd268d1f8fc48f7a9952d706656a2a616e,That’s it. Aniimo who are <style=Hint_BgD>good at hauling</style> will place produced materials into it on their own.
1695282114,223b86716e9afee9e5e58072e0b1720bec469e46ada4ed436ce08f4a450bbae5,"But everywhere I go, all I’ve heard is that the Bloom Festival is about the Irisalises..."
1695305119,0dd3d80794e5f4be2202788499ee40c12037a1d523976d38aefb3851c3dba70f,A commemorative coin shaped like a Starine. Many believe it brings good luck.
1695309792,54a7c43f36d21ad713caadf12b12a14a4995fce03e37af118e03cc2f380f6632,Scorchhowl Territory
1695324000,aafbbb713ac79c623547a48242abd4ae8aac34119cd3af61a249a80624c15774,Rose Skateboard
1695384654,bb29cbcb4d46aaae0b99e03d1c2ec4d50d0d354a3ff49e73e7a9b2bd7bccc162,Wolferno
1695396366,601e9cf670d27a88362eab4701dd11194254ac13311631304d83eff51745b48c,"Don’t get disheartened. Try bringing a <style=Hint_BgD>Fire- or Earth-type Aniimo</style>, and you’ll melt my ice!"
1695402856,5871ab9b96740875932b33f4119f667ab6a86d8ebd91bf5c387359a3d2296640,So we’re trying to discover the cause?
1695443211,da0cfa612c30b7945818af65c67943b9f3632ac6319f69cad97f9cd59bab3c12,"Promoted to Wayfarer I.
<style=Hint_BgL>Aniimo Capability Awakening</style> is now active.
Use it to make your Aniimo even stronger."
1695466824,95bbe2f2a6bad95fe8136b1c4460456acebf9b8c7b2822b65c48c2ea996ba776,"Congratulations on earning your Basic Training certification—a solid start.
...I almost feel like this training might be a little too easy for you. Want to bump up the difficulty a bit?"
1695518840,447195b7c1a0fc00bd81a91b0778d3366e4979dbf9a1114ebd5bc6d67c4facfa,"The display resounds with an ancient melody, echoing the lost songs of our forebears."
1695541791,aa0e7d6f809d207c3fb36f356ded53cf632d7cc8ded92bb2bfff4e921bd2c43e,"You can now place <style=Hint_BgL>26</style> Aniimo in your Home.
<style=Hint_BgL>New items</style> are available in the Home Shop and Furniture Store, <style=Hint_BgL>with more advanced production facilities to be found!</style>
Increased <style=Hint_BgL>cap on the number of functional facilities</style> you can place in your Home
Increased <style=Hint_BgL>cap on the number of orders</style>
Purchasable RV components: <link=""item_4040017""><color=#5090df><u>Incubation Reaction Module</u></color></link>
<link=""item_4040016""><color=#5090df><u>Plant Research Module</u></color></link> can be upgraded to <style=Hint_BgL>Lv. 2</style>."
1695560376,c52914fae8153544e29d54a8ba8b9f763bbb085a569acd28704e2d8267cf4a90,"At regular intervals, chains link 2 random players on the field. Linked units continuously lose HP. When the chains touch the Alpha, they bind the Alpha for 1s, briefly stopping it and dealing BREAK damage. The chains then break."
1695581568,35cb491b336cc1f4d17f94a7f04b865f9cca36a041806058620b60588a9f6b26,"Rise, fountains of the stage, just for me! Sparkle on."
1695625544,93c0162116e838a048290cd28978400c02c141921b9b8553755f9e1391674907,Head to Echoback Landing
1695630762,abb833989a9261640c8650747ecb68cd02869e1fc02ed65055749fa4a1de7ba1,Shiny seashells
1695649019,bac7887afde5970c55c7b1d3c0c0b6368c811e325be295fde11c7266c91f9aeb,Provides Energy
1695681456,c97a2fa2cd227fd992a6bc65a64a463f278891f5a2d584023fde409993c3e1d8,Helmut was just getting ready!
1695702132,c26f25290b2456541c5d07858769bd17c6b6f74398a74aea969257e0d3ef266e,Now place the Co-op Store in your Home.
1695713414,08cff244f6ea76d50c2c5fe99a6c50aeb0c0472cb3369665f125bce15d30cc27,"Is taking starines really stealing, though? Chrrr!"
1695751229,11d027ff3088fc9a5544b757a641e972c30994e7afc11672913c26787a782c61,"Petals, petals... follow my lead! Ah, wrong direction. Oh well, that works too!"
1695755653,7ddbaae582a5064c3d59f72722235d26720b374fbda5fcdc740a0fb7a643dfac,Requires Pathfinder title: Wayfarer III
1695786570,743c5e5f01629d0ab7c859310975288b09ae730a6a56bde8b4c5621e025852ff,Please select the Aniimo to inherit first.
1695798818,5e9371b3a9618f5b2f6b4256f606b92644f9a932417396a5d3ea56bc50e9267a,"My shop opens tomorrow, remember to come!"
1695801109,171dfb6c097da0ab0c25e4ee9f72e8ef19719697d57cdae657573845d5ba816d,This is... the Polaris Institute uniform?
1695817330,365e8967f6bb1dab56f6e5e096a3451c62671d22cc5d3ed39cbc0eaf10b541de,"I remember the Institute’s exploration handbook mentioning some strange material called...
Better give <style=Hint_BgD>Dr. Lewis</style> a call and ask."
1695898802,1e5b8f566c5241509081db1c6d1dbe28c68bfc2b276113709f28bcb914e7dfb3,"High-temperature fired ore bricks with a slightly rough surface, hard texture, and sharp edges."
1695908622,e602d7b068e0ac039ce724d62ec9800e9b95595d0e23c841fbc2e74b217fc940,"After asking around, she learned that there are so many facilities these days that Aniimo are exhausting themselves running back and forth between them.
One Emberpup was running around so much, its fur even started falling out..."
1695920311,ad4d23bd8e345b7b36a4fd9314d8fcb11a57be98a5735f0141974a2f5c3a6fcc,"The Homebuilding Zone is now open! Aniimo in this area can produce <link=""item_1011""><color=#5090df><u>Wish Stars</u></color></link>!
You can now place <style=Hint_BgL>24</style> Aniimo in your Home.
<style=Hint_BgL>New items</style> are available in the Home Shop and Furniture Store, and <style=Hint_BgL>more advanced production facilities are now available!</style>
The <style=Hint_BgL>cap on the number of functional facilities</style> you can place in your Home has increased.
<link=""item_4040013""><color=#5090df><u>Resource Detector</u></color></link> can be upgraded to <style=Hint_BgL>Lv. 2</style>.
<link=""item_4040012""><color=#5090df><u>Kitchen Module</u></color></link> can be upgraded to <style=Hint_BgL>Lv. 3</style>.
<link=""item_4040011""><color=#5090df><u>Ecological Module</u></color></link> can be upgraded to <style=Hint_BgL>Lv. 3</style>."
1695923051,77c12bd058f75e7b4a4ecf68afdb237b0a253fd899790643bb9360982b47f5ea,"Finally understood why Shulala is so fixated on drawing circles.
It’s because his homeland was a round, blue planet...
Can we ever go back home?"
1695933961,6292b8d461b251acb3f22f21d34909628e84198efd7615db53866189fcad1712,Jaeger reflects on how much Sunia has grown and realizes that Irelia’s grace has inspired everyone to offer their thanks freely. The Bloom Festival may no longer be held only on a set date—every day from now on could become Bloomville’s gift to Irelia.
1695960965,748a479e8ddf4750058262b7583126bfa72fa8791dca540bef59b731ad33d668,"Ant wanted to renovate the magnificent castle, so Ant sent the three Cozite brothers to gather inspiration, but why haven't they returned yet!"
1695963009,ea87de6b6c102438f9ff6446d5d3849cd9c904636e37ef3c3387b3b89eda03ed,P.DEF-to-Fixed DMG Multiplier
2094374866,ea87de6b6c102438f9ff6446d5d3849cd9c904636e37ef3c3387b3b89eda03ed,P.DEF-to-Fixed DMG Multiplier
1696011312,bb3969c6be261bc6c0893f4a53c79b0b342b97212e8bd0e847b53080d1a63d1d,Fly inside the cloud!
1696020674,5de347fc98275ad516c58df429a17c0a1b38ff016eb4521175cb07be4e83180e,"Irregularly cut stone slabs, polished smooth for comfort underfoot."
1716063375,5de347fc98275ad516c58df429a17c0a1b38ff016eb4521175cb07be4e83180e,"Irregularly cut stone slabs, polished smooth for comfort underfoot."
2085849254,5de347fc98275ad516c58df429a17c0a1b38ff016eb4521175cb07be4e83180e,"Irregularly cut stone slabs, polished smooth for comfort underfoot."
2139379710,5de347fc98275ad516c58df429a17c0a1b38ff016eb4521175cb07be4e83180e,"Irregularly cut stone slabs, polished smooth for comfort underfoot."
1696044487,40344d544da1d5cfc279e705c8836868ce2f169fd0538a71891256620adec799,"...I guess I have no choice but to believe it.
After all, your speed earlier already opened my eyes."
1696045054,b8b4f60190766d680bc6ef543cff1974e26cf9b6a33bbf779c264c3e4d7d2344,Placeholder for world lore description
1696101791,f06cece09ca01cfaf8612c0a8765bcc36a355bd4c391b9491b8995738b9b4983,Shining Cranberry
1734975593,f06cece09ca01cfaf8612c0a8765bcc36a355bd4c391b9491b8995738b9b4983,Shining Cranberry
2094594638,f06cece09ca01cfaf8612c0a8765bcc36a355bd4c391b9491b8995738b9b4983,Shining Cranberry
1696166834,5590f5d28ba12ff75591bb3a11ab18112b43703728d7a3d03935327d736a0ae7,Courage Born of Fear
1696181160,8cbd81d801d29ba923968b7c12009772f6b9274c12887c329b00ac342dcbccd3,"Everyone, please stay calm!"
1696217643,1f5d75edd06c5b4e68064bd1c4c95967055939ec45418e1763ed7e07226a0101,Dream Blast
1981896782,1f5d75edd06c5b4e68064bd1c4c95967055939ec45418e1763ed7e07226a0101,Dream Blast
1696217967,1284cb2602e49321d7c954c5881d3b542649e86b35189e6a1646bf1d23a7d70b,Enter a UID or nickname to find friends
2145908700,1284cb2602e49321d7c954c5881d3b542649e86b35189e6a1646bf1d23a7d70b,Enter a UID or nickname to find friends
1696224357,0c9ea067973a15d2db6abd379095fe54b81d7d179b25fed21f8d8e4b79f49a99,[Violation Notice] Inappropriate Avatar
1696267472,168b8d9e73d19dde3bd62122c70c778e9147fa57756486a3404c32b6764c3b00,You’re still as strong as ever... But isn’t my Rolling Squad so cute and tough? Are you sure you don’t want to catch one? You’ll regret it if you miss your chance!
1696272932,d9e7eebb118c564cf893e49996743b6d6c400eab554a3a0cf4821a587f3c4814,"{0} Limit
{1}/{2}"
1696288448,fb93a9f11a28c38841358fac4a0d146991aef337d5ed643ea3fde75b6a999d53,Unlock the Wisptis Avatar
1696318133,ff0d8587db8ea87aa63f6c110bcba0caf088c5f694d7b16178515bf862aba7d4,[Home Season] Reward Reissue
1800226380,ff0d8587db8ea87aa63f6c110bcba0caf088c5f694d7b16178515bf862aba7d4,[Home Season] Reward Reissue
1696323051,54127e403daee057084e00a70ec1f0d82760f0ef3474caf667b90e6b520e002d,You’ve selected too many runes for crafting.
1696348160,aa28cbdb481357b1b3df3705dedd89498151bf54a862ecb05d914f28cda70f95,[Dialogue Placeholder] Scenic shot of Bloomville
1696352906,b58cdde4fe7449411d1d66c8529f0c708e2d3680c3f4d10aaf12d05b9a1d177f,"Thank you. I feel like I sensed some kind of change...
What a shame, I didn’t catch it... When can we find another chance to try...?"
1696368197,36c9799e2dc7d1447b520c918a7cdc0a27c30fee606e84e0555efa23b2943195,"Sollight and Lunlight,
Whom do you wish to be protected by?"
1696383787,1d96860d23a4fd8f749c66ffbc954059bcb477652f1c39f103ed042c373b7438,Mm-hmm!
1696460143,21542678362acf0ff86913bf28735008d86bef80ddb1e8acc0ce2bc8c735a562,Embrace hope!
1696468500,f887f170ff351a61a1cf5dcdbaa60b5d3796c2299ad065364b648c36fba8a4de,Reach 70% Aniimo Collection Progress in Berylline Vale
1696475571,e12b21f39e4d3fd43c480c2b7a893f67e4e2e9e294ad141fa56f2cf4daeab2f8,Elite Training Group ID
1696488995,a81bd776407eb848dcfc685e40596a9e840b96142048a79373749bb0d1d213d1,The vehicle looked a bit tilted from the start...
1696494545,ecf2b1b7f0c395ebe7aa366d2f0d9d8e0d27c99f12df9b76b4dd05311577c2c5,"A brass vessel with intricate engravings, each etched detail telling a story of artistry."
1825644144,ecf2b1b7f0c395ebe7aa366d2f0d9d8e0d27c99f12df9b76b4dd05311577c2c5,"A brass vessel with intricate engravings, each etched detail telling a story of artistry."
1696506245,7cec309eca6cc76306834718c4a6a727587382f44087f30ecf61453b9a1705c3,The <color=#d89c28>Lumin Amber</color> formed in the middle of the river — it won’t be easy to retrieve.
1696535310,4b0331ee988c387bbfbedd881bb95cc573375ec45eedb00b6211ab5743f85394,...Hungry...square...want to...eat...
1696547784,5fe550176e460549efcb20a81f55c96050337fa1fa51041de5d218fd5774ffa4,"Alright, here’s your reward."
1696552418,6a3561243a90ab29fd54f7ea180e9f7b57e01caea8c2ac39f547004e7188da68,"While twined with a Popota in water, press #kPlayer/Jump#z to jump over an obstacle.
Press and hold #kPlayer/StartSprint#z to make Popota swim faster and jump farther. Press #kPlayer/StartSprint#z again to return to normal."
1696577926,a2b8a4e884a22ba823ecd2c016d0223c2602746b97bf288afde6523d39313217,"I need to stay here, or I’ll forget where we hid the chest again."
1696597616,1dd7710e61180a90cd56f7602d28a4fea424e7b668d86badc355139c340e9193,Challenge Common Warrior
2003152752,1dd7710e61180a90cd56f7602d28a4fea424e7b668d86badc355139c340e9193,Challenge Common Warrior
1696599668,79b775baa6362735ac42b3342fb0083951647e02e4ed60c40aa6c61a853c5d3d,This feature is not included in the simplified version
1696621092,6ad4c3857823108210b6bfb24377c12c1f7309906f0365b6e9d57901b7672f85,Emmm...
1731198167,6ad4c3857823108210b6bfb24377c12c1f7309906f0365b6e9d57901b7672f85,Emmm...
1696682780,47b99f227998de08faf6c1527ca716a3288382d2b81ebc803c9b4e8857e3dfcc,Add vanilla
1696702626,f4d31d31aebebd8155bb2e101925d5c691032403809844e65b4d9cd6d3bff878,"Cannot act for <customRichText(buffConfigData,2102712,duration)>s."
1696704685,1752f3978390c7642942239b5d63afb6f2442a1f9137a433e34269299d1f1d58,Orange Morning Sun
1696788826,0cd44f2265cd33250d7991a642709ac2fa5f599e519e5f021fc40d2f940c7949,"Thanks to you, your Companion Mode party members also received rewards."
1696837642,8fa2fe5899e194c31e189ce6b5be1ac5e1fa60a36cfc92540fd19647c312872a,So what was senpai Researching just now?
1696854983,7e83154655867c531b84e91a9ed086a957a9bdc39bef3ef1d19a663942184c48,Pet Impression
1696911093,f1565caf18719c8b3d855c10ec7fb9cf4c924642256aaccf13b0f91bf0e33b1d,"A miraculous potion developed by the Polaris Institute. Once sprayed, it coats the target Aniimo in bubbles and prevents it from becoming fainted."
1696970398,50c90ca05fd295879d2d584524baf6df0c7101b6d299a4f3e74426a304861aae,Copied to clipboard. Press Ctrl + V to paste it to the first cell of the corresponding row in the config table! %s
1697023480,4646c53b9ba122164cb854ab0f4be890b79a9e7fcaa2eed163ba69a6ca21fd78,"You flatter me. Though honestly, my talents go well beyond just ""amazing."""
1697026575,2a1dca8dbb447b73d769bf688ec7589c016f17be04c67078ec2fc1db0c0e5194,Unlock first
1697045648,ce95dccd6bd7952908bb7279f563bd3f39859336b2f5509485f05f0c7be6d774,"Stick to the basics—<style=Hint_BgD>ethanol</style> is safest, pure water can be rather dull, but oils can be... explosive!"
1697060447,16ec2c96aadbe9e76da39d2c41946e01c9e88a389ed4c304a00ade6413ca02a1,The <style=Hint_BgL>pattern on the stone</style> beside the cluster of flowers looks like it could fit together. Try finding the right position and angle for the pieces.
1697071009,085a28c129f4590a8e8d3a07752a7449da23edfcdc702b5cbf363d86e144ea20,A mysterious healing power restored both my Stamina and my Aniimo’s.
1697094896,8e4f24d672aa8d7fb30a6caabb5f2ec071897f12078b40666bcfbb5f80f8d9ba,Catch Effect Part I: Exclusive Sparkling Effect
1697108519,093957d3490f564ba2e965e56fea61cef57026530ea69b10a1312d88f3eb6190,"Dew gathered from bittersweet blooms. Imbued with both sorrow and happiness, it exudes a complex, layered fragrance. The perfumer Fantine is searching for it in Driftwise Meadow."
2061600208,093957d3490f564ba2e965e56fea61cef57026530ea69b10a1312d88f3eb6190,"Dew gathered from bittersweet blooms. Imbued with both sorrow and happiness, it exudes a complex, layered fragrance. The perfumer Fantine is searching for it in Driftwise Meadow."
1697120832,130083a80c0dcb5ae9901cbdc2ab84a849df0850ea3c068afeca7fb1939eba9f,"You sit quietly for a moment, but the other two stone seats remain empty."
1697131087,72a9918da984c6896e82c75e2c79f49ab99ae5306318eaae8e446c5d453afea5,"Once I finish my training, I’ll be the ace of the Battle Art Department. I grow stronger with every fight!"
1697150125,75c149d2ea0bc813bc239b27f5a9f615387b715b628ee192bc067c2378438758,"In catch mode, press #kCatch/Focus#z to <style=Hint_BgL>lock onto</style> the closest Aniimo."
1697155400,1bb59af6a7b7be108e5aac141a1688f8f33251eff046cfea3f5669438c0c99c8,It’s been a while!
1697167914,b4f549bc641a71b29caabe97faf3b98d08fc21780b5033ac502fe1707985e897,You earned 70 training coins!
1697179516,62b6d20e5d5ad7d3c0250d7035004f8bb7751571b9bffff467b5934323dab0a0,Good. Then leave.
1697183581,466ef615b599df7bc89c3e89447f49eb78b28e83adbb7b81f650388d0f60de4f,Somewhat introverted
1697238743,cb5e2ec63065e567158b9a3cb1fde95f0e520294752b42b29338f533f7ba6301,Held Item World Concept Description Test 1
1697252398,93e90e31b252b7928f6ace927723e6bc59cffb809125d325579c3af9ebb65de6,"The little flower sprout of Tideblossom Coast sinks into a Colorless Dream.
A traveler has journeyed the land and read every legend,
and gifts her fragrance in the form of ten colors of perfume."
1957627390,93e90e31b252b7928f6ace927723e6bc59cffb809125d325579c3af9ebb65de6,"The little flower sprout of Tideblossom Coast sinks into a Colorless Dream.
A traveler has journeyed the land and read every legend,
and gifts her fragrance in the form of ten colors of perfume."
1697279681,398a5fb2474decc37409a6609568ceb2b46a8196ffdfec18475bdc70f2af5a38,What do Aeons look like?
1697291530,4ac9b2f32f2473f96a11a793ffe67bfdbf9db9a416e8c5e5ca6c94031d0e274e,"Press the <style=Hint_BgL>Jump button</style> by the edge of a cliff to jump into the air.
Press the <style=Hint_BgL>Fly button</style> to enter the <style=Hint_BgL>Flying state</style>."
1697316433,98d7f113aa13e67287bf6e9657d690be9c89226c9dbd50453897022484ad2771,America
1697373194,6b31c65fc7713bfbd8f7196e9c9b1453975306fd01c473a39904aaa2ddd67349,Switch successful
1697374148,9918a8f9cc032b0fdc64012f5d2d577201767fd9a815fae1ed401ba8d586c21b,Flame Vortex
1697453759,ece49a79993d736bbba119e13469c8b91f630c8ff6cfebe0b0d1959a7a51bcac,"You can call him Scatterbrain... Hmm, how should I put this? He’s a little... unique.
But you can trust his abilities completely. If you win his approval, then you’ve truly earned the rank."
1697477245,8473cb2186a3b2e6aa3b6becd5c819bf983b4374872fdc7522098016a84f19a1,The Bloom Festival?
2034760151,8473cb2186a3b2e6aa3b6becd5c819bf983b4374872fdc7522098016a84f19a1,The Bloom Festival?
1697480284,1376ba03caf40dd1140d023ec3aebf08f2a52770ab8e120af6bf0de46e49cc6a,Unlock by collecting more regional Aniimo forms
1697481857,80fb8d57d23b8665cd9a5712f7b543192926f2ab6d96f4df709a79f0e31f9040,"Maximum number of styles per row, Default: 4"
1697540061,0c81932420a74dea03230d6321d00de56c705b94bade1a86abe7d854deb625b8,Claw Game Cooker (Level 1)
1769603080,0c81932420a74dea03230d6321d00de56c705b94bade1a86abe7d854deb625b8,Claw Game Cooker (Level 1)
1697553936,0f394a56543463a067aa1d6cc9adefc6037507e628e692c1e8054d6df106b598,Sweet and Pleasant Scent
1697606173,8d962d91177f0d57d015b816556e876b6adfde9b760c6a32dd69900be7995c9c,Teammate View
1697608971,0771832b7ee458cb5d508fdf6a6f24db6aa1cf1fb0ee18544a92fbf370e8b994,Angel or Demon?
1697612298,5e00fffee058c5750c1403992ef396741930bc763e167575ac8672b000bf9e4e,Increases the shield amount you receive by <style=Hint_BgL>{param1}%</style> for each <style=Hint_BgL>{param0}%</style> of HP lost. The shield amount increase will gain another <style=Hint_BgL>{param3}%</style> boost and cap when your HP drops to <style=Hint_BgL>{param2}%</style>.
1697625574,28923e08d00ac242a9738d16f57169afb88a5523b6035c47ef19d4e1e46c4d1f,Treasure Goblin ambient sound effect
1697682772,6ba5471ccd476cc4ca689dbbddc1946131b65d38bec6ce883d91af8e129fecaa,Lightning Blade Impact
1697697357,e04d99edf08c8fe0790ba11138d1e0ef6b86b18a3ffa3cb712360f2e84c8b6d7,Ability Distribution
1697712450,243d67be8e2fe0c3b88ce81c62b5448037141837832b22c599ebbebd157ba356,"This place seems to be a powerful Aniimo’s turf, but it’s not here right now.
Seems like a good opportunity..."
1697746842,f505a43b21f09f2772d52cc80aeed8de2bfbf24282e9f49c616ea8305666be40,Ah! Doo-ah...
1697751234,144924fc3123ece85c0b6cca98e71083db1b4b79e132aaaf808d97f6781a1ab0,"A tribute, huh... Something tells me people also used to honor Lunara and me this way."
1697754289,3ed38fa3ff16795cee848952b8772dca1b79f0190df075629a7699e5f957ff2a,Y-You really think your old man’s a mighty Helgon?
1697778899,a5d643daf65be9ca516b8471ca4826c9e8010d8db75210734aba5a2f38f89de0,Let me see... It’s an Inferlupa!
1697800231,14e6cfc4461a99190ac9e539699bad7e2d9fb4a31d13435de315f2d6f8a252fa,Empty NPC-Effect
1697871782,583019e3bf897ec85f054741ad60ca0d1394980dfde0dd5ca32c50af1f3d5ab9,There seems to have been an energy surge in the giant Echoback skeleton at <color=#ffd200>Echoback Landing</color>...
1697913575,e26888a37a093957eaa0b8701f382d569e7a39a3e1e5868a71b260d28dba41b1,"Increases EP recovery rate by <style=Hint_BgL><customRichText(calcData,buff, 2119102,param0,1,%d)>%</style> for <style=Hint_BgL><customRichText(buffConfigData,2119102,duration)></style>s."
1697927031,1d17de91cdb344c1b4850e5a620560d8b9f4779aa47d035ba89fba5105b7a0a9,The Nimbis are under attack. The Alpha Turbo looks sad...
1697940902,8475bd02a1b903f4ea8cbf9b3a6cd5bd60915b2b5437fb9cc0bc718964ce1e00,"Falls asleep for <customRichText(buffConfigData,21233051,duration)>s and takes <customRichText(calcData,buff, 21233051,param0,1,%d)>% more damage from the next hit."
1697968997,9edc0c00e2157ac426e3f5568ee869b53fa55b604bea3f0afece165f824190e1,"You found mysterious ruins and special Aniimo the very first time you came to Idyll!
It was all over Astra’s morning news!"
1697971417,6de96b0f9f684efafef6707d9b15b3d8f7a027efcfc2a74fba6c00c37d195afb,The Aniimo might have some ideas.
1698000679,0c293f05633f0b823605756352be89bde0a620cc5cb946c170286a2a07179c3c,"Follow the wind, toward the place where flowers bloom..."
1698037734,3f2c4f12ce954ecd506f95cd1dacb4ea54b309306346d8e6749b983f1116c7f5,There’s a thunderstorm in {0}! Chance to get {1} is UP!
1698052807,76ca73f4f006a25095d1314f581e27ba1355ba62944dfd776918198273ba5963,"Fast as a gale, fierce as lightning."
1698320095,76ca73f4f006a25095d1314f581e27ba1355ba62944dfd776918198273ba5963,"Fast as a gale, fierce as lightning."
1698109306,2c4610cf8e693633dd6504366677f41bda6ca00d4865680b3a540f8bbacec335,"<style=Hint_BgL>Ice</style> Skills can <style=Hint_BgL>freeze water surfaces</style>, creating <style=Hint_BgL>Floating Ice</style>
<style=Hint_BgL>Floating Ice</style> can serve as <style=Hint_BgL>platforms</style>, creating temporary <style=Hint_BgL>floating islands</style> when it's inconvenient to Swim"
1698122672,abb1823e7531dc705a4bd304eb1a9d469471fb36c28069e58aeea4f7b10216b5,You cannot use this skill while digging in.
1698194845,1227227172885fe131d4de8be9399c508457db0891c156927fa0112cadb7d6f7,"Aniimo work efficiency increases by 20% when assigned to the Joy Wheel Loom, Well, or Starfall Hammock."
1698221889,6d50822e671cfb1eec22f9a27a13a9054dd67821d75389f599a3f9f65c977023,Text description (placeholder) text description text description text description (placeholder) text description text description text description (placeholder) text description text description text description (placeholder) text description text description text description (placeholder) text description text description text description (placeholder) text description text description
1698248696,1865009c7fd7da8d7efee96b6ad45bd7b298c1b3dea9dcae2db3ad08d1e6bac6,"+<style=Hint_BgL><customRichText(calcData,buff, 2002000,param1,1,%d)>%</style> skill damage
Every <style=Hint_BgL><customRichText(calcData,buff, 2002000,param4,1)></style> skill casts randomly trigger <style=Hint_BgL><customRichText(calcData,buff, 2002000,param7,1)></style> <style=Hint_BgL><link=""source_743""><u>[Wind Bursts]</u></link></style>, <style=Hint_BgL><link=""source_744""><u>[Ice Bursts]</u></link></style>, or <style=Hint_BgL><link=""source_745""><u>[Lightning Bursts]</u></link></style>."
1698249952,32775d2e9af1ecd29fd2f190680b29de53dc1b518a0b311c88f5c64fdc1b4384,"Restores <style=Hint_BgL><customRichText(calcData,buff,91181042,param0,1)></style> EP to the next Chirpi family member switched in. Triggers once every <style=Hint_BgL><customRichText(buffConfigData,91181041,duration)></style>s."
1698259502,0b20883e5c6cea2650aee57ef44b86f2b3130ec835c5c1dcffddf595aaeec404,All pages of Treasures of the Sea and Where to Find Them have been collected. Crafting in progress... Crafting complete!
1698272151,d8bbf551cef87810de2edcfccab058a132601a2d946cfd28c257b6213c3accc7,Gameplay Guide: Bolty
1980227228,d8bbf551cef87810de2edcfccab058a132601a2d946cfd28c257b6213c3accc7,Gameplay Guide: Bolty
1698278853,a5bf1fd6f8037f0bb1cd4922267b5be63859dc518c16dd76fb6acb46cffb3e3b,Nuclear Explosion
1698294046,6b22e01cacef2070b0c8179aa4b8712168f207775ecaba418efa4dcba71c2ccb,Entering shortly
1698303831,de36eb3e9382f81871e81b1c26e251cb48f91053bf039fdce4da3db64d8cd17e,View Index
1698305612,2b2c31fc94391d2fc550a15367ba177d87028d1d4672ab83d32d4571c2e0507d,Sanctum: Electric Flow
1698307781,642abb51f523be9ba942622f61e8df5130017a8dc10124847dd0006f6d3aa8d7,"Wild roars mix with driving beats, and searing waves of sound crash against the eardrums, shaking every inch of an unbound soul. Successfully extract the [Soul Tremor] Collectible during Operation: Egg Heist to unlock it."
1698320597,6e004a6f59d242d9b6c6494fb3d9798dccb3ecab1efc60da48ebf03fb9442ec2,Building Block - Ink Blue
1840030992,6e004a6f59d242d9b6c6494fb3d9798dccb3ecab1efc60da48ebf03fb9442ec2,Building Block - Ink Blue
1698374099,dd697a45b9e4016aa15cfb5ab1d64b95210ee2928fb2e2d6f49d2f4f8b4da861,Tower Climbing Level Transport Gate - Battle
1698411700,98a04860df3bc469b4f48c20bc8035aafb0fd9be943a073d981bd92b9a9d4fc3,"The key ingredient is whalesong blossoms. Unlike ordinary flowers, its buds lie buried deep beneath the gravel.
My mother told me... it only breaks through and blooms when it feels true longing."
1698423336,5c7c6117f9367843c2e5ba36f14d8a6a05a895e59cdb72d33e8600bb2687f862,Lewis’s Answer 3 - Key
1698452010,87b4c676213a51f3eccc5fdc9e79c16be0f800eb934d25a3c6aa6961c0bce773,100 Million
1698454890,8f504b4f9d55f3f74c73a63cf6f8a09fb8d0fbd283a7a8da7e7bbc4d109a9bed,Singing songs and chasing the wind—happiness that never ends!
1698457390,40fb1b2a969aeb4d622791dac51a60d907954d2d95b957ddd8140dd51a3a0f77,Now try catching all the <color=#d89c28> Aniimo</color> in the room.
1698464191,33a4122df37119d1f56c5534244b00eb295525517acdbe8cd755e20a5620192b,"Right, the Aniimo are part of the gathering too."
1698527793,6e4199e7129b30a8c6f76fd5815771d2af42892421b636503a509a937225d5ce,Saved to Aniilog
2056906724,6e4199e7129b30a8c6f76fd5815771d2af42892421b636503a509a937225d5ce,Saved to Aniilog
1698560524,69a0fb692cb5ec635d280db9fdac6addf0fd3ee2e09beab0dea07e13e11c823a,"Damage dealt +<customRichText(calcData,buff,6003011,param0,3,%d)>% under Light Load."
1698602738,c154a285813632f7574065703bb9b5256481a1b5dbdb5559cf2b060b99be187b,"It surprised everyone. I was born a few years after the festival, so the Vein should’ve been strong."
1698613253,bb2962c7f432e8bea9fc4c312d367132fc7a1deccd107eed145cac775aff5e10,"Seeds ride the wind, overlooking the thriving wilderness."
1698613329,8624ca0fcb3cd60db66cadac14c3f88e0dc422d1061843d35d39845b60616015,Brush
1698684066,bee208dbebe772a215f99a3b35d8f520d66bb22007c56c1f50ca0f7e4a7fdaff,"Dr. Lewis, what's this all about...?"
1698697385,f6375956a5eecdba05be9600a7da9b15d69f4769a92428ac656d1a33b86af886,Fire-type Skills can <color=#d89c28>Ignite wooden objects</color>.
1698699179,c99ce05956b2639690fa1bbbafd9632fafdff6be36261dab2c4a087cafeebc5a,"Hehe, well now, welcome!"
1698730375,16dde57c84d628b5023a95428e248407fb67f1abf759b064227af3013842c04d,Join a <style=Hint_BgD>Private Park</style> to freely switch travel regions.
1698741764,6e1d197362cb738620911c6fa523c5e04453aedf87259fc0290f9ae9384fb416,Alpha First Clear
2022467972,6e1d197362cb738620911c6fa523c5e04453aedf87259fc0290f9ae9384fb416,Alpha First Clear
2070400812,6e1d197362cb738620911c6fa523c5e04453aedf87259fc0290f9ae9384fb416,Alpha First Clear
1698753312,47577ec34ed2c8833d2cebaa6908047f7a7148b7b1a390622018da4b1018a422,<style=Hint_BgL>{0}</style> is now your friend
1698817631,3db70888a22a3d1faa4550878bed8bff594ef9a7ae7a08ae381301cbb91ee1f9,Tornado Generation
1698824159,f8c0bef0d21aea476b5559f8be0c602a7a57372cec708c779049e977b1ba7649,"A peace maintained by words alone is fragile and temporary.
Our mission, simply put, is to beat anyone trying to start a conflict and send them back to Astra before they get the chance."
1698827646,d2cb54ed63afd2e1623d059eefee1d5d06713ef202222d3fb43914ea640db123,"When a basic attack hits a target, deals an extra hit of damage equal to <style=Hint_BgL><customRichText(calcData,buff,910120801,param0,1)></style> Might."
1698861259,78b7b559b48af6c40e3d1c24931f3a14068d49a6af2ac3d82fdad451b6d6922a,Hey! That’s Whelpy’s chest! You can’t just open it!
1698867505,03bb0e001b577ac96f0beda078cc9524554b471ca15dd3de0c066064b2acbf96,Item Redemption Successful
1698881816,835a2bf74c3baf92e2930993d44a08f3e79138f806042d458ad8f58a5f8b7ebd,"Must you make such a fuss? I only taste them, I don’t damage the dream itself."
1698906134,e2ba6a0383330c816c42ec4966fcd8e639cac38f8f486e307ae2287a4a58a0dc,%s felt love and has became fully motivated!
1698928914,a7c6996b506ec8066823d6a4f7acbb1cf05bd6627d78d430acc99beea912013e,Fear no scorching flames; flick your fingers and shake off embers.
1698936460,f9da9bc457ed7507d54d937779366528b06dbf898cb953a8cc2999fd001bbb41,Well... Everyone’s friends here. What matters is that you’re alright...
1698942280,b710b55643074c41e5c145c752c08968f18d188279282580145cad99e5ad6d94,"He always spouted nonsense. He’d claim to be conducting <style=Hint_BgD>life research</style>, yet he’d just end up growing all these weird things."
1698975461,ebfe23cf13121d7b9e6e207641d2b464f3d820758ba0c7030d12b6d60974a8dd,Ding-dong~ Your order refresh system is online! Press to refresh Astra orders in real time and grab the best deals before anyone else!
1698975645,dca9389ea16148f06ce00f81e2b1826a3d75c082a62a18f567205087856bbf31,"Oh, never mind, never mind. Life must not be going too well for you either. As your senior, I’ll graciously forgive you."
1699007648,320cbdca42954af30f4e60140017d56c5a712e36a5ecbc41675385cba5eaf283,"When she ran out of inspiration, she left Bloomville and traveled far and wide to find it."
1699010366,8f11a21ab21ca5d2f137715af1c46605dfe3185ff678a5e4c7a4fddccd5fb815,Semi-finished Bolty Dewdrop Crystal
1699049020,0d1488172e61850aa0a0cefa005d34834402166091f5c1a3420a59b28eda21c3,"Alpha defeated!
<style=Hint_BgL>Get closer</style> to catch it!"
1699067268,1a6cc60295d261c3beb534f8daa2e80cef0933e03e31aeae30ed661aec61aab2,"Increases damage reduction by <style=Hint_BgL><customRichText(calcData,buff,20310010,param0,1,%d)>%</style>."
1699090206,2b17ef334e309145b280993212d646d77e9fa5d2cd998a04faa06748f7292b3c,"While twining with an Aniimo that has the <style=Hint_BgL>level 2 or level 3 flying ability</style>, you can fly freely in any direction. While flying, press <style=Hint_BgL>Ascend</style> or <style=Hint_BgL>Descend</style> to move up or down.
Aniimo with the level 3 flying ability can also use ""Fast Flight."" Press the <style=Hint_BgL>Dash</style> button to activate high-speed flight."
1699127537,92a26eead2c2269b45617ea741840bb36e6e67f80347f1cb9ea02d262ee82ac9,Prismana Fulmintis (Guaranteed Hatch)
1699137359,205c192e907f127c4c64193e5383d2781acf2b84c20e09559530f1a81be3e853,First thing I’ll do when I’m free is find some Hummins to hug! *sniffs* The post’s all yours!
1699171572,a5efaddb825d3cc9b94dfbf4485505a5ef36e229389906dad1288382724ef7a8,Dark Soul
1974574813,a5efaddb825d3cc9b94dfbf4485505a5ef36e229389906dad1288382724ef7a8,Dark Soul
1699175763,a9c4cb61128c64c7874930c7a92273137ea7952ab61ef09527709f0a075e9535,"Morphi! Morphi! Morphi!
(Haha! Gotcha, didn’t I!)"
1699196609,0d7147a30d430a77ac98e1d5ecc92a5443b222b6574a7e380e13ef1c5674fd64,Astra_Gachapon and other gameplay rewards
1699216223,2aa7d8d08f3ac84bd833847557dc95f9b71f6978f4d3323eaeb230ca9afcd44f,"Precious Dewdrop Crystal, can be used as Resonance material in place of specific Family Dewdrop Crystals."
1699253147,660f181ad67f18c95bbf6df25f33317f1d1b482b387fe7ba63cbfb5033d112bc,Exclusive resonance material for the Dazmand family.
1699276943,51cbd74a03f80ef160697f1554a51f9f850908dc71c62ea5decf8e7ed242639e,"Indeed. According to what the Institute has learned, Legendary Aniimo called ""Guardians"" exist across Idyll. They are also said to be messengers of the Aeons."
1699287439,c6115e65d34dc9899e85912e5c1bd5f22446fe53794c5fcd9fa2f2f2c8548010,Departure with the Wind: Part 1
1699324938,9c66a4d874aa7c70b69a82fa157db0c1dcd25dd1fb04711908ec50b7518404f4,You mean after that flash...
1707754531,9c66a4d874aa7c70b69a82fa157db0c1dcd25dd1fb04711908ec50b7518404f4,You mean after that flash...
1801907711,9c66a4d874aa7c70b69a82fa157db0c1dcd25dd1fb04711908ec50b7518404f4,You mean after that flash...
1699417572,51b25e1376afb848dc05f6896def2c44bc1d81a6c493d7720ca129a29d83f6c3,(Soothe it)
1699437359,bef7e3561b2ea7be8713a8b9038f0b152b82d85b7d1c8041b7850256566b89b8,"Enters a defensive stance, increasing Damage Reduction by <style=Hint_BgL><customRichText(calcData,buff,2102206,param0,1,%d)>%</style> and immediately counterattacking when hit. Other skills can be used and movement is allowed while the effect is active. If attacked at the moment the skill is cast, additionally increases BREAK Efficiency by <style=Hint_BgL><customRichText(calcData,buff,2102331,param0,1,%d)>%</style> for <style=Hint_BgL><customRichText(buffConfigData,2102331,duration)></style>s and inflicts <style=Hint_BgL><link=""source_8160""><u>[Stun]</u></link></style> on the target for <style=Hint_BgL>1.5</style>s."
1699463323,4345a53cc317571f64b78f8c036a1cfe4887c78ecd5ba0abe0d64c9e41d35456,You still have something important to do. You can’t go to the outpost yet.
1699463615,55cc31b0778e3fa8ffe8aec8bff1c4c512e08c396af2d59ad23491ea8fcce280,"You must be the new recruit who just joined the Prismana Expedition Team. Welcome. I’m Sayn from the Aniimology Department, and the leader of the expedition... Icho, if you’ve got nothing to do, make yourself useful and help move the equipment instead of making a mess!"
1699509685,8013ddcd1a90323983fa6abbb0e8bf7e0d9a9baab9d3bf8dc49d78f2f4b34c85,Open 30 Chests in the World cumulatively
1873309076,8013ddcd1a90323983fa6abbb0e8bf7e0d9a9baab9d3bf8dc49d78f2f4b34c85,Open 30 Chests in the World cumulatively
2040399156,8013ddcd1a90323983fa6abbb0e8bf7e0d9a9baab9d3bf8dc49d78f2f4b34c85,Open 30 Chests in the World cumulatively
1699515402,0eb1f746f2060fc43978fd68d92a600f155cd5be112d3b880300c8f53d40da57,Defeat Budclaw
1699536438,be18d5fcb537f6e7b41e1b3580b8bfa036447c291c347950ce6456fa84a473a1,So I stopped chasing approval and began blending perfumes from imagination alone.
1699548982,c65ea81227a58ff6d319a306f6101d78335415b0d35d73859c4ad1265ddb302a,Is that from Shanel’s new collection?
1699741295,a0dedaf74c442f4fbd375b8b0334f335b123997403d8aa53cbad823a9fc31778,Mistwoods Vine Tip
1699785453,4d17844edcb4887965ec3c28d9aba2c1fec632f34457c8ef109ce3c69e6c9005,"A new face? Welcome to Aniimology!
We’re observing different forms of Budclaws."
1699803352,aa4357672098728d98cbc0dbfd893f61398c6f332b069c5eaffe9421775e9bea,Can you really hold out... until the day the Reefish finally pulls a golden bubble?
1699876995,8dbe5cda81bce07e00851228dcfe173c505aca657e0903963e67557fcac25e70,Copy Snap Code
1816749786,8dbe5cda81bce07e00851228dcfe173c505aca657e0903963e67557fcac25e70,Copy Snap Code
1699904674,f991c5ae3e1351df20e0b28502f8ee3bb4e9c063de8cf4eec5eb6021494d9f92,Q2609_Hedo
1699924203,198deb5d19424b4d8ff96bb2c150391f76b9e7c29fa1caf518e48bc1a824fd46,Strength Buildup
1699927975,9a4816ac4aba4c8fbbff3c91478beb7ac77065263a105b82d06f5532bafa2b41,"""Whose giant Aniipod is this?"" An Aniimo reaches out and gives it a curious little scratch."
1761793548,9a4816ac4aba4c8fbbff3c91478beb7ac77065263a105b82d06f5532bafa2b41,"""Whose giant Aniipod is this?"" An Aniimo reaches out and gives it a curious little scratch."
1699977410,903cdcf19ce8ce87e5a496f457411ef72b4517f761217fe33447a4059ff30f01,"Sigh... if she didn’t spend so much time worrying about Grace and looked at herself instead, she’d realize just how incredible she actually is."
1700005401,ff3df0b6931ef517b788795e46190e388a2a1534210a78f31edf819c7afd3ca5,"After hatching, a Level 1 Aniimo will be born carrying the potentials and traits you selected."
1700007244,1d6a2a4fec7e7f7d08b92eb31824e74115a0867c420442a0300aca26f0433c3f,"Exploring the Nimbus Fields will earn you the <style=Hint_BgD>Skypasture</style> Badge.
Everyone’s really been pushing themselves lately..."
1700049465,2c5389664bd10a5394ab4ebe6ecd8dbe88dcfd31ddd3de4a16d316f32af4a031,"...I see...
This should keep you safe... for now."
1700071208,d8c2fa95292495c898de5e8a76f3fa086c89fdedb608d1065c5a5d61e49dbd0e,"Approach the <style=Hint_BgL>Bonfire</style>, press #kHud/SkillQ#z to use Skippy’s Skill to put out the fire, then head to the next objective point."
1700071659,d7f93b6537a97b946386ca5e91b7d226190821e51c146848f758a8f114e18a5e,"""...Far more idealistic than practical.""
Basically, it’s all just fancy wordplay."
1700073188,4765c27be6a825d7a149fa0633f07a1e8922ce19150bb83bce6773d431bd1393,The grassland is endless... just moving around is exhausting...
1700100630,f4cc128c8c9dd8fac1e9f4817f2e9fed33aacb6f2a97cbb9151567efe1c941b3,Epic Carried Item
1700112804,dbc0ed5d7aae5d559bbe865aa7c150b62847d34c0b545e5871d0225434b411f1,Tell the story of the Alpha Scorchhowl.
1700125207,5d23f80a15be2844db615a01a88215b29038eed76af02e829b3af131260d44dd,Aniimo Trend
1700129142,5a23c2976218dac9b7d12bb3817cc34886f68b300847801a99ac88dcf4a4c933,Tap here to learn key tips for using Aniimo’s [<style=Hint_BgL>Pathfinding</style>].
1700136896,96d08fafda51980ac55f4f73d737a2412869e7eba08fa3bb6e5cee839fd6f7f8,"I heard if we make a circle, a crabby will jump in from above. Sounds fun!"
1700174315,6ec61cef1034410fb5e7edc3a6b6ffce3acb3c5f95190cdc3591339dd81c8f01,Clear obstacles with knowledge; build a better tomorrow through relentless exploration
1700194619,05774d35955eedc6466bc5a3c70777e0d29b24c080d5e41389bec23e0aa565ad,Fire Region Placeholder Female 1
1700215014,ecc35974561beca949745e8dcda20edaf7abba5b7130ef35735f02d219604fd6,Stellar Coat
1700225649,1e0d58330a5f2e023095d7eef1418750579847bf4e315533c071b3a9b990c27d,Hmm...? Who? Smells like... bear...
1700227283,14fb767e1d87ff18ac7604e891721c30b469c40b1d679f13a1686a245370d948,I’ve learned my lesson... no more random snacking for me! It was terrifying! Just take it!
1700240798,a0e8ed3fb5ad6e809bfacbd0bc2b7872f45acdedd82296ac11d20543e950775b,Perfect Mistake paints the pale dreamscape with the color of choice.
1700287001,fa29bc60e751918246bf6a1e992529a95766340afea0e4f2a6a4a8c93c6a9f16,Info Stamp
1700289448,5871e33d129a69375226488310d1c759043d92cb4d92c445bc299ee584464803,Irelia’s Final Gift
1700292039,059e47506fa2da3f4b8e9191a7651b5f34c01f2078635983c837fdde0319c31d,"Still, Lady Velouria showed up. Maybe she enjoyed it?"
1700295250,688698efd23e6c8524c54c0f73d13008e4d116d68c4e21cf794f20a23c07f387,Prismana Flow Tales by Night
1700298682,7e593442b8aa8e4b4112030fd2209f7e0536d80dbb43854e03216a8ccf2db111,"Tell you what! If you bring him back, I’ll split the starines with you!"
1700309095,36ca21f80f53d66f55c25c7c50de0dc8cc895d5cee1b39f39d4aac22bcbf3b1c,"Some people find that a hassle, but others find it makes things more fun."
1700327411,92447202acaa4a3a1d59aa815fb0bbed44ad5d86af139d16b57b196ce99235e0,The Iris sheds a small petal into the ethanol.
1770960290,92447202acaa4a3a1d59aa815fb0bbed44ad5d86af139d16b57b196ce99235e0,The Iris sheds a small petal into the ethanol.
1700335470,5ec905f4e28e85db6786052985c33a5fd9b1a135e43306e41cab6c5c2acbc295,"Raises its pincers to charge. When fully charged or when the skill is cast again, performs 2 quick swings. Can move while charging."
1700339867,70e5b54b910ff4ca6adc26a194724d33779ac55efa8ec592e5a51e5b390e773d,Witness Flameruff enter battle to protect Emberpup.
1700352257,683c686ca2458d37e081cdcfbaafb1dcc855b2b15ad0809bd1019a50928faf09,Level {0} Facility
1700367926,cea2eca5ffc9bb038a34a01c1d9ea4454e2f7e2754a2cd80b4b43069311a9c10,Stars on the Other Shore
1700385038,7bd84e072d95ad49edd5f6de7a6384d0b9e425e7b90e163c48b8fb71bb48c4cc,"Struck by thunder, their muscles are enhanced, and the flames all over them turn blue as they burn hotter."
1700411556,62cc3404487f792f31f4c7ffcafc2a52564aaf35cdfbe60e4ddc27d5e5e57e4e,They can fly higher in a fog?
1700438676,3bf639a070eb9d336c21806eea9568d6fdabe717ac70b61a4b79100d03534d3a,Awoo! Woo-wah!
1785797978,3bf639a070eb9d336c21806eea9568d6fdabe717ac70b61a4b79100d03534d3a,Awoo! Woo-wah!
1800065538,3bf639a070eb9d336c21806eea9568d6fdabe717ac70b61a4b79100d03534d3a,Awoo! Woo-wah!
2119271654,3bf639a070eb9d336c21806eea9568d6fdabe717ac70b61a4b79100d03534d3a,Awoo! Woo-wah!
1700443676,54c1dc2f5715e263838b98721a2068d2ea1da4f8fa146c6f6dbcea32958e6983,Journey of Trials Rune Pack
1700559694,70445046bcf8600eda1b6572d84a36237df9e68e37b0a996260bba67e606e33c,"While Aniimo dance to their heart’s content, it continuously absorbs the electricity released by their movements and uses electrolysis to synthesize energy minerals. Reach RV <style=Hint_BgL>level 12</style> to switch to E-mode."
1768849481,70445046bcf8600eda1b6572d84a36237df9e68e37b0a996260bba67e606e33c,"While Aniimo dance to their heart’s content, it continuously absorbs the electricity released by their movements and uses electrolysis to synthesize energy minerals. Reach RV <style=Hint_BgL>level 12</style> to switch to E-mode."
2107506424,70445046bcf8600eda1b6572d84a36237df9e68e37b0a996260bba67e606e33c,"While Aniimo dance to their heart’s content, it continuously absorbs the electricity released by their movements and uses electrolysis to synthesize energy minerals. Reach RV <style=Hint_BgL>level 12</style> to switch to E-mode."
1700565645,23c52786ae1f81b4b15b0f7045f19b7eb11509106c71da0b6c9e395d9b37455c,Move Platform
1700570034,2c96c12ad27c98131b203a06a8acedf31569aab0968487c7f266cb12c33f607b,Owned Sparkling Aniimo Forms
1700639248,0d59b8684093074187ea9be68e24440782ae0ab611bcbde2a4829b4febcc07c6,"The Aniimo’s EXP, level, Resonance stage and Star Rank, Capability Awakening, Capafruit, and more are fully inherited. Any surplus growth items are returned in full."
1700704532,fb6fb97896c5b27129453fac7c10b212fccecf05a4dd043eef2d9080862ee05c,Emberpup-like Voxel Cube?
1700755691,0b81035f160d76738b54eec4c6f85f63dd7a04315ec9b9fb72978757df6b5102,Happy Pebbling
2097356049,0b81035f160d76738b54eec4c6f85f63dd7a04315ec9b9fb72978757df6b5102,Happy Pebbling
1700756395,45b75f48631987a4e596ce7b9c4024367378a35ae2a8b709edde3cc062f6a593,A Sun Umbrella for your Home.
1783029651,45b75f48631987a4e596ce7b9c4024367378a35ae2a8b709edde3cc062f6a593,A Sun Umbrella for your Home.
1700789489,58a7ba03aebe2dfe8cf0579bc0751a40dd8b4c2102a868e5a3a53c110a950780,"You carefully observe this painting and find that it depicts a natural landscape, as if you can hear the singing of birds and the rustling sound of Wind blowing through the leaves."
1700821507,e03092a54f4f83043860ff79411d591341e68a4244ddc852941c9672bab80616,You can have combat simulations in there and receive a feedback on your performance after each battle. Why don’t you give it a shot if you are interested.
1700838834,8518adf027b5591f87d68722ddcacf95da5ff68ee7970c3e103a4d07c9955c5c,Clear a higher difficulty of Holo-Battle Sim to claim rewards from all lower difficulties.
1700926784,1edd1abf2f30bb259ad93f4cf1164414a69985577b3341864ac7d69a6483052c,Elite Battle: Protect Glacy
1700948754,43cbef4e564623276d23eeb793b543001ae892c8824c6065e7eae489a03b06d0,"Find Aniimo, the incarnation of Morphling."
1700974241,cf11b8ed0cd655a8a01f1059e873eb6273461251cd40ae4c551f586c84c42865,"During the day, you meet Leah, who’s out searching for the lighthouse. She calls this place the ""Land of Legend,"" home to the tale of a golden shooting star, though she won’t say what the star actually is. She’s here because her adventurer friend Hayes once told her this place held ""the brightest lighthouse in the world,"" and he hasn’t returned. She misses him deeply."
1700974524,09f00cc4881b06e9b23af431f2683159455945f3d64d9921477ce3b02e0983ae,"Reduces damage taken by <customRichText(calcData,buff,6003001,param0,1,%d)>% while in egg form."
1700974747,e52bad126ecef238d4eb35ef4a5f106dab8db8ce35182c5814a427e3d5ffc485,Were you thinking something mean about me just now?
1700987866,aa88dbcd7b99a0056b3b49af5e5b4248b24102dff50abe05da1e606b1db37635,Process Name
1701006300,348a3501d31c5a7ff16d1c0a2f9cc1be2f841db42fe37466a7d4b0998d78af3f,There are so many people at the Institute today!
1701024835,17f617cf8aba5aeea2b56ede033b68121be2746e72abca9ae4370b8dd1148466,You explain how the Nimbi sees sorrow...
51591209,a532e980ae2f48ebf8407dd9c74031dcaa805cf85b380447a0e600c4c6160c58,Earrings
1701096262,a532e980ae2f48ebf8407dd9c74031dcaa805cf85b380447a0e600c4c6160c58,Earrings
1881722673,a532e980ae2f48ebf8407dd9c74031dcaa805cf85b380447a0e600c4c6160c58,Earrings
1701096624,b9fee7949721954e4faa490b255d65b2c1ce74b820e92f6e527e202ab0dbc1a8,Twine trait switched.
1701105044,48ffd3693342a27c4a6f8c149d84f5fbd0bd93f3f6ec670aa520648dc9b93913,"Different lifeforms vary greatly in appearance and abilities, but sometimes I wonder if we can twine with Aniimo because there’s some unknown point of resonance between us."
1701110133,c89222eb407879f0a328544031bc2cdc760b0ba5ee9912e2606a16c52af60680,"Although Jaeger insists that the offering only failed by chance, it is clear that his confidence has been shaken. He tries to reassure himself by saying that Irelia must have overslept, then urges you to find Sunia before she gets too caught up in blaming herself."
1701177800,da440429aedff513183ce9f3d68e890beb2cee2e90ec3867f2b6a1225fedb09d,Enter a Number
1801087682,da440429aedff513183ce9f3d68e890beb2cee2e90ec3867f2b6a1225fedb09d,Enter a Number
1701206410,963fdff38e9f8e36faa4c84b316a24a6ecdb43e1a0ee9264dc55aa2238113622,"Whenever a Budclaw’s heart stirs, the heartbloom on its head begins to bud."
1701217531,0bc21e97f1beef1c934a54ec0da330cb2b6a88ee2f0f27c8538d57ae3e893d74,"Wait, it’s not an Aniipod?"
1701220114,3a0d4433742512ade81270842c9df13c250433ec6f9e17c5ac6d0e99ea1babbc,Catch 10 Reefish Aniimo
1701256080,58c97ab72d7e89cae88e451dec2edddd84a654874de7b83909de8fd9c3ebf48b,Home Aniimo Production
1759912135,58c97ab72d7e89cae88e451dec2edddd84a654874de7b83909de8fd9c3ebf48b,Home Aniimo Production
1701258617,6bf039639d4d5bccbd8834c197d8f9087c82e00862d1e9ef6cf9476c37299554,Try to pull the sword out.
1701281014,43378131d34b4d2a422a685c693cab366921c87b2ed26ade8f748d6cc15e04a0,Recovers <style=Hint_BgL>{param1}%</style> of max HP for each <style=Hint_BgL>{param0}</style> hit(s) taken.
1701325439,6ef133af029f5865e90babb011dab3dab4d8b93df7be3fbfc791a3400fc337eb,Go give it a try!
1701332180,0f09acc6a9c6bb2269e83137fd46c778302d99bf8a8b74546215db7606ff41bd,Colorful Ginseng
1752572769,0f09acc6a9c6bb2269e83137fd46c778302d99bf8a8b74546215db7606ff41bd,Colorful Ginseng
1780044101,0f09acc6a9c6bb2269e83137fd46c778302d99bf8a8b74546215db7606ff41bd,Colorful Ginseng
1701335710,ae6a78e875b8a005b695043203ef1094cb3004cfed0e6139f7b972ed34920f9b,There’s an energy signature coming from inside the chest...
1701349900,4566df649f073ccca311e819c541c3a5170144470692b9e27248de49d39a334a,Bowl Set - White Porcelain
2088745626,4566df649f073ccca311e819c541c3a5170144470692b9e27248de49d39a334a,Bowl Set - White Porcelain
1701371084,b5f57f09d5fbc28d906fe85db743d8dc14db684561c6dd7fc4916b38952dc300,Collapse Function Menu
1701414646,1d568bc6bf3c9eadaff06c878dbf8d3f28fed582d8dc0c7609d2cc2dce3485c6,Wisteria
2117695281,1d568bc6bf3c9eadaff06c878dbf8d3f28fed582d8dc0c7609d2cc2dce3485c6,Wisteria
1701442661,f7a2450f79122793e81f54c0db77512331a0edbf79b3beadbb3e99d3b852140a,"When the season ends, your current-season rank will be cleared and converted to an initial rank for the new season, following a fixed inheritance rule based on your final rank this season."
1701447831,fd8cf1a9be24d723587115f66682b420e071ed4f3ea31fa839dcc42c8e1c536e,I think the instructor said in class that we should use magical attacks? Ugh... My head hurts. You try it.
1701483587,4759498ac2a719c619e2c8cf8ee60af2d2407425e95d308eb208425b2a6d427a,Create
1751762518,4759498ac2a719c619e2c8cf8ee60af2d2407425e95d308eb208425b2a6d427a,Create
1701506354,1a2f1a827c007b649601f920203a102580a5dc7debe9483f72e40c732a1a7504,REGEN in Combat
1729254129,1a2f1a827c007b649601f920203a102580a5dc7debe9483f72e40c732a1a7504,REGEN in Combat
1744488313,1a2f1a827c007b649601f920203a102580a5dc7debe9483f72e40c732a1a7504,REGEN in Combat
1883246505,1a2f1a827c007b649601f920203a102580a5dc7debe9483f72e40c732a1a7504,REGEN in Combat
1897267826,1a2f1a827c007b649601f920203a102580a5dc7debe9483f72e40c732a1a7504,REGEN in Combat
2064958679,1a2f1a827c007b649601f920203a102580a5dc7debe9483f72e40c732a1a7504,REGEN in Combat
1701534387,7c7a5df281763227896e50124bab06d1c9af43c601d8e10022ca06b3ee2631b0,Hey-hey-hey— Hey-yah!
1701538531,fb8e7a1a3cb7b25d262793159145759e97eb540a2b61dbbdf8f58841a81cf1a8,Items
1792158902,fb8e7a1a3cb7b25d262793159145759e97eb540a2b61dbbdf8f58841a81cf1a8,Items
2019447599,fb8e7a1a3cb7b25d262793159145759e97eb540a2b61dbbdf8f58841a81cf1a8,Items
1701554312,91f21bc45026ffb196f3a127547c428804811b17662ec57a643261b28735a137,■■■■ 6 ■■■■ 5 ■■■■ 4 ■■■■ 3 ■■■■.
2056055032,91f21bc45026ffb196f3a127547c428804811b17662ec57a643261b28735a137,■■■■ 6 ■■■■ 5 ■■■■ 4 ■■■■ 3 ■■■■.
1701556434,570e218fffb0429a7049af1c91fa2f63d8f5a96af889f29473e5930aef7a5417,What’s the tale about?
1701594714,69e0093cc46e5d14a827a8a672b0f02613f55037e463b3347e82f0c1399d933c,"That’s right! Two bad little Popapuses! I pestered them for ages, and they still wouldn’t give me a single golden bubble. Now they’ve gone and hidden somewhere."
1701674484,a07070a7e041eca0df5e637cf811fbf9bd0d1181a194dc91f48c1c93fb8ee5f6,Velouria’s Ancient Formula
1701702437,460010eedaafb313dac2a7110142ade6ce473ee936ef0dd12215d7adcce91978,Display Case Giftbox IV
1701717853,68b813a0e023b172eabe820d4b450c523d9c334a8b076fb91ee3f74aceb3822e,Press and hold <style=Hint_BgL>Skill 1</style> to <style=Hint_BgL>aim</style> Emberpup’s <style=Hint_BgL>Fire Bolt</style>. Try lighting the bonfire.
1701722153,a4d147ebcbfa9cd086f5006571366523aa551d1a5566b103cedc9d8d26db797c,"Complete required courses to level up quickly, advance your title, and increase your level cap."
2037421637,a4d147ebcbfa9cd086f5006571366523aa551d1a5566b103cedc9d8d26db797c,"Complete required courses to level up quickly, advance your title, and increase your level cap."
1701760626,f2c0d45f8eadaac4c210a932c99f15ce52363aba86ec89b91fc6490489c8d6df,"Mementos is a chain here in Astra! Each branch has its own little specialties.
The Polaris Institute branch, for example, sells academy-themed items and some nice little gift boxes. They’re especially popular among students!"
1701781670,81e3e83d8859009a9d9249a842509f7470a641f12e9611709750b32fbb5ad3ba,It’s been a while.
1701815844,4f3cabbdfa5b60a38fb9a7b5b6069b921f14d98b819af1c2a1d65bd7fd311f88,No items currently listed
1701829416,8cd2fe820c0bd45c41d97ee835e9a2059708500aa47a3a6a23b74d8835d7505c,"Impressive, though... keeping it up for that long."
1701834944,bd502453cba0e702f9d9d67ef2e0d3548fd18222288e3bb5d540a4a88f6be32c,Wah-ah-ey... ah-la...
1729485820,bd502453cba0e702f9d9d67ef2e0d3548fd18222288e3bb5d540a4a88f6be32c,Wah-ah-ey... ah-la...
1797226448,bd502453cba0e702f9d9d67ef2e0d3548fd18222288e3bb5d540a4a88f6be32c,Wah-ah-ey... ah-la...
1944692873,bd502453cba0e702f9d9d67ef2e0d3548fd18222288e3bb5d540a4a88f6be32c,Wah-ah-ey... ah-la...
2110708190,bd502453cba0e702f9d9d67ef2e0d3548fd18222288e3bb5d540a4a88f6be32c,Wah-ah-ey... ah-la...
1701844826,d0b60d8f5e1eadd4b36a03877575fb04b84bcd4f3365d158ebbe038b4d87b52f,Unlock Gameplay Objectives
1701880167,7982a1192d042c0df30f26e439b6c5b915e1978a89497f255944b4e742c47629,Mail Template ID
1701894486,3c12a211223e3b765bbd0af3caf43f19bc66a3b9de89285533b1252de986fca0,Icho! Where are you?
1701917697,e7dcf064c87808ca8022b299ce6113df87c84cf0dd35c4d3f56d4397beae5c8b,Lumintech Employee
1701921751,2776544286a3a962227f188e4ec0a1d9a39ca843b2cffecdab6a97f1cbbfc778,Hello again. Need another sparring session? Just a few credits.
1701956857,5dad2f336b7055afa29bca67b0884fa8969b0c4b33610d97220d1facd5326637,Press the Upgrade button.
2008733067,5dad2f336b7055afa29bca67b0884fa8969b0c4b33610d97220d1facd5326637,Press the Upgrade button.
1701979386,c384b3cbce6a92ac12a2a77418219e0bafd74132cf40105c944bcdd5683d3132,"Fires an energy beam. Hold the skill key to keep firing, dealing damage to enemies in range and restoring <style=Hint_BgL><customRichText(calcData,ability,11430230,param3,1,%d)>%</style> HP per second to allies in range. After <style=Hint_BgL>3</style>s of continuous casting, removes negative status effects on self."
1701994594,9768f6e0f414861e397742d6478f32af4f2fad7525287540f0b0a22f17fc8f83,"The Budsquires hold a tea party in the abandoned house, where the storyteller among them shares the tale of the Thornblade siblings: the brother, wanting to protect his sister, sought out stronger and stronger opponents to hone himself and became a Thornblade. Every Thornblade has their own reason for being, it says, and every thorn carries a wish. If you’re bored, it suggests challenging the four Lethal Thorn masters outside."
1702026329,314d577dd43295de7e30d13f1efa7828b70a467ffd93b99cd6406b204efa0c6c,"Increases Grass damage by <customRichText(calcData,buff,6003022,param0,3,%d)>%."
1702051999,a624cdee1077754f14f15a49cb939657eac9b56ea0b7cf1602472e155d906857,Using %s will make %s:
1702070667,92e7f4e2f529c70586b0173cec3b828cc3ad6aba03549d00af0a8c41e4264e72,"All I want is a golden bubble, but those two Popapuses refuse to give me one. Honestly, why is it so hard to find a gullible... I mean, a friendly little Popapus!"
1702076506,550452491020d2e7da08eddaaf033d71dbec28572f27d3cae69170f9a1acf825,Press #kRaw/GamepadButtonNorth#z to set up your party.
1702139771,fa6c25ccc8725ae6472f5208ee02ed7bb469598b6cccc4e07e13503fdffa33f0,"This <color=#daa520>Golden Helmet</color> is super, super lucky! Make a wish with me!"
1702206940,1a3693ba38277a4af323fea2c89587070d93c48a307ae73f26faf09bf190cef9,The Seedling Stirs
1702211127,605d01e1f1bb8427fa0e424e562bbfe7be15c17897f03af68e4fec10917de326,Different types of mission are categorized in separate <style=Hint_BgL>tabs</style>.
1702211811,f1107581407a30b0d6c704cc0d7b6f5a793659e8bd4791ce5739d8267a961bc0,Reach 40% Aniimo Collection Progress in Echoback Landing
1702230103,9ae8ff2a973dddb38c981dadb77c56ea1894c621b365e7e6c40316e11793312f,"As you’ve seen, for the sake of that irreplaceable crimson,
The Irisalis Irelia actually launched an attack against a Fire-type foe."
1702249297,945bcd3ea915fc504b0cea5efbcf00d3f49ea9861d3e6d63a88d520ec7fdcd4a,Thunder Field
1979792031,945bcd3ea915fc504b0cea5efbcf00d3f49ea9861d3e6d63a88d520ec7fdcd4a,Thunder Field
1702288013,b279d0005bdb8cd1cd102b72b46371e45f91d7fafec45369576446c786fd3048,You found me! We’re in the middle of a snow mountain hide-and-seek tournament!
1702403995,b74105eb8ad0a129d1eb8ca76f012b75e926cf1f8abacffc33ca3461b402d8fe,"Luckily, I wasn’t as frail as most of the other sick children."
1702453385,2a8bf8e9dfa7197612d3be42038609f8b48e045047dd4e8af106930a8dece818,"You again! Looks like you’re completely obsessed with my art now. Hmph, that’s only natural.
After all, I’m the greatest artistic genius of our time."
1702471935,e17384f72ade7ee66ba285bbfb620e222ff69902df11f137426fca6a83471baa,Face Tattoo 11
1702501838,bcb60730fc5fd5fa6370b4f98cab6cbd85e55af688be627fd9b18dd175760b63,Catching <style=Hint_BgL>new</style> Aniimo is the <style=Hint_BgL>most efficient</style> way to earn a <style=Hint_BgL>large number</style> of Research Points.
1702516845,f2247ded3296372bb65d1f05dd877f386f9d1e1c442d499a995a83155178ea1b,Help the Legendary Aniimo regain its calm and receive its gift reward.
1702624189,b75e79506fd96022c6fa60759be8d49527621f7fe3809fa34e5c9ad97a417eb1,"Must work harder, for the glory of Princess Melloblum!"
1702670390,b87037e16ce6acf937a67237b35b8b3f4867a4c4a72d1fadf454b67d07e06228,"Bolty can <style=Hint_BgL>use Lightning-type skills</style> to power up batteries, charge moving platforms, and—by interacting with environmental objects—<style=Hint_BgL>complete the entire circuit and electrify the Sanctum</style>. Forge ahead!"
1702670548,b73ea382468662612c67ec03c76d2f833a4939ea36c4fca32df63842a01521bf,"Recreate the ancient fragrance said to please the Aeon.
Travel to the Mistwoods, Echoback Landing, and the Russet Highlands to gather the three ingredients!"
1702681784,db86ed68a56efd0b6d5ae0274008f80c3d2414fe14eab0837a049d14f57ca62a,"This place may look empty, but this is actually the ""Land of Legend."""
1702687654,fedfafd89a844ab29baeb9d46748d24242fc959beebbe40292e6affc027a64ec,Buy Companion Handbook Levels
1702694494,672e42e6593fc88582ef7d4f1e564142b40a738cebb138ab72e0159098e33ed7,The three bubble brothers!
1702754625,819d4df8c1a909ee9ae881095f2afc337c487d8470a6c615710d0abcbed8cb55,"Oh! Before we do anything else, could you give me Tucky’s <style=Hint_BgD>vine cores</style>, kind Pathfinder?"
1702772421,c29ba91cdd5dba703794201157e90cc2c51d00a98518d08afe2fa8fdc863d1c4,"Now, get ready to face the cruelty and challenges of the world."
1702789428,41cf208ac3ef24545f21504fcc2a86eb442ffeb6e1a964bc4e854e8bd2bd9668,Configure Common Parameter ID
1702816981,fbceb238dd40eee8ed06b6bd73ec9d2e15ff15f87b074ae86a148f7bc223337d,Text description (placeholder) text text text text text text text text text text text text text text text text
1702871028,e835b56814996d85b6c22ba6511c209f000a5f9d6bac20e219f15be85fe36294,Let’s take it down and find out!
1702900587,6643cbaf151a665c25e9a895a2c94a938f361aa5c16103d9a1f552821c3b6f57,This is no fluke—this is genuine strength and courage!
500853202,af19e661d0b086a754acfe1291d81bcac00c27439832456fad1ca33e1fdb0f34,Use Nurture 20 times in total in Breezy Plains.
1702920092,af19e661d0b086a754acfe1291d81bcac00c27439832456fad1ca33e1fdb0f34,Use Nurture 20 times in total in Breezy Plains.
1702954855,bb9bbe35ae19610d63adf44073950a7783d8092c94ce6d3e335eeedd381f0be1,High Tide
1702961647,1eba630b3f46ee5cc454f1796f921d36493d1189bb6afea9be3bda0324588aca,No Sherro Event activity detected. Suggest <style=Hint_BgD>going to the Beach</style> to search for more Clues.
1703020283,e8227b9294ba55a524eb9684bc1609bc1eb763f0164b144252e8fb06ce289e49,"Darn it... I’m gonna train hard, get stronger, and make it my Aniimo!"
1703021132,2c9e11db8e3e4a878fccb3f1dfdf74b5ea7c2be8f789c70512129bfff81bf199,"Launches a circular magic attack around the target. If affected targets are on grass, they are bound by vines and enter a <style=Hint_BgL><link=""source_8160""><u>[Stunned]</u></link></style> state for <style=Hint_BgL><customRichText(buffConfigData,10081,duration)></style>s."
1703056885,5c1631f1c94443fc4aad8ec774a6d51a375297f9afba659d8218d26adaa1cef2,Emits light from above to illuminate surroundings.
1940208981,5c1631f1c94443fc4aad8ec774a6d51a375297f9afba659d8218d26adaa1cef2,Emits light from above to illuminate surroundings.
1969821818,5c1631f1c94443fc4aad8ec774a6d51a375297f9afba659d8218d26adaa1cef2,Emits light from above to illuminate surroundings.
1703064865,2e82f6c05f9bacf1ae40a4ceeaee218491501970b802973bb17d5648a20025d8,Requests sent too frequently.
1703101695,4997e24f35e7703d7a2b88998d35aac562bdba2c2466d34292c3ccf59e23a833,"Inside the dense clouds, your body seems to grow lighter. Maybe you can reach higher places now...?"
1703115712,4e9f599dfe888481c5b857a5ff87fd63060c7edd4083ff505835177f7f283b68,"During the <color=#5090df>%s</color> while you were away, everything was normal and nothing but happiness and peace filled the air in your Home."
1703162110,eda32755480a2456d7a2b5d06f72a90200fe33fab17a71d830f5afca41b8abb9,"But fortunately, in these past few days, a portion of the ""fog"" seems to have lifted.
The Academy Caught a set of coordinates and quickly established a relatively stable Energy channel."
1703220940,6018d7a5e0f493d517b0c4e42a315074a9894494c09bd6211a81efc6840d6317,No flying Aniimo equipped. Equip one on the Aniimo Management Exploration tab!
1703225995,60fb85f461bb55900f8b532810aa0d44e0e8aef9cad0474f5fd24da9b80a7070,"The language of flowers is not just something we impose on them. So, which flower’s language would you like to know?"
1703263613,ed4eb4bd995a160eae6fb4c3b76ef2330897eba595f5fcd40871d2208d9ea388,I heard what you said—Hummin leaf tea and red cap honey cake... Are those really edible...?!
1703265217,286f038c32e5e34c70019b64db814367d7e22654cacc5bb6b9058acb38697a10,Semi-finished Skippy Dewdrop Crystal
1703280312,01e7749c6edfb4e8d6274a8066f86890bf5dcaeaeefb5c583962f2fe29e97576,Promotion to Senior Student
1703302878,08dc4259a002f57189cd8ea124f88ea21fcd37f287c3e2e690867cda3f2f97c3,"Also, I saw this emblem on their robes."
1703326085,229b74ffcd618ef32a4d48b4d04a5436079b573de900be0fa1ae48e262efea92,Proof of successful evacuation from Operation: Egg Heist.
408880897,dc7c7b1d3b996b94f5186b8b4df59e6cfcbc7e00d96242b0ed6fe76be652fda0,Go to the Branch.
1703369752,dc7c7b1d3b996b94f5186b8b4df59e6cfcbc7e00d96242b0ed6fe76be652fda0,Go to the Branch.
1703421331,7a9096ad133c7939e19fe36b1d654836338de782a1fa7e2053b18346dc379208,Add Prismatic Energy to the Bloom
1703490238,e57b0037ecf489120b7f017c5b455f536d7815b03a485d132d6a59094488aed1,It does look spacious... But why is it so messy?
1703493306,56a316f6e6663c1c51578ac5983b8cfb94ab714fe47a4d53b00e8499c2ed51c5,Equipped!
1778145769,56a316f6e6663c1c51578ac5983b8cfb94ab714fe47a4d53b00e8499c2ed51c5,Equipped!
1703515135,cc099aac1bc9fb2aa8b76540c54c778433d5959f66627a31f030bd37fd1aeb4d,"Good day. You must be our friends from Astra, yes?
I'm <style=Hint_BgD>Dia</style>, from Bloomville."
1703519784,72d9e9f2fe4037d9d1118a4babce79fd1dcfe77c9a8b8c2f572a8adc3da5708c,"What was once a complete notebook has now become scattered pages. The varying degree of damage and different handwriting among the pages suggest that they were written at different times across a long period.
Perhaps the writer was not very diligent, leaving behind only a handful of entries over the years.
Yet these fragments are traces of his time—weathered but vivid.
And more than that... this is hardly just his story alone."
1767519895,72d9e9f2fe4037d9d1118a4babce79fd1dcfe77c9a8b8c2f572a8adc3da5708c,"What was once a complete notebook has now become scattered pages. The varying degree of damage and different handwriting among the pages suggest that they were written at different times across a long period.
Perhaps the writer was not very diligent, leaving behind only a handful of entries over the years.
Yet these fragments are traces of his time—weathered but vivid.
And more than that... this is hardly just his story alone."
1937185523,72d9e9f2fe4037d9d1118a4babce79fd1dcfe77c9a8b8c2f572a8adc3da5708c,"What was once a complete notebook has now become scattered pages. The varying degree of damage and different handwriting among the pages suggest that they were written at different times across a long period.
Perhaps the writer was not very diligent, leaving behind only a handful of entries over the years.
Yet these fragments are traces of his time—weathered but vivid.
And more than that... this is hardly just his story alone."
1994948604,72d9e9f2fe4037d9d1118a4babce79fd1dcfe77c9a8b8c2f572a8adc3da5708c,"What was once a complete notebook has now become scattered pages. The varying degree of damage and different handwriting among the pages suggest that they were written at different times across a long period.
Perhaps the writer was not very diligent, leaving behind only a handful of entries over the years.
Yet these fragments are traces of his time—weathered but vivid.
And more than that... this is hardly just his story alone."
1703561962,7b13813b6a80b517989976e87dfc973dace523f61b428764fd1e811cafe8ce77,"So I began to wander the continent, looking for any clue that might lead me to an answer."
1703569104,bfcfadeb69d3386d32b8853eb71eab0539ae38ae2915d1f0da2b08b7492dffb8,BINI #9?
1703601371,9f565edfc9f9df77d866d303906bd7ac5db160409d01611e97484ba9910fb94d,Skill ID
1703612912,a6dd525df39e7e28daaa99cd783d1919004ed30c17a3fa1714ad49959ba1479e,Obtained from the Sparkelf collaboration.
1807332523,a6dd525df39e7e28daaa99cd783d1919004ed30c17a3fa1714ad49959ba1479e,Obtained from the Sparkelf collaboration.
1703614600,4f0bb5012ec0c17b99992e2be489fd0bc9041c62b5829b2cfafae7a1d6e49338,Sparkling Type V
1703616914,34b9cdf3c9570f51ee3f65677a6ee95f1460329b30f50265cd9dbd480f479cdb,"Delicate, artsy, the refined type."
1703717767,b7233e7592e5127df2d80a80b7a3e215bc25f91fa8ba73b06b26af867f6c724f,Another sparkling day!
1703769294,fd4845131c5dcb84bbff20743f7898698a44f41e3bc8e3eed42ddd56e5010e41,"Whose Aniimo’s got so much style? Mine, of course!"
1872274967,fd4845131c5dcb84bbff20743f7898698a44f41e3bc8e3eed42ddd56e5010e41,"Whose Aniimo’s got so much style? Mine, of course!"
2072889615,fd4845131c5dcb84bbff20743f7898698a44f41e3bc8e3eed42ddd56e5010e41,"Whose Aniimo’s got so much style? Mine, of course!"
1703782458,9f3e1eb00c3fafe837d9a259c370996041785cfc31bff25a19333a61ffa3c331,Rub your eyes and check your reflection—this Cubbo vanity mirror makes morning grumpiness disappear in no time!
1890187523,9f3e1eb00c3fafe837d9a259c370996041785cfc31bff25a19333a61ffa3c331,Rub your eyes and check your reflection—this Cubbo vanity mirror makes morning grumpiness disappear in no time!
1703829895,721ffa99d32337d308ba33921913392a0c2ed16b88fcbddb122b2aeb70534385,Unset Illusory Friends
1703837112,8af0e1322d5de379b615c9def4860200c6957053613467755d7bb8809e476f46,Abort Challenge
1703880043,21587f4b3b9612f012c80dff51626d4bb3acef88fec02b15a926f0b1f1ce1753,(It has awareness now. I can’t just walk away from it.)
1703886565,7e38134bd10e91cc92eb15fa79ed0c7dae13ff8e538b5859bbf5d26bf7da8d95,"Oh, more questions? I thought the Wayfarer promotion exam would be a little more exciting..."
1703998997,a167ebe3ea7972ccc05512d36f6329195756b3b3c6e9d1e06302187739ec55a1,"These little ones love gathering all kinds of nectar.
Any nectar they can’t finish stays in their throat sacs and ferments into aromathysts."
1704009261,a7d850f7ab92f2f7048f2f6fb43ba2a9b7a5a9de3cd077ebf638d6e5be07c1d0,Pink Shadow Draught
2138401056,a7d850f7ab92f2f7048f2f6fb43ba2a9b7a5a9de3cd077ebf638d6e5be07c1d0,Pink Shadow Draught
1704056667,3a36ecd780d098aac60ae6b5967f85e793876794f478e32af885e06d0de00362,What a unique scent... Is this a new perfume from a perfume shop?
1704057306,985ccd9a2fb6af0c731e1b37a7173d03950d0c62f253b5e3a9149adfec78ecdc,"I want to help everyone—human and Aniimo alike,
become graceful and beautiful like me. Then the world will be a better place."
1704076336,7c78f941633d1a7173892d9bb78ca54c64c9e14086b09240027e6d04e1f01952,Participate in Arena
1704078211,5c5a7e79b20436e89e7cd190775884650370fe838bf420b7e46ea5aa18e946dc,An activity reward pack issued by Polaris Institute. Open it to receive generous rewards.
1704182870,c1f033970da868fb37bcb11203c24c310856243a75758f1d6d6187a7f4c331df,Unlock Badge - Spring of Life
1704197269,e69a02cdb50732e7773c50ed55cbee9bb1079899f186bd6ebe9d487073dd8808,Nim
1704225376,e560af8ba802f1b1fe244a93b14d58a0b065e5d617bdb07be34d27f617906ef3,Crimson Memories
1704233143,ced00b6a24784c72bbb850de32965718c230efaa9c89b044f2053691fcb91c0e,Ancient Rechargeable Battery (Aniipod)
1704295818,a29c13b958388a80f2973a3997b9403eb75577334d006757eb98d6035946e7f3,Temporary
1704362882,927474a95643d20a83b17adc13fd628066eae7b6fca9293556d8113328df24c2,Great! Now all I can think about is Aniimo eggs...
1704363112,908019768511a4254edfa29be635da0d64297fcac28590b534dd3b4f83436bde,...That idiot Tucky actually hid his memories in the Vine Core? No wonder he forgot about me.
1704406007,402148a152b173f679441649ed22c6393eb16f8a9390732b7969ed4e365ef06f,"Lunges forward and spins to create a magic field that fires <style=Hint_BgL>3</style> ice blades for 3 hits, dealing damage and applying <style=Hint_BgL>5</style> stacks of <style=Hint_BgL><link=""source_8038""><u>[Ice Debuff]</u></link></style>."
1704407702,758d1fc45005cd868bd29eee0f17d3922f9beb868d2a3327895f7c6cd114d785,Q2608_02Bloomville
1704422954,cdd1da7b919dcf110391d33bbde3f2659357844eb2d4227e940f3e00074a0a59,Acquired HP
2061029862,cdd1da7b919dcf110391d33bbde3f2659357844eb2d4227e940f3e00074a0a59,Acquired HP
433749647,8af2f5b8b7b2f888b808e3d41aa0e6a1f297152c0d4da820f5b6e5ee5b0c9d24,Earn Collection Badges in 4 areas of Breezy Plains.
1704431789,8af2f5b8b7b2f888b808e3d41aa0e6a1f297152c0d4da820f5b6e5ee5b0c9d24,Earn Collection Badges in 4 areas of Breezy Plains.
1704447082,8ce835c5981a72d406b3c293450ceacd3906176a6692375126c7fbc891c0f508,Open Inspector
1704451412,10fad7a1d6b68ea57d340abe3a65be3d197a26725eb1e74ff83c6e7c36d3346b,3.5M
1933049494,10fad7a1d6b68ea57d340abe3a65be3d197a26725eb1e74ff83c6e7c36d3346b,3.5M
1704475550,dfd1e7ca3045e118dfd0236d832bb4d3fa8b8f6b2355118cc12e0fe3a82ce568,Ultimate CRIT Rate Reduction (Target)
1924537233,dfd1e7ca3045e118dfd0236d832bb4d3fa8b8f6b2355118cc12e0fe3a82ce568,Ultimate CRIT Rate Reduction (Target)
1704478284,82a67e682010227087265741a928325f3846a6965e1cb582120d46c67beca2c7,"The oil glands on their leaves are fuller, storing a large amount of aromatic oils. As a result, their sweetness is more pronounced than that of ordinary duskwhispers..."
1704514872,d476d7cec8ceef0c85f48632c904c3e4aa37ad925740f77d9641145199b436a2,Soda Pop Badge?
1704575912,43b4fd6e967e508d8982cf39c31e43c01b1fa09e47375acb3fdefccbbdf5255a,Sonata of the Wind Badge Holder
1704580753,da027a151814f23adfb5f67c5c071036e764b6fe7ee244e6dfe4f83946ac0a8d,Eyelashes 6
1704642118,19e7e8fedf934870f8d1eea9637d7a0d45d5c5266cf928a75f3b80bcd159ef03,"Are you sure you’re okay? 
...Alright, I understand. Let’s do this together."
1704696386,47fe4881549498e75d235a6e8cf547ac68cc2dd042dd3814602d510422400659,(I don’t think that’s the reason...)
1704726093,bf9cb36324938a327b7e2e1ba3e8775e3dfa95d7d0766867a5f073b713e5aa0d,Glass Tea Canister
1797937559,bf9cb36324938a327b7e2e1ba3e8775e3dfa95d7d0766867a5f073b713e5aa0d,Glass Tea Canister
1704740071,9eb38f862f9753ecf81eea18be599bb39b0ce8f4bfd06f132a349c2895aa3a2b,Unlock accessory adjustment 
1704787136,caec2f7bf1ddebeb7227850ac13457145e048145520b3ee9547e953300857319,ATK Growth
2041490174,caec2f7bf1ddebeb7227850ac13457145e048145520b3ee9547e953300857319,ATK Growth
1704833002,c391c8c595cf04454292f7edc76834af3406f79041da4b252b29946e6f9852fb,"After clearing the Sanctum Trial, the Emberpups are still unsure how to truly grow. The second-in-command puts on a tough front while recalling what the boss said: they must reach a certain level before they can grow bigger. Unfortunately, none of them knows how to raise their level."
1704843475,3b0bc2d7e91d6cffda0074f79ed8c123eb120704c4f6d533e99e0b15efc52743,That’s right. They’ve been going after strong Aniimo.
1704853369,bcb538794993b0cd3672a5539ec6f1ee2c1c279c878e7977dbf4a87123c4064a,Obtain a Sparkling Aniimo.
1704856949,db3d5ad91bec0e6f5125e406ed478777daf34a43d4feafa51760c6fb78b1efc4,"The thorn in Budsquire’s hand may be soft and fragile, but its courage is not. To protect what it holds dear, it follows Thornblade without hesitation."
1704864030,714564425be9aa3cd69bd9f47a4c37fcb05e74be3c7c8f35b3e4dd8647daebcd,I’m heading to the <color=#d89c28>altar</color> right now. Come witness the miracle with us if you’re interested!
1704870225,e9ea675a5be79abea268bbe8fda4157c19a8cd93f187a2459f7aabff612f90d9,Failed to start dungeon. Pathfinder level too low.
1704877594,ab4cc9067d790d16fcc1b6c677ce9e746d9de4c85d1521c9dfa28bfe3506e43c,Drag #kPlayer/Move#z to move your character
1704896949,9e04dc0f4412eb3cbe9c1991899ca0726467b577a82bae3a454184464da3ec27,The group chat does not exist.
1704924730,7e20e6f87a39d9390ab2c1b8d317682c9fbcb0e43f121e687f19a79e9380b71d,"Shell shovels can help small sea otters better
obtain treasures"
1704935718,6fe3adf262a9b4d8a676492819e53e90dc66b73387a3fdb949d0f871ce8cb0bf,"Without <style=Hint_BgD>flareburst flowers</style>, the experiment will never succeed."
1704936304,a0cd90b20951ba8eac8b0daaa97dae5c57c6f0c27aa14608a5a77c900b660302,Wields the power of earth to attack targets at close range.
2012131209,a0cd90b20951ba8eac8b0daaa97dae5c57c6f0c27aa14608a5a77c900b660302,Wields the power of earth to attack targets at close range.
1704955901,ebf85668d8b349e300e49ee6e5d7c0d292f2b6661def70608f5279d120ba3a7a,"The Habitability provided by an Aniimo is affected by the Aniimo’s own <style=Hint_BgD>base Habitability</style> and their <style=Hint_BgD>appearance tags</style>.
Special appearance tags <style=Hint_BgD>increase</style> the Habitability the Aniimo provides."
1705029208,a034d2aa69fb32b02de1f03b4fe7e93a4d4544d4174ba35c0982871568bf926e,"A roof ridge laid with golden dried straw, giving a warm, rustic country feel."
1743101553,a034d2aa69fb32b02de1f03b4fe7e93a4d4544d4174ba35c0982871568bf926e,"A roof ridge laid with golden dried straw, giving a warm, rustic country feel."
1705036805,0d54525fbeba4661696109a1af561cf6040fe7ff8fec83941ed7653544f77dfb,Magma %#@ thanks!
1705052714,410f57c9e1d5eb2a152f5e63a90fce72e68f36b771d5bf2e585d0f714da46734,"Page 33
I was there again.
Impressive! I can always recognize my magical lighthouse in an instant.
I would never mistake my lighthouse for anything else.
————
I called it ""Lighthouse, my magical lighthouse,"" and hugged it again.
I could tell from its shimmering bulb that it liked the nickname very much.
I ended up numb again."
1705062632,d875b05fd924186dd4fb3e27cb5eea3819b7d917cd02738cee0898d8627109c9,Test Create Entity
1705093515,476fa63b5f3c20567a80a166648df2a1b1abfd9b08bc799d56e92f33a8ee7d25,Healing Blossoms
1705111144,ad47e1e00078ef57ca9c592eaad69116aae158eb8f9de16b13cca5d1e7058d3b,...What to do...?
1705141378,d73c54be86cb4055c1b9a8be1ea8a27bc5b2bd706e29af6156c274a9e2403808,"Whoa! It’s you—the master flier, yo! Long time no see. Take care of yourself out there on your travels!"
1705155560,5c295b2350b0953df4e0f5c7875e2f41e72afac711f5448874a1cec2a4aca0a5,[Cubbo Area] Blastcone
1705185729,0970d1d1ccf8579fa409d97fd6995836fb0b6606a1728a23430110d4ad076e5b,Don't just shout slogans
1705243484,0063a9f92e1cbde282cf6b97a22a203a06bd002db5aa758521c1da0fb77dae32,"If you actually manage to defeat it, you might as well try to catch it!"
1705305160,fdb5f322983e7d60cd406f8784c4ba3cc5e3df73fa05321312cdb8331f4fb06b,"Lightning wraps around wings, flashing with dazzling brilliance."
1705323558,ac5d351a8a2a1ff785c58208cbc3a5cc24a9b06cdaa3f8c71618b9dc52444492,"While chatting, Elvira tells you that ""Whisper of Longing"" is a perfume created by her mother that can preserve memories and recreate every detail through scent. She also recalls watching her mother make a whalesong blossom bloom when Elvira was young. That day, her mother told stories about herself and Elvira’s grandmother, accompanied by an Echoback’s song."
1705326774,d1cd0dd8e6e1a3d0e4c4437cc704a2b3a7f57f8cf2e661768cd09b15995951b4,"Takes my breath away every time... the whole world, right beneath our feet."
1705333408,dc2812151822380a4291f5a145ae5376b384987aa26b5de62afd84265d3b68f6,That means I can go right back to lazing around with a clear conscience.
1705334225,df15f770bef2c8ce1c05d9f5483030be57e79f699871830733d7e18949cf2f82,A cherry blossom violet building block for all kinds of structures.
1886738963,df15f770bef2c8ce1c05d9f5483030be57e79f699871830733d7e18949cf2f82,A cherry blossom violet building block for all kinds of structures.
1705383066,8f4b8036a941a0c897a011e0f4957e9fdd2e68b5ca7b8c4ab7b99c663698c8a7,Collect <style=Hint_BgD>3</style> Holo-gizmos <style=Hint_BgD>with the same Training Style as the Alpha Transformation</style> to <style=Hint_BgD>enhance the Alpha Transformation skill once</style>.
1705389985,a525f812fa515c2a223f18555ab59d0806c893c33ed2aab8456d74182987df15,Angry Jawling
1705454848,68e129e3c3d881575bedd00652cf427b6eb78b49cf35cdf03f8ee4e0b49190d1,"And the tree, it opens up and drops strange things."
1705477568,e60ec6a5f33f7ab9e4084280ea46353d0ae85d3842d36432d0117487c1432bc3,Approach the statue and tap the <style=Hint_BgL>Climb button</style> to climb up.
1705507788,2092c3d7649fa2c608fd03abab26a2554ee35be74d7dd30ab675a7967648f01b,Forest Illumination Fruit-1.0
1705525807,c1f972de8337231a90c1375d323ba131601116e4f227b0b12c90997355b267b9,Sherro? Greatsword?
1705535635,4204ee49ec95f96b1a9fde6e2a7efbbcb54c293b65ed955140f98ecf07ceb551,You earned 40 training coins!
1705658943,058fcdc0a3ca87736c0f9ad4e6da87ff5773bbeb3af8ead6fc9cf40677eb8fcc,Multilingual Replacement
1705666658,bde609ba46e17d69ec7ae45fb4b2a9b28f7f77f0655ed5fa83bc8f7600299a58,Zixi
1705681836,f1752d6ce1e282771714ddc9161b4cce1f08693dbe80c88969734632be4a7e51,Item Exchange
1876226724,f1752d6ce1e282771714ddc9161b4cce1f08693dbe80c88969734632be4a7e51,Item Exchange
1934597720,f1752d6ce1e282771714ddc9161b4cce1f08693dbe80c88969734632be4a7e51,Item Exchange
2044881188,f1752d6ce1e282771714ddc9161b4cce1f08693dbe80c88969734632be4a7e51,Item Exchange
2137138597,f1752d6ce1e282771714ddc9161b4cce1f08693dbe80c88969734632be4a7e51,Item Exchange
1705700332,ccc0c8a2d9a165b4f63b66791fa701b639f6863c7ddb64390afe0333df2e8c8f,"When the last echonite sounded, faint blue shimmers spread like the tide towards the sky.
Under the moonlight, they swirl and gather into a magnificent and dreamy Echoback.
Far from the beach, a melodious song echoes, conveying the Echobacks’ longing for the deceased ones.
Guided by the song, the spirit of the owner of the skeleton flies away and joins its family members on their journey into the deep blue beneath the starry sky."
1705702346,6b83f15e45353b61c87831f17a255dc03f8320a3fa88c259ff1f4a3bf8556e9b,"Alright, alright.
Where are we going today?"
1705707601,b089a5d091f08390943a084d34a6a7e24fcbd0b52b7cac05a0fe920f45cbb615,So bright! The mushroom stopped flickering! The mushroom is finally glowing!
1705712769,96976fecbc6ddf76295f068957b0ef1d492d5a0b5ad73cc18d94b64b492f4dcd,"By the way, your senior guide should be nearby. Go find <style=Hint_BgD>Lana</style> and ask her."
1705794054,91c2e75420d896ed60d9fd3a24e5e24d38211f8c6304ed711c603cf5c8e0fc3f,My CPU can’t handle this...
1705809277,c2e23e0b59d3433af115f3755c89028ec646ea8f76c3a96582894f88c8fa54e7,Habitats
1705825083,32fc2df7a583e9e83239e4337d0a14d4d651e9fb18704374828b816e3c6b0f0f,Is it the same Aniimo as the one before?
1705842803,31596e23936f18abcd25537dcf9476492084677da5f382e4db5076d2a7d1ca61,You’ll need to do more than defeat a ghost!
1705898683,8912b679838bbcd0254a80ac44ea17b80c22f93a2914fdfb148c19e66590c234,And they seem to have different <style=Hint_BgD>preferences</style> for the facilities in the home?
1705902135,fadabd3ff66e091cb43084a77d512a502117571701f354bec3ca63ebdbe2bc6b,You are rolled into a mud ball by Baleetle and take damage every 1.5s for 5s.
1705909255,c2ef18c7ed60c60d2d1c208e40eba3e7656c02d011b07ed2a1c692f74fcf51fc,Offline Login
1705909289,d6bdfce0b39806f763166de40b38fc3b7088722fc2c25f0ddc9de0eabca80e10,The Team Leader canceled the matchmaking for <style=Hint_BgD>{0}</style>
1705934641,5a32615fada074bd0d68653e46e99c69aad55a148e7f18c3fafcd204b0e2926d,Aeolus didn’t appear this time...?! Maybe he’s really out of strength this time...
1705967561,e74e4b4f1e296bc3387982c488c53a018bb9bb723c87fb5cd67bb72ee01696cc,Alright—what do you need me to do?
1705973571,3283b90df199b2bfb0082e56fab30cae143ef4901671acf88a51418995766d1b,"Thick vines coil tightly around the sanctum entrance. To unravel them, you’ll first need to find the loose end."
1706023542,30c7524d2df01bcbe8823c34a914c0fae1fb997354a6b815eb79bf31a9e57ffa,I’ll play Grandma Bolty!
1706037383,c7e23ae7871de59801fa93b67893247f7ff98f6c55f05b3336a0bbfc8b3fa7bd,Monument protected! <color=#FC9595>ATK greatly increased</color> for 2 minutes!
1706055557,0b0ab925721bbde894962bda6626afa1221343db3fa1a6534411272223b45737,Blazing Stove (Level 6)
1706081651,08ffdf89770ceaa0241ba575fcc0a6b60303a7722c6db48f88650d90bead452a,"If there is a target within ATK range, an auto-Aim Mark will appear over the nearest target.
ATK can automatically Lock On to the target."
1706151591,fba1efb793069456662a3b99b1596dbb37238c3cc851f4a1f4d3570e3c02a931,Aniipod Maker (Level 3)
1883163307,fba1efb793069456662a3b99b1596dbb37238c3cc851f4a1f4d3570e3c02a931,Aniipod Maker (Level 3)
1706209625,cbbb93531fb5290b55220209ec3058280148579789c92328c2842c79cb335866,Burn the shackles
1706232750,982ce24b43d9e7230ad03da40d59e388452430222ca513d4b97de0494e359f03,"Festival food alone won’t be enough to carry a whole gathering, will it?"
1706272416,3da42b244abf2adb9ec0110acfcdbf272790c8ce89325bc7cb9e60c55d1a00cb,Resilience Recovery by Rate x Power x Bonuses
1880898504,3da42b244abf2adb9ec0110acfcdbf272790c8ce89325bc7cb9e60c55d1a00cb,Resilience Recovery by Rate x Power x Bonuses
1706286281,aad53160fa16bf00532e73686c75fed1992a8db8f9cfe17d34424d94e77e5435,Take a Shower
1706297487,fb20335fbb4b10d757f0452be3c3170813c715925bb8c84913aaf3564b07c83d,Press #kCommon/GamepadConfirm#z to enter [<style=Hint_BgL>Aniimo Management</style>].
2065511776,fb20335fbb4b10d757f0452be3c3170813c715925bb8c84913aaf3564b07c83d,Press #kCommon/GamepadConfirm#z to enter [<style=Hint_BgL>Aniimo Management</style>].
1706327797,6eafae756b950dcff01f535e9cad696ed1c446ff28c4a2aa959b9e4d72239755,Player binding timed out. Check server logs.
1706336055,3f8c07e849f8fafe7670a2ec4a86d105b2725c00fa7c3b0095971d94ef6f5e10,Astra Journey Placeholder 151
1706346429,08173793d7833484a4930cc3b27b7946300fca99dccfeb37b4eb5050b56bd8e3,Top-Up Full
1706356706,057d7a38c6779e9b4431bc4090a61fd435817ffb76eb0056ec8bde5c87d03e15,Feeling sick...
1706373280,375a3e0fb129dca8e5be4ff711176d76662ef06b7afe25f326e81cdaa6af77d9,Another assessment?!
1706379977,ac3180f461e71584c39882d8bc1a344786d441551ab05196e287f335e35517cc,This feature cannot be used while you are in another player’s world.
1706396848,2c32ecc7ac5cd824befb87b6530d082e8764983a51ef7aa27b6f42e19d33ef87,"Floret, where are you?"
1706402614,0b7085c80cc3666225233bff9c84aa94cb3296a8279b298f56046cc240245a75,Carried Item Rune feature unlocked
1706428647,828882494353efcef70194c94f5b4f0bea56f4cfa5360aa0c47a7fc0d437d55b,Select [<style=Hint_BgL>Fire Spin</style>].
1706435476,2bacc74c0d912170dc53e42119a7ead9bb0cf655686de7f8a2eff3e95d2a9bd6,I thought that pep talk got you fired up?
1706477819,de2f140bd6b1de6d15e48d6f40e8dc0844d9c63e568ed0ff544077d953c34227,Pastoral Dining Chair - Blue & White Check
1843565912,de2f140bd6b1de6d15e48d6f40e8dc0844d9c63e568ed0ff544077d953c34227,Pastoral Dining Chair - Blue & White Check
2101860312,de2f140bd6b1de6d15e48d6f40e8dc0844d9c63e568ed0ff544077d953c34227,Pastoral Dining Chair - Blue & White Check
1706485743,e7339df7803f4e83162078ac1830c5717a43ea1b61b850c4e43587c8787d3620,Also...
1706504609,42cbfaf09f080882fb896f8e855b8d446fec789e8fc248a9e81770908297ac68,Oh? You actually brought a Budclaw here!
1706526838,78ecd9262b3866cd034a7db65acf101f824cbef0329ae961cc92a1b3451b911b,"Increases Crit Rate by <style=Hint_BgL><customRichText(calcData,buff,20510010,param0,1,%d)>%</style>. Stacks up to <style=Hint_BgL><customRichText(buffConfigData,20510010,maxLayer)></style> times."
1706531720,c2e6f21a7adffac1be9a22b40f60b96f82dce332674df2d39ecb94cacb267c1f,Learn about fire
1975680887,c2e6f21a7adffac1be9a22b40f60b96f82dce332674df2d39ecb94cacb267c1f,Learn about fire
1706556012,2393e6d54570ce71d8d8b65695dd129f59ac3ce54ee51a4da25bfb54b81f4106,"Huh?
Silence..."
1706571067,4a42228521b94e3f43b7eec25567e29ab2a8455c0a5d34ed83b25588fdc949b0,That Aniimo is injured! Let me take a look!
1706621795,ca2f0aee8570f6d38e2fb9eb295c62bf227bdc3a7f5e0ddc7e4e536fa80937d1,Sheldon
1766619002,ca2f0aee8570f6d38e2fb9eb295c62bf227bdc3a7f5e0ddc7e4e536fa80937d1,Sheldon
2052118004,ca2f0aee8570f6d38e2fb9eb295c62bf227bdc3a7f5e0ddc7e4e536fa80937d1,Sheldon
1706654813,4b9edaad5e3341aef6c5caeb9d41fc51195f1c47570a847d69c55f57ce20a899,Ugh... Shh!
1706669523,28fdae8deae31d6eafd18b70d878f6d8a3136f267ce273777c089a42ac590438,50%
1826991264,28fdae8deae31d6eafd18b70d878f6d8a3136f267ce273777c089a42ac590438,50%
1706719652,0ec3e54751b684b8806945d80057b4eafa1865b4734fd52143881cf81db32f44,Baa—
1719501511,0ec3e54751b684b8806945d80057b4eafa1865b4734fd52143881cf81db32f44,Baa—
1706730603,d3b19f141ef7253f61b3e4d48462cd2b9777b2ef881ee30e378f839acca94a12,Travel■■ together
1706745349,2a69968677eab3abe638b4672956dc85c8f7232fad3b24f3a4eff4865d9fd06c,Grrumble!
1706746905,db95683aeb939664f1b58e7fd94f54346fcf9d00508b8184e2a7114304081b07,Phew... La la la~
1706767361,78e8decad3161417d37c1593ffe891a4b8c183a9891e1318420b3e037680c01d,"Yesterday, those two were singing in Astra, all mushy and off-key like. And today, they’re sitting here arguing... With that much free time, they should go walk a Hummin."
1706788858,e4a71873adcd93686ffa42b8ad1cacb542e7986982ec8941899053e5bc25671a,Low HP Recovery Stage
1706792675,0bf9ae536cd50dac004820f572889aeaf61fe0277215ea14de95bb58b7742510,Element Mastery - Grass
1706805171,162b1c8e9454c17569be0279b986a414bfdc06fb8c48600c514419d21e01c7b0,Eeee!
1706824330,59e2319c1cb2f574fa07edc7c3da08a2b14db3ff86fc756c4a0a25cb5e7dfe62,[Lucky Encounter]
1706853091,4089c94aa0bf04fc9bc31ab6b5881820291afa34194e0cb4cdc03424cacf50aa,Why would you say that! Whelpy’s going to check if the chest is still there right now!
1706867278,cd9a96fa2acb4efe55971320356eea7623e05e5700ecd806470c3060e1f0e48e,Not even trying to hide it!
1706868786,ecde0abe36975528faea444098e67393d0d197fe0aab8270266c787210118291,A Sun Umbrella for decorating your Home.
1706878970,3e43ce7f406c42de77c012e31dfaedca2a5385cd3d003da872f8031ba2b72b02,Level 8
1706885311,a907caa05ddca5ff8d8fabb9553fde3511068fd61df987423add79ee9abbdc7d,Just as predicted! Back attacks really do break counters! The data matches my hypothesis perfectly! Thank you. This experimental data is invaluable.
1706898178,0381cce449c18cc36bf3712c437c14836899a180cb2dca5c3118774e31351745,This—is the cradle of Pathfinders: the Polaris Institute!
1706903590,ea05bf960998138486542640f5329ef1bf7f669c3f24f23ab609b67da9c855f4,Remove/Add Tribute
1706917897,22ff01f904a58d6cab8dea567bc137ccb11200722d024655f031f823d39d34e9,Delivery Gain:
1706939480,210adb07bb83dad95294e3ff052a047d8b7afe98459a5ef7fabae72ddfcf1a6d,Unlock plot 18
1707003013,c781d229d9a4f34b6d0ce97076fa8b16b9c402288d832e17fc2cc485e91db4a7,"Now, Morphling is going to share Morphling’s consciousness abilities with you, so that you too can possess—<style=Hint_BgD>Morphling Vision</style>!"
1707035976,6c61cdaf31635a97fcf99f33309464976cc910c01eebf43669f7685d653f01c1,"Target ID List (Elua parameter, Aniimo ActorId/Friends uid)"
1707039772,87121711aaab953c7ad19bb5be398c58152d12df783480ca1f9adb2be211e7c3,P.DEF up 10%
1707041824,aece9e13f90aed653cfbb43a3771912be1844857bd1913f7e7c7aa5196d6adda,"When the land fell into silence, you brought the rainbow."
1707092003,e99a4485d7212504f4bcf218ecc02a8c72608f1e0624305c822fd30b3e977bbe,"Yeah, hopefully...
Wait. Why are all these Aniimo sleeping here?"
1707172849,b2b304c623a22b89d3bd646f72c63fb1a3fdf59aa2f154e960ef49ec5fee43b9,A Prismana Form Aniimo has already appeared in this area. Prismana Flow cannot be changed right now.
1707183898,8492b51e432783e5b368d83b185634d09fbbba15a2e49a7d46a2e5085ad38bd1,Bloomville’s Gratitude
1707208435,2969c65933f56af33e5d54d42e6aea6329d3004a7b6b3a52e259673361a954e5,Attacker
1707242366,7ffff45c9513ac924ec67a9f063f05c6f0249260b46e6c392b7d139bccae4444,Square Dancing.
1707282923,cc0cdf5378c5403a790f94b51cce795ce037db0c46f4224d9f363dd957536bbe,Initial Parameters
1707312879,3760c3ba9e29c07aec41986dad61c2d56225170d4c2ff8aa9ef7ee1332dfe782,"Why would a black Nimbi look for me? Black Nimbis have bad temper, all other Nimbis stay away from them."
1707315245,0c5b7c58a2552a923b724e34ada7260814175e9e1927772d9a827c0ba15b883a,Failed to enter. Gameplay not available yet.
1707315838,aa6ef88dd830472ce3e4f6f826d20182aecef5b7ed8d155a4f296c074fffbeee,"Yeah, these duskwhisper turn into a calm bluish-violet under the moonlight. So pretty!"
1707320262,ac2131b9c3c3f8c2ee7b74d5f90e63efddf33c59c3bf13ab807eadd016e92049,Aniimo Team Info
1707335295,497039303f60f59dfa58d70bac1f7334db43669cddd129ca4c2ff3459bdd20b7,"Half a month ago, I saw a light here, as if the large starine tree had been struck by lightning. I was worried about those Celestises, so I came rushing over, but couldn’t get inside... and now I’m completely at a loss."
2030916814,497039303f60f59dfa58d70bac1f7334db43669cddd129ca4c2ff3459bdd20b7,"Half a month ago, I saw a light here, as if the large starine tree had been struck by lightning. I was worried about those Celestises, so I came rushing over, but couldn’t get inside... and now I’m completely at a loss."
1707368404,dc27f5218e2da6cd5c98a3bf8065ecb388bb2b1a25a44e362de39f4fb9ff5540,"Every time he calls out that word, my currents leap... Is that what ""like"" feels like? I like the word? But I don’t even know what it means."
1707379707,391e866b0159c776e57b043591286a5490a526582d250b49a727d7004a1df57c,How could you not want one? They’re all golden and glittery! I’ve wanted one my whole life!
1707407236,efaf9c57bd1e0a6d07d52201e8193b12a9a718961ef102e1e2d133fd61c56086,"A friend once told me that a great invention like the Aniipod could open up a path through the stars to a new land.
GoGoHomes, meanwhile, fills this new land with flowers."
1707419682,b85b974a55a866525aa8800d00140192ed167f13fea0490df3468f40f4799ad1,How about a strength contest?
1707419756,7af11345b9da1664f6c0858b4145c917c3e86059e016556ca95de895f09072fb,"Increases Grass-type critical damage by <style=Hint_BgL><customRichText(calcData,buff, 2132404,param0,1,%d)></style>."
1707448227,21ab975737d0be846896a2341806d9508bb8c7187e8e796f42fb46dbde60b477,Nah. Jenny slammed into me mid-match. Sent me flyin’.
1707469765,b03b7f9c5d7d33e1a233385e8119135469e04ec226f1a004ed127d0c021f6c36,Dread Base 3
1707473375,a6336da62b22dff52ae6c5340e3037acc01db707c61c1049650cf15fae7d4490,"Each basic attack and skill triggers the gacha once, randomly firing an orange, purple, blue, or gold bubble and adding that bubble color to the gacha slots. Gold bubbles have a <style=Hint_BgL><customRichText(calcData,buff, 9162301,param1,1,%d)>%</style> chance to appear, while each other color has a <style=Hint_BgL><customRichText(calcData,buff, 9162301,param0,1,%d)>%</style> chance to appear. When the slots hold <style=Hint_BgL>5</style> bubbles of the same color, or when a gold bubble appears, all bubbles are cleared and <style=Hint_BgL>[Jackpot]</style> begins for <style=Hint_BgL>10</style>s. In <style=Hint_BgL>[Jackpot]</style>, basic attacks and skills no longer trigger the gacha and always fire Rainbow Bubbles. Basic attack damage +<style=Hint_BgL><customRichText(calcData,buff, 9162304,param0,1,%d)>%</style>."
1707517410,1bb09302284d761ecaad4829ce866131a29c1dd1abfe89542aaba89a62d0e166,Fira picked up the last drops of Burst of Red and poured them into the bottle of Eternal Red.
1707547677,5e38d7734a54032695af845b066183efaa743f046559c087797a98056d728776,"Heh. I may not get as excited as Lita, but I am genuinely glad to see what you’ve achieved."
1707578625,efb0e9f1bc9d8e92f58589dcaaa1042fce3029d16029f4555c992099c3d03054,Add while Nurturing the Branch to increase the<style=Hint_BgL>Starting Potential</style> of Aniimo that appear.
1707585261,422aef718cb4fea2268176d2f1172c42cf518c254bd5219a57110c313d890c68,Treat Feed
1707605614,8104c552b37bc7e68ed54cbed96ed0988053eb060698889dc15771cba7c5f9fa,Tip: Burn Wooden Chests
2073223247,8104c552b37bc7e68ed54cbed96ed0988053eb060698889dc15771cba7c5f9fa,Tip: Burn Wooden Chests
1707642742,98cbabc6f1a999b5ad69f25fd35ae54561f4064ec25fee49f605d6be9e1cfdee,"With a free heart, all paths lead us to the same place."
1707646936,a03e141a4eecc3b9db9d811996500482fb060bdc882eca4db7eb8a984924051b,No Home warehouse available. Operation failed.
1707651552,77b8971a7d45b0da0a24ff99926199ce92fcbed04c2f64373eb811ef9e700978,Mementos actually has other branches!
1707663524,f716dffb0f7658f553c82067c8da7ef7e67ef22889325e1a3343617fa3839775,...you won’t turn into a Scorchhowl...
1707672576,0a3b560a5fb62c16acc775e08db59c6b17d84ea3d09bc3759de6c4ce2328e7ee,"It’s not just the farmland, there are lots of other facilities too~
This one’s a <style=Hint_BgD>storage unit</style>. It can store the materials you produce and is directly linked to the warehouse."
1707681802,6af46154422be86cbce75946fe124778fe42ba7940d3a813abad1c5aecc6ddb3,Test Redeem Gift Code
1707729422,164632a9dffc076d97cbe518b48d80b00f2db99b3c729dadba7a16d6c3533a71,Soft and Clear
1833771940,164632a9dffc076d97cbe518b48d80b00f2db99b3c729dadba7a16d6c3533a71,Soft and Clear
1707731817,a8f603fcbf5d95cb2289be50062db3d9b1a56aba3da106723ef414217e46b8b1,Legendary perfume ingredients?
1707745691,cef43c0519c9a44ba3a3da08aa7ef3d395786a599f6bfcb9a2eb2c33431481e6,Chilling Gale Step
1707745731,802ca789452e19b62e3e9f0abe821ca3e24f5fdf7a28543269b2f47bd8063374,Chest Destructible Attachment Point
427806177,50a135de9913c2222bcb38098842808318a7d965cac7fb0460de0b10e5501c43,Start Companion Mode with a friend once.
1707746911,50a135de9913c2222bcb38098842808318a7d965cac7fb0460de0b10e5501c43,Start Companion Mode with a friend once.
1707755740,8c5a14e24a0e530ec2e6596693a597996b3e159c4ac6b00748c17aaf7912923e,Learn Grappling Hook
1707776981,b0bc6aa80c1bdff408362dd3c88040525a8b06ab6e7c70fe8123f5978c7ec2e7,"Crit Rate +<customRichText(calcData,buff,4004142,param0,1,%d)>%, Crit Damage +<customRichText(calcData,buff,4004142,param1,1,%d)>% for <customRichText(buffConfigData,4004142,duration)>s."
1707802974,b54aa52a9d205dbc4a4c4940c1eb33150bd294b6c15d46e30cdd7a20902774a4,This storage does not have any Aniimo to equip
1707854589,e94670105ef11f8325423000e19b7fd94ec74bd91ce20eec8d219077fd78d56e,"Though their fluffy fur only resembles wings, Fentufts firmly believe that if they keep flapping hard enough, they will one day truly take flight."
1707880470,b7c3ea53824a8090829f1711d8441494a8f87537dc0b178779362a4774899e7e,One of Nicole’s Aniipods. There are cute stickers on it.
1707897579,35ecb8b472042b8033d005e5e92ebe064090c4f1ab92de276fdf8a163f6fc488,Auto collect <style=Hint_BgL>{0}</style>.
1707919787,d0adb134dd1d8e598f77ab1dc13952a4fb8ad52e01b40ee3eb36428596e9f96f,Bloom Group Appearance unlocked
1707976346,292276aed837f08c839a44e53cb86f250a591cdade8c52dda8feaf356561b5c2,What are they looking at...?
1708038399,17e635060c25f85208eaba9814e0bb4ab2a60b2998df1fb54ab2761f42570d73,Cultie!
1708058883,3f1f0bf15bf0a833f32d8deba153905031c264c92412f167de08564942af5995,Proof of successful evacuation from Operation: Egg Heist Team Mode.
1708063126,2507097b2934c4ffce8241629430faeaf9ec1d5d29986bacdd60d60046c47ced,They are not complete until you <style=Hint_BgD>use</style> and infuse them with Primegy. Just remember to plan your Primegy use carefully.
1708092141,ea511aec46e1eb4bd667a7e5017e16fbbcd5563a40be9d1da8546678f1d244f6,Unlock Badge - Azure Echoes
1708110357,64c0094b90899a232b5d9fb47a53b9bc58c3f1371409a4abef0d1888550decf6,So that means my assessment...
1708124997,a78f44f4c76c5854d276f4aeac88b5d5a04d499d4a3b2bde95728ce4523a905d,Cheers
1940869823,a78f44f4c76c5854d276f4aeac88b5d5a04d499d4a3b2bde95728ce4523a905d,Cheers
1708158932,08795ba031bcd121e4e1ce47c1c2828a796ffbf6bb4e93daeee3937017bc7a04,Contrast
1719176256,08795ba031bcd121e4e1ce47c1c2828a796ffbf6bb4e93daeee3937017bc7a04,Contrast
1708160010,6beef7a4ef06b956e6d194a4368a1b7c8abd75cecb2769960f0bbdb03fa95b45,Index Details
1708175621,194945f081c350f5d303b74b8701257d5039dc8b6362572613085120e2232ec3,"Phew, looks like this new Sparkling Prismana Aniimo is as strong as it is rare...
A perfect fit for my team."
1708312904,d09d618ec3d29dea2ff6efaee8615ffa5c730bd8d34efc746cfd6629d4ab9881,Windmill
1971344655,d09d618ec3d29dea2ff6efaee8615ffa5c730bd8d34efc746cfd6629d4ab9881,Windmill
1708318141,be128546734a49252b77f13bc963c996fccff875a2db0c12c5bbcc59d0ce8682,...Race me. Just once.
1708334648,c976e052a69fc6db6915777bba8ef58bda637d634bdcd713a4c7e4339b9fd4e3,Semi-finished Fahloo Dewdrop Crystal
1708512253,bc04bb34e1c892b7fc06920226727e0dcdf06d3aff72c83baca52ae9f4a24449,"Since we brought Aniimo to Astra, we have a duty to take care of them.
Adopting an Aniimo shouldn’t be a passing impulse. It’s the beginning of a lifelong promise."
1708563221,f466166d96966e3fc90665a613602e77cf00ce6023c6aa0d260bec1ad69127a3,"Those lines, those notes... Too neat, too tidy. Not my style."
1708586715,bf0e24af793f4e098301036ea0211d745e8c5065394c7472313e0bc3d000b3eb,World Observation
1708654573,0fffab9a920bda1fcd8ba36b4a4533ff74c074a862c142ece7f085baaace9dae,View Prismana Magmarex
1708727733,5317333e060225e83e4305afbfe90ab8b034ff3324490baad2129a4c05002055,Upgrade Effect
1708766817,58fe426dca4738d13206818bb44c9adce5a723cad9c91058066a93c59c7ed183,"Hahaha, don’t worry, I’d never make you run around for nothing! Here, <style=Hint_BgD>30 Aniipods</style> for your trouble."
1708812053,8fb1ed902e0539221aee8126ecbba0ddf5b95dee32b9055ec1b7c37257541db8,"I hope I can master Fire Debuff soon, so I can keep these troublemakers in line!"
1708827184,45b82fb0115db0be05304e18aa3e49207af0f5aed5d307adbe59067737c6a436,Dreamy Egg
1708882901,2222d00317a84bd1efea4255f2471df4245958bc3dcca77b73cacb528037bdd7,Other Aniimo
1708892761,9a117aa111cdadb9b67e6966daef85d4ab04afea84f578c22fbdc6f016c6e694,Text content (placeholder) text content text
1708934955,df78a2bdaf3ef9ee24fba237a0dda2d2b5c84e1e6b2aee87bd26bc565938e117,"Oh! It’s... it’s you... I’ve heard about you... but I’m exhausted, can’t move another step... *dozes off*"
1708983372,7490171faf2eced1b4e9ccc448b021ef73b726c57d08e069fe1f0a594ff03f8d,Kindness and selflessness can help Aniimo grow too.
1709003633,1b9785072cfd17ff52c8b770bc497624bb56e837b9096417e69b519fafdd5270,Launch Countdown:
1987764829,1b9785072cfd17ff52c8b770bc497624bb56e837b9096417e69b519fafdd5270,Launch Countdown:
1709024969,1d521c09ca46449f58a34d264bd15cce08669728f3f281810bbd3744ea527037,"While Aniimo dance excitedly, it absorbs the electrical charge generated by their dance moves and synthesizes energy minerals via electrolysis."
1968813563,1d521c09ca46449f58a34d264bd15cce08669728f3f281810bbd3744ea527037,"While Aniimo dance excitedly, it absorbs the electrical charge generated by their dance moves and synthesizes energy minerals via electrolysis."
2001105221,1d521c09ca46449f58a34d264bd15cce08669728f3f281810bbd3744ea527037,"While Aniimo dance excitedly, it absorbs the electrical charge generated by their dance moves and synthesizes energy minerals via electrolysis."
1709034782,6c4fba032c7862fb45292e011827476b59aca441f1b32c129b27dffc528e7033,Social Pup Hihi
1709045431,a7f9a4fb9433d200117e0d3ca6138e0169436b91d2a02f976d15c58251bc5268,What’s down the slope?
1709092325,9a0e38b64eee72a6ea63cc45c1bcdf9b60fa7dba0367ea8467efc8e3a82fcd1f,Test-Hummin
1709101182,5e77539c5c511f3e0bf76386d9dcff8f92c58a09bea4b8b1fa41c61fa0d60b27,Quest data missing.
1709133663,3234d0b9764f1a1f3f6ce23a9f49de2ed2c181c1125e90de0fabfaff07546f28,Switched
1709136805,084c823a145945b8797c1888ed8fc80554851d203370c66f38944e9aecfb0010,Set the Catch Chance when the FishingCapture progress bar is full (overrides each layer's randomProp; takes effect the next time the layer increases)
1709144656,5a606ac7a38bbeff7ac3c88e0783e758f49a801626d830aedb5deac46913e4b8,Chapter Chapter Chapter Eight Characters
1870330333,5a606ac7a38bbeff7ac3c88e0783e758f49a801626d830aedb5deac46913e4b8,Chapter Chapter Chapter Eight Characters
2023700408,5a606ac7a38bbeff7ac3c88e0783e758f49a801626d830aedb5deac46913e4b8,Chapter Chapter Chapter Eight Characters
1709255635,b338cd29fc495263c85640de3a28c8ce10c6dc212b0a71ff593e185911873abb,We’re trying to figure it out... Let me think... maybe we need to <style=Hint_BgD>find another way up there</style>?
1709286445,276e1403b352b2adbf52029a07a6224a21a09e04cc51ff40b3af204f983fe74f,Contains <style=Hint_BgL>water</style> energy
1709330304,3ea72271f5fcfd4149fea6badc6c97d90931d73f9d07ebb98434ced0b80788b8,Squarrel Family
1709341869,e14dde5ac561efa09288f0569ec89015a5745504cc8a235c26cb2183b15e8d6f,But lots of Bolties believe the ones they want to talk to are up there... so they really wanna go.
1709345855,9c67f60ce586b028fdf83ac7ace2315ec5d7438e88c6c90086f87f42f33eb95d,Gathering Together
1709383862,fce955ed350488133e54697cc881dced5b3af53b5a94a36291259aaa8b9fc6b4,"Food and snacks 3.07 million Credits
Daily supplies 2.53 million Credits
Lumin energy costs 79.03 million Credits
Teaching supplies 5.83 million Credits
...
...
Repairs for damaged public property 103.72 million Credits (Note: Please do something about the Battle Art Department!!!)"
1709417487,6e92425002f247a07be82992d7b1963abf04fae4c737a48d65199d52528d739a,Pollen of an Irisal. Necessary ingredient for crafting the guiding incense.
387752794,4d8350e04e2cede698f2b4ee2f2fb36515fd30e946bc671e3c3990c2a39b7441,Open 20 Chests in the World cumulatively.
1709472601,4d8350e04e2cede698f2b4ee2f2fb36515fd30e946bc671e3c3990c2a39b7441,Open 20 Chests in the World cumulatively.
1709505944,e3ebaa16dd9d9b9fc107c42183fb6cf9d22927e1af03dbbdfa0ccc38e4e4ac31,Not found
1709512451,d6bf94e4ac6d9bb5411c0c6ff823414350f6d7541b5cb2cab6366b549b6166bb,Stare
1709526157,be6eb1fc3b05bf9dceebad2eac7841d1b2f40bda9aa2da34df8ca22af02bc3ed,Collapse
1723961690,be6eb1fc3b05bf9dceebad2eac7841d1b2f40bda9aa2da34df8ca22af02bc3ed,Collapse
2068608181,be6eb1fc3b05bf9dceebad2eac7841d1b2f40bda9aa2da34df8ca22af02bc3ed,Collapse
1709592513,382561b1dad8e01774d0d8e4ad1661ad77798c269e4dde2ff9418b3f801d3775,A Trail of Clues
1709599021,601d8d3774d303accea73e7ceead3e064bbc88ab1fa5a085a954b83f89bb540a,Focus!
1709607471,93ffb8ce98c75447c13e7fb1f2028e7edb262f14d62531fd3315a2cf4adb3e7f,Missions
1709618099,1bd69eeaafc81bccb5a14265f85a84bf64250293cf9a4b9f3b1f50f6a5ec7dbe,Account suspended. Time remaining: %smin %ss
1709627054,f76ea921edc2e55df3e0a8eef0ddc499bdb4c39fc74356fb49b0c9ed2fab6642,Wall
1918843491,f76ea921edc2e55df3e0a8eef0ddc499bdb4c39fc74356fb49b0c9ed2fab6642,Wall
1709630452,8e868676fd123f2d728355e8c816de73a55d0f56e1734f5c4d1c41b094753ecc,"But we’re not done yet. Terrain, time of day, weather—the variables that affect the various forms of Aniimo are endless!
We’re planning to track down every form of every Aniimo family. The goal is to find them all!"