1401205541,40fbf6501072075390433769fc2659620e2f49cd2f90743607d3d636921c3bf3,Obtain Lumin Amber in Forest of Falling Stars
1401219323,69dfb79a7b0e5403d1ed1dfc401aef8f4a0c50f99f15d6d918d1333579f108dd,Learnable Skills
1457551088,69dfb79a7b0e5403d1ed1dfc401aef8f4a0c50f99f15d6d918d1333579f108dd,Learnable Skills
1492924460,69dfb79a7b0e5403d1ed1dfc401aef8f4a0c50f99f15d6d918d1333579f108dd,Learnable Skills
1770648766,69dfb79a7b0e5403d1ed1dfc401aef8f4a0c50f99f15d6d918d1333579f108dd,Learnable Skills
1401321414,75d52e6377292e1aca810583ce1a6f14efbe8826e95d88909cc90f1a9134d20c,"Invincible (0 = not Invincible, 1 = Invincible)"
1401360790,99fa5fef18741f25c1de059f985d926543fe3d0aa569e458020b8e64524c5fc7,This %s is breathtakingly beautiful!
1401363212,c1ba281f10ad43f1ccad5bae3abe9fc8bb354a6688f21fb7a8d8cd546438f708,"During the Event, participate in Holo-Battle Sim challenges and consume Event double reward attempts and Primegy to obtain Carried Items or Runes. In addition to the base rewards, you will receive an extra copy of the rewards."
1401363890,6eb280248faf63cadf01ef7a9f090198662f8d41926b5974a2bf25830bf9ab17,...That's basically what happened. I think this is indeed an ancient treasure...
1401379069,5356bc6a82d1af9766d4bb54372f1c8bec5b66e1ed80855e46fc29a9f53bb677,Can spend Primegy to craft Credits.
1401439593,b3b435950442b6027a948d9c8d1eda9798fadb8f7448b5f443971535f2692b94,"Swings the sword with force. On hit, removes <style=Hint_BgL><link=""source_8019""><u>[Blade]</u></link></style> color by 1 stack and deals extra damage. A Green Blade follow-up deals damage equal to <style=Hint_BgL><customRichText(calcData,ability, 15640200,param1,1)></style> Might. A Red Blade follow-up deals damage equal to <style=Hint_BgL><customRichText(calcData,ability, 15640200,param3,1)></style> Might."
1401458356,e1b778e924f303c86a72f876508e00ded59dab33ed2e25a04199f9741187ce36,Illusory Basic Vigor Chip
2133098130,e1b778e924f303c86a72f876508e00ded59dab33ed2e25a04199f9741187ce36,Illusory Basic Vigor Chip
1401526198,56222aded6777679aae8325845a831b574f2ae9155d7a1dd696d3a2d58191290,Well Water
1401535403,84219ee78e808d9050f02b95ec0357a0c9f327f96d784e3dfc101dede6d1f4e0,"Reduces damage taken by <style=Hint_BgL><customRichText(calcData,buff, 2118706,param0,1,%d)>%</style>."
1401548543,5176b1ce7f55a4d4fcba5979a068ff596403ffa426b8a5350262c95e83a3563b,"A weathered stump wears patches of moss, bearing the quiet marks of time."
1943729733,5176b1ce7f55a4d4fcba5979a068ff596403ffa426b8a5350262c95e83a3563b,"A weathered stump wears patches of moss, bearing the quiet marks of time."
1401562011,04667cf12e438dd0efd6129a69b7147577253de228fc9c6d1eab05d1376d5d29,Collect Voxel Coins!
1401565358,cbd57b557b8dcdddd59d729ef0a3fce1dc0e1c9087c2a833f6e73603c9f43861,You’ve caught all Aniimo. Head to the finish gate to complete the tutorial.
1401598555,25781de3e2e8e81610ea4c9ff899559d3b99d730a21eac209a4ce9401d40a855,"Each stack reduces Earth Resistance by <style=Hint_BgL><customRichText(calcData,buff, 9143302,param0,1,%d)></style> for <style=Hint_BgL><customRichText(buffConfigData,9143302,duration)></style>s. Max <style=Hint_BgL>10</style> stacks."
1401620841,430161678e277a0092c0f2457852c3d59f53bbf8f7f6e5b012394df4cc26a854,Day <b><size=72>{0}</size></b> — Claimable
1401643567,7dacf86761892973f482c43dc44afa19bd7e5ce74e3cec907109d12bbacd2095,Woo-ee! ♪ Ha-ee! ♪
1554622415,7dacf86761892973f482c43dc44afa19bd7e5ce74e3cec907109d12bbacd2095,Woo-ee! ♪ Ha-ee! ♪
1401645613,e09f1feb18a4359acf66d21101f07f66dec84238906967289f2b4a324358dd9a,<style=Hint_BgL>It appears that the construction and the statue</style> can be pieced together. Try to find a better position and angle!
1401681895,07fe04454377bbf56aca2ffed87a8f5ff84fcd3e45823167162a75d619553e5e,Can’t move! Zzz!
1401699027,329ef82d3e4fafb981ffd004ff88b668233cbf4e870f6f0fb9c9fd2632c212e1,An oven mitt hook for your Home.
1401705777,1f339af3dd6ef81d6823d2ecce3b384325d66ec022f1e29d158a5021c30c4593,Invincible Helmut
1401737310,3f14897c8f362f6f5f174f55e67ed4dd74c9e554d7b1b271fa49e964b102b5ce,"After using <style=Hint_BgL>8</style> basic attacks in battle, Inferlupa enters Full Energy, enhancing its next skill. Damage dealt by that skill is treated as basic attack damage."
1992846131,3f14897c8f362f6f5f174f55e67ed4dd74c9e554d7b1b271fa49e964b102b5ce,"After using <style=Hint_BgL>8</style> basic attacks in battle, Inferlupa enters Full Energy, enhancing its next skill. Damage dealt by that skill is treated as basic attack damage."
1401752736,65aa8ea059fab7e3dbbf9764e502cee88e4b4e317f4835da89b4c6fb19884549,"No, the original form is cool too."
1401773387,babb944a8a7436a5f1554a68d7085d5986607338824e8b3417925d5f73405922,"Kind Heart-ant, could you go help take a look~?"
1401786083,f35328d8cd5d10873da5f9fdb1cd759d15700eb5496993aa91664a82dccefbc7,Accessory Slot Unlock
1401802323,d01476dfee7ed2dee611b28a19a40ed4d4ef7213707e981145ce97094f47f538,Loaded
1401836818,d3c14d0690e0919d46b43ac553bc0453f257f7b8134330eb095e695ae3ca5d42,"I've forwarded Ling's ""Bloomville Travel Journal"" to you. Feel free to check it out if you need it."
1401841363,a28d230a17d6e04b639b6fec7b1b4d9ec0260a872fc26a40626eb816097e6ac6,Ember Charburger
1634822543,a28d230a17d6e04b639b6fec7b1b4d9ec0260a872fc26a40626eb816097e6ac6,Ember Charburger
1401848985,5ce0c061ffc78307c6d335fff898d7682dc60ec3b67dcb712e58d4e8455b914d,It’s got me all hot and sweaty... Let’s have a cup of iced coffee!
1401857986,477823521b0007641e034d67df43ce8003abe525379a893cd466d7257548c11b,"In Command Mode, if there is an attackable locked-on target ahead, use the <style=Hint_BgL>#kHud/NormalAttack#z</style> to give a command. Your active Aniimo will then fight automatically in the <style=Hint_BgL>direction you command</style>."
1401936001,9972eb013ff1195f22c39c5ebd7e4bdcd0ce2054cae46eb1d61628cd7cd611f9,Holographic Trial
1401950735,72199ea0173a0e65e95736c627e2e79759f578f1f7a70da325e46bb3b0d99741,"Kui kui... kui!
(Hand over the food!)"
1401959426,287d07a13a3b50119192984608e9d2d25b8e6473b8cecc35e4086ecd1a57ac0a,I come to the square every day to help Astraeans learn how to adopt Aniimo and care for them properly!
1401979564,8beee9e0c0ac24112877299c0edf629b6c60a07a4a5290ac160758f6c499a76a,"Search the ruins of the Lost Isles for the entrance to a <style=Hint_BgD>Lost Sanctum</style>. Venture inside to find precious Aniimo eggs, then escape with them by boat.
 This is a test version. The rules and rewards are not final."
1401985469,355bee4d9dff6cd520f2e3e3aa63eb76839929829a4582b2db8eeb19ceb41883,"Did you know? Flowers can talk too. If you want to learn about them, feel free to ask me anytime~"
1402037505,2f5a6e902bb820fada3428c11758d26f200edddd453afdcea532d16d265c583b,"Thank you, Dr. Lewis. I’ll remember that! I won’t let the Institute down!"
1402068920,ea5bbe265de530b263a19bd4abf5f84e2f0001a4a0f757d3c6b27a3f35026aba,The Aniimo {0} we raised together has evolved! Come and take a look!
1402094676,0066b8d6f3ef00b9aba0aa0d425537d223a6efaecee6bec2f5470031ae4caf82,The other player is offline. Gift failed.
1402107433,f8516e264d5203cd8fc419ef134115160e43892c7669196cff6e5714b42d3e7c,"A Training Style that boosts Ultimate damage.
Increases the chance to obtain Surge Gizmos."
1402123214,132624abe8277827ee754560dbc7461f9a52f821c07a2be90289c71b0d5758e6,Your Aniimo Storage is <style=Hint_BgL>full</style>. You won’t be able to catch any new Aniimo until make space!
1402153984,188f9d48601845328b7e0636f1776eb8719ff5c67c926d1e7415719e9f433216,Free Companion Handbook Level 11
1732084369,188f9d48601845328b7e0636f1776eb8719ff5c67c926d1e7415719e9f433216,Free Companion Handbook Level 11
1402256859,98b28d75db32fc4dba70922e754d4ddd3b3b6de203aa230a3307ac7b1405c935,"We tell Nicole what happened in Lumenfly Valley.
According to her, we simply vanished without warning, then suddenly reappeared..."
1402258336,c468fa354570430396affc87790e0b31bd7a61f7ddbb720adef167e13d4a2e39,Zzzz I’m so tired!
1402275045,8fe55cef8cb1c5d7f930969e8d08ad25ee77b20138046fbff2025c76fffbe36b,"And now, you’ve not only completed the investigation of the entire area, but handled every crisis along the way too.
Your name’s all over the Institute’s reports and thank-you letters."
1402284241,d59e4f006d8bd657a92fd91cdf4893baec91edd54a440c120122f67504c593c0,Select Makeup
1402306404,8575a021db88eb90fa558209fb1904093501b9407aa24c1d758655dad1ac96c8,Lemon Tree Seed
1402342954,e37412d4d07a242ae7923a38144b0d2cd7e0efb92b75eeb28645b92ba7ec3b95,Exit repair mode.
1402347218,721a9f28e7249f58ea5ae336f5b3996760832a5f77629c62c935612990796ee4,Material Synthesizer (Level 4)
1402361332,6f1807ccceb56dab59c550e2c0f880f52fe767883a6bb6d9ec928762bd644a22,"Fires <style=Hint_BgL>3</style> homing stars. Each time a star damages a target, the user gains a <style=Hint_BgL><customRichText(calcData,buff,210120400,param0,1,%d)>%</style> Damage Boost, stacking up to <style=Hint_BgL>15</style> times."
1402373177,5b9431dad9a30c9f3ccf97f92eaa4d1c5d8c456bf4181e9a7a95a6a0f79c0012,But I made this appointment three months ago!
1402411670,c107e8a04ebefab785cf25b115da55c47087725185ec010fe1b024f0ebfc5355,Press #kCatch/Focus#z.
1402414383,7766e1a53b924236a3f7fc70f25a79423aed4ae0a78cfc357ee22eb89dd926c3,Steamed Vermicelli Roll
1402429221,76dde3ab9c8f93aea40d12783e1d96c34ec14e442fe646f1994171cfcabd5c7c,[Field Notes] Unlock a New Entry
1402449238,60a16c48cd604b3bfa4e07eed3b7b81704baecaa0318bea69382c98c9a7bc1bb,The scent of dreams...
1402469355,a28d69861cdfa1c1cd9b825eb082b7257a6310fc50662d78b8f0d60015c73679,Clear any Basic Training stage on Hard difficulty 1 time
1402512851,0f676584af2dd5212d40c5c24ee4444bafeb58fb8759e6a6a6f300333edcd568,"Don't look so innocent, Amy is the Chirpi you just scared away!"
1402526500,0dda16b3892e043ebc5dbe229979c6134f0338fb6bcda6bda5ce8f5c2047e9a8,Some break under loneliness. Others are hardened by it.
1402612108,fdfe4067cac0872607e5da042f61018b48d57b59b560cf97c47534ca446c32c9,"Automatically walks toward the target that inflicted Charm for <style=Hint_BgL><customRichText(buffConfigData,2135202,duration)></style>s."
1402614045,dae7c7aeb6a2a9770d65d7ead3a5cf26394ae37f2c03b36edc56c3bb88054604,Waaaah!
2101083026,dae7c7aeb6a2a9770d65d7ead3a5cf26394ae37f2c03b36edc56c3bb88054604,Waaaah!
1402617180,928c90f7f1c6f60467be30abb0be6ad83def15a5f9464ef268b99c3649b2f710,"Oh, but you still need to do a cleaning. Hygiene must be maintained no matter what."
1402631726,81436d7424e0d3692f710940b9e85a5390aadcd011d6357577802ae34fce894a,Explore the maze to find rare Eggs.
1402645690,45d6f7570f67ae4cf0e85867a29ef21fa0d7c8269d3c78381bb4be9aba226b84,"Very well, in that case, the Academy respects your choice.
Farewell, #playerName#. I hope you and your Aniimo can live the life you want."
1502335675,45d6f7570f67ae4cf0e85867a29ef21fa0d7c8269d3c78381bb4be9aba226b84,"Very well, in that case, the Academy respects your choice.
Farewell, #playerName#. I hope you and your Aniimo can live the life you want."
1402685701,669be10f2fcb4886c4482f2f0a5360a9b20c9fd02a6a9cb01fb4c3cd7785a426,CRIT Rune
1402727627,57f0cbe8bd4e85c3618d635dc28a167bd2faaa2bf2fb90be797abb2e273295f4,Celestis’ Meteor Festival
1402749572,4857df905bc971768ea37c86c56652005bc442a325e6e47aa195bc1ed414a2a4,Cutie-cutie little Cozite...
2137839215,4857df905bc971768ea37c86c56652005bc442a325e6e47aa195bc1ed414a2a4,Cutie-cutie little Cozite...
1402752534,52250796e3009d36d38cac28963d195e80de8a5b0a27701e77473cf696486606,Unlock 4 plots in Home
1402805528,0342948be70878216e1457e74cee9d93fbd15e9ff394c0a008d474c29f1168eb,"Page 99
Recording the last voyage of Hayes, the seafaring Pathfinder.
...This will very likely be my last voyage.
I can feel that the ship is sinking fast.
No more books to throw into the sea this time since I’m too old for that. :)
The only regret I have is that I never learned how to generate electricity, so my lighthouse never understood a word I said.
After so many years, you just stand there, looking at the sea.
Do you simply love the sea too much, or are you waiting for me to come back?
I guess I’ll never know the answer... but I think I have the answer myself.
Sorry, my magical lighthouse; the place I’m going this time is too far away.
I hope you find your own faraway place to go. Don’t wait for me too long."
1402808904,c5498e768c569ad39b8f3aeab758310cd3fcc49a18b2ed955060c14671231c17,"Wait, hold on, Grandma! You’ve got a crush on someone other than Grandpa?!"
1402814496,a6d20aa6a4c73f0d2eb57088f6d57ff3e8ef6fa0c4e726b6a6b7d31a2e587662,Rain
297244917,2221c5b5fdfc9ee1fc4d24a168ee2227397461037976024f6cbc7a48b1e7b193,Break three mechanisms to awaken Irelia.
1402822910,2221c5b5fdfc9ee1fc4d24a168ee2227397461037976024f6cbc7a48b1e7b193,Break three mechanisms to awaken Irelia.
1402825744,0342b24224fbc8341bbe44090371c75f9a0ebf56c44409d2075a1553e8277968,Did you see that?! Did you see that?!
1402826777,dce2d95b9a76e7879e55a26a9e44284e75a275ec3c5252180337dccc02902ad9,Enter custom fill light name.
1402883278,4f04045312431d7dc8f1cb8a942c9e8e4bd690efe845a1ef83e540fa55033c72,...That direct?
1402935534,3e17cbff17d319a1457776a379bdd714098c7a72113512ffc90a275ed2b8cbf5,"...Fine. I’ll put in another request for you, but please take better care of them this time!"
1402941236,e284e8f7723faecae8c3249d06743d7385463dd6d05cad3262fcdfd388037552,"Fragranciers smell like a combination of flowers and nectar, and nearby Dewies just can’t help but follow them."
1402948684,a133d7d9322ffb97daa80bf1e7870c99a1021acec367a5e6a16bf7d3e0e20231,Eye Makeup 25
1402961535,b9301d47cc2e51638fbe2ff0349459f9a6cbb5a942b990ac786ff9086edfcf8a,"Yields <style=Hint_BgL>a small amount</style> of regional specialties, and Carried Items of up to <style=Q_3>Rare</style> quality."
1441212908,b9301d47cc2e51638fbe2ff0349459f9a6cbb5a942b990ac786ff9086edfcf8a,"Yields <style=Hint_BgL>a small amount</style> of regional specialties, and Carried Items of up to <style=Q_3>Rare</style> quality."
1712574062,b9301d47cc2e51638fbe2ff0349459f9a6cbb5a942b990ac786ff9086edfcf8a,"Yields <style=Hint_BgL>a small amount</style> of regional specialties, and Carried Items of up to <style=Q_3>Rare</style> quality."
1988874577,b9301d47cc2e51638fbe2ff0349459f9a6cbb5a942b990ac786ff9086edfcf8a,"Yields <style=Hint_BgL>a small amount</style> of regional specialties, and Carried Items of up to <style=Q_3>Rare</style> quality."
1402993126,119e0eef506976318595a8ad594ae009f2bb95d90f7fa458c704f4c5822e3517,Gemstone Dust
1403012475,3eeaff63f8f8e0eaad358e2e3795a4c20630254e74dcb0512d655a0906617694,Hng!
1556618090,3eeaff63f8f8e0eaad358e2e3795a4c20630254e74dcb0512d655a0906617694,Hng!
1403066492,648fb3d65156e938478a9addd3f99344c4fc3a58f66c5c83109637efeef994ee,Consecutive Catch
1403079525,d78d9763a27067c4ba4fe651f95006e480d22dd7a183213dfaeba17709e50d42,A Chainbot has appeared! Defeat it quickly to free your teammate!
1403087449,d6ab2fa020f857f13d60643445c6e111c9aca51045f1d10c64e64139a98442b1,"Extremely rare Captain Spud with dual mutations, enveloped in a rainbow-like glow while having exceptionally large and plump roots."
1426057989,d6ab2fa020f857f13d60643445c6e111c9aca51045f1d10c64e64139a98442b1,"Extremely rare Captain Spud with dual mutations, enveloped in a rainbow-like glow while having exceptionally large and plump roots."
1403099405,0b8489d2a1185989602f2b32a5ba13dca17b0eb16904f2f2eb2e94dc5ed310d9,It really is whalesong blossom... This warmth... it’s exactly like what I felt back then on Echoback Landing!
1403144604,39cff281f9e1ada69b596c10b02f6acfc858573c4af460f062ae54ba5cf194c4,Joy Wheel Loom (Level 2)
1772878847,39cff281f9e1ada69b596c10b02f6acfc858573c4af460f062ae54ba5cf194c4,Joy Wheel Loom (Level 2)
1403190191,6ace9a076c5582ba80ed6a1b339e9e03f4baa73f30c13aa1c2b1781649afc317,Call of the Pack
1403194626,18248d3825b5a21c2a84ce6b0b02445ee0f98d2ffd0fe958efe4247d9970f04e,The private Park you were in has been disbanded by its owner. You have been assigned to a public Park.
1403206146,550a5f2a383dc564ffbbb37e0bcc452f43a6cce0d21741b2abf418d75d8ac1ef,"Our organization arranges events, manages human resources and supplies, oversees archives, and maintains all on-campus facilities. Please feel free to reach out to us if you have any questions."
1403240437,5ec0be2017882cea2ed8d37e4969738a0adba1d0544d523d8aedb38facc6d152,"Used to teach Aniimo <style=Hint_BgL>Rare skills</style>.
How to use: Open the Aniimo menu, press on the Aniimo you want to train, press the learn skill button in the appropriate skill slot, select a researched skill you’ve unlocked, and consume skill stones to learn that skill.
<style=Hint_BgL>Defeat Alpha Aniimo or exploring Idol Ruins to get</style>"
1403241484,00c02130a9d26c58c485352910ccc325e10a18caa00136e4af1c93cd4aa88523,Help me find shinies!
1403246375,6605691b6f803601675f45414e95514197872e8f7c7733400045cb55d2813f2f,Freaking awesome
1403296730,393097ad4784e7e2eb2cf64b878e470629c052856261597cae6bcf07c3467b3d,"[New] All members lose 80% of current HP, 3 random Equipped items"
1403342668,65290e584a1f4662c7a0ebefba0d14c933c949ac5f4b397dc535a2e8cd4aa170,The <style=Hint_BgL>bonfire</style> ahead is blocking your way. The <style=Hint_BgL>fire</style> can be put out by <style=Hint_BgL>water</style>.
1403347114,29bc9a91d67c3b72712d33b2fcc860a9efaf43ceb70379c666b45faae7a8393f,Exclusive resonance material for the Skippy family.
1403367154,3680d80e953524ee5159296b6ffe8333087a80d1c43c1f94dc20c8a370523c84,Sanctum Duration Damage Boost Buff 3
1403375450,a159b122f345f403a477d32a1d965093621ee0f0ced0f3be4e8803493221940b,· Voice Signature
1403395767,a498c572f0bc25578610efb7548f30b8ac2351f336c365896daeb7fd6cc30c5f,Icy Gravel Dance
1560915962,a498c572f0bc25578610efb7548f30b8ac2351f336c365896daeb7fd6cc30c5f,Icy Gravel Dance
1403409043,1498036771a4b1fd15f614d336e7b954875919bc6febc09cd1b8b704fb00e541,Egg breeding preview
1403467938,6bfc2bea1e3085f043161056a8b4c563371e13ff2613aec2d71c7a73f64a1080,Unlock the Legendary Where Gulls Sing badge
1403486234,a580f8ab4415e155b344ba99b170e5c53e060441d8c26605bcdc6ef44240a36f,"Most regions of Idyll can <style=Hint_BgL>accumulate Prismatic Energy</style>. To do so, <style=Hint_BgL>catch Aniimo during Wild Surges</style>. As a region’s <style=Hint_BgL>Prismatic Energy state</style> rises, higher-tier Aniimo become more likely to appear!"
1403514474,72feb87f85414b3b2f2bf48c66e70a133ffd2e99bbcd12e8e62098cd11ef686c,Verifying gift...
1403548392,c716979f8226687a263569122c073074928ff102e531f02732e8c0216ef82aab,Place Furniture
1403574785,f104ef5c1e0e794f287e411809d25f7350afc800040c5de1001f10d8b4c3bdc8,"#playerName#, the temperature control unit’s ready!"
1403606899,6312999ebdc219bcdba84a2cef2db6b3ea68184498daade8239bb4423c21e2df,Transmogrification: Ascend
1403623762,7f1eb13b332b0f186b324d2dd1eac4cbc21baf605e5563582bc0c5104b81f041,"The production area is a bit far from the Homebuilding Zone for the Aniimo, so they probably won’t wander over there.
But while they’re spending time in the <style=Hint_BgD>Homebuilding Zone</style>, they’ll produce ""<style=Hint_BgD>Bud Tickets</style>""!"
1403629896,220b0da66fb7df6b31c9173143cd0aef157ef778fecaa63ae4cb6973acb5fc49,Have you come across my Hummin children? Those playful ones wandered off in the forest!
1403630889,eec7e7e6e05a13d699ec2a2d1364848a70b4cc54b776f338c80cbaebf6b70363,"Hardens your body, increasing your P.DEF by {0}% for {1}s."
1403733281,00599b9ae1d0c65bd0948b66c0a48d3ba46f72151547f583a0477ac036c27204,A photo of a fluffy Nimbi smiling sweetly as though it were greeting you.
1732525733,00599b9ae1d0c65bd0948b66c0a48d3ba46f72151547f583a0477ac036c27204,A photo of a fluffy Nimbi smiling sweetly as though it were greeting you.
1403739193,0f6605c365acdf862a75ce84e767c64f0643309e4d3a20c89f209b0597248c5a,press #kHud/SkillQ#z to throw a mushroom and make the Aniimo grow!
1403789544,7697aab945272e1997e2d61bac83797199512dadc578a80e87443b922481631f,Leave the team leader’s world?
1403817397,2ab691380975931ed1b0331c6572ec764315a9e389c49ead2d9c52ebb7266b31,"The Aniimo craze is here to stay, so our company would like to expand our reserves of supplies to meet market demands."
1403833537,e8fe7c419644f4e8376b63ffcdaa5550463abb2e7d0a6999715c7c9549bb97c9,Twine with Erlath and approach Fahloo
1403864652,748eac075f79c236aed6c7eb45133f14097adb553af7265eb5122d1f9bd6ec6a,RV Lv. 20
1927254992,748eac075f79c236aed6c7eb45133f14097adb553af7265eb5122d1f9bd6ec6a,RV Lv. 20
1403869713,3dbaef63892142582bd7d884bd96dee4d97e26462a9c5bf2b13eb4be326f31b7,View Holo-Earth
1403895727,2b65adcdc40a9e5ee5cc78eeacf3dad0ac7d2728a963c313dd02f7cfc1ef2781,"Perfect, there's a Lore book here."
1403902935,cc2476d38ff985b4d877b73ebbcaf704556d77e9028d062b0cb5ee799d6713c8,AniimoCare’s adoption program is mainly for ordinary citizens of Astra! We kindly ask that priority be given to those who need an Aniimo companion the most!
1403910328,a59b8ab757f95fd1e581029e346b874589f3fc1d233bc3458afedb798490f1f2,Lumin Crystal Sample
1403910958,0d4185870d8fd2a34b15988ce892ea4e52c864bd0e359752c874be9a1f6fd13a,So sweet... There’s so much left... I’ll just try a little more—no one will notice...
1403953046,764ef949e70357de129afd3674496070e9094fa7cfee3b586340226e89e7ddfa,Her outfit is so gorgeous!
1403962424,1dc9b46512b5a52d242f788fe792cd67cb54fdc947f1dc7ca5956ec97410f362,They even knocked out a couple of my friends! Outrageous!
1403971971,fb337ef448230dc6beeca939afa592a0a2deda6c784b733d77dcf5aa5954b204,Intermediate Fortitude Chip
1600420709,fb337ef448230dc6beeca939afa592a0a2deda6c784b733d77dcf5aa5954b204,Intermediate Fortitude Chip
2134819018,fb337ef448230dc6beeca939afa592a0a2deda6c784b733d77dcf5aa5954b204,Intermediate Fortitude Chip
1404011911,3098249a620ecd6399bc452ee049ab1cce9a376e0b5bf713c3f87415b77e3800,"When night falls, golden shooting stars sweep across the skies above the Tideblossom Coast and Bloomville. People say it’s a blessing from Aeolus."
1404013057,9a13588cf2f398e9fa6af49b4844c5526d54bdc5dcf4f2f0d6d73e50091f971a,You shared the discovered reward with your Companion team members.
1404021108,43cef8ecf49e45aa5e9121fa4ca1a14a94e8b9d0e562c1db6fa63b1e6b15ec5e,Own 1 Sparkling Prismana Scorchhowl.
1404041116,b696167234c4371f55da90644f7f4dce7900865d53d5c91e34b9fa9b59037e60,Wooden Waterwheel
1842608119,b696167234c4371f55da90644f7f4dce7900865d53d5c91e34b9fa9b59037e60,Wooden Waterwheel
1404048604,aa6bb0003a033425f059cb2333c904c10060ceb9f5bf954d1445b72309eb3857,"Come to Tufty if you feel upset, I can make you happy again!"
1404053543,bcfb32d6e233cb3368a6e220ce5fd17295e292232a521b3d68bb0c5b4b1e6efa,Irisalis Shadow
1543166998,bcfb32d6e233cb3368a6e220ce5fd17295e292232a521b3d68bb0c5b4b1e6efa,Irisalis Shadow
1404061158,9bbbe789b6fbec42471d92650f837469574a39a62968bca08f953aa1fef4b1d6,"Wait for me, boss!!!"
1404075508,8f0dd93b67f60d6761ce105c26b540307ae6447739985c4e474e88eb488cf373,Home Help
1953584498,8f0dd93b67f60d6761ce105c26b540307ae6447739985c4e474e88eb488cf373,Home Help
1404087979,a695a4095c01d18417697833c6e759c18243a5f0f18f693ead5d1d8fe250836f,"Don’t run! Not into that grass!!! Oh, this is a disaster... My last penalty hasn’t even cleared yet!"
1404110691,cb65143434fdb692c74f6f70b0aac0b1e52d1fe38c4ba04be43716cffd8ffdc8,Client version too low
1404140967,963dce6cc165c5548edc06dbbd8f7af8463956c216a21bfef026a8bc151bf42b,Reach Wayfarer II
1404193384,12877155fb52c799e5f13d57e1549221cab667b206d9fe4d23dd56b92a6e81a9,{0} uses remaining:
1404199179,fbdbafb83f89b05522833ef9a38539b67798acceff0ac8bee18c7cc6a0f0d1df,"Oh, sure! We’re just a bunch of worthless souls—
trapped here on Thousand-Fang Ridge, where only
warriors ever get any respect! What a joke!"
1404205896,c9497b62518e072be62f45078f6effdf6e3b47235d034ae3ff27368f870ef1a1,"Sweet and tangy strawberries cooked with sugar, turning their vibrant essence into the perfect finishing touch for breads and desserts."
1404210426,6bede0fb5c7aae6d779fe151772290486726a57204c252288928e51c6b76c2ec,Warmwood Whispers - TV Stand
1525198944,6bede0fb5c7aae6d779fe151772290486726a57204c252288928e51c6b76c2ec,Warmwood Whispers - TV Stand
1404241246,714789117862994e40d4bef0ac750561c14042d6721b36ee40c5721514b01cb6,"While chatting, a group of Helmwhelps bring up the legend of the Infergon: a ball of red flame once burned atop the mountain, and the Infergon appeared after it vanished. The story goes that an ordinary Helmwhelp swallowed the flame and evolved into an Infergon. They do not fully believe the tale, but they still find it thrilling."
1404252589,96aaff9bf06cadfe515dbc68a0db10ca763a9a83b32bcc69525f07a0d9eadfa5,Am I really not cut out to be a perfumer?!
1404261357,597f1e81b912c2ec19a56ecd9de61765e0b59d7f22ffbe65b302808f30c159da,As equal friends who share the world together.
1404311580,8a13eaad97f8b46a4f6f2cab6d67b85cee9929b45718b973dd535b61f8cfe222,Wasn’t it a Pomegg gathering last time...
1404327855,169ea96a2cc0c2dc4c60d32490ea1fc928579279becc01f3b75b5308888e1950,"Aniimo training only improves an Aniimo’s attributes, it won’t provide additional traits. Correct answer. Next question!"
1404359805,856cb271b542a4498d4957dc8a16b363d2d5578e7e3f864b9fe5178b40ac88d5,Surprisingly tough. It also looks pretty sharp.
1404365822,fb05cd2475e858a99c5a6b27ca63bb08eba7c09a8e39d7df3d8049189a4002d6,Chosen?
1404373871,96c660dc0b34405148faae357d8559d6b5ee64dd1a46bfcb6f3fd4f040e3b001,Close Chat
1643543137,96c660dc0b34405148faae357d8559d6b5ee64dd1a46bfcb6f3fd4f040e3b001,Close Chat
1404385994,72d7fcc2e833d6d9ef4dd418c1f6bdd3e5c879eb6dbd6458b3b0a30f431bfe2b,They’re drinking a liquid called ■cof■fee■■■■Is it for replenishing ■■energy■■■■What does it taste like
1404430133,5fa91132c88f526980cb8f01176c6a516402e215c79c903f0a56c52e2926d786,"Cherry blossoms mirrored in water, stirred into soft folds by the wind."
1404432893,9ee5c220fa498755286ce661d461379fb4596bc38f01e07974ae4d241f7af303,The Dance of Blissful Bloom?
1404453907,555d10a01719fafbb2ac054b166cf650df46af8ca3278d884a019f8fcc37910d,Relatively introverted
1404535782,8af7e355213c05e2a4dd41ae61df7379c6ec765138401388ae28f2750f788f5f,Ironclad Armament
1524134372,8af7e355213c05e2a4dd41ae61df7379c6ec765138401388ae28f2750f788f5f,Ironclad Armament
1404599793,b376e83c7284f5b7bc8f97e7f4224a55fa92ab8c0e88f11ed18663c8d686e665,<style=Hint_BgL>{0}</style> interacted with <style=Hint_BgL>{1}</style>’s <style=Hint_BgL>{2}</style> and got so excited that it dropped the Voxel Coins it had stashed away!
1404604800,193f62ce650ab6a2b4e34290b0540eccad052b7c5cecb093084b3f0a60a230c9,"I probably won’t get it, but I’ll listen anyway!"
1404618396,80cd864aaaa22b55be358999a75a1a1f5c4a0562c0181a6704db7fcdae463e59,"Gains <style=Hint_BgL><customRichText(calcData,buff,402001501,param0,1,%d)>%</style> damage amplification, up to 50 stacks."
1404632158,13930ad196434ae624305aece60d590f3a834318e7d2c6815fa204c29cd56556,Combat Training
1404665187,7331b0f106f7e652b642b681fdc1223e4bfda632d535633af8bf31de140e7ece,Yes. We must admit that the Academy's knowledge of the Idyll Continent is still very limited.
1404712265,7f2302c86d005fed4397eef4134c2c03eb6324268449f5cf97595e6307942c31,Hmm.
1404797860,38b722e206c414c1c3b975af7521a70446daa3dc2b2f2e67493b6c3f9a209d37,{0} Gifts Remaining: {1}
1404800101,74432ca1c3692891600e5b027d80cc83ba95a6f2fe91bb911d1f3b5a8e5ed6de,Switch <style=Hint_BgL>visibility state</style> to control whether walls and objects within the current field of view are displayed.
1404810794,637622f561341f72b37b2ba09c108a39e370eaecf64497f707886ddd9d4de5e6,Swipe the screen to rotate the view
1404820362,21c302af075e5e202bb39d9e887a9a7e2010ad8dc2b4cd29b633c6959b05e06c,Tutorial prompt (placeholder) tutorial
1611108175,21c302af075e5e202bb39d9e887a9a7e2010ad8dc2b4cd29b633c6959b05e06c,Tutorial prompt (placeholder) tutorial
1404854102,a4edc31d3d06df6097e515c768f1ab48204485d5abf0fcdad178c912a71c9889,Battered Bronze at Rest
1404876391,05ed49f7312c31f4fba3d222f1abdc260d98dc236ab66fb583142522093ed4d5,Floral Glow - Cherry-Blossom Afterglow
1404904973,e43b66d77d9ce18579a07999f0d84cc9c150eb4318512bc84de094bdf74e1d55,Helmie’s hero is here!
1404918474,151361e6830d272ec49a5921c993270d79acdb315cc45f56f5200d00b2c1cff1,"I’ve been training on this track... faster runs, cleaner lines... fewer mistakes."
1404923861,09ee00b5f3f9ab5a5c6a0f2105b1808804b3b7014a0363e70529e54ab1102518,Lunara!
1404929979,54b028fb6f0958e7b4f36545a544a516d578c3103bdd1a02c5a6981e35531d8f,This is a reconstructed model of the aircraft Oswen piloted on his return from Idyll.
1404943812,2d1362e36e2c303c8aa2f34734e5b15691f79af34f25aa466665ddec08f329ae,Lost 800 Simulation Training Points!
1404956910,8ec51a5b596e35cd92fc1b42ba1b7bdca6a44aa2bd133042e1d46ac5c83a69dd,Aniimo therapist
1404958769,3a438743162ec60ea6e8da549950b634cbd3b0c6b95e394a804a776c33591c5e,"It really is the big cube! It's actually awake!
And it's really angry!"
1404966584,06321043aa22a2b7da8476ee0e52382da96aa24f8d6eb7e835a02e8143bb440a,Imperial Jade
1528238618,06321043aa22a2b7da8476ee0e52382da96aa24f8d6eb7e835a02e8143bb440a,Imperial Jade
1997534995,06321043aa22a2b7da8476ee0e52382da96aa24f8d6eb7e835a02e8143bb440a,Imperial Jade
1404975225,87e03f8cc80c00c98776be6b1a48419eaa2f9f76ecc91b017ea40f86aacc7afb,Trial of Grass - Challenge
1404999309,1725ff8b59102634a6cb020dcae278c0758c68192b5151e49d003576ff3189e4,"I may not be as strong as the last Sherro yet, but I’m definitely not worse than that chubby Susuta over there!"
1405012249,e6f1f1cf0505fb6fc51ec11cb35bce07495fdc8b22eb68da3a7b14b9c97b5893,Use Pound to get tunneling Alpha Minespine out
1405016089,613b282d065a121d5793ed67d0a166959b1e02740f377a062689fa6df2703ee5,"First, I’ll start by stopping Kim from shouting ""take care of yourself"" every day..."
1405070463,5e462ed0a81c4b7c8c312c8585104aa7f00acc3054e4118b5d09719641eb5956,You mean that giant yellow leaf?
1405076019,854d6fcd390af818e332b9282df69105f4cb89380c51d855c2e201c79b8141f5,Beach Egg
1883085655,854d6fcd390af818e332b9282df69105f4cb89380c51d855c2e201c79b8141f5,Beach Egg
1954751188,854d6fcd390af818e332b9282df69105f4cb89380c51d855c2e201c79b8141f5,Beach Egg
1405083725,620f466e886279136320759f9132bbfa5eac25c3d16a2aecf653dcb38d1dea2a,[Violation Warning]
1405103436,76f608cda066d91b2f6aee83a0bd174aeda1505f6622af7ce368b37622004fde,Affinity Level {0}
1405161146,2ff01a5c7e54c349b8a7beb59ce3bf61286aa2cc7f8a608867b506e44837c1b6,(Recommended)
1405169985,cb085495d33a7534c5eaa052e72d088ecc4562e41d1d70ac07bf30425ab51eb9,"No need to be so formal. By now, I bet there isn't a single person in Astra who watches the news and doesn't know your name."
1405186429,bf694adc77beb4e05db3f54109a8acdeab0543de88189e6c8f994e47b3c74819,Reset Awakened Capability
1405289855,fc395ff756c37f33d2bc1f3ad7acfaf8560e055bae1c33cc290b8ec5b8c22aea,Departure Sparkling Egg
1405315959,b50918a53d2e0fec15f4c6d2272c2fc1c126810a681dbee9c016024959e33e9d,Nighttime Flames
1405340885,de2ed43431f76948ab2aa80b77229ac61258d1d2b0d84962d89a811142ac9e62,This is the longest we’ve ever been apart...
1848406958,de2ed43431f76948ab2aa80b77229ac61258d1d2b0d84962d89a811142ac9e62,This is the longest we’ve ever been apart...
1405364362,f77e48fb8af2b86ef8477dfeab62e1c960c5ce3395e15ad0f008ac434121ff1b,Hmm...? What is this strange feeling...?
1405379530,0030e4cd8ab5f4ea09105e55421a3bc59b5addd8b66f6cc9ce0ff89b4bd5da37,Gameplay Guide: Helmut
1405380264,e6f44c282923d4e77131ae1d7adccfa75a6c7f188a8479af6966c94992e89e88,Waiting to Evolve
1405389913,6c8f55a15d77a485457a0dd7c4669074cf36ec3ae4b7b2ce5db01cb3ef01e53b,An extremely rare mineral with a lustrous white metallic glow.
1762469884,6c8f55a15d77a485457a0dd7c4669074cf36ec3ae4b7b2ce5db01cb3ef01e53b,An extremely rare mineral with a lustrous white metallic glow.
1405410718,e9be54c514c23b25c97a3ed2de6c3ea1add77e8be0355ad2669f366d40197e7d,"You can now place <style=Hint_BgL>17</style> Aniimo in your Home.
<style=Hint_BgL>New items</style> are available in the Home Shop and Furniture Store, <style=Hint_BgL>with more advanced production facilities to be found!</style>
Increased <style=Hint_BgL>cap on the number of functional facilities</style> you can place in your Home
Purchasable RV components: <link=""item_4040013""><color=#5090df><u>Resource Detector</u></color></link>
Purchasable RV components: <link=""item_4040014""><color=#5090df><u>Crafting Module</u></color></link>
<link=""item_4040010""><color=#5090df><u>Rest Module</u></color></link> can be upgraded to <style=Hint_BgL>Lv. 3</style>."
1405452201,21e0438b645030d535c4784d31b1735ba209d88cf1b85afc9e2f45354b99c4f4,"You’ve been circling around me like that nonstop!
Did you need something?"
1405519986,6473562d899e3878f165bf72457cf1af5b631d30fbde1901c3b18b76fe6bcdfc,Solar Grace
1733108889,6473562d899e3878f165bf72457cf1af5b631d30fbde1901c3b18b76fe6bcdfc,Solar Grace
1405564495,02151433b75b46db1cc30d8ee5aa13f21eaa362c461ec15865abde8165cd752e,Voxel Cube
1604256716,02151433b75b46db1cc30d8ee5aa13f21eaa362c461ec15865abde8165cd752e,Voxel Cube
1855606012,02151433b75b46db1cc30d8ee5aa13f21eaa362c461ec15865abde8165cd752e,Voxel Cube
1405568936,8067f6de838e0be26eb2d4c74be787bd5031a17b27a793a603b190a5676c612e,Wind Chime
1405570523,a0db9364bd62c1fa4ee32a9a056805975cd504266b4e61dac148242c79b374e0,Where did Brother Helmwhelp hide the chest?
1405644860,ce8546c6b13c1e321ef3ca10bdefb708e4c07e7c6e75a0a9633f8b01f8b1c712,Furniture Blueprint: Harvest Moon - Osmanthus Charm
1405743512,8ce115bf4d4c62a83c87634f727c2d85520210d5a76d5e0c71979f48917c4e83,Reset Return of Attributes Acquired Potentials
1405751595,dc52ba960a1a2eb16dd2afb22aeeaa73d75e0d293d6b5f0b59bcb061ea5d507f,Glacy Headphones
1599288829,dc52ba960a1a2eb16dd2afb22aeeaa73d75e0d293d6b5f0b59bcb061ea5d507f,Glacy Headphones
2006992463,dc52ba960a1a2eb16dd2afb22aeeaa73d75e0d293d6b5f0b59bcb061ea5d507f,Glacy Headphones
1405766108,353703122e9bc5f34afe6d8c3a13819ec3f4aeb1b9336d627203518ecf4060fa,Getting sleepy? My Aniimo is already yawning—it’s contagious.
1405787976,6b3d3e9a27e7e83659a9e16fb9ebaad4551d3176ece7e86df9cc5728f48d4ff2,"While autumn is at its finest, gather moonlight and fragrance of osmanthus into a single box."
1405815474,7b7044029c95e13dc7866beece6e3af883bb8ff041c7e6ed8b5146810433a0fc,That’s great! I’ve been worrying about your health recently.
1405819187,5f2be165524029eb38aeb419aed6d4dc0020bd9d338c6d62fefbbf460aec91b1,"However, these Truffles also have grades.
The Truffles on the Forest outskirts are all very small, and their flavor isn't strong either. They're easily picked clean."
1405820172,2bf021ea98f66474467d15ef05e6bd1ba131842f1e268c798c43e67eb4ae1764,"After BREAK, the enemy cannot move or attack"
1981450242,2bf021ea98f66474467d15ef05e6bd1ba131842f1e268c798c43e67eb4ae1764,"After BREAK, the enemy cannot move or attack"
1405842546,08e95e9d4d14c930cb61ed3c9398b4ec6dd0b04c7557ee041b1a7f9e658fd8ac,"Why... why do I always feel so heavy, baa...?"
1405875055,870a2c01de8c3c2608b97036b8e9c50f11a922cfa8389de1bd344f26a73744cd,"Looking up, longing for the stars."
1573382445,870a2c01de8c3c2608b97036b8e9c50f11a922cfa8389de1bd344f26a73744cd,"Looking up, longing for the stars."
1405892595,d0cc6ccc7a7f73903cd1ab9c346a955ce836f333f52893773fecbe85bc9e5dd3,Pathfinder Abilities
1466255702,d0cc6ccc7a7f73903cd1ab9c346a955ce836f333f52893773fecbe85bc9e5dd3,Pathfinder Abilities
1995561916,d0cc6ccc7a7f73903cd1ab9c346a955ce836f333f52893773fecbe85bc9e5dd3,Pathfinder Abilities
2101642525,d0cc6ccc7a7f73903cd1ab9c346a955ce836f333f52893773fecbe85bc9e5dd3,Pathfinder Abilities
1405905485,f3615dbc6bb39a99f8241f9b49e08db642ef8cdb4b51e3a977649afb326e51ee,"Three glowing, Sparkling Prismana Aniimo line up, glittering like cold, hard cash..."
1405942187,7b1c218d607d0ae6347b8957ae44554c1f1f05313b579a10c4fae9c094fcb1b7,"Thank you, Doctor!"
1665983656,7b1c218d607d0ae6347b8957ae44554c1f1f05313b579a10c4fae9c094fcb1b7,"Thank you, Doctor!"
1685953716,7b1c218d607d0ae6347b8957ae44554c1f1f05313b579a10c4fae9c094fcb1b7,"Thank you, Doctor!"
1964516530,7b1c218d607d0ae6347b8957ae44554c1f1f05313b579a10c4fae9c094fcb1b7,"Thank you, Doctor!"
1992507224,7b1c218d607d0ae6347b8957ae44554c1f1f05313b579a10c4fae9c094fcb1b7,"Thank you, Doctor!"
2034071345,7b1c218d607d0ae6347b8957ae44554c1f1f05313b579a10c4fae9c094fcb1b7,"Thank you, Doctor!"
1405942654,f2bca2bce9af591911afdefa32de687815a9bd41680a98033cb06fb3175455d8,Secret Incense
1405968255,984ad5998fc5cd90b749477c85500a85f02bf4c1eb30f1bcbb6d9aca2ab613a7,Harmony and cycles... Deep blue will protect the sky.
1405976841,5abb5dc933f518059b4517f1d8ef0165c53a7dc7e4fa7523b58b441c238358fb,"If I can push down enough ember coals, the pit won’t be so cold!"
1405988237,989d7233733127289f17fcd95db999ed3ee5923799f275f46c0bb1a4c1d4af0b,Try producing goods in your Home
1405989491,10c449a649b3525aa0fc72e9b693ba5502e65a957728b4f84d016e4acb07e99e,<color=#d89c28>All three blades</color> must be watered at the same time for the Bouncy Pads to grow. Try using <color=#d89c28>Call Friends</color> to summon more Water-type Aniimo!
1406070138,6b5e1276a11c97b3e747aa154e884fe1002def4f1bb802007601bcd5c6cc76ff,Building Block - Blue-Violet
2030623668,6b5e1276a11c97b3e747aa154e884fe1002def4f1bb802007601bcd5c6cc76ff,Building Block - Blue-Violet
1406087058,018d9374c08393f482a5ca0a437a5f19cc419f817c4b76a22d722bfeb56284d0,Use any of Dazmand’s skills {0}/5 times.
1406093853,0e5bc61508c6a5b36d1cf6db2306564e0e2b8b1df246616c11fbb4bbb92ca8f9,500 Training Coins
1505354932,0e5bc61508c6a5b36d1cf6db2306564e0e2b8b1df246616c11fbb4bbb92ca8f9,500 Training Coins
2026921858,0e5bc61508c6a5b36d1cf6db2306564e0e2b8b1df246616c11fbb4bbb92ca8f9,500 Training Coins
1406125906,1e32748535531569040bcf33f0e0dad45b5a01c78562119490a63d0904be1861,Placeholder text. No translation needed.
1539922153,1e32748535531569040bcf33f0e0dad45b5a01c78562119490a63d0904be1861,Placeholder text. No translation needed.
1406131056,13519f05edad9a18945bbb3d9654d0497e822972627d41627a467ecc74aeb345,"Maybe Ah'er doesn't seem so ""suitable,"" but bonds are far more important than suitability."
1406132920,f8813dab913d37a8834a10bd8141df7ee5416a5de439e257d231268e5700333f,"At 10 stacks, Glameep will trap you in a bubble prison."
1406137629,22a433fcc7aa451c2c05fe4cfbe3cb54d28041c992c6ac58332f83fc95f0fb09,"...Perfume-crafting tools? Ah, it’s fine, I won’t need them anymore."
1406200982,fbd7b9175e7072ec3be85b930cbd9707c7ac2fbfea4e71b4d23ea0695144033e,"This is a large ruin, specific description can be modified by yourself"
1546482554,fbd7b9175e7072ec3be85b930cbd9707c7ac2fbfea4e71b4d23ea0695144033e,"This is a large ruin, specific description can be modified by yourself"
1406202400,0d487d5b8c453fbb4bdd276421a3932ff117be7dc4d52b88802b52e45788b379,Primegy consumption rate is reduced while Dashing.
1406225405,e3dca278d984529f1c1d706b133a0510de0e008cb8bc5dcde1506588a23b2401,Low-Level Blink Chip
1627605455,e3dca278d984529f1c1d706b133a0510de0e008cb8bc5dcde1506588a23b2401,Low-Level Blink Chip
1819459120,e3dca278d984529f1c1d706b133a0510de0e008cb8bc5dcde1506588a23b2401,Low-Level Blink Chip
1406246308,54a1d3dd589e79e40dfcc35a808a6275d3b279b3364dbdd3397b907246300997,"No, let’s go on an adventure together!"
1406271127,2bce69648a7adf30908d1a81deba7715c2240cd8602088a4e488aba0b35380ce,Collect scattered Lumin
1406278205,f32445a73e56fb696a69e8eb47cf64a2b824fb9252c1e599ac332fe4885b4805,Casual
1803362419,f32445a73e56fb696a69e8eb47cf64a2b824fb9252c1e599ac332fe4885b4805,Casual
1406288013,5d5b2d279e6e0f7a513c077ea19f321e04264459919f62e596c90f6c4feb2aa1,"We grew up side by side. It’s not the sharpest pup in the pack, but simple souls have their own kind of luck... You helping it is proof of that."
1406317219,27c2ccd962c2b8dccb52fe3688ab236f186f7a41fd57d810478712048e9ad3f8,Unknown error
1406323006,d60751e098c744cf3b8f311f29694cc9fe9a93f47e64f46cb6290af5d0d7b6da,"Here are the Aniimo to be brought into the mode.
Pathfinders <style=Hint_BgL>can only Twine and fight with the Slot 1 Aniimo</style>
.Aniimo in Slot 2/3/4 can only provide <style=Hint_BgL>[S Core Skill] support</style>."
1406368619,d04887fe41168e08faab687d0ac85f6af4b48f4d0e4b0a382af352b9172fb737,"The Legendary Windgliders have finally found the ""Freedom"" Score they’ve been chasing, and realized along the way that they’ve landed right back home in the Argent Strait. They decide to stay and keep playing. Every gull’s freedom looks different, they say. But that’s fine, because in the end, everyone arrives at the same place."
1406420187,d861bc2d9f95ceebab86ea241aa5dc72a8095d31a86c05c14089583f4ba02027,"...You’re not a <style=Hint_BgD>Grade I Trailblazer</style> yet. The sea says you still don’t know how to listen. Learn to hear the wind and the waves, then return."
1406439527,db83bb316841f4b52203f95635d3d1b05f62f1c27a45eca6139f82a80034d7e0,...You were.
1406442192,8d65c2a920e77475d051cce41d6377c6f4ed3cd520cd836c6a835c235eeb2fb4,"Brave Fentufts, banish the sorrow!"
1406484183,c501e29c3a8e0a4c5ce15d846ee3243d169ebfcd203aa5140831d727749976ab,Enters the Flying state to evade attacks from ground enemies. Takes more DMG while airborne.
1586069479,c501e29c3a8e0a4c5ce15d846ee3243d169ebfcd203aa5140831d727749976ab,Enters the Flying state to evade attacks from ground enemies. Takes more DMG while airborne.
1406512272,381eb4baab6d8128872162c35a5f6bcdd6c7ffff7953426aaff07e75b3d7af1d,"1. Earn rewards by delivering orders every day. There are sometimes emergency orders, which have even better rewards!
2. As your RV level increases, the chance to get high star-level orders also increases."
1406514750,ef87abf73d4a17293d50ac64387775b206e5b486a2d97c598a2e8e69fa6ce1e7,Appearance confirmation
1406533461,6d86fc1ecaf292d41fa6f2798762e19a7bfad318cd38305f56f358c186ef5516,"Extremely rare cranberry with dual mutations, sparkling with dazzling spots of light while having exceptionally large and plump fruits."
1747484693,6d86fc1ecaf292d41fa6f2798762e19a7bfad318cd38305f56f358c186ef5516,"Extremely rare cranberry with dual mutations, sparkling with dazzling spots of light while having exceptionally large and plump fruits."
1406556689,8918146fbb6f63efa724eda96e6953469b55cd88132537a49ff52c8ccdbf7f62,Light-type Damage
1406580198,e36b56be77ac055cfaed0cbe17ca00233b3db76f6a7140ea5f109727ddd932b8,"Honestly, now I want to buy a pair for my Aniimo too."
1406583657,c89106dfc67e273e1cb571a0a04b3fade7009edc7402d6a267269db30cff7e93,"During the investigation, the Leader Aniimo seems to have briefly resonated with lingering energy from Legendary Aniimo in the area, awakening more of its capabilities."
1406653478,61ede43e6c1421d525b57cbdee81f115ea70bc20d4aae00b9b5ea2b5611c8324,"So, care to try one? For the honey cake, I used sun-dried red caps, soaked them in dawndelion honey, simmered it all down into a sweet glaze, and slathered it on a freshly baked oatcake. It’s divine!"
1406705705,3144bf14d80e060727e4194b0e7b9c8285f69745c7cdcf88f3772c334cc0b026,Impressive!
1406768321,237d30ff838be4e1854764b5a9afaa1d87201469b544f4b6861e951d2975a8e5,Tag (Placeholder)
1406769332,552ce7194aad320222f86e872748acf456d3d3975189cadc3f34dced214d65d2,"flag (0 = GM mode off, 1 = GM mode on)"
1406772351,b5a7f94dd5cb4145aa753dc1aa87960e0146afed9ecce426a39be8a4a24b2d99,Pomegg Snowman II
1608655028,b5a7f94dd5cb4145aa753dc1aa87960e0146afed9ecce426a39be8a4a24b2d99,Pomegg Snowman II
1406778232,e8fefe71d024976d162ab6bdd5fd1c359713346c4040e13dc0877f4c5d7ec3e7,Attach Nimbis: 0/5
1646413883,e8fefe71d024976d162ab6bdd5fd1c359713346c4040e13dc0877f4c5d7ec3e7,Attach Nimbis: 0/5
1406816611,3494f90a23b52a6b98a45f24f10881d7cbaca9a2756161dde0a6c721c292095b,"I understand.
Just like at <style=Hint_BgD>Echoback Landing</style>, the connected Energy is also..."
1406819224,be849d92bf992b8786f3892e764c336b791f345df8a8c02c51ea324bbca7b93f,The Icho took the flames away?
1406845914,95a5eb443fa39f4e8f051d70e935112acc423b605b475684da775f8bd5f6cd98,"You are a Pathfinder from out of town? Fantastic! Then I, Clovis III, <style=Hint_BgD>grandson of the Life Flower florist</style> of Bloomville, request you to fulfill my commission!"
1406881205,254fcc964d5d843d282a333c87f6b5ea9c715d1e51004e8552fb815fb0361d39,Premium Companion Handbook Level 17
2041725155,254fcc964d5d843d282a333c87f6b5ea9c715d1e51004e8552fb815fb0361d39,Premium Companion Handbook Level 17
1406891857,1d62cedd7efb5ad84e49cf81f64da914b4c746d08a2f0189bba7d0433f7b3137,"Evolved from the mountain-dwelling Jawling, its helmet is several times harder than its skin, protecting it from sharp rocks as it searches for minerals."
1406911679,606fc92678ee2bbf870242d0260e27d805a4b939076a683929e1bb7fbef9fa83,"Twine with an Aniimo, press and hold #kHud/SkillQ#z to aim, and <style=Hint_BgL>throw a mud ball</style> to activate the <style=Hint_BgL>Target Slab</style>."
1406915154,34b675d7b08189ea377520e3795146d3378aacfc6d5e1c9853453db5644806fb,Tromber
1479452614,34b675d7b08189ea377520e3795146d3378aacfc6d5e1c9853453db5644806fb,Tromber
1559950424,34b675d7b08189ea377520e3795146d3378aacfc6d5e1c9853453db5644806fb,Tromber
1673754581,34b675d7b08189ea377520e3795146d3378aacfc6d5e1c9853453db5644806fb,Tromber
1680749641,34b675d7b08189ea377520e3795146d3378aacfc6d5e1c9853453db5644806fb,Tromber
1695611416,34b675d7b08189ea377520e3795146d3378aacfc6d5e1c9853453db5644806fb,Tromber
1698855342,34b675d7b08189ea377520e3795146d3378aacfc6d5e1c9853453db5644806fb,Tromber
1709613799,34b675d7b08189ea377520e3795146d3378aacfc6d5e1c9853453db5644806fb,Tromber
1804736492,34b675d7b08189ea377520e3795146d3378aacfc6d5e1c9853453db5644806fb,Tromber
1839184018,34b675d7b08189ea377520e3795146d3378aacfc6d5e1c9853453db5644806fb,Tromber
1853861753,34b675d7b08189ea377520e3795146d3378aacfc6d5e1c9853453db5644806fb,Tromber
1880362643,34b675d7b08189ea377520e3795146d3378aacfc6d5e1c9853453db5644806fb,Tromber
1921771269,34b675d7b08189ea377520e3795146d3378aacfc6d5e1c9853453db5644806fb,Tromber
2032898848,34b675d7b08189ea377520e3795146d3378aacfc6d5e1c9853453db5644806fb,Tromber
1406924877,d770890222ba46e78579b0f11d5a9c7b68fff98cae4298b4c4dd69e053747b74,There’s another spot there...
1406939719,911df6cb1554a9d573c59a3676d440600befa9e277d2e087fbd24855d6bb7c32,"The thick leaves of the agave plant silently absorb the sunlight, transforming juice into an intoxicating scent."
2078084673,911df6cb1554a9d573c59a3676d440600befa9e277d2e087fbd24855d6bb7c32,"The thick leaves of the agave plant silently absorb the sunlight, transforming juice into an intoxicating scent."
1406966803,c0f84b10a423f40ab1d6f13467d4a3eca937361f456e521d05be19ae4ecdab23,Twine Healing Coefficient
1765193632,c0f84b10a423f40ab1d6f13467d4a3eca937361f456e521d05be19ae4ecdab23,Twine Healing Coefficient
1406971205,7a01b1a94571973216822f75fdb35f936e36c60470beafbc4f6303e4cfd014dd,Ruff!
1406986446,b2dd7d8a70567a0e23308a6a77b38d603eaf2baca5da320082184a9951063a95,Carol
1407004906,6c0382366faca57e4d3a1212a7eccf47f40c1451e0c611e765ad332bca176b2f,"Extremely rare strawberry with dual mutations, enveloped in a rainbow-like glow while sparkling with dazzling spots of light."
2018224728,6c0382366faca57e4d3a1212a7eccf47f40c1451e0c611e765ad332bca176b2f,"Extremely rare strawberry with dual mutations, enveloped in a rainbow-like glow while sparkling with dazzling spots of light."
1407015663,7c3a18fd9125212d08ab5f7ac40aa2809af5a0356de5e5647a020aeda4f2bcf1,"Don’t worry, it’s very simple.
Someone will guide you when the time comes. You’ll scatter the fragrance over the flowers and draw out their scent."
1407064504,442841fb36681678bab8e5f507925b9d17fdbb04a996f7bac3ba23dbf80bf9f2,"I delivered the icosahedron to the Polaris Institute and received a generous reward.
Then, I took Aniimo with me and returned to Astra..."
1407068717,b12f0a92d0cf39261f62362439e5f31b43e2b4c61aeb283bb380c64e48d77247,You’ve got such a unique color!
1407136532,822093524b9c1620893492956ffb3fa5f7b1889a01a2eefae8d83dc67f147cc2,Helm & Pup Intro
1407143253,dc85f3f513ee8b94891e29c34f7494d0c1fa30a4b40892c9231a02450d769545,Y-You... What are you doing here? Ah—you found me again!
1407155079,def720a43a9e3f79dd5bb6699f36bec1f6fff6f4d6aa9fd177c50ecf0c005086,Unlocks customization for character accessories.
1722419772,def720a43a9e3f79dd5bb6699f36bec1f6fff6f4d6aa9fd177c50ecf0c005086,Unlocks customization for character accessories.
1407206814,87cc2ea54910110d748d0e26744f85497e5df86ef13b649b1781adad3b0e0a09,"After each <style=Hint_BgL>{param0}</style> skill casts, the next sill doesn’t consume EP."
1407247115,eb5173d247b7ccd9fca613f4213514009f4cc2720796efe7166c66a654131db6,Institute Uniform
2133334380,eb5173d247b7ccd9fca613f4213514009f4cc2720796efe7166c66a654131db6,Institute Uniform
1407271920,6fe71da622cbc5aa9119c255ae12fa5cd66e8809135a9c0acacde67b8864dff3,Account suspended. Accessible in: %sd %sh %sm %ss
1407296796,e33798af34db5be0684c18671b2e066b924ad6bc62b2ab4a23471a06b8ed0210,"View entity Visible info. Enter entityId or actorId for the ID field (empty/0 = current Control, -1 = write the entire scene to a file in persistentDataPath)."
1407308456,8a07ddbf154dbcdaf8c1c1aac54162eb2da5cd84f059c73107d0a94cfbb30fb5,"After completing research, be sure to report it at an <style=Hint_BgL>outpost</style>!"
1407315617,e1277732c6e8da3d794811e6da3b05a189b78212408348e61306ae7a1aedc8dc,You’ve got the best taste of any Shrout I’ve ever met!
1407328588,b8e286188ef2c1b032d56bef6ad26aa6ac1be329c2555b3f104787376f088923,Unlock Badge - Heroes and Dragons
1407348785,f8214beee5c0dade6ccc2ef40e5a40f5a41671770e1d4adda0b0040caf411503,A melodic flute tune is coming from nearby.
1407366081,ece7adafa308d835ddebccd34d0655c18d11cdf2e081ababc40d066a53659674,Would you like to watch the event stream?
1407376065,5583c228723c2b2f5701555e2c9e6e4995da45390de058263886963660fbf65c,Action Twined Aniimo
1409122881,5583c228723c2b2f5701555e2c9e6e4995da45390de058263886963660fbf65c,Action Twined Aniimo
1407425491,76cd771d9308822ae8a8954e646a5fe9b9b836d65be2df792cbf0dcffae1d494,Umbral Cubbo
1407436090,a006fcc842100b413f5baa57b13c2de149257852e50fe5b1070ef211bbb6db63,"No, young one. Aniimo do not think in such complicated ways."
1407476872,cc05c03dfa483d0f60edc81556773e9ed2d4cf27c5f53b65e8b1be1020c855f5,All pets will be organized into boxes in order. Locked boxes will not be included in the organization process.
1652795021,cc05c03dfa483d0f60edc81556773e9ed2d4cf27c5f53b65e8b1be1020c855f5,All pets will be organized into boxes in order. Locked boxes will not be included in the organization process.
2054577757,cc05c03dfa483d0f60edc81556773e9ed2d4cf27c5f53b65e8b1be1020c855f5,All pets will be organized into boxes in order. Locked boxes will not be included in the organization process.
2082382328,cc05c03dfa483d0f60edc81556773e9ed2d4cf27c5f53b65e8b1be1020c855f5,All pets will be organized into boxes in order. Locked boxes will not be included in the organization process.
1407483935,7ea089a488930d7f437e22a58b2c4ee7fad183eceddb014d91602e41914bdf01,https://www.tapd.cn/62776855/prong/stories/view/1162776855001528382
1407558656,913aea010ecaeca40c6ca9272a39cf2acda9dbd6b4cff69e1658aa829114356d,Blue Essence
1458206566,913aea010ecaeca40c6ca9272a39cf2acda9dbd6b4cff69e1658aa829114356d,Blue Essence
2024721903,913aea010ecaeca40c6ca9272a39cf2acda9dbd6b4cff69e1658aa829114356d,Blue Essence
1407576289,e089e87b3fc4c472549573d0edec260519867e2c51bb5dc7a21765fe55a1c553,Not enough Arena Tickets. Head to the shop to buy more?
1407634712,7ca8448d50db17724d1289b24d3eb5076b90b791b81c2188c52a0121c6ac8c09,What are you looking at?
1423261245,7ca8448d50db17724d1289b24d3eb5076b90b791b81c2188c52a0121c6ac8c09,What are you looking at?
2055331135,7ca8448d50db17724d1289b24d3eb5076b90b791b81c2188c52a0121c6ac8c09,What are you looking at?
2145863595,7ca8448d50db17724d1289b24d3eb5076b90b791b81c2188c52a0121c6ac8c09,What are you looking at?
1407645496,810d6e740b77fb56eaecbd18660f839cd881e3db8d3282c782a69cdb2b31e407,"An object born at the very beginning, when the Aeons created Idyll, whose brilliant radiance has never faded through the ages."
1407646284,c8775e4b1cea4a6a9ae303953d4900df185324014281a8e76b6bf1f5d9579aa2,Challenge Complete!
1757373947,c8775e4b1cea4a6a9ae303953d4900df185324014281a8e76b6bf1f5d9579aa2,Challenge Complete!
1407660585,4245cf38e9ce93f20cc26bfba0c9c5903f99312d8cee9bd0dcb777f330d2ec40,Option text option text option
1407675106,d432ac1bd90366f9922d7e97487c772a491f373e979e88918f5ad4a249ed7bef,"Oh! I get it now!
#playerName#, did you mistake those flowers drifting from the <style=Hint_BgD>Branch</style> for something else?"
1407686076,df9cd64e6295d3cf9244298f9737a4240188bfc6fbfba51ef64fa93eb8434e3c,This aura... feels somewhat familiar...
1407687566,5c91451ed41658fe3512f13c430c371f60a7e4a16818058f302ec6c098f5f5b9,Fire attacks can break the Ice Prison more effectively.
1605934389,5c91451ed41658fe3512f13c430c371f60a7e4a16818058f302ec6c098f5f5b9,Fire attacks can break the Ice Prison more effectively.
1407725318,0960880ccebbe4c9c07fd8eb2ce5acef8a3ce4821f38e1a1601da992db06cd5e,View Tips
1407749034,5fdd7cc0f6bb87efd1275853b5ed07fc86a277690bb9c716b503049862be59eb,Rock - Layered Verdure
1509486444,5fdd7cc0f6bb87efd1275853b5ed07fc86a277690bb9c716b503049862be59eb,Rock - Layered Verdure
1407808652,00214c263c08401cf992e145483c0bcb4068f6e4529121fb3e72fe9767ed5828,"Hey, isn't this a regular customer? How was the ""Homesick Flower"" you had last time? Want to try something else?"
1407840066,49cfc34cd7cd79216b61a394b159ef433914709c6f87f2c5d45eafa3be161316,"The predecessor of Astra was a doomsday shelter carrying the seeds of Earth’s civilization. After a long journey, it discovered Idyll. Humans built the city of Astra floating above Idyll into a vibrant metropolis and began exploring the continent."
1407897372,a7543250c8ef8c36453731269873b604f4eaea43e9818a2120851d709485c941,Phil
1421262105,a7543250c8ef8c36453731269873b604f4eaea43e9818a2120851d709485c941,Phil
1565132267,a7543250c8ef8c36453731269873b604f4eaea43e9818a2120851d709485c941,Phil
1646822682,a7543250c8ef8c36453731269873b604f4eaea43e9818a2120851d709485c941,Phil
1890098534,a7543250c8ef8c36453731269873b604f4eaea43e9818a2120851d709485c941,Phil
1906983063,a7543250c8ef8c36453731269873b604f4eaea43e9818a2120851d709485c941,Phil
2105197446,a7543250c8ef8c36453731269873b604f4eaea43e9818a2120851d709485c941,Phil
2106703197,a7543250c8ef8c36453731269873b604f4eaea43e9818a2120851d709485c941,Phil
1407930639,8721ad6a1aa4c88f8a1c701196a2d0161de598475774df3baf39fe3c08641e3b,"Wait! It’s not impossible if Whelpy really wants to, it’s just..."
1407936417,07426f3be8446c0438b975bf80e5097251e8f7fc3756ca09b474d0f4144ceab5,Rune Attributes
1411717945,07426f3be8446c0438b975bf80e5097251e8f7fc3756ca09b474d0f4144ceab5,Rune Attributes
1836867544,07426f3be8446c0438b975bf80e5097251e8f7fc3756ca09b474d0f4144ceab5,Rune Attributes
1959181292,07426f3be8446c0438b975bf80e5097251e8f7fc3756ca09b474d0f4144ceab5,Rune Attributes
1407938109,103e71463143e3f241ac3bdaf8a1d7d00f92054d930227f11bcdb5395655c645,Hold #kHud/GamepadMenu#z to open the menu wheel.
1407996617,4f5b8262277013a4f87fa2017e5fd0e7edaa0bd64484edb5c6e32fbefd31c309,Click-clack!!
1408054075,0d720a20ece2b3d295e727f68b90bc58f8f76a6c6b484cd5ce869e7ff2ea1fbe,I'm not from Bloomville.
1408066660,39e5851cb5f59f996dfc97f09365f7571817b4148691759565d2a68fed47628f,Challenge <bossRush> (Right)
1408088863,790f97cfb4dc0dd1c539555b384b7a64f4b67a0dc50ff1e85d25ce411c4f8a16,My Glynsera is the strongest wolf in all of Beast Fang Ridge!
1408093952,bae6328c0eb8ace2cc3071e539f5897f1c90612cc6683ab7d1a92df563437a08,That couple fighting~ so dramatic~ couldn’t look away~
1408094052,a9b7f098a97a21fd3b6d429862db8b7eb261cb5b8419adba8fcf6126402dc7ae,"Increases Damage Amp by <style=Hint_BgD><customRichText(getConfigData,rogue_multi_level_talent_data,43008,param0)>%</style>."
1408095647,05c1994631b00722a630afc1d090e2b9bf7d0ca4bfb60d5c6edcac32d6db75d9,Q3303_Flying Paulownia Tree
1408116012,47876a7ea25f0f74542d00c800658cf086b945e21453f28191dd4f559d4bf897,Rock - Lofty Peaks
1565378898,47876a7ea25f0f74542d00c800658cf086b945e21453f28191dd4f559d4bf897,Rock - Lofty Peaks
1408122094,65074e8b11b3a32afa3dd950a07150c8f731e8fc0f3208c5fdc2d04640fc9d40,"Investigated the Dewdrop Crystals in the Sea of Flowers!
Learned the secret behind EP recovery!
Grade II Student promotion complete!"
1408160263,4387daa0772eafd30835494aeb1bd1e1268e18800ed2d2975349ce13cbfbd891,"You'll understand when you see him. Remember, completing the Trial is the top priority. Don't let him lead you astray into some strange dangerous situation."
1408164850,da7b4b0d3adeb9037b7c50d751c113649c3aba87f15fb58758e61db4a721a5ba,Unsupported formatting. Please revise and try again.
1408198134,f7120235f722a95dd57ddbbda8c358808b31190127b7ebc91251c4bad2afd8fb,Abnormal throw frequency. Invalid throw.
1408212226,6c63ec1592b940001ebeffba426692636b6ee277e315f87f7d42d54665a01481,Act 9: Lucky Gift
1408275921,790147c9e5fee622525cb13064146100a2184d7e260c24ecddc10649a9aff3a3,Tier {0} trait
1408291828,39a7bef1942a7021d840fb304171439b35a85334b1a5ccc0c9a59f33df044fcb,Open UU Booster
1408302680,99261e0e76fc85f64a86a983ae3ecc34a089a93ef7cb2c435fb89a7a51b670e2,"Ahh, so close..."
1408341046,26f21478c9ed02c72489cccc3550751499123e0e4808dbceb29dc8b89a47c61b,Offer this during Nurture. The gathered Prismana energy has a higher chance of attracting special hidden Prismana Aniimo.
1408349362,0405959b0e42af4cafb6a7899f81f633e33611dd32c20b92f81378b36d1ce834,Ginseng Powder
1408354515,4d764b972a3a264e181d3bbd0bf92aa736797d68290de46f7f935e9cc8e52fad,Bubble-doo!
1408405006,78d628b7f58f30a794c468c8b8f7c17bb236c1052d886e0eee9df00a0c469562,This Attribute has reached its enhancement limit
1408411206,b8d02b31177d924e1800cd25df5eabd076428c18ba0f32464c038d2105f4c07f,If only there’s a way to <style=Hint_BgL>clutch</style> the chest out.
1408413637,7352dcbaea86d1ce932d3d66e134f5dc42cc1c4a44e17b61dcb303bede769d43,Uncomfortable environment
1892013187,7352dcbaea86d1ce932d3d66e134f5dc42cc1c4a44e17b61dcb303bede769d43,Uncomfortable environment
1408428052,6adaba99dcf576b89ab64e4e97f0c0e4fc4dd0bbba546cbcf54c334c6cbed8e1,Check the spawner's enabled/disabled state
1408430186,badd6c1528a6a3b27091395f9d9a2cc247973cc07646abe0a77897b7572b0a0c,Training of Grass - Hard
1408438897,be867a5d341925ba663af7907de48540eb75dc1493e647e4a0e187cc45925973,"Every ten years, Bloomville holds a ceremony to honor Irelia with offerings and prayers.
According to legend, she awakens during the ritual, bringing forth the <style=Hint_BgD>Prismana Flow</style>."
1408448464,88b313ec60709bc74bb4ec8c9c60c926148fa9383d44a90d32034cc7858abf70,Huge Colorful Shining Lavender
1499560430,88b313ec60709bc74bb4ec8c9c60c926148fa9383d44a90d32034cc7858abf70,Huge Colorful Shining Lavender
1922895570,88b313ec60709bc74bb4ec8c9c60c926148fa9383d44a90d32034cc7858abf70,Huge Colorful Shining Lavender
1408450981,7e20bcec7e82c5da30e117f7214faa6237c8a1a2a289432018e677a9bd12b93c,"Once you unlock the <style=Hint_BgL>Bronze Badge for Area Collection Progress</style>, tap this button to quickly open the <style=Hint_BgL>Branch</style> feature."
1408484552,689b73ffecc5ca629c2768229572549b0d649f824c07d414c6381aacaa6a4ba6,"Dear Pathfinder, you had unclaimed rewards from yesterday’s Daily Activity event. We have reissued them for you. Please check!"
1408493738,1f92a151b86280bc122d35846aafe75197d06cb53d3b0d241333d72c0042b923,Requirements not met
1482287777,1f92a151b86280bc122d35846aafe75197d06cb53d3b0d241333d72c0042b923,Requirements not met
1899272831,1f92a151b86280bc122d35846aafe75197d06cb53d3b0d241333d72c0042b923,Requirements not met
1941631730,1f92a151b86280bc122d35846aafe75197d06cb53d3b0d241333d72c0042b923,Requirements not met
1408500787,bc921e27857e9bb3e8b073e86a02f8659491a278b4055f7a44e1f9657ce01ded,"Though recently, the Susutas around here keep picking fights with them..."
1408501413,63a33ef9662ff0f3a194d71124b01d1b578f8690769a9a83a391ac222fdcd608,This lets us see the facilities <style=Hint_BgL>placed</style> in your Homeland and their <style=Hint_BgL>production progress</style> at a glance!
1408584422,def427d8ba8153ced3f17eb01423f3a7aeeef1530839dcbf2e6630be9c3b1548,Wow! You’re really flying. What does it feel like?
1408592483,bbf7a10eb4d32406d847260ffd29f2b7ba16b3fbca9c2fb553247483a9371d9d,Gentle Giant
1425811431,bbf7a10eb4d32406d847260ffd29f2b7ba16b3fbca9c2fb553247483a9371d9d,Gentle Giant
1408610765,dce9e4860095b82e6f754d5a82488876e0595eca37ec5021e723d9ecf22af9ad,Only the sharpest thorns guard the most beautiful flowers.
1408622772,1f841aac4301d4005fbf7493fbe1b8aa63686eb726a97eae1fdc149210797629,Cloud Play Days +7
1408671553,a475346cb71bc208e89685abff47fa160df21b7f07136da2d5ec95a0c70ab7c5,Candleweed
1856474814,a475346cb71bc208e89685abff47fa160df21b7f07136da2d5ec95a0c70ab7c5,Candleweed
1907504494,a475346cb71bc208e89685abff47fa160df21b7f07136da2d5ec95a0c70ab7c5,Candleweed
1408681166,3dce8f9e4321e1b3eadd854f6c9e296a208575f1f5e6a0ed1e94f735405f7eb6,Can a colorless Iris still dance?
1408683831,776da7647a4724447cbaea68535c4faff266ae36ece1c9bffb0a0ef5177f67c0,"Ajay thanked you repeatedly, then left happily."
1408712199,b987bff6507ea42652ef79de2101cc784f5e37da7383925d93277fee4017fd1b,Pound
1742919354,b987bff6507ea42652ef79de2101cc784f5e37da7383925d93277fee4017fd1b,Pound
1887196236,b987bff6507ea42652ef79de2101cc784f5e37da7383925d93277fee4017fd1b,Pound
2128294390,b987bff6507ea42652ef79de2101cc784f5e37da7383925d93277fee4017fd1b,Pound
1408720793,b07913e85f962cc57547a22618fb8f9e6d545a3d0dbf4aee0c4af9b121c54a7a,Very Low
1408742225,26f1451e86ce1cfabefa9aef5ea12a62135aaa7ec32d4ab6d8ae53108ce2ded3,The selected Aniimo is already working on something else. Assign it to this facility anyway?
1408747647,982bf05582fc567c8d5f866e082de8900cc60cb17d16ca6976df871de63dba2e,Toys for joys! Discover infinite ways to play!
1408766907,70a298085be0232e95b31fc9bf1e8ae6251bbf3d2351ea783f9b41b6303b65ae,Bot153001
1408767192,e5e4051c703a56367da9c0976b9ffa9388cdb9dbe909320bbc7a73f91fb0532f,Colorful Shining Rose
1529175702,e5e4051c703a56367da9c0976b9ffa9388cdb9dbe909320bbc7a73f91fb0532f,Colorful Shining Rose
1842950888,e5e4051c703a56367da9c0976b9ffa9388cdb9dbe909320bbc7a73f91fb0532f,Colorful Shining Rose
1408791713,79505bea8a6bc70524294f713fe36269e38b78b976c64e4cddc312b70905a6cb,I’ll keep chasing my dream. See you around!
1408814752,c17897c229fb602c18b9e60c8807ea39f264dd22a1d93d56e48b52ecf6b73387,Premium Companion Handbook Level 33
1769546143,c17897c229fb602c18b9e60c8807ea39f264dd22a1d93d56e48b52ecf6b73387,Premium Companion Handbook Level 33
1408827073,46fa6f7923c07d5abf796c6bbfca296dd8282d40dbcbba1ad703b815d2822234,Weakening Smash
1408844582,864282b76c39e6748fa8b9accb2953bc89a3ec4f6c5ca1627624d6a58edd5619,Lisa
1408846182,7fcc54c3bf01d330146376c8f8b605c15135fe631cd6e4babcae13495bee77d5,Pathfinders select Pet X
1408856260,c88dd26fd4db1fa9811a57c5162aa6f678417fa0293ac72d55f591f8bd87b767,"A couple came to use the Hatchinator before, but for some reason, they refused to let me watch."
1408861817,ae62fa4ec0cd66c617126137efaa5258331012a30e8f669537c9bfa9be93381d,"An Attack Amplifier chip that moderately increases damage, making every hit sting."
1412880234,ae62fa4ec0cd66c617126137efaa5258331012a30e8f669537c9bfa9be93381d,"An Attack Amplifier chip that moderately increases damage, making every hit sting."
1408867797,a5311821ba175bfc3bcba643b6a17f46179f064893ee49419308ae534e25cbc5,"Oh! I recognize this. It should be a <style=Hint_BgD>Carried Item</style>.
With energy this strong, it must be a high-grade one too. Herman, take a look."
1408878187,e93718fa6ee74b0ebd825f86a89c8c945e2786c86ac330b1498df733c1552399,Apply Buff
1408911724,31929b21ef55116e04fd5fc40f11b3fe0260d54bdd87c37affcc96c30c07208c,This tribute is invalid in this region and will not be consumed.
1408929772,54929e5dbef4275e973a63d227ac398bf9ba6bb36d587abbc4248a7302c64dfb,"Releases petals that track and attack the target. This skill gains <style=Hint_BgL><customRichText(calcData,timeline,2132403,param1,1,%d)>%</style> extra Crit Rate."
1408948337,d7eeee18e0a9c0828086e5f05bcb1d8d7b5b383b347710a78127d7c289863d92,"During Starfall Glide, damage is increased by <customRichText(calcData,buff,2101306,param0,1,%d)>% and range by <customRichText(calcData,buff,2101306,param1,1,%d)>%."
1408961791,d6a0cef50a7d1b3ae0bf50d8705d010b926f160e97cbbbccb1d6d9daaf8fe0f4,"Like... oh, right!
The Aniimo from the <style=Hint_BgD>Flutternym</style> family around here are a perfect example."
1409032537,82ec64e4aa1730639720efbdb56654e29f080251b01398fa05d7adfe70ea4e8b,Complete Sanctum: Chasing Clouds
1554101223,82ec64e4aa1730639720efbdb56654e29f080251b01398fa05d7adfe70ea4e8b,Complete Sanctum: Chasing Clouds
1409040124,5151e8ecc8dad13e6ffd8dac01907bb20dd4d3374ea855bc26043c81cfb94ef9,Day 2 in Idyll
1409050738,dc4ce3ba19260ae37c069723160566f5c6d38440b9299a0241286f08779165fe,Expedition Supplies
1409058745,4afa34a3ccb5f6a0d8705e57783a56195a2f1713b6c3aaf3e4e7a06a2e4caa9b,Hehe hehe hoo! Daba~
1409064179,2ceeb01f8921d2c540e4899745f166c613a3eaeea24fc403f702dd87f3c631b0,Shadow Disable Level (higher values first)
1409081404,8ec2f5bd7ab6db84fe9c9536a8652b6fed6d6e0df97036f144b057e733c0cf57,"I know, right? These hot springs are the best!"
1409095739,cad3914707a3e3f30cf440fc697c8b0a748781983ace014affa42c55be168862,Bomb Seed
1409157842,84f44b884a53cd4ba631539eb0538a48ecd7a8f666dc5584b7644f8ace9bf086,Leave me alone!
1409172337,99d761f0b8531c446093892a21c234399ecf96162da52daa13e60c98d26117d7,Little stars formed from the wishes and imagination of Aniimo. GoGoHomes designer Yama is collecting them so the dreams within their starlight can slowly come true in your Home.
1409173596,a13aad1a4777468b412480310d5958fdbcfb765bd434d39f900299a03e2849ce,"Seek the entrance to the Lost Sanctum among the Lost Isles. Enter the labyrinth to find rare eggs and leave by boat.<style=Hint_BgD>Eggs submitted during the match are shared by the whole team. Extract successfully to receive them</style>!
·   Warning: if you faint, you’ll forfeit everything in your backpack along with what you’ve equipped!
·   Deployed Aniimo’s attributes are slightly tuned!"
1409201907,529b6e2e3bd990b3009edd659f63085b77084c29b334a81e16f6ea9c04eab0a7,"Yes, it’s an <style=Hint_BgD>Aniimo egg</style>. I found it here after the former Sherro returned to the sky."
1409203093,c680766cab36b6f2e4b233ce064b002147b09f667c7a9cce50aefd522ed2d865,The painting shows a Celestis hugging a Starine and wishing for even more to fall from the sky.
1572825073,c680766cab36b6f2e4b233ce064b002147b09f667c7a9cce50aefd522ed2d865,The painting shows a Celestis hugging a Starine and wishing for even more to fall from the sky.
1409206658,d8c52039ad766f82933d3b521d479c15f40b7659b9eab97bcf775fbfaf41de81,Our new coffee blend is incredibly popular. We’ll need more ingredients ready.
1409217114,b4f451d7d45dcf5d9f60a85622ead05e6c1e9ded3eb547d1650ac907fe5cc292,Coconut Jelly
1409218555,2106cd2653eb6b11f729d564cac424d83908142a495493c6f376f76d8aa8d937,Let’s just say certain rules don’t apply to Mysterious Vendors. Did I scare you? Haha!
1409219584,645c745f0d3cbc637aaf59968e0e64ccdf678f698a89f533980f1a953b512fdc,Playful Meets Lively
1409239857,58bdb1b025b8b64c3fd8588fd934051c58042320f2b0053938ac8ca015dd1608,Sissi
1971331922,58bdb1b025b8b64c3fd8588fd934051c58042320f2b0053938ac8ca015dd1608,Sissi
1409267296,124a90a27318ada51598f31ce4fc17d16bb105ef2b2498019bdbd62662d705a9,Longing Emberpup A
1409274682,b083515166130099050d57da4400d15e08c24bcdd2b7a7c6570c1823cec3b423,Can’t believe they’ve got us all cooped up here guarding some silly flower!
1409300855,75d6eafd7c1371eff05f773a6e5d6daa06faf502148b17c9b05a1a0f05f89ff3,"#playerName#, you are now officially a Grade III Student.
Your progress and contributions over this brief period have been clear for all to see."
1409317602,5cd5a5040e6a86a8aee6395fad4ab1f27159d7045aa40ce915941ac22c7398ac,Glacy Headband
1504983480,5cd5a5040e6a86a8aee6395fad4ab1f27159d7045aa40ce915941ac22c7398ac,Glacy Headband
1769925932,5cd5a5040e6a86a8aee6395fad4ab1f27159d7045aa40ce915941ac22c7398ac,Glacy Headband
1409352297,f2a2f84844c9874a16434f0e8815b0568ad76ebf8e72a932be5faae55d484369,That pissed me off!
1409369861,126ab81b9c47cd4df26decbbcd3dd1a6cf543e6921b4b1f52747b0eedaa4b707,"Strikes hard to deal high damage and remove all <style=Hint_BgL><link=""source_8058""><u>[Claw Mark]</u></link></style> effects from the target. Each stack of <style=Hint_BgL><link=""source_8058""><u>[Claw Mark]</u></link></style> deals additional damage equal to <style=Hint_BgL>10%</style> of Might."
1409379575,f124ea0ee1c0ec7e382d78158ceff59ff3a5aae3c36452da8d13631ff35fb512,"The powerful Infergon was defeated, but nothing really changed for us."
1409504132,fb34d2ad6c65b475b9e23b107afb2184445f604b586177a84c316b1507894f03,This egg has reached its total petting limit.
1409539534,74e30463d24af1b894c69d0757378d59201bc6cb3404e1f899f5da61b18db190,"How do humans do it? Staying on the beach all the time, won't they deflate?"
1409574037,ec8da399ccbd3bf9529aecfee917c64a646928ddcb4ded5656197767f8d96228,Import Set
1409626334,b71616bb507e7abffbba41f94b80b2d6dc581ecac73e48c1a1a718194aca60dd,"By offering Lumin Amber, you can help restore more of the Branch's energy and deepen your bond with it."
1409627238,47bc2f57c98cff750d5e4dba7e050132f843b5cdb86233200cc94148ab900212,"Fire a powerful laser beam that penetrates along a straight path and deals area Damage to all targets hit, restoring an additional {0} Ultimate Point after hitting targets."
1409627443,de7b2b8384b81848fa58aef4ac6208b14f283d08c6a3f1090d32855d46fb8e74,Fabric
1839699897,de7b2b8384b81848fa58aef4ac6208b14f283d08c6a3f1090d32855d46fb8e74,Fabric
1409628876,b8e9512b3ddd817fc1a61e217d99e5c38fa9337ec0a95be3d2c77f17353ee296,Name Name Name
1409641572,a5d0314b530ccbc48fb86e758cb6c4c25d3020569da9d58b6b53899d08815e8c,Ha-woo!
1659545074,a5d0314b530ccbc48fb86e758cb6c4c25d3020569da9d58b6b53899d08815e8c,Ha-woo!
1672180062,a5d0314b530ccbc48fb86e758cb6c4c25d3020569da9d58b6b53899d08815e8c,Ha-woo!
1804708602,a5d0314b530ccbc48fb86e758cb6c4c25d3020569da9d58b6b53899d08815e8c,Ha-woo!
1806276406,a5d0314b530ccbc48fb86e758cb6c4c25d3020569da9d58b6b53899d08815e8c,Ha-woo!
1825936095,a5d0314b530ccbc48fb86e758cb6c4c25d3020569da9d58b6b53899d08815e8c,Ha-woo!
1903087132,a5d0314b530ccbc48fb86e758cb6c4c25d3020569da9d58b6b53899d08815e8c,Ha-woo!
2087052485,a5d0314b530ccbc48fb86e758cb6c4c25d3020569da9d58b6b53899d08815e8c,Ha-woo!
1409653362,3b7d6c25fa38eb535ae3119bf9a724c8a692a715f98ec85bddbb2a43549391f6,"Mutated rare rose, enveloped in a rainbow-like glow."
1946085060,3b7d6c25fa38eb535ae3119bf9a724c8a692a715f98ec85bddbb2a43549391f6,"Mutated rare rose, enveloped in a rainbow-like glow."
1409656250,6eb61f7415070696c656bce05dc415b16063ecb906fc0bea56558f69cf2646aa,Research:
1821398880,6eb61f7415070696c656bce05dc415b16063ecb906fc0bea56558f69cf2646aa,Research:
1836813946,6eb61f7415070696c656bce05dc415b16063ecb906fc0bea56558f69cf2646aa,Research:
1856650374,6eb61f7415070696c656bce05dc415b16063ecb906fc0bea56558f69cf2646aa,Research:
1907415261,6eb61f7415070696c656bce05dc415b16063ecb906fc0bea56558f69cf2646aa,Research:
1409662629,a369ef102b1c098c1ecc353eaf3238fffb682d77137027c4eca6ec7cc4634bd2,"Once you have the aromathysts, <style=Hint_BgD>take them to the perfume workshop</style> and ask <style=Hint_BgD>Arlo</style> to process them into liquid."
1409749278,d6701ac0f49662fe39b7a6b0d3936f943e902aea99ce50284e669405959a8441,Can only be used on Sparkling Prismana Aniimo. Randomly changes their Sparkling Pigments.
1409763669,0cc4dbd2458aff975a5bcf41aa23fb9c20326e774fd67d1867288982f8c0550f,Low on supplies? Missing the keys you need? Then meeting me here is your lucky break!
1409808572,746c81381e543f655a9261236fe468bd8399f374c4970c2ee590120cee856fb8,Go to Home
2001328636,746c81381e543f655a9261236fe468bd8399f374c4970c2ee590120cee856fb8,Go to Home
1409838404,a322d0fc86a3361deb75b610506d5c5f879c250836c9a81aa7dab22740fdabf0,The timing is weird.
1409850939,44af6e9b9016f7462d245310728aef76e4282beaed45f3887eb408cbb4077910,Deluxe Cedarwood Incense
1409877946,e5125d9f63d2947b5540a0f96b768bea4bcce632d9869d2a75749bbd513142c3,Limited
1869787064,e5125d9f63d2947b5540a0f96b768bea4bcce632d9869d2a75749bbd513142c3,Limited
1977876296,e5125d9f63d2947b5540a0f96b768bea4bcce632d9869d2a75749bbd513142c3,Limited
2051669712,e5125d9f63d2947b5540a0f96b768bea4bcce632d9869d2a75749bbd513142c3,Limited
1409888402,478a6094d046e932d4531639c1e4bbf5022f7c19dcf25d570412638ad7cf5b8d,"Da-ba, tra-la~ Song~ Loud~"
1409912908,154237080a13c9b8bedcf2d10c9223d38e9d490c6a4f9f8631a7ea27b80d3b5d,"Unlock and upgrade to earn rewards, including:"
1409920673,b791c9bbd651aaf67feafdea3fbce0e8d092128d6d0c2082bd9dcbffdb34d646,Not Active
1409945525,7e5a6c243243809caf14ed2288c06931352835543cb0de2a2a4ccd2711244c99,Prismana Promise
1409960147,b0d709a3aacbf08293bacb24fe864d5a4af81fdee7c42aa22b128337932619d6,"A natural wood dining table paired with a fresh green tablecloth, bringing life and energy into your home."
1560155932,b0d709a3aacbf08293bacb24fe864d5a4af81fdee7c42aa22b128337932619d6,"A natural wood dining table paired with a fresh green tablecloth, bringing life and energy into your home."
1409985535,d8c75359a8835314567843c310b66ffad3331620cd94e6ab0ebc7d170dd72f12,Polaris Institute Bill
1902344969,d8c75359a8835314567843c310b66ffad3331620cd94e6ab0ebc7d170dd72f12,Polaris Institute Bill
2008453951,d8c75359a8835314567843c310b66ffad3331620cd94e6ab0ebc7d170dd72f12,Polaris Institute Bill
1410027898,6a99ab5963164d737215af9abf315847cf5468bd1f8706e79f3d0c65a659f00a,You mean that dandelion?
1410031923,2b8a8fb3e029651a8a57313e4ed3e837645c6985080492aa2b7fb60c2c516fbb,Ancient Metal Chest (Large)_Lv2
1410040127,45412466b2c3475bf21d719d0abf76da6cb5b2db44470e7d30e28e921df97f47,Say Hello
1963211420,45412466b2c3475bf21d719d0abf76da6cb5b2db44470e7d30e28e921df97f47,Say Hello
1410054962,c80c677db5054945546d13364c4d440f6d6c4664512c0bce149515640135e30e,Compressed hardwood components with extremely high density; they ring sharp as stone when struck.
1410059502,f51c185520b543c03b90480601d911f99a1d3559d8c98db204c5cae4b68ca3ef,You’ll be able to purchase this piece of land when your RV reaches <style=Hint_BgL>level 10</style> and you own the prerequisite plot.
1410062970,2811c9e4ae7b9d251dbc3f63be005f63b8c0e2612e28ecf8c1d62d944766f55e,Unlocks at Crafting Module Level 3
1762669265,2811c9e4ae7b9d251dbc3f63be005f63b8c0e2612e28ecf8c1d62d944766f55e,Unlocks at Crafting Module Level 3
1410089497,ef856ffcd92662b9cbe421470af50f051b5dcd8e5e3b3de514d55d6f370a89cc,Twine with Piopiota and approach Popota
1410105175,1be48713a493cccca24b227a875e628e90217529f217970f0e738f07ef8ca21a,"Summons a rose that explodes and applies <style=Hint_BgL>Rose Mark</style> to the target. <style=Hint_BgL>Rose Mark</style> blooms after the target takes 3 critical hits, healing all nearby allies for <style=Hint_BgL><customRichText(calcData,buff,2132402,param0,1,%d)>%</style> of Melloblum's HP."
1410266452,9720284fc1ac385da492d7974178d9547cafe50d1d0d72e092705b4426bd4076,Warmwood Whispers Set
2144430131,9720284fc1ac385da492d7974178d9547cafe50d1d0d72e092705b4426bd4076,Warmwood Whispers Set
1410266976,f5757ed5e5ece278c173e622ee22e962d1509cf49d7eb6b94e1e88c6d53a63d0,Solo Sanctum
1410297818,1f5d826689374084807f990d11d8c19f7e8c8b44df6fda5b3e439653458fbbc8,Shadow Quality
1410300835,310c72e3bb4468dd1f75df22fc041d634477348cffaf1d72c6fb6b26a0db5b18,"Phew... Peace is precious. I’m sure you understand that now.
Please remember, peace is Idyll’s greatest treasure."
1410310808,2c8e5c83aa8005df8e9ef4d34a25ea6cab72db8c88ad815312377eaad500664e,Type B
1692520573,2c8e5c83aa8005df8e9ef4d34a25ea6cab72db8c88ad815312377eaad500664e,Type B
1410347056,4f33543a80c05bd5c2fcdbccc7c52d387873a7b55d245885538a7d0c7b7a51ab,Receive 3 [Ironclad] holo-gizmos for 1000 training coins
1410359556,aa6f5ddc64ca10b3b053080a723e0d1e4fffcef0f55ff5ce894dba087c9cc061,"This must be the shiny shell the Susuta mentioned, right? Huh... What’s this?"
1410385589,3ce0acd686961bb8cea936ef0da172c6e3bcb37d9ec8eb9377364716a91fca29,My Grassy’s too light to play on the seesaw with me!
1410385877,aae0722079ae2b9f3485ac688b96b10ed67eba725a38ebb13576c2dc9dadc718,"Bilibili, Cheers!"
1735416270,aae0722079ae2b9f3485ac688b96b10ed67eba725a38ebb13576c2dc9dadc718,"Bilibili, Cheers!"
1949432996,aae0722079ae2b9f3485ac688b96b10ed67eba725a38ebb13576c2dc9dadc718,"Bilibili, Cheers!"
1410406677,0df7d11e2fe1e0d1ef393e775efa5fdf49fb9f7440c0fcfa3da509110101f16d,Weeping Helmut
1410417344,e85207778c8b255220f6e170a03fd348cbdbe16edc0adb019643471483f95e13,"Was there something wrong with my spices?
N-No, that can’t be it!"
1410444463,241dcea0b7e0f47c71d500cefa050dd4562fc75cbe9ab0ffa794e0ec40974975,A light blue building block for all kinds of structures.
1954686753,241dcea0b7e0f47c71d500cefa050dd4562fc75cbe9ab0ffa794e0ec40974975,A light blue building block for all kinds of structures.
1410471341,285d51177cb2618fe768121d47440311b748aafe48e02cebb310bc92a44e16fe,So...
1410502034,93a5d4b0c021601c2001631e71b73be6df971570361f06b06eaf016732adfad5,Take advantage of shortcuts for a better gaming experience!
1410549836,7854bbf8d20b5d93c252e6eb1c74705897526178c20735683e3c0924fed24a92,"Although, I’m a little scared. You look so much stronger than me. Can you try hustling and flying? I really want to know what it feels like. Please!"
1410572996,0bfe6b328c11ca39a92c72eb67d0c8e35625514aac1a67ec6f62ae2c62625f5b,"Oh, that's unfortunate. Won't you reconsider?
The Polaris Institute suits you—I even felt so from seeing you on the news."
1410615143,50eb2c18af7807140e03e52ba69b2ccfd47af4a3fa3cf2974e8a46ecc84dcb65,Eye Makeup 13
1410617857,3b20fd1dd334017097f8bc231c820663e77099eae287f03d970d206dd1358bf7,Sanctum exit activated
1465621019,3b20fd1dd334017097f8bc231c820663e77099eae287f03d970d206dd1358bf7,Sanctum exit activated
1410623238,c595aa9d00864f4acc274a13cd5dc4c3991b0c0cd8b03e2554ccf904a81a1cc8,Companion Mode Surprise
1538088792,c595aa9d00864f4acc274a13cd5dc4c3991b0c0cd8b03e2554ccf904a81a1cc8,Companion Mode Surprise
1636181787,c595aa9d00864f4acc274a13cd5dc4c3991b0c0cd8b03e2554ccf904a81a1cc8,Companion Mode Surprise
1694846275,c595aa9d00864f4acc274a13cd5dc4c3991b0c0cd8b03e2554ccf904a81a1cc8,Companion Mode Surprise
1769749165,c595aa9d00864f4acc274a13cd5dc4c3991b0c0cd8b03e2554ccf904a81a1cc8,Companion Mode Surprise
2090620112,c595aa9d00864f4acc274a13cd5dc4c3991b0c0cd8b03e2554ccf904a81a1cc8,Companion Mode Surprise
1410641144,d806b1556db54720d5ff0d3dab6afe89ff96c7e0cf7b618f6b353b43691fdb3f,Not enough Legendary Aniipods. Please replenish them.
1410643492,0a235fb1bc2778a375881fd5f65e45557fec7b6ff321e6da5f59ffea28108010,"Tousled strands frame your face for a crisp, handsome look."
1598806129,0a235fb1bc2778a375881fd5f65e45557fec7b6ff321e6da5f59ffea28108010,"Tousled strands frame your face for a crisp, handsome look."
1410671181,bf522f992a77a7366998f3e078b3ce373ab89049a319333618784b8f068e6c00,This Appearance is incompatible with your currently equipped Appearance. Continuing will automatically unequip the conflicting Appearance. Do you want to continue?
1410678765,987023baad9ba53028a5addecc845645435ff5704db716765c124a92da64f7ad,"Hehe, both of them are lovely!"
1410712264,3872770b563a6c9d236d405e20b60afc4b4baba2804bf562f18fdc99aa748a79,"I explained that there is an Infergon at the top of the mountain, but no warrior to defeat it—only Helmuts, who are born timid."
1410726218,220e0f0d35227c32c7c381f03927687cb2af7fbcebe95c8221c439d52b80cade,Joff says the place those Idyllians come from has flowers in all kinds of colors.
1410744773,ddf2f1d796488d559730840b6ddaa937b3b12169b5e05cf2b335c15031c40a09,Energy Amber 3
1410766739,d9cae41394a3a2a1165ff9855b3c52f44ae2b5c4f3045b2d6cdb7b7f2d0678e1,"Golden petunias and green leaves have been shaped into a neat sphere, blooming brightly from a jar-shaped planter."
1855333388,d9cae41394a3a2a1165ff9855b3c52f44ae2b5c4f3045b2d6cdb7b7f2d0678e1,"Golden petunias and green leaves have been shaped into a neat sphere, blooming brightly from a jar-shaped planter."
1410770454,f3fa5c2943e84f996fee55f6ba1e2690dc81ce3b11ecfdcd19dfeb2f2ce8dfe2,Skill Damage
1664825408,f3fa5c2943e84f996fee55f6ba1e2690dc81ce3b11ecfdcd19dfeb2f2ce8dfe2,Skill Damage
2084952438,f3fa5c2943e84f996fee55f6ba1e2690dc81ce3b11ecfdcd19dfeb2f2ce8dfe2,Skill Damage
2111083018,f3fa5c2943e84f996fee55f6ba1e2690dc81ce3b11ecfdcd19dfeb2f2ce8dfe2,Skill Damage
1410782031,9567983e91392532339905157f6a6bf841199f2907ac247ed219e5dbce6ed31c,"Increases the EP recovery speed of all lightning-type Aniimo of the team, lasting for <customRichText(buffConfigData,2112204,duration)> second(s)"
1410795919,5ac72de48767d65160b1bd81c668a967bd45f71ffe34b02b923cef6ce33a56a1,Super Claw Manager
1410815684,d6acb6d51cfc574936fc79bc06b8a3716f4a33ee69efb70dd7f59720d434ccd9,Natural
1516348644,d6acb6d51cfc574936fc79bc06b8a3716f4a33ee69efb70dd7f59720d434ccd9,Natural
1805590560,d6acb6d51cfc574936fc79bc06b8a3716f4a33ee69efb70dd7f59720d434ccd9,Natural
2029490387,d6acb6d51cfc574936fc79bc06b8a3716f4a33ee69efb70dd7f59720d434ccd9,Natural
1410839086,b277a766cf163e0413f5a8e5f29cf7ed505727d1a828b05bdb961b2b298fbd99,Shell Ornament
1410840921,34aa17631f99d4ce04cf5631c017aa5648cc131e8cb3392438ec367707098a8b,Hmm... we’ll need a way to <style=Hint_BgD>break their disguise</style>.
1410842595,90330531b0455f3e45575e2644604ddb79426696fc80051a665cc77bee466368,Participate in Quiz
1410864339,6fe83a8b2516a9da2c24ed0cb7a184773a40ad53ce4a973dbe173a28cee361e6,Celestis (Stump)
1410867927,3bcb366feca77e41190187730934073c5ea29879d53cb561863fe012174189ca,Adjust Weather
1410880229,2a43a2e3395df6bf4063f946d219e4d2d75b023f35645a6df71278dc7832e741,BREAK Value
1410886035,30a85aad0767854bf39883e7c356c284521c8ff923b6fc38b781366daec968c7,The Fentuft and the Nimbi... Happiness and sorrow... Aniimo are so interesting.
1410890204,1d64fdeae266092147efe32210716fdda2c5b3fba11f79dc18b0e6db390db380,You didn’t defeat anyone
1410913415,68286eba0a8e3921361c3f6654ecdcab75757ecb768a0c6672a6c1f215bf6451,"As the scent rises, the world begins to blur..."
1758125340,68286eba0a8e3921361c3f6654ecdcab75757ecb768a0c6672a6c1f215bf6451,"As the scent rises, the world begins to blur..."
1935397303,68286eba0a8e3921361c3f6654ecdcab75757ecb768a0c6672a6c1f215bf6451,"As the scent rises, the world begins to blur..."
1410945545,de4f322b56de3d5c2014ff2dc6c5fbca3be4f2239c93849fd4e901319f1b120a,"I’m Icy. People call me the Snowfield Knight, because my <style=Hint_BgD>Ice and Earth-type</style> Aniimo crush every opponent they face!"
1410956980,15ea836ef04c737e82ca560e223bfc01590274ce32bf7e232a1edbd5d52ef557,"Increases BREAK efficiency by <style=Hint_BgL><customRichText(calcData,buff,91463021,param0,1,%d)>%</style>."
1410961959,05f86a708d6d80f168caaf49568a7d55a97dc66083513d9a8ffdad3c2338f428,A market stall for your Home.
1410963949,cd7d9b54d0b806d5a16c8a767198cb4de29611c7edd061b6a2090949e25781f0,Basic Attack Break DMG Taken Multiplier Bonus (Attacker)
2135868078,cd7d9b54d0b806d5a16c8a767198cb4de29611c7edd061b6a2090949e25781f0,Basic Attack Break DMG Taken Multiplier Bonus (Attacker)
1410967860,5b52a6770f5b98e2b972e5cb5664babcfe191649ddee15b85f05dd32770dc4f6,Buff Selection
1410968352,8f81703fa7166b6b03b9774164fb12ae82119b216ade76e5b1d6a2bbd0937b38,Heating up...
1523811164,8f81703fa7166b6b03b9774164fb12ae82119b216ade76e5b1d6a2bbd0937b38,Heating up...
1617532468,8f81703fa7166b6b03b9774164fb12ae82119b216ade76e5b1d6a2bbd0937b38,Heating up...
1698109498,8f81703fa7166b6b03b9774164fb12ae82119b216ade76e5b1d6a2bbd0937b38,Heating up...
1410985923,b0d758a55beb4227a9e5bb9d69cd586e442013876fb3ee358f9daf9a34ce8c30,"Increases damage by <customRichText(calcData,buff,2136102,param0,1,%d)>% for <customRichText(buffConfigData,2136102,duration)>s."
1411006837,d0977a61fd7e073e4147bf7070ef8a3e664a2547ff273b70bcd5dfe7dddb3931,"After earning home coins, you can use them to buy more production facilities..."
1411020425,41f47474b2fff56fc9bc5ba63901e50ca93c477a45b327676ed620ef73f5f5c0,Park Permissions
1411024281,e6497ba831fd4a62ef7049b8072c3b67ef9493840d4e7fd1f8d22df5273aa14c,"Nothing here either. Whatever that thing is, it’s not here."
1411031513,75f773756baa5321772d05fb4b25543eb6b44c5bc6a4cc2fc3770984c6130b49,Sugarcane Seed
1411056205,1a32fb0fd30674c6fae45dd14503680cacb3d18823c3aca19cf4f34b7c33d6d9,We brought it back here.
1411105013,b6cf77db68983a62dfd23671950f5fd86cd9ec9313d9255c966a5edb1280e79c,"It’s fine... I just didn’t dare move in case it ran off, so I kind of froze up.
Help me loosen up a bit. Moving around in weather like this is the best way to stay warm..."
1411121097,3534d188268760fd3f3cda6942b28c9e94fd3c4b732257a5faa162984f0aeff8,Test Data 1111111113
1411122842,73b2a9429ff2595ab86e6ccc2e08f43cef8d344404312f94d99b8f35a440d4f3,"After skills land <style=Hint_BgL>6</style> critical hits, becomes <style=Hint_BgL>[Overcharged]</style>, immediately gaining a shield equal to <style=Hint_BgL><customRichText(calcData,buff, 2122201,param1,1,%d)>%</style> HP. All skills cost <style=Hint_BgL><customRichText(calcData,buff, 2122201,param0,1)></style> less EP, but UP cannot be gained. Lasts <style=Hint_BgL><customRichText(buffConfigData,2122201,duration)></style>s."
1430212652,73b2a9429ff2595ab86e6ccc2e08f43cef8d344404312f94d99b8f35a440d4f3,"After skills land <style=Hint_BgL>6</style> critical hits, becomes <style=Hint_BgL>[Overcharged]</style>, immediately gaining a shield equal to <style=Hint_BgL><customRichText(calcData,buff, 2122201,param1,1,%d)>%</style> HP. All skills cost <style=Hint_BgL><customRichText(calcData,buff, 2122201,param0,1)></style> less EP, but UP cannot be gained. Lasts <style=Hint_BgL><customRichText(buffConfigData,2122201,duration)></style>s."
1411142314,927667ad0143362221fd3ca676d363fc137a967e07915faa08d676985a63b26e,Really? You look rather reliable. Maybe you do know what’s going on...
1413422799,927667ad0143362221fd3ca676d363fc137a967e07915faa08d676985a63b26e,Really? You look rather reliable. Maybe you do know what’s going on...
1411143473,d57d9585efc7241e95a9b444dbb316add0b2654538155677bcb74c337c6c5419,Increases gusto by 5%
1577716141,d57d9585efc7241e95a9b444dbb316add0b2654538155677bcb74c337c6c5419,Increases gusto by 5%
1411146629,addc686ad983ed25b267128e4249f1f1bb5fe7ce0c7e9e807daca2291342683c,We'll be living on the ground for the rest of our lives!!!
1411225337,b3e0ad132eadb9e6603b113a8ac51106676898c61aab81ef5201935e7ee16bf3,Huge Colorful Sparkling Strawberry
1411227632,67def9da2e085895a809e7d4dfce924e66e4968021068820530b2ebd903f138c,Don’t mention it!
1411248116,2a12c202de79cf7acab59a8c8d7fd176dff90ac3eda8ce9a9986af0b30d090cd,I've got something important to deal with...
1411289657,b872466ba108ca32cf9aaffcd883117cf8580df6a23e4a9fd9e5fdc5d8d88b1d,Do you feel happy again?
1411327353,2df3d1fcf71b613dfe5e7b7001d20ba829f15eda6e6d8573de033e197b64648c,"Dark grey fur blends seamlessly with the night, save for a patch of blood-red fur at the tail base, which, along with their crimson eyes, signals danger."
1411332125,b08e84cafeaad48a46de68e5238776a2ef35fb3a81226b0b3f65e4bc00afa414,Wild Hiding Spot
2006045257,b08e84cafeaad48a46de68e5238776a2ef35fb3a81226b0b3f65e4bc00afa414,Wild Hiding Spot
1411373862,b320c3147865ac9f0e34ae109ef534c9f0ef87054eaf54c98cfe89a8f6ceebc9,Watch Your Step
1918850382,b320c3147865ac9f0e34ae109ef534c9f0ef87054eaf54c98cfe89a8f6ceebc9,Watch Your Step
1411387544,6e6abda04fb63f07f7c2d5989b6779fb3ec9c06ae181cc42d2990189f900e7d6,Swim Dash Speed
2125221676,6e6abda04fb63f07f7c2d5989b6779fb3ec9c06ae181cc42d2990189f900e7d6,Swim Dash Speed
1411397977,2b70963714596619698e43fcc797356a36da2afe0113740ba3a31318e012f253,"Somniwing emerged from the cocoon-shaped throne, seemingly having waited for a long time."
1411409088,441a351101359205c83f88f249590e8367effb5a44cc58998590e6ec010b65bb,"If EP is full, increases basic attack Damage Amp by 30% for 10s."
1411444750,90be15fe4a970a05ab80409d0892e88601ae392d52a7460f85ae5d36e42035bd,"It is still chilly, so put these on."
1411466039,67245328287f60bc3506a296ef64e76cc212885e0d45582a7195ed9f49e9e183,Invitation letter for the second open beta test. Its receiver will be automatically qualified for the test.
1411469501,efe2e2994c4ec79e36d93e1265bdeae69f9d14a28f77df2e4046d026d9e30434,Chestnut ginseng pastry with soft texture and sweet nutty aroma.
1411474907,145869d4a76ddcf13bf3f05b3e1913c206c49447432b2bfe8fd0c800b14216f5,Number of Loops
1411484620,4628f4399dfe01a175e8611a0a0c46f4222499501f66d0b311f9dc6e47b3a580,The Flower’s Misunderstanding
1411497993,c0034b3bd6855576397755a36af31403e82ba1dc7c11f63308914f141429ff5c,"Guests may not have noticed, but the clusters of yellow and pink Blossoms on both sides of the road are Starsprout Daisies."
1411573844,d74bbba1b943a982a284a06d0a37489c21b0b60b009b1d2692b3ed8ecc32e178,Are there records of Lunara in here too?
1411586258,21edd29115ba425cb0668f23941bb152d9c8bc83d3ff8f0aa75e9c9032767e8c,Carousel Mill (Level 2)
1906348124,21edd29115ba425cb0668f23941bb152d9c8bc83d3ff8f0aa75e9c9032767e8c,Carousel Mill (Level 2)
1411592601,eb0201bd048e3a9d2411cac363847ce7e9880c68c5355143ea712adc9dae33c0,"It's you! You touched my memory stone! I am <style=Hint_BgD>Morphling</style>, and I apologize for forcibly Twining with you. But kind-Hearted soul, you must help me!"
1411599770,689dcc2a8084f4f16b47f22de9e302ff27776886dc318aba17accd8cc7eb71fb,What kind of title is that?
1411604203,bb950788a43aa65bce641f1f04578108c0bc5c9674582b13faba399fc9918e77,Use Nurture {0}/1 time in Berylline Vale.
1411614631,69d91d2d287079a792643b08a1ef2b0952de95736ed75552502f224b56d82490,A plot of uncultivated farmland suitable for growing certain crops.
1411639039,925be19b7fecc06950dd1afa0b48ca203313ddc689bfd10b46fdf3e45566ab12,"...It’s you?
What happened to you? You look completely different."
1411641239,94fe4ea30164c40227d5ed575950c2ffb1aaaa251ea31080df75fa187d7dd747,A New Change
1411670470,6ba13af90d7d406f33498fbad800cbda2b21f8d216cfb04468c4146d415077a6,"Hello! I’m Hoshino, and my dream is to stand on a great stage with my Aniimo!"
1411680627,97d6dbf3c5120ec4aa254732cce31eec4c5b8f2e9eb7f5eab79536db5ef8b6bf,Photographer
1816798116,97d6dbf3c5120ec4aa254732cce31eec4c5b8f2e9eb7f5eab79536db5ef8b6bf,Photographer
1411692826,1dbf65f78ff1d90b7d16bcda98d13bfd7838393ee8b40ddfff66184f94846c58,Aniimo Bowl - Beige
1782116216,1dbf65f78ff1d90b7d16bcda98d13bfd7838393ee8b40ddfff66184f94846c58,Aniimo Bowl - Beige
1411706357,aef51ad00149e3f87c72b8284645d6efe39c012018b98dc784d1d26649d5be4e,New rune slot unlocked
1411730596,efff93cd4c56a6731ed56d212ee84b75b52c5d3a99fd3db4c638f5dfdf9d8f4d,Stormgull Birth Buff
1411738868,c3849639b84ecaccd3276b13a0f8944d18615fb5ac8d64f8c66148980757e037,"From the start, the young flower believed she would gather every color and become an Irisalis."
1539164180,c3849639b84ecaccd3276b13a0f8944d18615fb5ac8d64f8c66148980757e037,"From the start, the young flower believed she would gather every color and become an Irisalis."
1411779451,7d00e4d9220a06ba5ac82d32c7f51932a2a8223fdb2232d5c11c2dd800574291,Cost Primegy to claim rewards
1465214448,7d00e4d9220a06ba5ac82d32c7f51932a2a8223fdb2232d5c11c2dd800574291,Cost Primegy to claim rewards
1496705574,7d00e4d9220a06ba5ac82d32c7f51932a2a8223fdb2232d5c11c2dd800574291,Cost Primegy to claim rewards
1836255043,7d00e4d9220a06ba5ac82d32c7f51932a2a8223fdb2232d5c11c2dd800574291,Cost Primegy to claim rewards
2095451424,7d00e4d9220a06ba5ac82d32c7f51932a2a8223fdb2232d5c11c2dd800574291,Cost Primegy to claim rewards
1411790886,948216aa942a8e78b6ac0e26bcb956faa1e707bf0e2b75ee93212ef1690b19e6,Underground Explorer
1970066399,948216aa942a8e78b6ac0e26bcb956faa1e707bf0e2b75ee93212ef1690b19e6,Underground Explorer
1411795727,cf11cae0ad764ff624910c5815f49253e5e3f1ba65e3846da3738429696f88a6,"Back then, I went to Thousand-Fang Ridge thinking... since I’d already stepped down as chief...
I might as well go all out one last time."
1411852293,8078519e65d7279c311d0949125a1f24d4c7134cfae1e52662a058ea9b8f1b63,"While HP is high, gains increased basic attack speed and Regen speed."
1820724083,88883adbc45b468092466bc9c9ca0482c342571626b945a2179b82fa4461dd3b,"When the Aniimo’s HP is above <customRichText(calcData,buff,4004121,param0,1,%d)>%, basic attack speed increases by <customRichText(calcData,buff,4004121,param1,1,%d)>%, and REGEN speed increases by <customRichText(calcData,buff,4004121,param2,1,%d)>%."
1411870275,dc05b2d0f094651e495b7d5cb86544aa3817659074aefb03e42da94918110030,Sunny Ponytail
1563168984,dc05b2d0f094651e495b7d5cb86544aa3817659074aefb03e42da94918110030,Sunny Ponytail
1867061624,dc05b2d0f094651e495b7d5cb86544aa3817659074aefb03e42da94918110030,Sunny Ponytail
1996286480,dc05b2d0f094651e495b7d5cb86544aa3817659074aefb03e42da94918110030,Sunny Ponytail
2002048213,dc05b2d0f094651e495b7d5cb86544aa3817659074aefb03e42da94918110030,Sunny Ponytail
1411873756,8c8a0a4387267f12d14eda952fb759c8ad1a5b5025db4aa61f8c8fedd011b0e6,"What a shame... I’ve already painted every round Aniimo in Idyll.
Even a master like me can’t draw on endless inspiration. I’ve run out of circles to paint..."
1411879953,af1480c1408a51434cc97b7bc7ca0931921426b1f936743b8005e513d02e3a04,Eggshell Count
1411913389,eef5a694f37175f5e09cd0736b85f5c6565f5230f07ee3c116f26bb7ff6ef213,"While twined, using skills builds Ultimate Points. When your Ultimate Points are full, <style=Hint_BgL>press R to use your Ultimate</style>.
The <style=Hint_BgL>recovery array</style> on the right side of the field can restore your Aniimo’s HP, Energy, and Ultimate Points."
1411922900,7147636948a01a290a7bb05633459c330892b770bda3e4cae0a156d50b312fc5,Fishy heard it’ll only show up again when <style=Hint_BgD>Prismana appears in the sky</style>!
1411951277,1428b6ddb09478a63b7eb0075658ae9efbe198716ecd6799c80158b25e758170,Does Perfumery require any basics?
1411966336,ff14c8a7af1130e679ac98babef3aa5f2afb54d953d1e3caf7405093586d1ecf,press [<style=Hint_BgL>Manage</style>] to enter the Homeland Management interface.
1411984871,8b075c1889d82e274fda05c1adb7ecbf99533408b50b34559d73537acc0e1cf4,Elite Training Exploration Class Rewards
1411997482,a625f16d08548d10014cad4dd82fb40c182ee5278411f0d0ca68c7f6e9a098af,Whoa! Didn’t expect to run into another ant out here!
1412001543,b8092f1b9d9fd60bdba547a553cd842cd7628bfef6e6c3aa5bfea7e2ca8c67ad,Failed to Persuade
1412022879,9ca26f4939c06537101a994e49670e2628e5b7eeb91483b67b377c310ad9f3a7,Ride the wind across the plains and reach a wider world.
1412042682,b4ecf2b177e90154d03e6e082f0f066c9aad96374469b34692b3cbe3e3f5c10e,Meet in Idyll
1572614797,b4ecf2b177e90154d03e6e082f0f066c9aad96374469b34692b3cbe3e3f5c10e,Meet in Idyll
1412043560,779491667868ca58a7ae1d5e34afae8fd3041f10253a612f6bb9533e37cba3d8,Where are my Badges? Where did my Badges go?
1412046249,36a50bfd613596bb6c206cb7866b731e010ff0a5b69a16dd10e4a58a9b845a3b,Uh-woo!
1543909684,36a50bfd613596bb6c206cb7866b731e010ff0a5b69a16dd10e4a58a9b845a3b,Uh-woo!
1701527619,36a50bfd613596bb6c206cb7866b731e010ff0a5b69a16dd10e4a58a9b845a3b,Uh-woo!
1412090579,e56dae11aaaf1a0adf0f5ca498c6408870c6eb3d18da6973c3e8e370eec4577e,"<link=""appearHelp_212""><color=#5090df><u>Hatchinators</u></color></link> are available at the Outpost, Astra, and Home to hatch <style=Hint_BgL>Aniimo Eggs</style>. Hatched Aniimo can have different personalities and traits."
1412114095,d6427b51c88e956a80acebfa3ce5852ff7da743fef0c9b0a14a080f2c2661e58,An Aniimo carrying this can enhance its abilities.
1412170748,1afcb172e865c9e46488475855694d3bca1dfbe59ed47a525319cdd357f91c0c,Restore 30% of max HP
1412226150,ff976da6e1e9dac927a65b0a1b1dab53676ecbe916448cf2e434b132605483d8,Snowfield Pomawk
1412233159,ab3850d7a547caabab844ab6355a842952911571200be7f979b5d62a2b289a5f,No one gets my treasure! Not even my own kind!!!
1412254417,33cfb433086b95551a3c82971ca5eea427d5aa811b57d6695b0685a4b575bf2d,Sneak it away!
1412258923,19f2a829c8680ce40756c4780b449320bf95bd104a153fd80615fb2c0ec190a5,"You spot an Emberpup hiding in the trees, extremely alert and clearly unwilling to be found, but you pick up a distinctive scent coming from it and decide to try twining with an Emberpup to track it down."
1412321601,21964ce19b0c0227101185b274f8182c82af733f8d7f753dbc0543a4811a319e,Mario ran off again. Looks like he headed to Beast Fang Ridge...
1412330995,b7e724c85e93ee714d4e1b86017b31ef70f918cc458afc9f273ac2dd8b3406da,You cannot add yourself
1412339851,e9060e65026c904996e002b77c8a65e982ef9c13e8bc7485f2f766a7223a46ed,Let’s return to Ranka. Is he a friend of yours?
1412339931,132dbd7fa5cf069ba8f233354c8b51c2daeb78400d704485d5f61e7ff07fe269,**Wis &^... Wis ##&... (Can’t make out a word. Try twining with a <style=Hint_BgD>Wisptis-family</style> Aniimo.)
1412351028,f5969aeb55db00273bf810269dff7c6153b31aed98e650e9198eb36fbce1f8a3,Crackle Power Pole
1760954540,f5969aeb55db00273bf810269dff7c6153b31aed98e650e9198eb36fbce1f8a3,Crackle Power Pole
1907098658,f5969aeb55db00273bf810269dff7c6153b31aed98e650e9198eb36fbce1f8a3,Crackle Power Pole
1412354028,b2758619dc931baa8b5295bc0835d4e859ba17f50dab510ac90bde025b7d9573,Aniimo Name (Placeholder)
1718632705,b2758619dc931baa8b5295bc0835d4e859ba17f50dab510ac90bde025b7d9573,Aniimo Name (Placeholder)
1880219913,b2758619dc931baa8b5295bc0835d4e859ba17f50dab510ac90bde025b7d9573,Aniimo Name (Placeholder)
2009602019,b2758619dc931baa8b5295bc0835d4e859ba17f50dab510ac90bde025b7d9573,Aniimo Name (Placeholder)
2079208062,b2758619dc931baa8b5295bc0835d4e859ba17f50dab510ac90bde025b7d9573,Aniimo Name (Placeholder)
1412370665,5584925146206ec2bb10533046fb2559ddb5b04841ffc27791d9e8743f1baca0,"A sea-blue flower with soft, tassel-like petals."
1552564516,5584925146206ec2bb10533046fb2559ddb5b04841ffc27791d9e8743f1baca0,"A sea-blue flower with soft, tassel-like petals."
1412375523,38ba2144543153b75b3c21ce72bc9d3cc2aa5b2b433877b0611d91fdf890d79b,Cotton
1572028132,38ba2144543153b75b3c21ce72bc9d3cc2aa5b2b433877b0611d91fdf890d79b,Cotton
1691255804,38ba2144543153b75b3c21ce72bc9d3cc2aa5b2b433877b0611d91fdf890d79b,Cotton
1722536557,38ba2144543153b75b3c21ce72bc9d3cc2aa5b2b433877b0611d91fdf890d79b,Cotton
2000135021,38ba2144543153b75b3c21ce72bc9d3cc2aa5b2b433877b0611d91fdf890d79b,Cotton
1412390090,d899242f162155718ad246b174a55546f9995b44468db42ad22b5ef36970e53a,"Heh heh heh, I found your weak spot!"
1412391271,76cb37bd55c1c737cba9b68fdd0930f001ae02e55fdd3c938716c2815473eab7,Vein Rejection
1412433464,9d0f53c0ce05bac0dc7e1c9840af0b1e8e69fe3dfc7ba06a533783d1928ff303,A faint cry for help seems to be coming from nearby.
1412447933,c4536de10fb71f19060e8d9d4818968cc23416092647fe26497adbdf3eac3c25,Controllable event
1775815738,c4536de10fb71f19060e8d9d4818968cc23416092647fe26497adbdf3eac3c25,Controllable event
1412455849,c7a3c5060b320aba15f70468850350c887163936191dab44bf30e6c177d69b23,[Tap and Hold] Open Menu
1764272308,c7a3c5060b320aba15f70468850350c887163936191dab44bf30e6c177d69b23,[Tap and Hold] Open Menu
1412459580,5194ad41f2dd61c591f7eb21ad51e32ccde7679249117866a2a9bd4eac0540d3,"We meet again. You smell like someone without a title. Our last fight’s already erased from my memory. Take a bath, then come back."
1412513646,eed612c7541d9e8ee239864098572f907b1af77e3e61a3ea8e7a34448a80c9df,Off to write up my notes and find the next breakthrough.
1412525699,a29a56cd9cc2fb981198424ea699c00661e5ab076313d770f6301a5f14610be9,"Perfumer Zephyro and his partner Flutternym wished to fly across the sea. But without the wind, the Flutternym couldn’t make it. So they waited for the great wind when the Bell of Freedom bloomed. Later, the wind came and they rode on it."
1412529100,66d2c21fc615aea4c91b7675ec728345555eaa5d356a89ee41b56bb163593ccb,The rare energy orb is born from the reaction between its dissipating strength and Vein energy when the <style=Hint_BgL>Aniimo</style> guarding the <style=Hint_BgL>Lost Sanctum</style> is defeated.
1599753951,66d2c21fc615aea4c91b7675ec728345555eaa5d356a89ee41b56bb163593ccb,The rare energy orb is born from the reaction between its dissipating strength and Vein energy when the <style=Hint_BgL>Aniimo</style> guarding the <style=Hint_BgL>Lost Sanctum</style> is defeated.
1412566779,15c0b5f21df977dcab6a47f72da2e11853409e756a4e4560e4591327bb37a378,My singing is so loud—
1412567042,fd55eb33c73182b93cb1f3970ff725d0c2a09ff34b2024df6017c525b74f64b2,Consumes Stamina to craft Skippy Dewdrop Crystal
1412568351,7ec5d5d759d23893065b82da4a45fbeb24e8819b96fdc65d5dd96cd7a69d391c,"At Berylline Vale, you meet Loulla, who is responsible for your assessment. Insisting that major exams call for major fun, she pulls you into watching a concert rehearsal instead. Her Stellarys, Hexxin, and Fragrancier put on a nighttime performance filled with music, starlight, and fragrance, leaving the real assessment until after the show."
1412578116,029c4e6d3cf66de8fb6f12e48efa4b80b03cba9e667044884c6cab36d6a00bd7,You still have things to take care of at the Outpost. Don’t wander too far.
1412606792,32e4ec8bec7125930266f410afc8ec8c804a53e1da93995e00b20409ced43ab9,So what do I use to collect Bud Tickets?
1412625953,67d332c108bf3ac3b08b204db91e50177c62a1a256bac299b592321445361d89,Umbral Cornet
1412645483,642393508b055fbdbaaaa8c5fe1668c57376fe1aacba4f665e11113b1a92d148,"In Catch Mode, press the Aniipod again to exit"
1412673524,bb7166cb101432682e6cd38c463eb1046032624ccd95bda43f35e7b52ed86f4d,Good work. Fatigue is also the foundation of Talents.
1412706529,e595f45dc6c9e7665d108e8ea7940885a42e492918a522d44a1fc35494a4aa48,Europe
1412744834,4d2b9830ec354dee1123f574fb92814d10ba0e899bf255c2d30a9123c5625742,Lightning-type Resistance
1639679599,4d2b9830ec354dee1123f574fb92814d10ba0e899bf255c2d30a9123c5625742,Lightning-type Resistance
1412770526,3c4cbaf623c9bf210bd27edb2e824879614935a1446c494d8b1e9dce360c952e,Hmm... let’s look around for <style=Hint_BgL>another way up</style> first!
1412787717,acf67f4a7420bf2d04b3233f215ca0d9c8102184c7cc0395ac9b22d15a994506,Use <style=Hint_BgL>Skill 1</style> to activate Gravity Pull
1412810628,22ed0864d6c5ebed438452c499c51a10a85368052bb6ca09118ee97744a57185,Prohibited content
1412834214,90f30af2bbc13ac2c13aed8ca26aff28ff833fdcbc9590e14355a9ab94060e46,Find the Aniimo transformed from the mask fragment.
1412847382,ca237062827d08c1db74f6e8aba9d5dfbd394049ed2512f39d4a19572e7024e5,Echonite
1412865978,86242f2a00d943fdc9ceacf1ac230a3b916e47c6039dd12714b7f3fcd59186c9,"Sorry, I'll leave now."
1412872482,95af2ad8cb6f4810e2778f81ede06cfd5bca8a515f3467d89340fb461159603f,You perfectly blended in with the Emberpup patrol team!
1412897506,e10f3dc2e882604ed4113f80867da74543651de4ef25eb665122d471190d0da6,"An egg found in Mistwoods, with an unusual size and powerful energy fluctuations. Guaranteed to hatch a local Aniimo with the <style=Hint_BgL>Alpha mutation</style>."
1412905876,470a8b379e254f142602c045bfb43c5c8b03559a6ba40fd535eb68169ad72137,"Dear Pathfinder, you have unclaimed rewards from the previous ""Tracing the Trail"" event. We have resent the rewards. Please check your mail."
1412936103,78e69d8524bebbb33ff621a5f58103948c0dc37a12a78ccd010e0211a9661047,Oh... I don’t understand. Does that mean the First Lethal Thorn can’t get any better?
1412936274,5b076130789f0c4fb923239a7d1a44ccfb003d9cb1c2a087ceb954d550b5007b,Cold... so cold... ice... everywhere... So cold!!
1412947349,c13bc40b51261729a4a84d6e2384f5f3ab050423f46538f7331d5a4ac9aeecb3,Unlocks at Crafting Module Level 7
1633169941,c13bc40b51261729a4a84d6e2384f5f3ab050423f46538f7331d5a4ac9aeecb3,Unlocks at Crafting Module Level 7
1412957808,c52ea173a96e2eb535a19389d05f9b5a903a4e38306ff6f76dfc6d067cbffd6d,Hmm~ A bit tired~
1412970213,a2dea45e5188656ed3a0613bf30ec2780ed782dec17359d8433e24d5bfb5c2d8,Of course. I’m not just a regular Astraean; I have a job at the Polaris Institute.
1413000470,243c0851757871f17c91e521c11f882a61e06b0c257300a5108fad44b1e402ba,"Head to the Zephyrus Landbridge and explore its mysterious earthen keep to encounter even more Aniimo!
Set out with your Aniimo companions, ride the winds and waves toward the horizon, and step onto a whole new journey!"
1413014289,6d53005980bc1028195a14837d9c8961c81fe9f7b03226b95cdd7aaa662f5b00,"Perfumer Dael’s legendary perfume, crafted with Treasured Large Starines as its essence. Rich and enduring, its notes linger like an eternal whisper."
1413042019,f0d235a1a4c739c2f7aeaf4c712e6b81fd2872a36ab311edd315dbcf1dca1766,"The mischievous Helgon was defeated, and the Helmut from earlier just came looking for you..."
1413089835,ba771aa73756a0b42b171a5c9d69fc2d61088dbc51e997585f70b8417f4b8d2f,Cold Strike
1413151020,b9c21b4165fe26b6ecb0cd190fe74b947a61a36964b13463c740b83c072a99d6,Bonus Reward Unlocked
1413170584,9260413f1f1a213af30f081cbdcf925c2b0d3dd3b11b5b422e5ce0102fd30c75,Obtained <color=#d97d00>[{0} - Prismana Form]</color>.
1413218342,5f29b4317dc9b885d8875122c1972b47271b6332171f956c0bf0e700d5489976,Summon Lightening to deal Damage to a fan-shaped Area ahead. Deals {0}x BREAK Damage.
1413273313,9590e61a09d120e13640255afa297c8d95cfc9c6976d72a7d17242af48b8cfe5,Capsule Machine Shop
1578696200,9590e61a09d120e13640255afa297c8d95cfc9c6976d72a7d17242af48b8cfe5,Capsule Machine Shop
2055058969,9590e61a09d120e13640255afa297c8d95cfc9c6976d72a7d17242af48b8cfe5,Capsule Machine Shop
1413288742,94ea8c0ee089e5f2ef4a5ebe18bc70f3d4bf9aa20bafc260f54c37cf01012bca,The Vein had already acknowledged her. What need was there for an Aeon to do the same?
1413352714,5b9aeb3c9371b7027b5a02d88b6bf585f6b969985f3a3d5887b10edc1274100b,Woven Wings of the Wildwood
1956920131,5b9aeb3c9371b7027b5a02d88b6bf585f6b969985f3a3d5887b10edc1274100b,Woven Wings of the Wildwood
1413405726,894fdd5e4173aa0e00222712a81e37896f8d7a41297a387ecfca0bb00d5a0bc9,"When enabled, counter information will be displayed."
1413417814,139e8ee03b0c8a6ee12d16825c9025177fd2d589693ae84ea64d5832b50f9c4b,"Let me get ready, I'll be right there."
1413534149,e31dc06d0ccd94efc8d5af825b5a1d662f203f1fd3ca7ca35c31593f0e96e9cc,"There you are, Pathfinder! See that?"
1413551750,c13ae38333d25838267f4a4a1b85f82d569a88b4d155378a032949060b99947f,Chat with it
1413560306,8ea39ee6ab10012028827f5d50f7040932b667ed55be2b61f3cff3a1f7581537,Collapsed Ruins of the Sea of Flowers
1413601492,d29280cd1b7ea8ef9c1adba983a984f88ab9948014dfad7af64f5a2e11fc9734,Return to the Outpost and find Dr. Lewis
1413671072,b68315033cf4d0a05866630c2eec54cac2ee2baea8bb9b5d49d87414e8927d25,...The First Lethal Thorn only wanted to protect the princess.
1413674857,5e5468c39923d7e2b5acc40d804e46bea6f1705c96c4d6f897a80a8ff150f64b,Monthly Pass Stored Daily Reward
1413751618,8b2dcc26d25420be10f10e0d045245b8a714c1cbc4aecc1aab862785cff4146c,Rendezvous at the White Tower
1413752007,289024d7e6a0101fa74d850ead27fc6a10218707f59145a4356fd2db7dee341b,A cute companion for the night.
1713748547,289024d7e6a0101fa74d850ead27fc6a10218707f59145a4356fd2db7dee341b,A cute companion for the night.
2093038919,289024d7e6a0101fa74d850ead27fc6a10218707f59145a4356fd2db7dee341b,A cute companion for the night.
1413753041,b636f932287f65d7303a6317498bb89dc829a695d65738c314687bc954f33f5f,Awkward Mood
1413772273,978ab575574b6a3610fe1c046dcff0fc5e448e99d40b6d0d7b8bb3effc62f0d7,+4
1413779842,dc201ea592008f09d8c3944c496489e2ae908d15c9cf8588e9c62666f4008a90,"Scattered colors, a brief reunion."