1632043398,2562e22a7d7f26c7558bcc0784ffcc47eb56975683c2a53c679e674a3870fe2e,Right Tail
1663112310,2562e22a7d7f26c7558bcc0784ffcc47eb56975683c2a53c679e674a3870fe2e,Right Tail
1858667815,2562e22a7d7f26c7558bcc0784ffcc47eb56975683c2a53c679e674a3870fe2e,Right Tail
1998255670,2562e22a7d7f26c7558bcc0784ffcc47eb56975683c2a53c679e674a3870fe2e,Right Tail
1352607536,7709f4a9000b2a7b0449e643ad77e5762a05f96afb1852aeddbfddb78e8912c3,So You Wanna Be a Flameruff
1352615982,9abd31036a5527caf9f079cda2e0e43ca722acc5bb095d00179c45d566395442,Altar 1F - 2
2009931573,9abd31036a5527caf9f079cda2e0e43ca722acc5bb095d00179c45d566395442,Altar 1F - 2
1352637013,042c87d3261cf7a6bf19ace1f65fbd868baec0e7e3737945bef732ad5dbc8dca,Aniipod Company Internal Chat Logs
1352656492,2c765e01dbb3ca2a6e460b41fe6a5e4955c08852e9ca16db887c1741f0ea1dce,No Longer Available
1352669311,f4384a92042c61298af4d35a83ca71e5f0a641f9bc7bd560419b729ed890ff1d,Tell me when you’re ready. We’ll begin right away.
1352687475,637c430a6f2928fe29e2e968e63b674174be539f370d6ec811bdff4c225f27b6,"Prismana Flow<sprite name=""UI_Img_Weather_Rainbow"">appears (only one will appear at a time, will not respawn), possibly at [Scorched Rock of the Mysterious Island]"
1352697589,3b61cfe8454400deb41a659c28c327db618f291099d5ca4361ead92a7fa18f11,Where’s the lead singer? Don’t tell me it’s sleeping again!
1352726240,a6cf6c6c98f71a99b6e2b7e64fa4935685ef744dd010651c07f6eab983ee3d56,[Gathering Preparations] Event Details
1352735691,0d04ca21e478a2f7460ab0a7bd399784f2cbd041f9bbe64825215add9e2d1c30,"Sure, give it a try."
1352752305,ca73a934cbd38a446b024fcab530111e5d64d608aad38a9370352c5319e5877f,Higher and Farther
1352765080,ae5352cc8504b7aef9c97d6e7bf8b6d69a776a71c66d55419cf1849201ac19a1,<style=Hint_BgL>Press Q</style> to unleash a Lightning skill and charge the battery. Multiple charges will power it for longer.
1373603264,ae5352cc8504b7aef9c97d6e7bf8b6d69a776a71c66d55419cf1849201ac19a1,<style=Hint_BgL>Press Q</style> to unleash a Lightning skill and charge the battery. Multiple charges will power it for longer.
1352780047,dcf4ab2a3dc199aedd55281edf60d426267fbe6eac2b76ad9602e26200235fbe,"If any targets are within your attack range, an auto-aim icon will appear on the nearest target.
Attacking will automatically lock on a target."
1352824537,9d7b527ac2a3a58a84de02551e2b439104bae01eeb534769103490437baa638d,Increase max stamina by <style=Hint_BgL>6</style>%
1352861434,d8e2d691d341af9c04e1817888a63b0aeb2decd00fccdf75c66a57a4912ad659,"When attacking targets not in combat, increases BREAK damage dealt by <customRichText(calcData,buff,91032011,param0,1,%d)>% for <customRichText(buffConfigData,91032011,duration)>s."
1352893901,fa76c2faedf98b7d926814d96920b49d24a413a4457d72b89e32b2c487dd36cc,Stir it evenly... Just enough! Don’t overdo it.
1983972887,fa76c2faedf98b7d926814d96920b49d24a413a4457d72b89e32b2c487dd36cc,Stir it evenly... Just enough! Don’t overdo it.
1352905229,30bf4f8f82a4e1095c160171e438e2ffba91d410195f8df1ae8b46d61b50a434,"Slender branches rise above thick, glossy leaves. Even without its jade-white blossoms, the plant has an elegance all its own."
1870210054,30bf4f8f82a4e1095c160171e438e2ffba91d410195f8df1ae8b46d61b50a434,"Slender branches rise above thick, glossy leaves. Even without its jade-white blossoms, the plant has an elegance all its own."
1352912357,0f638db765579cf5df5dcc6c118ff6981dc3fe31f4004f2fded33530d49c7ee4,"Quickly steps back while leaving an Earthen sigil beneath the target—shrapnel continuously launches from the sigil to strike and <style=Hint_BgL><link=""source_8160""><u>Stun</u></link></style> them for <style=Hint_BgL><customRichText(calcData,timeline, 2120306,param1,1)></style>s."
1352916441,f4d448ce10bd34d7068935aaa58fe1917b9725d25f7efd091dc11b9f5ef0a925,Good Sleep
1352917668,4dc84be43753f4545b91104ed164093955e92763a56e0c2ae7a0db1a2838a1d7,Spirit Dust: Ghost Glynsera
1588742533,4dc84be43753f4545b91104ed164093955e92763a56e0c2ae7a0db1a2838a1d7,Spirit Dust: Ghost Glynsera
2038927158,4dc84be43753f4545b91104ed164093955e92763a56e0c2ae7a0db1a2838a1d7,Spirit Dust: Ghost Glynsera
1352924402,0eef7945d9df43afd8d9816a1a910c9c03efd283ccd7374b74cb8dada04a6595,"Performs preliminary analysis of resource composition and reserves to find richer, more valuable resources."
2052492024,0eef7945d9df43afd8d9816a1a910c9c03efd283ccd7374b74cb8dada04a6595,"Performs preliminary analysis of resource composition and reserves to find richer, more valuable resources."
1352945009,07cbce89a78f55b85cd688f34cb8b9da791c932dbd314c7eb30baca3c3f784d9,Throwable - Harmful
1352950243,f242d5c7377f112ae74107bd2c0e79cd30a0c565fa25aaa25597181718aeaca2,Stump Toilet
1356554682,f242d5c7377f112ae74107bd2c0e79cd30a0c565fa25aaa25597181718aeaca2,Stump Toilet
1352970319,850172af66a45248d90ca2159f988b548e1b7a6e7f6c2f4c01fb9b2997b2acd9,The problem’s already been solved?
1352976290,d5c7c471defcd4ea98e071058abdc461c5139f38bbf8a7d4aac62edd08289039,Lethal Thorn Carlos tells you that only the hardest thorns can protect the most beautiful flowers. That is a Thornblade’s fate—a truth you can only understand after losing what you sought to protect.
1352992188,77686669464ba372c67f25b55324d860e22f9a2d6ea0a21967b6d51b61beb1cd,I’ll wait for you in the cave at the foot of the mountain. Hurry and find the other Pomeggs!
1353004941,3046df2a658ec6b699b9fc75d9e0794c43bb51899af59d61475687a2d80f42e2,"Go, Wisptis brothers!"
1353039422,e2ffe1a7bafd1b678548979d4c8f490fab1fc62b69e1bd30c92cbc70de3b6af2,"1. During the event, Pathfinders can claim the corresponding reward for each official community they follow!
2. Each reward can only be claimed once per community."
1353042913,d3f1dc79a45d95429abc3525d5b79c6db1a75609a2cc6acabed52216906f552e,Bubble Rush
1353064921,48766fa154f9783bf9a907f06913eb16bed116e8165394c86f62c35e000a50d2,Learn Quick Twine
1353087502,37bb6816a359f6124831627bb401acd3f232f33a2bbef281522d76caa82c5e15,Delete Group
1353108175,4dda3bad12bfba7cd21d294ce8cd8802349637a1741745f873e03431a0fc4d71,"Brrr... it’s so cold... and you’re still not a <style=Hint_BgD>Grade I Trailblazer</style>? Then you’ll turn into an icicle before the challenge even starts! Go warm up, earn the title, and come back!"
1353129371,5a64bcbf26635ac7c6748b883cf379a8c16695016abe56752c9e2b18bc88355f,Pink Thornfruit
1474474247,5a64bcbf26635ac7c6748b883cf379a8c16695016abe56752c9e2b18bc88355f,Pink Thornfruit
1519750623,5a64bcbf26635ac7c6748b883cf379a8c16695016abe56752c9e2b18bc88355f,Pink Thornfruit
1353145373,e52e2a4de42928ee03842ae5c8956f340d2666af36ac8bce0a64f58576e7d388,Place 6 farmland plots in your Home.
1353148589,2291b15980910df38e7db16a82b9d997d9b155a899adc0e456b12aa68e75600a,"Holo-gizmo clearance sale! Wholesale prices, rock-bottom deals!"
1353162213,db0206e79105ad5c21a708d06b9f2864fe87c92b18eb3e4e932609ec45c93502,You cannot throw during the current phase.
1353166734,ec8910d4ab702ec5ee35014ff757b0176bd3f85a78254142c9ee8879c35fecab,Complete the previous dungeon first.
1353178304,6e4739807807272c80e2af5d72ee44d0cfc92c6746a86b5ec7a55a762d78121d,"Hm...
I’ll lead you!"
1353183621,7e11596b54cdbb16fb6ff3d4ce99d1501c723dade888cd671dedd0c4b952f5c5,Stored in the Homeland Warehouse!
1353187886,f8a4a9af7d44de64387f88632b4227bf6700d455b8868d7f3755b0e2f7eba5ca,"Snowy wanted me to see colors, and your dream is... to see Lady Irelia’s dream come true."
1353208518,a15a736656d482ef7afa5633875c64895fbe0d4b5102f8ea4378134f3ea78d2c,Tubster-Inspired Garden Fence
1883864902,a15a736656d482ef7afa5633875c64895fbe0d4b5102f8ea4378134f3ea78d2c,Tubster-Inspired Garden Fence
1353270721,e45615c3b650c2abb645765496c7ff6d2325b87e02785c772a1bd7de348e1a6c,"All right... You can have the lotus leaf, but you have to help me find another way to sleep—I can’t sleep without it!"
1353271291,a49ae8a83c37daf9ae1129b68b1e8aa956716315451fd724cfe0644bedd29cc3,No transaction history
1353286905,759e5dfcb2e4b62cfda926d721b972ad2045c1da114d4764f99c1609a88daaf7,Let me sharpen my claws!
1353287529,255f6ced23623aca8bc0549f7bc65a4078f0df0690257079854ae95760c3f7d6,"Reduces Wind Resistance by <customRichText(calcData,buff, 91443021,param0,1,%d)>% for <customRichText(buffConfigData,91443021,duration)>s."
1353307912,773c6a764b3aeedc365733bb9c3b94c5858133f2301e6071408d6b22ed89ce6f,Command Mode - Combat
1394568091,773c6a764b3aeedc365733bb9c3b94c5858133f2301e6071408d6b22ed89ce6f,Command Mode - Combat
2120778047,773c6a764b3aeedc365733bb9c3b94c5858133f2301e6071408d6b22ed89ce6f,Command Mode - Combat
2139021399,773c6a764b3aeedc365733bb9c3b94c5858133f2301e6071408d6b22ed89ce6f,Command Mode - Combat
1353349910,a8fa95573238cfbf0efd11ea1305e1882690305cb9f07ce9465c3ab5f79fa220,Irelia Amid the Darkness
1353355829,7004233d7687b007ce1a79ac5532b3fcba295cb00f107e8353332fb9184fb1a2,"Channels energy to recharge allies. Lightning-type teammates’ basic attack damage increases by <style=Hint_BgL><customRichText(calcData,buff,2114308,param0,1,%d)></style>, and their BREAK efficiency increases by <style=Hint_BgL><customRichText(calcData,buff,2114308,param1,1,%d)></style> for <style=Hint_BgL><customRichText(calcData,ability,11430402,param0,1)></style>s."
1353378311,674fe564c349b64e4b22a1673cd1da3b2d82f6870ca46398121fa76404635b3b,"A rare mutated lavender surrounded by a rainbow aura and dazzling sparkles. It has grown enormous and plump, with a crystal-clear sheen that gleams like treasure."
2123744140,674fe564c349b64e4b22a1673cd1da3b2d82f6870ca46398121fa76404635b3b,"A rare mutated lavender surrounded by a rainbow aura and dazzling sparkles. It has grown enormous and plump, with a crystal-clear sheen that gleams like treasure."
1353406915,212b9010fb35a4f333870b45a1f2508a99cd874831c150eaf0dd3d94d162b06c,A newcomer? I’m the strongest Pathfinder around here. Are you here to challenge me?
1353428086,83d960bf249bc7d5c9af385eb35009e1e0ba2b9093d5c21c0523f6e4a335ee47,I think I’m good for now.
2072104511,83d960bf249bc7d5c9af385eb35009e1e0ba2b9093d5c21c0523f6e4a335ee47,I think I’m good for now.
1353453622,afe04a4257e573a4b16889779ca516116ced6ab14d5f18d5f7fc83b4883fab6e,Hmm... Stupid Emberpup... No more burning! ...zzZ 
1353459697,e4c33281f212a84f1224db0f464c90b20b310a048b6261a938c53ae59a3a1daf,Name your Home
1353462149,fc66bcbe17a40ca818c7f2255f4506e61bb9f679673e89b8a65b1cdad588196f,"Stone gathered from the mountains rests low and level, forming a natural landscape of its own."
2124339066,fc66bcbe17a40ca818c7f2255f4506e61bb9f679673e89b8a65b1cdad588196f,"Stone gathered from the mountains rests low and level, forming a natural landscape of its own."
1353470429,bdfe9a80fd92e1844d121b292c321904a43d0295e9383b2ad1c95fd41d2e0858,I’m not sure... they wore strange black robes—not from Bloomville.
1353480989,ccde81ece96121b7c33df3fec8b4f5db7f70c5d8493acd0e54ef1b7f20c9c297,"Ahhh! Help, they’ve spotted me! It’s time to do this! Oh, wait, it’s you..."
1353517217,eb50e09acafe27d3faf3d571bffc197c517cb652ff6d9a57cd861b5e88f3dabe,Talia
1652308716,eb50e09acafe27d3faf3d571bffc197c517cb652ff6d9a57cd861b5e88f3dabe,Talia
1835375945,eb50e09acafe27d3faf3d571bffc197c517cb652ff6d9a57cd861b5e88f3dabe,Talia
1859734545,eb50e09acafe27d3faf3d571bffc197c517cb652ff6d9a57cd861b5e88f3dabe,Talia
1860958633,eb50e09acafe27d3faf3d571bffc197c517cb652ff6d9a57cd861b5e88f3dabe,Talia
1869418999,eb50e09acafe27d3faf3d571bffc197c517cb652ff6d9a57cd861b5e88f3dabe,Talia
1870623519,eb50e09acafe27d3faf3d571bffc197c517cb652ff6d9a57cd861b5e88f3dabe,Talia
1900682205,eb50e09acafe27d3faf3d571bffc197c517cb652ff6d9a57cd861b5e88f3dabe,Talia
1947054026,eb50e09acafe27d3faf3d571bffc197c517cb652ff6d9a57cd861b5e88f3dabe,Talia
2054143757,eb50e09acafe27d3faf3d571bffc197c517cb652ff6d9a57cd861b5e88f3dabe,Talia
1353553925,cb066e8ed8171265f0f5b22f133ba462bb428df387a64bbbd92e8f7b8aad4f34,Holo-gizmo Blind Box
1510412896,cb066e8ed8171265f0f5b22f133ba462bb428df387a64bbbd92e8f7b8aad4f34,Holo-gizmo Blind Box
1926582531,cb066e8ed8171265f0f5b22f133ba462bb428df387a64bbbd92e8f7b8aad4f34,Holo-gizmo Blind Box
1353555133,febaebe37d12afca5190a473fb95d5cbdec337caafd47256ec4e4d20321c0f9a,Lumin Energy
1353582605,62490f93f45b93c881a47878f457d2da6a4c655bd7fa581bfee56ba57bcc3960,"Lumin Crystals x6,480"
1407313694,62490f93f45b93c881a47878f457d2da6a4c655bd7fa581bfee56ba57bcc3960,"Lumin Crystals x6,480"
1353583294,c97a3738359b37b4da07b54ac94ed4b99851aaca6f423937bbb0f1b827d78e4c,This Aniimo is fainted and cannot evolve until it recovers.
1353585925,dec820dfae6b5ba07fb09ccb05fbf01cc074cb275af433ecdb00092a3dd79f05,Eight Directions
1353640241,cc7e81afce76546c01aa20ec966a5e4e0f9ca73cd07faca864dd88ea50f0885d,"A painting gifted by Sorora.
Beneath the starry sky, an Echoback’s eternal spirit maintains its vigil over endless waves.
Who would have known, how many tides have ebbed and flowed under her watch?"
1353649363,5fffc637a15083a4320da10e86f53987f2e071bdf693f91745cb1d873aba76dc,Multiple Choice Chest Pack
1353660255,4e9bdb852a15de8f854fb9102497e3cc8969ceb6d7030451241c7534c6adbd5f,Emblem of Polaris Trials
1353688178,2f16f353cc80bf0bd58106613f8dbefc8d0a47cabbb8e89449ed8f20a3dc7420,The environment is not suitable for incubation.
1353698967,47a74212b729c69dbd3bf45b8618ee877640b5bba9c72ace62321e8675eb9235,Trajectory captured! This arc is going on my slide cover.
1353702948,97c685f63979ae247c81b84a54c970ff91f39e066b88a4e1553c06637eb6ac76,That doesn’t seem to give me quality data. Bring an Aniimo that specializes in <style=Hint_BgD>BREAK</style>!
1353747600,b409a813a25dd79cfe4e1f93cc90e5aed1c559d3ede418106f8426012b0b1968,Wooden Tray Soap Set
1635525521,b409a813a25dd79cfe4e1f93cc90e5aed1c559d3ede418106f8426012b0b1968,Wooden Tray Soap Set
1353786305,4e9aded8e6b141a76e06ec87e983d91e0b8a02da0efcc26c77640336cb9d8459,"In short, people from Astra no longer have to remain strangers in a foreign land when they travel to Idyll.
A Homeland is a small, mobile <style=Hint_BgD>place you can call home</style>."
1353789828,eda2ed032355efdc0a987b00a719006b1680021accd5d582260e7f035dee1a09,It’s dangerous here—go home!
1353792883,394e7fbbd8a902a8dc4192981fc3c29d4c5a5e9c3822412b67f8c940122d4bcc,"Ah, that rumor."
362262869,f1a0c416cbe852a505693a81d2cb7f3f50d4b64f83d06a07a1b984f654088d03,Activate a Tier 1 effect on any Held Item
1353808392,f1a0c416cbe852a505693a81d2cb7f3f50d4b64f83d06a07a1b984f654088d03,Activate a Tier 1 effect on any Held Item
1353855272,2a308d3d557b5e8b3b48fb8121032320a0d06877d05f7f82c28518114ab9b710,Rampaging
1353876661,917712416631138d79e15569b2c706ae345bd384ba751f3b081be18e9f6788f8,"Rage transforms into flames, forging a suit of heavy armor."
1353880938,4536afdeaa2d64269300af7ce258eb3960a9b9fd85a48e6b395d4578d5e42316,"Remember, be happy!"
1565635115,4536afdeaa2d64269300af7ce258eb3960a9b9fd85a48e6b395d4578d5e42316,"Remember, be happy!"
1884779364,4536afdeaa2d64269300af7ce258eb3960a9b9fd85a48e6b395d4578d5e42316,"Remember, be happy!"
1353883347,b02a4e3abff5989a2ad2ed9e4594ed059a9759809430b3a9d4861d922582b1a0,Failed Aniipods will be <style=Hint_BgL>automatically recovered</style> into the Pathfinder’s Inventory.
2123420883,b02a4e3abff5989a2ad2ed9e4594ed059a9759809430b3a9d4861d922582b1a0,Failed Aniipods will be <style=Hint_BgL>automatically recovered</style> into the Pathfinder’s Inventory.
1353901163,5370ee86ff409a7f69c9af6814fe3b2a12609b13490f8ab22bb39d92d5dc0228,Nuts
1353902611,ee83dee404d1dfc1bfb88dd28ad99391820e60279aceca023f79f8eeefff3757,Building Block - Tiffany Blue
1783046531,ee83dee404d1dfc1bfb88dd28ad99391820e60279aceca023f79f8eeefff3757,Building Block - Tiffany Blue
1353923698,353166c808f4e786c99cc2baead9afb2bda448a08823dbd6e2e5bedd692c1140,[Prosperity] Stamina consumption reduced by 10%
1353932721,f9360334d36261488ffa63991888d9746377ce9fc57ffa5bef546b1de202c839,Aniimo entering the Rift are automatically adjusted to Level 30; selecting an Aniimo with a type advantage greatly improves your chances of clearing it.
1353957822,c0bef2240a98a99fb8e05f93eca60994931b25a92215d0a3a0e63b9f5072612b,Waaah!!!
1619833550,c0bef2240a98a99fb8e05f93eca60994931b25a92215d0a3a0e63b9f5072612b,Waaah!!!
1353965695,b1464a3131c66e281b7dbd48e341e779b05a3be5398ec982dc71d010b74aabad,Obtained from a limited-time event.
1978226289,b1464a3131c66e281b7dbd48e341e779b05a3be5398ec982dc71d010b74aabad,Obtained from a limited-time event.
1353966674,819ff2b32f5de61b2e02dec6ad8f4bf9ab7c8ab8f9285628262969f01f5c9714,"Head to Beast Fang Ridge, resonate with your Aniimo, and challenge stronger opponents together! And don’t forget your own little corner of the world, where you and your Aniimo can rest, play, and prepare for the next adventure."
1353987229,0161ebc46a0c9f5749b8b83f8756526ffe3593cfa08ea7f365afa8cb5847586b,"Defy me and I’ll chuck ya into the sea, wait till yer good an’ dizzy, then fish ya back out. If ya still don’t agree, I’ll trap you on this island forever and you’ll never be able to go ’ome."
1564849387,0161ebc46a0c9f5749b8b83f8756526ffe3593cfa08ea7f365afa8cb5847586b,"Defy me and I’ll chuck ya into the sea, wait till yer good an’ dizzy, then fish ya back out. If ya still don’t agree, I’ll trap you on this island forever and you’ll never be able to go ’ome."
1353992691,d4d750db422557584990b0e10169b2a51679333c6aaf956d12509c143a49f54b,"Without him, I wouldn’t be who I am today!
He’s the ultimate ace coach!"
1353996247,e89eb546fe9f176caf5ea97b9e97fd143747126c859b39c3a7c25a6a852e68be,Mine (Level 1)
1947096279,e89eb546fe9f176caf5ea97b9e97fd143747126c859b39c3a7c25a6a852e68be,Mine (Level 1)
1354009833,60e6aa1799ac7957e111ed90bc300e2e7bc75fb31712b0839fbf1976cf5ece4a,"Waaah... I really can’t go back in there... If you’re up for it, maybe you could take a look? There’s nothing special inside, just <style=Hint_BgD>lots and lots of eggs</style>... unless that thing is <style=Hint_BgD>hiding inside one of them</style>?"
1354015556,8aa63201123ca7b88fbd0bc9af51e71e2f5ff72f0c3b7735a695a02296181ad3,Trial accessories can only be used during the Glamour Star event. Leaving the event will automatically remove the accessories from your Aniimo.
1354048955,7bc444cd5681e78931fe7a7b1cef9fc0890689b59f97d32ae8cb91ad8e23bcde,Defeat {0}/3 Aniimo with Dazmand in your party
1354088691,2348eeb959803eac900735ca5ca0f9e794833ed0c6e48ab511a3e787a50e2a54,"Come, let’s satisfy their curiosity."
1354137116,6491c1ad66b002be12e392f4f284eb5641ca2d28880067c4cae69c8b11e8ac95,"Quite confident, aren't you? I'm looking forward to seeing your results."
1354160245,9735188329d6463a75f39aa94faca7013ddd6e89322cca0423272555e17fc459,Can catch wild Aniimo up to level 15.
1354161143,1a366cdccb1c9f91f9d33d9880b795430ec18007b089c2dee7909b36cac26f06,"Whoa, you scared me!"
1354193130,beb9431ce016bfe2682ccd736bacb5a1e1f63356ea6142ae243b3bb37fd4e048,"Broadly speaking, we study Aniimo ecosystems so people can truly understand Idyll."
1354240505,8a25568181da9b32d9c80f5df9dca71467271db4026aee7b3bd8393bb7437c22,Pitching speed bonus
1831298620,8a25568181da9b32d9c80f5df9dca71467271db4026aee7b3bd8393bb7437c22,Pitching speed bonus
1354252131,7a8175796d4f880c02dc51959ec74ce4075720f668b6c4e35e610976f82683bc,Wheat Vase
1375288217,7a8175796d4f880c02dc51959ec74ce4075720f668b6c4e35e610976f82683bc,Wheat Vase
1354276738,d2e9af736e5ea83b31e3b5d2bf80bb9b1b9287b5e060bde55dc593eb8debbe53,You too seek the path to strength?
1354279743,b7c8fd1dc4a488bd655bbb417e09ae23c68f1208fb7072612ef3d67f64555d7f,View Abnormal Status Injection Points (Debug)
1354334372,c9071b6d6a72b837be28a05950fdc90b340768c4a70383b19861b1851118e70f,"Increases Water damage and Water Resistance by <customRichText(calcData,buff,10094,param0,1,%d)>%."
1817878677,c9071b6d6a72b837be28a05950fdc90b340768c4a70383b19861b1851118e70f,"Increases Water damage and Water Resistance by <customRichText(calcData,buff,10094,param0,1,%d)>%."
1354339974,c395a87de37ad83d8370372c2ead9f972dcd459fe1a1a6b0c9818578a6c1fbf8,Floating Hummin
1354371918,d5754564392e730945f03d95b36c5b60931f82d57aa63120d01507257473b397,7h22min
1579534172,d5754564392e730945f03d95b36c5b60931f82d57aa63120d01507257473b397,7h22min
1354400760,2d49a2e1385d06ff4bf8d7dbefffdcbced705eff813b3302b8fa51501fff19fe,They’re all over the streets.
1354411062,66cccbc51d97c1aeb920573d6895138ec2d7aed1aa3ddbd75b5126980d15f6cc,"Aniimo can follow different evolution paths, and for some Aniimo, evolving can even change their element entirely."
1354439386,28fb620a0405194c275f843a898baff1ba542572e82f8e84e464b362bb52ceae,Prismana Opal
1370390214,28fb620a0405194c275f843a898baff1ba542572e82f8e84e464b362bb52ceae,Prismana Opal
1475688904,28fb620a0405194c275f843a898baff1ba542572e82f8e84e464b362bb52ceae,Prismana Opal
1354476628,87dc5d148ef592423500e4558732d72964c5597e35f00969f278edfdc7340f5f,Glacy’s signature cold brew keeps you energized all day long!
1354480560,91c063b961c86912bfbcbe0cfe734c633c4b73d0e15105009604d9494fe745cd,What's going on?
1354498605,7e8525481268c50157371493fc780c81680e3acbb6b2f03379631b26fbca4d4b,That’s such a relief!
1354509703,7379e3f6aec646d891d11dff6b746db7c86cbd8e7a35507632642e708b7a6de6,View the expedition suit
1756197419,7379e3f6aec646d891d11dff6b746db7c86cbd8e7a35507632642e708b7a6de6,View the expedition suit
1354525831,1bddda79a782508cdb8f699947cd6796d5547c347c44210997a324c1972f7bee,Holo-Shop
1583503761,1bddda79a782508cdb8f699947cd6796d5547c347c44210997a324c1972f7bee,Holo-Shop
1682825934,1bddda79a782508cdb8f699947cd6796d5547c347c44210997a324c1972f7bee,Holo-Shop
1981402268,1bddda79a782508cdb8f699947cd6796d5547c347c44210997a324c1972f7bee,Holo-Shop
1354533124,f6b2cb1e1a7010e48e9cb6e619e0a47fb8612d621d5bcf9783edf5e347e328aa,"I remember that Prismana comes from full vein energy... 
So this Bloom Festival seems a bit unusual."
1354542652,34f2afcb561a30b3cc46bd43cc40ff0d70b65070129d142ca6d32c5a04daef06,Working Pebbling 4
1354546125,0a461c04dcd183342f4566924eefeb9c4e622da8e715a263efc43d516ceef651,Mailbox
2130375461,0a461c04dcd183342f4566924eefeb9c4e622da8e715a263efc43d516ceef651,Mailbox
1354584933,4c1c4d509f125bec981bfc231e195416fc8f6597f7bdf59b4c649eafcf1d2f04,"I heard that there used to be a popular band, Windgliders, in the Argent Strait... Dudu loves their songs—I hope we get to see them in person someday."
1354636683,504cc9d35ee1f656475fec8f39616ee217e767844ed5a9ff7211861438f08668,Attempts N
1354644718,f7e3673d9501626456493f3f1ffe6565932a51eb988868599f0aa063b1999159,Client and server versions do not match. Use a local server if possible!
1354686808,f0e072b8b1e209ef6ef5206902b94918f24514763d5f2ea980a71493837bcdbb,You show the truffle you found by chance...
1354706105,a5a4eeb268fe85ab342bb1645478cb28f167fe947533ce961f348a989ae1102f,Current BREAK Value
1623807742,a5a4eeb268fe85ab342bb1645478cb28f167fe947533ce961f348a989ae1102f,Current BREAK Value
1354711567,020249a8971e8ccd7a1bdfc2ccaf9cc33893a634a222f05c14a8a74d2101d4f8,TapTap Exclusive Event
1547312109,020249a8971e8ccd7a1bdfc2ccaf9cc33893a634a222f05c14a8a74d2101d4f8,TapTap Exclusive Event
1354718894,d97c815efdd4ce9c3fba36f98fbeceaf33151a1bcb46543789c0be50a88e6fcb,"The Flutternym flaps its wings, scattering shiny scales."
1354731532,f51387fd0a269da8c8db93dfd53cb48c974b73f8eb21fca5044eaf417e7942a6,"That Susuta has this super salty smell, and it keeps diluting my natural Starine fragrance!"
1354764712,8890ec7de1cd027b2ab7ce632344de6cdc650fb6cf12de69deeda6c99055ca7b,"Release a Wind Shield to protect yourself, negating {0}% of your maximum health in damage for {1}s. While the Wind Shield is active, your movement speed increases by {2}%."
1354782762,4e4d7f2f252a64d919b657d79b885939ea40227e5c9a7b4d5d32f0e93c22cfc9,Nice~
1354807972,d96519c84e059359ccf77f1f6d1349d70178f7e72aa9859b4c4d78cd3cef4d6a,"Evolved from highland-dwelling Irises, the abundant minerals in the soil give them a maple-red color."
1354849198,5392256812d753b26853593ed09181359825ba8ca4d14add89d26ed7ea9bb4f7,"That’s great! I’m really good at being happy, so I’ll have lots of friends!"
1354865274,c38717ce24234bcab6592fd599ca0ded1eb2db6a92e37143b1142404ade16e0d,"Vanishes and reappears behind the target, dealing AoE damage and increasing the damage the target takes for a short time."
1354875236,93b6d1eb7b855b7b7d76c02f4cad3bfd77b06d57e798e627a0272887ad06611a,Denim Swagger
1370805664,93b6d1eb7b855b7b7d76c02f4cad3bfd77b06d57e798e627a0272887ad06611a,Denim Swagger
1354894618,9dd12a37bdcda989aa441f76606d0b7969c4ca333da05784b48f0e8f1b6febb5,It used to live in the castle tower! There are trinkets from its Collection there!
1354899082,54df8d3dc4ebb1a26c35e587ebe38e9d94436a7d27a3354b6ffb526f77cacd98,Jade Lin
1691983524,54df8d3dc4ebb1a26c35e587ebe38e9d94436a7d27a3354b6ffb526f77cacd98,Jade Lin
2110773415,54df8d3dc4ebb1a26c35e587ebe38e9d94436a7d27a3354b6ffb526f77cacd98,Jade Lin
1354972588,12689faf290bd8909ea6b201884db21f787ff703eb7836b65fdb2daa2ed849ec,Receive 3 random holo-gizmos at the cost of losing 80% current HP
1571374869,12689faf290bd8909ea6b201884db21f787ff703eb7836b65fdb2daa2ed849ec,Receive 3 random holo-gizmos at the cost of losing 80% current HP
1354975770,4e2ac3974eda8a1b08b8852be0fd32f8a7beb96ec237062919f329fb9a06cea2,Basic Attack Damage Increase During BREAK
2123168487,4e2ac3974eda8a1b08b8852be0fd32f8a7beb96ec237062919f329fb9a06cea2,Basic Attack Damage Increase During BREAK
1355002130,9845c82be9087bf277c788ffa8964b344937ef0f629a3860c580c331f5a8578a,Little Star of the Night
1448867413,9845c82be9087bf277c788ffa8964b344937ef0f629a3860c580c331f5a8578a,Little Star of the Night
1928632265,9845c82be9087bf277c788ffa8964b344937ef0f629a3860c580c331f5a8578a,Little Star of the Night
1355009446,30eae28860bd8f702a35712cc20ba3e0fd626c4d08535ae2efe83d818e17767a,The patterns are supposed to shine brightly when they are aligned. But you have to make sure they are not blocked by other objects.
1355037964,41b3cc80f4c8197d8c2194ac2ff51440975ce5450efedbdda7af92bab98fe3cc,Establishing teleport link...
1355040456,24ae823589d5e8cb1380589e8bc3088d68cab349570380e675eff152676556ed,"Oh, and I can also twine with four Aniimo now. Want to fight and see how far we’ve come?"
1355046369,626f3aa3c60e1b94ed3ec90e4c4ed930b8b35b626c32526849395550af76d2e2,"I just got back from the Russet Highlands, and boy am I thirsty!"
268609971,6b6bf41ddd4a40f79f9270c4f3578d5c2484bf9ec324d652d949d6b4284fb0af,Amber infused with Lumin Power. Branches can absorb its energy to grow.
268704260,6b6bf41ddd4a40f79f9270c4f3578d5c2484bf9ec324d652d949d6b4284fb0af,Amber infused with Lumin Power. Branches can absorb its energy to grow.
269026199,6b6bf41ddd4a40f79f9270c4f3578d5c2484bf9ec324d652d949d6b4284fb0af,Amber infused with Lumin Power. Branches can absorb its energy to grow.
270679887,6b6bf41ddd4a40f79f9270c4f3578d5c2484bf9ec324d652d949d6b4284fb0af,Amber infused with Lumin Power. Branches can absorb its energy to grow.
272089785,6b6bf41ddd4a40f79f9270c4f3578d5c2484bf9ec324d652d949d6b4284fb0af,Amber infused with Lumin Power. Branches can absorb its energy to grow.
272615861,6b6bf41ddd4a40f79f9270c4f3578d5c2484bf9ec324d652d949d6b4284fb0af,Amber infused with Lumin Power. Branches can absorb its energy to grow.
272998029,6b6bf41ddd4a40f79f9270c4f3578d5c2484bf9ec324d652d949d6b4284fb0af,Amber infused with Lumin Power. Branches can absorb its energy to grow.
273061756,6b6bf41ddd4a40f79f9270c4f3578d5c2484bf9ec324d652d949d6b4284fb0af,Amber infused with Lumin Power. Branches can absorb its energy to grow.
273137664,6b6bf41ddd4a40f79f9270c4f3578d5c2484bf9ec324d652d949d6b4284fb0af,Amber infused with Lumin Power. Branches can absorb its energy to grow.
276940451,6b6bf41ddd4a40f79f9270c4f3578d5c2484bf9ec324d652d949d6b4284fb0af,Amber infused with Lumin Power. Branches can absorb its energy to grow.
277570075,6b6bf41ddd4a40f79f9270c4f3578d5c2484bf9ec324d652d949d6b4284fb0af,Amber infused with Lumin Power. Branches can absorb its energy to grow.
280102613,6b6bf41ddd4a40f79f9270c4f3578d5c2484bf9ec324d652d949d6b4284fb0af,Amber infused with Lumin Power. Branches can absorb its energy to grow.
280428284,6b6bf41ddd4a40f79f9270c4f3578d5c2484bf9ec324d652d949d6b4284fb0af,Amber infused with Lumin Power. Branches can absorb its energy to grow.
281590418,6b6bf41ddd4a40f79f9270c4f3578d5c2484bf9ec324d652d949d6b4284fb0af,Amber infused with Lumin Power. Branches can absorb its energy to grow.
282151334,6b6bf41ddd4a40f79f9270c4f3578d5c2484bf9ec324d652d949d6b4284fb0af,Amber infused with Lumin Power. Branches can absorb its energy to grow.
282365946,6b6bf41ddd4a40f79f9270c4f3578d5c2484bf9ec324d652d949d6b4284fb0af,Amber infused with Lumin Power. Branches can absorb its energy to grow.
283568307,6b6bf41ddd4a40f79f9270c4f3578d5c2484bf9ec324d652d949d6b4284fb0af,Amber infused with Lumin Power. Branches can absorb its energy to grow.
285107481,6b6bf41ddd4a40f79f9270c4f3578d5c2484bf9ec324d652d949d6b4284fb0af,Amber infused with Lumin Power. Branches can absorb its energy to grow.
285645846,6b6bf41ddd4a40f79f9270c4f3578d5c2484bf9ec324d652d949d6b4284fb0af,Amber infused with Lumin Power. Branches can absorb its energy to grow.
286510171,6b6bf41ddd4a40f79f9270c4f3578d5c2484bf9ec324d652d949d6b4284fb0af,Amber infused with Lumin Power. Branches can absorb its energy to grow.
287665391,6b6bf41ddd4a40f79f9270c4f3578d5c2484bf9ec324d652d949d6b4284fb0af,Amber infused with Lumin Power. Branches can absorb its energy to grow.
287823549,6b6bf41ddd4a40f79f9270c4f3578d5c2484bf9ec324d652d949d6b4284fb0af,Amber infused with Lumin Power. Branches can absorb its energy to grow.
290079493,6b6bf41ddd4a40f79f9270c4f3578d5c2484bf9ec324d652d949d6b4284fb0af,Amber infused with Lumin Power. Branches can absorb its energy to grow.
290253023,6b6bf41ddd4a40f79f9270c4f3578d5c2484bf9ec324d652d949d6b4284fb0af,Amber infused with Lumin Power. Branches can absorb its energy to grow.
291990960,6b6bf41ddd4a40f79f9270c4f3578d5c2484bf9ec324d652d949d6b4284fb0af,Amber infused with Lumin Power. Branches can absorb its energy to grow.
292260500,6b6bf41ddd4a40f79f9270c4f3578d5c2484bf9ec324d652d949d6b4284fb0af,Amber infused with Lumin Power. Branches can absorb its energy to grow.
294103912,6b6bf41ddd4a40f79f9270c4f3578d5c2484bf9ec324d652d949d6b4284fb0af,Amber infused with Lumin Power. Branches can absorb its energy to grow.
295583615,6b6bf41ddd4a40f79f9270c4f3578d5c2484bf9ec324d652d949d6b4284fb0af,Amber infused with Lumin Power. Branches can absorb its energy to grow.
297632624,6b6bf41ddd4a40f79f9270c4f3578d5c2484bf9ec324d652d949d6b4284fb0af,Amber infused with Lumin Power. Branches can absorb its energy to grow.
300181806,6b6bf41ddd4a40f79f9270c4f3578d5c2484bf9ec324d652d949d6b4284fb0af,Amber infused with Lumin Power. Branches can absorb its energy to grow.
301052914,6b6bf41ddd4a40f79f9270c4f3578d5c2484bf9ec324d652d949d6b4284fb0af,Amber infused with Lumin Power. Branches can absorb its energy to grow.
301159617,6b6bf41ddd4a40f79f9270c4f3578d5c2484bf9ec324d652d949d6b4284fb0af,Amber infused with Lumin Power. Branches can absorb its energy to grow.
301770643,6b6bf41ddd4a40f79f9270c4f3578d5c2484bf9ec324d652d949d6b4284fb0af,Amber infused with Lumin Power. Branches can absorb its energy to grow.
301877616,6b6bf41ddd4a40f79f9270c4f3578d5c2484bf9ec324d652d949d6b4284fb0af,Amber infused with Lumin Power. Branches can absorb its energy to grow.
302003118,6b6bf41ddd4a40f79f9270c4f3578d5c2484bf9ec324d652d949d6b4284fb0af,Amber infused with Lumin Power. Branches can absorb its energy to grow.
303387436,6b6bf41ddd4a40f79f9270c4f3578d5c2484bf9ec324d652d949d6b4284fb0af,Amber infused with Lumin Power. Branches can absorb its energy to grow.
303789489,6b6bf41ddd4a40f79f9270c4f3578d5c2484bf9ec324d652d949d6b4284fb0af,Amber infused with Lumin Power. Branches can absorb its energy to grow.
303809117,6b6bf41ddd4a40f79f9270c4f3578d5c2484bf9ec324d652d949d6b4284fb0af,Amber infused with Lumin Power. Branches can absorb its energy to grow.
304042572,6b6bf41ddd4a40f79f9270c4f3578d5c2484bf9ec324d652d949d6b4284fb0af,Amber infused with Lumin Power. Branches can absorb its energy to grow.
306307274,6b6bf41ddd4a40f79f9270c4f3578d5c2484bf9ec324d652d949d6b4284fb0af,Amber infused with Lumin Power. Branches can absorb its energy to grow.
307078218,6b6bf41ddd4a40f79f9270c4f3578d5c2484bf9ec324d652d949d6b4284fb0af,Amber infused with Lumin Power. Branches can absorb its energy to grow.
307414856,6b6bf41ddd4a40f79f9270c4f3578d5c2484bf9ec324d652d949d6b4284fb0af,Amber infused with Lumin Power. Branches can absorb its energy to grow.
307726376,6b6bf41ddd4a40f79f9270c4f3578d5c2484bf9ec324d652d949d6b4284fb0af,Amber infused with Lumin Power. Branches can absorb its energy to grow.
308384912,6b6bf41ddd4a40f79f9270c4f3578d5c2484bf9ec324d652d949d6b4284fb0af,Amber infused with Lumin Power. Branches can absorb its energy to grow.
308457343,6b6bf41ddd4a40f79f9270c4f3578d5c2484bf9ec324d652d949d6b4284fb0af,Amber infused with Lumin Power. Branches can absorb its energy to grow.
308945723,6b6bf41ddd4a40f79f9270c4f3578d5c2484bf9ec324d652d949d6b4284fb0af,Amber infused with Lumin Power. Branches can absorb its energy to grow.
311003474,6b6bf41ddd4a40f79f9270c4f3578d5c2484bf9ec324d652d949d6b4284fb0af,Amber infused with Lumin Power. Branches can absorb its energy to grow.
311344116,6b6bf41ddd4a40f79f9270c4f3578d5c2484bf9ec324d652d949d6b4284fb0af,Amber infused with Lumin Power. Branches can absorb its energy to grow.
312229910,6b6bf41ddd4a40f79f9270c4f3578d5c2484bf9ec324d652d949d6b4284fb0af,Amber infused with Lumin Power. Branches can absorb its energy to grow.
313261798,6b6bf41ddd4a40f79f9270c4f3578d5c2484bf9ec324d652d949d6b4284fb0af,Amber infused with Lumin Power. Branches can absorb its energy to grow.
313805345,6b6bf41ddd4a40f79f9270c4f3578d5c2484bf9ec324d652d949d6b4284fb0af,Amber infused with Lumin Power. Branches can absorb its energy to grow.
313985860,6b6bf41ddd4a40f79f9270c4f3578d5c2484bf9ec324d652d949d6b4284fb0af,Amber infused with Lumin Power. Branches can absorb its energy to grow.
314732392,6b6bf41ddd4a40f79f9270c4f3578d5c2484bf9ec324d652d949d6b4284fb0af,Amber infused with Lumin Power. Branches can absorb its energy to grow.
315493022,6b6bf41ddd4a40f79f9270c4f3578d5c2484bf9ec324d652d949d6b4284fb0af,Amber infused with Lumin Power. Branches can absorb its energy to grow.
316402914,6b6bf41ddd4a40f79f9270c4f3578d5c2484bf9ec324d652d949d6b4284fb0af,Amber infused with Lumin Power. Branches can absorb its energy to grow.
316638803,6b6bf41ddd4a40f79f9270c4f3578d5c2484bf9ec324d652d949d6b4284fb0af,Amber infused with Lumin Power. Branches can absorb its energy to grow.
317740608,6b6bf41ddd4a40f79f9270c4f3578d5c2484bf9ec324d652d949d6b4284fb0af,Amber infused with Lumin Power. Branches can absorb its energy to grow.
318817871,6b6bf41ddd4a40f79f9270c4f3578d5c2484bf9ec324d652d949d6b4284fb0af,Amber infused with Lumin Power. Branches can absorb its energy to grow.
319026471,6b6bf41ddd4a40f79f9270c4f3578d5c2484bf9ec324d652d949d6b4284fb0af,Amber infused with Lumin Power. Branches can absorb its energy to grow.
320421942,6b6bf41ddd4a40f79f9270c4f3578d5c2484bf9ec324d652d949d6b4284fb0af,Amber infused with Lumin Power. Branches can absorb its energy to grow.
322014160,6b6bf41ddd4a40f79f9270c4f3578d5c2484bf9ec324d652d949d6b4284fb0af,Amber infused with Lumin Power. Branches can absorb its energy to grow.
323147368,6b6bf41ddd4a40f79f9270c4f3578d5c2484bf9ec324d652d949d6b4284fb0af,Amber infused with Lumin Power. Branches can absorb its energy to grow.
323525309,6b6bf41ddd4a40f79f9270c4f3578d5c2484bf9ec324d652d949d6b4284fb0af,Amber infused with Lumin Power. Branches can absorb its energy to grow.
324028862,6b6bf41ddd4a40f79f9270c4f3578d5c2484bf9ec324d652d949d6b4284fb0af,Amber infused with Lumin Power. Branches can absorb its energy to grow.
324435869,6b6bf41ddd4a40f79f9270c4f3578d5c2484bf9ec324d652d949d6b4284fb0af,Amber infused with Lumin Power. Branches can absorb its energy to grow.
325904042,6b6bf41ddd4a40f79f9270c4f3578d5c2484bf9ec324d652d949d6b4284fb0af,Amber infused with Lumin Power. Branches can absorb its energy to grow.
326047391,6b6bf41ddd4a40f79f9270c4f3578d5c2484bf9ec324d652d949d6b4284fb0af,Amber infused with Lumin Power. Branches can absorb its energy to grow.
326955512,6b6bf41ddd4a40f79f9270c4f3578d5c2484bf9ec324d652d949d6b4284fb0af,Amber infused with Lumin Power. Branches can absorb its energy to grow.
327166896,6b6bf41ddd4a40f79f9270c4f3578d5c2484bf9ec324d652d949d6b4284fb0af,Amber infused with Lumin Power. Branches can absorb its energy to grow.
327612466,6b6bf41ddd4a40f79f9270c4f3578d5c2484bf9ec324d652d949d6b4284fb0af,Amber infused with Lumin Power. Branches can absorb its energy to grow.
329768575,6b6bf41ddd4a40f79f9270c4f3578d5c2484bf9ec324d652d949d6b4284fb0af,Amber infused with Lumin Power. Branches can absorb its energy to grow.
329891832,6b6bf41ddd4a40f79f9270c4f3578d5c2484bf9ec324d652d949d6b4284fb0af,Amber infused with Lumin Power. Branches can absorb its energy to grow.
331562248,6b6bf41ddd4a40f79f9270c4f3578d5c2484bf9ec324d652d949d6b4284fb0af,Amber infused with Lumin Power. Branches can absorb its energy to grow.
331770887,6b6bf41ddd4a40f79f9270c4f3578d5c2484bf9ec324d652d949d6b4284fb0af,Amber infused with Lumin Power. Branches can absorb its energy to grow.
332545356,6b6bf41ddd4a40f79f9270c4f3578d5c2484bf9ec324d652d949d6b4284fb0af,Amber infused with Lumin Power. Branches can absorb its energy to grow.
332547663,6b6bf41ddd4a40f79f9270c4f3578d5c2484bf9ec324d652d949d6b4284fb0af,Amber infused with Lumin Power. Branches can absorb its energy to grow.
333064064,6b6bf41ddd4a40f79f9270c4f3578d5c2484bf9ec324d652d949d6b4284fb0af,Amber infused with Lumin Power. Branches can absorb its energy to grow.
333128234,6b6bf41ddd4a40f79f9270c4f3578d5c2484bf9ec324d652d949d6b4284fb0af,Amber infused with Lumin Power. Branches can absorb its energy to grow.
333387868,6b6bf41ddd4a40f79f9270c4f3578d5c2484bf9ec324d652d949d6b4284fb0af,Amber infused with Lumin Power. Branches can absorb its energy to grow.
333827723,6b6bf41ddd4a40f79f9270c4f3578d5c2484bf9ec324d652d949d6b4284fb0af,Amber infused with Lumin Power. Branches can absorb its energy to grow.
334011500,6b6bf41ddd4a40f79f9270c4f3578d5c2484bf9ec324d652d949d6b4284fb0af,Amber infused with Lumin Power. Branches can absorb its energy to grow.
334024822,6b6bf41ddd4a40f79f9270c4f3578d5c2484bf9ec324d652d949d6b4284fb0af,Amber infused with Lumin Power. Branches can absorb its energy to grow.
334375441,6b6bf41ddd4a40f79f9270c4f3578d5c2484bf9ec324d652d949d6b4284fb0af,Amber infused with Lumin Power. Branches can absorb its energy to grow.
334743146,6b6bf41ddd4a40f79f9270c4f3578d5c2484bf9ec324d652d949d6b4284fb0af,Amber infused with Lumin Power. Branches can absorb its energy to grow.
334778246,6b6bf41ddd4a40f79f9270c4f3578d5c2484bf9ec324d652d949d6b4284fb0af,Amber infused with Lumin Power. Branches can absorb its energy to grow.
334936440,6b6bf41ddd4a40f79f9270c4f3578d5c2484bf9ec324d652d949d6b4284fb0af,Amber infused with Lumin Power. Branches can absorb its energy to grow.
336014698,6b6bf41ddd4a40f79f9270c4f3578d5c2484bf9ec324d652d949d6b4284fb0af,Amber infused with Lumin Power. Branches can absorb its energy to grow.
336497003,6b6bf41ddd4a40f79f9270c4f3578d5c2484bf9ec324d652d949d6b4284fb0af,Amber infused with Lumin Power. Branches can absorb its energy to grow.
340558122,6b6bf41ddd4a40f79f9270c4f3578d5c2484bf9ec324d652d949d6b4284fb0af,Amber infused with Lumin Power. Branches can absorb its energy to grow.
342131524,6b6bf41ddd4a40f79f9270c4f3578d5c2484bf9ec324d652d949d6b4284fb0af,Amber infused with Lumin Power. Branches can absorb its energy to grow.
342367876,6b6bf41ddd4a40f79f9270c4f3578d5c2484bf9ec324d652d949d6b4284fb0af,Amber infused with Lumin Power. Branches can absorb its energy to grow.
345966546,6b6bf41ddd4a40f79f9270c4f3578d5c2484bf9ec324d652d949d6b4284fb0af,Amber infused with Lumin Power. Branches can absorb its energy to grow.
346769814,6b6bf41ddd4a40f79f9270c4f3578d5c2484bf9ec324d652d949d6b4284fb0af,Amber infused with Lumin Power. Branches can absorb its energy to grow.
346797584,6b6bf41ddd4a40f79f9270c4f3578d5c2484bf9ec324d652d949d6b4284fb0af,Amber infused with Lumin Power. Branches can absorb its energy to grow.
347480690,6b6bf41ddd4a40f79f9270c4f3578d5c2484bf9ec324d652d949d6b4284fb0af,Amber infused with Lumin Power. Branches can absorb its energy to grow.
348105861,6b6bf41ddd4a40f79f9270c4f3578d5c2484bf9ec324d652d949d6b4284fb0af,Amber infused with Lumin Power. Branches can absorb its energy to grow.
348304832,6b6bf41ddd4a40f79f9270c4f3578d5c2484bf9ec324d652d949d6b4284fb0af,Amber infused with Lumin Power. Branches can absorb its energy to grow.
348413850,6b6bf41ddd4a40f79f9270c4f3578d5c2484bf9ec324d652d949d6b4284fb0af,Amber infused with Lumin Power. Branches can absorb its energy to grow.
348690022,6b6bf41ddd4a40f79f9270c4f3578d5c2484bf9ec324d652d949d6b4284fb0af,Amber infused with Lumin Power. Branches can absorb its energy to grow.
348832159,6b6bf41ddd4a40f79f9270c4f3578d5c2484bf9ec324d652d949d6b4284fb0af,Amber infused with Lumin Power. Branches can absorb its energy to grow.
348853803,6b6bf41ddd4a40f79f9270c4f3578d5c2484bf9ec324d652d949d6b4284fb0af,Amber infused with Lumin Power. Branches can absorb its energy to grow.
349056393,6b6bf41ddd4a40f79f9270c4f3578d5c2484bf9ec324d652d949d6b4284fb0af,Amber infused with Lumin Power. Branches can absorb its energy to grow.
352634691,6b6bf41ddd4a40f79f9270c4f3578d5c2484bf9ec324d652d949d6b4284fb0af,Amber infused with Lumin Power. Branches can absorb its energy to grow.
353753757,6b6bf41ddd4a40f79f9270c4f3578d5c2484bf9ec324d652d949d6b4284fb0af,Amber infused with Lumin Power. Branches can absorb its energy to grow.
354176150,6b6bf41ddd4a40f79f9270c4f3578d5c2484bf9ec324d652d949d6b4284fb0af,Amber infused with Lumin Power. Branches can absorb its energy to grow.
354877958,6b6bf41ddd4a40f79f9270c4f3578d5c2484bf9ec324d652d949d6b4284fb0af,Amber infused with Lumin Power. Branches can absorb its energy to grow.
355174409,6b6bf41ddd4a40f79f9270c4f3578d5c2484bf9ec324d652d949d6b4284fb0af,Amber infused with Lumin Power. Branches can absorb its energy to grow.
355358447,6b6bf41ddd4a40f79f9270c4f3578d5c2484bf9ec324d652d949d6b4284fb0af,Amber infused with Lumin Power. Branches can absorb its energy to grow.
356167101,6b6bf41ddd4a40f79f9270c4f3578d5c2484bf9ec324d652d949d6b4284fb0af,Amber infused with Lumin Power. Branches can absorb its energy to grow.
356486002,6b6bf41ddd4a40f79f9270c4f3578d5c2484bf9ec324d652d949d6b4284fb0af,Amber infused with Lumin Power. Branches can absorb its energy to grow.
357659760,6b6bf41ddd4a40f79f9270c4f3578d5c2484bf9ec324d652d949d6b4284fb0af,Amber infused with Lumin Power. Branches can absorb its energy to grow.
359377520,6b6bf41ddd4a40f79f9270c4f3578d5c2484bf9ec324d652d949d6b4284fb0af,Amber infused with Lumin Power. Branches can absorb its energy to grow.
365545036,6b6bf41ddd4a40f79f9270c4f3578d5c2484bf9ec324d652d949d6b4284fb0af,Amber infused with Lumin Power. Branches can absorb its energy to grow.
365633734,6b6bf41ddd4a40f79f9270c4f3578d5c2484bf9ec324d652d949d6b4284fb0af,Amber infused with Lumin Power. Branches can absorb its energy to grow.
365908700,6b6bf41ddd4a40f79f9270c4f3578d5c2484bf9ec324d652d949d6b4284fb0af,Amber infused with Lumin Power. Branches can absorb its energy to grow.
367254363,6b6bf41ddd4a40f79f9270c4f3578d5c2484bf9ec324d652d949d6b4284fb0af,Amber infused with Lumin Power. Branches can absorb its energy to grow.
369422112,6b6bf41ddd4a40f79f9270c4f3578d5c2484bf9ec324d652d949d6b4284fb0af,Amber infused with Lumin Power. Branches can absorb its energy to grow.
369925364,6b6bf41ddd4a40f79f9270c4f3578d5c2484bf9ec324d652d949d6b4284fb0af,Amber infused with Lumin Power. Branches can absorb its energy to grow.
371183091,6b6bf41ddd4a40f79f9270c4f3578d5c2484bf9ec324d652d949d6b4284fb0af,Amber infused with Lumin Power. Branches can absorb its energy to grow.
373089969,6b6bf41ddd4a40f79f9270c4f3578d5c2484bf9ec324d652d949d6b4284fb0af,Amber infused with Lumin Power. Branches can absorb its energy to grow.
373213879,6b6bf41ddd4a40f79f9270c4f3578d5c2484bf9ec324d652d949d6b4284fb0af,Amber infused with Lumin Power. Branches can absorb its energy to grow.
373214910,6b6bf41ddd4a40f79f9270c4f3578d5c2484bf9ec324d652d949d6b4284fb0af,Amber infused with Lumin Power. Branches can absorb its energy to grow.
373367870,6b6bf41ddd4a40f79f9270c4f3578d5c2484bf9ec324d652d949d6b4284fb0af,Amber infused with Lumin Power. Branches can absorb its energy to grow.
374002955,6b6bf41ddd4a40f79f9270c4f3578d5c2484bf9ec324d652d949d6b4284fb0af,Amber infused with Lumin Power. Branches can absorb its energy to grow.
374162062,6b6bf41ddd4a40f79f9270c4f3578d5c2484bf9ec324d652d949d6b4284fb0af,Amber infused with Lumin Power. Branches can absorb its energy to grow.
374643104,6b6bf41ddd4a40f79f9270c4f3578d5c2484bf9ec324d652d949d6b4284fb0af,Amber infused with Lumin Power. Branches can absorb its energy to grow.
375992226,6b6bf41ddd4a40f79f9270c4f3578d5c2484bf9ec324d652d949d6b4284fb0af,Amber infused with Lumin Power. Branches can absorb its energy to grow.
376018930,6b6bf41ddd4a40f79f9270c4f3578d5c2484bf9ec324d652d949d6b4284fb0af,Amber infused with Lumin Power. Branches can absorb its energy to grow.
376108014,6b6bf41ddd4a40f79f9270c4f3578d5c2484bf9ec324d652d949d6b4284fb0af,Amber infused with Lumin Power. Branches can absorb its energy to grow.
377212971,6b6bf41ddd4a40f79f9270c4f3578d5c2484bf9ec324d652d949d6b4284fb0af,Amber infused with Lumin Power. Branches can absorb its energy to grow.
379867985,6b6bf41ddd4a40f79f9270c4f3578d5c2484bf9ec324d652d949d6b4284fb0af,Amber infused with Lumin Power. Branches can absorb its energy to grow.
380977256,6b6bf41ddd4a40f79f9270c4f3578d5c2484bf9ec324d652d949d6b4284fb0af,Amber infused with Lumin Power. Branches can absorb its energy to grow.
381262227,6b6bf41ddd4a40f79f9270c4f3578d5c2484bf9ec324d652d949d6b4284fb0af,Amber infused with Lumin Power. Branches can absorb its energy to grow.
381510666,6b6bf41ddd4a40f79f9270c4f3578d5c2484bf9ec324d652d949d6b4284fb0af,Amber infused with Lumin Power. Branches can absorb its energy to grow.
381550481,6b6bf41ddd4a40f79f9270c4f3578d5c2484bf9ec324d652d949d6b4284fb0af,Amber infused with Lumin Power. Branches can absorb its energy to grow.
381821065,6b6bf41ddd4a40f79f9270c4f3578d5c2484bf9ec324d652d949d6b4284fb0af,Amber infused with Lumin Power. Branches can absorb its energy to grow.
382029929,6b6bf41ddd4a40f79f9270c4f3578d5c2484bf9ec324d652d949d6b4284fb0af,Amber infused with Lumin Power. Branches can absorb its energy to grow.
382132692,6b6bf41ddd4a40f79f9270c4f3578d5c2484bf9ec324d652d949d6b4284fb0af,Amber infused with Lumin Power. Branches can absorb its energy to grow.
382344241,6b6bf41ddd4a40f79f9270c4f3578d5c2484bf9ec324d652d949d6b4284fb0af,Amber infused with Lumin Power. Branches can absorb its energy to grow.
382948606,6b6bf41ddd4a40f79f9270c4f3578d5c2484bf9ec324d652d949d6b4284fb0af,Amber infused with Lumin Power. Branches can absorb its energy to grow.
386138326,6b6bf41ddd4a40f79f9270c4f3578d5c2484bf9ec324d652d949d6b4284fb0af,Amber infused with Lumin Power. Branches can absorb its energy to grow.
386519950,6b6bf41ddd4a40f79f9270c4f3578d5c2484bf9ec324d652d949d6b4284fb0af,Amber infused with Lumin Power. Branches can absorb its energy to grow.
386536863,6b6bf41ddd4a40f79f9270c4f3578d5c2484bf9ec324d652d949d6b4284fb0af,Amber infused with Lumin Power. Branches can absorb its energy to grow.
386544843,6b6bf41ddd4a40f79f9270c4f3578d5c2484bf9ec324d652d949d6b4284fb0af,Amber infused with Lumin Power. Branches can absorb its energy to grow.
386585065,6b6bf41ddd4a40f79f9270c4f3578d5c2484bf9ec324d652d949d6b4284fb0af,Amber infused with Lumin Power. Branches can absorb its energy to grow.
386591473,6b6bf41ddd4a40f79f9270c4f3578d5c2484bf9ec324d652d949d6b4284fb0af,Amber infused with Lumin Power. Branches can absorb its energy to grow.
387027347,6b6bf41ddd4a40f79f9270c4f3578d5c2484bf9ec324d652d949d6b4284fb0af,Amber infused with Lumin Power. Branches can absorb its energy to grow.
387980582,6b6bf41ddd4a40f79f9270c4f3578d5c2484bf9ec324d652d949d6b4284fb0af,Amber infused with Lumin Power. Branches can absorb its energy to grow.
388386480,6b6bf41ddd4a40f79f9270c4f3578d5c2484bf9ec324d652d949d6b4284fb0af,Amber infused with Lumin Power. Branches can absorb its energy to grow.
388413420,6b6bf41ddd4a40f79f9270c4f3578d5c2484bf9ec324d652d949d6b4284fb0af,Amber infused with Lumin Power. Branches can absorb its energy to grow.
388559746,6b6bf41ddd4a40f79f9270c4f3578d5c2484bf9ec324d652d949d6b4284fb0af,Amber infused with Lumin Power. Branches can absorb its energy to grow.
388762305,6b6bf41ddd4a40f79f9270c4f3578d5c2484bf9ec324d652d949d6b4284fb0af,Amber infused with Lumin Power. Branches can absorb its energy to grow.
389236209,6b6bf41ddd4a40f79f9270c4f3578d5c2484bf9ec324d652d949d6b4284fb0af,Amber infused with Lumin Power. Branches can absorb its energy to grow.
390274620,6b6bf41ddd4a40f79f9270c4f3578d5c2484bf9ec324d652d949d6b4284fb0af,Amber infused with Lumin Power. Branches can absorb its energy to grow.
390791174,6b6bf41ddd4a40f79f9270c4f3578d5c2484bf9ec324d652d949d6b4284fb0af,Amber infused with Lumin Power. Branches can absorb its energy to grow.
392627980,6b6bf41ddd4a40f79f9270c4f3578d5c2484bf9ec324d652d949d6b4284fb0af,Amber infused with Lumin Power. Branches can absorb its energy to grow.
393224488,6b6bf41ddd4a40f79f9270c4f3578d5c2484bf9ec324d652d949d6b4284fb0af,Amber infused with Lumin Power. Branches can absorb its energy to grow.
393460245,6b6bf41ddd4a40f79f9270c4f3578d5c2484bf9ec324d652d949d6b4284fb0af,Amber infused with Lumin Power. Branches can absorb its energy to grow.
394637961,6b6bf41ddd4a40f79f9270c4f3578d5c2484bf9ec324d652d949d6b4284fb0af,Amber infused with Lumin Power. Branches can absorb its energy to grow.
395268318,6b6bf41ddd4a40f79f9270c4f3578d5c2484bf9ec324d652d949d6b4284fb0af,Amber infused with Lumin Power. Branches can absorb its energy to grow.
395370617,6b6bf41ddd4a40f79f9270c4f3578d5c2484bf9ec324d652d949d6b4284fb0af,Amber infused with Lumin Power. Branches can absorb its energy to grow.
395870615,6b6bf41ddd4a40f79f9270c4f3578d5c2484bf9ec324d652d949d6b4284fb0af,Amber infused with Lumin Power. Branches can absorb its energy to grow.
396297827,6b6bf41ddd4a40f79f9270c4f3578d5c2484bf9ec324d652d949d6b4284fb0af,Amber infused with Lumin Power. Branches can absorb its energy to grow.
397364545,6b6bf41ddd4a40f79f9270c4f3578d5c2484bf9ec324d652d949d6b4284fb0af,Amber infused with Lumin Power. Branches can absorb its energy to grow.
398209110,6b6bf41ddd4a40f79f9270c4f3578d5c2484bf9ec324d652d949d6b4284fb0af,Amber infused with Lumin Power. Branches can absorb its energy to grow.
398598688,6b6bf41ddd4a40f79f9270c4f3578d5c2484bf9ec324d652d949d6b4284fb0af,Amber infused with Lumin Power. Branches can absorb its energy to grow.
398730740,6b6bf41ddd4a40f79f9270c4f3578d5c2484bf9ec324d652d949d6b4284fb0af,Amber infused with Lumin Power. Branches can absorb its energy to grow.
400467878,6b6bf41ddd4a40f79f9270c4f3578d5c2484bf9ec324d652d949d6b4284fb0af,Amber infused with Lumin Power. Branches can absorb its energy to grow.
402663683,6b6bf41ddd4a40f79f9270c4f3578d5c2484bf9ec324d652d949d6b4284fb0af,Amber infused with Lumin Power. Branches can absorb its energy to grow.
403897349,6b6bf41ddd4a40f79f9270c4f3578d5c2484bf9ec324d652d949d6b4284fb0af,Amber infused with Lumin Power. Branches can absorb its energy to grow.
404341605,6b6bf41ddd4a40f79f9270c4f3578d5c2484bf9ec324d652d949d6b4284fb0af,Amber infused with Lumin Power. Branches can absorb its energy to grow.
404920288,6b6bf41ddd4a40f79f9270c4f3578d5c2484bf9ec324d652d949d6b4284fb0af,Amber infused with Lumin Power. Branches can absorb its energy to grow.
404954060,6b6bf41ddd4a40f79f9270c4f3578d5c2484bf9ec324d652d949d6b4284fb0af,Amber infused with Lumin Power. Branches can absorb its energy to grow.
405978965,6b6bf41ddd4a40f79f9270c4f3578d5c2484bf9ec324d652d949d6b4284fb0af,Amber infused with Lumin Power. Branches can absorb its energy to grow.
405998469,6b6bf41ddd4a40f79f9270c4f3578d5c2484bf9ec324d652d949d6b4284fb0af,Amber infused with Lumin Power. Branches can absorb its energy to grow.
407250013,6b6bf41ddd4a40f79f9270c4f3578d5c2484bf9ec324d652d949d6b4284fb0af,Amber infused with Lumin Power. Branches can absorb its energy to grow.
407804820,6b6bf41ddd4a40f79f9270c4f3578d5c2484bf9ec324d652d949d6b4284fb0af,Amber infused with Lumin Power. Branches can absorb its energy to grow.
408890812,6b6bf41ddd4a40f79f9270c4f3578d5c2484bf9ec324d652d949d6b4284fb0af,Amber infused with Lumin Power. Branches can absorb its energy to grow.
410960300,6b6bf41ddd4a40f79f9270c4f3578d5c2484bf9ec324d652d949d6b4284fb0af,Amber infused with Lumin Power. Branches can absorb its energy to grow.
411154696,6b6bf41ddd4a40f79f9270c4f3578d5c2484bf9ec324d652d949d6b4284fb0af,Amber infused with Lumin Power. Branches can absorb its energy to grow.
411544888,6b6bf41ddd4a40f79f9270c4f3578d5c2484bf9ec324d652d949d6b4284fb0af,Amber infused with Lumin Power. Branches can absorb its energy to grow.
411631910,6b6bf41ddd4a40f79f9270c4f3578d5c2484bf9ec324d652d949d6b4284fb0af,Amber infused with Lumin Power. Branches can absorb its energy to grow.
412140034,6b6bf41ddd4a40f79f9270c4f3578d5c2484bf9ec324d652d949d6b4284fb0af,Amber infused with Lumin Power. Branches can absorb its energy to grow.
413674992,6b6bf41ddd4a40f79f9270c4f3578d5c2484bf9ec324d652d949d6b4284fb0af,Amber infused with Lumin Power. Branches can absorb its energy to grow.
413962989,6b6bf41ddd4a40f79f9270c4f3578d5c2484bf9ec324d652d949d6b4284fb0af,Amber infused with Lumin Power. Branches can absorb its energy to grow.
413983269,6b6bf41ddd4a40f79f9270c4f3578d5c2484bf9ec324d652d949d6b4284fb0af,Amber infused with Lumin Power. Branches can absorb its energy to grow.
414227876,6b6bf41ddd4a40f79f9270c4f3578d5c2484bf9ec324d652d949d6b4284fb0af,Amber infused with Lumin Power. Branches can absorb its energy to grow.
414443754,6b6bf41ddd4a40f79f9270c4f3578d5c2484bf9ec324d652d949d6b4284fb0af,Amber infused with Lumin Power. Branches can absorb its energy to grow.
414931613,6b6bf41ddd4a40f79f9270c4f3578d5c2484bf9ec324d652d949d6b4284fb0af,Amber infused with Lumin Power. Branches can absorb its energy to grow.
414977058,6b6bf41ddd4a40f79f9270c4f3578d5c2484bf9ec324d652d949d6b4284fb0af,Amber infused with Lumin Power. Branches can absorb its energy to grow.
415071157,6b6bf41ddd4a40f79f9270c4f3578d5c2484bf9ec324d652d949d6b4284fb0af,Amber infused with Lumin Power. Branches can absorb its energy to grow.
416192882,6b6bf41ddd4a40f79f9270c4f3578d5c2484bf9ec324d652d949d6b4284fb0af,Amber infused with Lumin Power. Branches can absorb its energy to grow.
416635553,6b6bf41ddd4a40f79f9270c4f3578d5c2484bf9ec324d652d949d6b4284fb0af,Amber infused with Lumin Power. Branches can absorb its energy to grow.
417488511,6b6bf41ddd4a40f79f9270c4f3578d5c2484bf9ec324d652d949d6b4284fb0af,Amber infused with Lumin Power. Branches can absorb its energy to grow.
418037864,6b6bf41ddd4a40f79f9270c4f3578d5c2484bf9ec324d652d949d6b4284fb0af,Amber infused with Lumin Power. Branches can absorb its energy to grow.
418438094,6b6bf41ddd4a40f79f9270c4f3578d5c2484bf9ec324d652d949d6b4284fb0af,Amber infused with Lumin Power. Branches can absorb its energy to grow.
420062999,6b6bf41ddd4a40f79f9270c4f3578d5c2484bf9ec324d652d949d6b4284fb0af,Amber infused with Lumin Power. Branches can absorb its energy to grow.
425778970,6b6bf41ddd4a40f79f9270c4f3578d5c2484bf9ec324d652d949d6b4284fb0af,Amber infused with Lumin Power. Branches can absorb its energy to grow.
426879667,6b6bf41ddd4a40f79f9270c4f3578d5c2484bf9ec324d652d949d6b4284fb0af,Amber infused with Lumin Power. Branches can absorb its energy to grow.
427392092,6b6bf41ddd4a40f79f9270c4f3578d5c2484bf9ec324d652d949d6b4284fb0af,Amber infused with Lumin Power. Branches can absorb its energy to grow.
427708156,6b6bf41ddd4a40f79f9270c4f3578d5c2484bf9ec324d652d949d6b4284fb0af,Amber infused with Lumin Power. Branches can absorb its energy to grow.
430248662,6b6bf41ddd4a40f79f9270c4f3578d5c2484bf9ec324d652d949d6b4284fb0af,Amber infused with Lumin Power. Branches can absorb its energy to grow.
430362849,6b6bf41ddd4a40f79f9270c4f3578d5c2484bf9ec324d652d949d6b4284fb0af,Amber infused with Lumin Power. Branches can absorb its energy to grow.
432671039,6b6bf41ddd4a40f79f9270c4f3578d5c2484bf9ec324d652d949d6b4284fb0af,Amber infused with Lumin Power. Branches can absorb its energy to grow.
436164731,6b6bf41ddd4a40f79f9270c4f3578d5c2484bf9ec324d652d949d6b4284fb0af,Amber infused with Lumin Power. Branches can absorb its energy to grow.
437433601,6b6bf41ddd4a40f79f9270c4f3578d5c2484bf9ec324d652d949d6b4284fb0af,Amber infused with Lumin Power. Branches can absorb its energy to grow.
438275773,6b6bf41ddd4a40f79f9270c4f3578d5c2484bf9ec324d652d949d6b4284fb0af,Amber infused with Lumin Power. Branches can absorb its energy to grow.
438357502,6b6bf41ddd4a40f79f9270c4f3578d5c2484bf9ec324d652d949d6b4284fb0af,Amber infused with Lumin Power. Branches can absorb its energy to grow.
441213113,6b6bf41ddd4a40f79f9270c4f3578d5c2484bf9ec324d652d949d6b4284fb0af,Amber infused with Lumin Power. Branches can absorb its energy to grow.
441300827,6b6bf41ddd4a40f79f9270c4f3578d5c2484bf9ec324d652d949d6b4284fb0af,Amber infused with Lumin Power. Branches can absorb its energy to grow.
441836807,6b6bf41ddd4a40f79f9270c4f3578d5c2484bf9ec324d652d949d6b4284fb0af,Amber infused with Lumin Power. Branches can absorb its energy to grow.
442175027,6b6bf41ddd4a40f79f9270c4f3578d5c2484bf9ec324d652d949d6b4284fb0af,Amber infused with Lumin Power. Branches can absorb its energy to grow.
442901706,6b6bf41ddd4a40f79f9270c4f3578d5c2484bf9ec324d652d949d6b4284fb0af,Amber infused with Lumin Power. Branches can absorb its energy to grow.
443503126,6b6bf41ddd4a40f79f9270c4f3578d5c2484bf9ec324d652d949d6b4284fb0af,Amber infused with Lumin Power. Branches can absorb its energy to grow.
443506006,6b6bf41ddd4a40f79f9270c4f3578d5c2484bf9ec324d652d949d6b4284fb0af,Amber infused with Lumin Power. Branches can absorb its energy to grow.
445238684,6b6bf41ddd4a40f79f9270c4f3578d5c2484bf9ec324d652d949d6b4284fb0af,Amber infused with Lumin Power. Branches can absorb its energy to grow.
446297326,6b6bf41ddd4a40f79f9270c4f3578d5c2484bf9ec324d652d949d6b4284fb0af,Amber infused with Lumin Power. Branches can absorb its energy to grow.
447309036,6b6bf41ddd4a40f79f9270c4f3578d5c2484bf9ec324d652d949d6b4284fb0af,Amber infused with Lumin Power. Branches can absorb its energy to grow.
449499829,6b6bf41ddd4a40f79f9270c4f3578d5c2484bf9ec324d652d949d6b4284fb0af,Amber infused with Lumin Power. Branches can absorb its energy to grow.
450875326,6b6bf41ddd4a40f79f9270c4f3578d5c2484bf9ec324d652d949d6b4284fb0af,Amber infused with Lumin Power. Branches can absorb its energy to grow.
451772230,6b6bf41ddd4a40f79f9270c4f3578d5c2484bf9ec324d652d949d6b4284fb0af,Amber infused with Lumin Power. Branches can absorb its energy to grow.
451840257,6b6bf41ddd4a40f79f9270c4f3578d5c2484bf9ec324d652d949d6b4284fb0af,Amber infused with Lumin Power. Branches can absorb its energy to grow.
453293422,6b6bf41ddd4a40f79f9270c4f3578d5c2484bf9ec324d652d949d6b4284fb0af,Amber infused with Lumin Power. Branches can absorb its energy to grow.
454140994,6b6bf41ddd4a40f79f9270c4f3578d5c2484bf9ec324d652d949d6b4284fb0af,Amber infused with Lumin Power. Branches can absorb its energy to grow.
457601745,6b6bf41ddd4a40f79f9270c4f3578d5c2484bf9ec324d652d949d6b4284fb0af,Amber infused with Lumin Power. Branches can absorb its energy to grow.
457661986,6b6bf41ddd4a40f79f9270c4f3578d5c2484bf9ec324d652d949d6b4284fb0af,Amber infused with Lumin Power. Branches can absorb its energy to grow.
458721679,6b6bf41ddd4a40f79f9270c4f3578d5c2484bf9ec324d652d949d6b4284fb0af,Amber infused with Lumin Power. Branches can absorb its energy to grow.
459119732,6b6bf41ddd4a40f79f9270c4f3578d5c2484bf9ec324d652d949d6b4284fb0af,Amber infused with Lumin Power. Branches can absorb its energy to grow.
459347372,6b6bf41ddd4a40f79f9270c4f3578d5c2484bf9ec324d652d949d6b4284fb0af,Amber infused with Lumin Power. Branches can absorb its energy to grow.
460435121,6b6bf41ddd4a40f79f9270c4f3578d5c2484bf9ec324d652d949d6b4284fb0af,Amber infused with Lumin Power. Branches can absorb its energy to grow.
460488850,6b6bf41ddd4a40f79f9270c4f3578d5c2484bf9ec324d652d949d6b4284fb0af,Amber infused with Lumin Power. Branches can absorb its energy to grow.
461169092,6b6bf41ddd4a40f79f9270c4f3578d5c2484bf9ec324d652d949d6b4284fb0af,Amber infused with Lumin Power. Branches can absorb its energy to grow.
461607451,6b6bf41ddd4a40f79f9270c4f3578d5c2484bf9ec324d652d949d6b4284fb0af,Amber infused with Lumin Power. Branches can absorb its energy to grow.
461922350,6b6bf41ddd4a40f79f9270c4f3578d5c2484bf9ec324d652d949d6b4284fb0af,Amber infused with Lumin Power. Branches can absorb its energy to grow.
462234831,6b6bf41ddd4a40f79f9270c4f3578d5c2484bf9ec324d652d949d6b4284fb0af,Amber infused with Lumin Power. Branches can absorb its energy to grow.
462261200,6b6bf41ddd4a40f79f9270c4f3578d5c2484bf9ec324d652d949d6b4284fb0af,Amber infused with Lumin Power. Branches can absorb its energy to grow.
463208618,6b6bf41ddd4a40f79f9270c4f3578d5c2484bf9ec324d652d949d6b4284fb0af,Amber infused with Lumin Power. Branches can absorb its energy to grow.
463755843,6b6bf41ddd4a40f79f9270c4f3578d5c2484bf9ec324d652d949d6b4284fb0af,Amber infused with Lumin Power. Branches can absorb its energy to grow.
464554514,6b6bf41ddd4a40f79f9270c4f3578d5c2484bf9ec324d652d949d6b4284fb0af,Amber infused with Lumin Power. Branches can absorb its energy to grow.
465200567,6b6bf41ddd4a40f79f9270c4f3578d5c2484bf9ec324d652d949d6b4284fb0af,Amber infused with Lumin Power. Branches can absorb its energy to grow.
466248580,6b6bf41ddd4a40f79f9270c4f3578d5c2484bf9ec324d652d949d6b4284fb0af,Amber infused with Lumin Power. Branches can absorb its energy to grow.
468049439,6b6bf41ddd4a40f79f9270c4f3578d5c2484bf9ec324d652d949d6b4284fb0af,Amber infused with Lumin Power. Branches can absorb its energy to grow.
468708133,6b6bf41ddd4a40f79f9270c4f3578d5c2484bf9ec324d652d949d6b4284fb0af,Amber infused with Lumin Power. Branches can absorb its energy to grow.
469446859,6b6bf41ddd4a40f79f9270c4f3578d5c2484bf9ec324d652d949d6b4284fb0af,Amber infused with Lumin Power. Branches can absorb its energy to grow.
472406156,6b6bf41ddd4a40f79f9270c4f3578d5c2484bf9ec324d652d949d6b4284fb0af,Amber infused with Lumin Power. Branches can absorb its energy to grow.
472721588,6b6bf41ddd4a40f79f9270c4f3578d5c2484bf9ec324d652d949d6b4284fb0af,Amber infused with Lumin Power. Branches can absorb its energy to grow.
474436028,6b6bf41ddd4a40f79f9270c4f3578d5c2484bf9ec324d652d949d6b4284fb0af,Amber infused with Lumin Power. Branches can absorb its energy to grow.
474728977,6b6bf41ddd4a40f79f9270c4f3578d5c2484bf9ec324d652d949d6b4284fb0af,Amber infused with Lumin Power. Branches can absorb its energy to grow.
475753021,6b6bf41ddd4a40f79f9270c4f3578d5c2484bf9ec324d652d949d6b4284fb0af,Amber infused with Lumin Power. Branches can absorb its energy to grow.
476915209,6b6bf41ddd4a40f79f9270c4f3578d5c2484bf9ec324d652d949d6b4284fb0af,Amber infused with Lumin Power. Branches can absorb its energy to grow.
478711055,6b6bf41ddd4a40f79f9270c4f3578d5c2484bf9ec324d652d949d6b4284fb0af,Amber infused with Lumin Power. Branches can absorb its energy to grow.
481353115,6b6bf41ddd4a40f79f9270c4f3578d5c2484bf9ec324d652d949d6b4284fb0af,Amber infused with Lumin Power. Branches can absorb its energy to grow.
482194882,6b6bf41ddd4a40f79f9270c4f3578d5c2484bf9ec324d652d949d6b4284fb0af,Amber infused with Lumin Power. Branches can absorb its energy to grow.
482284602,6b6bf41ddd4a40f79f9270c4f3578d5c2484bf9ec324d652d949d6b4284fb0af,Amber infused with Lumin Power. Branches can absorb its energy to grow.
483216213,6b6bf41ddd4a40f79f9270c4f3578d5c2484bf9ec324d652d949d6b4284fb0af,Amber infused with Lumin Power. Branches can absorb its energy to grow.
483656232,6b6bf41ddd4a40f79f9270c4f3578d5c2484bf9ec324d652d949d6b4284fb0af,Amber infused with Lumin Power. Branches can absorb its energy to grow.
483771063,6b6bf41ddd4a40f79f9270c4f3578d5c2484bf9ec324d652d949d6b4284fb0af,Amber infused with Lumin Power. Branches can absorb its energy to grow.
483842712,6b6bf41ddd4a40f79f9270c4f3578d5c2484bf9ec324d652d949d6b4284fb0af,Amber infused with Lumin Power. Branches can absorb its energy to grow.
483893661,6b6bf41ddd4a40f79f9270c4f3578d5c2484bf9ec324d652d949d6b4284fb0af,Amber infused with Lumin Power. Branches can absorb its energy to grow.
484658580,6b6bf41ddd4a40f79f9270c4f3578d5c2484bf9ec324d652d949d6b4284fb0af,Amber infused with Lumin Power. Branches can absorb its energy to grow.
485158755,6b6bf41ddd4a40f79f9270c4f3578d5c2484bf9ec324d652d949d6b4284fb0af,Amber infused with Lumin Power. Branches can absorb its energy to grow.
485820878,6b6bf41ddd4a40f79f9270c4f3578d5c2484bf9ec324d652d949d6b4284fb0af,Amber infused with Lumin Power. Branches can absorb its energy to grow.
486877140,6b6bf41ddd4a40f79f9270c4f3578d5c2484bf9ec324d652d949d6b4284fb0af,Amber infused with Lumin Power. Branches can absorb its energy to grow.
487557747,6b6bf41ddd4a40f79f9270c4f3578d5c2484bf9ec324d652d949d6b4284fb0af,Amber infused with Lumin Power. Branches can absorb its energy to grow.
490146526,6b6bf41ddd4a40f79f9270c4f3578d5c2484bf9ec324d652d949d6b4284fb0af,Amber infused with Lumin Power. Branches can absorb its energy to grow.
490971366,6b6bf41ddd4a40f79f9270c4f3578d5c2484bf9ec324d652d949d6b4284fb0af,Amber infused with Lumin Power. Branches can absorb its energy to grow.
494400036,6b6bf41ddd4a40f79f9270c4f3578d5c2484bf9ec324d652d949d6b4284fb0af,Amber infused with Lumin Power. Branches can absorb its energy to grow.
494423510,6b6bf41ddd4a40f79f9270c4f3578d5c2484bf9ec324d652d949d6b4284fb0af,Amber infused with Lumin Power. Branches can absorb its energy to grow.
494522845,6b6bf41ddd4a40f79f9270c4f3578d5c2484bf9ec324d652d949d6b4284fb0af,Amber infused with Lumin Power. Branches can absorb its energy to grow.
495799144,6b6bf41ddd4a40f79f9270c4f3578d5c2484bf9ec324d652d949d6b4284fb0af,Amber infused with Lumin Power. Branches can absorb its energy to grow.
496288933,6b6bf41ddd4a40f79f9270c4f3578d5c2484bf9ec324d652d949d6b4284fb0af,Amber infused with Lumin Power. Branches can absorb its energy to grow.
496373295,6b6bf41ddd4a40f79f9270c4f3578d5c2484bf9ec324d652d949d6b4284fb0af,Amber infused with Lumin Power. Branches can absorb its energy to grow.
497256372,6b6bf41ddd4a40f79f9270c4f3578d5c2484bf9ec324d652d949d6b4284fb0af,Amber infused with Lumin Power. Branches can absorb its energy to grow.
498603655,6b6bf41ddd4a40f79f9270c4f3578d5c2484bf9ec324d652d949d6b4284fb0af,Amber infused with Lumin Power. Branches can absorb its energy to grow.
498617421,6b6bf41ddd4a40f79f9270c4f3578d5c2484bf9ec324d652d949d6b4284fb0af,Amber infused with Lumin Power. Branches can absorb its energy to grow.
499510770,6b6bf41ddd4a40f79f9270c4f3578d5c2484bf9ec324d652d949d6b4284fb0af,Amber infused with Lumin Power. Branches can absorb its energy to grow.
500500704,6b6bf41ddd4a40f79f9270c4f3578d5c2484bf9ec324d652d949d6b4284fb0af,Amber infused with Lumin Power. Branches can absorb its energy to grow.
500809207,6b6bf41ddd4a40f79f9270c4f3578d5c2484bf9ec324d652d949d6b4284fb0af,Amber infused with Lumin Power. Branches can absorb its energy to grow.
500816074,6b6bf41ddd4a40f79f9270c4f3578d5c2484bf9ec324d652d949d6b4284fb0af,Amber infused with Lumin Power. Branches can absorb its energy to grow.
500902306,6b6bf41ddd4a40f79f9270c4f3578d5c2484bf9ec324d652d949d6b4284fb0af,Amber infused with Lumin Power. Branches can absorb its energy to grow.
504042364,6b6bf41ddd4a40f79f9270c4f3578d5c2484bf9ec324d652d949d6b4284fb0af,Amber infused with Lumin Power. Branches can absorb its energy to grow.
504307432,6b6bf41ddd4a40f79f9270c4f3578d5c2484bf9ec324d652d949d6b4284fb0af,Amber infused with Lumin Power. Branches can absorb its energy to grow.
504493870,6b6bf41ddd4a40f79f9270c4f3578d5c2484bf9ec324d652d949d6b4284fb0af,Amber infused with Lumin Power. Branches can absorb its energy to grow.
506208539,6b6bf41ddd4a40f79f9270c4f3578d5c2484bf9ec324d652d949d6b4284fb0af,Amber infused with Lumin Power. Branches can absorb its energy to grow.
506830331,6b6bf41ddd4a40f79f9270c4f3578d5c2484bf9ec324d652d949d6b4284fb0af,Amber infused with Lumin Power. Branches can absorb its energy to grow.
507188261,6b6bf41ddd4a40f79f9270c4f3578d5c2484bf9ec324d652d949d6b4284fb0af,Amber infused with Lumin Power. Branches can absorb its energy to grow.
507826865,6b6bf41ddd4a40f79f9270c4f3578d5c2484bf9ec324d652d949d6b4284fb0af,Amber infused with Lumin Power. Branches can absorb its energy to grow.
509373682,6b6bf41ddd4a40f79f9270c4f3578d5c2484bf9ec324d652d949d6b4284fb0af,Amber infused with Lumin Power. Branches can absorb its energy to grow.
509889661,6b6bf41ddd4a40f79f9270c4f3578d5c2484bf9ec324d652d949d6b4284fb0af,Amber infused with Lumin Power. Branches can absorb its energy to grow.
510968436,6b6bf41ddd4a40f79f9270c4f3578d5c2484bf9ec324d652d949d6b4284fb0af,Amber infused with Lumin Power. Branches can absorb its energy to grow.
511164572,6b6bf41ddd4a40f79f9270c4f3578d5c2484bf9ec324d652d949d6b4284fb0af,Amber infused with Lumin Power. Branches can absorb its energy to grow.
511733313,6b6bf41ddd4a40f79f9270c4f3578d5c2484bf9ec324d652d949d6b4284fb0af,Amber infused with Lumin Power. Branches can absorb its energy to grow.
511977112,6b6bf41ddd4a40f79f9270c4f3578d5c2484bf9ec324d652d949d6b4284fb0af,Amber infused with Lumin Power. Branches can absorb its energy to grow.
512504472,6b6bf41ddd4a40f79f9270c4f3578d5c2484bf9ec324d652d949d6b4284fb0af,Amber infused with Lumin Power. Branches can absorb its energy to grow.
513268086,6b6bf41ddd4a40f79f9270c4f3578d5c2484bf9ec324d652d949d6b4284fb0af,Amber infused with Lumin Power. Branches can absorb its energy to grow.
514011084,6b6bf41ddd4a40f79f9270c4f3578d5c2484bf9ec324d652d949d6b4284fb0af,Amber infused with Lumin Power. Branches can absorb its energy to grow.
515216826,6b6bf41ddd4a40f79f9270c4f3578d5c2484bf9ec324d652d949d6b4284fb0af,Amber infused with Lumin Power. Branches can absorb its energy to grow.
515371012,6b6bf41ddd4a40f79f9270c4f3578d5c2484bf9ec324d652d949d6b4284fb0af,Amber infused with Lumin Power. Branches can absorb its energy to grow.
516230102,6b6bf41ddd4a40f79f9270c4f3578d5c2484bf9ec324d652d949d6b4284fb0af,Amber infused with Lumin Power. Branches can absorb its energy to grow.
516666211,6b6bf41ddd4a40f79f9270c4f3578d5c2484bf9ec324d652d949d6b4284fb0af,Amber infused with Lumin Power. Branches can absorb its energy to grow.
517290374,6b6bf41ddd4a40f79f9270c4f3578d5c2484bf9ec324d652d949d6b4284fb0af,Amber infused with Lumin Power. Branches can absorb its energy to grow.
518450806,6b6bf41ddd4a40f79f9270c4f3578d5c2484bf9ec324d652d949d6b4284fb0af,Amber infused with Lumin Power. Branches can absorb its energy to grow.
519778545,6b6bf41ddd4a40f79f9270c4f3578d5c2484bf9ec324d652d949d6b4284fb0af,Amber infused with Lumin Power. Branches can absorb its energy to grow.
522223314,6b6bf41ddd4a40f79f9270c4f3578d5c2484bf9ec324d652d949d6b4284fb0af,Amber infused with Lumin Power. Branches can absorb its energy to grow.
522962066,6b6bf41ddd4a40f79f9270c4f3578d5c2484bf9ec324d652d949d6b4284fb0af,Amber infused with Lumin Power. Branches can absorb its energy to grow.
522997678,6b6bf41ddd4a40f79f9270c4f3578d5c2484bf9ec324d652d949d6b4284fb0af,Amber infused with Lumin Power. Branches can absorb its energy to grow.
523303609,6b6bf41ddd4a40f79f9270c4f3578d5c2484bf9ec324d652d949d6b4284fb0af,Amber infused with Lumin Power. Branches can absorb its energy to grow.
523609365,6b6bf41ddd4a40f79f9270c4f3578d5c2484bf9ec324d652d949d6b4284fb0af,Amber infused with Lumin Power. Branches can absorb its energy to grow.
524488431,6b6bf41ddd4a40f79f9270c4f3578d5c2484bf9ec324d652d949d6b4284fb0af,Amber infused with Lumin Power. Branches can absorb its energy to grow.
524508120,6b6bf41ddd4a40f79f9270c4f3578d5c2484bf9ec324d652d949d6b4284fb0af,Amber infused with Lumin Power. Branches can absorb its energy to grow.
525035638,6b6bf41ddd4a40f79f9270c4f3578d5c2484bf9ec324d652d949d6b4284fb0af,Amber infused with Lumin Power. Branches can absorb its energy to grow.
525679980,6b6bf41ddd4a40f79f9270c4f3578d5c2484bf9ec324d652d949d6b4284fb0af,Amber infused with Lumin Power. Branches can absorb its energy to grow.
525980229,6b6bf41ddd4a40f79f9270c4f3578d5c2484bf9ec324d652d949d6b4284fb0af,Amber infused with Lumin Power. Branches can absorb its energy to grow.
526313740,6b6bf41ddd4a40f79f9270c4f3578d5c2484bf9ec324d652d949d6b4284fb0af,Amber infused with Lumin Power. Branches can absorb its energy to grow.
526530939,6b6bf41ddd4a40f79f9270c4f3578d5c2484bf9ec324d652d949d6b4284fb0af,Amber infused with Lumin Power. Branches can absorb its energy to grow.
527383016,6b6bf41ddd4a40f79f9270c4f3578d5c2484bf9ec324d652d949d6b4284fb0af,Amber infused with Lumin Power. Branches can absorb its energy to grow.
527850419,6b6bf41ddd4a40f79f9270c4f3578d5c2484bf9ec324d652d949d6b4284fb0af,Amber infused with Lumin Power. Branches can absorb its energy to grow.
528098493,6b6bf41ddd4a40f79f9270c4f3578d5c2484bf9ec324d652d949d6b4284fb0af,Amber infused with Lumin Power. Branches can absorb its energy to grow.
529253709,6b6bf41ddd4a40f79f9270c4f3578d5c2484bf9ec324d652d949d6b4284fb0af,Amber infused with Lumin Power. Branches can absorb its energy to grow.
530880079,6b6bf41ddd4a40f79f9270c4f3578d5c2484bf9ec324d652d949d6b4284fb0af,Amber infused with Lumin Power. Branches can absorb its energy to grow.
530952602,6b6bf41ddd4a40f79f9270c4f3578d5c2484bf9ec324d652d949d6b4284fb0af,Amber infused with Lumin Power. Branches can absorb its energy to grow.
531472285,6b6bf41ddd4a40f79f9270c4f3578d5c2484bf9ec324d652d949d6b4284fb0af,Amber infused with Lumin Power. Branches can absorb its energy to grow.
532727327,6b6bf41ddd4a40f79f9270c4f3578d5c2484bf9ec324d652d949d6b4284fb0af,Amber infused with Lumin Power. Branches can absorb its energy to grow.
534182376,6b6bf41ddd4a40f79f9270c4f3578d5c2484bf9ec324d652d949d6b4284fb0af,Amber infused with Lumin Power. Branches can absorb its energy to grow.
536437494,6b6bf41ddd4a40f79f9270c4f3578d5c2484bf9ec324d652d949d6b4284fb0af,Amber infused with Lumin Power. Branches can absorb its energy to grow.
536473396,6b6bf41ddd4a40f79f9270c4f3578d5c2484bf9ec324d652d949d6b4284fb0af,Amber infused with Lumin Power. Branches can absorb its energy to grow.
536795347,6b6bf41ddd4a40f79f9270c4f3578d5c2484bf9ec324d652d949d6b4284fb0af,Amber infused with Lumin Power. Branches can absorb its energy to grow.
1355074590,6b6bf41ddd4a40f79f9270c4f3578d5c2484bf9ec324d652d949d6b4284fb0af,Amber infused with Lumin Power. Branches can absorb its energy to grow.
1365217555,6b6bf41ddd4a40f79f9270c4f3578d5c2484bf9ec324d652d949d6b4284fb0af,Amber infused with Lumin Power. Branches can absorb its energy to grow.
1813901111,6b6bf41ddd4a40f79f9270c4f3578d5c2484bf9ec324d652d949d6b4284fb0af,Amber infused with Lumin Power. Branches can absorb its energy to grow.
2098679344,6b6bf41ddd4a40f79f9270c4f3578d5c2484bf9ec324d652d949d6b4284fb0af,Amber infused with Lumin Power. Branches can absorb its energy to grow.
1355110516,cb3d8e51f2beaec6b14b1993b55b1ca21ab51d4d3efadb23afb5a4d3d2f40d3e,"Press <style=Hint_BgL>Skill 2</style> to cast the skill to break the floor, and move to the next objective."
1355148593,c5946be9e60c1546856dc3563d8e3cdf21f018c9b5a2aa0c5f0b42ec323396f1,"Leave the clothes for them, just quietly take Aniimo away... (Abandoned)"
1355151456,0e6fa842206eb052bc6bf8ced50a156ba7104174f5182ce7dbeb94dc9d406588,Dynamic Pupils 1
1355153424,27810c7329e0622b16fcfdd36d498ff1356d1805fc3aedf0035a4ede4a60738b,"No, no... maybe moondew spice would be a better choice..."
1355155069,3af7fd3c071652a2b93622efaea715226d17c2da35ab2d32ea6315167640ea65,Mystical mushroom that shrinks the Aniimo that eats it. Effect lasts for 300s.
1355200812,e74429322f82cf0980628377261259cd99da7ddca1a06e837c31ce830b60b7e6,Huge Colorful Moondew Radish
1776103976,e74429322f82cf0980628377261259cd99da7ddca1a06e837c31ce830b60b7e6,Huge Colorful Moondew Radish
2068205079,e74429322f82cf0980628377261259cd99da7ddca1a06e837c31ce830b60b7e6,Huge Colorful Moondew Radish
2120918067,e74429322f82cf0980628377261259cd99da7ddca1a06e837c31ce830b60b7e6,Huge Colorful Moondew Radish
1355207617,1fabccd3c913134d34063ee5456f3bba179e9e7cd2efea6d96de856d507f6a83,"Zzz... What’s that noise? Hey, stop biting my tail... zzz..."
1355208274,0d7c5e191b6df48febb75be3d8ebc65cc6bfc72d2b30acef787f7aff08c34e48,Alright already!
1355223527,623ba2203df8315910033f576021a3d931134e5c87221c1e6c64f99b1be8bd91,A spring teal building block for all kinds of structures.
1807313378,623ba2203df8315910033f576021a3d931134e5c87221c1e6c64f99b1be8bd91,A spring teal building block for all kinds of structures.
1355245640,046c48de48343bb48c1d5a02095a1a0f0fd31b1a32fbb75b7e516b0f90f14aa1,Save Current Outfit
1355335690,5ce12ef61b97e43a91b7327c521bed0de0ec607bd1a741d839e4ca9945df247d,Crit Damage Resistance
2055503060,5ce12ef61b97e43a91b7327c521bed0de0ec607bd1a741d839e4ca9945df247d,Crit Damage Resistance
1355336075,f1fccc934b4150f8d273a4f61f319f9308fda7bde4e3446f66cf41fd3e3cacf5,"They can produce loud, piercing noises that resonate throughout the entire beach just to draw attention."
1355337700,ae6d87d7f0281eca35ffea5518b8208930eb355323815503a0b5b40b571eea3f,This Aniimo has already learned this skill.
1355340052,d360fb2a92178c9a9825f8e4294595984d3d342648ef6c0d1245e16a1bcf9aa8,"Alright then. You listen ’ere, Helmut—don’t you dare mistreat my kid. Or I’ll chuck you in the sea, spin you ’round, drag you back out—and if that don’t work, I’ll keep you stuck on this island... and let your family worry about YOU!"
1355350717,08ba24e973700457dbcf0920cf7354577e2a02c7ad33e74f3f8b55f684e4af5b,I’ve recreated my mother’s perfume... and learned something even more important.
1355361405,e22820fcf5cd90e3fdd99a7569e0ee2f30eb7ebadfb2fe4d159b30c166ff81b7,Topics
1355400930,639807a2e01886a2236b9fe1fe9bdbdea267b9c84c4acb3ab0858a6a13531b9a,BACK
1355429680,48240c23576eebe9d26837a657511c00d3bfc02bbf068bc8344d1d9c4f4013cc,<style=Hint_BgD>Area-variant or weather-variant regular and Umbral Aniimo with a maximum potential of 9</style> caught in Companion Mode can be gifted to your companion. Tracked separately from other tiers.
1355436594,2bae05a4b99fd49c8629a6490f948d46e152002f82bfa91d8f3e6ef57a7518da,Raise 1 Aniimo to Level 20
1355447832,aed6fd8a652df5386a403b575493e9228463580a6a23136578c65f4d737483a2,A plaid picnic blanket on the grass with bread and jam on it offers you a wonderful picnic time with your Aniimo.
1994110445,aed6fd8a652df5386a403b575493e9228463580a6a23136578c65f4d737483a2,A plaid picnic blanket on the grass with bread and jam on it offers you a wonderful picnic time with your Aniimo.
284640073,eb23418383ad3d784c59d034f431d0d4f07a80fc1d0aa1f927b03c992e98adbb,Limited-Time Challenge
288948560,eb23418383ad3d784c59d034f431d0d4f07a80fc1d0aa1f927b03c992e98adbb,Limited-Time Challenge
298557059,eb23418383ad3d784c59d034f431d0d4f07a80fc1d0aa1f927b03c992e98adbb,Limited-Time Challenge
405777848,eb23418383ad3d784c59d034f431d0d4f07a80fc1d0aa1f927b03c992e98adbb,Limited-Time Challenge
1355477860,eb23418383ad3d784c59d034f431d0d4f07a80fc1d0aa1f927b03c992e98adbb,Limited-Time Challenge
1425923282,eb23418383ad3d784c59d034f431d0d4f07a80fc1d0aa1f927b03c992e98adbb,Limited-Time Challenge
1804243914,eb23418383ad3d784c59d034f431d0d4f07a80fc1d0aa1f927b03c992e98adbb,Limited-Time Challenge
1827228189,eb23418383ad3d784c59d034f431d0d4f07a80fc1d0aa1f927b03c992e98adbb,Limited-Time Challenge
1858050461,eb23418383ad3d784c59d034f431d0d4f07a80fc1d0aa1f927b03c992e98adbb,Limited-Time Challenge
1947146907,eb23418383ad3d784c59d034f431d0d4f07a80fc1d0aa1f927b03c992e98adbb,Limited-Time Challenge
1355527264,05f9c5f594a5e16132d5629185f2bc5da3e183df32ea61f6a86eecb065618f0e,press #kPlayer/Jump#z on the activated Bouncy Pads to jump up to the higher platform and head to the gate.
1355633292,37e5a320a83082c408c9f0fb7d07eb66a86afee52f0600ed5b49ccab9acf5986,The flickering flame is its unique way of saying hello.
1355645900,d767164a17dd7e3f6ec5388d23579e917f0d775b1ddb84e783ec6d1ed1fb3d89,"Unusual signs of Legendary Aniimo have begun appearing everywhere.
The Institute is recruiting Pathfinders to go investigate, and bring back valuable photos and complete the field notes.
Event Details
1. During the event, the Institute will unlock multiple investigation areas over time.
2. Each area has different investigation objectives and environmental features. Dispatch suitable Aniimo to explore them.
3. After completing an investigation, you can obtain the corresponding area rewards and may also receive an extra Chance Encounter Gift.
Investigation Rules
1. Each investigation requires at least 2 Aniimo. You must designate 1 as the Leader Aniimo before the investigation.
2. After the investigation is complete, you will receive base rewards according to the dispatched Aniimo.
Dispatching Aniimo meeting the area preference conditions increases your reward rating.
3. Prismana Form and Sparkling Aniimo can sense the residual energy of Legendary Aniimo, which will help speed up the investigation.

Chance Encounter Gifts
When passing through an area with Legendary Aniimo, something special might appear from their energy.
After completing an investigation, you also have a chance to receive 1 Chance Encounter Reward. One of the following rewards will be granted at random:
- <style=Q_5>Random Leader Aniimo Potential +1</style>
- Starcryst Essence x1
- Capaseed x5
- Vein Essence x1
※ <style=Q_5>The ""Random Leader Aniimo Potential +1"" effect can only be obtained once in each Aniimo’s lifetime.</style>
※ Aniimo with max Potential cannot obtain the ""Random Leader Aniimo Potential +1"" effect."
1359780670,d767164a17dd7e3f6ec5388d23579e917f0d775b1ddb84e783ec6d1ed1fb3d89,"Unusual signs of Legendary Aniimo have begun appearing everywhere.
The Institute is recruiting Pathfinders to go investigate, and bring back valuable photos and complete the field notes.
Event Details
1. During the event, the Institute will unlock multiple investigation areas over time.
2. Each area has different investigation objectives and environmental features. Dispatch suitable Aniimo to explore them.
3. After completing an investigation, you can obtain the corresponding area rewards and may also receive an extra Chance Encounter Gift.
Investigation Rules
1. Each investigation requires at least 2 Aniimo. You must designate 1 as the Leader Aniimo before the investigation.
2. After the investigation is complete, you will receive base rewards according to the dispatched Aniimo.
Dispatching Aniimo meeting the area preference conditions increases your reward rating.
3. Prismana Form and Sparkling Aniimo can sense the residual energy of Legendary Aniimo, which will help speed up the investigation.

Chance Encounter Gifts
When passing through an area with Legendary Aniimo, something special might appear from their energy.
After completing an investigation, you also have a chance to receive 1 Chance Encounter Reward. One of the following rewards will be granted at random:
- <style=Q_5>Random Leader Aniimo Potential +1</style>
- Starcryst Essence x1
- Capaseed x5
- Vein Essence x1
※ <style=Q_5>The ""Random Leader Aniimo Potential +1"" effect can only be obtained once in each Aniimo’s lifetime.</style>
※ Aniimo with max Potential cannot obtain the ""Random Leader Aniimo Potential +1"" effect."
1503339723,d767164a17dd7e3f6ec5388d23579e917f0d775b1ddb84e783ec6d1ed1fb3d89,"Unusual signs of Legendary Aniimo have begun appearing everywhere.
The Institute is recruiting Pathfinders to go investigate, and bring back valuable photos and complete the field notes.
Event Details
1. During the event, the Institute will unlock multiple investigation areas over time.
2. Each area has different investigation objectives and environmental features. Dispatch suitable Aniimo to explore them.
3. After completing an investigation, you can obtain the corresponding area rewards and may also receive an extra Chance Encounter Gift.
Investigation Rules
1. Each investigation requires at least 2 Aniimo. You must designate 1 as the Leader Aniimo before the investigation.
2. After the investigation is complete, you will receive base rewards according to the dispatched Aniimo.
Dispatching Aniimo meeting the area preference conditions increases your reward rating.
3. Prismana Form and Sparkling Aniimo can sense the residual energy of Legendary Aniimo, which will help speed up the investigation.

Chance Encounter Gifts
When passing through an area with Legendary Aniimo, something special might appear from their energy.
After completing an investigation, you also have a chance to receive 1 Chance Encounter Reward. One of the following rewards will be granted at random:
- <style=Q_5>Random Leader Aniimo Potential +1</style>
- Starcryst Essence x1
- Capaseed x5
- Vein Essence x1
※ <style=Q_5>The ""Random Leader Aniimo Potential +1"" effect can only be obtained once in each Aniimo’s lifetime.</style>
※ Aniimo with max Potential cannot obtain the ""Random Leader Aniimo Potential +1"" effect."
1864764695,d767164a17dd7e3f6ec5388d23579e917f0d775b1ddb84e783ec6d1ed1fb3d89,"Unusual signs of Legendary Aniimo have begun appearing everywhere.
The Institute is recruiting Pathfinders to go investigate, and bring back valuable photos and complete the field notes.
Event Details
1. During the event, the Institute will unlock multiple investigation areas over time.
2. Each area has different investigation objectives and environmental features. Dispatch suitable Aniimo to explore them.
3. After completing an investigation, you can obtain the corresponding area rewards and may also receive an extra Chance Encounter Gift.
Investigation Rules
1. Each investigation requires at least 2 Aniimo. You must designate 1 as the Leader Aniimo before the investigation.
2. After the investigation is complete, you will receive base rewards according to the dispatched Aniimo.
Dispatching Aniimo meeting the area preference conditions increases your reward rating.
3. Prismana Form and Sparkling Aniimo can sense the residual energy of Legendary Aniimo, which will help speed up the investigation.

Chance Encounter Gifts
When passing through an area with Legendary Aniimo, something special might appear from their energy.
After completing an investigation, you also have a chance to receive 1 Chance Encounter Reward. One of the following rewards will be granted at random:
- <style=Q_5>Random Leader Aniimo Potential +1</style>
- Starcryst Essence x1
- Capaseed x5
- Vein Essence x1
※ <style=Q_5>The ""Random Leader Aniimo Potential +1"" effect can only be obtained once in each Aniimo’s lifetime.</style>
※ Aniimo with max Potential cannot obtain the ""Random Leader Aniimo Potential +1"" effect."
1355654057,870338fd74ca43e733a7efae62cd49ecd60ddd0a70e23ea3c31d99893781aa18,"So this Nimbi wants to be a courier, not a model! Maybe we should always try to understand what our Aniimo really want."
1355655706,43dabe74faef4ff7a557d17a4163adf7a6669b963a769bddf1fd33286aed0cc5,Weakness Mark
1355668349,532c7d4ea2cb282db8ac254c74a2bfd0a72c6d1530a4e3b3c2a363739da7eff4,Team evacuation quest complete.
1355699856,f9de7de8db4479a09a7266f2bd357c593ee46f3aedd501f25715567142c2e684,"In Command Mode, your Aniimo have three behavior modes. Press the <style=Hint_BgL>Aniimo Combat Mode button</style> to switch between them. 
Attack Mode: The Pathfinder’s Aniimo will actively attack wild Aniimo within range."
1355717212,64d4e95f83e947089eb51e8f31ebae45934b8ce536e1643d772f549baba040a3,Edit Studio
1770648192,64d4e95f83e947089eb51e8f31ebae45934b8ce536e1643d772f549baba040a3,Edit Studio
2069691484,64d4e95f83e947089eb51e8f31ebae45934b8ce536e1643d772f549baba040a3,Edit Studio
1355720768,209d8b739d57710e06acda50a6ad2685863003a55ecb36c929055031826ff9c2,Decor (Small)
1355729411,5365c9bca06ec906af33c9f8734965efdc74939734446e405bb209cfb2a93ff6,"A neat row of gloves hangs ready—one for you, one for your Aniimo, and both set for a winter outing."
2133719182,5365c9bca06ec906af33c9f8734965efdc74939734446e405bb209cfb2a93ff6,"A neat row of gloves hangs ready—one for you, one for your Aniimo, and both set for a winter outing."
1355733633,53f77548df9dd8a62e60ab239dcafb22a800fb9ee5d94b2b900f0873f7dee2ca,"Press the <style=Hint_BgL>Jump button</style> on the revitalized bouncy plant to jump to the higher platform, then proceed to the finish gate."
1355796813,321af8b4a412def3528e212a511c27e3828f1d863b59597be7f59ffb7d2a1e84,Everyone Gets Sleepy
1355799798,00504a8774ed3d9052c23605f5aac3d61aed9eb3866a3fb13f4b67f20ece1db0,Glowing
1959384941,00504a8774ed3d9052c23605f5aac3d61aed9eb3866a3fb13f4b67f20ece1db0,Glowing
1993331862,00504a8774ed3d9052c23605f5aac3d61aed9eb3866a3fb13f4b67f20ece1db0,Glowing
2043411963,00504a8774ed3d9052c23605f5aac3d61aed9eb3866a3fb13f4b67f20ece1db0,Glowing
1355956635,9fc38bf44871da789406422d70486b20c3cd0c341bd4004f49d31af8b44c6716,Trade Currency
1356013787,1910d927fe999398d27eedb2784aec046f669c6428a64dd39aab41e4fe6dd6f7,Can revive by consuming a revival attempt after <#FFE866>{3}</color>s
1356054296,55c34d067f6f280977f4e7b252452e40e4b1be8a9e6230b06690f6a95e8496b8,Invites you to challenge a multiplayer stage.
1356075072,29a5282ad84d489d67a1ad34a10e3d023f435d5507b70267473fa3c5a1fa4106,Our adventure is about to begin!
2137934912,29a5282ad84d489d67a1ad34a10e3d023f435d5507b70267473fa3c5a1fa4106,Our adventure is about to begin!
1356078270,be3d4d4fdc103ed917a1ebc7ad8f8ac7e634e4bf4c439cf0f35660bc243c8735,Sea Salt
1356093270,70bd99337135a09021bcbb74cba3a8d4919ab04e57a88a44967c0a5f3b97801c,"D-Don’t look at me like that—I have friends too, you know!"
1356104107,f45787153675519eb88cbf801694cd61f28e364e8bde4da6529542f4484d66a5,Guess what I saw today?!
1356158050,296c0bd4f18c3df1095bd3fbf49287ea5d9326e495a2bd42978dc1df77c5f600,A pure white building block for all kinds of structures.
1820668053,296c0bd4f18c3df1095bd3fbf49287ea5d9326e495a2bd42978dc1df77c5f600,A pure white building block for all kinds of structures.
1356175384,cc79989cf426ee8a73e622550479938870dc5e31e8c7ed9e0f3e9096856a9d1e,(So Johnny’s the one who gave Jenny the mud ball? Better go ask it.)
1356177526,52c93cb04d073ef31373123c576c09d7394e366b4ecf5ac45d4faf0f15a3d570,"Extremely rare rice with dual mutations, sparkling with dazzling spots of light while having exceptionally large and full grain heads."
2015737462,52c93cb04d073ef31373123c576c09d7394e366b4ecf5ac45d4faf0f15a3d570,"Extremely rare rice with dual mutations, sparkling with dazzling spots of light while having exceptionally large and full grain heads."
1356239962,4ab8da81575dc51a9e05bc8fe5c80693f4c1fda9a75e37c4f8218dc406e2d5cb,Loading content Loading content Loading content Loading content Loading content Loading content Loading content Loading content Loading content Loading content Loading content Loading content Loading content Loading content Loading content Loading content Loading content Loading content Loading content Loading content Loading content Loading content Loading content Loading content Loading content Loading content Loading content Loading content Loading content Loading content Loading content Loading content Loading content Loading content Loading content Loading content Loading content Loading content Loading content Loading content Loading content Loading content Loading content Loading content Loading content Loading content Loading content Loading content Loading content Loading content Loading content Loading content Loading content Loading content Loading content Loading content Loading content Loading content Loading content Loading content Loading content Loading content Loading content Loading content Loading content Loading content Loading content Loading content Loading content Loading content Loading content Loading content Loading content Loading content Loading content Loading content Loading content Loading content Loading content Loading content Loading content
1870400526,4ab8da81575dc51a9e05bc8fe5c80693f4c1fda9a75e37c4f8218dc406e2d5cb,Loading content Loading content Loading content Loading content Loading content Loading content Loading content Loading content Loading content Loading content Loading content Loading content Loading content Loading content Loading content Loading content Loading content Loading content Loading content Loading content Loading content Loading content Loading content Loading content Loading content Loading content Loading content Loading content Loading content Loading content Loading content Loading content Loading content Loading content Loading content Loading content Loading content Loading content Loading content Loading content Loading content Loading content Loading content Loading content Loading content Loading content Loading content Loading content Loading content Loading content Loading content Loading content Loading content Loading content Loading content Loading content Loading content Loading content Loading content Loading content Loading content Loading content Loading content Loading content Loading content Loading content Loading content Loading content Loading content Loading content Loading content Loading content Loading content Loading content Loading content Loading content Loading content Loading content Loading content Loading content Loading content
1356250764,0a8a36409cd2a5534b6f36f0b45759ff7e098ffb1392b581562d836639def63e,Willow
1398768837,0a8a36409cd2a5534b6f36f0b45759ff7e098ffb1392b581562d836639def63e,Willow
1914233738,0a8a36409cd2a5534b6f36f0b45759ff7e098ffb1392b581562d836639def63e,Willow
1935277302,0a8a36409cd2a5534b6f36f0b45759ff7e098ffb1392b581562d836639def63e,Willow
1356261691,3ee9fdfe8f1d021e42bc75c8e00d46475bf93aadb00aee0b37c1ffd16780665d,"This is Emberpup in Nova Stage, known for its powerful burst damage."
1356268161,b2140d37ef267ebe3c0914cb9dff68cc86f315bcfa7db2ea75652f52311c257f,Spirit Heart Shell
1356276607,f8edb199f599044730b3ecf39b302c97203462d11604d78125a790efd51a0914,Enable Hit Screen Shake
1356296396,f5553c8ad89ecd2f10161d28251fa2317020e6b28e132261c41ff30d9724bbaa,"It’s complicated. Since ancient times, there have been three perfumery schools: flower, nectar, and mixture."
1356310470,83bbd9d092ed0c2f4a7e57fb532b93baccb97ae87d0142867cdb24878f1c395a,Bonesky Dewdrop Crystal
1356332105,4ba7c836fe733d9e7f5aba85ad9bc0aad64b90986cd99787906abe7ce412d543,"A thatched roof forms a cozy triangular space, while stained glass casts colorful light across the tiny loft."
1829494188,4ba7c836fe733d9e7f5aba85ad9bc0aad64b90986cd99787906abe7ce412d543,"A thatched roof forms a cozy triangular space, while stained glass casts colorful light across the tiny loft."
1356346153,42ea85631a6f9efdbe2d1cacdc4065336436d8d477c69e65e90592b8f560e616,Struggle Among Kin
1356346414,17fa266d33cdb5896725d9d26dca3bd98aa567555b51618a1db7bbc385baa60b,"The First Lethal Thorn cuts the tea parties short to protect the Melloblum, and the Budsquires have begun to sense her quiet sadness."
1356367145,8f0e69921d0588a6c89146454c8aee3b10389a6ff4fd1f2c9370d8107fa5b181,Sugar-Roasted Chestnuts
1356372996,ce475775d76b289cf4bb1fc951d45d5f8c795fc17da609644a6cb4a57e1f0640,You need lots of flowers to make a festival feel alive!
1356373098,2e80a12f84fcf795ba1fc11d8a12c460007dc694dc848483c09b03ef68eba181,"Yeah! That big guy is called <style=Hint_BgD>Tucking</style>, supposedly the Omega of all Aniimo in the Forest.
It's <style=Hint_BgD>not far ahead</style>, pretty terrifying."
1356402007,caa31ba9b9fbf99abb7ce4b8be63646d268994cdac1cc3d6e53a05fc94e99847,"It won’t be easy. The expedition team is here to study the Prismana Flow too.
But if you handle that investigation, <style=Hint_BgD>I suppose I could prepare a reward</style>... Hmm, let’s discuss this another time."
1356478049,af858d9ec4c6dd84a132e744997073c0688fddc2d72a5e91b703b2fdc6d55196,Dungeon (Placeholder) Name
1552932917,af858d9ec4c6dd84a132e744997073c0688fddc2d72a5e91b703b2fdc6d55196,Dungeon (Placeholder) Name
1356481920,074276dfc3876736bc6b224e0a1b6892c1fc8a9f21d879ca629be61e84ed08d7,Ruff-ruff! Ruff!
1356503899,6178a87f8bd6a560193cf29e82339b1fe3d025f8cc4ad142047ccdacb87134c2,"During the Third Closed Beta, Pathfinders who accumulate 9 Reunion Points will receive 200 Glimmers and be entered into a prize drawing. We’ll randomly select 100 lucky Pathfinders to receive a commemorative T-shirt personalized <style=Hint_BgL>with their in-game name</style>. Winners will be announced on the official website within 10 days after the test ends."
1356513312,22899f3015412cdd96d9868c034418be9b5b4ad81e2e7684fa5d2dd847f98669,Companion Handbook Premium Level 85
1896601665,22899f3015412cdd96d9868c034418be9b5b4ad81e2e7684fa5d2dd847f98669,Companion Handbook Premium Level 85
1356517594,faa021f477b22715eb66243c02073e6d905835fbae54080dccdec0ad83982d67,"Wander through a garden bursting with life, admiring the lush growth of grass and trees."
1356621482,e0a3e3a22f32bcf148e7c8314fed8c154c6b6a085859c4b3373ed99e3d424418,Current power supply rate {0}
1356742280,cf73eab9ae768be25753af0f87df420d3dcb598596bbc96e7397c16ae0c392c1,Mute or Ban Duration (Hours)
1356751918,e10472c37d244d2f5bce94411776dc52766a6a080001b1b6007d4c6250cd71d6,Enter the Amethyst Tree
1356800929,9f41e000110c344c7c1a9cb2ef3443f055ac6ddf7230521cf91f920520ee7aa1,"When attacking with a countering element, deals more damage and BREAK damage."
1356811299,a0cfd95ccb192a8cabccc5a9e5f21723196ce5408d7b5c9313a9ce98da267e3b,Which way do you think is faster? Buying a pair of gloves with good friction or catching a lightning-type Aniimo?
1356816240,d244e132f7d0c054967eb1a996009fa3879267b290160ddee98e93ad8b50f779,"Correct, many Aniimo only show up at night. You can surely try to switch to nighttime.
But this is not the only correct answer, there are other possibilities."
1356816825,5f4c7406a101c4c4d4288fb369af767fd4ad0bd5c6c0cef286a7e639e8b7a5ba,Blessing
1553307529,5f4c7406a101c4c4d4288fb369af767fd4ad0bd5c6c0cef286a7e639e8b7a5ba,Blessing
1914107906,5f4c7406a101c4c4d4288fb369af767fd4ad0bd5c6c0cef286a7e639e8b7a5ba,Blessing
1356829851,55162c1d16b633147272fd53a2652883e230495c2b55bfbafff19e0ca5ea852e,Placeable
1356905821,b7de5c7475a5dba5cb790898e536041e224b48c1c2e7e600bdfc353d7920876b,Reach 70% Aniimo Collection Progress in Forest of Falling Stars
1356911296,5cd3ab2807c3b7b23a95c663eca7517672b2f77535924451fde9939c99d9994f,"Sparkling Style (if >0, force this setting; otherwise random)"
1356948755,4810860e70fc57dec60418d9e4ddd98c270060bc7ec4d5f2692198bbc6f2842c,A special Aniipod crafted using the energy extracted from Irisalis Petals. It helps stabilize Irisalis’ chaotic power and allows Pathfinders to build trust and friendship with this Aniimo.
1757392899,4810860e70fc57dec60418d9e4ddd98c270060bc7ec4d5f2692198bbc6f2842c,A special Aniipod crafted using the energy extracted from Irisalis Petals. It helps stabilize Irisalis’ chaotic power and allows Pathfinders to build trust and friendship with this Aniimo.
1356961089,a82fd766b1912dd1d2772f6644b1d264e45087722330ddcb45fc378a2dcf8b85,Chirpis reign supreme!
1840268773,a82fd766b1912dd1d2772f6644b1d264e45087722330ddcb45fc378a2dcf8b85,Chirpis reign supreme!
1356963715,37df862b451d84a4a0cad9331a7b6170aeaf32562a88120abdc335a185195b3b,Darkwheel Slash
1356975979,7120e8496b3fcffaaaa9d2dfae17b2b3421369d79aa29a4508171ecd3bb41350,Press #kRaw/GamepadButtonWest#z to open the Furniture List.
1659155131,7120e8496b3fcffaaaa9d2dfae17b2b3421369d79aa29a4508171ecd3bb41350,Press #kRaw/GamepadButtonWest#z to open the Furniture List.
1356988439,6905661c71fc9b8d0fb00d6d17b8abb5375ff329b561a9230d6cd3cafc42964d,Sparks
1356991371,447699f547936400f20092d7c423bf2a75170c44148d769f219fe9e6a87b7793,I know how you can grow!
1515172327,447699f547936400f20092d7c423bf2a75170c44148d769f219fe9e6a87b7793,I know how you can grow!
1357017357,baf8d477c5b02f0520cabdce56e294a100e693e8ccc275a5d55f3eb7198fd533,Neatly trimmed conical trees add a touch of sculpted greenery to the Homeland.
1505482422,baf8d477c5b02f0520cabdce56e294a100e693e8ccc275a5d55f3eb7198fd533,Neatly trimmed conical trees add a touch of sculpted greenery to the Homeland.
1357027001,d3eff300558370fe53ae4be0e4d58425a7d77f287041e693ccde4f7a0f87171a,"After obtaining Susuta or Skippy, you gain <style=Hint_BgL>stronger</style> swimming ability. You’ll <style=Hint_BgL>start swimming automatically</style> near deep water and <style=Hint_BgL>stop automatically</style> after leaving it.
Press <style=Hint_BgL>#kPlayer/StartSprint#z</style> to swim faster. This costs Stamina."
1357036397,a9942e7e2257fd2527d69dccf445553552b9da608875ab47b004e67822b6da1a,Type (Placeholder)
1357043637,c4e3afc2694e9ba788c961a48fa69e20736377ab1970b8fdaf0b8fe129176bc5,No interactive content available
1357063368,aebdcce31a4b5756fb7055fbb4098a37126492ba220a420b6156209df9de9381,Lower Fence
1357066658,bc515279cd7013915c0381cfe37943346643d0c77b36fb589647cd03464c231b,Volt Puff
1403923206,bc515279cd7013915c0381cfe37943346643d0c77b36fb589647cd03464c231b,Volt Puff
1629402922,bc515279cd7013915c0381cfe37943346643d0c77b36fb589647cd03464c231b,Volt Puff
1357073830,0f636ec540df3f41d0fc790b2ca95190ed11006da6ab97139387d58dbaad2d64,Null DMG Reduction Multiplier
1565756978,0f636ec540df3f41d0fc790b2ca95190ed11006da6ab97139387d58dbaad2d64,Null DMG Reduction Multiplier
1357075824,58155c2e7d91ac7fb83d2e33c7818e7ea03a46303912d2dbeac567f406618b94,Roguelite Test Level
1357086687,cdca94f94980fb1e1daed5add715f7c794a7b6899cac3be5674d2d3d392ad3c5,Sparkling Potato
1357087872,a784efaa31837e3d47e9e718b0c99547def2b1b7eda58daa36709e89948705f7,Thanks for playing with us! This is for you!
1357112371,e075cf3187fc42fe15b51e195e91f86596f3f81157f31f76e1101aed5be8ede0,A wheelbarrow used to decorate your Home.
1357122894,6c8a0c119ef67abf588fd8bb2d552baeb13a2595661d05746ba8136e910abe45,"I spent an entire year crafting this perfume. I had planned to present it to Lady Irelia at the Bloom Festival, to thank her for watching over our village."
1357129057,4a49277c1e07f4502ff45198a0b00d60e34f7d8ab31961e848a5d0d23535cf95,"Mm, I know you're a good human. Just like there are beautiful accidents within accidents.
Still, I have to regard you as an Opponent."
1357187468,8644fb58dcb03c274f49bade612f07fed44754d0d3b355291029be22edd706d9,"It’s beautiful, Lady Irelia will love it!"
1357194585,0f6736f64cadb4c32ce6d87db904f9f2092b3cb3bb33d241592127946600d4b5,Consume 400 Primegy
1357226890,839f17a6197c170b550c2bffe10138b0e23ea17f1a09157ace741984561e88f7,Press [<style=Hint_BgL>Mobility Skill</style>] to tunnel
1357235191,f6dc4e95e6cc579c09e92b9d07419e93e0cb1a9545c977761505b9f45db5c0bd,"You're back? Although Cecelia hasn't had time to tell me your Assessment results yet, it looks like things went well."
1357270069,d5f7ac21f981218dc03a5100556aeca379bdd98b7efa112f95cd0a7d901efd64,Reach RV Level 4
1376642111,d5f7ac21f981218dc03a5100556aeca379bdd98b7efa112f95cd0a7d901efd64,Reach RV Level 4
1451518364,d5f7ac21f981218dc03a5100556aeca379bdd98b7efa112f95cd0a7d901efd64,Reach RV Level 4
1556206564,d5f7ac21f981218dc03a5100556aeca379bdd98b7efa112f95cd0a7d901efd64,Reach RV Level 4
1576895902,d5f7ac21f981218dc03a5100556aeca379bdd98b7efa112f95cd0a7d901efd64,Reach RV Level 4
1608213201,d5f7ac21f981218dc03a5100556aeca379bdd98b7efa112f95cd0a7d901efd64,Reach RV Level 4
1646494869,d5f7ac21f981218dc03a5100556aeca379bdd98b7efa112f95cd0a7d901efd64,Reach RV Level 4
1672681707,d5f7ac21f981218dc03a5100556aeca379bdd98b7efa112f95cd0a7d901efd64,Reach RV Level 4
1736302909,d5f7ac21f981218dc03a5100556aeca379bdd98b7efa112f95cd0a7d901efd64,Reach RV Level 4
1867721102,d5f7ac21f981218dc03a5100556aeca379bdd98b7efa112f95cd0a7d901efd64,Reach RV Level 4
2039823930,d5f7ac21f981218dc03a5100556aeca379bdd98b7efa112f95cd0a7d901efd64,Reach RV Level 4
2043100525,d5f7ac21f981218dc03a5100556aeca379bdd98b7efa112f95cd0a7d901efd64,Reach RV Level 4
1357288985,99a94b9c4f5a2767ac784553615f1bfe05e39fdaff64507903f13f45c5306747,Hmm... Let me think!
1357341709,6af37c2009cf4438d6a5cc07edfabfe7d66f6aa5bb59a1a1090e3d67cc90dec0,"Deedee... lee-hoo... If you knew I was Cress’s partner, you’d say I got lucky too!"
1357346930,4687b3a20a89cd14c8caca47efc789ec61f95543d005f452f4f14792b7d8a986,Weight:
1755853677,4687b3a20a89cd14c8caca47efc789ec61f95543d005f452f4f14792b7d8a986,Weight:
1987099568,4687b3a20a89cd14c8caca47efc789ec61f95543d005f452f4f14792b7d8a986,Weight:
2097960254,4687b3a20a89cd14c8caca47efc789ec61f95543d005f452f4f14792b7d8a986,Weight:
2100519906,4687b3a20a89cd14c8caca47efc789ec61f95543d005f452f4f14792b7d8a986,Weight:
1357349818,d5c08b29566a19e2956440b1f260757f9766b092fc2e8af8766f526361bc8bba,"Ah... no wonder I feel lightheaded. We just need to put it out, right?"
1357394977,4a5a495116066e6137bbf5afe4f3cfc62dcb721fccf339347bd2767df6b6d2bb,"Chin up, dear. It doesn’t mean your Aniimo lack beauty.
They’re simply not quite there yet. In time, I’m sure they’ll become truly radiant."
1357407340,76196a72472a9182486bccf5c418ded29d80c7bbed80cb280de776e372bef089,Ugh! My incense is so close to perfection!
1357409246,cf94e15b55df8acd90debcf6abbce9a02a61f3af637469ed95278bbe2437ae66,Redeemed Successfully
1357425121,d8aef88bfd79e90be64ae1e7b41f66dcbf1a02b6edf9610fde5c9ea400e929c9,[Dialogue Placeholder] Academy Combat Training 2 Approaching Bubble
1357426696,058cdbfef7c9cef650d0212187c896919c32619ef54b9f6eadd4e2c530309713,"Dear Pathfinder, you had unclaimed rewards from yesterday’s Who’s That Aniimo? event. We have reissued them for you. Please check!"
1357468980,da0ee5f4ddcb8b515a9b4aa0f826ee7358461c7b93ae8d2c02f70eb06139375a,A doll for decorating your Home.
1357470938,7e8f7f7aa864035a85bfd11a8422b0b8b4b94064b03b9507100bb3b12c8630d0,You will receive a mail notification on the day Mysterious Sea opens.
1357492167,8e9f7bb073e276efa0fb6fd727ba346d7d6fb81f4cc360474ed75e624d137742,Final DMG Reduction
1396977298,8e9f7bb073e276efa0fb6fd727ba346d7d6fb81f4cc360474ed75e624d137742,Final DMG Reduction
1557155393,8e9f7bb073e276efa0fb6fd727ba346d7d6fb81f4cc360474ed75e624d137742,Final DMG Reduction
2028384035,8e9f7bb073e276efa0fb6fd727ba346d7d6fb81f4cc360474ed75e624d137742,Final DMG Reduction
2034396380,8e9f7bb073e276efa0fb6fd727ba346d7d6fb81f4cc360474ed75e624d137742,Final DMG Reduction
1357507648,a15c6efdd5177c6e1c8db5af2b4d9fe0cc79aaf6b5647a02f2a888f294a43ceb,"The switch seems to be not powered yet, and there is no response when using it."
1357510714,fc6e4a408d56be9670c14ee7be21e1a39c93c2df82f7c95975485e90ca6371c3,Leave
1444808359,fc6e4a408d56be9670c14ee7be21e1a39c93c2df82f7c95975485e90ca6371c3,Leave
1523894209,fc6e4a408d56be9670c14ee7be21e1a39c93c2df82f7c95975485e90ca6371c3,Leave
1696065086,fc6e4a408d56be9670c14ee7be21e1a39c93c2df82f7c95975485e90ca6371c3,Leave
1771431655,fc6e4a408d56be9670c14ee7be21e1a39c93c2df82f7c95975485e90ca6371c3,Leave
1868103946,fc6e4a408d56be9670c14ee7be21e1a39c93c2df82f7c95975485e90ca6371c3,Leave
1357516325,4c8f6359b9b5e3eaa8140936137f964165e2e03df94acf20b4a897ee9b6bf05e,Tiles Unlocked
1357521167,1ed10e27aacbe8c0924c6f5ca184e37cae14f94666474d23da4dd0c1b0bad3dd,Crushing Momentum
1652451220,1ed10e27aacbe8c0924c6f5ca184e37cae14f94666474d23da4dd0c1b0bad3dd,Crushing Momentum
1660907543,1ed10e27aacbe8c0924c6f5ca184e37cae14f94666474d23da4dd0c1b0bad3dd,Crushing Momentum
1751088148,1ed10e27aacbe8c0924c6f5ca184e37cae14f94666474d23da4dd0c1b0bad3dd,Crushing Momentum
1766868166,1ed10e27aacbe8c0924c6f5ca184e37cae14f94666474d23da4dd0c1b0bad3dd,Crushing Momentum
1357542051,15dd241d7efbd9d077c9182c1d8a7e206c639afa778f66e266c17bd943ee9997,Newspaper
1357549159,bef09c9695d9654eb41db40b4124003bdbcd5b33958dc4446cdeb85d7b1d8d0d,Lightning Dewdrop Crystal - Zephyr Coast
1357598796,ea5436ce265dd909c2cfe4b8dca774ea246b29bd387381075ca878da76c025cc,Agate Idol
1357600796,f713c9beba4a32b1d51f154b1de2a8d9a34b22d309f36aef0fb7c99511cfbd3e,Yugu yugu! (It raises its blade)
1357608523,5c540fb039617f16498a899f0bbcdad4dfa611812bdb519920bcfdb4079a0063,(Placeholder) General
1357613435,50367db89cb28e3eb2b5fa8b43fdc3918acb2689420ab545197274f38959b8c1,Floropedia of Bloomville
1538877334,50367db89cb28e3eb2b5fa8b43fdc3918acb2689420ab545197274f38959b8c1,Floropedia of Bloomville
1710988214,50367db89cb28e3eb2b5fa8b43fdc3918acb2689420ab545197274f38959b8c1,Floropedia of Bloomville
1357630078,765a1b35c300defb09e87f33e21c813e6ee275707d3b9ba7d575abee20cc6077,Damage Amp +5%
1527404994,765a1b35c300defb09e87f33e21c813e6ee275707d3b9ba7d575abee20cc6077,Damage Amp +5%
1693755805,765a1b35c300defb09e87f33e21c813e6ee275707d3b9ba7d575abee20cc6077,Damage Amp +5%
1357630216,09cf7de2759b0cfe3f2ce59c6c67ffe876eb6ed3dc4d98d06eaf914983b6bd24,This feature cannot be used due to privacy settings.
1357634783,c81952f3889cd7d3add5c58b8858079d730f22b71b5777932270503cfb8e3a05,Region (Placeholder Name)
1357653538,f6b9ed1358a000754e94e21a9eb6d0d43b8038892bf81f85fbdd932e68254f23,"Mutated rare rice, sparkling with dazzling spots of light."
1439248964,f6b9ed1358a000754e94e21a9eb6d0d43b8038892bf81f85fbdd932e68254f23,"Mutated rare rice, sparkling with dazzling spots of light."
1357720490,62c5aee920aa5bd7f16419bd991dcf695a5195c857837d656ed9edcc4e3c9b8c,Farmland (Level 1)
1856152758,62c5aee920aa5bd7f16419bd991dcf695a5195c857837d656ed9edcc4e3c9b8c,Farmland (Level 1)
1357772207,02893ea66bbc4c0786e5dea90b1d047001338d3cd30abb601f47c7c34adff34a,"They like having fun and producing rhythmic music, so don’t be surprised to see a grand symphony."
1357774659,37c50c935cd2a9ad065faec4824b7484acfd2b235c52368ccdb05d1f50240af0,Egg
1412313770,37c50c935cd2a9ad065faec4824b7484acfd2b235c52368ccdb05d1f50240af0,Egg
1477500515,37c50c935cd2a9ad065faec4824b7484acfd2b235c52368ccdb05d1f50240af0,Egg
1693406019,37c50c935cd2a9ad065faec4824b7484acfd2b235c52368ccdb05d1f50240af0,Egg
1731852221,37c50c935cd2a9ad065faec4824b7484acfd2b235c52368ccdb05d1f50240af0,Egg
1742502819,37c50c935cd2a9ad065faec4824b7484acfd2b235c52368ccdb05d1f50240af0,Egg
1770287126,37c50c935cd2a9ad065faec4824b7484acfd2b235c52368ccdb05d1f50240af0,Egg
1785205397,37c50c935cd2a9ad065faec4824b7484acfd2b235c52368ccdb05d1f50240af0,Egg
1898551136,37c50c935cd2a9ad065faec4824b7484acfd2b235c52368ccdb05d1f50240af0,Egg
2092523096,37c50c935cd2a9ad065faec4824b7484acfd2b235c52368ccdb05d1f50240af0,Egg
1357820181,860c002f8d435241325a2874600318b9b6b558bcc70f5501c4ad84c0b0fda5e8,You cracked it! Can’t believe how easily you punched through their defense! I’ve got a gap to plug.
1357822340,e585bc6ad2f89cd7f793c39dd0907b4fdaaa7c855d574257591793c462e5c6a1,Every step is packed with energy!
1357841166,8a113a8ead1ad81cd579fd1cf7451bdc29506d773f54388b9f0844c8fef03a40,"Increases BREAK efficiency by <customRichText(calcData,buff, 9118702,param0,1,%d)>% while a shield is active."
1357851867,37d163cafdcddfb5ac86f51ae792b88614be7bbfffd93a74ec5670eb308f0e3d,Free Companion Handbook Level 57
2011324517,37d163cafdcddfb5ac86f51ae792b88614be7bbfffd93a74ec5670eb308f0e3d,Free Companion Handbook Level 57
1357907766,166a0e2f524884cc5a524c9b415c0dd33f35153f95828cd8959409ebd5d0599d,A side entrance to the Lost Sanctum that leads straight into its depths. Great opportunities often come with great risks!
2060926014,166a0e2f524884cc5a524c9b415c0dd33f35153f95828cd8959409ebd5d0599d,A side entrance to the Lost Sanctum that leads straight into its depths. Great opportunities often come with great risks!
1357909143,862013ae5dc531b0b34d12c2b94928bf3b1afd90cdbf360cdf0d9fafa64dfd84,The Little Match Gramp (Placeholder)
1357910266,fcc34c9149ac6f464c0104ac4f8fb1fa4426cfa029551e47dcba04139b1524cc,Lock-on
1677436841,fcc34c9149ac6f464c0104ac4f8fb1fa4426cfa029551e47dcba04139b1524cc,Lock-on
1696500278,fcc34c9149ac6f464c0104ac4f8fb1fa4426cfa029551e47dcba04139b1524cc,Lock-on
1768584326,fcc34c9149ac6f464c0104ac4f8fb1fa4426cfa029551e47dcba04139b1524cc,Lock-on
1824200051,fcc34c9149ac6f464c0104ac4f8fb1fa4426cfa029551e47dcba04139b1524cc,Lock-on
2099398197,fcc34c9149ac6f464c0104ac4f8fb1fa4426cfa029551e47dcba04139b1524cc,Lock-on
2115717988,fcc34c9149ac6f464c0104ac4f8fb1fa4426cfa029551e47dcba04139b1524cc,Lock-on
2116482505,fcc34c9149ac6f464c0104ac4f8fb1fa4426cfa029551e47dcba04139b1524cc,Lock-on
1357915514,80ba939eaab32790ab308769e565a5fa882807761caaa310b2fc1519822c7fe7,"Yes. Above Legendary, I wonder if it could be—"
1357934546,103a240713e093dce90f947c07802423c776c8a27d500692eb8ec94399c34f81,Where’d the little Nimbi go? Are they playing hide-and-seek with me?
1357938852,cddd9b3ebef4a0dc109a69ef5661700593842f60d4003652112778c447953df7,Silver Helm Mask
1357966188,28a9c023de270b8dcd39ca224a0627d01d70e984c3b8236314c0064e67774279,What's Lumin Amber?
1357990303,81ece4aa4fea3395639581ae1fae426cc0006c7a271ccead3fa1688d5058016a,"Sometimes I think,"
1358011286,0ed044c88c2ba365bb0ca6e11eccd5fa1f005dc14a3a2174c2e44d482a0ea9be,"Veilfloat’s glow attracts light-seeking creatures. It may not mean to draw them in, but it does not mind sharing its light."
1358015039,fe81cc6139d9d31a5501890dd629ae45460904cbc87aa341609af5dc895e7a7a,"Physical damage reduction increases by <customRichText(calcData,buff, 270020003,param0,1,%d)>%."
1358016300,347e390a778cb704a28982203326bad2079a112e14a8c1dd740d5dd6f81dfd1f,Requires the Wayfarer I title.
1401818453,347e390a778cb704a28982203326bad2079a112e14a8c1dd740d5dd6f81dfd1f,Requires the Wayfarer I title.
2134658950,347e390a778cb704a28982203326bad2079a112e14a8c1dd740d5dd6f81dfd1f,Requires the Wayfarer I title.
1358018216,bcd45d03cc2f845657d6a6303189579c95d72001f164b354ea0164b452b8b740,Aniimo placement limit reached.
1358082193,9d3da77655bc3942f94a23d1a7fd129812faa39687257651d95e5f5b6e309ac6,GM Observation Mode is active. This action is restricted.
1358090872,2a5b463764fa4f4310fef615307e6e04afd4c4cda5125422e529c0da41c2f743,"Leaps toward the target, increasing the user’s movement speed by <style=Hint_BgL><customRichText(calcData,buff,2139302,param0,1,%d)>%</style> for <style=Hint_BgL><customRichText(buffConfigData,2139302,duration)></style>s. Movement during this skill still counts toward [Surging Wave]. While the effect is active, the leap becomes a dash that passes through the target, dealing <style=Hint_BgL><customRichText(calcData,ability,13930130,param0,1,%d)>%</style> additional damage and BREAK damage."
1358130139,bb87d16d74a7157ef92c1783ab18ad64acd669b89d4a860164a54c5acb1e7797,Arched Wooden Door
1588179315,bb87d16d74a7157ef92c1783ab18ad64acd669b89d4a860164a54c5acb1e7797,Arched Wooden Door
1358132327,ed9f6185fe4ca99a97de1afd180bf6a4e745b276459574bc435bfe2a032844f6,Call for Help
1978551982,ed9f6185fe4ca99a97de1afd180bf6a4e745b276459574bc435bfe2a032844f6,Call for Help
1358167939,7ae2c7dc581fcb3e51cda8122c3741f3e6c527b1a745d591e55c4579d273c2bc,Hmph-ee...!
1358168052,37d79c4992cf73a9bf03ebcb2dd52977d31877a4c93c3684fd14418a523a7e0d,"If you want to keep beating your record, come back and challenge it again!"
1358168607,0c01ea3c80d5ea28416c0b11cd71e982b66adc63add1d3d755bad5c1228afb9d,"If I can’t pull one, I can trade for it! I’ll use the 15,608 colored bubbles I pulled these past few days!"
1358172905,e938a6106677b7b331796a7f44e8da316b27d70ed0f2b9ed8b55ffac71d775e0,Your party is in combat. You cannot form a party or change scenes right now.
1358181918,2be1897fefa7e5a239d291c9fe1bbc935b2fe442dc208f2566258436ed791a87,They stand out from ordinary Hummins.
1358190088,96c469e0fff0ac29a17b26c176fe342b2c3cd7d899859834d8031509a475c8a6,Strawberry Candy
1358206004,6b817f8ca16a554bc6f72c7080b145fb5aeeb4c739f51bb455de9e4f16d37881,Paid Companion Handbook Level 15
1716009954,6b817f8ca16a554bc6f72c7080b145fb5aeeb4c739f51bb455de9e4f16d37881,Paid Companion Handbook Level 15
1358216178,4fc52a3c4c558b517c463b22d86d0e3b9cfd4255c98fe3510f9075b37ab419c9,Duration
1509291327,4fc52a3c4c558b517c463b22d86d0e3b9cfd4255c98fe3510f9075b37ab419c9,Duration
1358217201,0746ac3b8eaff938bfdfa2d3d63f117edf602a2fa1598c335735dafcf43093ec,Energy Cost
1439823627,0746ac3b8eaff938bfdfa2d3d63f117edf602a2fa1598c335735dafcf43093ec,Energy Cost
2046296385,0746ac3b8eaff938bfdfa2d3d63f117edf602a2fa1598c335735dafcf43093ec,Energy Cost
1358237539,2cfc6d2e5f652d8e09df2a6b886191b255ebd85fb186b6645afc005277e64153,<style=Hint_BgD>Observe the surroundings carefully</style>. Let’s find out what has his attention.
1358248760,2eab8e23a3770fd93c1b07e2271d7fabcbe3b246166e44c3721cce02d73e936d,Today’s Best Buys
1358253967,1ab9e2eebacf564b668400a610ee7ba90130ca182d7fcfaf42c6c25d4e10a27c,"Celestis can <style=Hint_BgL>climb specially patterned bricks</style>. When falling from a height, it can <style=Hint_BgL>fly</style> forward, and <style=Hint_BgL>wind</style> affects it while flying."
1358273711,56646b192659520e4c859346f6762f7f6d4e28a48993a1c731e5fd5a81e6e0e9,I’ve been to that thorny place! 
1358281918,45d76eebe880dc05bc597820c2c510ff0b3d98e69b014f90be9909d5919fa0d3,Cast %s
1358284068,6b4d8717ad2f3f198d0a6c8d3c37808b128bce89592f25d235ebfd5509b7f209,"Truth is, no one even knows how Aniimo first appeared in this world."
1358322910,274fd912eb035421680c540e3c78c375d8f4303dbe20a30e4495771bcf01aa38,"But many Astraeans believe this is just an exaggeration regarding the differences in climate and ecology.
They assume that adequate gear and supplies are all they need to thrive here."
1358323601,5b3091388bc0afd4b43de1936e921111df4ebf7365cc942727838e7dd919c3b2,"Lose 80% of your current HP, gain 3 random ""Vitality"" Gizmos"
1358374997,2c65bd760a4e14ff9dbf3e79d221a74be1bb44f8bb5eeebd1d83f1d194ab69cc,You don’t like the Alpha Luminelle?
1358424840,4064971d4888f8d2a38559b9dd2c9267e22811dba880d1a37c7a1063ea96c20d,"You really mean to decline the request of Clovis, the grandson of Bloomville’s Life Flower florist?"
1358425260,92662410652b7269d1c6811140d34de6815048acdee33883cd28216732e41cb6,One minute later...
1358445114,ed6d03aed58182bd98e89eca168dab24b82ff039a6b5240accbcb06f9d5ec253,Is that a flower or a Flutternym?