1709718836,bcc5ebef598e024c33c132f30988c57472f5f86bf1e1e6a546e5cd10449a136e,Such a beautiful mushroom!
1709753526,89388d7aabf193c0720ac6a0f2a5f74d8c9434ea4ab68d0ddfdeb11fbfe3b2db,Lightning Cross
1709778941,df25b554e22b304fea0c1861fb997451604a0af47b805bb565b2e04aeb406de2,Flameruff Quests
1709784202,c2b660f396226cf762b7f1a3324b2aa5854bde95505e056b503fb880b9588fd0,"Let’s get these lights and fencing set up. Look, it’s really starting to feel festive here."
1709806722,213e285e633cf522450c7823989701e96de97b8329dea90dc19b7b197f6117c2,Will you keep guarding the chest?
1709811240,29963368ef814ffb438d746f30949d76b13653ac14aae81ecac5c7e8dd6bf11c,Why do you say that? Have humans ever caused you Damage?
1709879043,741e43faa932df6e4e93f356c477fb17e45c6d701fff8b2893b6e0c8b264f898,Iris - Irelia
2047891453,741e43faa932df6e4e93f356c477fb17e45c6d701fff8b2893b6e0c8b264f898,Iris - Irelia
1709901313,b488f624464d511e2e48eca9a69a6596af644a318e939c54870f527ef85dcf58,I’ve been testing a new growth formula. Want to spar again and see how much they’ve improved?
1709914434,c5cbf2baad545386cb8c47431aa8515e6c6453907a3b0c37d6b036b403276bf2,"The heartwood of pine timber, full of distinctive fragrance."
2115924457,c5cbf2baad545386cb8c47431aa8515e6c6453907a3b0c37d6b036b403276bf2,"The heartwood of pine timber, full of distinctive fragrance."
1709923326,49070c897831d957a65dbe9a3fc83f97ad2f230bde368ffc3131025ea2f42b0c,"Really? That sounds terrifying. Thankfully, that feeling has disappeared."
1709939518,85a7be2c0c16b952b3a95dcca49fbe0c39481cb9909224ee85b0c651d7c2dd5f,Unlock Badge - Explorer of the Wild
1709957728,e78e6ae9dcd3fa905246b51fc4f9f0285c8067f7d44090e28621ee688a02ca11,"That’s our chest, don’t try to open it."
1709964768,c47a9fe2e1d3fafb62dcfcbcb8015198dddf631d523486a296c2cb8002ceb1bf,Mask Fragment
1709974231,aed1b1ce1c8d50b2bc939503cb107da6cafa55a0c248c416249d3ffe5309c9c9,"I knew you had it in you, yo! That was some world-class flying! As promised, the <color=#daa520>Shiny Grand Prize</color> is yours!"
1709981128,5cd261bcc680ffdaef07096b65379d9358316948ef7fddce644405f7e518c848,Deselect All
1709981239,526fbf8c5768d593fc8d585f0d5e427506a2e08007f8b5363835ff20354f0f2e,Put down the Aniimo you are holding before doing this.
1709985817,c4e6081ea4809c5135b5968a89a7caf611872a0e220439d9946a2e76088909d2,It’s disturbing my nice dream...
1709999833,55e5f63f364337b3df9459aafb907d55b0985ab5702b615b2d46ffa372cd62e5,"It's been some time, human..."
1710007868,cd5c7b42486eff87470d688153c6d027dfe9c0ee8e396879cf9c82d948866183,I’ll see what I can do.
1710014503,222eadb6e460d9f9366b3d658eeb1380a5c3ba8fd7315564fba7ec41cd30689f,Infrared Vision
1710019848,56e0c345397de09eead7b9e7fcb71fd1d5e3e2dbc7d21ac4f4b5c3b9f3aa4739,My Designs
1710069852,1298e15de7d615f285a7512c68f3d391454b80b8eef7ea4b75b91346e486b5dc,"GoGoHomes received an order for flowers.
That means some new modifications are in order..."
1710085759,781beb7f7646fab8222dee4cffa77483ffd21815b864ba26408d1250f1796fae,Treasure chests like this are pretty common in Idyll.
1710127674,329d14161695060c1153c3fdd2d7137e8e645b5e2e091767d1468493c375fe1c,Gameplay Guide: Cozite
1710135337,fbe20c0c1bda2c69bddb88b801d08ee3d60babe26ad57fa6cb225077f4c9bf7b,"It was our oversight that you encountered danger in the lottery Event organized by the academy.
I hereby offer you my sincere apologies."
1710173293,713ec017d44397aaa9044a2009dc2f09717de33e8c386b301a2a329b459536ae,"Come here, quick— Look, I’ve never seen anything like this before."
1710210807,61facd0f00a3744e8aa1a1989cac020c6bf5d6cd8515d99c64986ae62bf97818,"The temperamental Irisal seems to know Snowy. It explains that an Iris must collect colors and hone its dancing before it can become an Irisal, and only those that perfect both may become an Irisalis. Surprised by Snowy’s current appearance, it offers to share some of its color, but Snowy refuses. The Irisal instead generously gives you its pollen."
1710229010,6f36b492256dbb3bcb1fa5afe71855200d922e0b210625a55a026787010497d2,A curious plant.
1710256249,60bf5402d7258b3b37716576e4032e2351ff8c2b0fa97cb2faa6179ef8dd4aa5,This Aniimo isn’t strong enough yet. Try <color=#D89C28>switching to a higher-tier Aniimo</color>.
1710309801,fc0179a49291f23d6050607c7a2a092f7b4ff72f1d9d510f35056a0f630f28eb,This feature is under maintenance.
1710322182,2825973004fcda733305af716fa09685bbe56b1e072908fcb761f861cb485090,Audience Member 6
1710340565,f27b54c6fd877ab04c4b9483707125eede0e022d8803a3ac9baa76f7a7bd7ba1,Ice Shard
1710368725,05b08f30ae886e96dcee7437333dd95227fc807d1c9a806412d1b3b234bf7fbf,Nah-wuuuu!
1710376126,22eb973277da8743646f94e192cb73ba44b02a999233020f8a2c9b3c32364d61,Unlock: <dayTime>
1710383225,0b84ae0aa65b7f89f87c21128afbe84c0b14fa4ef6922c7942fe21b99613c851,Special Form Collection: 3/4
1710432734,f3925445617b588124c0d2eb8fce347cfe6d354546377aed09740ac6ccd19593,I trained extra hard for a full two weeks after the last premiere!
1710480344,d504c2a71218abb68e7df9d183a559552af53c95981560c0f63790611efb445b,"That’s right! Collect every <color=#daa520>Shiny Shard</color> on the track within the time limit, and the <color=#daa520>Shiny Grand Prize</color> is yours! You up for it?!"
1710513014,bc1c32ab9270731ba5aa99bb4fc2cb4f3ec237bee10f4d65d610419a6e09fd68,"Every Aniimo needs different things to evolve.
Check the Aniimo’s <style=Hint_BgD>info panel</style> and you’ll see its evolution requirements and path."
1710515358,58126f6b6a034ad9321b2750cb00b974b7ee3ae970848ae2be8499e56bcbef06,"#playerName#, if you can investigate further in the future, don't forget to tell me!"
1710532515,298e8f2e04c820b694616d499d6001d5555e52c0ad598b158cacd5430e4531d1,The epic energy orb is born from the reaction between its dissipating strength and Vein energy when the <style=Hint_BgL>Aniimo</style> guarding the <style=Hint_BgL>Lost Sanctum</style> is defeated.
2119117182,298e8f2e04c820b694616d499d6001d5555e52c0ad598b158cacd5430e4531d1,The epic energy orb is born from the reaction between its dissipating strength and Vein energy when the <style=Hint_BgL>Aniimo</style> guarding the <style=Hint_BgL>Lost Sanctum</style> is defeated.
1710539018,1896bef7c6616b74aeec373fdb2b97d5e1dca47dcadc0fbd2f4173ebabfe3365,"See that strange Helmwhelp? Quick, get the camera!"
1710546685,6cb19ce33db743c40a1f470118290937c90ac474544a5aed6010805a45396ecb,Furniture Blueprint: Harvest Moon - Garden Greens
1710585619,27ac9986ca0a97341cb8e0560c698b0ca1facfa5c71906c0533a117ffe20ab32,"Leave it to me, Principal!"
1711193986,27ac9986ca0a97341cb8e0560c698b0ca1facfa5c71906c0533a117ffe20ab32,"Leave it to me, Principal!"
1710591259,04c8b79623492b930588b28adb4a8e8eed4dca1ce428c12e5b692e90b2cff88c,Unlock Badge - Through the Hills and Vales
1710599909,f5eabb399c9ff6723dca2e47310442eb83262f37625bbdc57233d3749da2236c,"Hey, friend! I’ve sharpened my understanding of elemental counters lately. Care to try me?"
1710606147,e27fdf0d09b271bbdfa80e9eb54c9a9fd195c70347c6643c8e3dcd1e0a066ef9,"No problem, leave it to me!"
1710633957,9572feaadfe6bdd9d2ecd813aad29a09d7510ce4d6913c11448d4ea59b491baf,Download Resources
2098113988,9572feaadfe6bdd9d2ecd813aad29a09d7510ce4d6913c11448d4ea59b491baf,Download Resources
1710675088,147ebca116b828ab3e53cca3a241d9c52739e096edc10ba81de58376c46cf831,Spend a certain amount of Voxel Coin at Ark's Item Shop
1710695411,d778e69a41ca9bd6039a109e1de4bd7d8aece1ccfd3a32b920909ceca3674f31,Chilling Gale Sweep
1710755306,9772cef89e03bebc0c0d04f534c59758d7cbc1ccd5714d222d9e7bf91f5f136b,Sort by ID
1710778394,8c371ca902a835dbad0d914be1a5a8046f7b4d09cbb881a6702424e3f1ce4513,EXP +100
1710858822,304086f4258be8e96f7831e4e184dfb83fc8f8d8fa6728354b2b081774aaee79,Confirm Ascension
1710881981,0348e2288c772c70cc770da1172556e41e2ff43c5d79c5a2ea3cf8dd399609cb,...Is it really a two-day trip from the white tower to here?
1969590066,0348e2288c772c70cc770da1172556e41e2ff43c5d79c5a2ea3cf8dd399609cb,...Is it really a two-day trip from the white tower to here?
1710882105,3b9ca7b9f5845cb8ecadaf19a617a007cf153f329c886f655dc20cdd77fb8406,"Besides the Pathfinder’s [<style=Hint_BgL>Hammer Strike</style>], <style=Hint_BgL>Aniimo skills</style> like those of a <style=Hint_BgL>Scorchhowl</style> can also deliver strikes"
1710906917,c086cad9a9822ef094b0a74f41081873b524df95ebc38575876d59bd077aa54a,"Known as ""the place where flowers bloom in abundance,"" this village is famed for its flowers and perfumes. Once every decade, a grand celebration called the ""Bloom Festival"" is held here, during which the residents present their handmade perfumes and await the Guardians’ blessing."
1710908694,00de58c54c6ad61788a2d8cdd606000b5c307ac9357c6059aec7ac684ed69b08,Aniimo Training Items
1710916968,af6902a802509069240681d2b0445e38508fe31ac45e269512c96ef37ec06725,"During the day, the Bolty always gather beneath the Blitz Tree.
It looks like they’re... making phone calls?"
1710917364,5372d93df191a7e6264723c65e8fcc9d6e0e1d13fcd578854b86f5c902dedb38,Anthill Steward
1710945791,8f49514f00013bb6ee9d32db2fe2f7a47e14fdb0b7d60a55724076741438dfb1,Wind TP Reduction Bonus Multiplier
2054311742,8f49514f00013bb6ee9d32db2fe2f7a47e14fdb0b7d60a55724076741438dfb1,Wind TP Reduction Bonus Multiplier
1711005804,ac997814f7fff37663b7712b850102a3cb0d621f9ae21ead059a8318befe8163,Enable Battle Data Statistics
1711018239,64e737c8f286f92cc3013787ff30cb7ed20f5354dabbd1016ea76a4f6844f349,What if we combined Nimbis to form one massive bed...
1711033377,378d0e57dc2a6b2f7aa229ebc36a533041c66635553c539da08d1a68d879934a,"For every <style=Hint_BgL>3</style> pieces of Equipped <style=Hint_BgL>gear that match the style of the Alpha Transformation Skill</style> collected, you can <style=Hint_BgL>enhance the Alpha Transformation Skill 1 time</style>."
1711090253,0a1d897638963133d8ef86993059e8ce998c122ee1b7a54b15ff6f7d1f2bad97,A research note written by Sayn about how Bulblies talk to each other through electric currents.
1711098025,b69b92193f43ee185a03ee93f079f5a8dd0a99c343167cafb05ccaf09c5ccba9,I was expecting the Undefeated Warrior to score another win... but he’s nowhere to be found.
1711101880,f31092f53f7979119e2672c6042dc0edfe42ec924b8e88c68a997cfbf54959e8,Daily points will reset when Daily Activity quests refresh.
1711196972,e9010fcd23799dbd4278a73c9e2492df36c159eb7d006c06be7f0acb9078ce11,(The ball at Jenny’s door doesn’t smell one bit... Guess it wasn’t its after all.)
1711210333,efb77c588e459bc970d921d021a4324fbc5499df36688eb68ec4d87b21b2fd67,Thinking of facing this move head-on? Think again!
1711239443,93b3128063c32b4188555565dd9ccfd5485fa1fb52b283e8f4b554766604adac,"Everything seems fine. It does feel a little warm, though..."
1711249579,c6113b9e2cf08d443c49d03b9faf20ef22049dcadfa966c9c6abfafd9ef98964,Really? But... I probably can’t go back to him any time soon.
1711318210,9a1ef66025060427f232051408f07dfc62b58d038cad4e1fa768ce4a680d2c5e,Thank you all for participating. We welcome everyone to join future contests too! See you in the next event!
1711318473,35994af3cc90957cff842906a5f9c186dcafa543127464ed3e01a842f883d193,Comment Line
1711340218,dc5154201d9cd43002508b434eab80f308f64a268dae0369e08f0d47b2faf636,Huh? Why are you here in person?
1711386789,989d1148546badc7828304610c86f6f214091bb49fc0bd26bcd3f6ecfd1554b3,Eee! Woo!
1711406037,5719941c361dcc6873075c2d00c0f66cc7f8d8df25f27c3511c2065b7716fe91,Legendary Aniipod: Windchase Departure
1711406466,63196f47c6b6dc749462bd744b1379f3574255e4f7c5e58f7fceeb582aee5bfe,Pointed Fence: I
1713409501,63196f47c6b6dc749462bd744b1379f3574255e4f7c5e58f7fceeb582aee5bfe,Pointed Fence: I
1711419726,0510a6dbab6312c6422077a2d2aaf68da4b042648be6dd481c8e3cbfa2919586,Load +3
1780538887,0510a6dbab6312c6422077a2d2aaf68da4b042648be6dd481c8e3cbfa2919586,Load +3
1711449920,234ce5ef831aa5f1b679bb113951165944df4a855182f8d457131fb2b77e8431,Hold it steady! My Afternoon of the Blue Furball is now yours!
1711459129,b01554ebce5ca1f6ad33099867c38e20f4b2784f627a6b6512e37b3b3a7f24d2,Won’t those ice blades give it a brain freeze?
1711491592,3e44d9a7f5a2da45813afc31f2ebfa6628132fd598aeff0a560dec812b2df7f3,What about Sunia?
1711492279,bfec31fef9a2ee5df05977bfc98ec9aed67f114083516ce070f3aa3cbd1e7451,<color=#5090df>%s</color> pulled a prank on <color=#5090df>%s</color> while it was working. But <color=#5090df>%s</color> couldn’t get away fast enough and was taught a painful lesson.
1711502871,098ee939750258712ee841e03320f7987b141dfdc94f1a80fe78229b826ee06a,Pointillist Hatching Melody
1711509926,69006c1211105fa66be514781d4b9710f3dd3f6dae4ffde392d2c30b7de76b5c,Perfect! Now let’s go to the Sea of Flowers Park!
1711512419,aceca17313c91c10505b63bae6540d0756630a4ad9aca792aaaaa324caefcf9a,Not enough players to start dungeon.
1711529938,9b3afcc91e9b734802689a77200e26f73a16b9f6ab63f8a9de69c07a369cf99f,"Stand close to the <style=Hint_BgL>wooden box</style> and <style=Hint_BgL>vines</style> in your way, and press #kHud/SkillQ#z to burn them."
1711621163,d3e5f965d6296abc85b68110e8acc17528b359cc967d6eeece5eda68e2f9e524,Protecting the weak is protecting who it used to be.
1711629060,bf20b4464a81bb4d103d58cb3ee149b3d5bc5a32bea54d2e90ae48e2554ffb6b,Aniimo renaming will be released together with the Aniimo Affinity feature.
1711674301,2f1cced872ad4f2d955bcbca0553299550bd47336ece7b0a21f64010ae57c976,Top of Grizbo Cave
1711689801,39b57406bf033bc27789cdd2a149e3de4120b35b204b0bac67100ef42fb8f90c,Element Mastery - Ice
1711732453,72e32eb823fa0835d4ca950f5205bc50930cc5c517a11d2c80846a72eb289731,"Indeed, it looks like crystal, and it's the color of the sea..."
1711749278,1ac1d72240f0ebb22d9f2bed1402c560597de35b687c12a09aef9496ea291d37,Insufficient purchases remaining.
1711752656,62cb48cb8baf2dc05cab16484ef5be3a0559c3ca5dc0b636f32b5197f59bc2cd,Number Selection.
1711788291,325a5d81dbc8d72145001da8da085307427b0f5569b4921c4e88bf33ef9463c3,Plan B! Run!
1711828145,64cd5f5194a1165c1fac414959a92afcf468e87800cb012a0a4fab6e0642d380,Formula unlocked from the SPARKELF x Aniimo limited-time event.
1711841275,a8371adab0553cc700431afa1b06cf2c283600f5ba45d503680cfb7521602a7a,Unlocks when {0} reaches Lv.{1}.
1711863415,20e1898eae6ae48190dc47815ca96eb2260a9c5d19b8c387775a7d6c7090cfea,Alright! I’ll go take a look!
1711903164,d992437ea3321e85b8e7f8c28a38b742593c4d343bc3d8ca8f5a05a8e0f6a57f,Track Park Board
1711960663,abf0812b906bf5cda0117949abf302429a136d6e4ffe3b762bc4eb4cac3cb55a,", although "
1711991874,80fc9b3a7764bc7a4eebf2efbd99d4d113cb20c052e9a66bbe4dd5510e268c08,Confirm invite?
1712000737,a3038a59f47214a7102e0f2d0db04079cc262b596d0ecdd922457f30c2b43c55,Water Challenge
1712008135,06c7d65412a925a98fe48b88e4b4d8e82162747fd7b251e47f073b7b4b46f42c,Catch Technique V
1712025883,ccb335fefe490545f681f8e0094f6f02aa4f4aa80444f4384cf966b5ec95c1af,"This time, I want to steal large starines so I can use the tasty ones to <style=Hint_BgD>bring Starry home</style>!
Will you help us? You look just as smart as him!"
1712056914,cb48f9b857814078efa508ff3514fc242f4424926c8295b57542df23ad9ff131,Golden Seed Ornament
1809044289,cb48f9b857814078efa508ff3514fc242f4424926c8295b57542df23ad9ff131,Golden Seed Ornament
1712069224,9e2695a88047dea8a7753430f75ce959595d1817066ac2ee7588df5e9e63284d,"This translation module only simulates my twine state with Icho.
I provided the data—Astra spent years refining it before simulating the current version."
1712089789,ae70fc063f0a1aaf41c0c0e78309bc0e6ac545c6ee1087b7808de629571a4023,"Significantly increases damage against targets on <style=Hint_BgL>Chaos and Nightmare difficulties or lower</style>.
With a chip installed, <style=Hint_BgL>slightly increases damage</style> and grants the Pathfinder access to <style=Hint_BgL>tactical skills</style>."
1911238907,ae70fc063f0a1aaf41c0c0e78309bc0e6ac545c6ee1087b7808de629571a4023,"Significantly increases damage against targets on <style=Hint_BgL>Chaos and Nightmare difficulties or lower</style>.
With a chip installed, <style=Hint_BgL>slightly increases damage</style> and grants the Pathfinder access to <style=Hint_BgL>tactical skills</style>."
1712101447,71f275661f9d56c42f4a8be987e08aa816126353dd6b6aa1cd4f7da69de2b619,"Is there any chance you could get inside and take a look around? I mean, considering the Celestises’ only real talent seems to be eating..."
1712117220,6f6bdf99d23904bb8a3691b707df6241e37c10abfcafe05b6e60e0a44b109cae,Blazing Wilds Trail
1712120877,a77a71762a3632f7bbc917286cbb83075068336db68a370a065408b31d42cfd4,You can twine with an <style=Hint_BgL>Aniimo from the Hummin family</style> to hear what they are saying.
1712140548,f753f5267bd3dd964fd697e13005b9427dff904bca9591e023b50b849b9297ce,"One moment. I’ll climb the tree first, then shake down the starines so we can begin!"
1712141575,135feeb811379e2449f314a94c26ff04a4574ee2359fd5f47ce2be5d88074b57,What...?!
1712181230,1208997a53dee20cd5907956c2f77206e546470abd5cadd6c0c9586ab4c94af8,"Go find the ones who are on the same wavelength as you!
Maybe not fitting in just means...
that you haven’t found your own happy place yet."
1712300688,5ac16dfaafeeaf4a303f3667dfd003dd9eacac0c047e8ff596f5047d2b2395c0,"Yes! Actually, I don’t have a definite answer myself. The aromathyst’s final scent is affected by the quality of the flowers, the percentages of different nectars, fermenting order and duration... even the smell of the Dewy itself."
1712344162,531cfaa6b60ad3f871727f1ddffb0d05af5c1f0dcd8485a69e449764c0e8553b,"<style=Hint_BgL>Raw materials</style> produced by the Nimbus Bed in your Home, with a shorter growth cycle. They can be used to process further products or sold at the relevant shop."
1712374505,2b124e0d830db0b20ff91020ae8ed5bc55b7d9bf35ec79c6df50c787e8eb6ca7,"This skill can <style=Hint_BgD>BREAK</style> targets.
When you <style=Hint_BgD>BREAK</style> a target, it prevents them from moving or attacking.
It also greatly increases damage, making battles more exhilarating."
1712379729,9ff484851389dbbd4b819d9dc41e0917bc6a3908c2c4b34b3d2eb8622a650670,But this smell... Can it really be used as an ingredient?
1712400640,0ec2f75879d39ade83b1a88ef75c7ebcb679f45b72912e20d0d5c45cf4ba25b6,Plain Rice Porridge
1712428364,4dbc542b89a1298d7b98578e7b610c884f97f63a6ecde7d51c9add216e7c0573,Increase Companion Handbook value by multiplier
1759241624,4dbc542b89a1298d7b98578e7b610c884f97f63a6ecde7d51c9add216e7c0573,Increase Companion Handbook value by multiplier
1712442129,50d56ecec678fbc27a0b4c7f6f73b9f08474c8e76e1c30d65b1de07759bb86ff,Avatar Test NPC
1712473098,b45eeadb0d67f77764ce7570642da38599a09eac2d3a9745e31b95cc3e2007e7,I-I’ve actually been...
1712486208,27e6697d99694b6db20b38002487cfb1535e1c05ecbcc0df74d0b0f7c519b1d4,"When a party member deals basic attack damage, gains <style=Hint_BgL>1</style> stack of <style=Hint_BgL>[Rose Mark]</style>, up to <style=Hint_BgL>10</style> stacks. Each stack of <style=Hint_BgL>[Rose Mark]</style> reduces Melloblum’s EP cost by <style=Hint_BgL><customRichText(calcData,buff,2132408,param0,1)></style>."
1712518680,c6e96dfb12c8cec121791d5ef34700dfa95df9f160e442d1334ccafb6000a935,"Retro, playful, and sweetly you."
1712658707,77192f313d0a25196c160f6e1b79f1910d6e73c6d856b846a8a01314e1b5ec29,"You comforted <style=Hint_BgL>{0}</style>, and they’re feeling better!"
1758874679,77192f313d0a25196c160f6e1b79f1910d6e73c6d856b846a8a01314e1b5ec29,"You comforted <style=Hint_BgL>{0}</style>, and they’re feeling better!"
1712663843,7aa3dd70ee7a73fbc1cdbd084bb5bf848e5e003a5aa95b12cd753344f3322bc2,"Carry me, senpai!"
1712668053,8b208c697a23275cf8cc50baa4c2ac7c12ddeb104bf2bf329ede90404ac75f52,"You need <sprite name=""ui_item_1009_small"">{0} to claim your reward. You currently have <sprite name=""ui_item_1009_small"">{1}. Enter?"
1712668991,eb17d476bcffffc387081ede0737d937cd06d450d9732b348e29ef91277bed1a,Cool Summer - Sun Umbrella
2036188964,eb17d476bcffffc387081ede0737d937cd06d450d9732b348e29ef91277bed1a,Cool Summer - Sun Umbrella
1712676839,858451263b1b9b4125fd9fb9a40f5959543162e04a14aec2712a45882f2d6e54,Forms
1712717586,0e9a08c4ea185a25730692c5f794314f48efa04fcabda6339a23f96a263c4915,After the host counted the votes...
1712719170,0aebd91f8d3dbc7aa08629450f13cdc5cbdca89b9deb096ecc9674266081f8ea,Premium Square Rune Pack
1712721683,1f057fe2508aea5a1078b85fe669840ad2c916ffa61623d008c4896b9d667b0c,Face Tattoo 21
1712737961,ca6542c51086c61dc20e38081fd2f82d84706305f71e15ea3753f86d79e69d5c,Sparki Exclusive_Blue Bonfire
1712755090,44deb6f6e4aa3ab0392ddf50cf0b017d305b8134f699a8273340e5386dab9b4e,She went that way—want to go after her?
1712756038,9cf1c3c7e5f5b65615f4ef43ce1c5808bace727ee01fd42ec3abf0de49ee2998,"Once enabled, you will automatically approach a locked-on target until it is within your skill range before casting a skill in lock-on mode."
1712844369,6201d483704f9eb3961b34a4568942e5fec4cdcdc231cbeb950a354ff826b090,Lip Makeup 7
1712860410,843c52d510773ce51663d2ed0e2cbcdc1217b1657cf755961707bfc8c7faee1e,The gulls study the score—each in their own... questionable way.
1712873120,c8e7ee4fbbd3a8b6d6efeb10c94fa734449b16b9f03f93ca65e4eb322b86dcef,"Yes. I know you need help, but please don't make the medical environment dirty, thank you."
1712883013,dd32af693aa2e70456c0234c3baa0ecd90080a9236ff81da098713df2861e52c,It looks like you may be using an unlocked 13th/14th Gen Intel CPU. You may experience stability or insufficient VRAM alerts in addition to crashes. Click to receive help.
1712916453,bff023a24264ddb4f40fcbb9cab505460cee7b36464649297d7fe312afc59b3a,Coral Trap
1712927911,fcbd49efa5ac9c9884a53ec6575e5ab4c0fde36d41065649f832b9687af743ca,Let’s get these crops set up. I can already smell the wheat and fruit in the air...
1712960500,2e6c05b52178cce336d486f6a2dfba96f1b6f4300b2e8b086e6c3688676babdd,Twine with an Aniimo and tap Mobility to enter <style=Hint_BgL>Hustle</style>.
1712969133,8ae0dcde08c5207c490fda5e54da822d55ff9da9106d602f9d68263732e2deb1,"You went down fast. Couldn’t hold out, huh?"
1712997705,3a93965143295280358081e66edf480fc432ade91a4352ead9dbb56e982715ef,"Good, Shelly's territory has returned to peace. Go back."
1713001112,0582bf4d312b9caf5f53f3617fa45e7e3112b5b044856a4a2dd65eb59e912ff6,...Want to collect some more?
1713029422,c6e53c57e9b88ca5484c50bec86a79351d47678d375250a86e118e371f20d876,Stepglow
1713042194,8888326e1ad8aa88c9d985ae98f1c892e7b1509151c01d0645be87de1c586919,Can be collected in Breezy Plains.
1850724980,8888326e1ad8aa88c9d985ae98f1c892e7b1509151c01d0645be87de1c586919,Can be collected in Breezy Plains.
1713050051,7236cc780f9175f594daa764cec16048d6f396c209254f94934bd82c7027b8a3,Pure Essence Oil
1713054629,5637d8cec1eca379ece3a2b3f7da3b2c6b5aacc60f4366fa16b8e516e87634c3,"When not attacking with an advantageous element, final damage increases by <style=Hint_BgL><customRichText(calcData,buff, 9136101,param0,1,%d)>%</style>. Every <style=Hint_BgL>4</style> basic attacks grants <style=Hint_BgL>[Solar Halo]</style>, enhancing the next skill."
1713148219,041b0e7a6d713fdebd5c00171bd9f6ba4100576e0cdbe5ecb18c49735857932e,NPC Cleanup Data
1713184634,8c2a765cb0af7601f9c3cdad8d163ce6d3081699bd97a37db3174c8555b9f5cc,The Team Leader has not selected this Alpha to challenge.
1713212212,c17889d5195090213e8532e035ade1023c1a1e0cf3af2f3b1a033d6e499ebaee,Voxel Boss
1713214332,cb654488edb3c90ce76a0c6a92d7ce72c4cf75dc505700bf10a54f4150a62b2d,"<style=Hint_BgL>Temporary item. Usable only in this game. Cannot be taken out during extraction.</style>
A Protective Unit chip that slightly increases load capacity, letting you carry more loot."
1713269810,7d00e1cbb1be50c80ba548dfe52daf68af17206eb1b90a484e4a9a70b771d70d,"As long as you successfully pass the Trial, you can obtain a special item symbolizing glory according to Baleetle tradition—

""<color=#d89c28>[Being made by Hit Teacher]</color>"""
1713271770,c406e68a13ae869b8b23e3d5dadb7b01a0f9f4ba2d311615308fa84c79163794,"A fresh diamond-patterned rug reminiscent of an open meadow. It feels as soft as grass underfoot, making it the perfect place for Aniimo to roll around."
1931328273,c406e68a13ae869b8b23e3d5dadb7b01a0f9f4ba2d311615308fa84c79163794,"A fresh diamond-patterned rug reminiscent of an open meadow. It feels as soft as grass underfoot, making it the perfect place for Aniimo to roll around."
1713317636,7d35def1f0fa7f60ee05a0e01d99c1327677045ecf0a462b9bbcb8a87eba7b12,Fascinating... It’s been so long since an opponent got me this excited.
1713320869,35ac4f240066c3c0d5692acf36b2beb1305141ac4320a294a6c29d7add31371f,Rough Stone Handrail
1755162174,35ac4f240066c3c0d5692acf36b2beb1305141ac4320a294a6c29d7add31371f,Rough Stone Handrail
1713334378,1510eb7719027971d7a9afbe85a25440697b0111f19d56a3aa8865d191df95ef,Stone Tablet
1834903174,1510eb7719027971d7a9afbe85a25440697b0111f19d56a3aa8865d191df95ef,Stone Tablet
1713376994,ca6b784535567a2c2596fb65300c52921220af0598db936efb57d8d7e57c0d01,"With the Voxel Core beaten, Voxel Cubes spill all over the ground."
1713391271,d0fab68b9ab83861744405086c880e0c42e002ae639c689c8583b639a6712b3d,Draw another hundred times!
1713409579,be804c11ef377cc45952b1fa5abc112d14cb01048c06ace549fd87a710cc7906,Garden in Bloom
1765291585,be804c11ef377cc45952b1fa5abc112d14cb01048c06ace549fd87a710cc7906,Garden in Bloom
1713456064,e9f002d0876d6444adf0c70f3e1258bd5b43440b8ec838e8016669e0811d6a2f,Stellarys Territory
1713498311,29cc4f6fa0c9c708a68616e05a4c9fdc934070d1d5bfc2461c96e9e5ad52d148,"Watch it!
You’re messing up my petals!"
1713514871,2e29f0b1efaf0609fd1f7c0e8b1702e8b0829d298a4f2a1ea8cd953524afa75e,"While you were away from Home for <color=#5090df>%s</color>, nothing was produced there."
1713543564,55c95612310610a53a6b79c2315b063b0f881f38d3b119d86be092c8f7de5825,Bring a weaker Aniimo companion close to Glynsera.
1713549463,75477b21b86f522c1c5c44785d5a47b950859d3accc797c3a0ad03aa273520b1,Yes. I’ve never seen a dance so beautiful... even the scent around it shone with color.
1713563949,8076590f76e4bc6b82b4125a7e4eebfb5cf1964e02afb9749f0f9fb2f193be2c,Do you agree?
1713577923,851a5a0a1de97807c0b638cec3ec03063af9e71fb690dc07e163aececb02cb6a,"An Egg sealed with bonds from the past. Once it hatches, you’ll meet a familiar friend again."
1762787198,851a5a0a1de97807c0b638cec3ec03063af9e71fb690dc07e163aececb02cb6a,"An Egg sealed with bonds from the past. Once it hatches, you’ll meet a familiar friend again."
2094282717,851a5a0a1de97807c0b638cec3ec03063af9e71fb690dc07e163aececb02cb6a,"An Egg sealed with bonds from the past. Once it hatches, you’ll meet a familiar friend again."
1713633155,a37ca562b3cf6c12af3e81f16153c73db18fe1dd7735c34bc271e41eb62905e6,Platform Reward - TapTap.
1884381224,a37ca562b3cf6c12af3e81f16153c73db18fe1dd7735c34bc271e41eb62905e6,Platform Reward - TapTap.
1713633311,4e98d8d736888c9614133aa495e51be1f3c9c0fa49ec20670931eceb383b5266,"When you challenge Alphas and Omegas in Holo-Battle Sim, you can earn Trial Points for item rewards.
Omega Challenge refreshes weekly on Monday at 4:00 AM (server time)."
382227944,e97d20ecfe49fbbacde7448eb39b47204a278608698ee37099038f90238a2784,Complete 10 journey quests
1713657292,e97d20ecfe49fbbacde7448eb39b47204a278608698ee37099038f90238a2784,Complete 10 journey quests
1713688459,5f9f047666d1970e41bfd54ba00ee2356c862e1a9ed94af156fd680da2bdb93e,"I know, right! When I flew past the castle, I saw so many little guys inside!"
1713694980,b8613f32c6f86cc481169ed4216080b732d1ac368512e9ca6116c031a9d344fd,"The rain makes me upset, and now I’m more upset without my friend! Baaa!"
1713717154,b4633d98b85341fe95ccfa4f5c01f411145f1f164a5a05364aa4d9f70740dd23,That’s right—I decline!
1713754530,a53cd7ab319e1c6ef5f6614d169e35870f2387cc17d8c70b30874085e682b2b5,Broken Wheelbarrow
1713796033,9c1be81fc59e59f2666b7c090298ba96f4d740a1d180dbb55aa00a49ad2e5061,Dad...
1713811505,19816b3165f03b12dde015f8a3e086cc96a1f0f68141d8d611837c63669ee5fb,"Hello, Pathfinder!
You have reached Lv.25! To ensure a complete test experience, we are providing you with progress resources to help you smoothly experience more of the game’s content.
We look forward to your valuable feedback during the test!"
1713812731,71f401ab27f41ce3ce91cfae00b1a1e60a6dd68ff0ac944dd01388c0f614b693,A lucky chest sold by Lumintech. Open it to receive a random amount of Star Sand.
1713816475,14580106ba4d83e2a6283b395fe8212fecbd750988826641fd4c0e62351356a1,Damage Sharing Coefficient
2134783294,14580106ba4d83e2a6283b395fe8212fecbd750988826641fd4c0e62351356a1,Damage Sharing Coefficient
1713831014,a6c6009bcab86428980794284153432a9a9c4bfd592b36149598df4519736af1,I’m convinced.
1713839803,448b7edac41d0d333b764cb3bd2f464d2e704a14795c59a6b3df6ca4133f52ac,"Ophelia, your breeding methods are so outdated. Nimbi should be small to be cute."
1713848355,7f706a6a5971f997bfbc15410d9c2de828e616d26128c9f3e8e9316650afe706,Required quests for this chapter completed.
1713904154,39f32ae9de17bd11becddaa93daa4ffabae2c7484de0c7ddb54ee9457b39112d,Unlock Now
1713911555,106e65b5b85b6e1c3b855d28d19d94471c7325cead0ad7c84cc6df59541e9e08,Spin to ATK surrounding targets.
1943518685,106e65b5b85b6e1c3b855d28d19d94471c7325cead0ad7c84cc6df59541e9e08,Spin to ATK surrounding targets.
1713920160,1511d5956629a29f3af497fb1dd041fdeaeb28132e82389ec082a819080e56fd,"Along the way, you’ve leaned toward calm and reason.
We would make excellent partners."
1714006412,5c19d4c4051475528d1a394bc32386139418e7f85f1b754f9f66ca3032771d31,A royal blue building block for all kinds of structures.
1841878148,5c19d4c4051475528d1a394bc32386139418e7f85f1b754f9f66ca3032771d31,A royal blue building block for all kinds of structures.
1714063464,1f72054009bb9edc617f2436816e1bed42ddbc4d3069e05e7e962e1baadbc717,"So we’re dedicated to finding that balance, and our perfume-crafting processes and formulas have gone through countless iterations. Of course, the occasional accident does happen during experimentation..."
1714073626,50f53a95bac5fa6f4618f74cbb0a708e89c1499bc0e8f63423a679007fe07ae2,Maybe? I’m curious about it too.
1714089975,5a1d0ee82b17176d435a9b93e93201852ba08c215cd074dd09491fcc37c2f6b4,ARK Voxel Side Battle Arena
1714131688,6c519685383d6e12479b9dc215cdfd8cc4473bcbb5a2e35078239443009e2d0a,Collect Aniimo
1921423863,6c519685383d6e12479b9dc215cdfd8cc4473bcbb5a2e35078239443009e2d0a,Collect Aniimo
1714171235,174794614103f9c13bf1b9ae88d3b90978ece30c8f26c0f3c9907170c61d35b2,"Hehe, you found me, woof! I just wanted to try acting like Frey."
1714181017,0a41a5790f7eddcfa01a6b7c42752e801f873c46b0b25130df830d3a97e00dc4,Heal Boost
1714234067,189297c46bfc702300bedbaf3bbb26285b534c6711482df944cc94e505c5499e,"When Tuckin hides in the <style=Hint_BgL>maze</style>, <style=Hint_BgL>burning away the vines</style> or <style=Hint_BgL>taking the narrow passage</style> can get you to Tuckin’s location faster."
1714242528,f4c0b9261c72c9dbcbf5c83a58129069800984a0de58ecb162503dabc5af46fd,Press for audition
1714268086,005089176b6dd4ff339d64ed7425b9f612fa5fbcc9ed286cab9c05dd524d751c,Chat with mysterious friends at Astra Square for a chance to obtain drops
1714288427,27bbf74aadb818704e52b1e6eefe867d21ec702bbc70b185414a437526155671,"Okay, Glim, walk toward me
just a little bit!"
1714311813,26aef46d186104ab11cef89b7762bbeac462d70811b64de88c50ff13465c3391,Why are you still twined? You really got so sucked in you forgot you’re not an Aniimo?
1714313131,4666eef02b620fc7d524f2952ffc54ee4e1f7dd54f48b2123b612f7b415c7634,A red fruit bristling with thorns.
2138599383,4666eef02b620fc7d524f2952ffc54ee4e1f7dd54f48b2123b612f7b415c7634,A red fruit bristling with thorns.
1714403702,20504dcffce7b9b527fc71f96b0166e02c9a026a3cb5dbe520ba5a296652bc3a,Reaping...
1714405039,029b9a6c9fa909654965034d4442fae4c2a6d93db6ee4c6f29e37823069db7b0,It tosses flames on others just to see them panic.
1714412256,f1151e80e069ebb4297f41086888996d8d80dcc617b59739d764775ac5197104,Tip: Try progressing the clue “A Perfect... Mudball?” first. Tap here for a quick view.
1714443833,91fbae38092fd775cf664c2ba56f76a8d78a8b32b39e744a535b0294fa9f1002,"Rule number two: Stick to paths already explored by others. The risk is much lower, and you might even find some treasures they left behind!"
1714470045,290be4cda2426c421c17f48b39957dd17b0180353189b9d05f7f7d1105d4b22d,Rose Mark
1714488193,16ee30124b3cd9094a5bea24024c8381b5fefd70139b86cc483beb2fb6d630db,Reach Placeholder Unlock Level
1714491169,9e89634eff8550041fa8c2c6c3f4247a1fccb56513ea13f38413c20cb7b61c4a,"Spray the perfume around you.
I’ll use the scent to lead you in."
1714524794,64833a0f8a88b377b6a8288b8a2ef97fbf29e7cef1560fc8b1f44ce9fd767de0,Older Baleetle
1714543048,785d20191cc0a90735db5bf9a9376c9189362b3f14da8f9f510e4cfb966b27d3,"To become a powerful Wisptis, I need a powerful opponent! Hah... One hundred one... One hundred two...
(The Wisptis is completely absorbed in practice, tirelessly swinging its scythe.)"
1714544147,1dff8b6e1e74629dc44e6fc0fcd350f553386696712f046575da0b646453e8d0,"Maybe... it can’t handle being small like this?
Can we do anything to get it back to its original size?"
1714598856,7b2151c8b67d3c3c59dac0bb3f96b1a30d2c782437106913790826e0d3b83d44,You look very brave!
1714599159,6ef2ada40272c843a3b2117fb81e069d447445718e514f008059ab931965e49e,Slumberscent
1714614759,fcc167e7b5ffd4443e0a08b700c41818eec4ab53a00e0ad8da5fe0d286dc02c0,"Sunia waved her hand, and three Aniimo appeared"
1714712311,45e51ec9097caa7551a395694f7f7f9736ddfafbb43e13921f22338dc4c81c73,"The Ultimate can change direction while charging. At max charge, its damage and range are greatly enhanced."
1714733551,6535ec42a28a856fc2851252a2396342a13dcb1ae1168b57bb64e89ed008d5ec,"Come on, hold still. Let me take a special shot of you and your Aniimo!"
1714746762,29d756ba54c5ac94d1456e0a77a2ad3865209c68eccc29edeac71186f7ab3341,M.DEF +2%
1714754476,89526f14c70d44f736fea566eefa799e6d136215870fae1c31b97ae9fcbbd8dc,"The ""Wonderful Melody"" quartet received a precious reward. Hmm... "
1714755423,a62ea470bae881a0a99bf356df59407bd37a3ef2c5637c49e505844d6c487de9,<color=#FF5943>■■Make■■ everything ■ ■■I■■ don’t ■■like■■ disappear ■■</color>
1714759537,dca30864e8c281e13d0b44221a8148aaa795eabb6b7a9a58201cc393b068eb6c,Getting a Prismana Aniimo as a companion would be a real boost for all your future adventures!
1714786565,bbbabedcee9494fd7cda23e7a60b1fc6e8fdf93651d0ac64aae73a59cd6f828e,"This crystal cluster, scientifically known as ""Wind Element Crystallization,"" is the first crystal composed of pure Elements discovered by the academy.
The glass case preserving it is infused with trace amounts of Lightning Element, so be careful to avoid direct contact."
1714816511,58676b8b1b62479ba71707032911908ec8c77a4125400ba9269950ed7e83243e,Melody Bread
1804967611,58676b8b1b62479ba71707032911908ec8c77a4125400ba9269950ed7e83243e,Melody Bread
1714829886,bea719802192551b8b5e470fee403ac72c3fea39b941a1a354196dfcc08e75f1,An upgraded blind box that contains greater rewards.
1714855486,91c812f38e9042aaa0de2634bc329daa105aa163574718eb02b8a32efb849b73,Upgrade Cost
1731269891,91c812f38e9042aaa0de2634bc329daa105aa163574718eb02b8a32efb849b73,Upgrade Cost
1714869772,e3436cef9e88a4039d633263d676b1bceecae37a31c28fffd13320477e10e00a,Import previous face data?
1714904402,b41f9e046b4b9e6bde12b724209ad5c02052b935549f00848ea2dbe956425440,"<style=Hint_BgD>Go find Bohr and Lita</style>, they should both be waiting for you in the academy hall.
The principal has already given them a heads-up, and they'll send you the rest of the prize content."
1714909799,077b951730d7c27326baefc4b432cadbfe1cdff56585b340bbc3e90bd9c9e2c9,"There are no seats left, so you cannot board the ride."
1796918146,077b951730d7c27326baefc4b432cadbfe1cdff56585b340bbc3e90bd9c9e2c9,"There are no seats left, so you cannot board the ride."
1714916694,f92a9373753c89fb5aa5f236691414ca81cce6154c14df65e827a4e29303e9ac,Test Held Item 1
1714917365,3f26603a2748fed3da8a9a1ddde86da13bc41cb07f6389486cba34b72e9b8c44,Windowed
1714918751,9223353f5f0abf89164e4bffb761a6c07e7646489722d5512cb66fcc847618a0,"Gains <style=Hint_BgL><customRichText(calcData,buff, 2120706,param0,1,%d)>%</style> BREAK Efficiency, <style=Hint_BgL><customRichText(calcData,buff, 2120706,param1,1,%d)>%</style> Damage Reduction, and
<style=Hint_BgL><customRichText(calcData,buff, 2120706,param3,1,%d)>%</style> Heal per second."
1714921455,f80a0f45d4b6bdf08338a074f449be4af82aa7c01c0c5cd0e092826597d00eef,Clear all aggro from the selected target
1714924053,74d2a945a88e36182fe571b3c13be392d8b4acd5a281bdf9d684ae1d168ea3f2,Kakao
1714949993,a6d6a8d7f9d4258df375964f03380ac2bb1054070b7d2aa1c3931f6b607147e0,The special observer named #playerName# is also impressive.
1714969528,74a7580eb3bd00e48af6e79735ea104a69dd17462167f51ffa28e75ccedfeea2,"Ehhhh! Bhew, bhew..."
1825637082,74a7580eb3bd00e48af6e79735ea104a69dd17462167f51ffa28e75ccedfeea2,"Ehhhh! Bhew, bhew..."
1831565833,74a7580eb3bd00e48af6e79735ea104a69dd17462167f51ffa28e75ccedfeea2,"Ehhhh! Bhew, bhew..."
1907656118,74a7580eb3bd00e48af6e79735ea104a69dd17462167f51ffa28e75ccedfeea2,"Ehhhh! Bhew, bhew..."
1714978589,1b9c7608f91dc10a6ec973d6a910bd2b919436995e28ad31a985be0f180c5f5c,Switched to Hide All Walls
1714978809,b455f6dc78f6a917ab9f5b5dae89b64a34920d1d58467d8bc043e5c1559301a2,Wall-mounted wooden window decorated with embedded apple ornaments for playful decor.
1714999751,a8aa2584e3aca34b6cd796f72f4d1c61c418ad3fb85f9d02b29c9955c2542f8a,Eyelashes 5
1715012200,fda65eaec3b0f527932635594986ab01b42fc91b2d05262ccd242a23daebdb3a,"Twine with an Aniimo, press and hold Skill 1 to aim, and <style=Hint_BgL>throw a mud ball</style> to activate the <style=Hint_BgL>Target Slab</style>."
1715030570,aba7961be877583f530f1531a032229edb5858c08cf6a82f988d272d7b8280bf,"Increases Lightning damage and Lightning Resistance by <customRichText(calcData,buff,10094,param0,1,%d)>%."
1928851956,aba7961be877583f530f1531a032229edb5858c08cf6a82f988d272d7b8280bf,"Increases Lightning damage and Lightning Resistance by <customRichText(calcData,buff,10094,param0,1,%d)>%."
1715043247,013bc08c4fa95de6a7b2dc98ef5e0be95ef4ec635a2a79009e6c6dac3ace7b1a,Where’s everyone hiding...?
1715117839,15b8dea222af6b414755e8efb4d4198cd7fed87c2b239c4c809c2eca94fc15bb,Floating Plank
1715138348,91601db25de7bed931a257955e0888ab95de90252464477986d769dac250f183,"Ahaha... Surfing is a form of water quality research too. Research is all about firsthand experience. If you don’t believe me, I’ll have my Sherro take you surfing next time. Then you’ll understand."
1715143191,2f50d2430bc0fc71f8244bf744229904b02cd5732c40fbcd5a8f06bbde1cb4a8,Wow... that’s a pretty old saying.
1715147189,c1cc9371081299e5731cabccdce81459140b65ef98bf7878c18cdc3bc881011e,Lightning Dart
1715191974,f5fe2404a2ce7c8ad36c1112e4d0eb21022e56bc7d6afc651845800efbf90aae,"The selected Aniimo’s training progress already exceeds the source Aniimo’s, so inheritance cannot be performed."
1715213538,2e10050e1a8371cdc9397a2982d14cd887be0b2cb0685acdefed1ab0930b7d79,"Senior, good day! Here to take your Aniimo out for some fresh air?I love Aniimo so, sooo much!
I have some really cute ones. Do you want to meet them?"
1715221720,511ffc5e5fabe361213c9ac164a03aa0ea51204b1a77c6ae20943f5861fa85c2,"A sleek streetlamp stands beside the path, bathing the road in gentle light."
2059479427,511ffc5e5fabe361213c9ac164a03aa0ea51204b1a77c6ae20943f5861fa85c2,"A sleek streetlamp stands beside the path, bathing the road in gentle light."
1715234455,ea3252281bc3bcec5672d33ec8c25dee8abd77235f85b8a049948f59ddf60b8d,한국어
1715242807,06e26b4e557c02224a38950fc72b4502f0e531fa9b50f61619517d5cd31e35d1,Deliver Egg
494266954,2ed0812179acba98aa737ec6cf1eed3c0bd45e17efb0717049b58b3c67fc61dc,Release 5 Aniimo.
1715263119,2ed0812179acba98aa737ec6cf1eed3c0bd45e17efb0717049b58b3c67fc61dc,Release 5 Aniimo.
1715276023,6bf92398c463111f3d1b3218167a35afd01717074ef6c3f5ab0869dc9bdb419b,"An (Placeholder) rare Parmon with
amazing musical powers."
1715298261,a8e86f8bc398fcd3c9cee89d69f432ecfa498a167e660a8a05098569ac347080,It wasn’t me! I didn’t do it!
1715345437,ebe41505534b9feef6d13327424485414bdb4f9ed09be4e7bdecc7d507780f71,Just look at this Lucky Star Gacha building - everyone says it was built this way to bring good luck. But I know the designer actually based the sketch on a cute little flying Aniimo.
1715390253,ca9461a120b12be8ffca6737220b78731be1e055becb07e6ee127bd521efee1d,Just sing what feels right to you.
1715425319,310863186cb3daada6e7882c560ebea491cf460a094a24a4f598f28979eefaf1,Follow Weather
1814811192,310863186cb3daada6e7882c560ebea491cf460a094a24a4f598f28979eefaf1,Follow Weather
1715426961,3076b599595be5a2ca04aa169f9ac2611e9940feba8ba91097518d084385793c,Freedom’s Breeze paints the pale dreamscape with the color of new beginnings.
1715438604,4573afae50466b0d1eb6527446d14098e106b11c9bd69a2e65d5e104b5b0f0e6,<style=Hint_BgL>%s Potential</style> has reached its limit and <style=Debuff>cannot be increased</style>.
1715481275,f9f02fdb4512571875dab499572251a5e31e1c6c9d7811c84e4ceb321b6e463d,Ultimate Crit Rate
1780256658,f9f02fdb4512571875dab499572251a5e31e1c6c9d7811c84e4ceb321b6e463d,Ultimate Crit Rate
1715499756,57dd90fddfa3225538311a1d86595f87688698bce629783114fbffa9107648e0,Pathfinder is unavailable for companion mode
1715562034,00bb5e5d434f18a950570577d7fdd99256ff872197afc4be258fbf9c5c7d733a,"The horn mouth is like a trumpet flower blooming in the wind, sending humorous tunes into the distance."
1715587381,01dce8d56b95d3f16e9b0dcbcfe5aa742713d35ae0926b5f5bcc8f96827e9c76,It’s not the end of the world.
1715589306,69531dbeeb625db4472aecb5757cb56ec1bb4fff139ad2b785ce9ad228d99ae4,Rookey’s Gift of Thanks
2040454572,69531dbeeb625db4472aecb5757cb56ec1bb4fff139ad2b785ce9ad228d99ae4,Rookey’s Gift of Thanks
2131961236,69531dbeeb625db4472aecb5757cb56ec1bb4fff139ad2b785ce9ad228d99ae4,Rookey’s Gift of Thanks
1715619144,2d59ee31228916a4bbf7892f45be4c1ca687e4ae8a583957febe20306b6281d9,"I don't know what they eat, or if we can lure them with food..."
1715631199,04fe0ca6c95d2c69cda0bd01c2cbaf5f4a59d9d8ea2265b6efadda62bca64ad7,"After defeating the Sherro, it calmly accepts that its final moments have come and gives you a salt crystal gently formed by the tides and the sea. It will return to the stars, confident that a new Sherro will one day be born along this shore."
1715635319,95e637c2963576c1e7c51fb36d31f91e38ff8a062c2f5c83f9eb058becaac844,Max 10 characters (placeholder)
1715635663,f8925479869d9930a2c30be6ab8308eb69ce2b92e1bd95e77893d9c27fe650ff,"Because it's your first time here~
So, our first impressions of this place are the same!"
1715651796,a25397a327a716ad8e8e24850132b04a064c1747b8e42f8f8ec7bb715ad77937,Think you can sleep now?
1715690728,f9938296082c2e2263d99f885376e087a6ac73ed2cdfdaa5233b4bcae154a7e9,Grass TP Reduction Bonus Multiplier
2065878058,f9938296082c2e2263d99f885376e087a6ac73ed2cdfdaa5233b4bcae154a7e9,Grass TP Reduction Bonus Multiplier
1715781100,2f9b57fa3ae4bcf60329bae46f57ac68281645f79620dea9e5fb7f989d704e85,"A clear, warm golden tea with a rich roasted-grain fragrance. Smooth on the palate, leaving a gentle sweet aftertaste."
1715800352,7ce5a4e26351047dab764ebdcdeb8a85221a3e454a8b52886189744c46b8957e,Playful Adventure Den
2073036464,7ce5a4e26351047dab764ebdcdeb8a85221a3e454a8b52886189744c46b8957e,Playful Adventure Den
1715882172,bb11f6c7e499916d1ffb7ad4fe3c4031818ff36d6188436ebbe719ba1f6b2efe,"Today, I’ll climb even higher for sure!"
1715891973,34ac5e436f93937fb93c4da9085b6cdddf88eaeb7bfdc4f348cc0e77fdd7d923,Stage Warm-Up
1715910748,2a42dc5d081b79948b6d1cb2772b86ee562061bf6a5b4bc8f026a5063458207a,There’s no Aniimo food in your Home warehouse!
1715913994,023952b58f155b3b22268ab41f4ae823f3e8b4548aa7f03d1debbb9f0020b540,"A while later, both Popapuses return with their creations for the final showdown!"
1715925941,c22fdbf2a1f3e2ed87171f30fbf57598e8a3f2db89d38be2adb5d31c938ecc0c,"Youth in its purest, most vibrant prime."
1715948522,ef49e38305a02e3688adbb1846f2a1c5bb2225605c968d2a3cb90c8ef184975e,Stop tracking Home production while online and generate a report
1715968722,6ebf04f660452a58e66353742d74c45560d2e407123f512b28bce1262ed1bf4d,Open the Map to view your location.
1716007609,6ae3d704104f64b6f6eb2feb1313eb2d864224fb5fd3a0b761888e7561d9babf,The Aniimo is currently in the Home or RV Park.
1716049434,11b98f1af362da995b927498f6da7fa4ae279b193cbc1c2c44717908c8c84a93,Smart Filter: On
1716059392,78b6c72ddff94a9512ee808d6f8722eacd9c45fb2acc036a0b764e0dbfde8da3,Quiet Moment
1716087162,e2e471be8409eb9d13cee5c210aa9fada5b4e46078e31a30a8f44d3ffd50b66d,"So, do you have any suggestions for this special trial?"
1716153326,b38c510da7e0d9d801cebfe9b92973b23397f91dbdb48810ee98c348ef4d33e2,"Yes. After the assessment ended, she began urgent treatment right away..."
1716171977,4cf13f6f380a4d24b2254c9376340e89cd2770241a954db96c3d0328833ccfa1,Wait—
1716185158,d33679d4712153c6466b0238694dc9f37028f233d079da2182d1fdf9b1ec6e70,Easy! Just use me!
1716206049,0b5fd9985b1144f7b2679f048bd7c6f155996f90ba3408977e6293194f15a68a,Wait... were those... butterflies?
1716214225,9baa5791cbf12a42483febe30dbeee1e962562368497b02d0267b16546ef0bf0,Main Aniimo
1716221539,facbe0befb22e456bfd6fc623db1709353018d2f05b9a2dfeddcdac2b5c27a2e,"Piopiota cannot change color itself, but its charm is enough to make nearby Popota blush all over."
1716237699,dc534ebaab23d8faa7de65707f27303ac46edd0d7a4266f86afbf26cf1ab7b59,Da-la! Ho-ho-ho-ho! ♪♪
1847801963,dc534ebaab23d8faa7de65707f27303ac46edd0d7a4266f86afbf26cf1ab7b59,Da-la! Ho-ho-ho-ho! ♪♪
1716248049,8b71ac931227b94b117ac97978cd3fd0785d5701f8399527aed31c5518054376,"Alright, good luck on your adventure. I'll also be heading out to look for Clues in a bit."
1716264064,6e511b0872cddfb971cb650b038506459d92d03de64f85bc4d1c0ef938e68cd4,Speed Limited
1716305066,5866871ac760f7ae1e2e9ed770aaa8b4874f722ebac8c13a72289cf7acb4c039,"""The forest ebbs within a veil of frost-mist,
Where light breaks softly through the canopy.
Beneath, the shadowed ground breathes silver hush,
As dew slips into the earth."""
1716314669,0b7b4d0de17f0021ff63068b49f2ff5162a6a7ec1fef3050c93cc2e6c09ccfcc,Cliiiiick-Claaaack...
1984660756,0b7b4d0de17f0021ff63068b49f2ff5162a6a7ec1fef3050c93cc2e6c09ccfcc,Cliiiiick-Claaaack...
1716317522,92c01b13833b9c0eb41569ac3ca81ca245830cc29079246f3e4f8f593c1ae2f0,Scales glimmering with multicolored lights.
1716319404,1e0be8a7adf91d4381bf78b87f1b93e9f539ad66d54b9359c2620d10a8a677c7,Rank (Placeholder) Order
1716324082,25507e175e3f0bd080394cb2ee879c83a457799e7d8c3fce1190a3b7df038052,"Increases Fire damage by <customRichText(calcData,buff,6003016,param0,2,%d)>%."
1716330474,f497715e7dd469af83bd992bafe14c84a8c1bc489067710f61e94af593ce658d,I’m fine. It was just some regular old hypnotic incense—nothing serious!
1716374727,32c43e6840954951e108535661a2453bab73133968e0b444d9364e2a920ca3b8,Evolves an Aniimo
1716404582,8209e77754e50cb2b3d55afc8cc0e93d1ae2027bd6df3b36341fb91728e170cb,"Chrrr! Hiding stuff is so easy, so why is <style=Hint_BgD>stealing things</style> this hard?"
1716412403,cbe2886c79eb9dc0422f41a4d7684056026a37b74041a0a2a6814d7cfb112f2a,Aniimo (Placeholder)
1716430772,5846d634f54accbf5e9da376a7b92e3bd7d049516fb6d9a0e71261d0a16615bd,"Alright, back to work! Now, which Aniimo should I draw next...?"
1716435675,00a8d419a2562121e0dd7cd0fa3db4d20dd10e662347029e7632a237322278b0,Idiot. The Bell of Freedom’s right there.
1716452684,9b8a9b544380eda835d5f748379e3faab23b98337497d10a68d20efc9cd822c6,Keep fighting as the [<style=Hint_BgL>Scorchhowl</style>].
1716472874,ad7eb37bc421b2256f818f6bd5fdae796f05b2447ca5da6127912fdd5e47671c,Character Items
1716494929,61347dbb4d1eda472106dd619dd7e1c6e4238daf29882ddcaf0d71179f9670b7,"After every <style=Hint_BgL><customRichText(calcData,buff, 2011000,param0,1)></style> uses of Ultimate, the next Ultimate consumes no Ultimate Point."
1716518595,3f78261319f15eac2cb3c2cefc7e0988699ac6c14cb817e46d99580222b98bd2,Whee~ whee-whee~ tweet~
1716518883,1427458af5cd3fefda8293df6b5c40d0f10154cb92d8665d9ba714114d8a1302,"Friend, I need to ask you something really important. My life depends on it!"
1716523302,c9e87d15bef0d591f9237706a0bc4b8206b5e28903fc86e55d9f48cd2db24365,"Ok, during the Q&A part later, I’ll help you if you find some questions hard to answer."
1716560576,fb039f582d98c40cab2067369ea930cc3c83debd7ceedf85cead4d422ff3ab48,"While protected by Vine, immune to all Damage."
1716573752,f7c2bd7d30f09144133201c07e5a52405063644fe7c15a0b5867061f3a14c1ed,Entrusted by friend <style=Hint_BgD>{0}</style>
1716584037,10397f67803620b247c1231112c791669052958024c4e24536f96829cbe6b923,"Pristine and refined, delicately embellished."
1716585691,2cbb81f8a93f07e93f8f05d1aca9541a803256d9db943bc6d02126cbf6bf5afe,Helion!
1716597851,562073bffa2c13dd617cf97d843dc5bb26d34d3af34a0e1ce4f5a0b437c2dcb7,"Thank you, Claw, for that wonderful performance. Next up, please welcome our second contestant—"
1716607165,de382e7a847db6333cabbf1acd774418ef62dc9a48cee347aea0ce2115d527db,We used to think the Infergon was just an ancient legend until that day...
1716639015,32c84cf8dfc7f56aa0d1a4a4d43c7ba2e878c2f410255cfe7330ca4703258bf1,Deals Ice skill damage.
1716696813,4e2c1ff0d7d14c45e05719140abd7dc966f16079fdb3976e03842d95140c0cba,Unlocks Dreaple’s exceptional evolution.
1716701081,ae575565e2a2109723037cee0a15dd1695635cb8867fa48a41ac978e5564a7bd,No Resonance attribute boosts
1716729719,75b6df9581197f9305772021f02c301fbac94efa12c49b4e79f6e87e49ae0d9d,+60
1716758310,6ffb6feff1f27663e0da79c657c9e6049e4db7e34cf47b604715b17869c6fdb5,"You may choose one of the following <style=Q_4>Epic</style> Held Items as your reward: <style=Q_4>Gargantuan Horn</style>, <style=Q_4>Spirited Feather</style>, <style=Q_4>Ferocious Fang</style>, or <style=Q_4>Giant Tortoise Shell</style>."
1716771756,e41ea2d0eb296479a3ade2f8bcd1fc999791791d11c6c8b6b5060183b58cf76d,Ants love it! Must haul it out! No munching allowed!
1716788194,500e8ed989f6b1f6b468c2f1346be83bcb56ba04930e4c5eb7cffd4b424d3136,Rift Challenge
1716824616,baaf0b584215f0f96dccf7c01bba58be0fecba5c8a5fa38ac23dfbfd453c652c,"#playerName#, got a moment? The new folded space connection is ready. Meet me outside the Co-op Store!"
1716852920,e95c83199c778fb340d24a70c41697c630c6db32d1dd31b4f2de88ccfb6fc9b2,No Lighting
1716911695,d1a704efff99f4a63bd579602a43f6da950eec07896e9b9bf34ad6777e1d18e8,Quests have been refreshed. Any unclaimed rewards can be found in your mailbox.
1716912569,d31c03626f05ce179ff5ccc3a49d2815f4912fbd3e7d7439eab857abd939c408,Switching to night...
1716953443,954fa6efc74a61367e742ef24c44082d9ed61dab9a22d0e8f6f3e74cad8f9645,Gizmo Progress
1716953858,2d912c595176dea215e316485849709223424ae5818896371d189f4ad5abe7bd,Character LOD Bias
1717007098,ee2942b0b3d48d31c6902a5bc4dad35b96321c97e17918767c1cb1117c65565b,Aiden
1717058492,c254445608e929e9f4dcf94005003d01b92a6d46c022eae6e2caf79ad8d25fc5,The true stage isn’t about beating everyone else—it’s about being more and more brilliant each time!
1717072450,44e3a325826706f29dfc4b75690ee9f164853d3b32fda4ed9cbdfe4ff998de6c,...Sleep...I...like...
1717081901,f8752e24f879455d4679fb2ff382166d2ebdf5a55e438b490aa866c4b1f3d850,The heavy shell doesn’t seem to slow it down at all.
1717098762,b41724b28b3b707d47ceddf6d207e42adf45cd88456c51cddb26191bdaac7f7c,Build settings
1717109329,7c57eec0ebb8a689ae5330d462ddd04998e31ebe752cc1617affd8d39f0bace9,Nimbi Dewdrop Crystal
1717110575,8f8d046cb631fae28db1f5b377df5a1aa8e24c1a8deed5e5a2be9deb2342e529,Dark-type Damage
1717121957,801da198ece97f05c01afec420ca797a11a4b5f850722270f7f80dce483be43a,"Miranda, how’s
the distilling going?
Need more ingredients?"
1717148147,462fc4eb47cb74bb11816150435cf25574baf49755e3029f5c4a7764dd06a2db,Unlocked when total character Star Rank reaches 3 stars
1717162591,ad0d5c2b6cff6ef55e3368b28f516008ce71b0be1261af3561aa80a49b81f57c,A shackle of the heart?
1717199147,5a1f6cdc10d8862ce254d43ca60e711bde6b926416275e4e4237922d649ed70d,"<color=#5090df>%s</color> ate the fruit hidden by <color=#5090df>%s</color>, and the angry owner hit <color=#5090df>%s</color> with fruit pits."
1717208554,77ac546fdc64a237a807f26fdbcb508a0512fa791bb71390a5746f6b31474f17,Bladeglow
1717216785,bc5181eda9f4eb9dacb62f86fff809b82b967e073aa104b7910ac487bb3ed2b0,Description text rich text (placeholder) description text rich text description text rich text
1717235045,983d97d7d11b200a78a4b176c5f03ba77e6629d999b7a73a30341cd480af0f43,The story of Princess Melloblum and the Seven Budsquires isn’t finished yet...
1717303652,8881789839bb94be8f65e6607032b5223da9fcb9716fcdb21d7025cdbd58d054,Claim Daily
2127576040,8881789839bb94be8f65e6607032b5223da9fcb9716fcdb21d7025cdbd58d054,Claim Daily
1717334921,f60789b3451eb79a95cb82e3239b845eb11402b0f7d4c2cd489059d29d11fc1a,How about I bring you some starines and trade with you?
1859855743,f60789b3451eb79a95cb82e3239b845eb11402b0f7d4c2cd489059d29d11fc1a,How about I bring you some starines and trade with you?
1717376929,e2f992c9203ee1c6eb5b05d86e8a74876fd8c23d4324edce8543502be669837f,Break free
1717385808,14f34284b05437cd1539814a91cab6305cfe6b78f93f5a3e59c74dcdd8e3c695,Slider
1717399466,7fc46854e4cb78b7ece263cf38a21617760fd6e6e27af50717552c91d3b9b8f7,Head to the next objective.
1717419786,18c85b5f3afd6089239458d0d8306a01fe37f0c68ded72b019ae713278427fb2,"Don’t say that. Aren’t you the greatest genius inventor of our generation?
Believe it or not, Momo, Yama, and the others all believe in you—and so do I!"
1717433719,787c787b4435281c98183f2d81154706e4b0d17d1ae0aba542518a15dbb04f1b,I’m going to a modeling interview. What should I wear...?
1717470570,7e36d1ca29e257cdeab679cdc79ab43a8f4fd4dd3a7daa44de5e0ef20ca889c6,"A cutting assault indeed. Your blow shredded the fragrance in the air, stripping away every layer."
1717486729,2dee9e7c5adacc85b34b0e83160a23102f87c6c6e8cc4dcce1e19e74e0c70906,"Why don’t you join us, baa?"
1717556886,deeb9794e13cf3d433312ada59568dc186b5af0abe65e5ffe2541eb606823b03,"HP increases by <style=Hint_BgD><customRichText(getConfigData,rogue_talent_data,37,param0)></style>."
1717579739,3efcb1cd44909253a93b5a8f2e0d179373781703fa69aee17110402ff516f26b,"Wings like flowing fire, adding a touch of autumn to the forest."
1717612220,8edf3a4a22ea078e0326f7d5cb341e4253482cbba1a9452e1c9de8ad81e9ee43,"Honestly, the fact that you twined with me at all is a miracle!"
2132586399,8edf3a4a22ea078e0326f7d5cb341e4253482cbba1a9452e1c9de8ad81e9ee43,"Honestly, the fact that you twined with me at all is a miracle!"
1717620923,f4cc7247e9b9a80636020e3ee1cf84175cf3812c8718abad13b4570a63d774fb,"An egg with powerful vitality, found in the Russet Highlands. Guaranteed to hatch an Aniimo with <style=Q_4>Elite</style> potential or higher."
1717629610,af2e2ad484438a5cf51f290beb0407a9402d7576c240cd0f2eecc81eea2c8d7f,"Well, uh... I really am Perfumer Ron! I’m wearing a <style=Hint_BgD>glimmer fruit garland</style>—see?!"
1717664166,9dc5e93d87385d18df2247fdb66d8c682dc746541d5adadd8ca07da8dede25d3,"Wait, this smell... this is clearly alcohol! Uncle! You're using the fragrance equipment to distill liquor again!"
1717671259,9a13ed03c48ea19e5d65e6a138b2803ae116c8b9ec3e19011bf374fc349121c0,"I’m never using you for such hazardous data collection again... Here, your reward. I need a doctor to take a good look at me..."
1717707958,863cdbd3d66e1d335e7338841ccfb61be7e2b16bdd2a40a3dd2f5bd3aaabbb99,Type (bug/suggestion)
1717743575,8f189011543c85ea517d4c5b4c4360969fdc48b21fe5cda17613aa4e662764c9,Companion Handbook Premium Level 92
2000391988,8f189011543c85ea517d4c5b4c4360969fdc48b21fe5cda17613aa4e662764c9,Companion Handbook Premium Level 92
1717762486,6f575ee5e81a84647d12135c9cea3807fcc318adf8f136f133d5183513d93b91,Complete these goals to earn stamps
1717767855,631caa583fee9c657d20c1294dfb2c23f3b1db38b367ab25e638327245f394ce,"Launches a fire ring that expands then contracts to attack the target. The farther the target is, the more damage it will take, up to <style=Hint_BgL><customRichText(calcData,ability,13330300,param2,1,%d)>%</style> increased damage."
1717777176,ec5d2ded6e26b4183830878e32df209e0cb2e4b23073690eb2cb67988f3dd124,Are you ready?
1763066528,ec5d2ded6e26b4183830878e32df209e0cb2e4b23073690eb2cb67988f3dd124,Are you ready?
1717810485,5f060e5b7105ab7a4bf85258ee55014ff8fa6c547cc3d2bde44548a958b1c470,Free Companion Handbook Level 69
1968308047,5f060e5b7105ab7a4bf85258ee55014ff8fa6c547cc3d2bde44548a958b1c470,Free Companion Handbook Level 69
1717823875,6ac13249db0e6ca79cae7472befd0b8007504132df18f8a30da5813546d8e36f,"Twine with Rookey, switch to ball form, and approach Helmut."
1717847698,d824d24f3257741d3a0a7b36bbe2d95a88ed1a91bcc487899b2f618f7c4d63ac,Now that’s eye-catching!
1717867955,93492b3543cdc88e01eaad980e53f42dc6f479b900a2c686999614e7cb39e327,All it takes is one little spark... Heh-heh!
1717895391,e36e0292075446888ba9f8ab7d1007ed51714a1544fde5a52767a7dbdf8ae593,Invalid inventory.
1717898110,db99ff65623f6c2f8e629b3418d51cc3dde7a620ea765b692aec2f9d6a70e1fa,Right... Lady Velouria lives deep in Lumenfly Valley and hates being disturbed.
1717900686,f1f0afead053fcd1c97ab9213d68d93d257141a1c8b5e1adadf6bd89952b87d2,Inferlupa Research Notes
1717935946,e7ede02a6747005dda6fa867f9880557552495d2597ef1dc7f1e8cb4d899e38b,Dismantle successful
1717949414,8020d6ed7cd8147683a6d4066121d66d56e829e41e667fcd7d6056b410da662e,Cost %s/600 Season Stamps
1717956406,359995795b811ce9f27052272b3809a3b9b3309ffae25d23daabe24c5d29b9b5,Unlock Badge - Master Homemaker
1717960706,9016c552be87ac10e10c340390f5859cd27ca08bd82c312f5a4d7121ed7aaf4a,Exactly—those people! They keep targeting powerful Aniimo from the shadows!
1718034319,71da938b25f3e24a366541c6f3d326e5503d84841b85b2db18902c8d1addaf34,Use spatial counters to defeat Budclaw!
1718054264,0cce47a1da311de2f508df6d072fdfa3178aeda9b30c939d42fd9bddd2bb2353,"Spin, hop—solid gold fun!"
1718070663,483a63f5f5b819b8195561a240dee71e355ea963963edab2e15355bef497c8bf,It’s love at first sight!
1718081895,72b06cb3063255d0ea322e8aee9365d7b5fa0401dd9b69eed4d0555704776bed,Aniipod Ultra Voucher
1718134214,a8fd17afa5c4d87e0a31d7c4e7dab5cf360a4047dbf864cc70ec8e9397a3065e,&^Helmi! ##Helmi*&!
1932803981,a8fd17afa5c4d87e0a31d7c4e7dab5cf360a4047dbf864cc70ec8e9397a3065e,&^Helmi! ##Helmi*&!
1718139148,5e1f023c2c92ec113827c81efc3138828d65ee67fae1ad6eabbf1aa814f1d5fd,Press to enter [<style=Hint_BgL>Day and Night Switch</style>].
1718154765,ae3ab837499db2f6b3e7c0c399137804f50dbd59d58358e33c80a9f0d482164a,Sunflare Rose · Radiant Gold
1718156731,95f0cac9dbfc53ba278033b050909faf0512a046bac74575c8bcd13c5b0ebce3,You don’t want to evolve into a Flameruff anymore?
1718177343,1283b9a07eef5d1d3f3ea3c7628d09e012d8e4a60f228b39b1b2687733272cb3,Still a bit of a stranger to your Aniimo.
1718224899,6c1ce406485eda3c09d50b15b6b386f5655c85f5f3cc6991caf29ca968b988f8,Download queued
1718245803,989242f07ab770956da65e92d9d2539c9ac4fc4dfd68677d0cf9cecd509cb005,The new excavation zone is just ahead...
1718253658,6a6343a5b33405fc467948d58f9d5d55833369fc850b6c5c0cad6434811019bf,Treasure Pile
1718257660,bf1366852a94c41471ddf9de2f2b84c56955c7326ec7ada18bbd9fe4bf288eef,List of Mark point types to exclude (Elua parameter)
1718321480,a27798299621f6ce615643c66f6ccc02c4f7c65e0bf8df51de8c578464646bf2,"Summoned label (0 Common, 1 Sparkling, 2 Boss, 4 Elite)"
1718336118,809a62498a596ccf3e78785260887490739edc502c5ee9799d59fcdc721a4b88,"Dear Pathfinder,
We detected an issue while in <style=Hint_BgL>%s</style> you attempted to catch <style=Hint_BgL>%s</style>. The consumed <style=Hint_BgL>%s</style> has been returned to your Inventory; no claim action is required. We apologize for the inconvenience."
336603452,96e08a37aa3417e0ea2b2b574d59caeafbc5451498c77c5ff7c7f40093cad422,Defeat 20 different Alpha or Omega Aniimo.
1718359096,96e08a37aa3417e0ea2b2b574d59caeafbc5451498c77c5ff7c7f40093cad422,Defeat 20 different Alpha or Omega Aniimo.
1718404525,67a547e7697ad0c10d471f9c7ff0d4de24d0b51b7605e4133a30936d6667844b,"The magical mushrooms that can change Aniimo body type are very popular, so we need to stock up on more of them."
1718410881,706086785a6b8537f92c4ba3fb3edd43d3a72a7f767a46e71e0cf7fdc09e22ec,Complete {0} to unlock
1718459988,0fb3d51d0391f474b926dd9e3fd644e0b1055bdb2783748e4db7cfe3ac454918,Cha-ching!
1718482879,3d4c32760e9e286150ffd1bcaedab916b450016ff684d8dc17df075cf866b02b,Blind Boxes Available from Season Stamps
1718533394,1cab74be3494a6b4360165e43995d12d66bc63ece9897f399bb21f38d6ad228e,That’s correct. Defeating Aniimo Alphas may reward you with Carried Items.
1718538345,10d95b2b0ffe1efd83bb35a42a690afcec8c1a7fdf4cf31ecf4b41e8e3d8ae09,"Clear, glistening sugar crystals that melt eagerly with warmth, releasing tender sweetness."
1718561725,84efe1a35631456dd981622cc2b68c44618375b2d2a70f05751cf203289ecc35,"I know, right? I’ve always had an eye for the best."
1718617307,0b62ed0981b865330316f656d82b45eebfe1f9a73f4c998752f0b272889d3972,"A long, long time ago, <style=Hint_BgD>Irelia</style> and <style=Hint_BgD>Velouria</style> once had a match here."
1718623409,203b76c6bac01dfcb953ed75c771fc134e863e33ac682961686d4c3122d2735c,Maybe next time!
1820375208,203b76c6bac01dfcb953ed75c771fc134e863e33ac682961686d4c3122d2735c,Maybe next time!
1718629363,80aa3b46b110982d21d479882f2a1d0e8b72e922aabdbaf04448ee11168446df,Lit Bonfire_Long Smoke
1718630866,28eeff1f77a50ff3e11bdcba2efe4ac0ff6a661657b87ebe252d4f65655c6288,Light Aniimo
1718643312,09fa634fbf336a5e7c8573d2401475aa4f3cac2a280c237587d76b2ee5e8b46a,Number three has wandered off again. 
1718645647,99c951ee8594a8706e0106ab7537aec6217c36d4d504ed1716020fe3bea41654,Right? We really are the best partners!
1718683190,fe03a135e98dc159c0bb0dd92871b3a692be1361cf469817e902116e2ce0f3c8,Senior Cecelia—
1718704517,4ffe12564c8b43e27a75d14e6d27d9a5f91ca18cacbf9ae34e2bb97eb2b2b825,View Aniimo number
1718705904,ab0944613799f4f7f4373f692a0e28b703166d96c04f54a78d60203ea980843e,Excellent design! Now let’s give your beloved RV a name!
1718747097,0b6a270d6cb5ba115158f8114c393b11200a87197bbaee8a49d62124da6fb0e8,Really? Then it must be a really nice Bolty.
1718760874,3598c7cad754a61d2cb3b741d8a3eece9a898d3991456f09cd7224150dc8ab44,"Yeah, nice and round—shows you mean it."
1718774924,63e835e29772b418e4fbe82dd0f925a057ccb427bdc9fb60a880dbde989aff87,"Increases Ice damage by <customRichText(calcData,buff,6003018,param0,3,%d)>%."
418760263,afab119c1822d082f186bf46c12dd4d8d92a53036416769de210039df5e47c05,Own 10 Aniimo with an Elite rating.
1718777827,afab119c1822d082f186bf46c12dd4d8d92a53036416769de210039df5e47c05,Own 10 Aniimo with an Elite rating.
1718788462,ffab9a61a952fc803a02d1c9941300555d85f108d1d020db3922b335925ac6ab,"Whoa, look over there! See that big cube-like building?
It looks awesome—come on, let's go check it out!"
1718833669,de0fd9ee5619a3466cfba2a5ca2513023782d2ecfbc181e84e9fd8e610a6b362,Paid Companion Handbook Level 22
1723272023,de0fd9ee5619a3466cfba2a5ca2513023782d2ecfbc181e84e9fd8e610a6b362,Paid Companion Handbook Level 22
1718835233,ab848ad7aa0f37ee71ed9532daa09e5986d2a0eda0bc228fd7045b01ebda8c86,This item has expired.
1718843093,1c445fcc955a6f59fb9802eda9b23e3ca31b49211b5d28f515428631a9e86a92,"Luckily, Tucker is still here. It just forgot about Ron, which is fine!"
1718873249,db883de8f69b8496bb257f13d0122e5df78c87234823f669c96d5788eca94934,"If I could control the stones, I could put them under my feet and reach it."
1718875615,5ad5495ec06562849899a9ce88345eed956604c374679a7ac846e31dbf1be674,"A frame with the proportion of ore decreasing from bottom to top, solid at the base and light at the peak."
1718901435,f631801f1a2387a7b8f3debafcca1769fc315de1fd8337d9b77867c99c445cd8,Final Damage Increase
2133661914,f631801f1a2387a7b8f3debafcca1769fc315de1fd8337d9b77867c99c445cd8,Final Damage Increase
1718904905,66f338f2ecbf5b630e8d79119de472d4405841c58188a8128b792f3e5f0d30e2,"Put your home on wheels and tour the sights of Idyll. Wherever you go, home goes with you!"
1718907596,d2e96c59a2e7c47c84941d11de0f41a52d768b27869b8d52ccd334aee5e7c776,Lip Makeup 8
1718911773,455987eee53298e83afd13035305085a4dd31b03958f29691fbffe86b916fc12,24 Report Cards used.
1718969549,20b85e1ebaf8616ac08c1275ab5433f75184783632f3287cbcb853b3ea95da20,{0}: Assessment Open
1718996902,13602080b8ad7773d2a9709a65cb99cb414e6eea40c42cf58f96034ec3522573,Aniimo living in Habi-Cube cannot be released.
1719013520,08dfdb9c0778c706d627c7e6d9335c8d4b17528f82b9998c895a185c2cfb4b8f,Successfully invited a friend to join.
1719059950,1263cc742c2f08ffc2e4dc0ab6666db4c552831273546c4e19d4557d33e8f545,Complete Sanctum: Firelight Insight
1719061755,3756fd651bef71e00640d1df62d915f8ddc2a3afd6571a2863c5188291dbdb7d,"I'm planning to check out other places, maybe I can find the reason for Tucky's memory loss.
But before that, I need to stay here and rest for a bit. If you run into any small troubles, you can come find me for help."
1719113047,e458e67b6fe3bdb91e50c58570832dec7796d8a255963cf7107964fc8456a096,Join Voice
1817508806,e458e67b6fe3bdb91e50c58570832dec7796d8a255963cf7107964fc8456a096,Join Voice
1719117512,5fdb6bfbc56eb3ae7abedd02720f3c1c5251ca5b68be8f2b9276b9cfe9757618,Use to unlock purchase access for <style=Hint_BgL>XXXX</style>.
1719120152,f436cf781b1991aacd9fa1a1b37bf5e3ddd05072a4a22b5efbaa60e594226ca3,Advanced BREAK Rune
1719120880,145de58ed8835d6da240ab0a8e7bf1d76026a41d8603c6ebf86e0b1e604c96e0,"Great, everyone’s back! Come on—tell me what ideas you all came up with!"
1719124920,1ea2b07c06f06baf398b3eb1bf06fec38de22825daff1ce1602d658618b68f0a,Necessary material for evolving spirit-type Aniimo.
1719137115,af02f9525a559da64af85afcd5db156ab0da1324635f81570c8c8eb8d63e9004,Max Energy Percentage
2103437359,af02f9525a559da64af85afcd5db156ab0da1324635f81570c8c8eb8d63e9004,Max Energy Percentage
1719146682,7c273eccd3f0a4023fcdad001c3ddb3f2112c4db2d14a3b292b4b94bb04a3081,"I’m not sure what kind of technique they use... The coffee’s smooth and rich, with such a complex, captivating aroma..."
1719170424,b92dab6f95100e34235a3b8d6b455a52a494007c943dca20afd71a131349e5c4,Reduces the amount of damage taken.
1719204892,f9791e0c935524af03693f84c4dc530d8583e7696cbbe0edb1d9851bdf7d96f1,"When a skill or an Ultimate hits a target, reduces the target’s Earth Resistance by <style=Hint_BgL><customRichText(calcData,buff,9143302,param0,1,%d)></style> for <style=Hint_BgL><customRichText(buffConfigData,9143302,duration)></style>s. Stacks up to <style=Hint_BgL>10</style> times."
1719217924,8a15a109e891fd28a38312ddacd392faf5df42c64d3b4f66021c33ff360bec07,Wings of the Snowfields
1719329447,e294d2fa2de17416c3bc4e54deaecd8d149cbd4ce7deb0640306025188291dfa,"Parts of the Echoback legend feel strangely familiar to me. The fishermen say that when their song rises in the <style=Hint_BgD>night</style>, two Echobacks appear upon the sea, and the Echoback bones glow with a blue light."
1719350022,ec6eb30e8d7693985474133ce220fb2c28aaf9e71f14eaa062bec6d404e6cf54,A special Aniimo has appeared
1719364213,796f4e237bd0546f8672a3dc23bfcf35b56db14fa362e6ba4eada2a5d695ddef,Whee! It’s the Windgliders!
1719396985,e75abe2260927de1af7e505186f9979a8d9286e67a6e48d9cfc11efe4f18d50f,"Click #kSkill/TossItem#z to toss the obstacle and clear the way, then get to the next target."
1719409573,09eac996579be73a4f995cf401653605ceafba9fdadda65d35fa5a183b0c963a,"My soul, your song, all intertwined together~"
1719441013,14410e3b3279536fd84762f0ef1cd185760c3ba8c674c95c5b9574f5e500193b,"You can now place <style=Hint_BgL>20</style> Aniimo in your Home.
<style=Hint_BgL>New items</style> are available in the Home Shop and Furniture Store, <style=Hint_BgL>with more advanced production facilities to be found!</style>
Increased <style=Hint_BgL>cap on the number of functional facilities</style> you can place in your Home
RV component unlocked: <link=""item_4040018""><color=#5090df><u>Signal Transmitter</u></color></link>. Aniimo at Parks can now go on trips!
Purchasable RV components: <link=""item_4040016""><color=#5090df><u>Plant Research Module</u></color></link>"
1719463154,e9942d6568b114f557ee488b149e8662d285f1bc2d927233bb2907125bdaa862,Vigor Bubbles
1719467826,7f028260e889d013d16e9da79dc95151fc532dd8f9c73234bc92bdcf9463b13a,"The Institute uses over 80% of Astra’s AI capacity.
It’s a great place to study cutting-edge systems."
1719481201,940d74b51ded0645b9e8594b562ae42431fb732007719f8a8ecf6eb6f5db8fef,Palace
1719528689,9a8f163dcff6260f90faabe321eb046f3b58c9e84c5e11a80df4ce9259415d4b,Quick Top-Up
1719532915,2d03afba2b9f817537e3a49f433d363f3dc37fbd137fb011ff245e687f141eb0,"Beautiful wings and sharp claws...
A great and benevolent Aeon, ruling gales, time, and cycles."
1719548120,26e536701accdf21f790e83c2f5e2e130a590ca830accb0334459feb9e4798fd,<style=Hint_BgL>Drag</style> an aniimo from your aniimo storage into your Homeland
1719561870,bd91c57f95de7c2acdd8dc61cefb052586a955f2d87215054debeafa46d9f1c0,"When Alpha Tubster summons its <style=Hint_BgL>Storm Shield</style>, deal enough damage to <style=Hint_BgL>break it</style> and force the Alpha into the <style=Hint_BgL>Weakened state</style>."
1719563857,399dbc8659309a249da966067c99d646aca9aa7868a5962559b64f15f5e99005,III
1764075256,399dbc8659309a249da966067c99d646aca9aa7868a5962559b64f15f5e99005,III
1978618869,399dbc8659309a249da966067c99d646aca9aa7868a5962559b64f15f5e99005,III
2005178544,399dbc8659309a249da966067c99d646aca9aa7868a5962559b64f15f5e99005,III
1719564081,6a00216e3413cf3d72e6e464737ec5d323920b82406f970b3b0dbde4b53849dd,Pom-Pom Tree: I
1902375243,6a00216e3413cf3d72e6e464737ec5d323920b82406f970b3b0dbde4b53849dd,Pom-Pom Tree: I
1719585144,b2ae7f9cb69491a96ee9b4563786ba95d8298b6439087a220df43fdaab9cb797,I... I have to fix it!
1719639588,1dbb72c2d655473cc21f9d701e51f5b1eec3472392fea12392c0fa409b9b057e,"Next time. Once I’ve gathered more powerful <style=Hint_BgD>Cores</style>, I’ll enhance my Held Items again.
We’ll have another match, with the badge as the prize."
1719687527,90d3992aae836469806dfbb7a5d9401c1c2ccffbf1ae2bcfa5ca67366e88ae81,Complete a Special Training objective
1719689684,67596bd06454d382a6ede765d9c75653550c6c244f8187ef26aa43c653962594,Let’s head to the front desk and get things sorted!
1719691287,426f6496047b03404698bfad02ee18aa3d777ef8037afe4d8ac3d99183e68c88,"On defeat, the nearest target gains a shield equal to <customRichText(calcData,buff, 2700200100,param0,1,%d)>% of HP and a <customRichText(calcData,buff, 2700200100,param1,1,%d)>% ATK boost."
1719727840,dbe0f28c77ec49d9690eac81db9c86e0be2ed5eddb6b9667db0752a6e1512009,"Vertical beige paneling lines the inside, while the outside has a smooth greige finish. Its warm, understated palette feels simple without looking plain."
2039773939,dbe0f28c77ec49d9690eac81db9c86e0be2ed5eddb6b9667db0752a6e1512009,"Vertical beige paneling lines the inside, while the outside has a smooth greige finish. Its warm, understated palette feels simple without looking plain."
1719797284,3028e6e2f7b9e6bb742ff19991f370ddea3828dbf56d261bd3af6778a2e632a8,"Lana has arranged your next trial—defeat a powerful Turbo. She reminds you that when facing Turbo, a Wind-type, you should choose an Aniimo of the appropriate element and raise your level. She also gives you an Aniipod Ultra so you can try to catch it too."
1719810092,ff8c12e5ef9b9dfa2ef1d143ed1e6d53b85bd705f9174359e50daf15ba0d36a7,"A rare egg. The Prismana energy left behind after hatching will crystallize into <style=Hint_BgL>Prismana Shell Shards</style>.
Pathfinders can safely send Aniimo eggs off the island using an Egg Boat or the simple transporter air-dropped by Lumintech."
1719821381,74d39d5720675f03de046389a2234fd66d060ff549b7b168d5167f035602e6f4,...Delicious food...on the tree...
1719840600,9b69895ff797eb78fce0c2e7cbc27cc5dfba63f61c0599bf10924433ecd3940a,Raging Flame
1719857502,36b59771ff0920a8830c98d6b4972a1ef73a5bb69c584d0d94b6d8cb479fed72,Badge Collection
1719857597,87983af6eda3292ba3f9aa11798931c419eab44986cfecbf53b6dc871f4f0d7d,I think it’s pretty good!
1719916044,d0d1f484f702026a4dff27968f1144b7157c36f952b900bb6d71a5611073dbef,Magmarex Relic
1930518205,d0d1f484f702026a4dff27968f1144b7157c36f952b900bb6d71a5611073dbef,Magmarex Relic
1949488391,d0d1f484f702026a4dff27968f1144b7157c36f952b900bb6d71a5611073dbef,Magmarex Relic
1987979365,d0d1f484f702026a4dff27968f1144b7157c36f952b900bb6d71a5611073dbef,Magmarex Relic
1719925220,fedf10b0775b3a386959a9e0be46d493aa3defdfee14be5c6851c754b6c12754,This friend is already at this Park.
1719927318,eecedad9b03010a9faafbeb3d5e737da83a1b3d8c0dbd0f0c4495899e2baafda,Energy Item 7
1719931573,02f9ef72ea4abe503bedfbcd98c55ef95b0bd3b4c9598b5ce076b0318f1d27dd,"The first structures people built were essentials: power plants, medical centers, purification stations, and agricultural zones. Later generations of Astra residents came to call this earliest district ""Old Town."""
1719957557,8ffab88a87b199966f115b3a665cc38f190bb17d678020df79e2dff36f13ee16,Yeah! Don’t you want to keep exploring Idyll?
1809452510,8ffab88a87b199966f115b3a665cc38f190bb17d678020df79e2dff36f13ee16,Yeah! Don’t you want to keep exploring Idyll?
1720019186,a1c6958671913a33cd0ee7a729996396d3c32059c09f08523d752cbf752f8bc2,"A relic of an ancient civilization. Restores a large amount of energy to the BINI Unit, but also reduces its durability."
1787844503,a1c6958671913a33cd0ee7a729996396d3c32059c09f08523d752cbf752f8bc2,"A relic of an ancient civilization. Restores a large amount of energy to the BINI Unit, but also reduces its durability."
1720054164,ec96ea626af20614fd96239d149ad3c67dcb91d019977cae58e18b11506f472a,Strawberry Juice
1720072140,d30190f85f593641768b8fbbd65a59d22611e59e31a9ff8e3b76e4d3f2de6d32,Follow the instruction and continue.
1720084869,9b6d3c5c8412c3bd4f9e7f83132db10021af60aecb85dd9ea4f64d9ab9c34e75,Time remaining:
1720100909,f69da3c2f24f157e07677062873a4c0792c71ebbcc7e2d88ef5c9d681b39d5cb,Own 1 Sparkling Prismana Blazen.
1720107485,03b5260426dec91182fc574bc94cf34c5c2c3af9f7c59f5a28ea500c3ba183d4,And this whale bone also looks very...
1720109994,03cee815a6b501c2c6b1a04adb5885436b2b874acc3ed81780b76e1208dcddfa,Squeak? (My ears hurt so much...)
1720115916,e0cbd022f35bd4d7077fe41cf82e8c40f6d870d75855c7da42be88dbac2288af,"An Emberpup Egg. A unique scent seems to linger on its shell.
Brimming with life, it is guaranteed to hatch into an Emberpup with <style=Hint_BgL>Elite</style> potential or higher."
1720171352,04d7b48339271ea67d3c8493e07e90bc68dc565485eebe5e0b67c21c1586e3c0,Messages
1785014662,04d7b48339271ea67d3c8493e07e90bc68dc565485eebe5e0b67c21c1586e3c0,Messages
1720193432,cf058c73babc0c34c45f249f704ecb95cf584210008846db3c66036fd7c287b4,Analyzing Data
1771451842,cf058c73babc0c34c45f249f704ecb95cf584210008846db3c66036fd7c287b4,Analyzing Data
1720289622,a0e267ae1c500e0a0619e32cc895df9e18ce2d894959520eb965af5bb7b8fcd0,Enable?
1782950564,a0e267ae1c500e0a0619e32cc895df9e18ce2d894959520eb965af5bb7b8fcd0,Enable?
1720319004,8f175b6e6eefdd65689e2595d174bfa08eebc01581e0b2205969d0dba3f745c2,Pierce through layers of disguise and straight to the hidden truth.
1720337331,50cbd0c5e825af7b07ef87ec2471009b1d7181c65db8c8a94290c6f2a52b4271,"Relax, this place is very sturdy. But that noise..."
1720460530,04ebaf9d7cd7c0735d50e82689ec79aac607bf0aa1170cb1332587057cc2ae25,[Defense] Flawless Defense
1720499202,ef2fb3264b66ff7ab3fc4caa3d60f8cba2b944c5a53554a04251610684f31068,You’re short {0} x{1}. Spend the following items to make the exchange?
1720506831,99a9fdb304dc5ec0515d74d8dcc5bfc27cad697ab6b7af5734cb66d0651f9c2e,Reach 40% Aniimo Collection Progress in Berylline Vale
1720519637,3f20f9cd95260cc5fc88c854c881a10abb673c4ec8d210f6f9d3a3b400a5a9cc,"Attacks grant 1 stack of [Shadow] on hit. A single attack can grant up to <style=Hint_BgL>3</style> stacks. At <style=Hint_BgL>12</style> stacks of [Shadow], the next basic attack within <style=Hint_BgL>10</style>s becomes an enhanced tail hook attack, dealing damage equal to <style=Hint_BgL>20</style> Might to the locked-on target."
1720527949,415d161d0285cb5cf44c1fc633bb4e57354510a5c0a20ff0fc1287da42540efe,"Dancing endlessly through the flower fields, lost in step with every bloom."
2060090498,415d161d0285cb5cf44c1fc633bb4e57354510a5c0a20ff0fc1287da42540efe,"Dancing endlessly through the flower fields, lost in step with every bloom."
2126681614,415d161d0285cb5cf44c1fc633bb4e57354510a5c0a20ff0fc1287da42540efe,"Dancing endlessly through the flower fields, lost in step with every bloom."
1720530941,cfb1ac0c807dd883656192a0a22a51713a11c18178ad1d01dc0c953bcb584d6b,Inscription
1720565334,330d0d684f4eca5b4b8b83e48814ad688d77a95555377a7079ad8371ab53d8a7,What nonsense! One pound from my Scorchhowl would flatten the lot of you! Totally invincible!
1720596410,a8ce3e0008dde0930bccd7e23510c22ee682d9048398fcad92313c4d1ef48b22,Link Google and continue your Aniimo adventure!
1720647852,a9d9b041e488b591f77be804b979b9ccee6e0f88dd2ad9d8cb440c1c719e2cb5,Huff... huff... I’m exhausted...
1759192996,a9d9b041e488b591f77be804b979b9ccee6e0f88dd2ad9d8cb440c1c719e2cb5,Huff... huff... I’m exhausted...
1720656592,c9cfc1df34f0e1c560823b7c53220498cb923fb738f4332d3e2452138ab85c16,Course it is! Took me ages—ages—to push that perfect stone ball all the way from the other side of the mountain!
1720660091,be5e93e0597ab2c44b004089f0332a1e257eef88d7f3350a9a7c4184cb6f800f,Challenge Aster again—he will send out even more powerful Aniimo to fight with everything he has! Defeat him and he will award you a <style=Hint_BgL>Badge</style> in recognition.
1720680989,7bc5d5f3d0a1e6c4e117f8cd703ffe07e3321c4aaff5aa586a2726c5ef6a75a6,Seeker Finger Sleeves
1720766996,b8391ddfcbacf7410f0224c47b414dac30428d6396306c0fdb0a433b74cd510a,The server is closed. Log in again later.
1720790347,a179119052573e38946a305b38ba091de07c0231d8166e4c02e56c466fb0b300,Charging Beam
1720876001,c0dc6b0f1bf193b82adda964e1eca9d19e246b26983c03f072d50978a541789d,Nickname cannot be empty.
1720963551,3938f6254389ba00276be576efa2998e1b1bcb03048801b084ba5a220a4b3043,You can switch the skill set
1720964629,1b75f829576e13bdf184e85ad52b015d669ec1894414165ded66438bfc1a587c,"Haha, no one found the chest! It’s Whelpy’s now!"
1720966967,3251c536b524cadc847120f6e749af0df70107e84f266c0a22c4f06bfb86cd65,Create Server-Side Monster AI (Within a Certain Range)
1721013394,42626218be19565710a8b35b84e671df20aa957a0594e94d5d7157d88548763b,I haven’t even started the story yet. Why are you crying already?
514341671,88fea5881643f2fed579c3654b7de88a7a1f0bb021237d69acbcd3b4a83ccc85,Lie down.
1721035604,88fea5881643f2fed579c3654b7de88a7a1f0bb021237d69acbcd3b4a83ccc85,Lie down.
1721081124,3ecac9d694cdfcdcfb348b6c7ac4f31a55ac5779dba3f5ed99dd91f8d44db55d,Display Case Giftbox I
1721089598,6db1c3ee69e13e9877ba0377c49f8d34d56dca518c7e59d4baab89c85a494928,"So, have you made up your mind?"
1721095991,22b8ca065c1caa9f529f2ed745ad3a7b724deb4da977eec9d3b3e2bff7f144a5,"Every <style=Hint_BgL>12</style>s, enters Bathing. The next skill cast creates a puddle."
1721096870,97a62aaacea57e026bda1f19f1c6264de26e1ab957c862d7ac6f70b52d4bdd70,"Radiating mysterious deep blue light, with caps that shimmer with a Water-like luster.
Dismantle to obtain Credits."
1721102259,767419e4a3f4391f98a1d1c1944403c8a6c2b01e183c9dd53df553bd85de0b8f,Impressive... Maybe next time I won’t use incense and just try Aniipods...
1721103986,465637fe4f5c9c00d1aef89cd8b4c9153743896dcff1b4d100c76665632ae725,I heard GoGoHomes just launched a new RV. We should take a trip together sometime!
1721123394,522bcc7923dbdca63c3048977a816aaf7d9b73cf7d9d442317b79d3f6cb680f8,Date Obtained
1721159864,914608e1dc0f879636c3a80e013af5b91c78d094068e61ba3fae776f84364ff0,This Aniimo is currently deployed
1721205538,4018a38d4af89b084229c09c629b5687795e7c9735909e1a727345e9de70ca4e,"Exactly. The deeper in, the larger and stronger the truffles become."
1721205657,075eb5ba2b7a136a77c4c960d7e45be887e4eb66748789e31f4e0abe618e39ed,Flameruffs living in the mountains have perfect camouflage and lava-coated claws for running in extremely hot areas.
1721347991,3b139e89f0e6955d7b4299666f9e151a259476363f9eb09e5ecf29972744034d,"Maybe it’s because you’re not from Bloomville, so you didn’t notice that my scent is a little special."
1721353645,aba4787c920c02ad723c49119750ac736b40aa8b95d9bdc7f17041ce7c3dd758,Were you calling Helmut? Helmut can’t get back to my friend...
1721362742,9815ecd657f39bfcd3f3b49807e04615e65bae01a9497e796195138257dff7b6,Off-Road Body
1721390923,7645e9d1336b7160e76978267b0d6da83455667af9e2ab99eab215a40af69cef,Desperate Potential
1741014838,7645e9d1336b7160e76978267b0d6da83455667af9e2ab99eab215a40af69cef,Desperate Potential
1721403287,0cef3f8bee9b502aeb91cfa248c71f444f9e89d293441d5e300c15a346420156,"Irisalis is light and graceful, able to sense the flow of the wind and drift leisurely through the air on its currents."
1721413936,9c20e6e212d8d1fa0f43f42e1045a79e11613eb4353665f5d8b161d3ac4c9fac,By nurturing the ecosystem at the Branch
1721438834,7a36e45a10568127f009afd843da2d2180c0073127e221daa5ae4865c8f98615,"Hmm... even translated, it still feels like a riddle...
Sunia, can you make sense of this?"
1721454479,b1de2ea0a3d103106dff5441bab7775cbcf8bb50e6261d0e73a1fba1281d7d12,Press #kRaw/GamepadLeftStickPress#z to be equipped with backpack.
1721457055,27b5ccbb7a8fbb81ed21577690d8f021731425c2a8ffa09d83c897d50d14b9b3,Cut down in one direct strike?! Exciting! You’re as strong as I expected. It’s been so long since my defenses were broken head-on!
1721458568,53a8b083671d56f38d0d78c8ef51812e8cce3ffb9b1968f9925f7236e74c8ac0,Toys?
1721491257,d99966545e5b02f7abd117f90636fca7baed0815073e26e5e1d377355af2c725,"An egg with powerful vitality, found in Forest of Falling Stars. Guaranteed to hatch an Aniimo with <style=Q_4>Elite</style> potential or higher."
1721497738,472dc97a16a437ac51b21f57425cc97122b4deb6f08ad226fb7158c98f09f255,You’re just in time! I’ll go over it one more time!
1721522441,ead80d65456bb47dd3344a86c15b720eeb08482257bdbab6d67e39d5d0ae2da9,You know what? There was <style=Hint_BgD>this guy who looked super unlucky</style> hiding in <style=Hint_BgD>the cave by the stump</style>!
1721560752,be40e61264389c3b7e1279d7075cde8ba60e440d563070b4a32bcb9d7c40d3c6,Sea of Flowers Assessment
1721577250,8f9ccab0da282d11a991c4a3f3ad1d8cbb1c3011c068c23ed928fa7d8b402b3a,Euphoric Mist
1721602635,c471f161012eb696f2f32d0f99b67f355e8e0e0143e6691316ec8e3ee906faba,An Aniimo training seminar is coming up and we need to prepare raw materials and samples for the participants.
1721610553,a3a5e6b54191bae6e01f38bb89bd9c455987ca93914754a7c197242524280199,Link your LINE account and let Aniimo tag along in your daily life!
1721673708,81971b89dff2b6507e07a6760f8531374308396a6855a9959d709e6d062e3d78,Story-Hummin Catch Trigger
1721676357,585e65449b47b51f228301a2ad46326ee714a6a54f462575e754d314d8ab8cec,"It is the only Opponent I acknowledge. I've been waiting for it to bring me new scars with its most Scorching flames, but unfortunately..."
1721692303,ba6cf32e13fecf7689e44086ac7d41e49d35c85f814ffe3c4cad855f5d8bc313,Give him advice
1721707224,8868a50d64a511f1f5e7ea38a42302e1d07dde923bc212d3eda04b96bdfa22ee,Feature locked
1721723591,af3ee554e6e70c5a1a7f6dd9eb3b224cacba9faed9a1d57ff56d0cffdc473ed4,Empty Cart
1775877242,af3ee554e6e70c5a1a7f6dd9eb3b224cacba9faed9a1d57ff56d0cffdc473ed4,Empty Cart
1721731009,1e049a20d0fba773371fc1c7ecf2210d0f2428001fcf05b54fc08c26f6c256a8,"You can find it anywhere—on trees, in clouds, in water...
Sometimes you need to use some special methods to get it too. It's hard, but it's also really fun!"
1721799161,d223f7d292b0dec19cdfb00b93d92fc24f7fe3c810a5a8883c1e7bbe28b20cfb,"When your RV reaches <style=Hint_BgL>level 6</style>, you’ll be able to purchase this plot.
Clear all debris from this plot to receive <link=""item_4001064""><style=Hint_BgL><u>Wood Block</u></style></link> *<style=Hint_BgL>5,456</style> and <link=""item_4001065""><style=Hint_BgL><u>Mineral Sand</u></style></link> *<style=Hint_BgL>2,662</style>."
1721812934,31b41c89b61be3809af37606059b0086bd8e6c742274c246adc7b9ad2d5cbf32,Heard from a friend you’re OP in disguise. Add me and show me the ropes!
1805569554,31b41c89b61be3809af37606059b0086bd8e6c742274c246adc7b9ad2d5cbf32,Heard from a friend you’re OP in disguise. Add me and show me the ropes!
1917384392,31b41c89b61be3809af37606059b0086bd8e6c742274c246adc7b9ad2d5cbf32,Heard from a friend you’re OP in disguise. Add me and show me the ropes!
1721814404,fcf2fd7c3f9ba7dca81dc3880e48fd82be5cda61b48ee421322701b84c44d54f,Was That A Meteor?
1721817937,1c08f371576c356190206265c800dc7f99105ba2009f9467284e67d05c4189a3,Move Map
1721946267,a5ebbe6b10f8eb643999f588088e8f5d2570366a3d78faa69c1e1675e2337e26,Companion Mode Rewards
1722015402,6d5bf1e3a80b95962586a2e462687bcf52759ec07aba1f8d38f3b7bab0465580,Drive Train
1821933634,6d5bf1e3a80b95962586a2e462687bcf52759ec07aba1f8d38f3b7bab0465580,Drive Train
1722026776,849a8ffb35b5f5417cdcd03b6d20d66cd12fb82c649cffe6a2a6fea71423dbcf,Hardwood Flooring - Maple
1967347842,849a8ffb35b5f5417cdcd03b6d20d66cd12fb82c649cffe6a2a6fea71423dbcf,Hardwood Flooring - Maple
1722046276,7f8f6793e9961a30a84c253c3b29bdaac3e6f2108c23231db97483c3c93e96ce,Try waking up from this dream.
1722083310,bfa1a3eac74463fc9e226fe567425231a1a4e7beeefe919f6a519e47ff353391,Want me to help you guard it?
1722099637,b4ae7a45539f015b039d54d2afd61bbfdbc220fb913f663785c8082565123c9a,"After using Nurture in Rosetower Woods, catch {0}/10 Aniimo."
1722117504,39d2def3d77686586a460f1b9eb007d01fa090642e088d116bfa14e95ebe2ee9,"Hmph, what are you all doing just standing around here?"
1722122350,2a871a4373d1f6791cca309500dbe33c93bb692072e9892a4c05038f53998611,"<style=Hint_BgL>Temporary item. Usable only in this game. Cannot be taken out during extraction.</style>
An Attack Amplifier chip with the Haste skill. Massively increases movement speed."
1722126189,4c9fd39ea1012e2deb7782d240e830f558cdba43fe3168db34b81839d04a92b6,Aromathyst crafted with Whitesnow Rose Nectar. It has a cold yet joyful scent.
1722140336,4b8cf413799b938a7550820f6fba5076eed80b498d132ca40b8a6c3d492f7638,"Gotta be, right? Always rollin’ past its place with that ball—tryin’ to make a move."
1722170228,6ca5ec3e243bc943a1ff22d79f8390ac4f02b24b30ca367ee92b5de5cf9865de,Blue Bellflower
2031516287,6ca5ec3e243bc943a1ff22d79f8390ac4f02b24b30ca367ee92b5de5cf9865de,Blue Bellflower
1722195490,7ed62d7c9c0231618ea34e652d4fb56c53990169c89a9ed713cb65ef91c6bd48,[Collection] New Umbrabow Aniimo Species
1722214647,fe27e47707bf0973bef54a64cb16469f0255009349fb9ba29b986beb843a1efe,"When you attack an Aniimo, the yellow <style=Hint_BgL>BREAK</style> gauge under its status bar will keep decreasing. Once the gauge <style=Hint_BgL>reaches zero</style>, the Aniimo enters <style=Hint_BgL>BREAK</style> state, becoming unable to act and ready to be caught. Press <style=Hint_BgL>#kHud/Interact#z</style> to catch it immediately."
1896401715,fe27e47707bf0973bef54a64cb16469f0255009349fb9ba29b986beb843a1efe,"When you attack an Aniimo, the yellow <style=Hint_BgL>BREAK</style> gauge under its status bar will keep decreasing. Once the gauge <style=Hint_BgL>reaches zero</style>, the Aniimo enters <style=Hint_BgL>BREAK</style> state, becoming unable to act and ready to be caught. Press <style=Hint_BgL>#kHud/Interact#z</style> to catch it immediately."
1722217159,ac74f9020de1961b81ec873fa62737879f5534c941a7fb0bf9010f2017456df1,"Recently, inspiration has been crackling through my mind."
1722221551,8e076308e1c99ce85d3da747b714d8789969f4dbccf89f2f32c6dbe26b2f886f,"Prismatic Stones can be used to enhance an Aniimo’s core skill, improving its effect.
Alpha Aniimo are born with enhanced skills. Try catching one!"
1722335271,bedc752fe1c98deabdfa899cba949bb62a0665f837a3e71976d2b86b0687c643,"Spend 1,000 Training Coins to obtain 3 random ""Defense"" Gizmos"
1722403185,0b9dc7925c08f146f7ca166ede22449ff8786b2f65a7062277f8cfac54fb294c,You are being taken to an unknown distant place.
1722470032,866829303e64dedbb42913085d03b0a24ee5982fd05eb7bc78446f924902e400,Exceeded Home load limit
1722471591,b44004bac7685a2409423be6a33bc5fb77e9f5a5c7c3715d0efe4820bd435935,"All this time, I thought my perfume was the problem—that it made Lady Velouria angry..."
1722508450,3903d7a3dc48a55402288e947a69cfb13f7a76bd655d169417df6ffbd701da88,What is the final Assessment?
1722528932,32c0fe33f43b59b3cd3dfe6f5719957908b9619f67c470deb821d54ebb55ffe7,Tilt-shift
1722638264,592c73576b4b69b82245608adf4410fbed6cd4cb062dde8e914c4ced529144f0,It’s clear that this is essential gear for adventure.
1722643715,64251cbe18fed7c05cb09b37b16d6b6041322076fa556d27e6f094fb49a682a3,Location: Forest of Falling Stars - Altar
1944720009,64251cbe18fed7c05cb09b37b16d6b6041322076fa556d27e6f094fb49a682a3,Location: Forest of Falling Stars - Altar
1722701515,e2687e8f3bf52883f28370ee6753c9bc012f177369aebd20d5ba6a4b8da0ef36,It looks like you can send the Mechanical Ball into the ruins. Try using <color=#daa520>Gravity Pull</color>.
1722707197,001cefc775935607a2eba6c51ba0bf46975e524b85ecfb7102c3b345f83dfa5a,Zzz... put out... ember coal... zzZ...
1722765810,54282d26dcb0560418d43f463966669cf6a6325e8ecc6fd95379c57dafbb4fbd,"Mm-hm, prepare a little more. Beautiful music needs real focus!"
1904173252,54282d26dcb0560418d43f463966669cf6a6325e8ecc6fd95379c57dafbb4fbd,"Mm-hm, prepare a little more. Beautiful music needs real focus!"
1722786581,f4b6aa0e1c4c001b40408116b8d47af7b1899603b9cfc7dc611a04ed3a6008b2,Report Prismana Aniimo.
1774715057,f4b6aa0e1c4c001b40408116b8d47af7b1899603b9cfc7dc611a04ed3a6008b2,Report Prismana Aniimo.
1722793332,c140136ed3c136f9a1516cf0f7c02c7fd74fc97665fba60d3d8b1cb4cea7caec,Exit companion mode?
1722814984,ad36c2699b462c20bb37e6df13c8c6d1c64b148ffd1139729e16288c7fb87989,Trailblazer?
1722816608,4bb49074a67f0ce82af4a326465d26f76f7449531a87f3a1849ae2527adee3a5,Oh no! I’ve still got spices drying at home! This rain is insane!
1722845200,f6f8597a16ac6ee46b3abcd04a251b34c3dd0c8adc7350928deafa29967cd974,How terrifying! What is that?
1722870767,d4db162e6ffdc46e176159653b6d179575ef591be4debb0e8b830971a4bd167d,Defeating or catching the corresponding Aniimo triggers an effect.
1722909289,5ccf958c2decc394b949f037c0f95b016713f069a0f5524354fc04d5842c0cc6,New batteries are available! Head to the [<color=#d89c28>center of the platform</color>] and check them out!
1722927582,bfe7dbfcc07408e3e4a2b89c68983571ccb64e6d84149c5b2004f4b0f1eca00d,Prismatic Energy Gain from Nurturing +50%
1722960413,132eebf06a669088b50167a9624699d26876bdccd4a7cb5a99a4b7070a27d5fd,Search again in <color=#e1a347><b>{0}</color></b>
1722970620,f30ebbaf3f9f81e25ae8e2e591a36554fbf1be9d98d287eb7bc1911260be314c,A glowing energy form.
1723007991,ac0bd046c79a5e436f4645369c5cbf32c7dbd3d8b9be6f7c2aacafd8640948ee,Secret Fragrance
1960661886,ac0bd046c79a5e436f4645369c5cbf32c7dbd3d8b9be6f7c2aacafd8640948ee,Secret Fragrance
1723031308,6584027fc18e0454caa06e905406aad05f25e1f6cb2c80f88a1842191289414b,"Besauce clones sealed within time shards.
Obtained by defeating Pathfinders in Breezy Plains. For every <style=Hint_BgL>40</style> shards collected, you can exchange them for Besauce at the Shop in any Pathfinder outpost."
1723072165,ae42851f3236e970128cf9264a4a16cbe0599a2b04403b40aaf20239a14f7848,Thrilled
1723080658,a87513b5d19c25db9c9ee0ac451da3dd96d9a765b7d523384bda7e0b33f7542c,Second Prize
1723090043,44a9400482a61fcd85019944518df3c00975fb3259f39172b3c3ac021271341a,Aggro Type
1723162806,b50129b08a19bba234f5e0a82dfd95153e9b4318931e93b7cd6e23d66f39f7be,"Warm beige vertical paneling gives this tall, narrow wall a cozy, welcoming feel."
2027124446,b50129b08a19bba234f5e0a82dfd95153e9b4318931e93b7cd6e23d66f39f7be,"Warm beige vertical paneling gives this tall, narrow wall a cozy, welcoming feel."
1723166079,f4697ce5a34d9e2c248d7d512615018ca87b28275c60dea6c7dc7a4c953d36d8,Mail Attachment
1723193274,2511ab242b828190a97381202e9bb834fe6b5ada6a46320505c2048ff398428a,Standard Planks
1723196704,886cf9dd187fb5e8f4bc2f3a59592b811b41694e33e993a056ef9ec3d301e956,Missing Grandma Bolty
1723199953,c0fd7f0a9a02631cc1ad066d1755174088b39a8877a733eddf98ca8d61057e7b,Go to TikTok
1723213260,e1ade04e196133ff5cc8a16ea84d63d2742a529d18343d9823a3ad6f75f79273,Reach Prismatic tier for your Skippy research level
1990564509,e1ade04e196133ff5cc8a16ea84d63d2742a529d18343d9823a3ad6f75f79273,Reach Prismatic tier for your Skippy research level
1723264854,8b622224b64df2f027b58df776f3cdacc4ceb05142b648c917852c69ecfe3c7f,Manual workstation
1747394999,8b622224b64df2f027b58df776f3cdacc4ceb05142b648c917852c69ecfe3c7f,Manual workstation
1723289389,13ff74ef12c997896906e1ed8688b9bf24e5967b7f3512681fd4a528d9a0ff9e,You’ll be able to purchase this piece of land when your RV reaches <style=Hint_BgL>level 12</style> and you own the prerequisite plot.
1723315737,af8b9fcd6fdfc76303f8ba8220322506874e2a09dd209fac22978ea98a1592fe,"(Warily) Huh? Where did you come from, bone? I don’t talk to strange bones."
1723321632,4f0d0e806c920e973939aa306413a7e8e7c6c7396eed4b1c676ae6e908c94a13,Baleetle Dewdrop Crystal
1723337163,e30d8f137b4d9b577c53173d2d07d7e88ad2e17104a4b4b0cc01c4159b8bfe90,A couple of Susutas? Better not disturb them.
1723385701,12fecd206a7528c65dbf0fd8eb0e063b6a2c6a3e824d5ced0c8c15bc8e7877b9,Blossom Field Street Lamp
1723392210,d92a2f6bd6900d6204cb64c0449ba209e685509280888b341ca4922722f558bb,Download All
1723432825,094ddfdb7353a0f848b0e20e4a81f4f848b7f40073ae9e8061e789ae20355a33,Windchasers
1723468765,2c3ba153deb0c5d57a100e983b0d2b20003c03501bbf58d356a9ce23f7f0d633,"Wonderful. You really are the brightest new student of your generation—no contest!
This <style=Hint_BgD>Cleaving Waves</style> badge is yours. Ride the wind, cleave the waves, and head for horizons beyond!"
1969879214,2c3ba153deb0c5d57a100e983b0d2b20003c03501bbf58d356a9ce23f7f0d633,"Wonderful. You really are the brightest new student of your generation—no contest!
This <style=Hint_BgD>Cleaving Waves</style> badge is yours. Ride the wind, cleave the waves, and head for horizons beyond!"
1723469682,335febc2bd5539fce4e3d5268df04fea3a538ef9c42f909e92dfb62b4fb09540,"Press #kHud/SkillE#z at a battery to release <style=Hint_BgL>electricity</style> to
charge the battery and activate the fan."
1723469940,bb9b83ed71c2503f48791479f263160cbc7cddaca67bbf3ad2e3e6d734ae5f47,Defeat Senior Loulla in Challenge Mode
1723507310,49969bea417b3603de02976efd95078b95aaa5453a761eb680c32799ff656f9f,"Drawn by the bond between humans and Aniimo, Sparkelf has arrived in Astra from SylphIsle! Keep your Sparks going with friends and make progress in the codex to complete quests, collect Sparks, and exchange them for awesome rewards!"
1723512786,5485eafadd22077268fc178736891c772383b6b408214ab4c3e33a2770dcb12f,Will you marry me or not?
1723527540,757ddd406005a2cce5873d02c3e844174bbcabc20992099cc60668739141c5d6,I attended the Astra Aniimo Accessories Expo. Talking with the designers there gave me so much inspiration!
1723531306,5384a41101057219beeea60b4c7ae7b8c5ad557fd6c5b4f839a028ff872cd426,Global Illumination
1723533543,b0011b4d10f781f6e080da93800cd5fe176bd0da16cb93d80340fdf59a30ef3d,But in time... you too will gather memories worth cherishing.
1822280814,b0011b4d10f781f6e080da93800cd5fe176bd0da16cb93d80340fdf59a30ef3d,But in time... you too will gather memories worth cherishing.
1723554347,3a44e7de4db407eeb98d9759d8a5b39d86d04dbb4c52f433ad74701a9b5994ad,A corner wall carefully built from even courses of neatly cut stone brick.
1791119466,3a44e7de4db407eeb98d9759d8a5b39d86d04dbb4c52f433ad74701a9b5994ad,A corner wall carefully built from even courses of neatly cut stone brick.
1723583771,cfc7eeadfc9b0c3600418fa818d9c9052580bf1535659beda664acf6952d1702,"For each <style=Hint_BgL>[Surge]</style> holo-gizmo you have, increases Damage Boost of the ultimate by <style=Hint_BgL>{param0}%</style>."
1723604784,8195d48b0792563f24c14fce843eb8ad905f538af4b7752a6abc234cf612509e,Hah! I knew I had it in me!
1723675931,a755a25cbb8cd6d6d59fb6b89fdd5d3e86fc0f0d12040f1b702b538992916a9f,Insect Researcher
2042554852,a755a25cbb8cd6d6d59fb6b89fdd5d3e86fc0f0d12040f1b702b538992916a9f,Insect Researcher
2098576448,a755a25cbb8cd6d6d59fb6b89fdd5d3e86fc0f0d12040f1b702b538992916a9f,Insect Researcher
1723680993,37da026503c8cfc3c7773977761048abcb8ec26cce0832ec92488dc53335dd43,"Character already owned, unable to switch"
1723708457,1a135420a169de0e893bea6927bd1ee252408f7c1e98b0fe50cf2c63bbb9ccf4,"Work all day and work all night! Rain or shine, we do it right!"
1723771962,b2981f901277b78526cff1411efef4837178cdb74cf5523efbdd94af495a6a9b,After my Emberpup got bigger...
1723824321,08a70054f59e703ae5ee2bb185ba6951a0ee7e3798cd17e527fbf15e8bc6a586,Yeah...
1723878991,b7ef2bc1bb0312f05aa20415a3c928387df148b4c8246fa2946a504ab0ba6eb4,Building Block - Teal Green
1901676294,b7ef2bc1bb0312f05aa20415a3c928387df148b4c8246fa2946a504ab0ba6eb4,Building Block - Teal Green
1723879278,e996b8b8b31f9ae0165607cf4ffa295e6eabc1e1c4bd69298dc32775f54c89a9,"Oh, is this... a gachapon?"
1723886923,7fd32cf0b896d30881c3ee84084345aedb4cfb0bfd8b01eb432b9f3e9237fd2c,Deal!
1723975353,cc67c050fd7a287577484f42bc3c421f9b4a0830254e2885d4eac614f5521413,I want to dedicate my first bottle of perfume to Lady Irelia at the festival.
1723992685,e75bfa3481ee674e41c4fefc12d5db90debfa10c282bbd0920cc9e868fdd8c66,Haahoo!
1724025384,e557861fbf5f2c87fc7cbf02f973ea88b2b49c12a20ee18e3b1977c520824ef4,Text content text content text content content text content text content text content text content text content
1724026804,bbc8b895e342ab2788c11bc128b69b9809df630d681e0e15c42acd134002b709,Gloomglow Stud Earring (Right)
1724042861,8e6d8988cdf6912c71493e325e12cdfd021d8d133d6f3d0fcdf44034b92a9ceb,Destiny intertwines over there~
1724046260,1c59e473c952ccf9025ae17c29c7c92ff01e2a3239ecee75f147ef49f10ba4a8,Random Colors
1724092496,210c40df53a0f8b4a45ef4f35b6f26589049536511c5ec64277977f220c1cf18,Not for now!
1724104505,9d61241bc5f6381c9e50627db40da8fe6789ae3624f25c8b19b633eee6bd2490,Blessed Susuta
1724106400,cae179cdca001ff6f8af05092b9f9bd1972727ef1c52ad19bbcd3ae3161bdca3,There are <color=#d89c28>many cracks</color> on this ground.
1724149386,9908ace8072ec4f5502729217e8bc503deedbdf73c60096a22f1ade54e86ae4d,Sonia
1724163990,03c43c94ec47c5d69e0659b87d2346ee339566c5c11e2de6765963f506f96be7,"This won't do, the castle will become ugly! Watch Ant Power's kick—Heya!"
1724197509,58445aa84d4ce5b9b07347f80903c00b45c8ad1fa79c1fd6c7add21bbcd9c028,Gotta go
1724248574,564664a0a7e17d48de2c892881b5f7fbb99b23dbc4c4a5b7df3ea9d853c2047f,"I can’t shake the feeling that Water-type energy is unusually abundant here, and there must be something underwater..."
1724298104,a1514a04ff7760a2381e04e68f59878f60f308addee442eb385017ec1c47b064,That’s one orange cap down! Two to go!
1724396056,2665190882d6c9912df7ab281ec051ad632c8cadc44ef1086760b7a9ed422c91,Total Chest Rewards
1724467134,28fa770320f24d0aad29aa4a6f57c396ff8da3e41b7c9578633fa7bed5c41200,Max out the Season Achievements for both S1 Part I and Part II.
1724556061,ff8e345305b30c588b6969aa64d0cce8213e2db0b0554083c2719ce6c11a39a4,The swamp to the west?
1724562090,1253d11b262bd09eed4873e86d59ca9ff0dbaab0885e8efaea19440c75846adc,Faction Allies inherit Attributes based on Team Rating
1724618334,5f0eabb038145002dd7e858e341655306e825cb3abf67abcedcb68cdac2c9e81,First defeat of Aniimo Alpha
1724630844,3883a3ab30bbab94e8f0557fd3202b107099da3cf25529293a2eb3a2da658405,Big Eater Celestis
1724659892,3fd021bf3407b6554a125960e7293997fd50bed7436b7f905d9ab7680b98fba7,"When deals damage to a target, reduces the target’s Dark Resistance by <style=Hint_BgL><customRichText(calcData,buff, 91352022,param0,1,%d)></style> for <style=Hint_BgL><customRichText(buffConfigData,91352022,duration)></style>s."
1724726446,c785641c96a49f82ca2f0b7908f4db03dc9ba013ce2b98d003119671aed74379,Stone Ball Drift
1751637592,c785641c96a49f82ca2f0b7908f4db03dc9ba013ce2b98d003119671aed74379,Stone Ball Drift
1724742792,6526d3a4c3d711463e2b450c8613b45398cb1e596293d88e6dd56ea0f038129d,Eggling
2115700174,6526d3a4c3d711463e2b450c8613b45398cb1e596293d88e6dd56ea0f038129d,Eggling
1724747171,d252a127173198ef213c12c1c72c420a2d4bcbbbf4e75e5dbee38ffe984ce5e3,"You’re a freshman, right? Then let your senior show you a neat little trick.
If you <style=Hint_BgD>twine with an Aniimo from the right family</style>, you’ll be able to talk to them!"
1724764791,d76d58b483646ae173096d94bfe6aba5691939d5c8f8a5ac24ae9337f79b6439,Tuftball
2069319186,d76d58b483646ae173096d94bfe6aba5691939d5c8f8a5ac24ae9337f79b6439,Tuftball
1724792720,723475d35b862080dd4a6cdbeb47de4294fc63354c866ffe4606f9b22dc408fe,"You can also use physical means to interact with the world.
In this course, you’ll learn how to use the <style=Hint_BgL>Shock Wave</style> skill to aid your exploration."
1724795909,06ba9d861298ccc00c40ca74ab58f96ba6b547b41950e0f1904cf90ee9bf9116,"Hot new arrivals, just in—come and get ’em!"
1724798156,544da3bf5dd246ef41845bdede71a81322d5fe5b99f9ece3e5a4b85e06bf83c0,Place Collectible
1724855055,f43fd33b8ed2520e6f25d0299e415f057405b33696c672983492a4cd9c848fe6,Today’s reward
1724867951,32497b6594f457dab15788338d784958eef7cceffca15bfd6b8031266a5fcbed,"When enabled, you can select a model to set it as the locked-on target."
1724879289,8ff9374ca3518909973d7d2a40dc808430026f65f2a8a1abcca209334229bb8f,Exploration Unit
1724901351,f55f7af8cab633c6f186b84e4f9eed514755ac9506fc1840667b5447111eb439,Let everyone in the Mistwoods hear our song!
1724917132,01c8ae3d04f3e66d6e11ce4f2696f6354b8a26918fe2e30aa7fbaa371a9ccc96,What are you doing lying down there?
1724920596,8e152d779c90b0d3ad325d266f73d30141d82bcb8038b2df8a30dff7ef173f8e,"Tell me when you’re ready, and we’ll begin.
There’s no need to be nervous. If you get something wrong, you can try again anytime."
1724971711,27a7735dbd850ac0748ffc20b28ee5357c718d09272ff76bcb6ee3525357dca2,Colorful Rice
1725014027,848f1785d7dd7f1236e15c02fa950c17ca90d8c52ee6d24c27e051ee6e47559a,Tell him about the weird model.
1725035850,b8b956bcc9a8e832f21968c545c1055548c7b56e45e8eb9bebedb13f460eedb9,Almost... but not quite...
1725143191,d27634418f98c69734d8db74575c12c1938644fb261dae138b1597ae64109b1b,A chair used to decorate your Home.
1725143989,f79b13b5f1bd30b6d8e8603e080276664bf0c724ee629e05d7c2570a10fbe5ae,Replacement Content
1725166261,79952993d56befa908841c3ba7578bf323c3e3943a27dfecec637b0edf728f6a,Click the button to Level Up and boost Aniimo’s Abilities.
1725217422,6e8f13b067cc98aeea94e4ae709f242ac35d4cdeb47ea89be7fdc822f6ed0849,Greedy Training Coach
1725245750,60b7adc89e9f3551b89c3ed608f859171848dbdbb3f334607732cb10277bd3e4,"Owl feathers embroidered in, glowing bright through a gorgeous night."
1725254011,428c7f109e54dac67c84d19233434edbe5b98ab1167db8aa1fd3bd51310cb1fa,"No, thank you."
1725295903,bd2c5d573ebdb94a405ceb84a435ce8d711bb191c08bdbd62c4371558e2e20d1,"When your RV reaches <style=Hint_BgL>level 7</style> and you own the prerequisite plot, you’ll gain permission to purchase this plot of land. Clearing the debris on this plot rewards you with <link=""item_4001064""><style=Hint_BgL><u>Wood Blocks</u></style></link> x<style=Hint_BgL>540</style> and <link=""item_4001065""><style=Hint_BgL><u>Mineral Sand</u></style></link> x<style=Hint_BgL>270</style>."
1725296712,8858319032a9ffbb5c0bc9eeaaa53f27718b084bba52369030173cb92fe3a8bb,Dawndelion Aromathyst
1725309091,d21d3daa268f6a6e65214b80ae66e37cd9aba67f7bd0888f501571137ff4c2cb,Woof? You mean joyous tuftball?
1955403592,d21d3daa268f6a6e65214b80ae66e37cd9aba67f7bd0888f501571137ff4c2cb,Woof? You mean joyous tuftball?
1725310015,8b7ae5671d500ba37928f6e88749e11014dfb5b5eaf25f1ba19bb056dcc22cd0,Unlock the Helgon Avatar
1725311437,b2740c87a1c06438ed42bb3344bb91ed8aeb1c7fca111de34155e1787dbddb60,"The underground shelters that once preserved the embers of human civilization have been reborn as an urban homeland above the dome of Idyll. Though our old world has long been lost, we continue to explore the future of civilization. Now, this reborn city—illuminated by Lumintech—is writing a brand-new chapter of coexistence between humans and Aniimo."
1725320039,279a2cdad986960e83fca81788b299ce58765b0bcbbe0c41ea7fd5b2763f9f45,Research Mission incomplete.
1725331290,85826f953ac9a88aa9a1ca53740f2428283ebb8a4487270260f2b9915722c902,Promoted to team leader.
1725333536,97c019648daa610937061df8116606ea877ef853dd0099f75ef301a66ec78ac6,Yellow Blade
1725338534,c5dab480b9ae6fc01063d7f5f46d5f648aa902239b8d120420ea38ffd801985c,I’ve warmed up
1725432254,a718120ae56752878af5520758532c1150d3e8a8e03c2b7dcc682be5b3122fea,You get the news even out here?
1725456102,022363e7c31b5e80951087d95e654e1dc807e6baba8c011ebbbbdd269d276eb8,"Have you heard the legend of the Lost Warrior? 
They say a mighty Flameruff once roamed Beast Fang Ridge. Everyone was drawn to its warm, fire-scented fur."
1725471501,b4cd873289ca2e141545ebd04fee5acff002a3f0b86302e1458b5a7fa5fd9b72,Astra Stage Rewards
1725480200,56b38a7d6bb4a6b67b7129cf654a9d86e594a40af6632013f0fc67bd474b99f0,Fully Enhanced
1725500205,97ab3bc75c1a178bbfa0e73b02adf65a015a52addbc34b6832e4997505a7c37b,Sink into the Colorless Dream
1725543391,cd9b8e680471bd873fca8a5fd8a325b3ebfcded47a80558c236b0e935d074c68,Help!
1725547302,3ef27c0851ce0dce4bf761d9e402bc7b3862ceecb3e451627b4c3a5e5238bc03,Batch Commands
1725569948,1aa6943def8f1944db9f66b844b69d76e3b15d7098205c5387fd5c07f24fb596,Microservice timeout
1725577513,b89540e2b8443cf8dee0dd10268f4aaf0ebda819bb3c68bb7c711fd9ba13dcfb,"An earthenware pot made for slow, patient simmering, drawing every last bit of flavor from its ingredients."
1886685102,b89540e2b8443cf8dee0dd10268f4aaf0ebda819bb3c68bb7c711fd9ba13dcfb,"An earthenware pot made for slow, patient simmering, drawing every last bit of flavor from its ingredients."
1725578229,fb176b4d61fbdd39fcdf358cb08f3396603bae09d4bf076a5f264a4ac79192a5,Platform Reward - HarmonyOS.
1878274113,fb176b4d61fbdd39fcdf358cb08f3396603bae09d4bf076a5f264a4ac79192a5,Platform Reward - HarmonyOS.
1725585912,ede4b184762c389b1f68dbfeda607efbf37b8d56a151476d7bcb1b5e827b9337,Insufficient Spirit Power.
1725657864,cb9a0b6d8bb4960cf6d88028244bb5a68116e84676948d1786464583a688d383,Restores 2 EP when applying a new debuff to a target.
1725659330,d1f237272be97e9c681f9a1b5c53e7d8b05346e97f99e2dea6e592fe7181ede1,"Elegant, tasteful, and beloved by all."
1942155475,d1f237272be97e9c681f9a1b5c53e7d8b05346e97f99e2dea6e592fe7181ede1,"Elegant, tasteful, and beloved by all."
1725683895,0174b0260119dbdf4d38f809de7eaa1c8ea931b3cffd8608f884942847900d49,"Unfortunately, it decided to stay home today, utterly unwilling to assist with my promotion."
1725701459,dcb53beba859e48277444c34db9c87317c2e76f35584160c51357a7632e3385a,Defeat the Helgon Omega
1725715556,a6f27d17e60f4189b2978e30de7f35f9ca0d21fee9365f8a8bde568bf6487ed0,Rock Dragon Cave
2047147047,a6f27d17e60f4189b2978e30de7f35f9ca0d21fee9365f8a8bde568bf6487ed0,Rock Dragon Cave
2091465972,a6f27d17e60f4189b2978e30de7f35f9ca0d21fee9365f8a8bde568bf6487ed0,Rock Dragon Cave
2093655248,a6f27d17e60f4189b2978e30de7f35f9ca0d21fee9365f8a8bde568bf6487ed0,Rock Dragon Cave
1725718338,de2df3b03b1d560a3d1c4bd9e935b726d428f62a623b524de865b1462f6c1f1d,This Aniimo has no recommended attributes and cannot be used.
1725738432,b80bdfdca936cc2bb1d13492032bb97e583efb0fd10ff94aa9b341b9bb091391,Ahhh—!!! It blew up again?! That was the last flame flower root!
1725781422,4f0db69bac53cc1411675bec2a49ae58b6086af19278d44741991cc856983a9b,But reaching that level of brilliance means wandering many lands and taking many risks...
1725805808,06d04ae96aa89265c587d5e82a95488492efb169dae85a810080d1a1d3b2f813,"The Stellarys quietly leaves, leaving nothing but sparkling happiness in its wake."
1725827600,279e45c7899aa12f10398ab16859b2805b52cc85bfeef83fc6d36a7ae97c7156,"While <style=Hint_BgL>aiming</style>, use <sprite name=""UI_Key_Mouse_LeftRight00"" anim=""25,54,30""> to move the crosshair at the vines, then release #kHud/SkillQ#z to launch a fireball to burn the vines."
1725831169,5e913b1331d1645eed8f87e79af3016b78b2ebe8b1286f2ce861c50671ae6886,Tick Interval
1725857837,3867c0102a4cc72ec4c11a6140f0238fc40749de2b78fb93ed85b418529ed305,"D-Don’t frighten me! I’m sure...
I’m sure this was only a coincidence..."
1725900213,7491e4c6bd9185738b699e0fe20b4a07482932039b4a66d6ea14a754719fbc58,"When playing hide-and-seek with its friends, Helmut wraps itself up like a snowball. It usually regrets the idea before long. Snow is cold, after all."
1725931895,b497d638d44c8390cf69555f6e33919738dcda4dbdabb60a3e278379746ef91c,Unlock all Xbox achievements
1725967358,8fe8f4937730578732a6ef34be41949adea49c27adcb7680a22dcdffd13f1148,Semi-finished Dewy Dewdrop Crystal
1725999734,b3e8796084c16e22c0f765c2cdf7af67d1113c1260225595a3c046d6b891e3db,Am I really supposed to be happy...? It makes me feel so out of place... Even the little Nimbis seem to keep their distance from me.
379255103,2e4bd4e81e7a53bf261705daea4fd657bbd64dc8b4e08e2543d9b38a5a9ad666,Swim to collect scattered Lumin energy
457010653,2e4bd4e81e7a53bf261705daea4fd657bbd64dc8b4e08e2543d9b38a5a9ad666,Swim to collect scattered Lumin energy
1726052267,2e4bd4e81e7a53bf261705daea4fd657bbd64dc8b4e08e2543d9b38a5a9ad666,Swim to collect scattered Lumin energy
1726058587,52e9109b2085addb74bf3817e72e9d10dd4a61bf3770fad815ae8c6351061e33,RV name contains sensitive words.
1726080012,6596d3667017625a485d583a0706b6145184f42244521d179967c2a1b4348ac5,Today’s Spark hasn’t been renewed yet
1726127226,5f754b7a38b1ae8e1b879a854e0aa73cb8e4512fa683aec7c5e5795a21283907,Talakki!
1726149645,f1505a60ae4734609f0febfee7a3d41702c54c88d6b085997df606c90819da4d,Why are there two suns in the sky?
1726157269,c0113a825bb7a9d6f6f10e5a937da9b5bbf2a37768070005477c796ea340174f,I even brought Earth-type Aniimo to cover my weakness!
1726157456,b7bd2807a05f8a7b568af91caa9c9cabc290287578d291588d4914ba57bc863c,"Back at the outpost, you complete a theory quiz on the origins of Held Items, Sparkling Aniimo, and healing allies, officially advancing from Student to Wayfarer. From now on, the institute will shift from protecting you to supporting you as you travel across the wider reaches of Idyll and face new challenges alone."
1726176713,67e54de3e0931292f629258667f3f191308dea74d8da8564f203160d1f4ba6ed,Accumulate 1000
1726194834,8b4b0e82aa26ef2723df89d8e5f7bd53b62fa5e0b7fb401383d3935a73f0ee2d,Challenge Again
1726244646,26086ed21aafcb3f4476d7b39d48634e269e5f2799aa57f3f63cfd0e9b1f9d9e,Egg description (placeholder) Egg description Egg description Egg description Egg description Egg description Egg description