1753718306,a8e6642a733dc9f5a4dc62abb7edb6220bb29367af2448da20fa3fc60ed61724,Thunder Imprint
2092607997,a8e6642a733dc9f5a4dc62abb7edb6220bb29367af2448da20fa3fc60ed61724,Thunder Imprint
1588905214,0be397210ad7d5f1c03583c57f793ff4be7c9ebb156ede8740215fe46f2a92ba,That sounds pretty fun!
1588954893,2175c37b86eb49e38e934cd754a0c09b05f0b5bb2c93be84ab9315b5f0d2c4fe,"(Woohoo, yo-yo-yo!)"
1588963259,9754ac1bd5992fff6ab20f43963f63bdcc9e19dccd1346075a14728fd93e38ca,Enter a valid Snap Code
1589003624,948fdd065211b9e7b5049d4dcdc4edc174216b55422f29f2def48588ba77b085,(Test) Talk
1700246133,948fdd065211b9e7b5049d4dcdc4edc174216b55422f29f2def48588ba77b085,(Test) Talk
1706200923,948fdd065211b9e7b5049d4dcdc4edc174216b55422f29f2def48588ba77b085,(Test) Talk
1589035412,36dbe3156842d8f47e6801a5079a1305803331abf0803e08c9311032d1ce7c57,The currently selected Aniimo is working. Are you sure you want to remove it from Home?
1589044574,61b664c0cd7becb413e0fd65dba51b7fbc66a172f82f231a586dcb4452a82d61,Egg Heist
1920244003,61b664c0cd7becb413e0fd65dba51b7fbc66a172f82f231a586dcb4452a82d61,Egg Heist
1589059768,55108b27bc35e686f9c550b9430af42148041c50b6780655b582c50fbf1fee9c,This Aniimo
1589070898,e4f0e132c48d4d83b9426abf5fdf30393e56bef6656b5d5fa6e1d1c668e65fe4,A blue petal reflecting the moonlight has been discovered near the Echoback bones.
1589093109,5730396a2bb6ab3003605a94cec484acd08f936d2b4370e7e4504ba4c785f173,"After obtaining Celestis, you gain <style=Hint_BgL>enhanced</style> climbing ability. <style=Hint_BgL>Approach</style> a wall and press the button <style=Hint_BgL>shown</style> in the <style=Hint_BgL>prompt</style> to start climbing. Press it <style=Hint_BgL>again</style> to stop climbing.
Climbing costs Stamina."
1589101530,cdc861f69e171056774f05f5ca176bf0d40a1919a740f5339a85953bb59c0ea4,Attributes Placeholder Bonus 100%
1589123539,53b65891390ec8c9847a6b5ab505ca722bd0383e53c29d60c7cbf2827a54d594,Then why not go to work?
273083650,958669ebcf936390da92cae7fc75ee4d0374ff901cd3b601747b611fb29676c0,Defeat the Alpha in Beast Fang Ridge: Scorchhowl.
1589131104,958669ebcf936390da92cae7fc75ee4d0374ff901cd3b601747b611fb29676c0,Defeat the Alpha in Beast Fang Ridge: Scorchhowl.
1589158274,5655c999fdd5ab7dccddbcd194915d96f3108bead8d083f3d85d02c403e283c9,Summer of Bands
1589169166,cce58fbba6f73a868542faa6b5afe2f5c8617e1f258b096e6db8816f2f62876c,"Amazing! You got that shiny thing, baa!"
1589175555,8eb8cf7762b47b5fae0a92ef976f41939a684919745234d1358d0881a8e2802f,Delete mail
1781470900,8eb8cf7762b47b5fae0a92ef976f41939a684919745234d1358d0881a8e2802f,Delete mail
1589284424,c601b6bfb1550b5692c396808f9a3c61bb491c9fa0fc591c8867870bb5d9f24e,The elder will be thrilled to see visitors from Astra!
1589295404,f0b74b89547aa96e8ae97bb229ec224bbbe7dd1887a58b16e15d7461079a94a4,You have already accepted this invite.
1589297450,61fdf812e35a9d4d26cea81365ef448f1a5a62f12292a555da99519c99af1549,"Healing herbs that have absorbed dew and the essence of the sun and moon. Simmered slowly in warm water, they become a soothing medicinal broth for body and soul."
1678140604,61fdf812e35a9d4d26cea81365ef448f1a5a62f12292a555da99519c99af1549,"Healing herbs that have absorbed dew and the essence of the sun and moon. Simmered slowly in warm water, they become a soothing medicinal broth for body and soul."
1589304500,36804a7d80a1b45553bbb4c0364126633d7412d99271a98e92a16a4a64c15ded,"Extends its arm and throws its sword at targets ahead. When the sword returns, it pulls common targets in front of itself."
1589313781,85451bd77549f8fa584627790f7f058fb2a7ad93faca703c5dc7dabb4db96b9a,Go to Topic
1589330983,d8147057345661cf1292ddd16dc9c5656b4f1eccd97b035533f350d03d1719fc,You lost your Opponent
1589424070,2332c08ed95055c25fc992ff9ebd24fe6f89ac6a5fe8d638acfae3e03afa41cd,Common Ultimate Rune
1589465624,5fc2c5c6603e8702afcb15607231e6d96f652ba86f5b9ce25b04436ca2b3734d,The Legend of the Berylline Vale
1589472389,75c59ac097d8061d38c0e2603c4a3521d830c1e8f36ee8760289d0b63d9ebd3f,"Yeah? Don’t go pickin’ on Jenny now, even if it knocked you clean out."
1589480229,0c2627f0dd2f530456202b108b9c27102af6fe2b71e67006ca6684fe8df65034,Can consume Primegy to Craft Dazmand's Dewdrop Crystal
1589486116,4f1fb8963f7a8c00ffe267e5c7ec8d3914b3f5fdd2c6bcd3b03ab3d69a37cc8d,Fantastic! The Ferocious Fang couldn’t have found a better owner!
1589497551,5b09abb76c6fa49dbc977781afc95c57320aa5e3d7015259424c7c693892df76,Five Sol Sign-in Gift Pack
1589535999,e749d9fa6921e71a25b91bce8e6ef9a71701b48556ec0fdb024e87efa8887e5d,"Leave it to me, I'll go check it out!"
1589537989,49080222947e26c1ced879da5e40fc2294fedc5c7cac496dc72f4b53ba634aa7,"But am I really that good at it?
Everyone says so, so I started believing it myself."
1838651706,49080222947e26c1ced879da5e40fc2294fedc5c7cac496dc72f4b53ba634aa7,"But am I really that good at it?
Everyone says so, so I started believing it myself."
1589554223,72c7685af61e151662abea0b09f6395e903a283748880fc8b5dbb6e732a3b29d,Skill Presets
1624710239,72c7685af61e151662abea0b09f6395e903a283748880fc8b5dbb6e732a3b29d,Skill Presets
1589656040,75de93c1d7d50be4e0f2b16bb3b83316f252c9535abc8620faffa1325e924fa6,"You play with a thoughtful Fentuft and experience a moment of pure joy. The Fentuft keeps playing until it’s worn out, then heads home to rest."
1589664492,34ca0e76608842ff3e7d924a455a396a82f471052c15e3f2ed7f090ac702e5c1,Group
1589685182,19359c4e14d8f23a9a9bc3579ae96815c88dd50b26770718278324607e8e82b8,Common Elemental Damage
499721376,13147fbd67db2ddeec12d1a7f8202cf818e492169e38481286e0a711ab544c1d,Earn Silver Collection Badges in 5 areas of Breezy Plains.
1589691703,13147fbd67db2ddeec12d1a7f8202cf818e492169e38481286e0a711ab544c1d,Earn Silver Collection Badges in 5 areas of Breezy Plains.
1589701472,5e4cd32163cc45d67ab6e896a5f1528bb93b680e58fa80eddb3974163c16032f,There’s just one stwange piece that stands out though. A <style=Hint_BgD>Rusty Sword</style> that doesn’t match all those shinies at all.
1589717268,f3fc4372863a9894f95e8179abe979b462e2820d2447ee73886fadcda45a57b4,"Vein energy is peaking at the end of the season! This season, 4 special Prismana Aniimo will show up at the same time in their respective areas. Let’s kick off this Prismana party!"
1589742430,85fb5c00d727ba88f5a8ddd3cfc9d37247e7b1b623175391b806996b5130ffd1,AniimoCare is dedicated to rescuing Aniimo and helping caring citizens adopt them!
1589754102,1f8485e297090fab21b5acfa1636a2c102826ccc820aa039dd947bc7a3618cc7,Concentrates power in the tail and violently swings it to ATK surrounding targets.
1589784435,7182bf7da82f8e5485b7996a91a9d5e82a2f7279131b246482205181de11632b,Aniimo that can be cultivated and Twine cannot exceed level 60
1589807156,7930646c740703250fda8937f4c5357c4606d04b6c338fdaab3991d5e6e16340,"Pain, scars, being tired... None of that means anything to me."
1589833892,2e82a2a8ee8523f5a13cec053291aa403695271882c65b23b4e5160c5fc1ad43,"Words of the Wind
The shooting stars above the Sea of Flowers are beautiful."
1589837560,92adcd96a2cfd71d276e044948b7999314f7daacd14a209bc26a156920b43de9,Furniture Blueprint: Harvest Moon - Oranges
1589840149,76f86f956fb85feb98242689b6664bb346efe8299a60c2bc3f394bed85c99599,Homebuilding Hours
1589843327,1b59ede92e13250659bc0f2b39a9a8a180e454b7c356001c07363c895e85fd79,Leave it to me
1810142898,1b59ede92e13250659bc0f2b39a9a8a180e454b7c356001c07363c895e85fd79,Leave it to me
1589866949,d19c95a6471baa1eec8597cb988c0d6eb8ae2ced6330b4d1f83d64381abfb1b5,Companion Handbook Free Level 72
2015436090,d19c95a6471baa1eec8597cb988c0d6eb8ae2ced6330b4d1f83d64381abfb1b5,Companion Handbook Free Level 72
1589899395,0eae3522e7f348964463cd3500bd70658c96f66f8f6f246d0580935cbbab5c57,Complete a mobile login
1589907605,4444a53c6b8e4de11ec67ea025a2929fb8bf1697745a0352e16c54bac20919c5,Text content (placeholder) text content text content text content text content text content text content text content text content text content text content text content text content
1589921845,8e9d2ff33f5e0ec95deac9bd6f336d160237a12b103f47a89a8c359d1c589938,"Bear Cave, North-Center of Sea of Flowers"
1589942695,4b689987d2d1fd12919d3e1d780902211bf7a9907c4a89131f0775f60a81bc3f,Pet the Egg to hatch the Aniimo!
1589982593,ff3f6f4f286156e40084035c8f947d6f415fe3abb889fdf5057f082d373e658a,Explore Idyll and collect Lumin Energy
1590000234,3898e208d20ce16621429fa9c637d583cb7bb976aad61040f918bb2eca3c2188,"Like a Star, it merely returns to the sea, and after one day passes, it will still adorn the night sky."
1590030796,28f1860f5e0236616e63ee48b736027b7d3d59aec20b4ac6c97a867fcdd0ec4a,Bubble Drift available (Skill creation)
1590069064,41f65ca7394f7c2f360881ed476eb144a724caf2d1433e87cd6c5875666093cd,"A flower containing an even more abundant essence of Ice.
Can be exchanged with <link=""item_4040030""><style=Q_5><u>Pure Element Gem</u></style></link> x<style=Hint_BgL>10</style>.
Placing it at the RV Park grants residents a park buff of +<style=Hint_BgL>5</style>% Ice Attack and +<style=Hint_BgL>5</style>% Ice Resistance."
1590124019,3712e24d6f70c96d0174530f779ad0c6d87f1ec8c60c04bd3e279ac492328224,"Increases Lightning damage by <customRichText(calcData,buff,91143011,param0,1,%d)>."
1590141385,66ac53c03ad6f549382b6a2202608449e2cff09b54e68ba16c33fea7abf81f9f,A painting for your Home.
1590157699,b240e30533077b3ae5490cfc0c856bd033877e0d998e1191d180110bd0344dac,Change Avatar Frame
1907144268,b240e30533077b3ae5490cfc0c856bd033877e0d998e1191d180110bd0344dac,Change Avatar Frame
1590230836,c1f7d8c49b07e557458f43d8d692b5a033cd046d82300f483d93c31d5adfc2fd,That’s right! I’ll keep traveling~
1590253282,e05788dc80595fac98f570968b30547beb0c18ec48b3ec69aeede514d27fca86,"Shulala’s pursuit of ""roundness"" has only grown more intense.
The lines on the canvas have gotten bolder too.
This is already the second baffling sketch..."
1590263550,d7bdf34d3072e0f5ab89940c8ed9c88773cc86f50372f0c73bf65b6fa81246ba,Randomly Transport within the current scene N times
1590323535,3033b0c2e3837aa2165e881b5429fa8d49dfece9904e3f60573f06aea5911426,Produce Aniipods in Homeland
1590324060,7b983654efaba8a9eed6b29ab198765293ded3232696a43af2a0b96c64a149ea,Touch the Anomaly
1590339199,06d1ba1b4529e965282c6dda8628636114ed3b86a7f4cd9e1a240507e9bd9956,"Hatches 1 of the following <style=Q_4>Aniimo</style>: <style=Q_5>Stellarys</style>, <style=Q_5>Scorchhowl</style>, or <style=Q_5>Irisal</style>."
1590339449,4bc48fa0fd405384926732bc916183cdb7ca0a9eb34afb785d83e18352b002e3,Preview Message
1590349971,e725ae55e41a4bdb92a907647f2245189ef4573b728dd9e88fed1cb624681b8a,Second Brother Ignitis Waiting for the Match
1590352952,7b5665e425c26be0710061796ac250f7e8fd0ed58b42e132ee01ab55deaf7253,"Rolling faster, harder, and more unstoppable than ever before!"
1590354142,987e4f74a12672df38f8f58d7a1dc96826617ea8a1b0bc3661f7174256d3d3b4,A small bed for decorating your Home.
1590384160,b16b2cab46018428fc0b64907af2549831cb713d9bad9e70a37b4c3155a50bbe,"Honestly, I think you should rest a little longer..."
1590415993,e29c9c180c6279b0b02abd6a1801c7c04082cf486ec027aa13515e4f3884bb6b,32
1883726562,e29c9c180c6279b0b02abd6a1801c7c04082cf486ec027aa13515e4f3884bb6b,32
1590429953,ce12159f6be769e47bb715ff8322cb6218a49f19946559f09c5e4fe97f9bce11,"When your RV reaches <style=Hint_BgL>level 9</style> and you own the prerequisite plot, you’ll gain permission to purchase this plot of land. Clearing the debris on this plot rewards you with <link=""item_4001064""><style=Hint_BgL><u>Wood Blocks</u></style></link> x<style=Hint_BgL>1,080</style> and <link=""item_4001072""><style=Hint_BgL><u>Mineral Sand</u></style></link> x<style=Hint_BgL>540</style>."
1590443360,de1ff2df8f8cb53927c6656665adc7dfad3422907b95d7296c8fe4770e4bc37b,"Can't remember! Never mind, let's just note it down and call it ""that thing"" for now."
1590444624,9595e8dc6042eae00b57b9aca79865e2f71c77af49b5a4eb42506b9305d4301b,Obtained from Carried Item Gem Craft
1590465835,7c31618b46ece49bb564800e3e1b43aa9812e7a9060095f3346dc3cb68371c1b,I picked this gift just for you!
1948109545,7c31618b46ece49bb564800e3e1b43aa9812e7a9060095f3346dc3cb68371c1b,I picked this gift just for you!
1590500163,f00a53b544fbc74c84dd0370b5646bedc07c5cd44f52bf09373cf70501c99dab,"<style=Hint_BgD>[Aniimo’s Capability is like a flowing stream, it can be guided and reshaped]</style>1. <style=Hint_BgD>Capability Points</style> can be obtained through <style=Hint_BgD>Level Up and Resonance</style>. 2. Pathfinders can use <style=Hint_BgD>Capability Points</style> to personalize Aniimo’s Attributes. The more Attribute points have been added, the more Capability Points are consumed. - Each point of <style=Hint_BgD>Constitution</style>: +40 HP [Every 5 points of Constitution grants an additional +8% HP] - Each point of <style=Hint_BgD>Might</style>: +2 ATK [Every 5 points of Might grants an additional +8% ATK] - Each point of <style=Hint_BgD>Endurance</style>: +3 P.DEF [Every 5 points of Endurance grants an additional +8% P.DEF] - Each point of <style=Hint_BgD>Spirit</style>: +3 M.DEF [Every 5 points of Spirit grants an additional +8% M.DEF] - Each point of <style=Hint_BgD>Gusto</style>: +3 REGEN [Every 5 points of Gusto grants an additional +2% cooldown reduction] - Each point of <style=Hint_BgD>Penetration</style>: +4 BREAK [Every 5 points of Penetration grants an additional +2% critical hit]"
1590524630,e1ea9277b42e156243a9ce1a367b15465491f0ebe70974e3420ec2487730e271,Research Ready to Report:
1590532545,bbd7a63d6f5153ed931b5916d41569ab088fb17e451561a3e665afb570a26e4b,10/20
1590543202,49049ad57d169914ea3d3db51b78cf2f437f9031882030ae093355e2b9c9d130,Can be obtained by taking part in the “SPARKELF X Aniimo: Meet Your Buddy” event.
1590549569,4f90990995c720d1a6def61900543ae733d18af54ae3eca377318f48e76e806f,No way!
2077915157,4f90990995c720d1a6def61900543ae733d18af54ae3eca377318f48e76e806f,No way!
1590571913,509e0b37cb719ea451febec042beaba9171024a770b2a0d3ffe32f40c3561dc0,Immune to BREAK
1834952074,509e0b37cb719ea451febec042beaba9171024a770b2a0d3ffe32f40c3561dc0,Immune to BREAK
1590598255,7046ce4fb3cbc13c4dbd85512a3a75e769c6d60eec88a57671b575eebf4dcd01,Unlock Badge - Starbound Journey
1590603816,93dd37d479ec05bc3233d370b7f00b06a900dd0535b6fb5bcad90ec6f17b6fca,A customer ordered a giant Starine toy customized for their Celestis. We need more materials.
1590615949,00f7272f374e448d2dcfaef9064006af404010fb68c5651eb5673eb3c94402bc,Astra Orders
1590631031,2b235a3e4a55ec9a052344a4323b97d29fab33fc9c4503eb2615b70b7d9570b4,<color=#e1a347>{0}</color>/{1}
1590662330,6a307917774b4aa9585265eed891718df51c4e3a55210e9bc9165812f1f50afb,A Premium Ferocious Fang enhanced to +15...
1590670575,805f602e0520fb339f26d938483f39c191742fb670306a12bcbc83f93d5314ec,Pathfinder Free Movement
1590697524,8acaca4aed9924d1ba66e5c2a42824a004365cbe2030dfcdf1d33b8d31084c1c,Traveler Whose Cargo Fell Into Water
1590698642,784b4422c5bbc67663e3f869d4e165ce38c587b243f73618b1bd7602a547ec68,Cheekie
1590702601,cec7dda2878120d7a701d37399b39d49d372704e3f0ac0eefaf7cb6c1d1557dc,Astra-Chest-Press F to trigger-Random coins
1590703668,548fa6166509048d2709956a512b5d6c3b75d265933de5efba520a737a22fbdc,"That said—
I admire your courage in exploring the unknown."
1590735637,800f08984616a7a734b860b83cbf3c4fd9cbbdfdf5d64335f1b044ad6bc3bb1d,What are you counting?
1590737526,ae0ff17b4ae1f96ea402aa3caecd4a9af269e05592eb070856bc0b4dee186720,"No, no. I’m exhausted... Holo-Battle Sim is way too hard..."
1590755913,f6964222249b594e7c7021f2dcc75bb0e4496cca48cc5d6c24bf680dab284cda,"The combination of <style=Hint_BgD>different Aniimo, gear, techniques, and technologies</style> can lead to totally different chemistry. Remember, whether you’re in Idyll or in a Holo-Lab, there’s no best choice—only the right one for the situation! Understand?"
1590763055,2db8a2d9cfb337886b74e3784e9cc6647af05813cb53d3560598f74f2e117808,"Relax! No wonder you got those badges so fast...
Try to take it easy sometimes!"
1590788563,2878dbe6067222ddf660261bcdd5caafd225830dab6cfe832a0ecb8713d2393b,Spend <color=#da8000>{0}</color> to exchange for <color=#da8000>{1}</color> and purchase it?
1600426563,2878dbe6067222ddf660261bcdd5caafd225830dab6cfe832a0ecb8713d2393b,Spend <color=#da8000>{0}</color> to exchange for <color=#da8000>{1}</color> and purchase it?
1590811445,b9b0fc2773e1f1422e478c49af7f94f7eb4392a7bc55485213c77034231beead,Here’s a hint: this Aniimo <style=Hint_BgD>smells pretty bad</style>.
1590817122,23d95303b66f98a60b0aacbf899481135575e4963ad18bdfb348e23550ea5ad3,"While you were away from Home for <color=#5090df>%s</color>, the Aniimo in your Home worked hard and the following products have been stored in your warehouse:"
1590844200,3681d21c262f00ffcbe76c36a77abf8104f2d1f3b6cbe2ad70d6875b246c438f,Consume Primegy
1710476725,3681d21c262f00ffcbe76c36a77abf8104f2d1f3b6cbe2ad70d6875b246c438f,Consume Primegy
1931900597,3681d21c262f00ffcbe76c36a77abf8104f2d1f3b6cbe2ad70d6875b246c438f,Consume Primegy
1590862743,8796505fbb998b1988f473f2b81265c52077df855a57b8925b5a6e47560d772c,Focus your attention to make attacks more likely to land critical hits. Increases Crit Rate by {0}% for {1}s.
1590868024,ef631779f12cf30960d8289c3ffdc0d2b0037678646f812081e26635e26b591a,I really didn’t expect that doing it this way would actually work!
1590885774,674c8dd6c0b3650f797d353c127ed50341787ca3cbb1d3495a2c1d3aad9c9260,The Aniimo limit at the RV Park has been reached.
1590892455,c8736d3f935b9cc11dddfedb5d156412a1262066147895cb0dbe02b6bd56e5f5,So I snuck out to meet it... and the first thing it said was—
1590900534,da8fa14094b912071c12da148a871a4c9192f966f32c274b35f2fd081563b219,"It’s really coming down! Good thing I ran—otherwise, I’d be soaked!"
1590908058,41cee306f703e04227bf5e3e51352435c002b1517a100354337ba38837cf9da5,Keep practicing! I’m definitely gonna nail this trial!
1590969015,398bf3a6db2bb8e3b542afa4d01145820038ccd89d051e9de603c832344bb49b,Beginner Vine_1
1590975871,9ce64524b756da8f9e865cae97cfd35b96689950d159c0b7a23a4f1771df0530,Jenny’s Entrance III
1590976635,a466ceb0de1416a11e27c694b9426547574456fdbaed93cb3a87df668fc3cd4b,Nurture the ecosystem
1770295988,a466ceb0de1416a11e27c694b9426547574456fdbaed93cb3a87df668fc3cd4b,Nurture the ecosystem
1591029752,97fc691e6edec40dee4e95059b575b0132859c576f78015a3cd959bb8408813e,Text content (placeholder) text content text content text content text content text content text content text content text content text content text content text content text content text content text content text content text content
1591035989,830972f3e7bb322885730e62f4528f61e32ef47b9a4dd27df38595823ab4c958,"A family that dresses together, stays together."
1808483634,830972f3e7bb322885730e62f4528f61e32ef47b9a4dd27df38595823ab4c958,"A family that dresses together, stays together."
2034467460,830972f3e7bb322885730e62f4528f61e32ef47b9a4dd27df38595823ab4c958,"A family that dresses together, stays together."
1591058720,73b4512b4359d7fa7dc0b81b87a0983979277391a7b49e54c90f473673d65602,A straw hat for your Home.
1591062244,0037c081326c5bf51cf833005765fe10abb369f08c7fbf13dd7ec0a83f315aa3,"Dewdrop Crystal born from the Vein energy of Whisperwake Isles. It holds abundant energy, and local Aniimo can resonate with it to draw strength."
1591064131,edf3c6d75537cedf311088ac65e7371fd43ae91057b485f22993aedc0b3a3ba8,A herb shaped like a candlewick.
1822316441,edf3c6d75537cedf311088ac65e7371fd43ae91057b485f22993aedc0b3a3ba8,A herb shaped like a candlewick.
1591098842,7f19c958f42d8339b68d0d82141cfaf366bc9491ce8bc1fb18507cc8535d6968,"Between you and me, I might look all mature and put-together,
but I’m still a student here. I haven’t even graduated yet!"
1591126166,62c72016b0387200f23fed039c5bed725a3a0575ef09268d8e5efde9a6d457b7,Sink into the soft milky-coffee tones and enjoy a quiet moment to yourself.
1766010801,62c72016b0387200f23fed039c5bed725a3a0575ef09268d8e5efde9a6d457b7,Sink into the soft milky-coffee tones and enjoy a quiet moment to yourself.
1591130338,7a958b0f0d997e392a5e18885ed74da42b3055c0eab192c92fe219af49bf61a3,Lightning-type Aniimo specialize in manipulating electricity.
1591132994,d57513f1afd2c1e64fff8d4016a33ab3b86bebd53368e36496ba448f1f677ffb,Garden Court - Wooden Ladder
2011593603,d57513f1afd2c1e64fff8d4016a33ab3b86bebd53368e36496ba448f1f677ffb,Garden Court - Wooden Ladder
1591143657,198dff4a45f968b06cb339e9ad11b3b738e912c584d8fe38be55bd512a3467a1,Tap #kHud/SwitchPet#z<style=Hint_BgL> to Twine </style> Celestis
1591163548,0ea25153ad3ebcbba7509d5527de79393ea5363812970035a2403eb1d5cafc39,"Release the power of Curse to deal Damage to surrounding targets. Damage is increased by {0}% against targets in [Parasitic] or [Mature] state, and the state is removed."
1591199616,1ff3747c3cbc53c780e8ddbc42db6a518cbb8e768406a827e1c6e13972fa048a,"Also, the <style=Hint_BgD>Mineral Sand</style> produced in the mine is a <style=Hint_BgD>must-have</style> for system upgrades. Don’t just throw it away."
1591221417,70e01a165a1c8cc27dec00d089f44bc8bf49e37f5ddad71d447348dc3271d36d,Unlock {0}/{1} Seasonal Mutant Plant Index Entries.
1591231941,038a9a7b841364d4fff8c4a7ee8c21837224f4b690895b91ca4ef3ca494c8aba,Yeah... people are scared of powerful Aniimo.
1813826030,038a9a7b841364d4fff8c4a7ee8c21837224f4b690895b91ca4ef3ca494c8aba,Yeah... people are scared of powerful Aniimo.
1591256549,86a2026a593d3065a5cac3c46f12e5c3c7311cccd69dc461b1897affe893e614,"A fence with elegant yet playful charm, designed by a true Emberpup fan."
1593467397,86a2026a593d3065a5cac3c46f12e5c3c7311cccd69dc461b1897affe893e614,"A fence with elegant yet playful charm, designed by a true Emberpup fan."
1591263324,0477393db9ffc1503d1ad3cfe29e81fb3b17fe26f11d4a8c077a3c4655a1627c,Expires after %s
1591275882,cf6bde020923d1696421a7863188a3affb6c155aa6cafae521ae81915ee37268,No rewards available to claim.
1591284941,7552ab3ff81dcc55be14de595a6ceec0bbebafe06593beff0cef60b96819a4cb,"The instant you pluck the vine core, a memory unfolds before your eyes—the Tucking and Hummins take the stage like superstars and sing their hearts out, only for their awful din to scare off every last Hexxin."
1591302435,9705aa4a2ed42c0758776105920f0fc426ced58d58bf117100b3caaf21ffe900,Use to unlock <style=Hint_BgL>Harvest Moon - Garden Greens</style>.
1591326220,1d3bcd1e29ea0e6af1ccac90b6788bffeeb8c8eb1c0951ab37d03fb4da98ec8d,Big Pink Eyes
1607909051,1d3bcd1e29ea0e6af1ccac90b6788bffeeb8c8eb1c0951ab37d03fb4da98ec8d,Big Pink Eyes
1591383407,f04633763b350e22be7ed169d849514394430d5d2658cd045b0825b0c98622a6,Euphoric Sonic Blast - Temporary
1591392900,acd065da2ffe54855e07295af9c2ea49ef7975738c11b9a18d080dc9f8040c9c,This is the upgraded show. Enjoy!
1591461422,b705d901f74973560b453c4a9e6eb5d9e67deabcd0de058ac26212495bcb0517,Companion Mode activated. Your companions will automatically follow along.
1591493461,9ffa865f2bc6e850157bb454ef3e00fa789e3f8cc631552941a99ba3fcddde51,Human
1591547402,4ec16884a6068dadf84e19bc73f033af72a1e3788a4345b65deb3607aad80b3a,"Move close to the <style=Hint_BgL>vines</style> in your way, then press #kHud/SkillQ#z to use Emberpup’s <style=Hint_BgL>Fire Bolt</style> skill and burn them away."
1591556470,e9e023b8e5523005d12c9bf867904275604e32ade85ec0ff04c66a15ca3070d9,"However, it’s been quite some time since I’ve taught a large class.
Mostly I’ve just been substituting for Lewis."
1591557425,f18b4c37785a176cfa08125a901e4d93dc69953956620b4bef4dccacfe2f3881,"My Nimbi wants to get a job too. I’m planning to take it to a modeling interview, but I haven’t picked an outfit yet."
1591618965,dc81b6ce55a4620e04afd8b1632c44fcec2a48cb7e71fa08cfac77d9e2cf6fc3,Not enough space in storage.
1591686137,316572985dbed5fba98cc60d22f03ce4c86bd4a52b666a50513a3f0ccda9fd7d,Bresson
1591722076,079c1bcc0f8e96b1343d22572be91eb3131c0af6ee39619ae97298f92b21c43f,They like to stay cool and moist. That’s what the layer of film over their bodies is for.
1591727784,ca949ab43e76d70b2863a2583e2842dcbe3030a3ee126d0aa1e4472cef8e3fe4,Morning Star
1896636289,ca949ab43e76d70b2863a2583e2842dcbe3030a3ee126d0aa1e4472cef8e3fe4,Morning Star
1591734013,86d0800b513564aeb0f4c3b0469ba19f2fd763315853becdb24273605d6be5e8,So... have you made up your mind? Are you joining the Institute?
1591786315,413935ffcc8848fc3a4a0531d042868e3b0e7befd3c7db7b3720d7e59325ae29,Reset Timer Text
1591788780,92c75f9969fb0060dc92afed9efedf7ece721454a664314f51c3c8636f587238,"When Hide is enabled, items cannot be placed above the current camera height."
1591844244,aa84eac629158b1d5b81aefe26e7ae4505534154d4d6965e918f4ccad81e459e,Are you going to let me sleep at all?
1591862116,86a9ad0a41b2e17e152448f5e9186b2747ee783d8810b8d37a9de522dd126ed5,"At least 2 required, lead Aniimo must be deployed"
1591905489,305698877436581c1652d10f6b3cafac4da23e788256198a88b56f0dbab39cdc,"A Scorchhowl living in mountain forests appears to have absorbed all available sunlight into its fur, radiating brilliant golden light."
1591944170,d5a9217349b37486e71c9b1ab827bc234d28ca6e268f8d87672c49ace9ee2530,A safe investment was made! 
1592009076,3f95ba97a79965c5fbe83a6a6cf264c65568fcb4ff8b453e213207b00399133c,Twin Luck
1592036484,1c436ed57c216922a8e3885166a0d4cc24c871047b9499a19b7d75663c84944d,"That’s not the right answer. Catching Aniimo won’t earn you Dewdrop Crystals.
Give it some more thought and try again."
1592047152,87655e3a67a5a11cbb50969fb9ae6473b225ffa0e8054ad787de6d71443e3551,"If you happen to capture photos or footage of Aniimo ecology out in the field, feel free to sync them with me when you return—I’ll use them to add custom effects to the treatment device."
1592060641,b5225898969381979399eb1bd87df12ac13a519a22c3538e2a93537e183b74d9,Invitation confirmed
1592065290,0e4c98463453ae4819c0a231a46d96e8c56bc8f94206523102ee252c6514c41b,I want to challenge!
1592082142,efa490e6614cffd95d91e28337f9dbee9778c1e4697064d7818cc198c92598d6,What? Practice? Hard work? That sounds exhausting... ku-ku.
1592088427,058547a4f0ea2a2a0ed50ab9c88895009108fba68745c68df3fa5fafef2cd76f,Hi there! Are you here to talk to me about this chest?
1592113249,7328088e8b6749a66673e395dcc29228cbb97e5fb137f25286852df405ca96c7,Challenge Tournament Support Outfit - Women's
1592122095,3a5545d63f6bdaa0907bff3a6152d1962469b0eebd75efca37fa90d71193f9ea,And how do I find that?
1592141696,008f8873b75ac15503897859edfd584ad7db8500a81c736c31a7f79f2d74b6ee,Drag to rotate; pinch to zoom.
1592158478,99d525732bf4f7cde025cd86235091cd0da966057cbdc99d89c9b19aa7474b0f,Or did you mean a different Flutternym Queen?
1592176096,cc9f03a129d3a6ca9130178dbfc228cdff50ad3cde08c8acb56d788ccce1d2c1,You cannot switch Aniimo during a battle
1592191041,c6b6593221c5557339705dc8bee64e5a70c3006bae21aa6c931faef6646d9443,Basic Info
1592192643,9ebc8b2aa85e2b7b20354cb21b37570ebf4f8b517eb79986a836950ac97b1b7a,Click [<style=Hint_BgL>On a trip</style>] again.
1592248306,ebaac96df8f28e3597a535bf0f04d497007a24e4bea792f7001bd7e0f7e7488e,"Increases movement or Sprint speed by <customRichText(calcData,buff,6001008,param0,1,%d)>% while reducing Stamina consumption by <customRichText(calcData,buff,6001008,param2,1,%d)>% for <customRichText(buffConfigData,6001008,duration)>s. Cooldown: <customRichText(calcData,buff,30100050,param1,1)>s."
1592248588,0ecf54e4573e4eb51005d23a71ec3645eca225c9c26d2a9eaa501d5868451260,"Ha! We’ve been invited to the Astra Gourmet Exchange, so we’d better stock up on ingredients and win over every palate there!"
1592256766,ae649b4b92a9f86af3b598e1cb944356419752bd095d40bdfe37795470f104fa,Skip the Shadow Above the Clouds cutscene?
1592270797,555df3435d68480a862869aafbcd52fa0c6ff9f07e0654bdf3ae8687efc5f2ca,Small Bone Statue
1824637686,555df3435d68480a862869aafbcd52fa0c6ff9f07e0654bdf3ae8687efc5f2ca,Small Bone Statue
1855944362,555df3435d68480a862869aafbcd52fa0c6ff9f07e0654bdf3ae8687efc5f2ca,Small Bone Statue
1592290462,86dc07e444f5f860e4bac95b305d3e65ad8b93ae7a22a73a6700e9b72a1e15a2,Flame Dive
1592296818,b22301db30e4810a63e956d0781a4085dfd4745628a8bebed200b36e76ad46f4,Stack of Towels - Coral Fleece
1713530610,b22301db30e4810a63e956d0781a4085dfd4745628a8bebed200b36e76ad46f4,Stack of Towels - Coral Fleece
1592304423,0823d928d63d79f4a168483f69abb9399b23e9ea7c883ad593c89a52e7ffac71,Is Nicole not feeling well?
1592328031,da17fd7751a2a9f1509d0440dbb690c34e5739139ae4c3ee3c43839cd35b5cd9,Treat <style=Hint_BgD>{0}</style> to a Drink
1592362801,476a3b6d15bcdfdc012f47ac31f2474f9418d2717669132be74612fd22802fee,Huh? Who are you?! Are you here to steal my secret snack stash?
1592368108,a7f2f21a0367e76e15f0fb822ebc71019488182acab5685f055548768e5237ae,"Modest brown seed carrying a long, lingering fragrance."
1592399141,f9c6f30f49ca59ece7a55bd1cf7e9e382e17799ab30c9f0994a7cfc82fb1fc42,"<link=""item_4040026""><style=Hint_BgL><u>Claw Game Cooker</u></style></link> in your Home has unlocked a new recipe: <link=""item_4020067""><style=Hint_BgL><u>Premium Bread</u></style></link>."
1592415024,84623e9c95fd4d1bb6422c7520a26eb4c745e2849fbc9ff1f2c2276219a167f3,Why wake me up!!!
1592425149,0c7c92660552f9d4926cdb6ca830c1e465b2031cf49f09fdaac58916c34da511,So... we’ve come back home?
1592491941,61513c7197900e2d1a348b62b787b2559fccd8106ac364a4be985373213e3bad,Lucky triggered when catching with a Tumbler.
1592503962,7ed65e87b0698df4c7aea38b8a6a329be5f10d01410a7350de0fccf96c6a8143,To meet Princess Melloblum.
1592508318,357c0662beb563aaa101698686318d53d0d521c4d4033b70f430ddf949e1df74,Can consume Primegy to Craft Flutternym's Dewdrop Crystal
1592514056,5f31b7a8d9e77bb0de25dfaab8f6b9b76a230a0d5ed761052d0fb12e8ec90a42,"Launch consecutive ATK against the target, up to three stages."
1592516386,4c66f4bc21473b202809f18c9f602d3d2592639f40078b6b022ddc1078867fea,Wait! That's an <style=Hint_BgD>Emberpup</style>!
1592542816,2787417f8b65527fec3b6ef785ce98f2d36bab4f6961d892fbf96b139032750d,Please clear your inventory manually before continuing.
1592566138,501fa3ae4f55e6ab498c0d99e612a3bc849587b7edce7e49745ec9ae41251ccc,"The sea births and transforms all things, tides turning like the flow of time... 
This place fits the bill!"
1592585878,c795757c84bb74edc1c3125c2b8db4aab7f138c2034c717d623a68d5b2038c82,Celebration Story
1592588674,56de17c0a257f734c81aa55bf48604ff19b1e1cc768f20ebe9b6ab0f63b5d94b,Confession Mud Ball
1592597478,68caf2693c2c61399c6f00e129075804bd12e413564f985cad497d05cf3e5115,"That voice... could it be Sunia?
But she sounds much younger..."
1592602256,de68b95174ee72ee8877e215e3401cd1d9c050cb2289bb9bf90f493c12f0b8bb,Unlock the Infergon Avatar
1592609052,5cc26adc460c168f62c6f66cfd57443e220123af941e99f95824e59413e06c4a,Take a photo of a Fragrancier making perfume
1592677200,3400ac97639d6a2afb76da223ccdd30c4c8f071d6ad8b770aee556a87da3e49c,Battle Statistics
1592678692,7cb389cd21729a0db8fea11a119ac5b40ef1cd24c958d0322e3e19e7fb81f083,Insufficient <color=#e49b43>Radiant Dreamshadow</color> for transmog. Purchase more?
1592678910,46e78f7b7f1bd868837ed61012c6b7a82b91ffc4e0fd0c70043ee5905c4be7ef,Show Lock On target aggro info
1592683379,f66dbf90a09272ecd8fb3064733eeb046bb4931b195a76d85cb8c564958e0021,Bonded Aniimo cannot be released
1592688184,a00ddd3cc7b04cf2fa7b45422ac06d348cdd5ae038e20670ffb83028b6a15f78,Obtained at level 10.
1592738077,748e6b81212d7dd0423b4cc74c1106c0eee0859d5f9c21efc8e0ccfd0e77137e,Lotus Leaf Hat
1592750603,67f8ae4745a31a0ed15fc5d8ba3dff3d1464aa61501e22aa0ea07025ad232ae8,"Exudes a bold, untamed aura, free-spirited and effortlessly cool."
1680655493,67f8ae4745a31a0ed15fc5d8ba3dff3d1464aa61501e22aa0ea07025ad232ae8,"Exudes a bold, untamed aura, free-spirited and effortlessly cool."
1592785830,55fbd6a241b7e91ffde3ef5efe4be6d42715e969c2a0994a93be1df06a1d20a0,I knew someone as cute as you would never hurt me. You’re the best! See you by that Hexxin!
1592834759,bfc16f6b8d6f30b1b0e34b839c096c294919ab6bbacc296007d8ae48f50fb54d,Really? But he’s the First Lethal Thorn! The strongest of them all!
1592867823,c7311012acf0f13b09c90785e5b25b647438503cc0e4185264e9d7216d3870d3,Eye Makeup 6
1592913345,b4fa8ab3aa0d24f5e42a2309b45e84e7cf99e2b3e709224e3840cf7348f1b72f,Fragrance Shield
2022069608,b4fa8ab3aa0d24f5e42a2309b45e84e7cf99e2b3e709224e3840cf7348f1b72f,Fragrance Shield
1592984254,eeccdb3b045f02358db008068964fb00a78316f16eeeae06e9ae1764bf61049f,"It wasn’t until ten years ago, when Lady Irelia returned the color black to the Mistwoods, that the forest began to heal."
1593002512,5e8e02db0d2c38ba7e8b2651526a31ced5cf2e8d28f148f718def897c42b472f,"As night deepens, a crescent Lun quietly rises over the sea.
The aged Sherro staggers a few steps and falls heavily, but struggles to rise again in the Lun-light, tottering toward the shore where the tide whispers..."
1593010681,4ed032a7559c46eaebcc304b21b089422092116a05e046e09c734f241890c629,"While shielded, BREAK efficiency +<style=Hint_BgL><customRichText(calcData,buff, 91187011,param0,1,%d)>%</style>.
When triggering BREAK, plays <style=Hint_BgL>[Concerto]</style>, reducing the whole team’s stamina cost by <style=Hint_BgL><customRichText(calcData,buff, 2118702,param0,1,%d)>%</style>.
When you have <style=Hint_BgL>3</style> Movement-series buffs, increases all Movement effects by <style=Hint_BgL><customRichText(calcData,buff, 2118104,param0,1,%d)>%</style>."
1593023273,14814895098560fd86a8e7ea27dc3cac055616d24fdcaf92c037384617b8837f,The First Aniimo
1593054973,aa496f37d62d15119597329a16f945fcb7492e85edc298e2f922a09a8869ac6f,Pebblings like to smash big rocks with their heads and then eat the broken pieces to make their skin harder.
1593086432,062c5518294e7fa0e035234db918e614008dd9e2a154dca81f66015d64535b02,"While climbing, you can use <style=Hint_BgL>joystick</style> to change your climbing direction.
Climbing will cost stamina and you will fall down once all stamina is used up."
1593138481,d3544ca6a1ae46396c61880f2dbbba0c22890527e3ab46d4700f9d6732379a21,"Data restored to normal. Please [<style=Hint_BgL>approach and investigate</style>], and stay alert."
1593172973,b3a13987a1405246da31def8d5b6678c79b49c5a8e9646a43b257b91b799cc2e,Tag Placeholder
1593181324,b8302a50e71f0fc9e2c398e399d090bd575ef27c5c63f0e1c9906b7dd9e87975,"I rarely reminisce, yet you’ve helped me recall so much, bringing back memories of the paths I once walked through Beast Fang Ridge."
1593240695,76ea3a694fe7d37fb1820b066d76664223116aed1daacb8413904220012b612f,"An egg with powerful vitality, found in Nimbus Fields. Guaranteed to hatch an Aniimo with <style=Q_4>Elite</style> potential or higher."
1593268060,84c05a3242eafada43f0949a845edaff58010cf350dda89e9507ff6f7ad5e1e6,Homebody
2024560022,84c05a3242eafada43f0949a845edaff58010cf350dda89e9507ff6f7ad5e1e6,Homebody
1593282202,51dcf7d4d80158334f0f49be8ddeaf87319e30f3843bfe407de3f2448b191575,Whisperwake Isles Dewdrop Crystal
1593377271,1957b66fcab1c35ba2e47011a32617616b0dd37380b81bb8ab58a3162b671767,You have collected all the chests in the sanctum. Head to the <style=Hint_BgL>high point in the central room</style> and exit.
1593403030,963fe53c1242dafbb14e39b88f8be8b1e5465143908df2f31a11aac084cd2d2d,Companion Handbook Free Level 85
1873036137,963fe53c1242dafbb14e39b88f8be8b1e5465143908df2f31a11aac084cd2d2d,Companion Handbook Free Level 85
1593419703,ddcf66198ebe790bbc61bc4b856497450bd3a0a2023c2b65c5316f14c6a28a32,Theorem
1593420624,f0d89877899dcebb5204cfb819354efdd5d5d73c45803db56cabde4e9d1dbe1e,Water Born Egg
1593422772,d21907b058560d4b5c4518af28a670b6bd42b2385987e802ae8be68ea08b267f,The Aniimo in front of you is extremely angry! Be careful!
1593472639,d6169adf4c303360ca25ec07d2165ae8d81e8efc933e0f28955792fbf097573a,Outstanding shot—you’ve got the touch!
1593488401,581653994c0fcc99c14146898a590e46126bed1923a2659982d30269204329f6,Tap the facility on the left to apply the current recipe <style=Hint_BgL>{0}</style> to the selected facility.
1593495064,34ec7218b6901f1188d6a62e3608233fa989da678faee0028a7f9abbd49c56b2,Creates a coral trap ahead for <style=Hint_BgL>5</style>s. It deals damage to targets every second and applies <style=Hint_BgL>1</style> stack of Earth Debuff.
1593498452,3f5b441ede7712d187d9210812236bd47470ae7acbb393deb2c52afb831f5eb9,"Due to energy interference from the Vein layer where the Sanctum is located, you cannot deploy your own Aniimo inside the Sanctum. Instead, <style=Hint_BgL>Aniimo statues</style> within the Sanctum are sealed with unique Aniimo energy—by <style=Hint_BgL>awakening</style> them, you can link to their embedded Aniimo energy forms and explore the Sanctum."
1593512969,dbb75fca0ed73fe1b490d2c4bc667c03654f5e9c7cd6d17bc3fab741cea47815,Mysterious Aniimo egg available
1593546234,47d87a67a449548cb56b6e53c6f333635af59648788a5d9edb9ef891977870bd,Is that Ignitis and the Scorchhowl having a showdown at the peak?
1593552158,00da62af9b4f1fc3f95b2151d8c468e8e291342f20bd24717f61aebaf36a246f,"Thank you, but why..."
1593628908,291101a07fe980e93b900ae85c9eb824f9e7e93d0d754be7440b9386b615cad7,Operator
1978013070,291101a07fe980e93b900ae85c9eb824f9e7e93d0d754be7440b9386b615cad7,Operator
1593638687,54dec406fbf5f8454d7c9ae96d132378b6f7786713e68b0b65fb483b490ba940,Unlock the [Half-Price Goods II] talent.
1593647505,f8c375f6677fe3983ff33d371d3a7e135af1515b0f087ac7694fee4bff893397,Crackle Generator (Level 5)
2119992502,f8c375f6677fe3983ff33d371d3a7e135af1515b0f087ac7694fee4bff893397,Crackle Generator (Level 5)
1593678770,76c001baad0c56de6da1b4295550a2ff7e7e29873a4ae55901e8efb984afde05,Test?
1593720613,b557f3dddafc91e74daac6b21eb58da526298d899f593b895040bd86d4e93af5,Empty NPC - Interaction Placeholder
1593731767,057b5de48d7b90f123ec28d7e15f65d99b508d6b7cc2958c39472070f0f0f6bb,Minimal
1593748458,ae69ad3d2f53b13d7632fbe9b63249c2d04890de3f21e18cac94e8e9430cd94e,"Before setting out, you ask Dr. Lewis why every journey to Idyll must depart from the Polaris Institute. Dr. Lewis explains that the Institute’s partnership with Idyll goes back a long way, and that travel between Astra and Idyll requires stable facilities and specialized oversight."
1593760040,3a4585337e79569ea2cf7e4f87f9483b8b22661beb36f80681bef5bfb95e2a33,I hope I can be that cool someday!
1593787304,3519b265d6c7a621a8c0273411b982c50b700cabc007e1665f4e54a452212a65,Milled Rice
1593791799,15ee46cee20c1c7d942db8c73ce8366a8c2c4f98dfbe2c94e13174a70bb8dbec,"Oho, Shiny! Look who’s come to challenge us!"
1593855014,1f11395be5a1fbe0881a75af31cce6fc0e2abe7481c2636ecfbc04270c66974f,Coconut Tree A
1593869900,616eba79aae31f0745dd1116c0d1d11e55062e546d97042faca40d39c8857e3b,"Ahh, my perfume exploded again... What am I doing wrong?"
1593909710,fe009fc13efca54b0632b4d0d13a01e6eae57ddce5a0c5670d29e75f2e058281,Challenge dungeon
1939450746,fe009fc13efca54b0632b4d0d13a01e6eae57ddce5a0c5670d29e75f2e058281,Challenge dungeon
1593913740,820331687a68a6edae7fa705e68db49c7a3d3cc77458dc13fe88778ae9d1266a,Whoa! This guy looks tough!
1593921044,6a25cb2ca7256126ef29e4996ab47f01a3595dfd2aa839893c41c2417c9c1eb6,Branch upgraded to Sparkling Encounter.
1593936218,794ae8140187e2030b8e73c08de03152d1d64e8341f13d316ffb381ae4c143da,"Tags: (0 Common, 1 Sparkling, 2 Boss, 4 Elite)"
1961295446,794ae8140187e2030b8e73c08de03152d1d64e8341f13d316ffb381ae4c143da,"Tags: (0 Common, 1 Sparkling, 2 Boss, 4 Elite)"
1593951440,c57830bddb0fc4ea0b9eb8c483f88ec8942ddb54c210dde97ff5af6603f2ff48,Obtained Today:
1593960056,79a5a33957cd5ff4538f0b280b2d32c33f0876b7e1e26c34a0f65b442c0fbb0d,"You really are a perfectionist, Aster..."
1593998070,43e4985e1cabc0be0e148e84f34c5ee7874acb95f113525a23563102308e1b48,"Detailed introduction about Somniwing, detailed introduction about Somniwing."
1779065473,43e4985e1cabc0be0e148e84f34c5ee7874acb95f113525a23563102308e1b48,"Detailed introduction about Somniwing, detailed introduction about Somniwing."
1964496121,43e4985e1cabc0be0e148e84f34c5ee7874acb95f113525a23563102308e1b48,"Detailed introduction about Somniwing, detailed introduction about Somniwing."
1594006166,bcfa9631b82aac294902ff4e07ef8bcc985a42ab7b9a1d141d7206137ebd4459,World Exploration - Tree Stump.
2103240594,bcfa9631b82aac294902ff4e07ef8bcc985a42ab7b9a1d141d7206137ebd4459,World Exploration - Tree Stump.
1594007177,c75c8e0c95effb1f364e659cc5b8821b384d3bc05d6d01b50e22bdcc7e2f8a58,Ok! Now you pick your opponent!
1594044667,a2862ece63749af5548f9cf5eec26d97f2bfc7fa6b32d09aa91804605d0e8db1,...That Celestis seems curious.
1594077527,83b8eb4cbfa63ab81be4ee7c4a188c971f156e2f63ba3063d4e034c99c1d068a,"A strange sound? Well, what did it sound like?"
1594084177,a110d2f52bdba32c3bd77a274824cdffbc145674e5aef628a58ce1c591149c29,"Blazehowl was the only Flameruff in the Emberpup family to leave behind the legend of ""one hundred victories.""
He was a lone wolf, without a family or companions, with only a pair of claws that never stayed sheathed and a heart always craving battle.
One hundred victories. One hundred in a row.
That record made Blazehowl an idol to many Emberpups, who told stories of every battle, mimicked every move, and dreamed of one day becoming as strong as him.
But Blazehowl was not happy.
""Winning is too easy,"" he once told an admiring Emberpup. ""I do not want victory. I want the fight itself.""
The Emberpup did not understand, only gazing at him with even greater admiration.
Then Icho appeared.
On that day, Blazehowl tasted defeat for the first time. Icho felled him with a single claw.
Blazehowl rose and charged again. Fell. Rose again. Fell again.
In that battle, he lost seven times.
""Impossible,"" he said, lying on the ground of Thousand-Fang Ridge, staring at the withered Ridgeback Trees. ""I should be invincible. I should be the Undefeated Warrior...""
He obsessively challenged Icho. Once, twice, three times... and each challenge ended in defeat. His famed speed meant nothing against Icho, and his crushing strength felt as weak as a breeze.
By the tenth defeat, Blazehowl began to doubt himself.
By the fiftieth defeat, Blazehowl began to fear battle.
By the ninety-ninth defeat, Blazehowl had lost his fighting spirit completely.
On the day of his hundredth defeat, Blazehowl stood at the center of Thousand-Fang Ridge and howled to the sky. It was not a battle cry. It was a wail.
""I lost. I lost completely,"" he told himself. ""I am not the Undefeated Warrior. I am the Hundred-Loss Warrior.""
At that moment, a chain appeared around his feet. It was called ""fear of failure"" and ""the inability to accept his imperfect self.""
Blazehowl became an Inferlupa.
He no longer challenged anyone, nor did he accept anyone’s challenge. He simply stood in a corner of Thousand-Fang Ridge, silent as a withered tree, cold as stone.
""The Undefeated Warrior is dead,"" he told every wolf who asked his name. ""Now there is only the Hundred-Loss Warrior.""
Yet in his heart, a voice still echoed. It was what the admiring Emberpup had said long ago:
""I really, really cannot wait to hear your next victory story!""
Blazehowl closed his eyes. The next victory story... would there ever be one?"
1594091445,da3b576aef9014cec315f75ea1b067d648e9a697d84717e2c631bb14025bb89d,"Cozites, everyone, quickly go tell the other ants in the castle this good news~"
1594093479,943490fc404ae7591c4db03bf8c677467e9a7c0f9db51f5984848fa798deedcb,"Of course not!
Helion is still asleep in the mural, and I'm the only one who can wake him!"
1594097878,bad4d6a76ca7ef19dc60725e9fbfbdc96eafa4af1a44c2a3f10e1aa58ad80ebb,12:18 AM
1594109952,4c9a14e9ccd070866249d61d7ad1a9f5b95d4316faaf22c48b35b466ce5ded5c,Wait... What happened?
1594132637,ce79a34d51241774a66a9675bd67023f10c0d507b3e5c9951ba38d634f7d41fd,Accurately analyzes resource composition and reserves to quickly locate premium-quality resources.
1986891598,ce79a34d51241774a66a9675bd67023f10c0d507b3e5c9951ba38d634f7d41fd,Accurately analyzes resource composition and reserves to quickly locate premium-quality resources.
2023227529,ce79a34d51241774a66a9675bd67023f10c0d507b3e5c9951ba38d634f7d41fd,Accurately analyzes resource composition and reserves to quickly locate premium-quality resources.
2066885825,ce79a34d51241774a66a9675bd67023f10c0d507b3e5c9951ba38d634f7d41fd,Accurately analyzes resource composition and reserves to quickly locate premium-quality resources.
1594184446,459a18ffae77e667ff16a36d54193b8ec8d3b36c30e128a6ab7c6f68b2d4c881,Nightmare Devourer
1594199273,72b19f7820ee39e67f225ca76bee6349205bedb7e7d445b775de29b0029c3a05,Can be played on the record player in your Homeland. Give the tune a listen.
1594217642,e58bb61afe5e337bfa90bf78fb90c4e1d2c7d42ed00b54c9b078c189b412e224,"Correct. There are many ways to make Prismana Aniimo appear. Keep experimenting, and you’re bound to make some new discoveries."
1594251488,8fdd2ee8475e29bcb7acc41b731a943957e4dc3d07012c23f8b7b028de620267,Basics
1594312452,48474b5b3fc6f28ed40755031b07ab2b2117829ff4e1d8c18c19d6bcae935575,For Tracking Elite Training
1594342102,cb8967ac191feef9e1248d7d339513ee838ec39cde7a6f24867920f522aca9f3,Hint Collection
1594360667,779ae104fd8691f289c175978e1e826b9d6f6ef48ceb61f90b7f30cadfbc4527,Starlight Carry
1594492940,779ae104fd8691f289c175978e1e826b9d6f6ef48ceb61f90b7f30cadfbc4527,Starlight Carry
1594385242,0b86e1c74b046508868b3292b387389d7099727a95d845fe52bb68d5b1c83b2d,Polaris Institute came from <style=Hint_BgD>Astra</style> to explore <style=Hint_BgD>Idyll</style>. What is our <style=Hint_BgD>mission</style>?
1594415036,63104c0e826eceaba6a1ec9337f3239195a93aeee1f25a2116d49610177f6150,Clean and Breezy
1717375331,63104c0e826eceaba6a1ec9337f3239195a93aeee1f25a2116d49610177f6150,Clean and Breezy
1594458913,593598d305d8863f6933495c5753d13346066ab05381e6eca47d49b8cf85e555,"Dear guest, would you like the Kim Shop or the Silver Shop?"
1594481843,f2cca790587038723213de8170b2b571824e92eb5f0e1a65354c403dba11e193,"[timeline] Ahead is a massive Dream Flower, and the Somniwing has already flown toward the Flower Throne."
1594485544,8242fa10862044e2a4c48ee49662e3b1b2b85b7e00c14ae915d3d0ad0c0a4e3e,"These flowers, they look like different dreams."
1594490166,5c684498fbad7d03c8c06e762e8a9e8ef998db223f5f331f9382697e473f2368,Could you battle me and help me see where my Aniimo still need to improve?
1594528046,2085d9283fc05b2ff269e6bf2dbf319f9ff9bfa406f485eab2eccd4e6c1fbea0,1:30 AM
1594534398,322c9ffc03cf2ac17afe6194b8859d11851ac8c9acff04adb0c63f9b7c93fc00,"#playerName#, do you remember the Bloom Festival?"
1594539551,5522509e7cf1ec65ee79474b34ed790802f64ece3e2e84cbf6151ca7793488c0,They turn the shells that once covered them into swords and shields to protect fragile Shellies along the coastline.
1594568840,4aff089b5de7c7f64927f924bbd5f7c4e2975b62b9e2f3eaefee1b2c5b5170ce,Reach [Egg Emperor] in Egg Heist.
1594578211,5d51071508048251cc065999f96f7654415a3f186c70de446ff310f4e7f6f1c8,You got this!
1594602874,9e554a746ffa939fa8ae489d88d3ca308f039c9d41fc4e1b1b80a7f0e57518a8,Erlath Alpha
2142436201,9e554a746ffa939fa8ae489d88d3ca308f039c9d41fc4e1b1b80a7f0e57518a8,Erlath Alpha
1594604721,982dd9452e6a8051d6a78350651cbab09a51212182342b06dbb1f1c9a52174c6,"Unlock more items, Companion Coin, and other rewards"
1604292148,982dd9452e6a8051d6a78350651cbab09a51212182342b06dbb1f1c9a52174c6,"Unlock more items, Companion Coin, and other rewards"
1594632707,e85d37e86cb5f37ac57dd0290e6a7088f7a53e43f9458f170998b98f7c540337,Not Following
1594633628,f5ba2c2bd1cb70574c6dea9de0653ba45475d55b638852a1b3ad60f87f1e4bd3,Bouncy Brew Keg (Level 5)
2122869346,f5ba2c2bd1cb70574c6dea9de0653ba45475d55b638852a1b3ad60f87f1e4bd3,Bouncy Brew Keg (Level 5)
1594821813,5de98e210f2f57280af6264a7d9dae7136d2f89b3c99f5d3817bbad9fc09b694,Hat-Spinning Manners
1594844057,c380783d9478fab5711cfdcb77ea2aa87e07e8e93875768c9b6675186f1af3ae,Foldable Table
2083641981,c380783d9478fab5711cfdcb77ea2aa87e07e8e93875768c9b6675186f1af3ae,Foldable Table
1594848830,1c137b661c1ad95f57c62872390f0ece4c1cbd3a35002640fee6be96e0728876,Thanks to all the rivals I met along the way!
1594867815,03dec1b6379a35cbe10edb6ca30cf987b00116202c3825dece1d98c7a0718a09,+5
1594884019,99a8e5af2655b16134e0031cc6ad57b19eaff7e3da796a6aa4496ea30216dc37,Placeholder text placeholder 简体中文 sixteen characters
1603594875,99a8e5af2655b16134e0031cc6ad57b19eaff7e3da796a6aa4496ea30216dc37,Placeholder text placeholder 简体中文 sixteen characters
1594890061,986b5af55fc7ff73ca3e0915ce94a3fc086098c0c663906d88d370ada859f471,Yes ma’am!
1594919147,50c6133606253270fe70731ec54351344345b3919871ccfd2b41ffa7ef47b28a,Gain a 4-meter-radius Weakness Aura lasting 2 seconds. Targets within the area deal 10% less damage. Cooldown: 90s.
1594928663,2b65b947d4bd3e2d7d96c888e9e9708ba632dee40bd04ca42b2ca3d9da1ccff5,Up in the sky.
1594957598,bb7efab4ecbcc8c1504c4278e75d7bec066aab981a56e033f5be8c3b3b9ecf04,Get ready for another sixteen hours of high-intensity training!
1594983828,a0a7cb0ecd6fe7e3ce5ec3935a2b1ba5df42f6ef6e0f299d530b5a6928f43782,Press #kHud/SkillQ#z on the wooden box to wet it and make it conductive.
1595003530,7437347cf0d0c5f7329da9f97020eac9ee5a22502dc6752f1f96499eb235d54e,Pebbling Teleport Cave 1
1595123530,16d07fb5634a6e27050266d31969793a9e218e2149d0959ed520ec14877ce895,"Quick, get the camera! Piopiota’s riding the waves!"
1595125331,b1305a85094c726e02d7078ff1d3abb931eacb6178168c5b4f3d697562c0b40a,Bot153002
1595164473,7bd3be7ae8c95e09c26163bab21abcb160f20da703fdd9a4da0d0f0e60898d61,Cool Cuteness
2030812029,7bd3be7ae8c95e09c26163bab21abcb160f20da703fdd9a4da0d0f0e60898d61,Cool Cuteness
1595170186,9a949d912ea2b586141f724e53ac2c5afb016a1f7d515ed584b80f01cf8d86d4,Handle Reported Player
1595185780,b607e786ade9afef0892b05d19809c651ee15c961265b9e09301028ae27d495f,Budsquire in Training
1782814416,b607e786ade9afef0892b05d19809c651ee15c961265b9e09301028ae27d495f,Budsquire in Training
1595198345,c131a3c6ea9abdfeed98dd63ad7dd62cda399657eb29064a797389ac58116447,Fine Lead Ore
1661199481,c131a3c6ea9abdfeed98dd63ad7dd62cda399657eb29064a797389ac58116447,Fine Lead Ore
1887326330,c131a3c6ea9abdfeed98dd63ad7dd62cda399657eb29064a797389ac58116447,Fine Lead Ore
1595210887,bee4498eff935ccd842a68c3f56a2b6863997465d77dfd1aef57c0eb0d7561ab,Enemy level is far too high. Victory is unlikely.
1840455509,bee4498eff935ccd842a68c3f56a2b6863997465d77dfd1aef57c0eb0d7561ab,Enemy level is far too high. Victory is unlikely.
2040625473,bee4498eff935ccd842a68c3f56a2b6863997465d77dfd1aef57c0eb0d7561ab,Enemy level is far too high. Victory is unlikely.
2096619980,bee4498eff935ccd842a68c3f56a2b6863997465d77dfd1aef57c0eb0d7561ab,Enemy level is far too high. Victory is unlikely.
2106782620,bee4498eff935ccd842a68c3f56a2b6863997465d77dfd1aef57c0eb0d7561ab,Enemy level is far too high. Victory is unlikely.
2126780234,bee4498eff935ccd842a68c3f56a2b6863997465d77dfd1aef57c0eb0d7561ab,Enemy level is far too high. Victory is unlikely.
1595215191,581f2cccb0984447e4bddcc0bdd3f2f295e37fdef8d6d417d9cb3bed4e27abe9,Today’s Harvest Gathering has ended. Meet up with friends at the Gathering venue for photos and a chat!
1595281157,ac7b670ff3dd3142ff51b41ba068aaed974a3f52a626461b60844bb7f596fcd0,Make the selected Aniimo learn all Skills
1595295919,6c38865a78f305578cb87e665fa5b2ddf79a87fc52db2e3e7706216cd6e48d41,"Bloomville is a peaceful land renowned for its perfume craft.
Floral, honeyed, and blended scents are the three schools of the perfumers,
corresponding to the three professions of flower grower, honey farmer, and butterfly master.
Some choose to fret over an overflowing order book,
while others choose to savor the gentle, unhurried hours."
1595297781,dfe0dfa4afc215af3b25c3c017012faed72a843065017e853e1b8ed9c173e2be,"...A scent that’s fresh yet radiant—almost sharp, just like a newborn dream."
1595300593,df65aa9b64d285741579017127c8be907895012fab6cb314707d3b2e9cb01c74,Hmm... I remember reading in the Idyll history books from Astra that some powerful Aniimo can control time.
1595305382,a4f448d065d655a1a7da33447a8c69e5567abbb53cda47b47d1dbfb56417b119,Excited Skippy
1595328412,8d5456742095e90da98af1ac07523c9e02c917c11b066ca9c1a3075d6dc581d3,"Made with an essential-oil blend from Bloomville, this body wash nourishes the skin and leaves behind an irresistible fragrance."
1834902869,8d5456742095e90da98af1ac07523c9e02c917c11b066ca9c1a3075d6dc581d3,"Made with an essential-oil blend from Bloomville, this body wash nourishes the skin and leaves behind an irresistible fragrance."
1595341897,d12cc73f3717d1688ffec0549ed2d26238979aba672c6a2bea28e3702e5edd8e,Energy Item 3
1595373177,14b29af8f7f80ce01ac548f7a609c7fc27fd9621356ee3c5f31981d3744aee6f,Rough Lead Ore
1950696518,14b29af8f7f80ce01ac548f7a609c7fc27fd9621356ee3c5f31981d3744aee6f,Rough Lead Ore
1973271043,14b29af8f7f80ce01ac548f7a609c7fc27fd9621356ee3c5f31981d3744aee6f,Rough Lead Ore
1595493976,8d11a69e9808d4c49cae7f850ce4b5a767735e5397212a241ef45566ca583a76,"The raiders march, and no egg escapes! Earn the Egg Raider badge to unlock the title - Egg Ace."
1595508662,d9155d981276c914b0b8af2959ddad4e2e5e0314f971c07c97dbc011af40638c,It’s just one unsuccessful ceremony—it’s not the end of the world...
1595592254,d534be829e32196b4d1e53b67103cf1e376b1d60071857572598c196abfefbc6,Video
1595621172,236f600805594b31aa5294636cfdebba8a66497de1a05f805df163ed7e516e68,Zhou Ru
1595648830,2db97fe66e9f003713cca65693a7426611daff795e1500b8a5d0d4d8a8a6f4f5,"Strictly speaking, we’re not removing the barrier, but connecting the inside and outside through fragrance."
1595649740,0846d07a522820dd3dc4ad26843277308a5b41b2a1ca96dbc6434eedf4cf904c,Specify Resource Node Log Debug Actor ID (0 = All)
1595650573,ed2a24521a14326ad994550218096a7073f2bbb60a67f6cd39ff5664aadee0e3,Increase Aniilog Star Rank to increase character star level
1595651613,6b4211d2311782be0836b74b62c6afffcf4effc9f4309f3e52c70bc8d3139c3a,Startle a disguised Skippy
1595652749,36b3fdd455c68271a9086b9aaafb4ec0518adabae36af7dfbfec6b5ced0cd139,"Steam bubbles beneath the lid, rich with the aroma of rice. Lift it, and the comforting scent of home fills the room."
1663704720,36b3fdd455c68271a9086b9aaafb4ec0518adabae36af7dfbfec6b5ced0cd139,"Steam bubbles beneath the lid, rich with the aroma of rice. Lift it, and the comforting scent of home fills the room."
1595660496,941553c0c9b877c48a827e80b377df1255f87d9a6752444b3434c0f79dff483c,"An extremely rare Aniipod. When used, catching an Aniimo is guaranteed to succeed, its Potential is <style=Hint_BgL>Perfect</style>, and it will always be <style=Hint_BgL>Sparkling</style>. When used on <style=Hint_BgL>Perfect</style> Aniimo, it raises the chance that its Innate Potential for recommended attributes will exceed 8."
1595683110,86f80e2681e0b0aa0baf56e83c806d85546f8063a291e7873ea7abd2f7ec0181,View Home Building - Support Facility.
1595690743,d9c6ca4b628d6182aaa14b27047bad3e9de331bbddd3586d97318f87c623def3,Cold!
1595702621,5216f975bac557e6a2c7911b6e31a15dc499ca1dbbece57d3c8ccb008b38f653,What’s that next to the Besauce? Better go check it out.
1595746309,8361bf7e8900d6e0aac0d372d2f190a60084dfe00954e998e101280f72aa313e,Yimi!
1595746540,eafddad2b0250de58079636e4dc31f2fddab722cf92ca6a37c8a5389e185d4e1,A volume from the Idyll Encyclopedia series.
1595765008,0d06b1e101ed49ca3895f406c534ac561b4828d194b3813e5952a542ec26fa5b,Alpha Magmarex
1681005340,0d06b1e101ed49ca3895f406c534ac561b4828d194b3813e5952a542ec26fa5b,Alpha Magmarex
1692406609,0d06b1e101ed49ca3895f406c534ac561b4828d194b3813e5952a542ec26fa5b,Alpha Magmarex
1750594496,0d06b1e101ed49ca3895f406c534ac561b4828d194b3813e5952a542ec26fa5b,Alpha Magmarex
1914360859,0d06b1e101ed49ca3895f406c534ac561b4828d194b3813e5952a542ec26fa5b,Alpha Magmarex
1595768235,dbfcc8c43e752e5f6625f36bae4cc84dd970a232c436c10f17fc0476dfdc2c63,New Homeland Device
1595801854,3ef434a4994df71ad5988bad65f4714495eaab995ba78dc407e935146b5b4cdc,Good! Bring that same fire to the fight!
1595839780,c34fb6a567066d3ad941e5b9371c335d86a880899fd4f766df4db761bbed9cb0,Parameters (dif/Elua parameter)
1595853653,0f0f3996a54c2dd024cd277aa52b9b9265c959ea07b06fe1dc0f0f7a99ce8bfb,Some team members are not ready.
1595859296,3f5bd725d1436e18ea81cde89b7565c9aed12e7a4576702796d4a5112719a052,"Every <style=Hint_BgL><customRichText(calcData,buff, 2040002,param0,1)></style> hits by <style=Hint_BgL><link=""source_736""><u>Flamewreath Armor</u></link></style> permanently increase Holo-gizmo damage by <style=Hint_BgL><customRichText(calcData,buff, 2040002,param1,1,%d)>%</style>."
1595859382,ab55b1a8ff1ac795a61a333e364165bd158072e3d645b95e54bf07fccd08488a,Actor ID of the unit whose Perception AI should be paused
1595874587,07e9441220460492a632b1d640f435ad72f36f6d04d994aeebe993a7b5d9f8dd,"During the day, in front of a certain house in Bloomville,
flower farmer boy Clovis crouches on an empty patch of ground,
seemingly talking to a little flower?"
1595874728,30c918c55385f85f636881af7f7350b6acd58c4b7d94a21e654284bab321c1a8,Next Party
1595875295,fb9987cc44436c5972296587ba48ca07aed0212a67b7e3799540b10059eb558e,Attack the rectangular area ahead 3 times with vines. Targets hit are unable to benefit from healing effects for {0}s.
2057072997,fb9987cc44436c5972296587ba48ca07aed0212a67b7e3799540b10059eb558e,Attack the rectangular area ahead 3 times with vines. Targets hit are unable to benefit from healing effects for {0}s.
1595897386,080236b8a661ed9b4053fa08ac348c2a653fb9b58a30dc4d345a23a4478a2208,"No worries, I don't expect anything in return."
1595900842,2212c2150a19fa9355df6144b87e2af46f163dfd92f41a477d654446a9d7dbbd,Trade Item ID
1785877632,2212c2150a19fa9355df6144b87e2af46f163dfd92f41a477d654446a9d7dbbd,Trade Item ID
1595910628,7a97b66e0b4eaa995a3aeef6beeb79a1bde3a89d4fc1068bfc720ab86de35c20,Unlocks
1595922288,3629d2a4f467c6379b0727bc79e3fae4824aca4c1548b8432b0e569e2e24bca5,Aniimo Info
1595954907,711245719c09ed5f48acd4129ce1dda528af48e2f6df94a01a7a09ff27d4f87d,"Full Spirit: after maxing Spirit, distribute evenly"
1595974294,8e78362c19071f19c5ddb2d70ef0f2d3353861ef2e9bf96f84ef2395d94ca2c3,"Still... for that one-of-a-kind fiery red, she actually dared to challenge a Fire-type Aniimo head-on..."
1596015289,0e709462382bc0b5bd0c599c89690d581961f57c6942b3dc911df09eee4325c4,Isn’t that a good thing?
1611506029,0e709462382bc0b5bd0c599c89690d581961f57c6942b3dc911df09eee4325c4,Isn’t that a good thing?
1723757887,0e709462382bc0b5bd0c599c89690d581961f57c6942b3dc911df09eee4325c4,Isn’t that a good thing?
1596050408,b9f6072e01d09008ac4b8e12f7ea1e93403c89f8aff1525405bc51267129af25,Homebuilding Zone
1596052510,bd2fc860877967e44d480c6b62bbe6a08a8e559c4a1ce976b791bb00746b764f,Lumin markings can be found throughout the world. Find the right angle to align the pattern.
1596059465,471b0d52941500e5416d4d5f3f7f4c850e963f72d1e200ef822d74e13bae41d9,"These rough, powerful lines! This pure, vivid contrast! This is no mere Bouldus—it’s the wild eruption of the very concept of ""rock."" The style is untamed, yet deeply refined."
1596062381,8fe6feba46b3bcf84de2c5bc084032de37cfd02adfa0f2413ff4d236e937519e,Is that an... Iris?
1596062641,cc755aedcf5dc54c23a398984ded59fde4e9933263817c196b5e24a7607975ff,Lala
1596070568,8152497650af7193adc056ecca0d3c11458b37fde14619f3edb55c41073b3024,Good idea! But don’t they live really far away? I can’t leave the river for too long...
1596096455,572de90b468c48c3d6206f8dff2ada8400f36ce7cbc6abc19df444af3a356faf,Challenge rating
1596107018,4caaa4f627b808d9fbe87eb7fc3800b65190712461bec7f4e20bc1cd783e5ee1,"Business was fine, but not a lot of people tried today’s new items..."
1596126317,e2a8fed1eaf106cb5de84d31495ad33a87581315b1ae71c7fc3f0e32dda8d282,Rattan Seat Cushion with Bolster
1596149733,ff99954a3e565c985cf8a784ad7cc70b641dbbf666f40d520414ae53c11271f4,"A real fighter protects, rescues, and still fights at full strength!"
1596162999,87de43b8e3d8a0170e93f8730d10b21152c972569c0ef20956739669e50b9469,Continue the unfinished story?
1596179339,672c5f79b5323c3cf1b1db52725c3edcf13363c4602ed68bf39960c817be98b8,"Item description, this item is truly Incredible (placeholder)"
1921342307,672c5f79b5323c3cf1b1db52725c3edcf13363c4602ed68bf39960c817be98b8,"Item description, this item is truly Incredible (placeholder)"
1596179376,d7edbb35d9efc89f22c9e428fb9e49f7a874d202512df2bfbe5345a448d122b0,"No, the ice of the Glynsera is the strongest, and I will be the strongest Glynsera."
1596200443,e4945b2b526bd308a75e18ba8fdb88093e2aade11b6d39bed3129b089512d2c4,Ask the Irises for Pollen
1596246931,596663b106bf15a7646393605948d15704abcdff5f90691f43329b4e0fc34a6e,Level 
1596274786,0bc1f316097466215c816ccfe3e7846bea617b2baf3597319e80a4b69ab306c2,"Mutated rare grapes, enveloped in a rainbow-like glow."
1608244523,0bc1f316097466215c816ccfe3e7846bea617b2baf3597319e80a4b69ab306c2,"Mutated rare grapes, enveloped in a rainbow-like glow."
1596277892,f1f7b9d62dea909beed59fb079508fc0dd7ab6a6f3a574dd5083a9d10a407301,Hey-ee... hey?
1596279738,70346274c64c51be279c3c3f887e24d8fef1459a525a3d34c7475c8f599331b9,Resonant Combo
1957766390,70346274c64c51be279c3c3f887e24d8fef1459a525a3d34c7475c8f599331b9,Resonant Combo
2077878318,70346274c64c51be279c3c3f887e24d8fef1459a525a3d34c7475c8f599331b9,Resonant Combo
1596282700,820f7991c65f3560c361cad602e0da7437a19cf8a3a06a1756d144c819be0af7,"A light, elegant rope screen that balances privacy with openness, bringing a gentle artistic touch to the Home."
1642591414,820f7991c65f3560c361cad602e0da7437a19cf8a3a06a1756d144c819be0af7,"A light, elegant rope screen that balances privacy with openness, bringing a gentle artistic touch to the Home."
1596285267,03cc874a4bfaf3df981511e7c4dff92df95b18578688ffe837e8f5bad6e78c66,Psychic Shard
1596286138,cff269372b07d544b2baffabce5ad6ad8f698cdd1d12b837f5ed6e75d69de645,"As for why I’m helping you? Of course, it’s because I want to make friends with you, Pathfinder."
1596288544,4578d9b97a386709cd89efd2490a0514015beee4d749e767ce56a26e51862d44,Colorful Egg Pebbling 1
1596293914,43bbdc5947c6d56c674d20a88143102b5ed320d796a5b5754efc7889552dd9e2,Hatch Prismana Egg
1596429304,fc14a82d306d7e48e14dd83416e48c14702971d06b3b73d37e8acabddc082cf9,"Flies up and dives down to hit the ground, dealing huge amount of damage."
1596533221,8a912a0687048b9a08c84eefc9ac2671550cb5d8b3b0484804af7294732948ac,SURPRISE
1911678348,8a912a0687048b9a08c84eefc9ac2671550cb5d8b3b0484804af7294732948ac,SURPRISE
1596534449,aaf6170c4aeb9bdaaa3c76b28e3df79307a9a4517b2e988b734c803c2999b7df,"As long as you’ve saved up enough coupons, come throw a punch anytime.
Let’s see what you and your Aniimo are made of!"
1596595027,138d3be865bf8eac2e5a63469b2ceca7970c3bf123a9c98f4b5574fd439b7d2f,A delicious dream... I see.
1596600159,d8ea603c2b6fdcdb5c97ceda6b59e4d91c3a327262c6718695149172617dd270,"Lumin, let’s give our old friend a proper welcome!"
1596624767,ff175b3924d4a602e6815d47193b7d6ed845f89eae33833197fc82e6becec88b,Many Nimbis came by for vanilla coffee. Time to replenish supplies.
1596628006,e9ce8061c8ba3d11ab7e7f91a4680f06fd5f3ef4fb5383ac38873090d81299fe,Ranged attacks cannot target [Tunneling] targets but are more effective against [Flying] targets.
1596672731,8f9fa464c632dc957d5c528e9e0bf270aac003840b953eb4a6d5a741768e3523,"Well... my study of Bulblies has progressed, and it’s all thanks to you!"
1596685863,0da8937326f5eee0a3bfa5025087a874596b8f1681ca1a6c8dd6b8241ce607e4,"All geared up, with a brand-new journey ahead."
1719112902,0da8937326f5eee0a3bfa5025087a874596b8f1681ca1a6c8dd6b8241ce607e4,"All geared up, with a brand-new journey ahead."
1748657523,0da8937326f5eee0a3bfa5025087a874596b8f1681ca1a6c8dd6b8241ce607e4,"All geared up, with a brand-new journey ahead."
1904136996,0da8937326f5eee0a3bfa5025087a874596b8f1681ca1a6c8dd6b8241ce607e4,"All geared up, with a brand-new journey ahead."
1596693207,9dfa5495fd70c853cb0ee680c3fea42fda9343b515adf31340dbe1e8fe50b6de,"Aromathysts are the fundamental perfume-crafting ingredients for the nectar school! Dewies can condense the essence of flowers into fragrant aromathysts, and their brewing process will also give aromathysts a more complex scent."
1596704593,089333ef847c8764d02ccc63e6819e95400b51aa39435452a513efde136e6da7,"With a crown on its head and a trident in hand, Panpanta patrols the beach with a calm, kingly presence."
1596705221,288b53dac0c863c47a378a10ca44e70e838b5e1e8fc5ee11372e215258d406d3,"Hmm... no, it seems Iris isn't quite satisfied. Let's try again!"
1596714408,62c8800e4ff11007aa68291516a640fdb671cd5130d2523cf7a2655d3c806b35,Butterfly Dream: First Encounter
1596715452,5926f7227fdbfbc6520cdfe9be750df0db98c77fb8243c9d0d56061635cec3b3,So this is what it means to be rivals?
1596753222,b431a4c538b12e8ec94cd104546fae19eea03ef0b29049ec39b1dd7da1652e1d,Explore the plains and receive the Vein’s blessing.
1596766651,8a91644db50da2d509b7c10d73c92cad993ad363f6c801d3d43d489997fdd368,Voxel Shard 3 Photo
1596800500,4afa7e253144f39dd13829eb1ab032f4231c2d1abd44166b5029db1671b47241,"This is the domain of the Budsquire clan! I am sworn to protect Princess Melloblum’s honor, serving under the First Lethal Thorn!"
1596823099,13df483e7e9d99a409f2260ef956e83b84d850f4ef42fb0d8dd4f84941b21355,Battle Art Intro
1596825945,bec66634e8a4d013404b14f3e04341831aa41f457ca3f4fc3e8782295afceae8,"Explosive barrels can be <style=Hint_BgL>ignited</style> with <style=Hint_BgL>fire</style> and made to explode, blowing apart cracked walls and stones."
1596826609,72a379aa8091b23fa2c96af97de6db1fedbe7eed3e5fff80a15415949ead2ae4,Aniimo Inheritance
1898926338,72a379aa8091b23fa2c96af97de6db1fedbe7eed3e5fff80a15415949ead2ae4,Aniimo Inheritance
2016294271,72a379aa8091b23fa2c96af97de6db1fedbe7eed3e5fff80a15415949ead2ae4,Aniimo Inheritance
1596837826,07fd6775095bb680dd4e15010309fd738f93188c2a6af9b3330d14dec86bd038,I waited so long to finally get a Helmut friend.
1596847324,63b484ad91f1fcbf832193787830889d27ef1425578d3f7401a608c69da8a25b,"Instantly defeats targets below 10% HP. Does not affect Omega targets, but guarantees a critical hit on that attack."
1596951679,a70d476e2bb2bc85af5e985f98c42533a018f4ffa3fb35a8d46a4b8d733a2d69,Wooden Round Table - Pine
1766076415,a70d476e2bb2bc85af5e985f98c42533a018f4ffa3fb35a8d46a4b8d733a2d69,Wooden Round Table - Pine
1596962345,801a81c8fd6bce80b3e70f1836ab832248bd28fba9b88cbf1d27dfe91fff43ae,...Thank you.
1596974960,c875dd87f0bee61f742834d1d47b094f9b2ca0ad124fcc2b4b271543131c6ec9,I’m a Pathfinder!
1649946737,c875dd87f0bee61f742834d1d47b094f9b2ca0ad124fcc2b4b271543131c6ec9,I’m a Pathfinder!
1596999270,3aed6cfb487ac7cfd3ca2906230122b2c8a1b206bfe077c70654ce68e013383c,"Plump, golden rice stalks bow low, speaking of the joy of a bountiful harvest."
1597000959,1fc3eddc3035285f3eaff046e763091a184a308a059500d50b249c1a6eeffa9d,There seems to be a clue high in the sky
1597002069,df17034c992435c08426be3a791e96d5f6e19e1c9f43bac9a68168b6655e734b,So close! Just a little more! Give it another shot!
1597045748,c6d54e7aea505e084675f23915c327e11784e40816a948b2bcb9f90d8d41a2e0,Unknown Pathfinder
1597048765,7ed019089ca5708cfb6bcef8eb210b946a425f2cdf1be953b437991a03a316e2,"Shelly? Wow... I see.
Here you go, just for you! Thank you, my good friend, otter!"
1597066899,a1e544e6672dfb1edea1413373fbad8d4391bb920f2e49f8b36194c8dbc147bd,"Trombers are known as ""singers in the rain,"" yet I found one on a sunny day. For a moment, I thought I had discovered a mutated Tromber. Turns out, it was just obsessed with gossip."
1597101571,82caf4651dd9af4fbd0e892eaa67dfc1914e3989a223579fd38648c28be9bac8,You sensed danger and immediately left the shallows.
1597118115,9af3adfd7416fb6abc827ef366a84990b9daa0bd3b3acf121cbbf9c9eecf760a,View Lumin Crystal
1597130966,40c5d844492ee38c911d317c8ce4fbe68d9b1693fcc36292e762c997b6358966,Sync the current order List status and quantity
1597144847,0031f65418b255da49e60b97a9aab94b22270e366830fb424f36512d4fb47184,"Hey there, Pathfinder! Hope today’s travels treated you well. Come have a drink at ChillBeanz tonight!"
1597206472,a1f4b790ffda50e925ded0965566bdcf35e98e0e6ae23ddbee21326fd0592281,Your friend ate too many starines and passed out!
1597218937,0c6e3cfacd2b4e1929b55be9f77a0ccd8e50930bce4d30d4efc87759ce8c5492,Was it your granddaughter or was it the World of Wonders?
1597264810,94de362c6e68c060b46c2480908c86abdf9d2709dcb7e9d47744ab81f2c07042,Decline Invite
1597306503,96d19e58b3fdc26c1b1b58e88e04cdf4730533df6fc3b70c0ca8cb836910dcaa,"But it still left in the end, didn’t it? Maybe... home is just a place you’re meant to leave one day."
1869954975,96d19e58b3fdc26c1b1b58e88e04cdf4730533df6fc3b70c0ca8cb836910dcaa,"But it still left in the end, didn’t it? Maybe... home is just a place you’re meant to leave one day."
1912338021,96d19e58b3fdc26c1b1b58e88e04cdf4730533df6fc3b70c0ca8cb836910dcaa,"But it still left in the end, didn’t it? Maybe... home is just a place you’re meant to leave one day."
1597376837,a952ee6d5b909f344a3850b6da817be80a027810415f0f7f6d909526f463f0c1,Best score:
1597426887,47af6ecda6789b6442e878551ba496b3cdd64f434e5458c443ded7b95d16bcf3,Adjust FOV
1597463022,ae6b44b25ae3953379aa1b8b720443a0a8780aed26da808a1e946aebc1047282,Face Tattoo 13
1597465097,3fc9e7ef3450ffd9ae0c7bb73278fa2eee4c7c866b554a4ccf1e6a02f591e2ee,Most of the jobs can be done by yourself. But it’d be better to assign some jobs to Aniimo with special abilities.
1597488806,62ebb7059203bf398960629b961e77141a083f0240a4b0c033631ea6acbb83df,"Smooth, warm wood grain that feels reassuring beneath your hand."
1953661839,62ebb7059203bf398960629b961e77141a083f0240a4b0c033631ea6acbb83df,"Smooth, warm wood grain that feels reassuring beneath your hand."
1597493892,9e0afb349587107b36344d7fd3c09692a4753671092981e410ea69501cfd4ac5,There might be aniimo eggs nurturing powerful aniimo hidden on trees or cliffs. Try to search every corner of the map to find them all!
1597494828,3848d506ade334d13cf51a520b56e029b8e958c2ce8232050e06641e2866afe7,"If it’s this wary of strangers, it probably wouldn’t go out of its way to help one..."
1597501286,f78a84d30f2c2bc7ea42fafa2873e1bda317a7dea2941303f4f61f34b35616ee,"If I’m remembering this right, it should be an Aniimo from the Iris family."
1597565712,f19e233e13ba51798a0ea4368144537ff47714fdeeb228a0b0b5d063c916608a,"It’s time to have some rest, like everyone else."
1597648867,deb522fae710a1b2607ed5083882078577e4df0f4ddaea6af07d8d20ad74f93f,"Increases damage and BREAK efficiency by <style=Hint_BgL><customRichText(calcData,buff,2126105,param0,1,%d)>%</style>."
1597650657,fc46d07cec1dda6b5b74837704fcec0628b10c6ba45cc8a016135f6dfd8dae3e,Cart decor for Homeland.
1864838377,fc46d07cec1dda6b5b74837704fcec0628b10c6ba45cc8a016135f6dfd8dae3e,Cart decor for Homeland.
1597659110,2429d8add05ab9206e33500b2e8ba6e10e63fae1f3605ebf2d22c96e3d4a60dc,Ah... I’m alive again.
1597680995,fc6a9636fce0b2526fd2fc3a0fdbe8f0f4598485be30bf95bb9ca54118e0c8c7,Outgoing girl
1759878315,fc6a9636fce0b2526fd2fc3a0fdbe8f0f4598485be30bf95bb9ca54118e0c8c7,Outgoing girl
1791895781,fc6a9636fce0b2526fd2fc3a0fdbe8f0f4598485be30bf95bb9ca54118e0c8c7,Outgoing girl
1884520652,fc6a9636fce0b2526fd2fc3a0fdbe8f0f4598485be30bf95bb9ca54118e0c8c7,Outgoing girl
1951183488,fc6a9636fce0b2526fd2fc3a0fdbe8f0f4598485be30bf95bb9ca54118e0c8c7,Outgoing girl
1597689633,df7965334eeb6bfd7974d0f7039dc1dae26da427feea2d26b49437851a274ee6,"But, Irelia mending the Vein with her own colors is what the Bloom Festival is really about..."
1597703780,fb9bb72a808b27109ce84e698219232821707c2a4c38fa3ad07c4bb26cddf0d5,Gained:
1981627164,fb9bb72a808b27109ce84e698219232821707c2a4c38fa3ad07c4bb26cddf0d5,Gained:
1597724738,9cdf832d2800ee042fdd0429e7a14d03d7a517ad63f637c02be1c751922dd167,That’s the code!
1597725157,8d3d901822224c0816cd83085458eab7d5075e0171a7e8d5a4e8a2d8be6e1832,Set Count
1597804795,5290f3f915b23afbb0f63c6b3651d128050f8ee24c0399855a368e48edd4f160,There’s gotta be a way to make the bulb light up.
1597840712,e21e47f1bb285e8ffedd1ca1a1ee6bcd339b8176315d7daf985c0d846e032126,"Listen for it again and record it if you can.
I'll keep an ear out for it, too."
1597855975,075dc1db1ca9ad4e61720694797a9736bc6faaf028ec30d74ab6b02279d84a35,"Aniimo Potential Scores have 4 tiers:
<color=#69b471>Common</color>, <color=#66a0e5>Good</color>, <color=#c86df8>Elite</color>, and <color=#f6a33c>Perfect</color>.
The higher the score, the better the Aniimo’s starting attributes."
1597942220,a8c294103d308e0ebfaaddf40e59fbbab8b79a57de83aca7e3f972bc5a680329,Control has been taken over
1597953389,ceb3ef2ceaed57b312a17fea9fcae40a5e3e2737178988c3eacae2a962883a4b,Dye Outfit
1597991226,c62a62400af1366b7d594632ac9f457b3cb89f56153c07c96228fcfca50dc129,"And among these stars, a new knight will be born... I believe this to be true."
1597997171,5a50ca95c050e6003161beeea8d4e1d5dbb435f4b196978e47d6fb936344346a,Owned Aniimo Families
1598020583,09ca938365cf8ae286fdb92fa2121658cb3854678feb5cc85af26f1f4fc0c244,Mill Rocking Horse
1668140073,09ca938365cf8ae286fdb92fa2121658cb3854678feb5cc85af26f1f4fc0c244,Mill Rocking Horse
1598030991,2d1f86da34f1a57437a2b9ad4d3c7b1fe9a277f9fe6d44665518a54bd70d7468,Aniimo Climbing Frame
1801253256,2d1f86da34f1a57437a2b9ad4d3c7b1fe9a277f9fe6d44665518a54bd70d7468,Aniimo Climbing Frame
1598096526,5335909d85435c705075938deb4f2d07ff004381757588448fefc6474e03bfe6,"Woven from thin strips of bamboo, it features a simple yet durable structure and exudes a subtle fragrance of bamboo."
1598099499,d2c492cab1a1416fe981dc8ad2116d6517c0fdba1e4ecec1c834bf2630d0f923,"Why is the Cozite in the Institute’s hall so sad?
Better go ask Instructor Bohr about it!"
1598110995,8e54b2e6827d7636be0af30a5dc019b555c6239cde80d764bc76c5ea7feed47e,Unlocks at Kitchen Module Level 3
1895203472,8e54b2e6827d7636be0af30a5dc019b555c6239cde80d764bc76c5ea7feed47e,Unlocks at Kitchen Module Level 3
1598112148,d6b31ac00f9380ffe88911091463e7bc53ae64ed45f52097d8a51fdf01bc564c,"It’s Johnny, but..."
1598148626,a776d96ab7c67dff543704e9259346b89989b235faec17c11df837ad13f87287,Velouria is as sharp-tongued as ever...
1598180435,19e611532c02ca0acd283cb57fe73ea44fabdbf2e0ba17387d811cea824af62f,Skip Another Attack cutscene?
1598183388,a2d57072058f5cd197c6052b30c7dc73d8f3e987663da65365ed7364eaee8f4d,"Next time, zoom in for close-ups."
1598253064,a3135d7e1d9d1535e6f5de6229d98e71ada8c2b8825c432ad49f5ba348db0078,The Truth of a Decade Past
1598345673,22a60a87240dc631289feed26a17b15205e649c4a4c0746ff3833f88bfc5dd2e,"But still... I wanted more.
I wanted to see the Bloom Festival, Snowy, and colors."
1598355738,46e720cd31c21d7bff5a1710afaac539b0366d630acbe29610e3d099889b6de8,"You’re new in town, aren’t you? Well then, allow me to introduce myself! I’m Hedo, Bloomville’s most famous baker! We’ve got free samples today. Care to try one?"
1598372030,25d2b68441b99ff54c999e5de2c19691b1bda14b8372f013ce9fd661f58a35f8,Place Heating Gem
1598373264,f065864265462b71dc660ed941ffa4f4edd82b0000ba05d457b3c9208cb7b1a9,"Layers of rounded orange-red tiles give this roof ridge a warm, rustic country charm."
1598412235,df72465ac39a1569bc7630834bde0d43e9615783e6f2f95e731387f1a226c6dc,"Chomp, chomp."
1598446484,c30ee4b529708aa92c9a9c794410e2d6654d24e44f1c98a70e8a726f22bb320a,Set Pathfinder to Max Build
1735561069,c30ee4b529708aa92c9a9c794410e2d6654d24e44f1c98a70e8a726f22bb320a,Set Pathfinder to Max Build
1598458316,45a374df305fb9de964058f1b32086be5834b62f5e0b69ee9e1239a6f9146d1a,Astra Journey Placeholder 30
1598502496,bc68438567f5aab3c88a1de326b7f3f4cd4e681ea86eda791e46bbaee510ce74,"In his final moments, Ron looked at the ""Beautiful Voice Perfume"" and many memories returned to him.
A boy who felt ashamed of his singing met Tucker hiding in a corner, humming an equally off-key tune—and they both stopped feeling sad.
In fact, they began to feel glad, knowing there was ""someone else just like me"" in the world.
They started singing those awful songs together, louder and louder, more and more joyfully.
And as they sang, their hearts connected, and they gained the power to twine.
""From the moment we twined, we became each other’s greatest friend.""
""No matter what happens, that will never change.""
————
Ron told this story over and over to his son, again and again, along with the regret of a promise left unfulfilled.
In the end, he set down the perfume and picked up the long-dried glimmer fruit garland.
There was still so much he wanted to say, but by then, he no longer had the strength.
His son held his hand and repeated to him:
""I’ll wear the garland. I’ll find Tucker. I’ll keep your promise for you.""
Ron’s consciousness was already fading, drifting in and out with thoughts left unspoken, until he slipped into slumber.
He saw Tucker again, right there before him.
""Tucker, look... I finally made the Beautiful Voice Perfume. Now we can sing together. But now... I almost don’t want to give it to you.""
""Sorry... I can’t sing with you anymore. So... will you sing those awful songs alone for me?""
""Don’t wait for me... but don’t forget me, either.""
""Just keep singing those off-key tunes... and remember me always."""
1598507232,f8cdd2999c0240a8cec48ff166f4e32ee39cf658b1e853ee7e85830071a136cb,Season Overview
1937985536,f8cdd2999c0240a8cec48ff166f4e32ee39cf658b1e853ee7e85830071a136cb,Season Overview
1974862824,f8cdd2999c0240a8cec48ff166f4e32ee39cf658b1e853ee7e85830071a136cb,Season Overview
2066522012,f8cdd2999c0240a8cec48ff166f4e32ee39cf658b1e853ee7e85830071a136cb,Season Overview
1598552192,efc77eba7f3c606ac6c75cecb60235e05f5a1962a943fa6f47e3bff55000a26a,They cherish their mates dearly and are almost always seen moving about in pairs.
1598553656,24dd0319c93ffde12c5d370088f56034e8cd921bfd17f61ce01b6f4518d01a07,"Dad, I’ve got a Helmut friend!"
1598566336,9b3bf3757a49fa33283be7f5e8fca6b74f870b4bec8bcaef92a27ef5d88d68b1,"A peculiar shard containing the power of Metal Element.
It’s incredibly hard and won’t break even under heavy pressure, making it the ideal material for crafting forging tools."
1598589188,3cdb26789fe73da7b4517f1d19954ab9cfc2c82e832e0c4f8784e3f4dc1e1d81,"<style=Hint_BgL>Fire</style> Aniimo like Emberpup can use <style=Hint_BgL>Fire skills</style>. 
Ignite wood, melt ice... and solve many more puzzles in the world."
1598610661,3cb419f55e833da89ce3e3c42510eeef3ce2caa87f0f5aeef42e3c0e57727454,Sonorous Bud
1598661535,3d2f718a3f5ede489879543b8bf2231b9113f28f4cdd859c2ae8656133e691ab,Companion Handbook Free Level 81
2122582023,3d2f718a3f5ede489879543b8bf2231b9113f28f4cdd859c2ae8656133e691ab,Companion Handbook Free Level 81
1598675114,6dd6febba2f99d56b81720ecb06e5ac420b1e6b99311f0b1da7999b9fc3d5709,"In the meantime, feel free to tackle elective quests or explore world side stories."
1598723176,9b31eaac2065863cda4c6f46e225f9dce83dfb71df0d719562a02231952ddedb,Your friend <color=#5090df>%s</color> has left some gifts at the door of your homeland
1598736156,a9445c79a33f60535ce0177560d563a5f2f9deb5c747bd04c18bc6672950a1f3,Debug Timeline
1598750267,1a3e6f8125a5343caff633ea1beef4a153d63bead1a72e39ffc6930e980c6b05,Press #kCommon/Cancel#z to return.
1598761488,c85a5754e2681590436fe2de073de51bbaae84fa0ba2f1c7b49bd8ac1c9742c4,Monthly Pass days have reached the limit.
1598815649,29a18f5472d3c29e6508ff241c36d38a25f39fee6fc254eadeb9ca78090a5887,Bring back the classics and put romance on full display.
1598824701,3d85fb597667d20da0077f968e0ca32d6bc8c6a7607a2df49f7b87178a4b7849,Ooo-aaah?
1598887746,56a5319264b7dd2ffb0b81f15122d5a330fbd686c5eead5fda24de4bb4151cf6,All three Elemental Crucibles are now available. Try challenging the other trials as well.
1598888404,351c70e1363e2ea2a178e25e8fecbe1063a440a1720e62e8c24e863cb5f080eb,Umbral Sherro
2038772198,351c70e1363e2ea2a178e25e8fecbe1063a440a1720e62e8c24e863cb5f080eb,Umbral Sherro
1599056680,d00b2ae790f75b0728269c363cc8588e229dd606abff1db9ba60e74e27e36d14,"Cost per Claim: <sprite name=""ui_item_1009_small"">%s"
1599089426,022c43bd1eb35a0430ac0e68b6fbb12070bae971c15741cee2cd8e605ae0f56d,Raises an Aniimo’s level
1599114218,f7904ef16b1f1b5c16b1f8ea32fb183a12117841fce403ee0284f99d0ed99a3d,Kim Wool? What's that?
1599121824,a795564ebf36e09d9c016ebb20998a7afe972f5b671b17035dde860debb70514,"First time I saw it... it got thrown right off the track, and then—"
1599127329,2a48112920d660fa414c2b7e68995ea7b3fdbd2a423ef69fa932b16420554d23,"Gold and blue glyphs emerge, flowing with ancient energy."
1599144445,b93f08e9d0f10d198f2bb01616fe38db01f5fef03e0e1d19d288e18131608107,Sorghum
1599152004,a1ee5708f06ee99da88832623697bf6dbb585fcaf794496272950622e142d93a,The Susuta’s Gift
1599171202,54e83c91956d3dc6b1f6a36aeabd4ce0a37d1954d40ea970748295795d7efdd6,"So you saw those flowers already? 
Yes—becoming an Irisalis, chasing Prismana..."
1599214021,69ee8f97fee45aae4ff0ff8b366d7bb74581c5871d9731c8350187a8388614df,"Ugh, so annoying!"
1599219285,a368c65e7fbb680eced9783d8b38596b0ba6eb12aa72cec795c91e16e2dc2067,Dodge Chance
1622036361,a368c65e7fbb680eced9783d8b38596b0ba6eb12aa72cec795c91e16e2dc2067,Dodge Chance
1599236418,511c27de208b9239b4a89c904bda5dbcbcdda636ec56b6ca3784eafb65d8ed38,"You can now place <style=Hint_BgL>42</style> Aniimo in your Home.
<style=Hint_BgL>New items</style> are available in the Home Shop and Furniture Store, <style=Hint_BgL>with more advanced production facilities to be found!</style>
Increased <style=Hint_BgL>cap on the number of functional facilities</style> you can place in your Home
<link=""item_4040014""><color=#5090df><u>Crafting Module</u></color></link> can be upgraded to <style=Hint_BgL>Lv. 5</style>.
<link=""item_4040013""><color=#5090df><u>Resource Detector</u></color></link> can be upgraded to <style=Hint_BgL>Lv. 6</style>.
<link=""item_4040011""><color=#5090df><u>Ecological Module</u></color></link> can be upgraded to <style=Hint_BgL>Lv. 8</style>."
1599248736,2cb6e920ad219d34c3c43cfb2b2708c097b2489734dfd8f37c24a3619609e2f0,Switch Skip Word
1599268396,311a265bbb4304910634c6ba7652cd62c446f930a2a3fb9d4221de4f03b5b522,There’s someone just like me?
1599338828,fe48eea7ab5fe47ebef7554e16f992d1e7e1880ff69996a2ef2e3ffe3d28c942,Flashy Silver Coin
1599358493,65c6f8d13f089e42583265560512facae85e08ff679820d1afb59303120a5e4c,Ceramoclast Component
1599360425,3f4fe0f161539d2dba6ce9292bec47d92c4a188062c1a549154974d0a1b13ffb,The warrior sheds its childhood innocence and turns its toy into a weapon.
1850377568,3f4fe0f161539d2dba6ce9292bec47d92c4a188062c1a549154974d0a1b13ffb,The warrior sheds its childhood innocence and turns its toy into a weapon.
1599363823,ae2a5a24b4ace7f00d5be28cf8efcd62f6b624e3bf28d899ad52c5523a19bf4b,"Hey there! A fellow adventurer, I see! I’ve been dying to see the top of that castle. Wanna come with?"
1599379285,caa0ec520c318415bcd4a34a3a131bb87395a4cd16e82f4604f2b56dfbe7263a,There are <style=Hint_BgL>fewer than %s players</style> on your team. Use <style=Hint_BgL>Add More Teammates</style> to automatically add teammates.
1599412319,c7cdd8d341ad59e945059e616fe8ec846e5d2d63e56423e1ea69738cfc3e243f,"Mutated rare soybean, sparkling with dazzling spots of light."
1894179044,c7cdd8d341ad59e945059e616fe8ec846e5d2d63e56423e1ea69738cfc3e243f,"Mutated rare soybean, sparkling with dazzling spots of light."
1599416044,9a5367f79528ca8fd002108c2615509a14cc66a0d36223c72f6ac1be00c6c598,"During the Third Closed Beta, Pathfinders who accumulate 7 Reunion Points will receive 100 Glimmers and be entered into a prize drawing. We’ll randomly select 300 lucky Pathfinders to receive a commemorative badge. Winners will be announced on the official website within 10 days after the test ends."
1599430587,b1791dddd0fa59d5543d244309a9da075da9c233afc5b5bb83091879f3d00b5c,[Compensation] Daily Event Reward Compensation
1599490812,dc380888c4e2c7762212480ff86eb39150ec70b45009c33bc6adcbd0041384b1,Loading
1599504264,fcc983fe3904fe16a69a1748809c3cbdbbd5fa9c58845131091e1eb9091fdd3f,"You're the one who insisted on taking this student, so I'm leaving #playerGender# in your hands."
1599504959,a2b33cb8eeed443a71ed62b1ccdb45bf5af3fb0dc31ab3eee4bd062d8be31f94,Flameruff Incredible Trait Iteration
1599512360,10aca2ad9634685c661d20ac44f2e2853dff28c03ea6eb21b295ce55891fb99d,Things You Can Do with Friends
1599522331,2419113fb5196510e3df3dd4f67db3986ce6596c7f5cb2bcf9416cf727c08e9e,Sell from your Inventory or at the Co-op Store to earn Home Coins.
1599640638,d750638bcb49bc669d079781a638f99b905d0849412066e775e24e1bfd777d35,Naturally harvested sea salt retaining coarse irregular crystals.
2045129004,d750638bcb49bc669d079781a638f99b905d0849412066e775e24e1bfd777d35,Naturally harvested sea salt retaining coarse irregular crystals.
1599649168,e0822e29e21dac04b768b09e07dd70938891b2a1dab56be2b0964b93567d2be6,Power 4530
2101155741,e0822e29e21dac04b768b09e07dd70938891b2a1dab56be2b0964b93567d2be6,Power 4530
2144756809,e0822e29e21dac04b768b09e07dd70938891b2a1dab56be2b0964b93567d2be6,Power 4530
1599655077,fde0db2492087f0cf3214b404408e9898b29a14d458832241395efaa7c295d7e,Edit Aniimo
1780545959,fde0db2492087f0cf3214b404408e9898b29a14d458832241395efaa7c295d7e,Edit Aniimo
1599692560,8750249514d4d97ebddacbd0c22b63d83a9296daa0e7a68c81c5dd64408e20fe,"There you are, Pathfinder! I’ve been waiting ages for you."
1599694205,8160e6da1784fc4be999d1929617d2b4b27295dcd26cc5aac03737f3fabd1726,Water Vein Disorder
1599699003,8eaba62aafbe10c146b8b954fea0bbce67e79b648f46ece48ffef46d9b11e09a,Level 9 RV Welcome Pack
1599700224,c11cffd0ce863974293f77ee50c89b8b822078faddc758e77251dbcb725983b7,Hard-working Susuta
1599744484,2826666ea4948d6b5e6cac273ca7792c8b9ea90c9ae2246d8f0c77f9bc630ff2,Egg Heist DEF
1842408889,2826666ea4948d6b5e6cac273ca7792c8b9ea90c9ae2246d8f0c77f9bc630ff2,Egg Heist DEF
1599780534,3420bf47d6c662cad7fd7538b421da4c75b1f4bfc14617c6d5ed22276f1c1c75,"Cold light shines on a lone wolf on the prowl, its figure as cool and clear as first frost."
1599789312,7f3da63a47e880a73a89dfc3e249e7bd34c1643f02568e4585696b1f98eb786d,Land Color: Glimmer
1599822982,dddaa8e0fcd8ff730a1851bd97bc912c92c9767338756a7acb3905dafc0d1d23,Platform Reward - 3839.
1782629716,dddaa8e0fcd8ff730a1851bd97bc912c92c9767338756a7acb3905dafc0d1d23,Platform Reward - 3839.
1599829183,4ca05de2de8f14950acb05af2e1f4f63fe2d268799b5cc8125882d1b3e5cdbf3,The Land of Legend?
1599853781,9cc4a8ab421faa9bec92c42b970eccb6630bb0b51c92d222b091ae05bd35154e,"Starlight lights the world, an honor worth cherishing."
1599867506,6f280406c9e00c217c46810c016b3754010e3b9bcefa70f21656f654122279fa,Alright! Time to press on! Next stop—the mysterious Magmarex Cave! Let’s go!
1599888530,dc4c7a8ca194e647e578e157213c95030827aa5888253daa068b74070ff26e4b,Member removed successfully
1599901977,55860ffa56b1c248e27c49d5a106780c535ccf1e17a68ad0109b45fd21784f0b,"Now let’s discuss <style=Hint_BgD>Held Items</style>.
As a Grade III Student, you now have both the skill and the qualifications to equip them."
1600000679,fb9adcf6d5da296d62fca8504279bcdeff35a4fae2c7bd77cc9b26e6db6d6e5b,"Hello, good to see you again.
Thank you for last time. The data you helped us collect was invaluable for our paper."
1600015501,0af343a59cf87a2dd2543bfef3e0a9ae18db124f0f1648ee594ea85295ca22a3,"Welcome, welcome! The Bloom Festival starts tomorrow!
My name is Sunia, I’m a perfumer. This is my friend, Snowy."
1600077446,2781632417dddede41d48dad84a299d250cf5d346510a538ea0525ac14c39672,Purchase Limit: {0}/{1}
1600098340,cf583fad19a67c82399835bbbaaefd349c968212e3bbc1c6bcbc2a90c5ef9eaa,Trusted Friend
1600136833,9bdd12c69f5a05eec883a95b631b7f789fe6b3feecfa58c8bb771ed13188a991,The two Helmuts huddle together as they leave... heading off to who knows where.
1600172162,c88a0b907419a70c27ab7c1f8e5fb54441a4d9c3567e4c928fa7b2091194aecf,Success
1600195134,b07c1905e93720b5e199c14c2f225824bd6c51e4948b5a76b70626ec9c1a777e,The World of Wonders is the world in the sky!
1600200447,a0e9e2af0728ee5db8b930e3c6cc59ffaa97fa151f2f8a1194222d0a8ac3e7e4,"If I can get into the Institute, maybe I’ll finally get to go on an adventure down there!"
1600212197,5e8e5c45f4232861e075ececcbf584f1474423a8659483db26ff9d6a1b8d3bc9,Pinecone Bomb
1600223300,7d6becb048379a1836736f79b5c51b793336a6c964430157c427aa86af4d3a51,Stopped tracking <style=Hint_BgD>{0}</style> recipe.
1600277675,54d475168e4914daf8572a40971286f596229e09b63abb16d46a74c299c18651,Current Orders: {0}/{1}
1600349538,0795e998f2023ce77a92af2c44ece8f73a2a7e5613a558cf903d7c0f9632cb4f,Max DPS
1600364801,03494b0d1f803522a3497d751eaaf6f987883cd4fe0b0e66baf67a662ae231b2,Camera
1600373057,0a9cf53d6da8713a15a6fc7b0057ea5a7e5594e3b89462cf4c1b3a4235caa248,Elite Turbo
1776078910,0a9cf53d6da8713a15a6fc7b0057ea5a7e5594e3b89462cf4c1b3a4235caa248,Elite Turbo
1600434094,287a735fbe4d8349cc8a00be3dc9228a7fca5ebd6da980fb0241aad767ded658,tgtId (leave blank or enter 0 to indicate the Pathfinder)
1600460532,4fefaa11cb7db809cd599bc5894939456591bec3f28255a8ad5e26d47a9462fd,Spend the following items to unlock the accessory adjustment feature?
1600553861,e27e3a4e1076854d7ab92f893095dd4d04c87ed53c6753b9cd72318c864f3a99,The one I gave you is a special Institute prototype. It’s simpler to use and has a higher catch chance.
1600587560,44bb7ae8ea311aa120a36c90658bdb5133e4b3a2c985be9dd99e198533ef974c,Take a photo of a Dreaple having a nice dream
1600601389,46be901fa66c4ae04db21c17f99c676ec9173fadb7a3b0c160980cc2476c3ca2,Pippi’s Owner?
1600624557,84b6d9c1304a303e5e773c5fa1066a32aa4cb31e55426c70d8ab34ecfb21b1c2,"If the young chief says so, maybe I really do still have something to teach.
Think of it as the last lesson I’ll pass on to you young ones."
1600639073,03d3ba93c632c26dd508337cd86f7611231d5556cd3f1e7be93b7e66d20a1ef4,Important Notice
1600640943,a48e96479d6d51f099d91cd9bdd9f788da52241b1cf9f13190d962e8d4a82037,"Research Day 566
Notes by: Perfumer Joss · Florifragrant School
Mood: Happy
Activities: Assisting in the cultivation of Whitesnow Roses
Results: Common techniques have failed, but Melloblum’s dance made the Whitesnow Rose bloom.
Note: The miraculous seedling has a new name: Whitesnow Rose.
----
Research Day 910
Notes by: Perfumer Marissa · Florifragrant School
Mood: Complicated
Activities: Developing a legendary perfume from the byproducts of the Whitesnow Rose.
Results: After countless attempts and failures, we’ve developed a recipe that has a high probability of success.
Notes: Joss and I are starting to miss home. After we finish this perfume, I’d like to go back to Azureville."
1600711178,d5753298e7721e36d857715db49225e7a5b32cf64026a970cd3a60dd3a35c893,Reach Trailblazer II
1600741249,e7949de504f7c6a945bb636a8ae70d278048d2ac9aad14067682078a1f536f24,Over there—pretty sure that’s the way to <style=Hint_BgD>ChillBeanz</style>.
1600774065,59bfe1fd3e35ae57f2aecd70a203b7abacb583e1de3d3ef55201befc646a1e26,HP Percentage (0–100)
1600775565,d8c0c9c1d250c6bfb17ff42b51b53990f08b2a43e80b37b15b6ca1b50b9ac813,Sour Pickled Fruit.
1600780544,5220e1e97ace8c5faae1c4c18465dd77c8b0e7654bb9a371685fd5c4a59e0be6,Go home... Go home. Do I keep on fighting?
1600790182,f1d9113f6974b1a0ba88ff1bff8dcba034817374930658e9c02eeac3a71623f0,Nova Dialogue Map Branching
1600837507,dab930550206790a57d7d28fe09e97b5393eafb5d4c428b9380994b4f6ad8fc7,No! How could these feelings be pointless? You’re talking nonsense!
1600866695,af9145d900295bb96cd448c76c6a803ee6683ef575012ea2325c2e960d828b25,You can send someone else to Breezy Plains to search for Prismatic Kite Flowers. You are guaranteed to obtain 1 Prismatic Kite Flower and a random number of Legendary Chests. Use a Prismatic Kite Flower from your Inventory to obtain 5 [Prismatic Kite Petals].
1600901484,77bf54191861a4eb4d6a3a21e7230d9e2566482750869e18cfba25574be325fb,"Dew of the stoneflower, rare flowers that bloom within ancient stone. Perfumer Marlowe from Bloomville seems to be looking for it."
1772279832,77bf54191861a4eb4d6a3a21e7230d9e2566482750869e18cfba25574be325fb,"Dew of the stoneflower, rare flowers that bloom within ancient stone. Perfumer Marlowe from Bloomville seems to be looking for it."
1600910861,b60247fb7518c9fe9f75503488fc90ce98ac4f184fc4d6fc5b1273d7ff3bbc3a,"What? My Celestis and Susuta don’t like being together?
I thought they’d be best friends since they’re both so adorable."
1600911910,8e7cae256887093ce0bc3de95457b908c9701815e2ce92ed7760ff12a2c1aa2f,[Aniipod]: Aniipods are scattered throughout the world and provide <style=Hint_BgL>supplies</style> for Pathfinders.
1600921519,8515a16a54fe0cfdd116cdfe85a780c9096807b315db17dada937bccd7c92207,I need to eat some square aromathysts — I’m starving!
1600950198,24ea48f446bcae8e2b01d355deae8d3c4323d5116d206e6c585efbd30c9e69ea,Training of Fire - Common
1601108919,806fb1f5e2875da88bd1a7cdb2db5bfe6093ce46337392182d3bac0e8776a58e,Illusions are fake.
1601125337,4533dcc9563f26203b63f723fd8c4ff0507b4c25ceb168ab3c107a7d309252f1,Amplifier quality is low.
1601137358,27631eb1fe0dec46e83c70349f0b0ec9f6cd075b2d68dfc861fedd7e55051026,"Thank you, kind Skippy!"
1601158138,696ca11e1d43842afd2b005f94393114ab6bd018b29ea23603f2c18e0c4ecfcb,Armor Durability Cost Multiplier
1985790577,696ca11e1d43842afd2b005f94393114ab6bd018b29ea23603f2c18e0c4ecfcb,Armor Durability Cost Multiplier
1601163361,e41d3b8bbf28de8c279553a73226993f2464e49638ad72c72090340c0d36a5a8,"A <style=Hint_BgD>city</style> floating high above <style=Hint_BgD>Idyll</style>, carrying the seed of Earth’s civilization."
1601179710,37b6f24db4f8932338a1c3eeedee5c316f3b07f4c6a87d4a0a87eed4c05a454b,For every Aniimo’s unique sense of beauty and style.
1601180449,a55c544f22e8d54c9f65abc8603b25b10bdf0e8e3085bd3a00024ab1aab07990,Nimbus Bed (Level 1)
1964997361,a55c544f22e8d54c9f65abc8603b25b10bdf0e8e3085bd3a00024ab1aab07990,Nimbus Bed (Level 1)
1601186757,d74bb1e9d272d0ff077106857cc607d47c1e7abe31b1ef5c52bb4a73a3be6871,Available from the Companion Handbook Advanced Edition.
1601199088,c4268e50267ef02f2abbc16267205e55a0b8dce90e4711f8995e542500ed3c1d,The Old Match Seller
1601199608,9fc5dd399430bc772b52be43aa8e351ecc3b8a4b5f60a22ea4c78a7749c32d49,Yuu-goo~ (It seems very happy)
1601207978,19d7e14c42b08faadee8151e98a3d677faa930aa4a8cbf05ba6cc6064f45cd9a,"Dealing skill damage to an Alpha in the BREAK state builds a combo count. When BREAK ends, triggers one instance of bonus damage equal to combo count x <customRichText(calcData,buff,4004161,param0,1,%d)>% of your active Aniimo’s ATK."
1601221287,09a9cdc2516c77f8decb24fbd499adee59d83abd570326722660c688ef228e3e,Take 1 photo with an Aniimo
1601221688,46259f0ff8ac7419e05a313a5c3ed399f0059fd970695d1dd5a1f199d56832d9,Want to observe a little longer? Sure. I’ll go prepare a bit more too.
1601225698,d121826702ea7fa572db701e9a84e82175839d1550fb97b09b7ab80ab60ed321,"Look, there’s an island over there! One of the Cozites hauling Lava Crystals told me that to reach it, we have to <style=Hint_BgD>pass through the Magmarexes’ home</style>—<style=Hint_BgD>the big cave where the Cozites haul the crystals</style>! It’s right up ahead!"
1601280333,38e5a46cbc5ad32842ac60a4f1425ac9b31c06bac685f446a06ab72b87de31ed,Score
1601304301,9046061e6c5002a27bf4775414358c2e75a7662333574558ae0c493258f2858c,Chest Attachment Point
1601311289,c92c1c579a36368c372830d8d07b8acdebabad93d4fafaac5a0bf4f40ee991fe,"Today's patrol is complete.
Though this Beach is beautiful, various accidents may still occur for the fragile Shelly."
1601319842,d898c28998c4f926f293401f09feccb8507d6510f334c438176db498abbe1318,"There are several exhibition halls open right now, and everyone is welcome to visit."
1601326763,df325a738254463a44f3e1c36cbb1ea2efd0f04c691f3e8151169d8b512cbca5,"Oh, I’ve got plenty of tricks."
1601371417,adbbd17d6bc94da1417be093c3b55cd1240e7a93bc6f6f8a0088e55deafc1226,Start Contest
1601381144,e09c7b84992cd4c66b77a0b2cf1fc1ecec94dbb79c8a3503087f00bd8ca67e6f,Cyclone Barrage
1601393885,ff540ae519d883a0a2c10b3bf308778320f8aedc0d927dc4d2d081b0e5f0543a,"Claws the target up to <style=Hint_BgL>3</style> times. When the third hit lands, the next skill grants double <style=Hint_BgL><link=""source_8056""><u>[Rage]</u></link></style>.
When in the <style=Hint_BgL><link=""source_8057""><u>[Enraged]</u></link></style> state, each hit applies <style=Hint_BgL>2</style> stacks of <style=Hint_BgL><link=""source_8058""><u>[Claw Mark]</u></link></style>, up to <style=Hint_BgL>6</style> stacks."
1601413670,4a1cd4406658835dbaef3e64e7b25ef2d0f46fd3ddb39c0c30d2376307b21aa3,"Hmm... Manon, I-I’ve grown a dream iris. It’s going to blossom soon."
1601442502,59de1c573a3dfea1c12de0c333883649596955fb9d80a00e8f74999bef63aca5,Cave Investigation Notes
1601447562,18fd2e6d680b3e3923757492e7f1af576f401c1d26839e6e8884c837b86ca7aa,"Back on our home planet, every domain had its own <style=Hint_BgD>holidays</style>. Always something to celebrate."
1601473402,3d365861dca116925e0f140f11e6fdbe49096c49250298274e498911583bcb09,Hand-knitted to protect your ears every winter.
1601492745,77608a494c128c18bae85e06d423284e0092a99b1ecb9f4c7b6d04a75786195a,Robust Physique III
1601559676,426a5028afd45b34555b98b35b31cf8218c14f216d72a29a7b7c1a4850032857,"Elite Training includes growth goals tailored for Pathfinders.
Complete these goals to claim <style=Hint_BgL>lots of Safaris, Glimmers, and other</style> rewards."
1601576285,dff3d5df9c3173008f248b398af5b5fd99b654ebb276e2eca799a14ea9997c17,"Each stack Slows by <style=Hint_BgL>20%</style>. After accumulating <style=Hint_BgL>5</style> stacks, the target will be frozen for <style=Hint_BgL><customRichText(buffConfigData,91464017,duration)></style> seconds and take additional Damage equal to <style=Hint_BgL><customRichText(calcData,buff, 91464017,param0,1)></style> Might."
1601601788,03145b1739dcd227fe1318e95e47605dc6d4154dedc400920e16c64f27d1ad40,"Orange returns to the land, a leaping flame born of the flareburst flower."
1601607037,6145ace15cf52a4b6931a089b3de9aae4766ada2aaac9d3fb69c05b3d0350bb3,That’s the one!
1601618311,37cdbfe8a3b8ce09f12b08951cd17576449d01984207adfd5b6f014542be842b,Rolling Shelly
1850288661,37cdbfe8a3b8ce09f12b08951cd17576449d01984207adfd5b6f014542be842b,Rolling Shelly
1601618347,f8973dc570e01db88ab3cfbfe4818d4d56c14458079ddc09f142fdd71afe0ce2,I wish I could get a ticket for the Chirpi concert.
1601656300,d825c7907d5705501cc85b2471091fc8b195fb39f422101afe306e66e7742710,Element Resistance - Grass
1601662798,ba92759e7d93326f80680b578da245d1dabde27b7c3b69ec5061e0aefe82fc2d,Click Confirm to <style=Hint_BgL>place</style> this Aniimo in the park. You can see it wandering around there!
1601699229,7977687ca2dd8b3cbb26e5860c876218e6894a4ceddc0b6ff127a5057e667d72,"Three wooden legs steadily support the stool-shaped seat, demonstrating the iron law of the stability of triangular structures."
1881203449,7977687ca2dd8b3cbb26e5860c876218e6894a4ceddc0b6ff127a5057e667d72,"Three wooden legs steadily support the stool-shaped seat, demonstrating the iron law of the stability of triangular structures."
1601728799,1c2e16ac940c8fbe437cc97c3942a6c4c4de913062777dfb3ede88b397ce7cc3,The area ahead is not yet open.
1601783512,5b362a0b73458e23ef49fd1726c789ae227390ed06a87537b3d5ae573f1a8480,An egg containing the power of Prismana Cornet. It is one of many Prismana eggs collected by Polaris Institute during the Prismana Flow caused by the Bloom Festival ten years ago.
1601794632,01af77b8927b77a5a4c1c8a5341c65c7dd865aa180d62ab8e2d6c6a47f8d6e63,"P.DEF increases by <style=Hint_BgD><customRichText(getConfigData,rogue_talent_data,46,param0)></style>."
1601820586,503bd1648ed8b3f673257f87070222091bef4ae97ca470bb0c90612c85c2fbb1,"You find Sunia in the plaza with her bags already packed. She explains that perfumers traditionally set out to gather ingredients after the Bloom Festival, but she has decided to set perfume blending aside for now and search for a dream of her own through her travels. Encouraging one another, you reaffirm your resolve and set out on a new journey toward new dreams and adventures."
1601830249,32381615200ee215913dda903e05d52d9e3f16129729604ff2779022ac4cafe1,Buff limit reached
1601831267,9208f79e79d08ee51ac9670ef54c3889cdaa9d25a392024393c159749c1c8741,"For the first <customRichText(buffConfigData,4002010,duration)>s of battle, all Pathfinders deal <customRichText(calcData,buff,4002011,param0,1,%d)>% reduced damage."
1601844998,3b558c1045719922b81e85dcf76a96b0b86807c6e7fe08fd613c1ed76b048898,"The system’s flagged that you’ve basically wrapped up the ""Aniimo Raising"" Elite Training.
As for your reward, check your mail."
1601848123,3d03d4b2455a02be6a5a34267c9daa39fab93035fec467a01d4153f02965b053,"There are two lock-on modes:
Manual lock-on: When you are not in <style=Hint_BgL>lock-on</style> status, press <style=Hint_BgL>#kCatch/Focus#z</style> to lock onto the current target and enter <style=Hint_BgL>lock-on</style> status.
Auto lock-on: When you are not in <style=Hint_BgL>lock-on</style> status, hitting a target will automatically lock onto it and activate <style=Hint_BgL>lock-on</style> status.
You can change lock-on mode at any time in <style=Hint_BgL>Settings</style>."
1601849169,a99e00d7085857fec572d6424fa8022d25834c52ccbd49b2b17f736fbc5154a3,"Also, please tell the Skippy I’m sorry. I really didn’t mean to take his leaf!"
1601855986,70bd044716093bd788da3ff8e61991d63f7c287c9a694b723bac72485a6f84df,"The damage to the Vein can’t be repaired by a single Aniimo’s roots and color alone, even one as rare as the Irisalis."
1601865595,b7d26905228ddab94cdd97466aae8055b377325a6ead18920d8382850008b27f,Defeat the Ignitis Alpha
1601880009,695bfcb0efdc9a85f2139243e4a8de565f4d7595807bdb63a6b6b198c8c1893d,Wh-Why did you bring Jenny here?
1601885313,9f8a6bf333fe23807ad76c491c9a10786b9089059d1be7da6927b00c6af2f331,"When you <style=Hint_BgL>approach an Aniimo from behind</style> <style=Hint_BgL>without being noticed</style>,
you can perform a catch using [<style=Hint_BgL>Backstab</style>], and the success rate will be significantly increased."
1601900092,5ad0e15024cef4fc1442ec11c2a61c0f3c5fc3b68aad1a181d86e54f07c64948,Chapter of Flowers and Butterfly Shadows
1842061126,5ad0e15024cef4fc1442ec11c2a61c0f3c5fc3b68aad1a181d86e54f07c64948,Chapter of Flowers and Butterfly Shadows
1903152125,5ad0e15024cef4fc1442ec11c2a61c0f3c5fc3b68aad1a181d86e54f07c64948,Chapter of Flowers and Butterfly Shadows
1967609266,5ad0e15024cef4fc1442ec11c2a61c0f3c5fc3b68aad1a181d86e54f07c64948,Chapter of Flowers and Butterfly Shadows
2016174440,5ad0e15024cef4fc1442ec11c2a61c0f3c5fc3b68aad1a181d86e54f07c64948,Chapter of Flowers and Butterfly Shadows
2099249311,5ad0e15024cef4fc1442ec11c2a61c0f3c5fc3b68aad1a181d86e54f07c64948,Chapter of Flowers and Butterfly Shadows
1601902999,eb2a2cbbea7552233247fc8e8a725df60b254b462178bd439f2202094bb46ee2,Sprout Scarf
1950711841,eb2a2cbbea7552233247fc8e8a725df60b254b462178bd439f2202094bb46ee2,Sprout Scarf
2132622911,eb2a2cbbea7552233247fc8e8a725df60b254b462178bd439f2202094bb46ee2,Sprout Scarf
1601957399,5a55ffc8044488277d0e59e853ab0d03fa0f514dc1d7e102b304479c53e9a84f,"Jumps up and hurls a huge water ball at the target, dealing AoE damage, creating a water puddle, and applying <style=Hint_BgL>5</style> stacks of <style=Hint_BgL><link=""source_8038""><u>Water Debuff</u></link></style> to targets hit."
1601982431,ebecb9cef8f2103c8885e5732df330174d137867b033b179cefc94b1ea23bb6d,Eat
1620825108,ebecb9cef8f2103c8885e5732df330174d137867b033b179cefc94b1ea23bb6d,Eat
1601990538,1fca6a57f7b654fa3b0ee21c002d062fe5f26482a46820ac945e92eff61dd622,A Dream Behind the Curtain
1602040173,71d97102023453b205e4eba3f945baf968ed90c0faf552a57c7a5836ffb9dec4,Frost Moon Strike
1602092554,f4853dffc2001fb2c6cc4a947bd82430b55f05e50a804103a381ccec66bb5ad2,"Besides nurturing to increase an area’s Prismatic Energy, landing a Lucky Strike while catching Aniimo can also increase an area’s Prismatic Energy."
1761330838,f4853dffc2001fb2c6cc4a947bd82430b55f05e50a804103a381ccec66bb5ad2,"Besides nurturing to increase an area’s Prismatic Energy, landing a Lucky Strike while catching Aniimo can also increase an area’s Prismatic Energy."
1602117691,76327dec9ae3a06a8c3c283e6a81d3710ae736021b583875c13e4e8fb2ad83c0,Popular
1602120395,841f70f8704b53cb02b6dde4822a0b6fbda1a6a3713b4fc14e1664594c9c00ed,"Whoa! Oh, it’s just you, buddy. You nearly jumped me out of my skin!"
1602160149,4e5dae5d4e7c3b03569bfdd3b5b8acb80d7ddaf3f2b42e376a9fbf0b715acb99,Who knows. I barely remember what she looked like back then—and this thing isn’t even an Iris.
1602166361,7269ae6e0608f6210f4f75b1b9a6b7aab047933a8b5814d6b52075c88fa41934,"Sure, let’s do it! I’ve got some new ideas, so let’s keep going!"
1602175740,d3f5d4b0ae2151dbd277efc576c70d2982a60ee0d71ec88ab819a53fcf91ac4e,Push it again.
1602198998,fd8a9f7d5c897472d2d749ab14d374c4cd444a7c942f5faa0953e50babeb4124,"Auto upgrade starts from the lowest reward level and runs till all Stamps are used up.
Activate auto upgrade?"
1602209610,7e44040810289c5779bddffc65bcc6dad6a2eeeb14adbad1f5288259685d6cd7,Change to another Aniimo to archive?
1602232609,7b2142d184fb32d551b3a330522f3ffb283a9a5d618cd179fce35c88d7e1ef4c,Hope to see you at Polaris Institute soon.
1602286269,11232cda50dc19e993ec02bde82e8b077347802991db27cb5283299d0afea4ba,40 Report Cards used.
1602339833,a4384e8bd28986267b7e59c2590da0e78a8080f9326612908e46b42818059a6a,Encounter a Prismana Form Fenmane.
1602356712,d66c90ae94fd2ef3877d76909071ac84b8670571ca66d25737a728820d899cac,Pathfinder Movement Unstuck Check
1602407098,a9d8dd973c38342bddf462caf48f3b9eefb6f492d35f02024a673cebcf694441,Weapon Maintenance
1602413365,6bf78b68ce3783ae7543a58c50d4b5226f3b46b45f91b5bb7a6a32f57e4cbf77,Emberpup GO Navigation Reconnection Failsafe
1602458214,8f449811dfa16dca972b5c76dee6d3eba789a00c84f9c2e49c812bea8c9fbf19,"After Iris Shot hits a target, summons <style=Hint_BgL>1</style> Iris Clone for <style=Hint_BgL>30</style>s. The clone immediately fires a Floral Gleam Beam at the target. Casting the skill again resets the clones."
1602518605,758974c61e7319d0cf3f04bb9d507e8ad31ee0c6934796fe4b4aa951f3125bb9,"Press the <style=Hint_BgL>Grab button</style> to pick it up, and press the <style=Hint_BgL>Put Down button</style> to place the battery in the battery slot below."
1602538232,b6e1f7a3ae64c1d92d800b7e303e24009524996297620922f7132c5f0750b168,Gacha
2119799189,b6e1f7a3ae64c1d92d800b7e303e24009524996297620922f7132c5f0750b168,Gacha
1602549997,cb0fc1cbe5c6ea897e70feddcc28f55f3214be1ed427ec0b043fd2415caeef77,Pathfinders on your Blocklist cannot be added as friends.
535202182,785f5374523d23c12d9466098186aee08b7891b0f532afc64c14f824ec796021,Activate the Gamma Stage effect on any Carried Item
1602561032,785f5374523d23c12d9466098186aee08b7891b0f532afc64c14f824ec796021,Activate the Gamma Stage effect on any Carried Item
1602568462,636225043135230062f472fafab404c73ba7f5062b9aa9c60c3c0008982b160e,Waaah!!! Waaah!!! Where are you? Come out already!
1602591080,3124443552a1c2fac7c27a39e0289ce4140f2658a95408151d36bba59eed665e,Don’t say things like that. Not every Whelpy is mean. Whelpy met it when <color=#ffe451>white fluffballs were falling from the sky</color>.
1602674945,d2c2ade86e7bcefbb817b0d362539f0af732e6b9eeb62dc9c145f5df88df5974,Plan III
1602685906,a091b253e9853ba17d9bb74192a10bf01f1d7341dd225f0465ea13c041c7712b,"A Sign-in Gift Pack distributed by Polaris Institute, granting generous rewards."
1609842543,a091b253e9853ba17d9bb74192a10bf01f1d7341dd225f0465ea13c041c7712b,"A Sign-in Gift Pack distributed by Polaris Institute, granting generous rewards."
1638677910,a091b253e9853ba17d9bb74192a10bf01f1d7341dd225f0465ea13c041c7712b,"A Sign-in Gift Pack distributed by Polaris Institute, granting generous rewards."
1824050353,a091b253e9853ba17d9bb74192a10bf01f1d7341dd225f0465ea13c041c7712b,"A Sign-in Gift Pack distributed by Polaris Institute, granting generous rewards."
1602698976,1fd0fba2ee1369b7b4e9998d1a89c2b4e74cd83078291eb7a756fc445a32c100,Allows you to put together a <style=Hint_BgL>[Simple Holo Lotto]</style> after collecting all the Holo Lotto parts.
1807771204,1fd0fba2ee1369b7b4e9998d1a89c2b4e74cd83078291eb7a756fc445a32c100,Allows you to put together a <style=Hint_BgL>[Simple Holo Lotto]</style> after collecting all the Holo Lotto parts.
1846715471,1fd0fba2ee1369b7b4e9998d1a89c2b4e74cd83078291eb7a756fc445a32c100,Allows you to put together a <style=Hint_BgL>[Simple Holo Lotto]</style> after collecting all the Holo Lotto parts.
1602702459,e0b1720b50c92ae0948f625340d41e49fad99d65e6565b2666b09123ea16849f,Will you fall in love with me...?
1602746118,7e09b2176f328b2774c2ab0e867fd50a1cc5afc905a6db3ce76afbe115de2477,<style=Hint_BgL>Erosion Totem</style>: Speeds up the weathering of the object it is attached to until the object <style=Hint_BgL>dissolves completely</style>.
1602752172,16b9c5b9adf0d367c7c41cabc558ec434489dcea4b5f26d510ddd1d322b98382,Rank-Up Gift Box: Rising Egg Scout
1602757859,1e6f59f7b57e05cd61ab37040a64e90a2b93e57783d04de2bfbe6d1513f6e6e8,A moonlight yellow building block for all kinds of structures.
1930203020,1e6f59f7b57e05cd61ab37040a64e90a2b93e57783d04de2bfbe6d1513f6e6e8,A moonlight yellow building block for all kinds of structures.
1602765022,798480450fa0f1aed8640d289c6fef8b648aa94d587b6bd8f4a10544a82aed54,Luminous Plant Mark Point
1602765075,be81c6ef94314b9e5a11990645aca279572e9a521f56cc6a83a37c99f4d0ed94,"Yes, with this gear, you can go wherever you want in Idyll."
1602829914,5e64636600c29150f3e8c474b16f3a20b86aa2a09108cab9a7bf9106deae3432,"But I guess you've come back to me because you've realized my value to you, right? I've had high hopes for you from the very beginning... Besides, I can provide you with a lot of information."
1602832105,1e96c06932c0954279f8d221fc6292a3448621b0e4390f5d7bfca71c45240b4a,That was terrifying...
1602881109,09a35c1593136671fa3332adffc00b078a65d4be1f0fbffb65dd92faf7d1ac9d,"Oh, #playerName#—Irelia said a group of black-robed attackers were behind all this, remember?"
1602881836,66cc911fc65e88aa7fc9c495c4040cbe08f7a5467be4001f8e972d951dfded59,Whoa?
1618206685,66cc911fc65e88aa7fc9c495c4040cbe08f7a5467be4001f8e972d951dfded59,Whoa?
2112399290,66cc911fc65e88aa7fc9c495c4040cbe08f7a5467be4001f8e972d951dfded59,Whoa?
1602935442,8ddffd40b4ca28e80f425280a93b31b480c6b2475404cd1d4d4bb4c4ac1f7ec4,Blitz Tree Effect 04
1602975143,9c1370f23ecbe3b86108d641398da92b4e822762240e238c73a2791cd9a14d91,"Unlocks the photo Emote: Please, Please"
1602975216,96fe91853a51520ddd469d94e0896cdd52bd4c34d79381a97d4a2b1c25541841,Cornet (Vocalist)
1776643947,96fe91853a51520ddd469d94e0896cdd52bd4c34d79381a97d4a2b1c25541841,Cornet (Vocalist)
1917960789,96fe91853a51520ddd469d94e0896cdd52bd4c34d79381a97d4a2b1c25541841,Cornet (Vocalist)
315149385,b4b8399e227d24232f8bafd51f93da6d8a3172e1ef9a46073a4b8738486b038e,Claim Alpha defeat rewards a total of 5 times.
1603029219,b4b8399e227d24232f8bafd51f93da6d8a3172e1ef9a46073a4b8738486b038e,Claim Alpha defeat rewards a total of 5 times.
1603038562,7695bc13fafb503e634702c663f476d57f79ebb99d68bd4ec090aceba317fb4f,Force accept after refresh? (1 = force accept)
1603053560,2fdb9e06f874c22b56d8626ca99e4bea7979ffc545ece6239095d5741820a837,Stellarite
1603087589,032a1d54f5066789a1f3ebefdffba7d4229fcbdf91427432486a06fb85b7e5f8,"Oh, and there’s some scattered wheat in your warehouse. It can’t form an order, so sell it to the <style=Hint_BgD>Co-op Store</style>!"
1603120819,01c13d318157782868753a6a5b84854d51b9e506a2e902ed69eb55d1ded6ddb1,Use #kHud/SkillQ#z skill on water to <style=Hint_BgL>generate ice</style>.
1603131541,8260cdf604aff4884f73574bf7c7e3fce94b45e96c32c06722f7d039381eadc0,"I will use these materials to create durable, stain-resistant, yet stylish clothing for Baleetles."
1603132082,b29b44b46ff56c50b858becad3c682f0cdae91b012f6d9657f47e37becc71dfb,Blessed Budsquire
1603142270,7abb414e3a67e1319c5f5961cfd188b8f20e66d2e573ef6346b825db525b0ee2,"What are you doing in Rosetower Woods so late at night, strange Pathfinder?"
1603150951,d7ff6ac138e91b4815b351472ca2aec1f76ce5194acb972ca71c89059cde97bc,You've slackened. How can you become the strongest Scorchhowl like this... How can you complete the final battle with me?
1603177521,7dae94dfae18db643dd58d3e53b4a0115fdab586e8e9a86bbda60aeffc4e78d9,Incredible Baleetle Egg
1603183689,3e8e94d367d51ed511216b51cb5b00b9dd60b46dd576a0f38ba36f6992647067,The current progress value and target value are automatically retrieved from achievement data.
1603191390,2ca7300c31fafbca9755ae3a86aee132e8b7b153cdf3e39fc700ae1103c33f4a,Soulmate
1603231719,994fcf706d97c51854682b064b60179516eb2f81575867b55b9023ce8b59e1de,If Helion were here... he’d be staring at everything in wide-eyed amazement.
1603258822,aa684b82c5b33bcdd01db01eaa8ca1b52df60a812b5a0509997fbad4181ae801,"...Hmm... Velouria?
It’s been a while... And you brought friends as well?"
1603299937,b7c7d4f5b74ddbde7fd0c1712b50e733b70b2ce4a2782bcb4290a115536c0461,"The melancholic Nimbi complains that the Fentuft won’t leave it alone to indulge in its misery. As far as it’s concerned, the world is full of sadness, and it doesn’t understand why everyone insists on being happy. It can also sense you’re hiding some unhappiness of your own, and asks: isn’t hiding your feelings the truest kind of sadness there is?"
1603305237,9aa591fc722a5f7fdb1a350dbc4e2d9cbd28d1532eb3f7a7ccdb49d1f9087f2d,Incoming Heal Bonus
1742151830,9aa591fc722a5f7fdb1a350dbc4e2d9cbd28d1532eb3f7a7ccdb49d1f9087f2d,Incoming Heal Bonus
1603345583,a804383ab93bf51ff826527d812719c2fefef289ee6fb4810caa640156dc871d,"While exploring Starfall Valley, you ask Nicole about Aniimo eggs and treasure chests. After catching a Hummin, a Skippy, and a Celestis, you return to her. The outpost is still under construction, so Nicole suggests taking a short break in the valley."
1603345644,e10e78fcb23b43e3dd2fcf0279df54aa8bf050d737776e97f7b4c8bff3a59e9d,Sunia? What’s wrong?
2029014066,e10e78fcb23b43e3dd2fcf0279df54aa8bf050d737776e97f7b4c8bff3a59e9d,Sunia? What’s wrong?
1603347030,93d74bc6b13c6e7611bdb676990cd2c288198c6504c3980caa920ecc2078dffa,The inviter has left this Park.
1603363221,6576f0f241760fb4e4174150205f6ffd516c489130adee240e5669b5ea7e5932,You can use the Aniipod to catch Aniimo.
1603364367,fddc1a008db3a40b11fa12ed914b58842ffb7c3cd8dadff324f774e6c8cde0f1,About Helmuts and Jawlings.
1603402967,e82012db9246f89f900fcad346763ef0106653e4667dae6ea52bf41a9b6e6fce,Don’t doubt yourself. Keep moving forward.
1603407480,301a031446c771f0c890b00fc07b8be818f6cebf0a7f9401794714192a1eeb20,Training level has been ascended to <color=#5090DF>%s</color>
1603409246,47bd29075f8b8019f0beec6d86beda7c9bf67aaf05053dcbe0b3bcb63968517f,Content
1603431521,efc272b4e1b966225cc0dd16af4234764f9e64fd70f4c5346d97678930460c8a,A: Initially no interaction
1603466612,d2d5c7e70ddf077e8e5c86f5d316a41f304b4b6edb13dda34d29cc2e76b46cdd,Each studio setup can invite up to 3 friends for a Snapshot at once.
1603529676,aac0209b3fb04943eaf1935fbc47903d2f2de0b942fdbaf834aa7f995d977b77,How about a lullaby?
1603554593,b76759e14ea3f64eee572fdd181e884f7b4529ef2d8e3cbfacca1cbb51d47b72,Holo-Battle Interlink rewards
1603580974,1518d765708d39df1d6afb74aa8fb937d42b4fd4e3239ad27c08b24d19237093,There’s a huge training coin floating here. Invest some training coins to trigger a resonance and earn even more! The risk is low and the returns are pretty good—you can even invest on credit!
1603584961,683865a738b0a5158cb29f17616f49e002355d019ef35204a92ce0e6303e7747,Pathfinder Name Seven Characters (Placeholder)
1603615358,dc5e27765eb43d154e6e25c74d70761ff04cff44e15cf09002613abf41697583,Set Aniimo Level in Roster (Value Test)
1603626470,a9b2cd6ebc1cf11c1c59dadfb5f429d50d98dce59eb6ff6c5121c90728450363,BINI #9’s Tips
1603647596,29d2b31a08b280112acb8429bbc72788553d0d9eb59eb31637bc3b87eaae6352,It probably just misses food from home.
1603725645,acaca167b27ab5f7387d9b5c05fd169a5f2bf5cd225821570e17d6e73a1cc758,Home Quests
1603772903,daddb01e89d01a6a833b05e083dbbb3a4975caff7684dd6eaee84e2c704a8de0,I've signed resource allocation agreements with several shop owners I'm acquainted with. Now we just need someone to help streamline the logistics. Are you willing to help?
1603782774,a0ae1994270b79dac2ba7827afb584a18e78aed6a70e5e198e20b632e2e8aa2d,Lingling
1603815147,476c3eecde99e74fc03b42206ae89e5c1b403032aee56367df3e6f2b8aac0f3f,A ticket required to enter <style=Hint_BgL>Operation: Egg Heist</style>.
1603815771,69800fc71b2de890e1ff2c27d47e771c3b28e936b637fd0ad9e358d4a61cb24a,A caramel light-brown building block for all kinds of structures.