1746419290,f4f3c03b90059dcb60c2c26043dfcd1ea0c6f2860264af141346eed73e118e21,Colorful Shining Pumpkin
1778470133,f4f3c03b90059dcb60c2c26043dfcd1ea0c6f2860264af141346eed73e118e21,Colorful Shining Pumpkin
1289345380,70d865955059efe2efba57b2fd47615f3ea8f50191c403539ec789bd4495443c,Have you heard the legend of the Immortal Warrior?
1289464351,bf701f1d08871ba0f63dc45eeaa07a2c05355242aabb49f9fcdf29d5a55ef2e3,Heavy-Load Unit
1289486850,79056cccf03d0454221e66a782436bacfdc90df43391ad9bf54d915fcd1b24c3,<style=Hint_BgL>Processed goods</style> produced by the Carousel Mill in your Home. They can be sold in the relevant shop or processed further.
1545013774,79056cccf03d0454221e66a782436bacfdc90df43391ad9bf54d915fcd1b24c3,<style=Hint_BgL>Processed goods</style> produced by the Carousel Mill in your Home. They can be sold in the relevant shop or processed further.
1899670566,79056cccf03d0454221e66a782436bacfdc90df43391ad9bf54d915fcd1b24c3,<style=Hint_BgL>Processed goods</style> produced by the Carousel Mill in your Home. They can be sold in the relevant shop or processed further.
1966585131,79056cccf03d0454221e66a782436bacfdc90df43391ad9bf54d915fcd1b24c3,<style=Hint_BgL>Processed goods</style> produced by the Carousel Mill in your Home. They can be sold in the relevant shop or processed further.
1987097039,79056cccf03d0454221e66a782436bacfdc90df43391ad9bf54d915fcd1b24c3,<style=Hint_BgL>Processed goods</style> produced by the Carousel Mill in your Home. They can be sold in the relevant shop or processed further.
1289504680,0433f5bee657555d20644a9fe48cfebb37440ee5a7dcab97a5e43c85698a7885,"Huh? Y-You! What are you doing here?! It’s nothing—these aren’t tears! I just got too sweaty during Ice training—it ice-ified! Yeah, that’s it! It ice-ified!"
1289506510,8ee6153d9c415fd9cfa66197a8cbf2e0fc7d2d9aec2229a0e4257700b45801c8,Eye Makeup 2
1289577922,171d843caf8cfd7b5675a05feb580c993792a72be965209d0ba05ff48a6c088e,Naturally. I never lose.
1289588310,a500ee6a61e0ff9083b7e614e5dc33354f73131093eeeb9b131a24f7531eec66,"""Just in time?"""
1289600492,973df7876566e91fd60ad57beafad829aa7de69cc5df71056d7a237c3089c9d2,Good. I think you already have what it takes to be a powerful Pathfinder.
1289620176,f4e6fdc2fc0596bb392ef6c21eed4e7d885d113d192b6f3f2920836a1f2dabd9,Throw a Legendary Aniipod to calm the frenzied Irisalis
1289629684,a4a8c2a110810e2aae6be69ed4a41ed26bdea6a55ece0d40c2fc7c235d660a3d,"A peculiar rock containing the power of Water Element.
The wave-like ripples on its surface make it very slippery, especially when you try to hold on to it."
1289641004,98653f5180b8fdd560c67992b7b38c54f652c7caff31cb5cfb4fd1254995277a,Sparki Morphling - Disguise
1289686703,4c505cb7712525e9e864eeaea0c2c8c3b37e96817bfab164ebbfd3371de32cc3,"Dr. Lewis, Senior Loulla also gave me this. She called it <style=Hint_BgD>Star Dust</style>."
1289702243,f855f9a02d64c74bdfaa76b8f8c0c1970e682a335ef54a75162d3c838ff030bb,"There are traces of condensed Vein energy here...
This must be what <style=Hint_BgD>Wally</style> was researching, right?"
1289707899,db26a646d5a9eeb0c9c3556577a2f9187feafd17279d10a5380f0d2278811ef9,You can also use the <color=#d89c28>Holy Flame Domain</color> Skill to directly melt the Ice.
1289720551,92bc11ea078c6d580ae0f4c74e0d2feb7d4e2c6982eb84a3135bd1738ffa5b16,Dreamy Aromathyst
1289726198,d6eed8fdf59db9f8d8397603a22ab9a20ecd43f797d56075b018da7b28863556,Platform Reward - Epic Games Store.
1289752393,b76535a7eacd509d33ab3e6e305c1f72f5dabd4856ac20d2b5b69a6cb9bfb627,"The smell of roasting fills the air, luring food lovers to sneak closer, though those who lack patience won’t get a bite for failing at snatching. Reach RV <style=Hint_BgL>level 12</style> to switch to E-mode."
1651122993,b76535a7eacd509d33ab3e6e305c1f72f5dabd4856ac20d2b5b69a6cb9bfb627,"The smell of roasting fills the air, luring food lovers to sneak closer, though those who lack patience won’t get a bite for failing at snatching. Reach RV <style=Hint_BgL>level 12</style> to switch to E-mode."
1849800469,b76535a7eacd509d33ab3e6e305c1f72f5dabd4856ac20d2b5b69a6cb9bfb627,"The smell of roasting fills the air, luring food lovers to sneak closer, though those who lack patience won’t get a bite for failing at snatching. Reach RV <style=Hint_BgL>level 12</style> to switch to E-mode."
1970436477,b76535a7eacd509d33ab3e6e305c1f72f5dabd4856ac20d2b5b69a6cb9bfb627,"The smell of roasting fills the air, luring food lovers to sneak closer, though those who lack patience won’t get a bite for failing at snatching. Reach RV <style=Hint_BgL>level 12</style> to switch to E-mode."
1991407505,b76535a7eacd509d33ab3e6e305c1f72f5dabd4856ac20d2b5b69a6cb9bfb627,"The smell of roasting fills the air, luring food lovers to sneak closer, though those who lack patience won’t get a bite for failing at snatching. Reach RV <style=Hint_BgL>level 12</style> to switch to E-mode."
2011767394,b76535a7eacd509d33ab3e6e305c1f72f5dabd4856ac20d2b5b69a6cb9bfb627,"The smell of roasting fills the air, luring food lovers to sneak closer, though those who lack patience won’t get a bite for failing at snatching. Reach RV <style=Hint_BgL>level 12</style> to switch to E-mode."
2103715726,b76535a7eacd509d33ab3e6e305c1f72f5dabd4856ac20d2b5b69a6cb9bfb627,"The smell of roasting fills the air, luring food lovers to sneak closer, though those who lack patience won’t get a bite for failing at snatching. Reach RV <style=Hint_BgL>level 12</style> to switch to E-mode."
1289761183,d93352a70395db3de0632a6b203cbc58aebb331e74bc417e7d75d4c6e8997434,Engineer
1354681227,d93352a70395db3de0632a6b203cbc58aebb331e74bc417e7d75d4c6e8997434,Engineer
1425698878,d93352a70395db3de0632a6b203cbc58aebb331e74bc417e7d75d4c6e8997434,Engineer
1457831741,d93352a70395db3de0632a6b203cbc58aebb331e74bc417e7d75d4c6e8997434,Engineer
1571263600,d93352a70395db3de0632a6b203cbc58aebb331e74bc417e7d75d4c6e8997434,Engineer
1683059572,d93352a70395db3de0632a6b203cbc58aebb331e74bc417e7d75d4c6e8997434,Engineer
1728923342,d93352a70395db3de0632a6b203cbc58aebb331e74bc417e7d75d4c6e8997434,Engineer
1774385471,d93352a70395db3de0632a6b203cbc58aebb331e74bc417e7d75d4c6e8997434,Engineer
1289781778,5062d3a5310db882770ea85842f8b5b0b202882698e0a7358660e1d74cb5507f,Divine Beast Statue Level Up
1289814103,027a1c02f8b2fe821e746647f1a568dce3f5b819067cc16937a7dfd7e17ac2ec,Aniimo Storage is full. Make some room before exchanging.
1289819622,85fc57c10c3556cea6b5347cceba2ff70443c3608743433675cafc09c6e62d9c,Building Block - Light Blue
1328315670,85fc57c10c3556cea6b5347cceba2ff70443c3608743433675cafc09c6e62d9c,Building Block - Light Blue
1289823119,b1cb1c56cee8f42e3ffedda36cd720e108d9351075e15d5f7027592d3f35b458,This plot of land is not yet open. Stay tuned!
1310250322,b1cb1c56cee8f42e3ffedda36cd720e108d9351075e15d5f7027592d3f35b458,This plot of land is not yet open. Stay tuned!
1490298720,b1cb1c56cee8f42e3ffedda36cd720e108d9351075e15d5f7027592d3f35b458,This plot of land is not yet open. Stay tuned!
1665453180,b1cb1c56cee8f42e3ffedda36cd720e108d9351075e15d5f7027592d3f35b458,This plot of land is not yet open. Stay tuned!
1852549583,b1cb1c56cee8f42e3ffedda36cd720e108d9351075e15d5f7027592d3f35b458,This plot of land is not yet open. Stay tuned!
2014871047,b1cb1c56cee8f42e3ffedda36cd720e108d9351075e15d5f7027592d3f35b458,This plot of land is not yet open. Stay tuned!
2144991785,b1cb1c56cee8f42e3ffedda36cd720e108d9351075e15d5f7027592d3f35b458,This plot of land is not yet open. Stay tuned!
1289848645,7a27dcce4e784584462d572d30d7f96b492df3cf438e9648446524736b89dd4e,"Plump rice grains mixed with salted cherry blossoms, savory and floral-scented."
1289868576,7c6eeddd797cb8ea056f5de9f6a7359d95ad8748ec9ee7e65712ba2773546044,Platform Reward - Heybox.
1289872814,23a516e039ed3218e32ef7340ef4287489ac88c825c836e9d7d250295f26fa90,Rounded Tiled Sloped Roof - Center
1289903084,2b6cac4fab8314ad9d844df5aa1cf87824693dd6752d15286b29a7c08ee0df7f,Innervating Shard
1713702896,2b6cac4fab8314ad9d844df5aa1cf87824693dd6752d15286b29a7c08ee0df7f,Innervating Shard
2023945140,2b6cac4fab8314ad9d844df5aa1cf87824693dd6752d15286b29a7c08ee0df7f,Innervating Shard
1289950176,46dd7c1f51e841aabbf729012e2cb5d1112ce7ca32efb64cf871358423e5afeb,... (Maybe I should come back later.)
1289997884,3af2543803c096a7f52e2735e6524776f0fbf4e2277324a592c6510793db76a1,Baleetle Family
1290007965,d1394a239efe6fff5cc90b837043ff9eba820d8d16a981563d7144754a4e100d,"Irisalis has lost control. Use the Legendary Aniipod to absorb the remaining anomalous energy, help her regain her senses, and win her friendship and trust."
1290016499,bbcf179b5ab70510a546e1393b03b39dec077a017f4733951608640f97a59f33,Umm...
1290025115,112df6e6c908e3dc4a70a827ee287afb795642ac63fb7a6db6ddd9f77852a68b,"A collar lost five years ago by a helpful Pranky, engraved with ""Pippi."""
1290044435,96329c692cc8836612c7354acac5d7580c3afda709cdebf33e2d59cec209b59e,Breezy Plains
1359845820,96329c692cc8836612c7354acac5d7580c3afda709cdebf33e2d59cec209b59e,Breezy Plains
1570185781,96329c692cc8836612c7354acac5d7580c3afda709cdebf33e2d59cec209b59e,Breezy Plains
1602196523,96329c692cc8836612c7354acac5d7580c3afda709cdebf33e2d59cec209b59e,Breezy Plains
1866921918,96329c692cc8836612c7354acac5d7580c3afda709cdebf33e2d59cec209b59e,Breezy Plains
1870235139,96329c692cc8836612c7354acac5d7580c3afda709cdebf33e2d59cec209b59e,Breezy Plains
1290050317,36dd16c74c13131d585dbbd4d3d1f7c69e1365abc1848c8314c029179537870e,One More Duel
1290055457,6ff0cf0e10f5cac499b1fad08011ea4f7962c4615f58c6cc4676ca625cd2b4bb,Saved to the Pictures folder in your install path.
1290072904,b8aed7a8b3914868bffe5a084ae859018e4240cbc56686fa7ddcb426746596ad,Not weighed down
1290099140,f7f8caf1c8cc6435e107d09037c8a4896b7355696d21456d7bf1b56a8cd7d162,"Rainbow light shimmers between magnificent iris petals. Brilliant dreams rest within the tender bud, waiting quietly for the moment they can bloom."
2097394375,f7f8caf1c8cc6435e107d09037c8a4896b7355696d21456d7bf1b56a8cd7d162,"Rainbow light shimmers between magnificent iris petals. Brilliant dreams rest within the tender bud, waiting quietly for the moment they can bloom."
1290104620,de87db879015ab377b5793fb4777b20b1cc2457c7b25d9fa8e98cdebc11091c0,Monstera
1326887631,de87db879015ab377b5793fb4777b20b1cc2457c7b25d9fa8e98cdebc11091c0,Monstera
1290110740,1afb37e065a0e322722739db63a188be9b248c5e8b87f2473b213a5ef6ec4c95,It’s too bright for us to sleep.
1290116276,fb27c01417a4e938d3b0c0c60394f5eb3da6d3b514e9e8ba836ea336e83e09c4,Wow—you caught a Flutternym already? That was fast!
1290121321,2620ceb7781f07f74ea01bf5e9f1c261ee6f7b138310017f0645142bde7f669a,Reach [Pro Egg Snatcher] in Egg Heist.
1290122419,8ac4e2f93eb9169a7ed4c404a3b60ff2ba390adab6bf57790644c8a8c3b14d07,"You really, really, mean to decline the request of Clovis, the grandson of Bloomville’s Life Flower florist?"
1290122484,4e8f95a0943ac174d5d1df655dda83473710ad249b06aab82a3b0bfc1361c8a1,"Tch. Just a bunch of kids playing pretend... Still, your Aniimo is kind of interesting."
1290126128,59643a786f5448f77080fb20086325d1c3520d1137be77b51ef38d4779ed945b,Pomegg Snowman I
2066556494,59643a786f5448f77080fb20086325d1c3520d1137be77b51ef38d4779ed945b,Pomegg Snowman I
1290127560,8651fda399ae1e1a20ef4ac1edddc6dc7968f6bf86d32f313e803d359deaa1b4,Target out of lock-on range.
1290145812,78b2e22849df77123cb3f52dc3fea58385fc3c495a4e242d49db37121ab65b5b,"Increases damage dealt by <customRichText(calcData,buff,9102104,param0,1,%d)>% while a shield is active."
1290147205,0edd4b5e5be3031f7c69261da49bae4032d7eec4ca1eecf96d0b172a6817b3b0,Apply to Index
1290166339,671d494cf584ecb782e61da1250441891f6c3fde0cf6981d26bb075a0aa7542a,"Don't lose Heart, for a newcomer, collecting Aromathyst is indeed not an easy task."
1290191941,240d6d53ae2653b874f28148d2583d82d37fdfba501af9036e6465bacce99392,Because he hasn't given me delicious Honey Cake today yet!
1290195821,5bc0b6e2c2748f186b0e2f39c8cd551d5af5e75bcd352c6bd5fe42028489bbd1,"Looks like you’re not too familiar with Grass-type counters yet. Try using <style=Hint_BgD>Fire, Dark, or Wind-type</style> Aniimo."
1290198663,a967e4d513340d4e973286e4dc834eb390642833ee91afc20a056874fb667360,Dried flowers aren’t selling very well... I suppose they really need to be processed into spices instead...
1396098315,a967e4d513340d4e973286e4dc834eb390642833ee91afc20a056874fb667360,Dried flowers aren’t selling very well... I suppose they really need to be processed into spices instead...
1290203472,1819e829bb33c3a6fa9d96bb6203b84a184d581e960b1b7f319c4c9e614be003,Patrolling
1290205356,d269cceed6a15ddd83e4976e0215007a273577605105b2e4ac3e1431e922d7e4,A rail-equipped mine that can be mined for ore. Reach RV <style=Hint_BgL>level 12</style> to switch to E-mode.
1330530951,d269cceed6a15ddd83e4976e0215007a273577605105b2e4ac3e1431e922d7e4,A rail-equipped mine that can be mined for ore. Reach RV <style=Hint_BgL>level 12</style> to switch to E-mode.
1889022102,d269cceed6a15ddd83e4976e0215007a273577605105b2e4ac3e1431e922d7e4,A rail-equipped mine that can be mined for ore. Reach RV <style=Hint_BgL>level 12</style> to switch to E-mode.
1946517793,d269cceed6a15ddd83e4976e0215007a273577605105b2e4ac3e1431e922d7e4,A rail-equipped mine that can be mined for ore. Reach RV <style=Hint_BgL>level 12</style> to switch to E-mode.
1957133581,d269cceed6a15ddd83e4976e0215007a273577605105b2e4ac3e1431e922d7e4,A rail-equipped mine that can be mined for ore. Reach RV <style=Hint_BgL>level 12</style> to switch to E-mode.
2145525557,d269cceed6a15ddd83e4976e0215007a273577605105b2e4ac3e1431e922d7e4,A rail-equipped mine that can be mined for ore. Reach RV <style=Hint_BgL>level 12</style> to switch to E-mode.
1290235127,34e108c0896d0158ca4f2797d4f12a143943803be2151aa5d2136ea1bcd9a468,Display
1716132359,34e108c0896d0158ca4f2797d4f12a143943803be2151aa5d2136ea1bcd9a468,Display
1866012715,34e108c0896d0158ca4f2797d4f12a143943803be2151aa5d2136ea1bcd9a468,Display
1934315025,34e108c0896d0158ca4f2797d4f12a143943803be2151aa5d2136ea1bcd9a468,Display
2129963005,34e108c0896d0158ca4f2797d4f12a143943803be2151aa5d2136ea1bcd9a468,Display
1290238218,da1266c4d5f59742a217d840230c5ba8738f35f005278c99083d54f125de6d4a,"As expected of a top student, you understood so quickly. Then creating it should be no problem at all."
1290238994,d01cacb16489ec5bee61c247fb2dc66f3c6d0fe207b83ecb8c55a69741dffb83,Intermediate Amplifier
1290260465,2beec9d1f53d2201d4cd01dbeacbf23862741881a9bf4ec02ed26e8f67c6357f,Oh? You’re new here? Hmm... starine rain really is spectacular. It’d be a shame not to see it.
2050728461,2beec9d1f53d2201d4cd01dbeacbf23862741881a9bf4ec02ed26e8f67c6357f,Oh? You’re new here? Hmm... starine rain really is spectacular. It’d be a shame not to see it.
1290268822,b55735d153fe253971612b9577f7997d8fb23ca8d16f0105bfc349624ffd2808,Serious Pebbling
1626763204,b55735d153fe253971612b9577f7997d8fb23ca8d16f0105bfc349624ffd2808,Serious Pebbling
1290276277,c40debc195ad2b6d33f85303d2d4a098053a3d2dafd447108adf11a2a31d4f47,"Third Brother is back, but why haven't First Brother and Second Brother returned yet!"
1290277204,538da4773e1fa74590c2a97b08a41328d6757fffba62eaf390d928b8b864eaf5,Studio data saved.
1290303419,04d02a17d1a126915166e749c24647cf4451dc15a2ccbf2f27e92361a1fce644,"But here, only a few of us remain.
So Joff and I provided our twining data to the Institute to communicate with everyone."
1290309279,e2c9cd438aae5d00d8b0711625e2c21f07a11b91e21dad74ff00774634448e29,"<link=""help_103""><color=#5090df><u>{0}</u></color></link>"
1290317461,7c01fb552aa993bc58964b16fef24903941fae968f733be9593901976710c5a8,"For every <style=Hint_BgL><customRichText(calcData,buff, 2061000010,param1,1)></style> skills cumulatively used during this training session, the Element Burst range of <style=Hint_BgL><link=""source_728""><u>[Energizing Bracer]</u></link></style> and <style=Hint_BgL><link=""source_730""><u>[Surge Engine]</u></link></style> increases by <style=Hint_BgL><customRichText(calcData,buff, 2002000,param9,1,%d)>%</style>."
1290330351,b81962f03a055886e604c1377d99d3a697103b87fef02fd09c613520014d1a70,"A prodigy in youth, an unbeatable Scorchhowl in his prime, 
so why did Icho leave Beast Fang Ridge to follow Dr. Lewis?"
1290342273,09b996695c116876844f1dc6fe791b71e3373c1b8d50e8af877932542e22e0e0,Could it be what...?!
1290365813,09e62ab41c6125b2403b66cb960db08d5857b2cc45f4784c76682e8668a2f8aa,Torrent Blade
1987043450,09e62ab41c6125b2403b66cb960db08d5857b2cc45f4784c76682e8668a2f8aa,Torrent Blade
1290366749,a61c7370fa70ffcb8178173badc8bad13ea9e9e66bc81c986a847b12b4cf7e16,"Every <style=Hint_BgL><customRichText(calcData,buff,2041002,param0,1)></style> instances of damage taken, restore <style=Hint_BgL><customRichText(calcData,buff,2041002,param1,1,%d)>%</style> of Max HP."
1290409815,baa91fc57dbb3ef234a558acae3de7116115917140ce676f694a996598097f02,"The Aniimo by the river are <style=Hint_BgL>Sleeping</style>, <style=Hint_BgL>doubling your catch chance</style>. Approach carefully and <style=Hint_BgL>catch them from behind</style> for an additional <style=Hint_BgL>×1.5</style> catch chance."
1290418090,334583690c1cc3627ff91fd886fcf77e0209786b1c9155d0772fb69fc33a83cd,Sunia Begins Her Journey
1290424440,c647b4158c961a886b7d6d0ce13dd9372853397c1a119dc482293b033baff579,That eerie sound... You can’t twine right now...
1290426662,c8bc1c666e491ad0cdd7da5aa213c526cddd7f2dc1926006023748e93bdeb94a,Soft Fragrance
1290436310,6dc615805a920c3bd93cbdc93df0512fe2a21f4b5cece5c09a93ac6002139171,Energy reaction experiments are conducted to safely speed up egg incubation.
1422371840,6dc615805a920c3bd93cbdc93df0512fe2a21f4b5cece5c09a93ac6002139171,Energy reaction experiments are conducted to safely speed up egg incubation.
1290453461,18e225c5cd51930f412cf552487471190c97927df5288424657364b648839e44,Look up—
1290470699,56916c310e1c857a26d73323bb3d6806db3e5bfc31d1bcc7e2b65b6c077c8594,Alpha Helmwhelp
1575176603,56916c310e1c857a26d73323bb3d6806db3e5bfc31d1bcc7e2b65b6c077c8594,Alpha Helmwhelp
1752562093,56916c310e1c857a26d73323bb3d6806db3e5bfc31d1bcc7e2b65b6c077c8594,Alpha Helmwhelp
1858935350,56916c310e1c857a26d73323bb3d6806db3e5bfc31d1bcc7e2b65b6c077c8594,Alpha Helmwhelp
1290479024,caa398f0380ff71089d2417bd12a405398f8c6e9656834f851004354aeaae655,A rug for decorating your Home.
1955278976,caa398f0380ff71089d2417bd12a405398f8c6e9656834f851004354aeaae655,A rug for decorating your Home.
1290479239,3b158e9522d70ee52acc4f29f697e18dda01150ece31dac69b66098fe57e6a6d,1:48 AM
1290490575,4c343ce6cd33c6c9d3fba08bc7eedde686c4f3ac8f88e28a1dc8bd741db75aa6,"Table of Contents:
Chapter 1 Getting Started with Perfumery: Pre-Treating Essence and Water
Chapter 2 Choosing Containers: How Materials Affect Fragrance Preservation
Chapter 3 Heat Control: Working with Fire Aniimo in Refining
Chapter 4 Fragrance Blending: Dewy’s Contribution to Perfumery and Notes of Caution
Chapter 5 Applying Scales: How Somniwing Wing Width Affects Perfumery
...
Chapter 97 Path of Twining: Perfume Purification and Aging Control
Chapter 98 Saving the Scent: Repurposing Perfumes Near Expiration
Chapter 99 A Commercial Journey: Packaging Fragrances for Market"
1290504510,b12d52dc48f1e353e90b4b60a42fab7cc423c0c3e762f89795259339cc40b7af,"Two Helmuts are always chatting together, swapping stories about the legendary Pawney and other Helmuts teaming up to fight dragons."
1290528947,129c6cab2595996b4bb401ffdb12bb2fd1f0d2c149b2e942ce9d55b76c0d8306,Universal Item Conversion
1290536071,224ccbe747cde86590a3361ca6713c66a5b41b87033d1102c710900d978ec3dd,It’s been a long day. I feel like the only way to unwind is to sit here with a cup of iced coffee...
1290551026,b8988fb08d230b27094a5c8de724a569a41fb4c7f0fbe2fc4c54049b91422f99,-{0}%
1290573044,1e7aa7671e1481e3c3b1068fa573fbcbf0c508f6957b301465bd89c92ac60935,"With Aniimo, no EMO"
1290580015,603d9a072f38aaed9c8ef8965290baa4daa724defcce90f09c3761964c44bb55,"Scales shimmering with small, scattered lights."
1856519422,603d9a072f38aaed9c8ef8965290baa4daa724defcce90f09c3761964c44bb55,"Scales shimmering with small, scattered lights."
1290612693,65280ed50043d17b99b1587b04fb9759ac96bc22475cde33d119486442969a18,Feathered Spring Whisper
1290619210,7777b24eb0d9c82b82ffcd20d1b9a1edb187de7807c97658756863ca915bbbd3,Amber-colored thick syrup with mild sweetness and a light herbal fragrance.
1290627157,b8617f97b921014d024e6c9f2e800a41e94edb8dc481e95bc26f2c0a51115cdf,"This Aniimo already has an accessory, and the selected accessory is worn by another Aniimo.
Save the current set and equip this accessory to the current Aniimo?"
1290639736,9916818fdd1234a802272a3c035dd99c064eaf13ee392b74f4df0449c9c40b46,Disable Weight Push
1290664691,489fb53a49997003c69fb9dce959bf0e843ba893a51a658e95ad4bb1fee0abbd,Be careful.
1290672687,cd907c2c2f832a7889d37adfd51d7c24dae7f516b3ae5979e2c1b0b58a2e4975,"Twine with Tromber, then move close to Cornet and use Skill Waltz."
1290683729,8f3d32db9c5c90c97134d7b89f27d548a65e6291f5796c0999c9eca837b48688,A rare mineral pulsating with raw Elemental Energies.
1616963590,8f3d32db9c5c90c97134d7b89f27d548a65e6291f5796c0999c9eca837b48688,A rare mineral pulsating with raw Elemental Energies.
1290690271,ed56a87e9b60ed4a4897e4ad71893c6b0dc5e5d9ae21e1ff13b3a84f671b0233,"The new collection is gaining attention. My creativity is the soul, and quality materials are the key to success."
1290698086,1624e60f2c1e751a90024106bd6ef0a329c658f909c33319e4f687d3aaa84673,"Attention, everyone! Stay calm!"
1290709944,6dc730ba07f633af70126069567da56b7e27d42235c38beaedab0bea75acc9b7,Sort by Quality
2094817028,6dc730ba07f633af70126069567da56b7e27d42235c38beaedab0bea75acc9b7,Sort by Quality
1290714610,5313da3f0c4a941c95be973bdec1b670ad9eaf05414555e816f6e91158e9c2a9,"Can you guess which Aniimo I drew?
If you can figure it out and bring it to me, I’ll give you this masterpiece. So, what Aniimo do you think this is?"
1290730776,208b488bc8bc7e39e079a49c87512828a73442c663269370b4e6e64c99bd5b4d,Dr. Glass’s Trial: Shelly
1290732529,4853cbca927e932036b4405163a515af4f366a9aa8916c39b675bed062a64a0e,A Training Style that spends Training Coins on attacks.
1290735283,65e6f44672cea441801bf9865c90dee3949abae777424e519c57634523073d52,"Okay, I lost the last report again.
But it’s fine, I have a new finding this time!
I believe that my luck has begun to turn! If it weren’t for those who chased me into such a remote corner, I wouldn’t have stumbled onto this gossip.
No, matters of Aniimology can’t be called gossip. This is intelligence!
————
It turns out that the Bonesky and Emberpup families have been fighting each other for control of Beast Fang Ridge.
However, it’s not all hostile between them—some Boneskies and Emberpups are secretly friends.
It’s worth noting that Boneskies and Emberpups once coexisted peacefully and had a simple partnership—
Boneskies would create ice pillars, while Emberpups would melt them with fire to get fresh water in the caverns.
What’s more, stronger Emberpups would thaw the surface of the underground river with fire, whereas stronger Boneskies would absorb the biting cold air in the cave to prevent the Emberpups coming to fetch water from getting frostbite.
This partnership, however, has long become a thing of the past."
1290760172,1ae88f4d1e1b9d63bae7c8ac19593d96c0b10019fe49128b439f4593e2ffe716,"In Command Mode, <color=#D89C28>hold [Q]</color> to use <color=#D89C28>Gravity Pull</color>. Press the <color=#D89C28>left mouse button</color> to lift a rock and smash it down on the target."
1298664273,1ae88f4d1e1b9d63bae7c8ac19593d96c0b10019fe49128b439f4593e2ffe716,"In Command Mode, <color=#D89C28>hold [Q]</color> to use <color=#D89C28>Gravity Pull</color>. Press the <color=#D89C28>left mouse button</color> to lift a rock and smash it down on the target."
1290804711,304afc32b7ff2e2326754c58222d6f930ca90bcb24e2d67a1453616a3aea8cd7,Face
1890231345,304afc32b7ff2e2326754c58222d6f930ca90bcb24e2d67a1453616a3aea8cd7,Face
1290806487,36ca4bd94a6fd894f24c8668b4e5f6760f8822bf071854b80aed3db6fd6338a1,Red-Tiled Roof Ridge
1518711312,36ca4bd94a6fd894f24c8668b4e5f6760f8822bf071854b80aed3db6fd6338a1,Red-Tiled Roof Ridge
1290818226,80ff4dbc2cd93202528a6bd78491ee4d3fcb67bb8b7db4e2454310adb3354c17,%s capability
1290857332,2b7c85cd8c41c394c9a7e92b26cf53c13fedfde911ca0139b7dac45a1701ac0d,Text 6 content placeholder content placeholder content placeholder content content
1290871862,dc44a96fa0101d9e6d8b5ec9c0a29e1a44ca98a893120e2be6bd63b5c7338377,Journey Handbook
1442615428,dc44a96fa0101d9e6d8b5ec9c0a29e1a44ca98a893120e2be6bd63b5c7338377,Journey Handbook
2141897807,dc44a96fa0101d9e6d8b5ec9c0a29e1a44ca98a893120e2be6bd63b5c7338377,Journey Handbook
1290887886,2c7dcd95f30f42111ed888c7a5b9823611794784cceb00ad362fa05ff4fcfc9f,Poison TP Reduction Bonus Multiplier
1750653937,2c7dcd95f30f42111ed888c7a5b9823611794784cceb00ad362fa05ff4fcfc9f,Poison TP Reduction Bonus Multiplier
1290901885,be7140fe3dee7e2d3f662666bd09d33572fae458c3091ea0ee999d13c91bc88d,Flowers and Thorns
1290905928,71ec4551a4a675bfd096a05f412e3fa5da6243cda0c29cb60803fb2e606ee1de,Plateau Ecology
1595274599,71ec4551a4a675bfd096a05f412e3fa5da6243cda0c29cb60803fb2e606ee1de,Plateau Ecology
1934286105,71ec4551a4a675bfd096a05f412e3fa5da6243cda0c29cb60803fb2e606ee1de,Plateau Ecology
1290933359,c1624a26107e1a301a54e536e1313c121b4db310913fe9c653caf352645821a2,Beach
1964093944,c1624a26107e1a301a54e536e1313c121b4db310913fe9c653caf352645821a2,Beach
1290950612,484100cd43a10e21c9dd2bf692a7da894663e8978fb533a5a26954e9c318b342,Whalesong Blossom
1371825304,484100cd43a10e21c9dd2bf692a7da894663e8978fb533a5a26954e9c318b342,Whalesong Blossom
1685835283,484100cd43a10e21c9dd2bf692a7da894663e8978fb533a5a26954e9c318b342,Whalesong Blossom
1740483181,484100cd43a10e21c9dd2bf692a7da894663e8978fb533a5a26954e9c318b342,Whalesong Blossom
1860353916,484100cd43a10e21c9dd2bf692a7da894663e8978fb533a5a26954e9c318b342,Whalesong Blossom
1290955038,84e9468a4aa17669bf7748c1fe68aba817d18008c8028b2d6196c94e4ec7ca78,Capture or defeat all targets: %s/%s
1290970581,34541725fb8e824163b39ea776fb147dd6d2898eb15ee729adc32e56f917bd3a,Only the Team Leader can use this.
1290982480,52fcff787d006efadb35b3e9b57c4ae58dddc89964c58ce1ef615444e492aa33,Twine with Cornet and approach another Cornet
1291003880,338beb84a82dd33dc71f45bbe241b661d982d045aa19fbfa1e2fadee9d7ddf58,"Have you forgotten? Those guys who ambushed Lunara!
This style is very similar..."
1291046101,4568982ee22d3f6bf1388577ced4fef9ca239b6086cd0e3b678cc0fb1ea19211,Huge Sparkling Strawberry
1291049512,f056092baaf4f5e60903d33aaefddf5e0059709fb62f87b31b333f9846dc31ef,"The Vein’s energy has fully recovered, and this broken land has welcomed its Guardian back."
1291050367,67b506a895c09603d38a9afa8377cffcce23f17126495e46ff8817423f0c2c79,Bubble Drift
1624842788,67b506a895c09603d38a9afa8377cffcce23f17126495e46ff8817423f0c2c79,Bubble Drift
1291051520,b84259bbc75638487904bb1ee0213836fd25827071b5ab36a13d4b2ddc79a9ca,Oh no... I’m running low on <style=Hint_BgD>Cores</style>. Which Held Item should I enhance next...?
1291065103,bf68cb86516475e95eb3f1e235d16ff69db4a5d84014c3193d4a47da067e3eea,Import successful
1291082041,06f3ec9d3f9d45e41de2e9d1379731ffcd77c345d5f9e95bf022d09fd791b646,Continue to the green target ahead.
1291127007,6073c9e0f9860d50276f42080937bf06947c58566de15e7bc17ab4acf23c96a3,"You’re flying so high, baa!"
1291154399,ce9b9e6a2b753fcc9983ec052783411178629695a448d9b8cb4e0f5e5afef843,Uncommon
1337180057,ce9b9e6a2b753fcc9983ec052783411178629695a448d9b8cb4e0f5e5afef843,Uncommon
1352547680,ce9b9e6a2b753fcc9983ec052783411178629695a448d9b8cb4e0f5e5afef843,Uncommon
1385662256,ce9b9e6a2b753fcc9983ec052783411178629695a448d9b8cb4e0f5e5afef843,Uncommon
1390886654,ce9b9e6a2b753fcc9983ec052783411178629695a448d9b8cb4e0f5e5afef843,Uncommon
1508315718,ce9b9e6a2b753fcc9983ec052783411178629695a448d9b8cb4e0f5e5afef843,Uncommon
1751625471,ce9b9e6a2b753fcc9983ec052783411178629695a448d9b8cb4e0f5e5afef843,Uncommon
2095103259,ce9b9e6a2b753fcc9983ec052783411178629695a448d9b8cb4e0f5e5afef843,Uncommon
1291174195,f22e79d98dc92190cf23ac5e4cede5056c5aead6e77f28d6bb6e937d3437dcff,Incubation speedup applied
1291216545,b3e40daca64aa035549e57352f543a0ddc076317321ce808c882bcc59eb88e09,"Teach me in a real battle! Bring an Aniimo with an advantage over Earth, and I’ll learn it by taking the hits. It’s my patented Painful Memory Method—ten times better than studying and personally tested!"
1291245272,be0920ab8c92c7cb994bdd71306e17395b3ae2204c77853bdd62677ed4579869,Please select a hairstyle first.
1291297054,b326727f693fae1ae7bc41b43f7454f9babb4d18213ef6933118fab18b795941,The new guy looks pretty good!
1291306636,a72b574fc6f23fc8834a0ea35eaf74849dbf6c02cad60469869e9e7c70b25d28,Elite Training Entry ID
1291320236,b4699e35e631472dcba7a87a2f35d602eb8264541ac345b05f7e80010c2bacd8,"Simple, direct, and effortless."
2109624714,b4699e35e631472dcba7a87a2f35d602eb8264541ac345b05f7e80010c2bacd8,"Simple, direct, and effortless."
1291325655,e8103764ead521737d4d26176c07a170a9bd198d15b7b05d008f8eea3323b803,Shake off the fatigue and keep moving forward.
1542133805,e8103764ead521737d4d26176c07a170a9bd198d15b7b05d008f8eea3323b803,Shake off the fatigue and keep moving forward.
2046767262,e8103764ead521737d4d26176c07a170a9bd198d15b7b05d008f8eea3323b803,Shake off the fatigue and keep moving forward.
2122805840,e8103764ead521737d4d26176c07a170a9bd198d15b7b05d008f8eea3323b803,Shake off the fatigue and keep moving forward.
1291327329,cc2851b42184376ec0ace48edb40d2b0292d3b64611d26d1fe06526ca50421ba,Press #kRaw/GamepadButtonWest#z to open Aniimo Selection.
1291327704,a1cdb3a388fef70a533feb2343ba15c6a3978413caef46a417ada469fd9dc6b5,"What are you talking about? This is the ""Freedom"" Score! It’s all about freedom!"
1291331884,c0e28303885cff51f662033b0995f7049d9f072e84b77fa85aeff3dbb3251d7a,A sofa for your Home.
1349250669,c0e28303885cff51f662033b0995f7049d9f072e84b77fa85aeff3dbb3251d7a,A sofa for your Home.
1417699887,c0e28303885cff51f662033b0995f7049d9f072e84b77fa85aeff3dbb3251d7a,A sofa for your Home.
1476780397,c0e28303885cff51f662033b0995f7049d9f072e84b77fa85aeff3dbb3251d7a,A sofa for your Home.
1562555095,c0e28303885cff51f662033b0995f7049d9f072e84b77fa85aeff3dbb3251d7a,A sofa for your Home.
1566743871,c0e28303885cff51f662033b0995f7049d9f072e84b77fa85aeff3dbb3251d7a,A sofa for your Home.
1833641885,c0e28303885cff51f662033b0995f7049d9f072e84b77fa85aeff3dbb3251d7a,A sofa for your Home.
1864937013,c0e28303885cff51f662033b0995f7049d9f072e84b77fa85aeff3dbb3251d7a,A sofa for your Home.
1896587580,c0e28303885cff51f662033b0995f7049d9f072e84b77fa85aeff3dbb3251d7a,A sofa for your Home.
1933359831,c0e28303885cff51f662033b0995f7049d9f072e84b77fa85aeff3dbb3251d7a,A sofa for your Home.
1955758614,c0e28303885cff51f662033b0995f7049d9f072e84b77fa85aeff3dbb3251d7a,A sofa for your Home.
2012809355,c0e28303885cff51f662033b0995f7049d9f072e84b77fa85aeff3dbb3251d7a,A sofa for your Home.
2049058626,c0e28303885cff51f662033b0995f7049d9f072e84b77fa85aeff3dbb3251d7a,A sofa for your Home.
1291353566,237d16ed09e597896fb76a21d17c4b3d3f3ad685e28b08a2af9ed1cb1b643724,Gift Mutated Crops
1291384362,8f9445f547ee8ce4859a4ab72b3369c16a35e74e9a2c7742f46f14486f191259,"Extremely rare rose with dual mutations, enveloped in a rainbow-like glow while having exceptionally large and vibrant blossoms."
1522060557,8f9445f547ee8ce4859a4ab72b3369c16a35e74e9a2c7742f46f14486f191259,"Extremely rare rose with dual mutations, enveloped in a rainbow-like glow while having exceptionally large and vibrant blossoms."
1291402508,4a6b63d03a1f08b21a6ed8b55a4386214368592a4f7c06c6a824595e2d64d900,"Do you need to report a problem since your gaming progress is blocked?
A developer will log in and try to fix the problem after your reporting."
1291409264,26cbdd66d2c1eab5770605f96304469b3442802e9db07181b4ba76cee11b5d34,Punk Rock Hairstyle
1360707794,26cbdd66d2c1eab5770605f96304469b3442802e9db07181b4ba76cee11b5d34,Punk Rock Hairstyle
1291413679,abedb1fca480970c1baa765d7e7587eb90d36664164881598f79d8d86319df4d,A Shelly’s Courage
1291424702,fed2493f8ab3898f7b12d2a8a365b17eb4ba5e24abada0b35d72ebe2de7b6e9e,3 times
1384522853,fed2493f8ab3898f7b12d2a8a365b17eb4ba5e24abada0b35d72ebe2de7b6e9e,3 times
1445872837,fed2493f8ab3898f7b12d2a8a365b17eb4ba5e24abada0b35d72ebe2de7b6e9e,3 times
1517246584,fed2493f8ab3898f7b12d2a8a365b17eb4ba5e24abada0b35d72ebe2de7b6e9e,3 times
1572999446,fed2493f8ab3898f7b12d2a8a365b17eb4ba5e24abada0b35d72ebe2de7b6e9e,3 times
1600125845,fed2493f8ab3898f7b12d2a8a365b17eb4ba5e24abada0b35d72ebe2de7b6e9e,3 times
1942806399,fed2493f8ab3898f7b12d2a8a365b17eb4ba5e24abada0b35d72ebe2de7b6e9e,3 times
2051580647,fed2493f8ab3898f7b12d2a8a365b17eb4ba5e24abada0b35d72ebe2de7b6e9e,3 times
1291438595,2cfd5722c084d0bcf817969060d26d85fdd3653843e886df7d3a995d87026c2a,Faux-Wood Frame
1291474199,612e0ca25be14f7e860c8645ae060ce3de272c37f3a0a3c10e85364c8c4ef4c4,"After this, the trend around Aniimo seemed to gradually shift from flashy outfits to the care people show their Aniimo and the emotional bonds they share."
1291475470,c0b21fb164deefc90926e559b64753c1c9ed1d14b09f3b8f283e8fe5df4cf2c4,Tank
1629380570,c0b21fb164deefc90926e559b64753c1c9ed1d14b09f3b8f283e8fe5df4cf2c4,Tank
1643326682,c0b21fb164deefc90926e559b64753c1c9ed1d14b09f3b8f283e8fe5df4cf2c4,Tank
1770865919,c0b21fb164deefc90926e559b64753c1c9ed1d14b09f3b8f283e8fe5df4cf2c4,Tank
1814394882,c0b21fb164deefc90926e559b64753c1c9ed1d14b09f3b8f283e8fe5df4cf2c4,Tank
1862126008,c0b21fb164deefc90926e559b64753c1c9ed1d14b09f3b8f283e8fe5df4cf2c4,Tank
1901572503,c0b21fb164deefc90926e559b64753c1c9ed1d14b09f3b8f283e8fe5df4cf2c4,Tank
1291485478,fc335e2d8b92afa68c96a87ed525f757b24db9f6b5187ea39484e117c9c3dca5,Fragrance Bomb
1638493047,fc335e2d8b92afa68c96a87ed525f757b24db9f6b5187ea39484e117c9c3dca5,Fragrance Bomb
1291502227,3c5a3834ea946226a6f39532cddbc4cb9bdb45784fa9822c8dcd0a0731b5abae,"Congratulations, you’re now a <style=Hint_BgD>Grade III Student</style>, just one step away from becoming a Wayfarer."
1291516871,d577a99bfebe15283f14c65d68565feb6947aa9799b6871bb61abe3aec9c77b7,This placeable overlaps with another.
1291603917,04ee87a4e510072ee7a02d57650d8d95d2c7dd9b87a0135127508d303d2f2847,"Neatly rolled towels sit stacked and ready for drying your face, your hands, or an Aniimo’s wet paws."
1923862349,04ee87a4e510072ee7a02d57650d8d95d2c7dd9b87a0135127508d303d2f2847,"Neatly rolled towels sit stacked and ready for drying your face, your hands, or an Aniimo’s wet paws."
1291636326,ef46f6e5e477c0dcca55c450e050f1c17b4682636c3f6e90c382767d6e8fd1fa,Pathfinder disconnected (major disconnect)
1291645355,abc183b75143428fb0a28d5e5cab50fec21fbcd04e259dab4e75a09fbf2b8cb1,Your Aniimo kin cheer you on! Stamina recovered!
1291654446,103e84c03139a3606c32e84ce2f76f04476186acbe8e5c51a7486986b2c97eb9,"Leaps up at high speed, gathers electricity, then slams down onto the target and enters the <style=Hint_BgL><link=""source_8042""><u>[Overcharged]</u></link></style> state."
1291655011,cdc734dc35061d0676242fefcba370d6d64c4dd38ca71139a6d4d57045420376,"...Look at my newly Equipped gear! It's the same model as yours, Instructor. This way I can finally beat that guy from last Match, right?"
1291656295,d6b4bee2c01c63fa8efb92fdc46cd5a5eccdd067e79cec23fcaf01ddbf8f5f13,They say they only appear during a Prismana Flow. 
1291682419,ce5576bfef69b126a6e09a762dc0b697673d06849ef0e091cd6254cf0f716541,Intermediate Capacity Expansion Chip
1406213292,ce5576bfef69b126a6e09a762dc0b697673d06849ef0e091cd6254cf0f716541,Intermediate Capacity Expansion Chip
1774991763,ce5576bfef69b126a6e09a762dc0b697673d06849ef0e091cd6254cf0f716541,Intermediate Capacity Expansion Chip
1291699273,b354055d2ce237f3bd6d87409bcb33971adc5aa50f56f7d6bb11c8d56d231c09,The Harvest Moon Festival event is live for a limited time! Complete the daily checklist to claim beautiful gifts prepared by GoGoHomes!
1291704855,9c769a4d0083876319a7d9e4061b2c59035b78d91c0ef815260f09a0b1f2ed4e,"A fresh, soothing wooden step stool made especially for short-legged Aniimo."
1748785245,9c769a4d0083876319a7d9e4061b2c59035b78d91c0ef815260f09a0b1f2ed4e,"A fresh, soothing wooden step stool made especially for short-legged Aniimo."
1291729723,c638b709680a85f3b15bb124583f4a0e655d2945ef29b461295ef517bb2fc65c,Windkiss Vine
1291743230,c8e15cfbf68b3a48e0467e6b6973bb93f791d7b807b0635e748990eb907a9419,"It glows with deep, mysterious radiance."
1619314521,c8e15cfbf68b3a48e0467e6b6973bb93f791d7b807b0635e748990eb907a9419,"It glows with deep, mysterious radiance."
1291747280,588a92d771b1792199e1ceb9db561d478f701b17912dea1a1421ad62746c556f,<b>9</b>/20
1714375385,588a92d771b1792199e1ceb9db561d478f701b17912dea1a1421ad62746c556f,<b>9</b>/20
1291747696,0dd730ccf466037f075912c9be11df9cac97ae454dcff735e788b9e1727ef402,Advanced Attributes
1316984975,0dd730ccf466037f075912c9be11df9cac97ae454dcff735e788b9e1727ef402,Advanced Attributes
1650010255,0dd730ccf466037f075912c9be11df9cac97ae454dcff735e788b9e1727ef402,Advanced Attributes
1731111668,0dd730ccf466037f075912c9be11df9cac97ae454dcff735e788b9e1727ef402,Advanced Attributes
1742079368,0dd730ccf466037f075912c9be11df9cac97ae454dcff735e788b9e1727ef402,Advanced Attributes
1780769670,0dd730ccf466037f075912c9be11df9cac97ae454dcff735e788b9e1727ef402,Advanced Attributes
1819317885,0dd730ccf466037f075912c9be11df9cac97ae454dcff735e788b9e1727ef402,Advanced Attributes
2103067201,0dd730ccf466037f075912c9be11df9cac97ae454dcff735e788b9e1727ef402,Advanced Attributes
1291816885,f3e4352a5df650e5a198f98bba91af0e6d2102fe2a3d9825db4df85aebfbe39f,Remaining
1309753571,f3e4352a5df650e5a198f98bba91af0e6d2102fe2a3d9825db4df85aebfbe39f,Remaining
2044778456,f3e4352a5df650e5a198f98bba91af0e6d2102fe2a3d9825db4df85aebfbe39f,Remaining
1291836882,03ed7070db6ac13a607d7cadd04128c0889f4757d94b44c475abd68ee305a358,The Aniimo wandered too far from its habitat and slipped away...
1291846615,2cccfa4825c6a94ae7b6f6cd798c1d3627ca70d3b53137db36ffeeb308d9fd34,Numeric Test - Wind
1666308469,2cccfa4825c6a94ae7b6f6cd798c1d3627ca70d3b53137db36ffeeb308d9fd34,Numeric Test - Wind
1291868294,b881cf29b96cfd585b5e516f3daee53458af720095d44892701f35833eb3473e,Failed to enter. Previous dungeon not completed.
1291875749,ab09242d9e3dcc5fd693b76f0cf62f7006550ef27567cbeab684bbfab5715a03,I heard Instructor Lita cleared every training stage in one go. That’s incredible!
1291877397,cd7fd2010524bdddc6675bd5448fa11b63121e521a8ccc31070882bf7404286d,A miraculous score used to obtain and evolve Tubster.
1291885024,1cd7e7e408b99086289585f68a89e9d324453966f4c808fc594ff2b52c1fe9d9,Today's Abnormal Status Points
1747075696,1cd7e7e408b99086289585f68a89e9d324453966f4c808fc594ff2b52c1fe9d9,Today's Abnormal Status Points
1291934492,f8660510efa6e85a8a81c42b3f9d950be9e59877b1dd68c8a077334af197de1b,Increased chance of Nova Stage Aniimo appearing
1291946701,653b3d06ccd1b01df512a1eebdad5327acf61420da100459d166f5eb42f8bcec,Reach Prismatic tier for your Pebbling research level
1291960968,c51173f17e03bd230452b8c0cef7440a032796854833fa4122401442c157cb06,Reach 70% Aniimo Collection Progress in Zephyrus Landbridge
1291981386,401092531c0ca00d74e6b28d041ec6c64867787fa5f5b8fbc4d1ab4d47f053a5,"A frost-white flower with layered, tassel-like petals."
1589181596,401092531c0ca00d74e6b28d041ec6c64867787fa5f5b8fbc4d1ab4d47f053a5,"A frost-white flower with layered, tassel-like petals."
1291987256,604ab119adc373b56fd6ae71e5eb6d55f99034bdcd08ea020d09ccc354af4fb1,Press #kRaw/GamepadButtonNorth#z to enter [<style=Hint_BgL>Aniimo Training</style>]
1547687378,604ab119adc373b56fd6ae71e5eb6d55f99034bdcd08ea020d09ccc354af4fb1,Press #kRaw/GamepadButtonNorth#z to enter [<style=Hint_BgL>Aniimo Training</style>]
1291988626,c68c916a22f0f786e5251783a96c5b3b1a21e5315d7608dc220ccd9c505d3c16,"A wooden fence shaped like colorful little houses, playful and childlike in design."
1724405206,c68c916a22f0f786e5251783a96c5b3b1a21e5315d7608dc220ccd9c505d3c16,"A wooden fence shaped like colorful little houses, playful and childlike in design."
1291991092,8d1c8b459cea1a8af84a18c4a34fae7c1c567ca0b47f2f02297b13a4144d3752,"For every <style=Hint_BgD>3 pieces of ""{0}"" holo-gizmo</style> collected, you can level up the transformation effect."
1292006791,e8194a0e6d20ba3f3ae0aed9d4178d6048886e325f44a0369212e9278dbcc417,Lying Flat
1308531583,e8194a0e6d20ba3f3ae0aed9d4178d6048886e325f44a0369212e9278dbcc417,Lying Flat
1341260735,e8194a0e6d20ba3f3ae0aed9d4178d6048886e325f44a0369212e9278dbcc417,Lying Flat
1354031960,e8194a0e6d20ba3f3ae0aed9d4178d6048886e325f44a0369212e9278dbcc417,Lying Flat
1292015092,fa3d88fd9e2f57e6e8af96eaaa05efc7d2ab28ebf889b7587b186f885d91a6cb,Unlock Outfit Slot
1292021600,4f060d39efa260068a04445c40b2be2bbb98a5773841d861a0007662e59ed9e4,"Such a large stone seems to be immune to Normal Attacks, try to see if you can use this <color=#d89c28> suspended bone </color>"
1292042348,958ff767e1ca286f56ac59b990aeef048386db23c953564358e2e7ee361c175b,Carry Emberpup on your back and head out on an adventure.
1361120270,958ff767e1ca286f56ac59b990aeef048386db23c953564358e2e7ee361c175b,Carry Emberpup on your back and head out on an adventure.
1629228407,958ff767e1ca286f56ac59b990aeef048386db23c953564358e2e7ee361c175b,Carry Emberpup on your back and head out on an adventure.
1292045330,f12fea63a1a073613ef9d615d3f30a053deaa554aa95d3776562ed060f880ce0,Increases basic attack Damage Amp by 30%.
1292049037,16cb9c5c9f7cfad517de10e465f709a658c0975762611068c13bee76b231653c,Functional Facilities
1540090419,16cb9c5c9f7cfad517de10e465f709a658c0975762611068c13bee76b231653c,Functional Facilities
2099642534,16cb9c5c9f7cfad517de10e465f709a658c0975762611068c13bee76b231653c,Functional Facilities
1292054908,d1fd25b69f4f123d741a25d251f91bcff65aa4a0f0a268f044dd8bf53f9ec1db,"Evolved Aniimo have transformed attributes, forms, and skills."
1292062393,7ca12a8add3cbdfc030ccb6b23b9838799cdff72a74e80137848ee10e3309193,Turning off cross-platform play will cancel current matchmaking.
1292090872,48c3b0fbc8612edbe48e46c74fae2e42b5a7b9ded3180507661ddcf9babd2c09,Brother Helgon hides those chests in high places!
1292091670,ef485425fb3eec1ed3be6d1d22ce78b7eede6b943e7d3e3399dce76cd2021b4a,That beautiful white flower over there—is it also guarding this place? Or...
1292096688,e8263b3b6bf1e776712127e7189e87b2a92566014e20a75df1e1f51233e650e8,"Lumintech-based gadgets provided by the Polaris Institute and integrated with multiple Apps. They also include features such as <style=Hint_BgD>twining enhancement</style>, <style=Hint_BgD>skill usage</style>, and <style=Hint_BgD>energy transmission</style>, among others."
1292117955,f03fecfac503e68d10f6ec8a2e1bc05e2cba956509439ed429095a0ee3c8b08b,Wolfkin
1369593374,f03fecfac503e68d10f6ec8a2e1bc05e2cba956509439ed429095a0ee3c8b08b,Wolfkin
1292131490,7673d279a4c70accfcf6bb5a4600b5ee274d2a985cf29a3c080db2fb86166346,"Making a special Spice is hard, but mixing a basic Perfume is Easy!"
1292165473,67f1f5947a527ee8288832de27f48f94e687da9e80d654cdfc1a93e209ad3909,Bot153006
1292178704,a49984a28ad92d5e6f1acde3b2ad5f11645aedbec0db21aea78a6e6d0aaaf12b,"For those who love battle, the challenge itself is the reward!
That said, people who complete training do need more incentives. I’ll discuss it with Ling."
1292210616,d50f5e01751fb3cecd905d1e463ceeaf725233e48423afd802190c829b118655,"That obvious, huh?"
1292224204,5145c3fe0e92e33ce43cf3d9eca3531f04b8bee893526b9dfc845f671d4212e8,"You're just a freshman, the Breezy Plains outside are enough for you.
As for the most dangerous places, leave them to your future self."
1292242868,724ebcd86b3f3bc5188ceddfa0442759016baba65ceb052cfda3ba21bac3bfac,Garden Court - Canned Succulent
1894853426,724ebcd86b3f3bc5188ceddfa0442759016baba65ceb052cfda3ba21bac3bfac,Garden Court - Canned Succulent
1292272773,2ea67ed8f9874261d39d7d7b1da8423a7fcebaa7898bae14006f9a1f5b38e39b,Plenty of fish in the sea—keep shooting!
1292297185,ef1903b76e0288ffa9eec9665d2d625969c26ebffa0e013a329e4ab8d5c0eb6b,"Thank you for your decision. The addition of an excellent student is an honor for the academy.
By convention, we should welcome you with a banquet, but it's too hasty at the moment. I'm afraid we'll need some time to prepare."
1783032495,ef1903b76e0288ffa9eec9665d2d625969c26ebffa0e013a329e4ab8d5c0eb6b,"Thank you for your decision. The addition of an excellent student is an honor for the academy.
By convention, we should welcome you with a banquet, but it's too hasty at the moment. I'm afraid we'll need some time to prepare."
1292303713,15b1623e27eb4fc628d14c7d6b1b022b1bdeb1630c90f1b619bc018ffe8db34c,"1. Defeat Irelia and spend 50 Primegy to claim a chest, up to 2 times per week.
2. The weekly claim limit resets every Monday at 04:00."
1292378133,777bf6abbd9ee0b61dc3bbe0fa3029f36f3f5faf37911d65e5932b6e7500b94f,"Hmm, it won’t open. Maybe there’s another way!"
1292381020,896ed17d3c6fe7003373af4fea323712e0a3770f5884d61fc20b689ae06158ee,A screen for your Home.
1650652149,896ed17d3c6fe7003373af4fea323712e0a3770f5884d61fc20b689ae06158ee,A screen for your Home.
1810062127,896ed17d3c6fe7003373af4fea323712e0a3770f5884d61fc20b689ae06158ee,A screen for your Home.
1859625456,896ed17d3c6fe7003373af4fea323712e0a3770f5884d61fc20b689ae06158ee,A screen for your Home.
1292387442,3ba1669493be7fda189f03d26d7e2659efe1b84d96dc39bcbf69e856d0e7205a,Jojo quickly sketches some changes onto the plans...
1509247319,3ba1669493be7fda189f03d26d7e2659efe1b84d96dc39bcbf69e856d0e7205a,Jojo quickly sketches some changes onto the plans...
1656091880,3ba1669493be7fda189f03d26d7e2659efe1b84d96dc39bcbf69e856d0e7205a,Jojo quickly sketches some changes onto the plans...
1292400069,afb5582b896137b77cd8310cafd941cadf82ec0986a4fe3be7a526c1ccd73680,"...Not yet. I have plenty of half-formed ideas, but every version falls apart when I try to work through it..."
1292464665,8827603293f01676f056b8e78857391b95007878a29611b418b72bb4b085c5c8,"They seem hungry. When Aniimo get hungry, they become sluggish."
1292491693,a8b88a3695837d598ab4473fd39d7be0c69a504d5e1976d62351eba3eadc43bb,"From the moment she was born, the young Iris firmly believed she would gather every color and become a magnificent Irisalis."
1292493659,5f463c1d0c51348276e0cd0da8dc2c1342f57a441327a22a0758d93a04c95a95,Damage Amp Level 3
1625054851,5f463c1d0c51348276e0cd0da8dc2c1342f57a441327a22a0758d93a04c95a95,Damage Amp Level 3
1804716114,5f463c1d0c51348276e0cd0da8dc2c1342f57a441327a22a0758d93a04c95a95,Damage Amp Level 3
1891504492,5f463c1d0c51348276e0cd0da8dc2c1342f57a441327a22a0758d93a04c95a95,Damage Amp Level 3
1292501930,a6b27d7d2a1330fa3a0635fb120a79657609ff19be45f6ade03ea77ada345318,Hmm...? Uh...
1292520110,061dcb70093812de4e38a30294db5223ab3a89907a5f32b3b16586703a798fb0,Pathfinding: Fly
1586566897,061dcb70093812de4e38a30294db5223ab3a89907a5f32b3b16586703a798fb0,Pathfinding: Fly
1641257321,061dcb70093812de4e38a30294db5223ab3a89907a5f32b3b16586703a798fb0,Pathfinding: Fly
1714414302,061dcb70093812de4e38a30294db5223ab3a89907a5f32b3b16586703a798fb0,Pathfinding: Fly
1292548350,1105a3c2ec19a9d36df16f55d22479191425b39c02851d57bb2c08bf17892d2a,No... I should be thanking you.
1292571891,d23ffae387407cf76edfc5340b58b72bf1c8a91c56bd5d9296caea182eb9fc6b,Large Blind Box
1292620952,0130bd4cb77ba65aa3150ffa2bf80d548d8a7d88611bcabceeb71b20bda79d74,Vein Revival
1339500521,0130bd4cb77ba65aa3150ffa2bf80d548d8a7d88611bcabceeb71b20bda79d74,Vein Revival
1477464434,0130bd4cb77ba65aa3150ffa2bf80d548d8a7d88611bcabceeb71b20bda79d74,Vein Revival
1681994916,0130bd4cb77ba65aa3150ffa2bf80d548d8a7d88611bcabceeb71b20bda79d74,Vein Revival
1785040380,0130bd4cb77ba65aa3150ffa2bf80d548d8a7d88611bcabceeb71b20bda79d74,Vein Revival
1852466693,0130bd4cb77ba65aa3150ffa2bf80d548d8a7d88611bcabceeb71b20bda79d74,Vein Revival
1868181754,0130bd4cb77ba65aa3150ffa2bf80d548d8a7d88611bcabceeb71b20bda79d74,Vein Revival
1292656819,c9672de2ea8eb42c15f7d8d2a0f048f02f38a4d6865578c8153b74c42d8a19bb,Receive 2 random holo-gizmos at the cost of losing 50% current HP
1845948460,c9672de2ea8eb42c15f7d8d2a0f048f02f38a4d6865578c8153b74c42d8a19bb,Receive 2 random holo-gizmos at the cost of losing 50% current HP
1292673766,2b38048ed01cb4280e57adb927b5465503a6f5ec73823d0b5fd5601c85ee2fe1,Why is the assessment so hard...
1292695115,4db89a818ec0345bd4e8b1258e167ee9ad1a104bd99cce2d66f7400880cf62cb,"You’ve seen the news reports about <style=Hint_BgD>Polaris Badges</style>, right?
They give them out to people who make major research breakthroughs."
1292712261,2b8cb0852767610f600d39539fa1a816ffda2f81e9cf76bcc37809a7ed9bbcce,Restore the Vein
1292735959,1186950ee4eeb82a348685bdbf5899ab8b19e9b282d61759ff547e04cb7eb6de,"When opened, all mutated plants of this type will be collected automatically."
1292740222,ba980a37ef7161eca40718223e172def67200910cbdaf8c51af467b71bd44ec7,"Hmm. The principal has already approved your paperwork.
Your data has been entered into the terminal, and your authorization is complete.
Once confirmed, you may officially join the expedition."
1292778387,49535e5fa57444d6fa2997c291398516bc433a0497799db81cf16e8688f4c982,"My two companions—a Susuta and a Celestis—haven’t been themselves lately. What should I do?
Kim says they’re not sick, but they’re just so gloomy. I’m really worried."
1292785302,1577dacbad84fa468e7fccff5910ba05fbac4717b0673ca1138952977d660f75,Book Stack I
1956532867,1577dacbad84fa468e7fccff5910ba05fbac4717b0673ca1138952977d660f75,Book Stack I
1292788826,c831e6bc1a83eabdb3ebb22509ead0a17f06a41159f825b22560d058d2ad935a,[New] Stable Investment (Cost 100 Training Coins)
1292809108,d9f557fe7475b802ea1fd1b5321dca62507a11a69cd39897ffa4ea4995f3d6d8,"Rest assured, my friends!"
1292826731,9e4fce224855d0cbacfe20c44f71a2bcc0ad17c8b973b9a40542b36745e41d62,"It’s a bit dicey here, though. We get mini cave-ins every now and then, and scorching Lava Crystals come tumbling down. See? The passage to the Soaring Spring is completely <style=Hint_BgD>blocked by Lava Crystals</style>..."
1292833315,d37a29e9940c865d5d359b8f6883a41070c33e2fff24aadf6bff61c5bf771b0b,Open the Prismana Promise Screen
1292868296,5efb2f24dfb678ee270b4d0486206b6366179c427477796d213d6c50a13afee4,Twine with Sparki and approach Flutternym
1292878760,9019d1dda2ef549362f7b95ac448003ad7a7750ee67d02a6be1cfb8f3602d97a,Catch 300 Aniimo
1292886557,1f03d4c7d98385b637f292f8c2c1abf7713267da95e5a0b0524f6ce5b11fbd39,Look at the bow tie.
1292897986,495d2102ca54d77c51fab09f55ee351248292078b094da8afbab8f8cf339c68a,Skip the intermediate steps?
1292919392,49dbfca37da42f4d9508d3487cf2a4e2fc775a7f55a05a7d0ec080a0c6bdc441,press to activate Polaris Institute Archives.
1292921359,0d744f2db3ab9bde1b650502e1f0625e9e88cfb74e72c39b4f9715eea13b80dc,Nightbloom Owl Wings
1292923901,e4a2002eb24283914da916f1159319a67538d1e1a7dafb88692b04132b3ad0d4,"Wait, big guy. You said the sea here was different a hundred years ago.
And earlier, they said the Vein fractured a hundred years ago too—"
1292926598,a4df52d21e23ba7b07e9ed3add55df26050fe79d83d43405c7f357d4a49760b5,You know Snowy?
1292956043,88e194d195c59ffe512d433f295490dfc47007cd168c99318c595ba93dd5235f,Hmm? What’s this blue stone...?
1292970161,53f18725ff11fc68def49c125ed9e4c3b7563dd53278e198e33f76ad44f3d565,Interface Descriptions
2014359065,53f18725ff11fc68def49c125ed9e4c3b7563dd53278e198e33f76ad44f3d565,Interface Descriptions
1292980159,1d3599e35df913b5b5c413a1daae5693345c0edee819c4c948467e397ddd6982,Nearby Chat
1293034679,3b9f3123d35636e9344b5f201edd1ba9b80044544c13bc5dce08850e9bbcadd3,"One of Astra’s most popular Aniimo toys, especially beloved by Boneskies and Emberpups."
1895042586,3b9f3123d35636e9344b5f201edd1ba9b80044544c13bc5dce08850e9bbcadd3,"One of Astra’s most popular Aniimo toys, especially beloved by Boneskies and Emberpups."
1293049519,810d5b747266765ee49df9e9f7ff572f6579d99496518fc384fbd2b63c6f74f6,Healing Skill CD Multiplier Reduction
1605011774,810d5b747266765ee49df9e9f7ff572f6579d99496518fc384fbd2b63c6f74f6,Healing Skill CD Multiplier Reduction
1293054763,896f2ac700ac8b90357029b2ffeeed86243afa2d5d417ea63add93edd3b28832,Transforms into an Alpha Helgon
1293075598,7dc3db376623b4603f7786e3ced47e4c2f8592b71f404c5887ab3c7c20292e2a,Spend %s/7000 Windborn Stamps
1293104330,e5d08790e6fd00d2f85d22031bbd30e1a7047d354401d8ab37c091600d268854,Survey Completion Reward
1293122768,8d80df725a199accc3355ae7d92cf118f027ccf5dc9af5abdba076545fdb1b90,A wooden Aniimo chair with bone-shaped cutouts—the perfect throne for short-legged Aniimo!
1499728959,8d80df725a199accc3355ae7d92cf118f027ccf5dc9af5abdba076545fdb1b90,A wooden Aniimo chair with bone-shaped cutouts—the perfect throne for short-legged Aniimo!
1293148041,7580f96e51633741821530915ee1fbc7aea93dbfac585f5c18ed70dda8a54a3a,"Come on, Little Jaw!"
1293153479,0d98d78bdba916ee6b556c2a39abd55f1adda467d319f8d492ea3df9c662671d,Dorothy
1333496160,0d98d78bdba916ee6b556c2a39abd55f1adda467d319f8d492ea3df9c662671d,Dorothy
1348454462,0d98d78bdba916ee6b556c2a39abd55f1adda467d319f8d492ea3df9c662671d,Dorothy
1351663524,0d98d78bdba916ee6b556c2a39abd55f1adda467d319f8d492ea3df9c662671d,Dorothy
1506610804,0d98d78bdba916ee6b556c2a39abd55f1adda467d319f8d492ea3df9c662671d,Dorothy
1684096873,0d98d78bdba916ee6b556c2a39abd55f1adda467d319f8d492ea3df9c662671d,Dorothy
1727812815,0d98d78bdba916ee6b556c2a39abd55f1adda467d319f8d492ea3df9c662671d,Dorothy
1985646873,0d98d78bdba916ee6b556c2a39abd55f1adda467d319f8d492ea3df9c662671d,Dorothy
1993120850,0d98d78bdba916ee6b556c2a39abd55f1adda467d319f8d492ea3df9c662671d,Dorothy
1293160140,ee95e6f70c45ca4145b39765947d50427dcaedb3491091137acd2386b3344387,"Follow Taffy, thanks, meow. (Test placeholder; no translation needed.)"
1293177728,e8923ecdb8ee89ad60954b8495d83f507e581abe6662f86844024ae12856d1e3,"We pack up happiness and deliver surprises!
Welcome to Mementos—it’s a pleasure to meet you!
What would you like to buy today?"
1293196676,aaca711fcf71695e1f19145a13e4bd42b11e79dc7afd1e62b9fe8de59c5a0521,"1. During the event, log in to the game each day to complete that day’s check-in and earn rewards based on your cumulative check-in days.
2. The daily check-in count resets at 04:00 (UTC+8). Check in for a total of 30 days to claim all rewards."
1293206306,14de2120a71a60508e8760be9c5d818968f31b0b14f40001cf4ed2bd04df77a1,Confused...
1293208233,18f9b641e85f55a3a633a156620693d283d7bed9b2efe00e7c64cf7e14674bc3,What’s this...? It looks as though energy is stirring within the whale bones!
1293224003,a2e92848319a4248d57e0aaea84c9f8a1ab225782c59a6174ecd756c7891912f,Behind
2027123106,a2e92848319a4248d57e0aaea84c9f8a1ab225782c59a6174ecd756c7891912f,Behind
1293259564,dfef49e05b704b81e2cef96ea544cea6cb3db97462a01fbd3478ee3fbc7f137d,Hype Team
1357131169,dfef49e05b704b81e2cef96ea544cea6cb3db97462a01fbd3478ee3fbc7f137d,Hype Team
1641466778,dfef49e05b704b81e2cef96ea544cea6cb3db97462a01fbd3478ee3fbc7f137d,Hype Team
1645115300,dfef49e05b704b81e2cef96ea544cea6cb3db97462a01fbd3478ee3fbc7f137d,Hype Team
1815003396,dfef49e05b704b81e2cef96ea544cea6cb3db97462a01fbd3478ee3fbc7f137d,Hype Team
2092511710,dfef49e05b704b81e2cef96ea544cea6cb3db97462a01fbd3478ee3fbc7f137d,Hype Team
1293268443,7d4c0cefe6bc8be1675dead12a6b76e0f948ece63a0083af961dafda956f9af6,Common Route
1354859942,7d4c0cefe6bc8be1675dead12a6b76e0f948ece63a0083af961dafda956f9af6,Common Route
1389985955,7d4c0cefe6bc8be1675dead12a6b76e0f948ece63a0083af961dafda956f9af6,Common Route
1834696285,7d4c0cefe6bc8be1675dead12a6b76e0f948ece63a0083af961dafda956f9af6,Common Route
1293302526,a01ae884b871ffd13375215ca7c90e0bf7ab86e0acffbc289ded9f54c8e26f29,Grass Shield
1293340415,ab526cdf0f1fa29bdade4231b11f76bcedf9587f42389d13a1e813025596a043,Branch Changes the Flow
1293376121,0129f15619a7d9e7127661bc868901ae2dd90f939e2db5c0d781b4cf10649782,Go to Breeding
1675826643,0129f15619a7d9e7127661bc868901ae2dd90f939e2db5c0d781b4cf10649782,Go to Breeding
1293377588,311defaf17277853d84408d23c7ad211a84aa6c23e26b2365b54a0f4c2c2e300,"How dare you ask, Amy is the Chirpi you just scared away!"
1293400659,ad7f318f9c243fbac02a0c82d731992551664e29690eb173e15f211361fea715,I can’t catch an Aniimo in disguise...
1293460077,1894dcc943f44c1cef91f585eeda6d93710e5557c407be2977e96b3d95369c9c,Tell the reason
1293462745,6b542b28f185d03ef6f279b407110f9dbe8606afa627b70e6937932f56c91cc1,Gathering
1378708652,6b542b28f185d03ef6f279b407110f9dbe8606afa627b70e6937932f56c91cc1,Gathering
1559132490,6b542b28f185d03ef6f279b407110f9dbe8606afa627b70e6937932f56c91cc1,Gathering
1293474254,f211c71861903850b713cd51f0739f5525fedd255fb09278196c6a78bb268e45,"You can twine with Aniimo?! I thought there was something special about you! In that case, your count should check out..."
344494247,505f2a6d033833bc5268a8a524463af97c3156a3503cdbb3a0aaa7b0f824b9e6,Claim Alpha defeat rewards a total of 3 times.
1293484906,505f2a6d033833bc5268a8a524463af97c3156a3503cdbb3a0aaa7b0f824b9e6,Claim Alpha defeat rewards a total of 3 times.
1293536943,11b4b3bd269ad00b307d00cdb2a5257c77ab2f0ba32119f39427dca62da3e482,"I’m such a coward. What if he doesn’t like me? How much longer should I wait...? I heard he appears when the <style=Hint_BgD>sky shines with Prismana</style>, but is that really true...?"
1293564381,7af864836c05414754a628fbd9baae5d3e82a644e5b04fc3d36194410a283304,Choose a <style=Hint_BgD>Training Style</style> and get an initial <style=Hint_BgD>Holo-gizmo</style>. <style=Hint_BgD>Holo-gizmos of that style are much more likely to appear</style> in this run.
1293609062,3cf3099e5b0c4903220f30a247003fdbf97d702f9779cbd2c8c09a472ac09937,Abundant
1293610138,a318c24216defe206feeb73ef5be00033fa9c4a74d0b967f6532a26ca5906d3b,+
1807626445,a318c24216defe206feeb73ef5be00033fa9c4a74d0b967f6532a26ca5906d3b,+
1835485469,a318c24216defe206feeb73ef5be00033fa9c4a74d0b967f6532a26ca5906d3b,+
1853396401,a318c24216defe206feeb73ef5be00033fa9c4a74d0b967f6532a26ca5906d3b,+
2000035888,a318c24216defe206feeb73ef5be00033fa9c4a74d0b967f6532a26ca5906d3b,+
1293616040,3b8b905dcc3e140026a28d123fc2e99c5069b40a1fd975c02938188bf34cc0b6,"We’re Budsquires and we want to go home... The elders told us we can find our old home by walking along this path, and that the beautiful Princess Melloblum is waiting for us there..."
1293626355,07007ed974ccffc668fb84cb3b00adcf4cccd138dcbdaea401c8b372401b9f37,Aniimo with higher Potential are more perceptive
1293637057,2cbef0473998860dafb2b6ba53b6212323b380061e4dbbe93601866428f0d66e,Mm-woo... woo-mu?
1293656452,a0c45d5206f56e08a9becea0fe91c0c63a21407a21dad3798ab97473c8ebdada,A natural wood low cabinet where an Aniimo occasionally sprouts from inside.
1733956013,a0c45d5206f56e08a9becea0fe91c0c63a21407a21dad3798ab97473c8ebdada,A natural wood low cabinet where an Aniimo occasionally sprouts from inside.
1293659229,e2d226f382ffa1b026f13c703866e904b7f0f4d39f8a7e0f71a04dc98d4a98f5,<color=#5090df>%s</color> is having a bellyache from eating stale fruit.
1293668565,13f3b3bfabfbffcb9989fbc4d5a043961335d4326642ac02f65d96b8c0602d97,3/time
1293705735,21bb861ef51d487e9fe311a806efc0268f5984488c1f0dfe3a8f2d1864d02145,Mark of the Strong: Whisperwake Isles
1293742951,f83fb2efe51741fdf47e8e7031772a78e0ad19af1fb0884f2f555ded17c7a0eb,Astra-Voxel Form-Celestis
1293763357,6c09165aa373ab0f3668b18cbc8d47b82a9b00efaa1077af297dd99cfe95eaca,Complete {0}/{1} Home Orders (Season Orders Included)
1317018959,6c09165aa373ab0f3668b18cbc8d47b82a9b00efaa1077af297dd99cfe95eaca,Complete {0}/{1} Home Orders (Season Orders Included)
1404676705,6c09165aa373ab0f3668b18cbc8d47b82a9b00efaa1077af297dd99cfe95eaca,Complete {0}/{1} Home Orders (Season Orders Included)
1410389229,6c09165aa373ab0f3668b18cbc8d47b82a9b00efaa1077af297dd99cfe95eaca,Complete {0}/{1} Home Orders (Season Orders Included)
1513295267,6c09165aa373ab0f3668b18cbc8d47b82a9b00efaa1077af297dd99cfe95eaca,Complete {0}/{1} Home Orders (Season Orders Included)
1543299824,6c09165aa373ab0f3668b18cbc8d47b82a9b00efaa1077af297dd99cfe95eaca,Complete {0}/{1} Home Orders (Season Orders Included)
1679334973,6c09165aa373ab0f3668b18cbc8d47b82a9b00efaa1077af297dd99cfe95eaca,Complete {0}/{1} Home Orders (Season Orders Included)
1878918167,6c09165aa373ab0f3668b18cbc8d47b82a9b00efaa1077af297dd99cfe95eaca,Complete {0}/{1} Home Orders (Season Orders Included)
2081838435,6c09165aa373ab0f3668b18cbc8d47b82a9b00efaa1077af297dd99cfe95eaca,Complete {0}/{1} Home Orders (Season Orders Included)
2105716624,6c09165aa373ab0f3668b18cbc8d47b82a9b00efaa1077af297dd99cfe95eaca,Complete {0}/{1} Home Orders (Season Orders Included)
1293781762,f55bd2cdfae7972827638f3691a5bc189199d7cff7188d5ead489afdea0e5403,Fox
1318957506,f55bd2cdfae7972827638f3691a5bc189199d7cff7188d5ead489afdea0e5403,Fox
1352284275,f55bd2cdfae7972827638f3691a5bc189199d7cff7188d5ead489afdea0e5403,Fox
1390387285,f55bd2cdfae7972827638f3691a5bc189199d7cff7188d5ead489afdea0e5403,Fox
1396424796,f55bd2cdfae7972827638f3691a5bc189199d7cff7188d5ead489afdea0e5403,Fox
1413259117,f55bd2cdfae7972827638f3691a5bc189199d7cff7188d5ead489afdea0e5403,Fox
1542546143,f55bd2cdfae7972827638f3691a5bc189199d7cff7188d5ead489afdea0e5403,Fox
1590080006,f55bd2cdfae7972827638f3691a5bc189199d7cff7188d5ead489afdea0e5403,Fox
1674328622,f55bd2cdfae7972827638f3691a5bc189199d7cff7188d5ead489afdea0e5403,Fox
1702485303,f55bd2cdfae7972827638f3691a5bc189199d7cff7188d5ead489afdea0e5403,Fox
1744460900,f55bd2cdfae7972827638f3691a5bc189199d7cff7188d5ead489afdea0e5403,Fox
1762549505,f55bd2cdfae7972827638f3691a5bc189199d7cff7188d5ead489afdea0e5403,Fox
1780861485,f55bd2cdfae7972827638f3691a5bc189199d7cff7188d5ead489afdea0e5403,Fox
1960511017,f55bd2cdfae7972827638f3691a5bc189199d7cff7188d5ead489afdea0e5403,Fox
1984577751,f55bd2cdfae7972827638f3691a5bc189199d7cff7188d5ead489afdea0e5403,Fox
2077044759,f55bd2cdfae7972827638f3691a5bc189199d7cff7188d5ead489afdea0e5403,Fox
1293794936,d8f4a5b5ac31dfc863e2e0c4bc9f18a4ebe23b5ef5e1851694750c6c49478d9b,The Irises have turned white... Snowy?
1293801841,aed20d7d9492bd07e86c6e3841f3fc46bedac41be20abd54f0b4112c4ed82027,"Hello, Instructor Bohr!"
1293816132,84f89a377655b3a6b8edfd1309e2a89a0b69266e452e61978cf1b31db4ed611b,Ha-woo...
1293816778,0b019832452e0dfd497bf66241947e3632444192c16d457b191ff5e2d8ca7aca,Yeeeee— Na-hooo!
1727478065,0b019832452e0dfd497bf66241947e3632444192c16d457b191ff5e2d8ca7aca,Yeeeee— Na-hooo!
2037218576,0b019832452e0dfd497bf66241947e3632444192c16d457b191ff5e2d8ca7aca,Yeeeee— Na-hooo!
2052858847,0b019832452e0dfd497bf66241947e3632444192c16d457b191ff5e2d8ca7aca,Yeeeee— Na-hooo!
1293825824,25981d9dfe7a114f0b11eb5e4111bbfc364d1c58a9896b6bac47ba5c47da2d11,The way it catches light and shadow... It’s caught the eternity of a single moment. I have to add it to my collection!
1293827188,06adc71b5dec39fb2c65dedb96523161ecea84c4a49c26d0c2ce901c0e2d34b3,Placeholder 5
1293841709,ab4b8fe63c5cd87a0062607b6d502e1bdb86062ace5b29e663f710a23dec07a2,Squad Egg Theft
1293854457,98bbfd5c78a88e79883ddcc050a2d7eb3c34dc7795b12dc325bafb1999001b64,Yeah! Don't you want to keep exploring Idyll?
1293876860,89b43b49dc642ef6bb2619a8324e97d57a20f6ab3249c8ef47efe161156675d1,Whelpy used to have a Helmut friend...
1293878842,a6d66330ede8c2a890af075e722fbf0464907f7b37fc9735f50b329811d2128d,"Golden loaves with crisp crusts and chewy centers, filling the basket with the warm aroma of wheat."
2134490125,a6d66330ede8c2a890af075e722fbf0464907f7b37fc9735f50b329811d2128d,"Golden loaves with crisp crusts and chewy centers, filling the basket with the warm aroma of wheat."
1293887602,65eea234edaae086eb1bf7276f909115cf2d0a0f9e8e8eee51161225a0d034a3,Name Name
1502966554,65eea234edaae086eb1bf7276f909115cf2d0a0f9e8e8eee51161225a0d034a3,Name Name
1556076525,65eea234edaae086eb1bf7276f909115cf2d0a0f9e8e8eee51161225a0d034a3,Name Name
1668746865,65eea234edaae086eb1bf7276f909115cf2d0a0f9e8e8eee51161225a0d034a3,Name Name
1902968217,65eea234edaae086eb1bf7276f909115cf2d0a0f9e8e8eee51161225a0d034a3,Name Name
1293919284,8b6437080e884de1260c759bf94fc400a91e3ef782628912da11546fda6fa7d8,My patience is limited.
1293960983,dfdeeabcb063b0671bea602bc014b01c534c0d4e602af75eeae1f76801a58df9,Albert’s Jawling: Claw
1293977191,91b12f797b1b3c0869b38f2fd011c89306a717bb0582eeeac3491b248711acff,"Like an unyielding shield, it stands to protect its fellows."
1307443562,91b12f797b1b3c0869b38f2fd011c89306a717bb0582eeeac3491b248711acff,"Like an unyielding shield, it stands to protect its fellows."
2115074422,91b12f797b1b3c0869b38f2fd011c89306a717bb0582eeeac3491b248711acff,"Like an unyielding shield, it stands to protect its fellows."
1293989173,b1604e451ac795e917aae3631c80b8297e159b919e1917fe5211062db7cb07aa,Enter Sanctum
1293996285,caa0820793f2ec1785c7f3a3979fde4603140fc2c261f4f5acd3d2f93f970ad0,Elegant Young Lord
1977587109,caa0820793f2ec1785c7f3a3979fde4603140fc2c261f4f5acd3d2f93f970ad0,Elegant Young Lord
1294006009,744a269f3f0c8ba9f49cc32926b058207d686e6868908f169f6289e744359b49,View the description of the exhibition
1989431380,744a269f3f0c8ba9f49cc32926b058207d686e6868908f169f6289e744359b49,View the description of the exhibition
1294015219,b71d6a4831268fdeaf7c70c474a8d0864ca89173fc7439995cf5a46bdedb3c7d,So I brought it along again. Want to see whose Aniimo stands firmer this time?
1294020549,534fe4f9b681b7428f29cdbeaa65ddbf0f4288a4c6fb04dd3963d780982e6110,I'd better not!
1294023699,22d63f32480beef82705806c647546f5e14d4dad0fff003bbb4dad93f0565f2d,"""Helmuts are born timid, <style=Hint_BgD>so</style> Helmwhelps shouldn’t pick on Helmuts...<style=Hint_BgD> This one thinks... that’s not right</style>!"""
1294044504,f476b4fe15ec3c506757be9d1ef35dd4198eb3086c5c36d776c5dc6c44ff0d73,Reduces magical damage taken.
1294050046,59ef1a4d1de711d47f9c05f4bc812f0d38dfaa8423a6151bf9de6752eaefde90,Curiosity is enough!
1294055875,11774f7c286565fe71586e75a0158576969d2132b3c53294b3edff98525996a9,"My Held Items have activated their advanced effects this round. They’re even stronger than before!
If you can still beat me, I’ll give you this badge. Deal?"
1549998017,11774f7c286565fe71586e75a0158576969d2132b3c53294b3edff98525996a9,"My Held Items have activated their advanced effects this round. They’re even stronger than before!
If you can still beat me, I’ll give you this badge. Deal?"
1294061031,4cb3ea3f8ee1fb4eea9e96702b9789536631230c6f05c8c8edfd7ad4a538d26d,GoGoHomes - Warm Yellow Two-Tone Low Wall
1416352522,4cb3ea3f8ee1fb4eea9e96702b9789536631230c6f05c8c8edfd7ad4a538d26d,GoGoHomes - Warm Yellow Two-Tone Low Wall
1294085471,da048d5f66246c412ca690ceee22b7920b1734217201e9dbb611fdd5d2ea970f,Ask to Join Companion Mode
1668986801,da048d5f66246c412ca690ceee22b7920b1734217201e9dbb611fdd5d2ea970f,Ask to Join Companion Mode
1294087293,daa47a64564bf5aaa3dabac35fda9e4000ea9f11b1def51200de283500e35602,Habit Entry Unlocked
1388653536,daa47a64564bf5aaa3dabac35fda9e4000ea9f11b1def51200de283500e35602,Habit Entry Unlocked
1408296245,daa47a64564bf5aaa3dabac35fda9e4000ea9f11b1def51200de283500e35602,Habit Entry Unlocked
1556018838,daa47a64564bf5aaa3dabac35fda9e4000ea9f11b1def51200de283500e35602,Habit Entry Unlocked
1593271869,daa47a64564bf5aaa3dabac35fda9e4000ea9f11b1def51200de283500e35602,Habit Entry Unlocked
1684770240,daa47a64564bf5aaa3dabac35fda9e4000ea9f11b1def51200de283500e35602,Habit Entry Unlocked
1294092772,2263a904e857fbb0d083b57b5a7076d84e19d28e100d43a1c3e3ccf397382e54,An invitation? To me?
1294120418,96bdf1293c8f221f1244699a6e651178431ec90bab87af5d8c7bbc2957f59954,"Brown seed steeped in time, quietly drawing energy from the earth."
1294128862,870a833bc035a2dcfa5652d3d4fa448d8d40b7a4bd22dcb33b95faffc4fa03a7,Action Mode Selection
1294140095,e4baa1802aa8eabd766566b64efd99ac08e470d98685455dcfce6b012bdd43a2,Go to Title Assessment
1375308329,e4baa1802aa8eabd766566b64efd99ac08e470d98685455dcfce6b012bdd43a2,Go to Title Assessment
1380055050,e4baa1802aa8eabd766566b64efd99ac08e470d98685455dcfce6b012bdd43a2,Go to Title Assessment
1294148742,84f1e799a835ba861582727e7fad2d60ae1df2901101996b1506cee7f04f7996,Nervous Cozite
1787944736,84f1e799a835ba861582727e7fad2d60ae1df2901101996b1506cee7f04f7996,Nervous Cozite
1294152119,84db5af855d762a65518ae6dfed5f15e0bfeefb3a8e38d654e60d9d382839287,"A peculiar shard containing the power of Water Element.
The wave-like ripples on its surface make it very slippery, especially when you try to hold on to it."
1294158244,3110eb84e37eb2da2da82bc143970c1697faf9d1a2d9a1dec1ec54e409719bd2,"Irelia, what about your dream of seeing the Prismana?"
1294190946,b885919a03fcda06c64206eba5802dc7519245be8da03820ab90f6fde0ae6d21,Cloudherder
1294213796,14081cb8650acbcef54ac71484646e42653db75b31691b0c2c7243833c8f50a0,There’s <style=Hint_BgL>a four-leaf clover</style> here... Touch it and see what happens!
1294224876,ad504ae53198dbfb1b4254ba4b5e9297d86686702d6050a09e6e978d8e683ce3,Baa... woo-wah...
1294251416,b21af68c174aed76c433c2d2b87580311b686ce1f56fa2e7282cfad8602d688a,Journey Impressions
1749269954,b21af68c174aed76c433c2d2b87580311b686ce1f56fa2e7282cfad8602d688a,Journey Impressions
1989141967,b21af68c174aed76c433c2d2b87580311b686ce1f56fa2e7282cfad8602d688a,Journey Impressions
2040539762,b21af68c174aed76c433c2d2b87580311b686ce1f56fa2e7282cfad8602d688a,Journey Impressions
1294251758,44290ca9b75045d87c33d3ade1cd40403c2222973c461126a78700b75dbb2509,Total stamina cost
1341871069,44290ca9b75045d87c33d3ade1cd40403c2222973c461126a78700b75dbb2509,Total stamina cost
1294251928,b5a629aadf4fe539be9e01cd84d080d4bfa77aa3b23e0ec84121917557a74552,A musical instrument for your Home.
1294260112,00dd89661263a765adac4953e67084a543bfb191980c3b1ce8fb7286162ba6b1,Consume <style=Debuff>10</style> Vitality to harvest <style=Debuff>1</style> Aniipod
1294282887,ba465338baf9ad1055def277601258dcf2fa1b21497926b20ac9dc2784320ba3,It still remembers the track it never finished!
1294382150,a73d943164b62e2d8c6a507ba60ea2dcb4011def6ccc16a439f4bbe52f55bd5e,Breezy Plains Resource Package
1294388855,d35ae8a5326bf71502fd4069f3052da38e0990d65b91ecaaf3a85a09b19d6c7a,"Hehe, anyway, thanks so much for helping me find Scorchhowl! Emberpup’s happy again too!"
1294410885,8d871ad97a4c4466606851283f76e2712637a34a9f781f270e70c278cd483d29,Bravo! You never fail to impress me!
1294469479,ff8b7e685870001a0115f958dbeb18eef05dac3a7d054173c7a3873f5a741af1,"Evolved from Sea of Flowers-dwelling Pranky, it has a dreamy pink body. When running, the skin membranes on its back undulate like endless rolling pink waves."
1294483707,9208e6c7533edbfa163b41deaadc93e23156ccfd862d0c7b7de18daa0315441c,I suppose you still have a lot to deal with? I won't take up more of your time.
1294488800,a4439bdd09d309ce3d0962549aedac6f873ca6ab3ac95852706d4a07c1b91a57,FEATURE
1328345682,a4439bdd09d309ce3d0962549aedac6f873ca6ab3ac95852706d4a07c1b91a57,FEATURE
1382929341,a4439bdd09d309ce3d0962549aedac6f873ca6ab3ac95852706d4a07c1b91a57,FEATURE
1513007346,a4439bdd09d309ce3d0962549aedac6f873ca6ab3ac95852706d4a07c1b91a57,FEATURE
1569197752,a4439bdd09d309ce3d0962549aedac6f873ca6ab3ac95852706d4a07c1b91a57,FEATURE
1609338721,a4439bdd09d309ce3d0962549aedac6f873ca6ab3ac95852706d4a07c1b91a57,FEATURE
1701203828,a4439bdd09d309ce3d0962549aedac6f873ca6ab3ac95852706d4a07c1b91a57,FEATURE
1772732060,a4439bdd09d309ce3d0962549aedac6f873ca6ab3ac95852706d4a07c1b91a57,FEATURE
1922552678,a4439bdd09d309ce3d0962549aedac6f873ca6ab3ac95852706d4a07c1b91a57,FEATURE
1294501110,800304260c5c5066afd8ec8a9cbb4959a70a676afb8fd20af8ab36c33d3eea4e,"As the legend goes, when Irisalis dances, flowers bloom in its steps, adorning the earth with a vibrant, colorful floral cloak."
1294506616,661861ff0fc85c5b6f576a575d9b82cbdb2a41a6bc923d9a23a765d4240c23b2,Activate Branch ID
1294514544,0b6fb8fc6db5dbf13a2d0aabf051be7d4cf362c4f8b2f89c569e4a537cd205f3,Fixed Reward Config: Choose 1
1294534979,5c64a56316fcb2bb805a729e480144d4ef003096d032a55eba436278f43456fc,Alpha Shelly Egg
1701463463,5c64a56316fcb2bb805a729e480144d4ef003096d032a55eba436278f43456fc,Alpha Shelly Egg
1294540469,a1df4f5073d7a21a7c0e0834ac60ae5ea4d84e4260c592bd94f2becd0f1c72e6,Claw Mark
1614783855,a1df4f5073d7a21a7c0e0834ac60ae5ea4d84e4260c592bd94f2becd0f1c72e6,Claw Mark
1294555545,072eba29d0a7dc73b85174de62e6f9358d6cb1c20e10db7c9bb012337932358d,Alpha Wavwal
1837913805,072eba29d0a7dc73b85174de62e6f9358d6cb1c20e10db7c9bb012337932358d,Alpha Wavwal
1294555612,8bdf8bd46c23b60c5f135284c7c913604ce851d9ce26a1f7b86dc7014f0aae95,Kinda...
1500542897,8bdf8bd46c23b60c5f135284c7c913604ce851d9ce26a1f7b86dc7014f0aae95,Kinda...
1965396743,8bdf8bd46c23b60c5f135284c7c913604ce851d9ce26a1f7b86dc7014f0aae95,Kinda...
1294599287,ed47b8fec3c05bb9ecae33a6551a56324a284011e493370820a61d4b953ce299,Throw at your Aniimo to recover <style=Hint_BgL>50 EP</style>.
1294608122,3168b4167f12403d7e1e511f4897e65f3c60fa2e24d66f9249f99353075441ee,What is it digging with that cute little shovel?
1294613904,45a2be35d0390d55b2e2e5e48c8944752a094ac3ea7a57d1dc594d7d7e8f9684,Heya! Are you here to watch the new knight evolve?
1294615279,09c2558f4a184d05f2530e050416a0417358960877d1dd895209850335a7da68,Decorative Building Materials
1294651168,c3bbd77d09efb6f31818ab104b3953430378c6bfddff297f080dd5ef3c37e941,The party is full.
1294667809,a4244dac81836c8b4d817aac5123a2ea8bf9590dc524f8069238a51f1488ba68,Timid Shelly
1332881300,a4244dac81836c8b4d817aac5123a2ea8bf9590dc524f8069238a51f1488ba68,Timid Shelly
1430216466,a4244dac81836c8b4d817aac5123a2ea8bf9590dc524f8069238a51f1488ba68,Timid Shelly
1876038556,a4244dac81836c8b4d817aac5123a2ea8bf9590dc524f8069238a51f1488ba68,Timid Shelly
2020024187,a4244dac81836c8b4d817aac5123a2ea8bf9590dc524f8069238a51f1488ba68,Timid Shelly
2077136611,a4244dac81836c8b4d817aac5123a2ea8bf9590dc524f8069238a51f1488ba68,Timid Shelly
1294678720,1b282db36bbbaec023dc511205e7fc1a3f59a5cb23e1c04ca82224de9cf9a2fd,Encounter a Prismana Form Irisal.
1294681178,f8b3a937ae9aac2ac57435a95a7e177cf62ccb67caba655ace1c700ac2a4e114,"Finely ground from wheat grains, an essential ingredient for baking."
1586074850,f8b3a937ae9aac2ac57435a95a7e177cf62ccb67caba655ace1c700ac2a4e114,"Finely ground from wheat grains, an essential ingredient for baking."
1639981400,f8b3a937ae9aac2ac57435a95a7e177cf62ccb67caba655ace1c700ac2a4e114,"Finely ground from wheat grains, an essential ingredient for baking."
1294729603,492574ac6ca9150abc555d33e8972223369725b4ff2e98586f13ab121bf8fe94,Microservice error
1294741577,fa1104443d6dee50baaa9307793f7c3cd47fc868d04ef92db86e27c0462b06f0,"Even so, many Budsquires still sneak in to see her... so the First Lethal Thorn now stands guard at her chamber day and night. That’s why it’s not easy to meet her."
1294749233,2651477b8b1fede18df876692dfc1881190127b1feaab641c6b4c89fc4c5a5c0,Small ornament crafted from variously shaped shells through collage and polishing. They carry the echoes of the sea and the shapes of its waves.
1294853412,036112cbfddc4d3e8b05ba6fc5ca812daa9e6014a6283117a639224bfc3c0f3a,Thunder Lance
1294854001,307f74a4630b7ffdc6f4f9db0dec4aa8cf18c5a24a7a39ee05b580f469f6f557,Level 2 Aniimo up to level 25.
1294860695,e81abc2ee6a5e8a7be621224e3b99f09309747da8a21e09d2aadbc57226b47ff,A gray-blue building block for all kinds of structures.
1597159794,e81abc2ee6a5e8a7be621224e3b99f09309747da8a21e09d2aadbc57226b47ff,A gray-blue building block for all kinds of structures.
1294878106,35447282bba561aa3c55c271dfde2a39f6ab7ecb7dfb70aaed6741922a88eeff,"Plates are stacked neatly, as though lined up and waiting for the next meal."
1657127858,35447282bba561aa3c55c271dfde2a39f6ab7ecb7dfb70aaed6741922a88eeff,"Plates are stacked neatly, as though lined up and waiting for the next meal."
1294897540,734efdadea91504ec82c79b799c43ee9f66b8c61ec3c9e09f07f7cdcdf0d1782,Aniimo Egg Hauler
1776921592,734efdadea91504ec82c79b799c43ee9f66b8c61ec3c9e09f07f7cdcdf0d1782,Aniimo Egg Hauler
1989115763,734efdadea91504ec82c79b799c43ee9f66b8c61ec3c9e09f07f7cdcdf0d1782,Aniimo Egg Hauler
2143057704,734efdadea91504ec82c79b799c43ee9f66b8c61ec3c9e09f07f7cdcdf0d1782,Aniimo Egg Hauler
1294908939,ffef68e52654bafb8e1ef85d1f514466f6d802a61df15564236e9be9dd182690,So you need to deal with the biggest problem right in front of you! Four very angry Popapuses!
1294938553,13c323413e0e4fc409422fb1f7af5f252e3d9e9a1c456904b2d99c7bcc198b4c,"Or, you know, you could always just come find me for healing!"
1294968617,39c8ace4d0381184c9efa400e593d44273778e22bb08344d2bd39545b7381ac3,Ban Pathfinder Feature
1295026837,d2b6bd121db03b73d950f88539ccdf45566173e308fd32567bfe9ce3420d7e92,<color=#5090df>%s</color> had a nightmare last night and can’t stop shaking when thinking about it.
1295057207,4ca41805b459c0adab5295addb951d298222bb645aa2e15b54e2061eb96efb1e,Last Scene
1295090983,565877fa3d7049540fad3930bed74b1c8b3651a63deb436e3f997378e4d7d178,Resource Product
1295115708,58ef3a747c48af9211a158479a11568e187826f487d5bb00faec63bc83a04181,Timber Serenity - Low Coffee Table
1822159656,58ef3a747c48af9211a158479a11568e187826f487d5bb00faec63bc83a04181,Timber Serenity - Low Coffee Table
1295163797,86925be76f4906566f38898b2dbb2e5acffaa97d338643bf423616c980cd5b24,DMG Reduction Level 1
1295205324,d043645cd6b73684dd29ed0e1a727fa6a6532a8ac1485e7fffe9e04ee2eb1f5e,"Spins and dashes in the chosen direction, firing multiple homing bolts in succession. Also activates all Iris clones to fire floral light beams."
1295206245,14b367a9e9e494130265fba1e47677d469d64dfe1b6927a91526226761efa2e9,"Come on, let's get ready to twine too!"
1295221596,c13cd964b11d9aa32cc99a9fed4a9f8f79f6543a7991aba82542e93a66663969,Ascend/Evolve/Special Training Materials
1295284868,1748e00a308e1534bc6d68024fd48e865d5c223d817b9c6fcf6cf0a5fa76dfab,I’ll be okay... I’m not afraid...
1295285330,313fd208a79aaa722d5f3713ae5c338d3ea6f2092fdd59c20942b00b67a5bac4,"Start Aniimo Dispatch
The RV Park can accommodate <style=Hint_BgL>1</style> Aniimo"
1295293081,c81ef5af3d7c6f7071cc4f5b4c63bc1da7fce7dbd608dd6fbb78696a99bf03a9,Them?
1367975325,c81ef5af3d7c6f7071cc4f5b4c63bc1da7fce7dbd608dd6fbb78696a99bf03a9,Them?
1710621605,c81ef5af3d7c6f7071cc4f5b4c63bc1da7fce7dbd608dd6fbb78696a99bf03a9,Them?
1295297530,179be5f0eed921e341f127793f37b0edb76042dccd92ca190fda068bf4e82af3,"For Budclaws that live on the beach, wearing a coconut husk is a no-brainer, both for protection and camouflage."
1295310979,e66a3851493dfdf5ecc73a9202e067f9369f8b9ec7f8d96c7d8f05fd96103cac,"Perfume crafted from Dewy feathers, considered one of Bloomville’s signature fragrances."
1295334343,3227cc665295a778c459c6c742f1c892efe009e552b0a522affb24b3a36f040d,"For some, home is a scent that points the way, leading back to where they began. For others, home is the place they were always meant to leave—and leaving is how they begin again."
1336625996,3227cc665295a778c459c6c742f1c892efe009e552b0a522affb24b3a36f040d,"For some, home is a scent that points the way, leading back to where they began. For others, home is the place they were always meant to leave—and leaving is how they begin again."
1295366097,12a46df4cf555fd972e3d06dc817d53923d105d6d0b803e7600568c291387d56,This Aniimo doesn’t have the ability needed to work at this facility.
1295376127,72aaa78a19cc0f868163cb74e2443258a97ad10a7ff54bbbc68ac3c1f6f9bf87,Northern Highlands 1 Bonfire
1295383138,fd94b3aa0facd8884cbf1e4766a4b428726d6f45655f4123470dd6f338edaf34,Yellow Thornfruit
1782824369,fd94b3aa0facd8884cbf1e4766a4b428726d6f45655f4123470dd6f338edaf34,Yellow Thornfruit
2020430267,fd94b3aa0facd8884cbf1e4766a4b428726d6f45655f4123470dd6f338edaf34,Yellow Thornfruit
1295386122,7d2505f04274daec709afe0eb3d30fe43058db6c79da0a6ca0b05699105dbad2,Find the sword in the stone that belongs to the warrior
1996884384,7d2505f04274daec709afe0eb3d30fe43058db6c79da0a6ca0b05699105dbad2,Find the sword in the stone that belongs to the warrior
2042915446,7d2505f04274daec709afe0eb3d30fe43058db6c79da0a6ca0b05699105dbad2,Find the sword in the stone that belongs to the warrior
1295386476,564ae5396f81ef1aee6f58ae1216a0d6ff0913c2189fe5fad32fb0af33a6b238,No players to report at this RV Park.
1295447922,d46f0cad8d0bda478c92ac7637eecaa40bd36e43c8237e713f1ee4798e687e8a,Accept Invite
1295464825,7b45cfb72bbe0cddec72171e26fe2256eff095bf1faa66e73f5e49412667ea06,Pure Essence of Light
1469337956,7b45cfb72bbe0cddec72171e26fe2256eff095bf1faa66e73f5e49412667ea06,Pure Essence of Light
1295476864,fd14c3c261d2f3a9e18cbc4f80ecebe66d85394fe3374feacc3d523f1a203baa,Purchase price: {0}
1295490645,7ff040ba0ea550e02f324c4c287735bac2b590b3df9cf36d960b3764bb62fbc8,A bathtub for your Home.
1869237610,7ff040ba0ea550e02f324c4c287735bac2b590b3df9cf36d960b3764bb62fbc8,A bathtub for your Home.
1295510187,173c736872af854a5c1085f953af2c977cdf1f76ae73ed027a53d114b7f40c27,Unlock the Branch Nurture feature first.
1295518861,7646ca7ed2e25f63a7446201c893bdf557748e588c1dc93e56cfa84497de8924,Available from the Companion Handbook Collector’s Edition.
1295557786,c03b1e5fccd0e7b9bf8ca6b4e14bb3c054b766b1f559ebd5e636f63746f85b87,Membership Discount
1564605785,c03b1e5fccd0e7b9bf8ca6b4e14bb3c054b766b1f559ebd5e636f63746f85b87,Membership Discount
1295576837,3047ea2314835c01efbab4c00c33e8c9a4fe77342f2df210050801846984e56b,"""Valor"" Core Gizmo
Greatly increases damage reduction.                                                                                                                                                                                                                                               After taking damage a certain number of times, deals AoE damage and becomes enhanced."
1295580711,823fadd0fb3accdacb2598d84aa528950bcadd3e6afdf328ca31b883c4bbd957,Matthews
1464652113,823fadd0fb3accdacb2598d84aa528950bcadd3e6afdf328ca31b883c4bbd957,Matthews
1295617702,aa6972ba45097b99faf95d97a23fb3dafba647c63a60be565302d49033c68c36,Principal of the Polaris Institute
1484934486,aa6972ba45097b99faf95d97a23fb3dafba647c63a60be565302d49033c68c36,Principal of the Polaris Institute
1615793014,aa6972ba45097b99faf95d97a23fb3dafba647c63a60be565302d49033c68c36,Principal of the Polaris Institute
1860681105,aa6972ba45097b99faf95d97a23fb3dafba647c63a60be565302d49033c68c36,Principal of the Polaris Institute
1295629654,48bed72e73b26d1ed044114f9ec113c8b3141b5dc4f847d285642caec6818d39,"Sparki can <style=Hint_BgL>aim by holding the skill button</style>, then launch a fireball toward the target direction. The fireball ignites vines and can also activate fire-type obelisks."
1295642694,fede2db9bdf5a0e3e406d126b27b482abf17c6866ef57ad452a73f2fca0d6c5b,"Mm, the sea gives birth to and nurtures all things. Under the sea’s care, the Aniimo grow.
Behold the power of the sea."
1295663719,66c5b12cf45c04f24a4766c4729b667cf64c607bc0267bfc639cdc3a37b68996,Nothing to display
1295679931,2515241ff4e840d258f7ff64328a4bd6b45eef4cf35296f943d8802b900fcc0e,Submitted successfully.
1295685071,7755532d98b5bb70d6c52cc8a25a5bc759e9b9c195b90b0b8d6b9a1cb105fd24,Energy Charge
1415377372,7755532d98b5bb70d6c52cc8a25a5bc759e9b9c195b90b0b8d6b9a1cb105fd24,Energy Charge
1427494556,7755532d98b5bb70d6c52cc8a25a5bc759e9b9c195b90b0b8d6b9a1cb105fd24,Energy Charge
1894606159,7755532d98b5bb70d6c52cc8a25a5bc759e9b9c195b90b0b8d6b9a1cb105fd24,Energy Charge
1295697569,b638f1e12bf1d561cf0aee8e7fffc84f5b087a53381e6bb6eee30813f227f75a,Undying Blazing Heart
1633230324,b638f1e12bf1d561cf0aee8e7fffc84f5b087a53381e6bb6eee30813f227f75a,Undying Blazing Heart
1700088158,b638f1e12bf1d561cf0aee8e7fffc84f5b087a53381e6bb6eee30813f227f75a,Undying Blazing Heart
1295728268,a2afce5e76e2922e753dfc069a18e175fb97bdb2c6a57babb7ba7b330fad036b,"The <style=Hint_BgD>Sanctum Ruins</style> scattered across Idyll are remnants of the lost <style=Hint_BgD>Ancient Idyll Civilization</style>.
Legend says they were constructed by Ancient Idyllians to restore the <style=Hint_BgD>Vein</style>."
1295732864,afe5d39ac718088bdf63d65545db5879286f1f1cc8f364ef74b9f7e62649e565,Add a shared Egg Snatch item
1295749493,cae5999645ab022415457959195dfc4abc06b7149590a81c7f7ed202948deccc,No Trait selected. Please select a Trait for the offspring to inherit before proceeding.
1295775753,e01f7bf79e0efe9d7d16a3da3119d9752682165bcac3e3666d0a2636929952f8,Umbral
1796357729,e01f7bf79e0efe9d7d16a3da3119d9752682165bcac3e3666d0a2636929952f8,Umbral
1936122399,e01f7bf79e0efe9d7d16a3da3119d9752682165bcac3e3666d0a2636929952f8,Umbral
1295779709,55e8b7f8a680fa32dbc0215ffb6eff0fe89f865c0f2850eba5badf1c2b29b964,"Where fragrance falls, conflict subsides."
1295791624,ad7f0c52607be03816834833cd1b6edbeddfd656494d12900df8add268a49e34,Primary Attribute: Spirit
1939625428,ad7f0c52607be03816834833cd1b6edbeddfd656494d12900df8add268a49e34,Primary Attribute: Spirit
1295818640,0c92a8af3fd28a3e91adc1ed73ae65e0037b3a5cfc51e3bdc7dd315fb515fb7a,Hah... These dazeshrooms will turn your world upside down!
1295887954,daf1228fafd898cf8c4c0393091259633f44a5b879e743d53f803cff02a04c9f,Prismana Pawney Egg
1639197498,daf1228fafd898cf8c4c0393091259633f44a5b879e743d53f803cff02a04c9f,Prismana Pawney Egg
1817470892,daf1228fafd898cf8c4c0393091259633f44a5b879e743d53f803cff02a04c9f,Prismana Pawney Egg
1295897011,5eee05677d4a3a28eb0053874ba7d3c8ba6192582edc605febfad6086c814a4a,Converging Sense
1359693279,5eee05677d4a3a28eb0053874ba7d3c8ba6192582edc605febfad6086c814a4a,Converging Sense
1295949644,68c052c799946d66fd0cad3f01db420b0343de0b253c5a7734fc0e387f8ee391,Defeat the Jawlings surrounding Helmut.
1295968772,c7af3e113a6a140daf77d88e30143f9da2adb82d9a4507edc66466f19350a703,Waking Aster
408382993,140de9d34d3925db8968fea9262d3b1f8d0f92767e0d138264fc883887997cb3,Complete the Journey quest: Stars and the Knight.
1295993813,140de9d34d3925db8968fea9262d3b1f8d0f92767e0d138264fc883887997cb3,Complete the Journey quest: Stars and the Knight.
1295995737,35c923818960e85dbeafc567861da801ae3bfc25725baa92aab9d595ff48334d,Complete any quest in each row to unlock that row’s rewards!
1296058345,0a850bb00b755d8afb488b2619c106840ff5a9893f585a67fed15a7569546f12,Place it in your Home to pickle food.
1464557697,0a850bb00b755d8afb488b2619c106840ff5a9893f585a67fed15a7569546f12,Place it in your Home to pickle food.
1636432506,0a850bb00b755d8afb488b2619c106840ff5a9893f585a67fed15a7569546f12,Place it in your Home to pickle food.
1871024256,0a850bb00b755d8afb488b2619c106840ff5a9893f585a67fed15a7569546f12,Place it in your Home to pickle food.
1883053743,0a850bb00b755d8afb488b2619c106840ff5a9893f585a67fed15a7569546f12,Place it in your Home to pickle food.
1984736676,0a850bb00b755d8afb488b2619c106840ff5a9893f585a67fed15a7569546f12,Place it in your Home to pickle food.
1984801958,0a850bb00b755d8afb488b2619c106840ff5a9893f585a67fed15a7569546f12,Place it in your Home to pickle food.
1296080463,42c18841dff476748159bfbf5ff90a685da1657546b80f6fefbc9599e3a4318a,Skin 1
1370599198,42c18841dff476748159bfbf5ff90a685da1657546b80f6fefbc9599e3a4318a,Skin 1
1296084667,26cef1e0552cc100c0c1c9a3236172cb0baa2a50289b67c654543def3bce489a,A life defined by failure.
1296086143,7d5562c1d0e2e34b9ed7b3cc6a48388556d2dedccb21ac3e3270bfb3df4baf53,"Miraculous Moondew Radish with triple mutations, enveloped in a rainbow-like glow and sparkling with dazzling spots of light while having exceptionally large and plump roots."
1748105054,7d5562c1d0e2e34b9ed7b3cc6a48388556d2dedccb21ac3e3270bfb3df4baf53,"Miraculous Moondew Radish with triple mutations, enveloped in a rainbow-like glow and sparkling with dazzling spots of light while having exceptionally large and plump roots."
1296095604,818ed8739387cd1b2c263bb813937154c8f4b3d59ea81ddeb084e672d0ff849d,Straw Sloped Roof - Left
1750581954,818ed8739387cd1b2c263bb813937154c8f4b3d59ea81ddeb084e672d0ff849d,Straw Sloped Roof - Left
1296130612,116d73ee219b0f6ce7f11972a28bc1a09db4283c8a597fc8f2b97674935668d0,This Aniimo is currently disabled by the system. Please wait patiently and check announcements for when it will be available again.
1296202840,78ae647dc5544d227130a0682a51e30bc7777fbb6d8a8f17007463a3ecd1d524,World
1361597593,78ae647dc5544d227130a0682a51e30bc7777fbb6d8a8f17007463a3ecd1d524,World
2051590040,78ae647dc5544d227130a0682a51e30bc7777fbb6d8a8f17007463a3ecd1d524,World
1296211538,99d4c199ec7794ea874e38694d32f9bd85cf1ca816cabf91b819830a53519397,Elite Training Program Milestone
1819039294,99d4c199ec7794ea874e38694d32f9bd85cf1ca816cabf91b819830a53519397,Elite Training Program Milestone
1296214284,8530ccd4a26bb806f48ead589331c39e3325b95f5dbc390b661809ef1c950959,MiMo Food Streamer
1310356933,8530ccd4a26bb806f48ead589331c39e3325b95f5dbc390b661809ef1c950959,MiMo Food Streamer
1316462777,8530ccd4a26bb806f48ead589331c39e3325b95f5dbc390b661809ef1c950959,MiMo Food Streamer
1456068795,8530ccd4a26bb806f48ead589331c39e3325b95f5dbc390b661809ef1c950959,MiMo Food Streamer
1296218214,f8467613b3989dacd481d5cef1eee09f976c6778791bc7e83728dff9da590aa2,"So soothing to touch, it almost feels real."
1705781185,f8467613b3989dacd481d5cef1eee09f976c6778791bc7e83728dff9da590aa2,"So soothing to touch, it almost feels real."
1939903060,f8467613b3989dacd481d5cef1eee09f976c6778791bc7e83728dff9da590aa2,"So soothing to touch, it almost feels real."
1296232440,ee66470e0bd084fa2b492248343da37e5a74a71466c4ccd024f5915fc125e058,Gloomglow War Hat
1713153384,ee66470e0bd084fa2b492248343da37e5a74a71466c4ccd024f5915fc125e058,Gloomglow War Hat
1846918184,ee66470e0bd084fa2b492248343da37e5a74a71466c4ccd024f5915fc125e058,Gloomglow War Hat
1296270824,0ed74f1cda36ab01efeafcee232926bd421728b93964a5ca8c623f3629580759,Aniimo Storage is full. Failed to add Aniimo.
1296271212,9fbfacd395f28462118c4f7e36d206bd13ea5faa0a83926a102cb82af53ce977,Foodie Explorer
1296292818,160e58366884d62bde3fe931fc14c72de3f4307f89d741b564f397a679069ca6,"Yes, choosing a lower difficulty route does make it easier to complete.
But that shouldn't be the only answer. Let's check the other options."
1474925757,160e58366884d62bde3fe931fc14c72de3f4307f89d741b564f397a679069ca6,"Yes, choosing a lower difficulty route does make it easier to complete.
But that shouldn't be the only answer. Let's check the other options."
1296342711,762a06565bb90b0deae216fbf5bff002053085feebe55906877c915c7709fd56,"It may not be a real Aniimo, but it can fully replicate Aniimo behavior, and even control elements.
Hmm... This could become a new research topic. (The professor looks a little excited.)"
1296344784,20f7a5cfdd9155fc3a2623c067f9e3593bca43a877721f7527832c1d3398a596,Earth-type Resistance
1795270588,20f7a5cfdd9155fc3a2623c067f9e3593bca43a877721f7527832c1d3398a596,Earth-type Resistance
1296357952,a8b01336a9951d4fd5f58d29b807e976c404f26483d7fb76748f2dee1a2c4c8e,Having fun is also important
1296419422,7dc756d7d54d8cb9709a260740df944c8434f025249240baa8be23f51658aadd,You are now slightly overloaded.
1307440104,7dc756d7d54d8cb9709a260740df944c8434f025249240baa8be23f51658aadd,You are now slightly overloaded.
1687809595,7dc756d7d54d8cb9709a260740df944c8434f025249240baa8be23f51658aadd,You are now slightly overloaded.
1296429250,bdeeb39a36b7056740eec7689819809241d4e9f8af25e7b7a92f3dd16f2d07c7,Target Lock-On Indicator Line
1296429781,3ab7d146a9559a5b4e1b606df54306b20cd6b9ac615d68a3098722098f8f18c2,Our choir is the best!
1296434937,84b7eb0c5ac443d9d0d696e5efa27dda9aa6ad921dc1793eef0bfb7e2a23a6ae,Hide your form... becoming the perfect hunter!
1296453622,4dac1b2e145dfdb576d151dc6728d40b8b5e57687f4ef873f3d9facda29392cb,"Contains rare Energy fluctuations with a faint glimmer visible, increasing the Chance to Hatch a Sparkling Aniimo."
1296485191,57378c6c0cf10df2c72620417c69efbc54770688388ed444fa75c1f49a8750b1,Old Truffle Hunter’s Notes I
1296498482,b65ccbb5ae238c840c2103b7a5e353b0586976c030e3bd004e0b9dd097bf935b,"Glowing decorations, neat, sturdy, and beautiful—and on top of that, the highest spot in the castle..."
1296518068,cacd43c309e0db49eb0b36af017b04138c5dc09f49eecc451a796161c82d8a62,Repair Mode
1296534254,d4e6e95f130cfeb3ce45fadc284efd42e65bd49ca0fc90bfaf28f93c27d65bb7,Receives a shield of <style=Hint_BgL>{param1}%</style> of max HP for <style=Hint_BgL>{param2}</style> second(s) when your remaining HP is lower than <style=Hint_BgL>{param0}%</style>. CD time: <style=Hint_BgL>{param3}</style> second(s).
1296557137,ae9109f045dac93020ac8cbab9b8da59f4dc37c6dcbd4ad0c318352e4288b735,You can use #kPlayer/Move#z to move while <style=Hint_BgL>flying</style>.
1296602236,34158a33ded138168a76b663fb9f2a90ab0707b93b38a7ea4114e868da402d59,Discussing Pebbling 4
1296614234,9b2a1a8efae70acc922c5bc78e53aaafdd86c3128c4645e716448425eef6d377,Go Right
1296619470,82a9ea4cd8e766ae361eb261cfc97ec1a925546ed86d39170af6686c7c986934,Place 10 farmlands in your Home.
1296641331,a8710dedfbdbfa47206416a2f6c509358a7f33a395171446fc134cb6b47fbbfe,Fatal Shot
1296657248,8a13fde4227e7a42d588312a0f4906dc25441752ad3cf027f20cfe3485aa3312,Use Dewy Feathers.
2131739783,8a13fde4227e7a42d588312a0f4906dc25441752ad3cf027f20cfe3485aa3312,Use Dewy Feathers.
1296661596,d0abaf9ea8ba70e270b8396faeea8bda5edd7d24b25c233e1b557e7051109831,Perfect Cut
1296711593,6fef1e30c34de03b0241bc3872cebba28a253883ebb8be62ba9219e78d042b1b,Please move closer and catch the Alpha Aniimo.
1296714957,ecfd12b064442c5d8af6eb70291331dec40d978ccc99819dc421e5c4197f1136,Listener of Flora
1296739349,e31294b6580cb7ae56a92cfe0ee8fdc29e3496760e665895846a6bd01dae78c0,Free Companion Handbook Level 51
1397275158,e31294b6580cb7ae56a92cfe0ee8fdc29e3496760e665895846a6bd01dae78c0,Free Companion Handbook Level 51
1296748929,48ed01fb5f930916aff3324a1069697fed76e131ee413d14d2f6155729806571,The Search for the Whalesong Blossom
1296756484,3210df323887d769757678c954ac9004bb0fe8c8b981cb2465dc3c5ecd2e1763,"I can fly, so I saw them!"
1296766074,d73cd5a0c7932f65efd4403e98d340d21f0fdd86c1342a6c2c7a1a65ea073ffe,"Increases damage dealt to Umbrabow Aniimo by <customRichText(calcData,buff,6003007,param0,3,%d)>%."
1296767343,3577d30f01739495704e6814687a33e7e358ff095e067159a487e99b7b05b074,"...Yeah. Back then, Gurulu had just come into my life. I wanted to show him where I lived, so I brought him to Astra, and we played here together..."
1296795741,497eac39aaf98c89ce357d44f883a8eb859fef684619e250c0d9a65a5d828968,High Voltage Warning
1488230325,497eac39aaf98c89ce357d44f883a8eb859fef684619e250c0d9a65a5d828968,High Voltage Warning
1296810729,2c7780c68975bc4b12f3ce24c936c78838351c86aa48299276873d6b8236ee5f,Season time remaining:
1296813370,2e934cfacf1f232cbd18133742f5c197eff57861b3e08c39ae8fef505214180d,Dirt Stain
1296837705,5dfaaebff3e8ec0b796b47c7c674652150d92a16837946220d7efea32b8a854d,Ian
1719132921,5dfaaebff3e8ec0b796b47c7c674652150d92a16837946220d7efea32b8a854d,Ian
1810101065,5dfaaebff3e8ec0b796b47c7c674652150d92a16837946220d7efea32b8a854d,Ian
1879462560,5dfaaebff3e8ec0b796b47c7c674652150d92a16837946220d7efea32b8a854d,Ian
1949004463,5dfaaebff3e8ec0b796b47c7c674652150d92a16837946220d7efea32b8a854d,Ian
2041956763,5dfaaebff3e8ec0b796b47c7c674652150d92a16837946220d7efea32b8a854d,Ian
2075287409,5dfaaebff3e8ec0b796b47c7c674652150d92a16837946220d7efea32b8a854d,Ian
2075968415,5dfaaebff3e8ec0b796b47c7c674652150d92a16837946220d7efea32b8a854d,Ian
2114055895,5dfaaebff3e8ec0b796b47c7c674652150d92a16837946220d7efea32b8a854d,Ian
1296844889,753869e9c71a56ade3b694f41ffe50d70c4f6ab7a0397c7574f232dd3ec40fba,"Treasured dreams glimmer within the crystal, each irreplaceable moment still bright and untouched, as though time itself had chosen to stand still."
1607955592,753869e9c71a56ade3b694f41ffe50d70c4f6ab7a0397c7574f232dd3ec40fba,"Treasured dreams glimmer within the crystal, each irreplaceable moment still bright and untouched, as though time itself had chosen to stand still."
1296852397,08c94ba7204512bbc0584da75653b8cf65f46b53bc38a50abb979de5cd8247b6,Electric Fruit Spell Field (Cannot Be Placed Directly)
1296873757,810073ee2662935930b7b4b440a7d9aea6ae93ca7ec44cf8c3b5ff9be2458da1,Complete the Elite Training program quests.
1296901267,c3512d9509962a5b068be2877cf4b2773653f730f7501492c2a35ec235bd718c,"...Aniimo, who was discovered together with the ""Ancestor Prism"", will feel familiar with Lumin Amber..."
1296903281,55e94a7a6d8b92bd4f7628566cb1d952ee5324b3f194888f02a044766b1aea22,Catching Aniimo
1296944106,7cdd34904582ac819b250e7ef21f556892b5c5f32716943f7158e7c7279e0fc2,Unique to Driftwise Meadow. Send Aniimo to gather it near the RV Park in this area.
1464491332,7cdd34904582ac819b250e7ef21f556892b5c5f32716943f7158e7c7279e0fc2,Unique to Driftwise Meadow. Send Aniimo to gather it near the RV Park in this area.
2111012512,7cdd34904582ac819b250e7ef21f556892b5c5f32716943f7158e7c7279e0fc2,Unique to Driftwise Meadow. Send Aniimo to gather it near the RV Park in this area.
1296991871,0d23322d039a98bf748096f1f86086af65b17ea7e6537e944777c4fd14980f80,I’ve put in a lot of hard work.
1297016939,34abc932507524f2b6174ae0f657377dfbcd7a060b740f69f58d454350f9e094,"Fires multiple Screech Rounds at nearby targets. If multiple projectiles hit the same unit, Cornet’s damage increases by <style=Hint_BgL><customRichText(calcData,buff,2118506,param0,1,%d)>%</style> for <style=Hint_BgL><customRichText(buffConfigData,2118506,duration)></style>s. Hold the Skill button to automatically enter the Fly state after the skill is cast."
1297032355,d9fc06717695704041c2862c40f45a6d68c01eaaf0e61e25da25f9881d0d8726,Debuff duration caused by self to targets is doubled.
1297097371,ae5b823f752b7e10f45673786404acbc5853970e3432f3deb7ae7772357a5689,"For the weakling it once was, Fulmintis challenges the old foes who evolved over the broken blades of its kin."
1297099160,088b52b334cd68b741c4fe3e762f5765ad68aec60ab3d11227d97ea70d94ab0e,Ankles
1297128632,e1dab7d66f790e52eb3a9f6947d473484a18f31ea4869062e9901cabe7c6ffbd,Cubbo and Budsquire in this area will be friendly to you.
1297151692,836e8535329d201354988db4fdb2f3671227e6a057a56c49ce0a3659b32b32a6,Strange... Not here? But the door is clearly open.
1297168433,c2dd2d9003e148931aec388fd1f933ae1f501f5bd1b9dfa177fc1753ae523667,Number of Aniimo allowed
1297178481,e5d0e692aee9705efa5760729454b9f7f5e2e75ebeb92e3e49bbe2f48f9fb386,Held Item Enhancement
1297198992,c966d30fb216862f5620a4174552e2879c2d0033e296bbac626adaba686c4d3d,How to get the Chest behind the stone wall?
1297210808,b475d331ca91512b01194f6587de58f93387830b42bd0bed9a173da5e3fd01b3,I’ve got friends too!
1297259890,f545c25c2f4f167b1137fd2fc6bfe1068b029adcfc065e0beb6d7416b64db4eb,"[The Shrout shakes its head with all its might, and a spore forms beside it.]"
1297268146,228e7bd2274db03e7def521f3b1808e69266d48d896c03f1dc9f0269e3b4503b,Exclusive resonance material for the Lunara family.
1297316952,b6fefb5dabca6805b2652ee5adb6d1ef670d5c295593cb089e27a406de125d03,Elemental Shot
1504881870,b6fefb5dabca6805b2652ee5adb6d1ef670d5c295593cb089e27a406de125d03,Elemental Shot
1297322457,bc2c3e972f84e93c3d8a3ee91b25f285d77fe46750a7832f4ef42f2ab7a2851f,"Indeed. Aside from the <style=Hint_BgD>Saintess</style> and yourself, who else in this world could deserve such a title?"
1297325055,bb63854b77b5fd139be9e1e480eb14bb3f93159e01327b846e3a592cd0e48abf,Placeholder Text Title Text Placeholder Title
1297325712,5e1496f51203b1850a39287c2e3d3b263a049e8c80117b95793370a5d19679bf,Natalie
1297327777,9c3a145ba29d7293708cda0b1599426e9abb5f401b3413198b37a21e8b4091e7,Mm-hmm. You’re right.
1297334173,a5b28f2878c88d726094a94a17c6fef3f4919d518dbf28f7fc3d309aadcf063c,Plain-Check Roman Shade
1553234398,a5b28f2878c88d726094a94a17c6fef3f4919d518dbf28f7fc3d309aadcf063c,Plain-Check Roman Shade
1297360844,24425c339ff9a2c449490e75e9d10638f5c2baeee0c0b65ba5fce5af7b33e8ef,"Congratulations, you got a C grade. Don’t give up!"
1297381175,89ab497a8857ad1c013d327cbf8fbf1474ee70e1d346e913b45c94d0c9ee1e17,Pink hammer.
1297396069,b7dc4261708c9e542e66ce18705c15085a28cd90fd08086d16d8f727471e8661,Title (Placeholder) Title
1297409099,4f61b69aba47501c3c629c723286a3e230006da958d578796f3a9b76a354b1d1,Bubble Gun
2050679655,4f61b69aba47501c3c629c723286a3e230006da958d578796f3a9b76a354b1d1,Bubble Gun
1297414555,fa8f2b6c07fb514c9dd6d5b1b44ad4fae8f9960e03f155f9dbb9ed89b76c0576,Copy to Clipboard
1297416722,4bff353d124f39a4bf84ce752c807d56a1529caf64d89284f6d750199b2b967a,Ending training early will not refund used items. Are you sure?
1297418914,c7e997919dd532b9e67523f4839fc5e00e31a6771ad5aa40e9d72eee2ba19a12,Host - Oscar
1466304086,c7e997919dd532b9e67523f4839fc5e00e31a6771ad5aa40e9d72eee2ba19a12,Host - Oscar
1297454618,419887aeb3fa2c89d8be64af09ddd9f73ad2baa8c8c9e333927797df8ed134b1,(12S)
1297458490,337f01887f553e1938ec4749ecb26888c4247edee9803c67767dd905ad980037,"When an area’s Prismatic Energy increases, there’s a small chance it’ll surge straight to full and immediately draw in Prismana Aniimo."
1657124277,337f01887f553e1938ec4749ecb26888c4247edee9803c67767dd905ad980037,"When an area’s Prismatic Energy increases, there’s a small chance it’ll surge straight to full and immediately draw in Prismana Aniimo."
1297508095,e8d3d5ab0ba7043b8366de7e782bb78ef667602da6a3baccbb817356311ee68a,Growing Plants
1327138986,e8d3d5ab0ba7043b8366de7e782bb78ef667602da6a3baccbb817356311ee68a,Growing Plants
1371584900,e8d3d5ab0ba7043b8366de7e782bb78ef667602da6a3baccbb817356311ee68a,Growing Plants
1445650721,e8d3d5ab0ba7043b8366de7e782bb78ef667602da6a3baccbb817356311ee68a,Growing Plants