1618486957,f2e942fad03556fa0388e8d98d71e0d151ddc9d3158538a269cf6d0600e7cda1,I've forgotten most things now
1618496621,905fa03b779a8414842c0bc4049b7860ecbbde4519c333c7cbfbdacb65d2e4e5,I’m sorry... I couldn’t help...
1626236801,905fa03b779a8414842c0bc4049b7860ecbbde4519c333c7cbfbdacb65d2e4e5,I’m sorry... I couldn’t help...
1618504614,996af17786607e73b2c3605bfaf7524b443ce62466690f560c0a26b1688b39de,"After Twining with Cornet, approach Tromber and use the Charge Horn Skill."
1618525626,2b856b39c39effecfe21b155143ed54140ce504ba940dacdc81f4e6555089b96,Puzzled Pebbling
1678606333,2b856b39c39effecfe21b155143ed54140ce504ba940dacdc81f4e6555089b96,Puzzled Pebbling
1618535588,62abaa13fe96422f609cd07504bb7ce94eb902774e31c4c96b7e49deecc78e05,45/125
1618540995,44497c57cbd53c73c174107dff9f9301b7e3f0e3a144292cc4743fa6cb0cc67f,That’s Art! Not Scribbles! VI
1618545585,44048ebc2faad060e42eb7e7c225c96cf86cd1d0f4bb15f3c7644aa99e5a17c4,The private RV Park has moved. You will be relocated to the new Park location.
1618547868,bdda1e054fcf52ea8313c576984bf795f1316b7a4a7aaa18ef92ce1d8cb717e3,"The foliage is trimmed into fluffy pom-poms, adding a cheerful touch to the Homeland."
1668129431,bdda1e054fcf52ea8313c576984bf795f1316b7a4a7aaa18ef92ce1d8cb717e3,"The foliage is trimmed into fluffy pom-poms, adding a cheerful touch to the Homeland."
1729926552,bdda1e054fcf52ea8313c576984bf795f1316b7a4a7aaa18ef92ce1d8cb717e3,"The foliage is trimmed into fluffy pom-poms, adding a cheerful touch to the Homeland."
2084600421,bdda1e054fcf52ea8313c576984bf795f1316b7a4a7aaa18ef92ce1d8cb717e3,"The foliage is trimmed into fluffy pom-poms, adding a cheerful touch to the Homeland."
1618572428,4c629e5d131d7b23c4e823feb51c69f4ccbb6b6a265ede0fa891ec769bc9d3d4,Flee
1618578427,5718848a2e1526bc6b45604f22dd9fa74461455b2dd78cb1b2005eb20874b389,Blend the Crimson Fragrance
1618597328,89cfd42a71859092bdf6fb8528ab3f5f491d18871f864338880db93cfedb5543,{0} enjoyed its time in Home so much! It has spent {1} hour(s) there.
1618669241,4cded63bd520e2ac4bdb4146926d94e8625410d22949252863eb08601afa5745,An old score completed by two generations of the Windgliders.
1618675297,4d0c77f08666ee56a18592f2b739eabe9b2a01fe5119c322ef526e9ac7372482,I’ve been worried about that...
1618713614,34d88f1d3ae15ad0149971e3f949b12ff0007777e903596783ca75c461dd28b3,All you need to do is <style=Hint_BgD>reach out and touch it</style>.
1618721573,a32be4e909e56d1814bd2cb341d3fba95bfaa5ee4d1c2c06e2198f29644997c2,This Aniimo radiates its signature Sparkling glow. The Aniimology classifies this variant as the Family’s Sparkling Type X
1618724189,34aa71bb5cda4295a473478df9be6a7e6c8ce05a3e7c6c7b7ab4e878b0dac3a7,"Oh, you’re back! Got time to teach me now?"
1618731226,316879a0758dff2be72c026e3d90658296596fa2cdf71d1d7ef075220ec0ead4,"If I wasn’t worried about the others hearing, I’d have quit this duo ages ago!"
1618741963,b70931dba8d4921bff12cee45267bee27ca7d5958b9b7a7010516c9ef0bc535f,The assistance reward will be distributed via Mail later.
1618771704,7f5d74a693681eb46f76a13ec13c12ae52285d26dc8509bd4647a54cd76761d8,Chance
1618786501,bcaf229c736a197bc9cf831d556d40085dc5c5da092eac5ff5b708e80ebd8a74,Gathering Emberpups
1693169287,bcaf229c736a197bc9cf831d556d40085dc5c5da092eac5ff5b708e80ebd8a74,Gathering Emberpups
1894035177,bcaf229c736a197bc9cf831d556d40085dc5c5da092eac5ff5b708e80ebd8a74,Gathering Emberpups
1939468705,bcaf229c736a197bc9cf831d556d40085dc5c5da092eac5ff5b708e80ebd8a74,Gathering Emberpups
2052279847,bcaf229c736a197bc9cf831d556d40085dc5c5da092eac5ff5b708e80ebd8a74,Gathering Emberpups
2146239348,bcaf229c736a197bc9cf831d556d40085dc5c5da092eac5ff5b708e80ebd8a74,Gathering Emberpups
1618802565,65cd39af915f6006227ba51f32e4b4df1f2daa1fa34739284f4ae9356ac60d2c,"Duration (seconds, Default: 5)"
1618831720,daad8428889582644418edfa74a5550df42a32e8cb608772ef18b80ef94c6539,"You stop staring at me, you’re making it hard for me to practice flying."
1618840486,e4bbeefcc6fb3af2e6f837360e6b4eee44aff1217fbf31731fc09980f3396def,"Extremely rare ginseng with dual mutations, enveloped in a rainbow-like glow while sparkling with dazzling spots of light."
1681067629,e4bbeefcc6fb3af2e6f837360e6b4eee44aff1217fbf31731fc09980f3396def,"Extremely rare ginseng with dual mutations, enveloped in a rainbow-like glow while sparkling with dazzling spots of light."
1618887994,473316c27de9427eb24a2f156e5af4ee9acb161daf5394056c37c9058c762a49,Illusory Basic Protection Chip
1961791187,473316c27de9427eb24a2f156e5af4ee9acb161daf5394056c37c9058c762a49,Illusory Basic Protection Chip
1618928900,bb4d29ed8d8046405247ec60e65064c18fe9262794d6d61b2b37d21b459fb905,Complete the quest “Richer Yields.”
1618930433,766646ff4c1cef5eda20fe33e81d014d9a5b5728bd3e1e6f67570a0c17066b9a,It’s a legend from Nimbus Fields!
1618939466,d64ee201044c4504f368d1287a261f342a7af5f1c61c79ed952e16f87cda00aa,Interact with the <style=Hint_BgL>Aniimo Statue</style> to claim a Sanctum-exclusive Aniimo.
1619000204,cdf988fcd5b7ee208c70e247b996df2bcd3950caa013b2affc15fed01fe9dd39,"While flying, you can avoid ground attacks, but ranged attacks and large-area attacks can still hit you. While flying, damage taken is increased."
1619019050,9e23e4c759afd354b1db607dd46f62922a504f06ede879b7cf5acaead6bc8f27,Perfumer’s Memoirs (Part 2)
1619025525,aa8251b4be1d23e91240416384e6fde9007f76b67f9730fa8ba5c111e08de706,Yaxin
1619034829,6934e81b4ac364f31b95600ea10e962dc41f9643ad49b465cf8c4fd6695c43cc,Go to: Polaris Institute Rail Station
1619065595,31b8bb9fae728b623836460ee7f94f2577d3857729b082993dfa018015bc7cac,Break Recovery Duration
1772709787,31b8bb9fae728b623836460ee7f94f2577d3857729b082993dfa018015bc7cac,Break Recovery Duration
1619086683,24ed778efe2b617a99ff74990a1349de7860217e2ebdb1838d25a7bccc99abab,Twine with Fragrancier and approach Dewy
1619158292,412652dc6ca4463ffc3a491ccb3ef7014ec1dc36b4b0b2d5d7da7f387c58686a,There seems to be something hiding over there... Better go check it out.
1619193770,be1ffd972ebb54ee16161bf34ba0a03f9b74ea4a87c82b56f50b738dc2c495fd,Discovered Aniimo
1619205176,1ce8b95499cb62b740c67e711de2e6a8d109508b5d4c7fa465ef59efa391613c,"Half a month ago, I <style=Hint_BgD>saw a light here from far away</style>, as if the large starine tree had been struck by lightning. I was worried about those Celestises, so I came rushing over, but couldn’t get inside... and now I’m completely at a loss."
1619206034,0cebcbb8af43c0f80fad04ab818e0dff7dd7a01f588e890441b178a1d3ada43a,...So that wasn’t a dream... It was real...
1619251855,11ccaa8aea646dc4f5c55c077acffe9af999c1c1dd20cefa9d039f27f1ee50e8,Pa... pa-ow!
1894995146,11ccaa8aea646dc4f5c55c077acffe9af999c1c1dd20cefa9d039f27f1ee50e8,Pa... pa-ow!
2129944789,11ccaa8aea646dc4f5c55c077acffe9af999c1c1dd20cefa9d039f27f1ee50e8,Pa... pa-ow!
1619269279,ab3de9b31511fe5f04ec413eda4eed6690dbe4a69fdc43191f41e684908bc87a,"Frost gathers, and the chill cuts deep."
1645315713,ab3de9b31511fe5f04ec413eda4eed6690dbe4a69fdc43191f41e684908bc87a,"Frost gathers, and the chill cuts deep."
1619273139,c4f4f7c0a970fe6bc810bff8da419408d87153cd0a09a2efaaef6ed0427573c0,Press to start chatting...
1619320062,93365d9852348fd1a50cf9e940908f0cd6ef3039be08481a7baacf90248bd857,Preset Name:
1619320647,0dea24049db7b7b819f95494617e621112059844fdbc1907a98e8b810c12d817,Title Hint (Placeholder)
1619333136,deb3756a7d9eeafa576613ec009b223b13b7fc5fbdb41e716c216f83e402e528,Exit Build.
1619352600,11c3c0693685b72ab11eaad303047c58cd89bbd1c4348ff0ac3972f335116636,Enable AI Debugging
513534687,3958731675c6b573b74f9ca37e582e851c6225c725caf71dee42a94fb31a3522,Defeat 9 different Alpha or Omega Aniimo.
1619383889,3958731675c6b573b74f9ca37e582e851c6225c725caf71dee42a94fb31a3522,Defeat 9 different Alpha or Omega Aniimo.
1619449713,ed51739a8389a88255bf35505df3b0bee2e82377c92701d55404b1ee902e3808,Scorchhowls are usually found in <style=Hint_BgL>Beast Fang Ridge</style>. 
1619514052,06ed7c0b2bb7a3af925a508bc4b8054c360fb01a99a4348dcf4fb3a74d031a6f,Level {0}
1984567909,06ed7c0b2bb7a3af925a508bc4b8054c360fb01a99a4348dcf4fb3a74d031a6f,Level {0}
1619522313,973464abe57d35161b6468bf4022e41e59c92d2c19e52aec1b4d7dcf8b63866a,Why does it bother you?
1619555474,bca1f87a962073e605665e66908b9bd300cbd93a746c495a0fd8152775850e74,Prioritize HP and BREAK
1619561965,29ca8e620586d08138545778687ddbe7d07994bce47fa354a6f889e45bfcad52,What you need is %s
1619570750,89b1834b52a277ee432f79716f798301f5304216e127e9d1e2795ebae5ffe67b,You’re... the Windgliders?
1619580979,89114ff6f26a605601e530e28e23cb03aee91855639af6c9d65b40f90d6fce92,"A fledgling dragon that hides its weakness beneath its helmet, yearning to grow stronger so it can soar freely to every corner of the world in search of hidden treasures."
1619585793,1b76483028e5590ad9fe5f008336d23fe05e7e6c2fc2b9c89981470f867601da,Grand Feast
1619591670,bf12c67b242a8cd8246c7066ca892f508223945335d33459e6fb12a1a5914ebe,"Lun 8, Sol 2
Today, I saw Iola again. She stood in the sunlight, as if the entire World was gentle for her.
The impulse to get closer intertwined with reason in my Heart, leaving me standing there motionless until she turned and left.
Iola's figure made the entire World seem so beautiful and endearing.
I think it's time to leave.
I want to see the wider World, to go to Apeiro... to see my parents.



Lun 8, Sol 15
I've made up my mind to leave, though there's still much reluctance.
It rained this evening, just like that evening when Iola and I first met.
Many memories of the past have faded, but I cannot forget everything about that day,
The Legendary little sheep by Iola's side, the Shepherd's Whistle in her hand, her dampened hair...
I've decided, I want to leave her something too, so she'll remember me, just as she made me remember her."
1619599564,b269a73b71eea995c5f581504927af8e5fadf7fc45bc1a9b8215aea3126498bf,How do I get the Cloudherder Badge...?
1619616016,85b6e52af431d58ad4bb3845485c457882837063c3cafa81f2e00743239c4cd9,That’s right! How did you know they were so soft and ¥&...%fluffy%&?
1619625236,9089e4b79eb7fd01b29300f8d1dd9321b9fdffce4f2d46f4475642c78dc6f1b9,Interactions
1619643387,41a3b28784e754114d2c5ed2b68e744cd5eef13109f0bebb018c91a180639b4e,"Wind, show me the way!"
1619644219,fb2b97e109793794db29320f97485139debe92011707f36d6b97c894761a5a2c,"Actually, I'm the one"
1619653930,95655924902d2ed02c428f7661aa478f76bf05226081ef8bc3c1208241b64727,"Shock-absorbing pedals paired with a dazzling light wheel, gliding freely without limits."
1619675601,3b42a8d9e9a0b4f9943b9f3001754d9eac4194ec81463eca833fe37b42e20df2,Fixed at <color=#e49b43>Legendary</color> quality and can be unlocked through Transmog.
1619736325,a693cbdc8a17ef57b17c1d85f587de6e9c48e324fd20dcafaa98ffabc8d52d3d,Master Trainer
1967344378,a693cbdc8a17ef57b17c1d85f587de6e9c48e324fd20dcafaa98ffabc8d52d3d,Master Trainer
2028738193,a693cbdc8a17ef57b17c1d85f587de6e9c48e324fd20dcafaa98ffabc8d52d3d,Master Trainer
2131115961,a693cbdc8a17ef57b17c1d85f587de6e9c48e324fd20dcafaa98ffabc8d52d3d,Master Trainer
1619741187,b99d978c7d414b45b54c35dcaff355716e961ad3a9a5235e51d474a3ccab0f97,"(The ""Spirit Fruit"" has been planted, go check it out at [<color=#d89c28>Now</color>]...)"
1619756307,8d83e29e5293b8395900b4e063135307a2c5bcea39f681b6760033a90402aa16,"Aniimo with level 2 or level 3 flying ability can also take off directly from the ground. After takeoff, they will stay airborne at a certain height instead of dropping back down. Hold <style=Hint_BgL>#kPlayer/Jump#z</style> to take off."
1619826225,280cc7bdbc9576ecc9b69066a3edca0e16c27f2f284c06c8e799ba55f747cdd8,YOU! WILL! PAY! FOR! THIS!
1619857637,ff655c11e21d8dc30c63aa937f2e48e17102f10b8ebe96a5f9bb71085454a8f8,"I’m tired, time to go back to the egg.
I need a good rest."
1619857910,71cb7d488ed1379195642a64f3517179d94f1ea232da0c302d17ec7269029343,Stamp Rush Event
1619891616,38b2b0bc655414dc2be33f7ab37a28d1bdabb05c679d909e7e2ef26cbe61001e,I have strange hobbies too.
1619931474,2abbf5f536dc6ef104cff375eaa20e2fe5d0d53df34fb991fc1e290321fa0498,"This time, my bubbles are going to beat yours!"
1619968506,eaa7149651370ce4d209c18a845bbd3de88643097e42a88243ecf3a9949570c9,"Fishy spotted a real pretty Glacy in the lake! Its scales shimmered in all kinds of colors, and they even glowed!"
1619985790,e86574df7434a3b185fb0ee23d093e6815e565798898627fd4842d3fd36d0b26,3/3
1620005014,f88a8cc8b7defbd23643dd00d4a26fc86a3709036a9d31f3721a9e2f3398dd1f,"Haha, you got that right.
But what I wanted to ask was about the domain Bloomville’s a part of—the <style=Hint_BgD>Zephyr Coast</style>."
1620016136,b58977e442c78aa82a4858ddd992a85ddd153f54e098156d4fca9cea1c97a001,Unlock Badge - Cleaving Waves
1620041854,1b38cdaa9f2b626393928b0ed7ce0a19abf36f1318165dc3b1d10855ae588c76,That’s a chest Whelpy just found!
1620089296,28c950e29c79d529ff9cfec8b885b6c7606ca34cc2927752830f27ff89fde93d,Defeating Alpha Aniimo.
1817595920,28c950e29c79d529ff9cfec8b885b6c7606ca34cc2927752830f27ff89fde93d,Defeating Alpha Aniimo.
1817855352,28c950e29c79d529ff9cfec8b885b6c7606ca34cc2927752830f27ff89fde93d,Defeating Alpha Aniimo.
2125647706,28c950e29c79d529ff9cfec8b885b6c7606ca34cc2927752830f27ff89fde93d,Defeating Alpha Aniimo.
1620101847,bde91c9df4f0a50f09073ab1f3c0b4cfe9312369548525664a5b2076fd549669,"Pink... blue... gold...
This feels more like painting than crafting perfume."
1620160853,198bd10ae7fd03b1d61cda43cfd1be17c8d788cf0adb317c42e3ba79b3d33a28,Reach Grade 5 Student
1620169180,bee9c505897fae105819c2729f75d6f6d509a8cb24caffabd500cc0e1fa81e81,Premium Woven Toy
1620171846,e3f501b649ff134e7f9da916c3ae7fb1fbf54f48f4dd11d4a5885802e57e3d60,I’m starting to feel drained...
1620175720,ceacf7484944fef99af8b5fb13e73b91761208bee345f067bd01db8b93ba795f,"Resisting gentle pets that might soften its resolve, it leads family hunts with its ice blade."
1620199898,8a42af5416fd00e625be1fbb0f42eee5815f4ff1bbaf54f7a965cb685bef1b74,Exit Objective
1620208010,4e3648c944629c4c23038602f0468d928e813f70669506b3b93e8fa53f8105b3,Hat Trick Phase 2
1620224620,5cdd8455cee10883f09bcf75bb235b108dca90122b44863b094711a9fd9c9080,Aniimology...? What are you planning on doing with them?!
1620237700,578a058960e5c7248dd34d7a903ebfd695b430eaef741715f40bf2b97c68f405,"You’re seriously strong. I can’t argue with that! This <style=Hint_BgD>Sonata of the Wind</style> badge belongs to you now!
I hope you stay free as the wind, with song accompanying you wherever you go."
1620252063,3f67c9a77ce88482ef0b42538a3d112030b282b7a74d60e4ed4f1e416f3118f2,Farmland instance ID (ornamentId)
1620308306,83334645e8c7634c12bb29bf87885b238792bb0cdd55ff4c19ad052694dc0f01,GM Switch for Voting Feature
1620318468,0d0d1641aec8152608e719235abe55e2edb7ba047e63f0c32b39c014f52a9d8f,Timber Serenity - Climbing Post
1657571000,0d0d1641aec8152608e719235abe55e2edb7ba047e63f0c32b39c014f52a9d8f,Timber Serenity - Climbing Post
1620329960,fa31b367376ccc110dde0ab8add34753192d0afad5fc1cdce68d17c45ca37646,BREAK Crit
1889079818,fa31b367376ccc110dde0ab8add34753192d0afad5fc1cdce68d17c45ca37646,BREAK Crit
1620362669,f9021a93befbd22bce2c06b274814682ce3bcd29e8e6538144daafc82be96c22,"Scanning complete. Analyzing...
Translation complete."
1620384095,70522da123cb32e2dddff5ab1be50364d62b29867dd04cac9956129fa698f4f7,"In this world, there are people who are born happy.
Some admire them.
Some find them strange.
Others find them to be quite normal.
Fantine is one of those naturally happy people.
Fantine and Iola are sisters from Bloomville.
The elder sister, Fantine, followed in their father’s footsteps and became a perfumer, while the younger sister, Iola, took after their mother and became a shepherdess.
Fantine couldn’t understand why Iola worried so much over a certain boy named Lycus, and Iola couldn’t understand why Fantine was always so happy.
Iola didn’t just worry about Lycus—she began worrying about Fantine, too.
She wondered if her sister might be ill.
For the first time, Fantine felt a little worried. She took her little Nimbi and went to Driftwise Meadow, hoping to relax a little while searching for perfume ingredients.
Not long after arriving, her Nimbi grew upset.
Holding her upset Nimbi, Fantine felt a sorrow she had never known before, and let the Nimbi go.
She couldn’t understand. Was her joy what made her different? Was being sad really the right way to be?
It wasn’t until the bittersweet bloom blossomed that Fantine suddenly understood.
If Fentufts were happy, and she was happy too, then why shouldn’t a happy Fantine be together with the happy Fentufts?
She even began to wonder—was she actually just a tall, slender Fentuft?"
1620408514,b79491fac45ffb63cf5dc1f93ad95ef558eb35346222ff80892bc6e26e2bf38d,You’re unstoppable! You’ve brilliantly completed this Aniimo’s research. Go complete more!
1620409337,9dc7e90e56b2f2635e18b04c731ea09762e1acd223b106df46e0013851b532b1,Construction
1825612157,9dc7e90e56b2f2635e18b04c731ea09762e1acd223b106df46e0013851b532b1,Construction
1620423998,c286dfd7caa7f394a8f54a494282ec56b591aa923b75175236338da0f196e3c4,Phonolfactory Table (Level 4)
2107077759,c286dfd7caa7f394a8f54a494282ec56b591aa923b75175236338da0f196e3c4,Phonolfactory Table (Level 4)
478100171,7985a63b1e18f6be688afcd5b350ee78083992088749d0fd6098a8bcd2e21bd7,Raise Aniilog - Breezy Plains to Level 7
1620426204,7985a63b1e18f6be688afcd5b350ee78083992088749d0fd6098a8bcd2e21bd7,Raise Aniilog - Breezy Plains to Level 7
1620455271,9c86375ce8938ce70a51524c412e85e9f28e99b4ed32070048ed34183a5b9eb4,Not enough stamina to tunnel.
1620540957,3c268b6dc8fab8810064a51cf3bbb04a7f441e4b799dcc8f229f2b15b9322e31,+500000
1620546456,4f497eca0be3cfa27deba435c6d06c402a41670f306f5d0e866fb3a86d6c9d0f,1:11:11
1620558865,32c28d2fdb327d27f78e548269dc8ed4d8a856e706dcaa8b3e79df74d1cbb1ee,Don’t worry. Your technique may still be rough and the ingredients are simple...
1620567834,d241a5bc5413a456b69df9e80d951c24cf063b0e4432de42931108e718b08c96,Star of the Center
1620568513,f3360d601bd2b888abab48e5177267c7b2ba3fc54c210dc3e129e806a35ffebf,Sounds like a story worth hearing.
1620593954,f04d3fd9848c372065ab8a581899092db3393d25a9e8c7752054d5db16223a17,The Legend of the Infergon
1620605394,0c9e92f41917644005c30f6d66cc01c21a9702af970dd8c8d3580c5693335cf9,Departure Quests
1620623048,04bcd6cb166923d9e86150fe653ce4e1f9d3046a256f4b7959ae44cbe743bb5f,A streak of crimson in the night.
1880305781,04bcd6cb166923d9e86150fe653ce4e1f9d3046a256f4b7959ae44cbe743bb5f,A streak of crimson in the night.
1620633480,a03dced55be680498c5bedc9278ad94211e3f4d54a697363a2ad671c8b641db0,You will automatically exit after the countdown ends: <#FFE866>{3}</color>s
1620665281,87dabac7ab5185b92f0f2663c88b055b1f613583f11f9d20cf0955a661010d78,Unfair PvP Bot Match
1620680973,cc6366e7f50164e190b05edeb8e76bd1a4cf4d8c4ede2acac4dbf75e4b03091b,Recommended Top-Up Amount
1620681541,e52496f2e795050089c3b13d2405566e39515b35a2d896a6b66dff2135a7a3e8,Sanctum bricks with unique patterns — Aniimo possessing climbing ability <style=Hint_BgL>can scale them</style>.
1620709782,709e7fd3e9302808179f898200089ac35e0f10aaa78e2cab737428679ab27ad6,Soy Sauce
1620717350,7d04fb5ece126357cbc46239bcb528bc7ee1984cbcc3f087f12e27fba0d1af05,Where do we go?
1620748274,8a35bb20667f23531b33a6757d4349c0741523c96adac9ecb8975cf93aa43936,"New Budclaw, why are you swaggering around like that? Aren't you afraid of being captured by the ""Incense Witch of the Village""?"
1620789799,cfda1755ffb11565e5b6b5081f92f40749fedd31fa578e8af78b89937f89a6a3,Force
1620815028,7929641fbf2a8e1b9f1123b06ae432aa93fdf62354cb407c0621f41f96fbd75e,"One day, we found a <style=Hint_BgD>giant pink-and-blue starine</style> growing on the large starine tree. It was so pretty! Starry was over the moon!"
1620832182,e60cf43341c93c8ea84cda0449e6f46c38ebfdb8c25379cb68aee336495bf307,Move into position
1620858882,14e5894b7e0e456d6e73922c3a5da5a6ae8c5a69eb2bfcf53851159b1eb287aa,"We finally reached the very top of Lumenfly Valley, and Velouria finally appeared.
She gave us a dismissive glance, then rose elegantly from her throne."
1620863805,47e6171f0147d2007bc2a4fc12f9d0f970edd030c2b5caffa00e0ad215eee8b1,Pathfinder Name 14 Characters
1620875386,96a26de0a95aad945701d859b6f9d497df13b27e32eedd927dae5ea520787f09,Wruff! But Ranka’s not actually an Emberpup!
1620888819,bbd165446b9bd757839e7e62a008e4ea7206f98e3bbc5cd79980cd5be9639c6f,"The broken leg has become Glynsera's weapon for seizing glory, emanating a piercing chill and endless fighting spirit. The price of being strong is not only the scars etched by battle, but also the loneliness of losing an Opponent."
1620897307,6333e15f97f41bc36af90c53f7e271cdfef1c25918acf9f79b9a82decad01724,Insufficient currency.
1620956485,063a8fe9217a421e652a459fa97a1fe378044b6848d5a1c029cc2f400802785d,"Summons a huge wave toward the target to deal damage. Also increases Water Elemental Boost for party members by <style=Hint_BgL><customRichText(calcData,buff,91173102,param0,1,%d)></style> for <style=Hint_BgL><customRichText(buffConfigData,91173102,duration)></style>s."
1620960019,cde198c3188785f321dbb7ca54cdc3af3891737de3bb36296304ffe20d9be538,I suddenly turned like this while dodging attacks from those Little Grumpbears and Big Grumpbears...
1620968214,ff5a03d974588822661f2561a077c75e7cb26dd0d1dbb52c240ca38496dfc21d,"Of course. You’re quite the celebrity these days.
Once people heard that the one and only #playerName# would be taking the stage, of course they came to catch the show."
1620976537,73ad112d4cf10efe380c00bb4ab7722194a55b70d46576720d6b948d5bb732d6,Some team members are not ready. Action failed.
1621027998,f415b256c2f085c3c1d974911b24106752247ff5e43b0d4a3c04101f891db862,Dungeon configuration error.
1621039837,4351360f1ebe75f46d8b6391a4112ec37801851ddf12bc6119eed8adc4753283,"Someday, I’ll clear the challenge like Boss did!"
1621043703,c04e7c11561cc86d733918252906ce673ee2b354266942fe42a30dbfe42eb398,Defeat Alpha Aniimo
1748817586,c04e7c11561cc86d733918252906ce673ee2b354266942fe42a30dbfe42eb398,Defeat Alpha Aniimo
1621045771,dd17e7120a930642c2da3aafdbbb201879416aa6feb58b87b1f25122117aa7e7,Server busy. Try again later.
1621055921,931087b5f06ab6a4694dc714056a27f4a99317d30511d5351f4a2d2bd840e414,Veinwalker Assessment
1621060968,b258b205eb849e4a2fb635112b66ebcdca637ee8aca2c11ff7c4e2df92684bed,Island Aniimo Field Notes II
1621129491,684ac72173f09cac96bd1d10c45a3eec929a2035a87e254a13653f4141c2199c,I'll arrange for Pathfinding Research personnel to begin operations.
1621131100,51d7f8cd22b09e7f8bdbaaf4b525becad1f2256719be8c3f456c9d6f13963507,"Deploys a shield to protect itself, absorbing damage up to {0}% of Max HP for {1}s. When the shield shatters, ice crystals shoot outward, inflicting Freeze on nearby targets for {2}s."
1621153059,ce51a54b4201ff13b0a07e5a7321fba9c4c7a88dcf7a1ab4a456754aa867ee9e,Intermediate Amplifier Chip
1621173406,8ceac4b5444933d0a2d705335b05f65938fc70ae4b04d703feb08ded10276a34,51177
1621194230,fbc02e3101df33919b4611ad782393c48eb4b103f1cb7e4debcdd1eaa03eea96,"A lively plant set in a coconut shell, with glossy green leaves standing tall and proud."
1942928535,fbc02e3101df33919b4611ad782393c48eb4b103f1cb7e4debcdd1eaa03eea96,"A lively plant set in a coconut shell, with glossy green leaves standing tall and proud."
1621234082,e1aae8dd8addfb031fd85cb526698f912502336b73339bb940c85a84c16185e6,"This land is truly blessed by Prismana, blossoms, and fragrance."
1621245685,c3c4ccf000641e6f072f9e98bd22f6750f6657e9a2e2ec6f6d90d9b7d9a2ada7,The large starine tree grows special starines?
1621285528,da1176d588005004d69037829c747122db25b9a18ecaf422bbeac2071bc7ac05,"Fires an Ice Orb at the target, putting the target into a <style=Hint_BgL><link=""source_8161""><u>[Frozen]</u></link></style> state for <style=Hint_BgL>2.5</style>s. Hold the skill key to aim."
1621319901,2a15ac09c306fc15315483949068a8e210f35ddae3f7afbdd77e21101195d351,I couldn’t tell colors apart and could only see outlines. It was barely better than blindness.
1621332367,2f1ec878ffd289b95228714962f3b5fbb9ad4aff6a9f80aabb081903142946d9,Grassland Assimilation
1621337865,9573eed2dd27d9d0b008553cfa412002d552a7c1764793be4c8034d50b0c981d,Overwrite current blended face configuration?
1621380586,a31dcadbe47c7539d3301a079fd6536fe116709d587914e893bc4fc81647a8c8,"Wind chimes tinkle, the swing sways, Aniimo gather close, sharing happy days."
1713543273,a31dcadbe47c7539d3301a079fd6536fe116709d587914e893bc4fc81647a8c8,"Wind chimes tinkle, the swing sways, Aniimo gather close, sharing happy days."
1621393461,69ad10796703ffbd0d2c4760d7bf329bae7e0fe6a7cc9939fe896f8d7cafae0f,"The ice blade whistles through the air, stirring a chilling gust."
1829312527,69ad10796703ffbd0d2c4760d7bf329bae7e0fe6a7cc9939fe896f8d7cafae0f,"The ice blade whistles through the air, stirring a chilling gust."
1621399564,598e6bf7c3e83e1e2b11afadf4adca1373ca56fe3bc31891c0db87f43a341590,Place 26 farmlands in your Home.
1621427576,ca3ca58bc6a0325bf794740406e98b118acae0a4813c8abba20d50ec6216979b,Rookey Grass - Stage 2
1896284727,ca3ca58bc6a0325bf794740406e98b118acae0a4813c8abba20d50ec6216979b,Rookey Grass - Stage 2
1621498131,25938293be70b03f7efa605a9ba6912d1577e56d8921fa28582a49c62e75a944,"The mechanisms are extracting Irelia's energy again! Quick, break them!"
1621517365,491b9f102dd3b2f173bf23b865590c7ba5c223f9ca3bc77e3b820f36bff5d22d,I have a bad feeling about this for some reason...
1621518351,17a3071b2bb7e245dbd6fd35232ce0fc5fbfed258e4b5349b7f4cce2aa986ca5,"Open the Build page, select a furniture and press Get to purchase it."
1621530925,1eaf15204dc2a092e320e274e78e70f6cc4988eeaa5b7777814bf8c9afbdcda3,Mystery Egg Box
1621578684,ce2cbb24c098a8b1bb5be302b4197423f4349cb52257a1fc390183039eec09ae,"Return to Astra’s Boomblast Arena, challenge Instructor Lita for her badge, and claim victory!"
1621591152,a2425c72a8f89bdda16a8ecdcb30faea980b9736c05a14a625ef4ca44afe0c75,Companion Handbook Collector’s Edition
1621603705,ce8efe9bff43cc4692e32f61dfcc9aa3c01e4de89beb31b8b0829c93205b473a,Blow Horn
1621619185,3c4b8ddd29022ae2cedbaf5d2e361c706781b2f99df85c329464342a3f350219,Harvest Moon: Flicker
2130344860,3c4b8ddd29022ae2cedbaf5d2e361c706781b2f99df85c329464342a3f350219,Harvest Moon: Flicker
1621641692,2747bba9789a4c0b64e23212a2a546dc1888096ee491953b3dcd55f1485a2f02,Destroy the stone wall blocking the road and head to the finish gate.
1621658019,29c9c3b0100c10400e72c8d12d802dc5d821b9f0864a7974e3ff9408b17807b9,Remember my motto: offense is the best defense.
1621663989,453c400a6412ca7066be006a2d7eda9c3f0cc669e8204259416b6c3e85e8413a,Dazeshroom
1621706420,2e040c2c4599845a41896e2eb6a473d79d9d9e0c6f66032fa7eee70d96aa746a,Happy?
1621710452,ce9d862cd4f90935536adf0b59446d63b9bd02269d98beddce6d1bc18f1ec100,"Auto assign Capability Points %s <sprite name=""ui_item_TalentPower_small"">?"
1621712954,69e2bd3cae274a8b9adfa7476b0bc1551dd6f6c1b1612026064ff868e7b8c733,Ability Tree reset successfully!
1621742062,c6d24fa04a20a5e6d2fa9a0ae55d225d10a27f9f80f8c0eabb46a819906c6443,"Unleashes all the energy stored in the minerals on its back into the sky, where it transforms into meteors that rain down on targets."
1621759639,85c6fc4330b376fb89098565f6d1db40f5e96b19b7b19131dfed807a68a722f0,This rune is equipped on another slot of this Held Item. Continue anyway?
1621781051,af7eefc4a3cb4f5b8a592c7ded4dfb083a63cd525be7419745b1b1639def4c51,(BREAK) Wields the power of darkness to attack targets from a distance.
1779023527,af7eefc4a3cb4f5b8a592c7ded4dfb083a63cd525be7419745b1b1639def4c51,(BREAK) Wields the power of darkness to attack targets from a distance.
1621847545,05d5860a768e985b175091bae0310a301d78b73e35b1eb0214f769cbcae68531,Obtain Lumin Amber in Nimbus Fields
1621851261,53f2f960b4e06b90c9f9ffdac3c58446508fed36bdcacf1b58817df7d9ff082f,Ahhhh! I want to become shiny too!
1621869043,96be5536ef6173baa8c5d81588afe5e9ff3461c385b73c89cd69b9428e16698e,Red Dragon Idol
1787641747,96be5536ef6173baa8c5d81588afe5e9ff3461c385b73c89cd69b9428e16698e,Red Dragon Idol
1621910652,2683cad48a14dc3f79c167e4e98cc01ed6cf0e364cdb399fc187a8fc39902571,Name:
1621923594,bc9a9a6af7edd1b6445ce648eb53aa8fe095c028550a81afc09008ed7f2f6ae3,Play game is for happiness! Why would any Fentuft play game just for reward?
1963549370,bc9a9a6af7edd1b6445ce648eb53aa8fe095c028550a81afc09008ed7f2f6ae3,Play game is for happiness! Why would any Fentuft play game just for reward?
1621927944,03ca6d5231c6a06ce8c2aa5ecb579e26cac2a3c5052e23685005fe51cccd289b,"Each stack reduces healing received by the target by <style=Hint_BgL><customRichText(calcData,buff, 2129305,param0,1,%d)>%</style> for <style=Hint_BgL><customRichText(buffConfigData,2129305,duration)></style>s. Stacks up to <style=Hint_BgL><customRichText(buffConfigData,2129305,maxLayer)></style> times."
1621945000,b2bccef2e106a814270511b8a6ee812770fd347dddc4fe12a5154f867678202d,Flamerion has appeared in Mountain Meadow to protect Sparki!
1621951837,29201fff04f8a9491519ef45197bd7cd0356b109b9ff2afc2b63b7c123d9a3d8,We need to find that large starine and put it under the big tree.
1621959523,7df908978aecbf4725cec364799ee4990cc4ebaf6d12a1ad9d6447a017e663b0,"The Shelly raises its head to the stars and bravely heads for the shore.
A Cornet swoops past above it, and it immediately rolls back behind me..."
1621974467,2deb16aa69922f2e36faf16b223e98693db84508c51e72c3b5b785a13cfea599,Cannot Redeem on This Platform
1621980722,fa3bfdaf6e5c22bc83957728e0aaadb2dce8d4d1746a57bb61253f095d9d5980,"Each basic attack hit consumes 1 stack of Silver Moon Mark, increases basic attack damage by <customRichText(calcData,buff, 2137102,param0,1,%d)>%, and restores <customRichText(calcData,buff, 2137102,param1,1,%.1f)>% HP."
1621995003,2ed37c7f21bc304da94714eff58c6a4591253d43f42151dcd4e27fccf22ea315,Recipe Note: Umbral Hot Pot
1622015138,f5937c8cdb25d5e28d2f2b3df786b3efb05251fd2413921b5eb5a7fac06eaa14,Glory Badge Holder
2121640072,f5937c8cdb25d5e28d2f2b3df786b3efb05251fd2413921b5eb5a7fac06eaa14,Glory Badge Holder
1622027282,ccd67ab892b962e8c41e074053fbbed980981a6f9019f0fe13f73ad0d3112fcc,No challenge attempts remaining this week
1622058351,5eb5fd2f3687b3f15225b6e48315d67bbe7674619ee59a249d5ef8247dfdc23b,opening new possibilities for the city's future development.
1622123461,9df2d8f80c9c380611de3f15ab03e5bb342a7d0582d48c51a11fd08cbc4ce95c,(In Helmspeak) Helmuts are the best toys in the world! The best toys in the world are Helmuts!
1622131328,38877a7977ca2e238047aad917e306e77fbcab8d12d1caf86ab47872a9f66a86,Continue the fight as a Wisptis! Untwining will end the fight!
1622190485,9e2e25f0b91c3fa2a7fe16fde4a71410be4a9499aa91b4b9b12b98ba88e02449,Obtained <color=#3f91ec>{0}</color>d ago!
1622196299,325dcd1665c638f7830c785e0b745e7fe0fc532a5115d898633b49121818c57a,The bond between this brother and sister is so touching.
1622215976,eac2db29209b9ea5674fc7732e26565dd2f98669961f6f7770ae992af133b6d7,Place 7 woodlands in your Home.
1622226861,031c2d79d71a06afcb07712e2125db23368a1f14dd96ce0140027b36bdfb5d30,Localization
1622236924,3b691d2c826859cb34908dc5564808e26ca627ffe16c0175665415f84db998e0,"Starry Chrysanthemum
A member of the asteraceae family, this plant has bright green, spoon-shaped leaves. Its slender stems bear flowers about the size of a thumb.
It thrives in well-lit environments and commonly features white, pink, and yellow blossoms.
It’s a tough plant that can survive light trampling by Aniimo,
Making it a good candidate for lawn alternatives.

Millebloom Lotus
A member of the nymphaeaceae family, this aquatic flower has many petals and a splendid appearance. It often grows where Skippies thrive.
Its seeds and roots have a bitter taste and are rarely used in human food, but are highly favored by water Aniimo.
The stems are often made into fragrant sachets during the summer to repel bugs.

Blisswort
A member of the shrub family, it is commonly found on rooftops in the high areas of Bloomville. In spite of the fact that it doesn’t look very pretty, it is the third most popular spice making material in Bloomville.
The perfuma lily itself is tasteless, but the processed juice has a strong fragrance-expanding ability.
A single iris flower combined with perfuma lily juice can emit a scent even richer than a cluster of iris flowers.
It is called perfuma lily because it’s required in the making of almost all types of perfume.
..."
1622347873,fef8770b331764af93dba54ee0315885c2922dcab98c282844fd2071fcff0236,"Perfect timing, #playerName#! I’ve been meaning to talk to you!
Just call me Bohr!"
1622355812,bb639e56f1ca8949b5e175029f5ea98ee93d1f7965be8fd42e4b77846c805cf8,Narcissistic Gracewing
1622363078,f228500e4c17f1062e1b5a4c7032a0943f637240c7657be9cedb40f068341c3c,"Director, the briefing’s almost done."
1622411662,49940fd527c1769d3cd956d4cdb3e2c78439fc6cf5ecac50cf87fe9f3b823013,By No.
1622425921,d622dd87a08e23f34ce9b67a24c8de0ae9ea6ea4bc3220d66a95251d9157458c,"So fun! So, so fun!"
1622433914,57c46e1037bbd7a13de9aa6f1ba250794846477051d6273a1e6d7c8fa34a78a7,"Gryphon God says:
The Echobacks bring peace and vitality"
1622454345,51ff5e1ee95e1cb5d0775457bd487dde62ab4e37d8d3a4fd704a610a769c3568,"So, Dr. Lewis, can #playerName# join me on official investigations now?"
1622484006,aa8e6d34aa0b792f5c77c4774c77306ca184fb68ba0a4021a8febefb942ba0b2,Aniimo Beatelz
1866933025,aa8e6d34aa0b792f5c77c4774c77306ca184fb68ba0a4021a8febefb942ba0b2,Aniimo Beatelz
1973259087,aa8e6d34aa0b792f5c77c4774c77306ca184fb68ba0a4021a8febefb942ba0b2,Aniimo Beatelz
1622517382,242234aa3f994e979b5774d0392f963decc345c3c5d43074b7161d315620f16a,This target cannot learn this skill.
1622550750,3d2a538ae73652ddb152bb5b96d5d4e8d4456be9a237f62df2e616f061472b7e,Skill level up
1822386147,3d2a538ae73652ddb152bb5b96d5d4e8d4456be9a237f62df2e616f061472b7e,Skill level up
1622554901,95d1d9eaa8085516209daf684693846431b425ac68fb5a0d6b4670a3a29902f2,From the Tea Party.
1622555504,c6f0ed5d6a55f0eda3ac11f827a65332fcbbe0335e584d72774246b92e2d30ea,Rooftop Loft Tab.
1622587283,2347177da8618e9b4a55ede913fc9609bd640a0bcd564f9d727ae65732402047,"""Alpha"" Bouncy Sling"
1622589907,ce8f455eeb10832741c0476ccce56aa8995ffeb246e41b67b784c4e123a7930a,Chaos Difficulty Monster Buff
1622592608,3ffbaf356991fb80ccc4a511b9f20270b9eb0c699d815b2a3f8ecf86108b7de0,Pupils 1
1622639636,a195c785256346bb0a006e1aeb7b63ce498eb0b116eb417e11211cd3806286cc,{0}'s element is {1}. Use <style=Hint_BgL>{2}</style> for better combat results.
1622705947,cf74dbb76a0fbc82ff6c5e206b71117863e4fc0af50335eaf95e2ef291dcbe40,Awaken the Vein’s memories and relive stories of the past...
1622711110,103004bbc7491bd518ed4bc69836bb4a3e68a383a4cb23e36500bc337b9ed5b9,"Vines have grown here, find a way to clear them"
1622724237,1faf1ad2c0b8901098a078baab09784fe3a46f9f2c54d016a28e373731f8173b,Unlock the Legendary Seeker in the Mist badge
1622733018,b690c8972cc2386dd999d52b33f256ba514afeef5a19a15f1cae2d78a49a8821,Crimson Bloom
1622735637,086788e1659b52cb18bc7a712f5429490961483cffe6e3c629ac4c014c76043a,Panpanta Territory
1622736255,063fe523376da65841d2b8e351a3d08e36462d44a512f84094180a86b980d89c,Edit mark name
1774817270,063fe523376da65841d2b8e351a3d08e36462d44a512f84094180a86b980d89c,Edit mark name
1622787290,18c70afa4281b7b9eb113408a8c96e93c549b448ade67e25b1f93d768010c35c,Level 6 RV Welcome Pack
1622863300,1212ea9e20949ffca0acb019cf3967b4e192de6dd37aca1f16c382bee7e58d94,Restaurant
1622895970,40ed594bc0fe77917463866c73c402edb830bc20bd9aed6cc092655e3c438acf,"Sorry to interrupt, Senior Jilly. I’m #playerName#.
Dr. Lewis sent me to you for my title promotion assessment..."
1622900727,70dbe2318bfbe5f6cbf83dbbe6f43124923d498450fd36353c8f75d591053949,"When your RV reaches <style=Hint_BgL>level 6</style>, you’ll be able to purchase this plot.
Clear all debris from this plot to receive <link=""item_4001064""><style=Hint_BgL><u>Wood Block</u></style></link> *<style=Hint_BgL>6,448</style> and <link=""item_4001065""><style=Hint_BgL><u>Mineral Sand</u></style></link> *<style=Hint_BgL>3,146</style>."
1622921071,8f93c7665d36c6cffbcd58f4434f428576a5356f45bb1da15eb9b6502e4d296c,Susuta Dewdrop Crystal
1622922452,dcc2e48dc012ac285943b8dd1b5733ed98a0a6878b1e66eda7f1ea6cddd50944,Lift your left foot and let it flap.
1766107065,dcc2e48dc012ac285943b8dd1b5733ed98a0a6878b1e66eda7f1ea6cddd50944,Lift your left foot and let it flap.
1622924657,c078bc1e65dc71dd9e6f8bcd7a5c5df33f6de632886d8ca73b56f8c09ca1b0d7,I updated BINI #2333’s database. New seeds are available now.
1622927009,d01d53fe0db1fbcd86c4195b96404700f006ca5f807bb76f07834afbfa1ab018,Riding vines to reach the stars... That terrible duet... Sharing the same dream... So that’s how many memories he and Tucker shared. It’s a lot to take in!
1622960705,2c3a77a83024cd2f90af8b49bd9e920efdd5d400d1be3f02f57620498bd1b50d,Saved as My Template.
1622966204,e08f210f6c4cad7262b5e2a47a1084ed171f93d8e48e403f234d2362d6f74bf8,Skill Resource
1733659033,e08f210f6c4cad7262b5e2a47a1084ed171f93d8e48e403f234d2362d6f74bf8,Skill Resource
1623003036,1d2f98bbfaa333ef6ca81034b38d9c98ee531496b02dcd55aba644646f50eff8,What are aromathysts for?
1623013042,f91edcb79721c4b489787db4bebd78722aa88fd624490bd6034046a37f758f63,Power Cheer
1785084588,f91edcb79721c4b489787db4bebd78722aa88fd624490bd6034046a37f758f63,Power Cheer
2011695029,f91edcb79721c4b489787db4bebd78722aa88fd624490bd6034046a37f758f63,Power Cheer
1623052798,1b50e650a67a28b7ab59fa761d4aa4894ad661438bc3b3b4ce7864b0380dbac6,"Words of the Wind
The rainbow snow is magnificent — how curious that one who sleeps alone should find themselves amidst it."
1623059215,06895b3800bda1f92d9af2d41ebe6337baa634e31fbe4f6651470ef1e67f7692,Invincible. Egg-cellently lonely at the top.
1623063736,eec0d73ceff2225f5dfad65cdfccf40a76c1cf06462d3023695b30078bd78d51,View Title
1623076837,51cf1b05db06b2e2a6370108748d9302f288b294a8ead3402bace77351c1cef7,A graceful barrier with delightful detailing.
1728972656,51cf1b05db06b2e2a6370108748d9302f288b294a8ead3402bace77351c1cef7,A graceful barrier with delightful detailing.
1623124578,c39fb5519b32b2c16c3a855a10b6af575b4ca599440ac89b628b74346429a3a9,Brother Outfit Otter Style
1623135407,e9b3f60cb09f5b34f51c0d5b6035c4c99e92cbbc9471bc7d9442cef24fe4c205,How could the Bloom Festival be complete without Hedo’s snacks!
1623136818,538ecf39862a1c984926bcf3d94990024de67e54d392428ffed69a7cfec0f807,Move All to Inventory
1623138896,c5aec10fa9b487bbce5efea66d313e30448c6acb0c2d8fa4c4930e16b17a5cd5,Win to obtain 1 random Holo-gizmo.
1907367301,c5aec10fa9b487bbce5efea66d313e30448c6acb0c2d8fa4c4930e16b17a5cd5,Win to obtain 1 random Holo-gizmo.
2037247804,c5aec10fa9b487bbce5efea66d313e30448c6acb0c2d8fa4c4930e16b17a5cd5,Win to obtain 1 random Holo-gizmo.
1623149263,f9a2d633b64dbf016f8418645f47ef75cc2532efd06baa51c76ec24f801b2ccf,Irisalis decided to leave the land where it had Bloom Cluster and search for more colors.
1623151796,a7f0cb444651b994a361be11117c9fe999382c40952791b17e81e3ed51dd97a2,"Aromathyst brewed from Dream Irises.
The pink aura and sweet scent remind you of young love."
1623152988,c0fcaaa26f6fd49200e3705daa6e2d888920d65fc093c5ce3aa4ea578cae1d9a,Onlooking Fentuft
1623184237,6e7a0e993c699965076de637a698b1c8ad0ef2f32c0a90d67a291019fbe6e83f,No wonder there aren’t any stories about it...
1623188267,c6bb035a488ddcfbfce0b2202a6989fb3723fca3a5f7b5244d29cf1ea5386acb,Coordinated Strike
1623205363,91634a6f606860e3a737c4bf157c3f6ba791d179400e2174f2b2bdbf78cb172b,Harvest Moon - Golden Wheat
1695459577,91634a6f606860e3a737c4bf157c3f6ba791d179400e2174f2b2bdbf78cb172b,Harvest Moon - Golden Wheat
1623318314,ff3d7880e425a9ae20d2f2858d68ea1cb6f9284d27fec218a128d361a40878a7,Spend %s/4600 Windborn Stamps
1623389710,96c2bddc195cdeaed9b083d1cc588d2eccbf5b663bc6ec63582f3a3ce3c812f1,"When Aniimo deal elemental counter damage, damage increases by 15%. Non-counter damage is reduced by 10%."
1623392163,91b56e242ee9a1d0b209ce00455872d9f6b2504c4b5fb27eb9a82ac52e652f9d,"Sleepy little Nimbi, gazing over the grasslands, drifting off to sleep..."
1623487299,08f3a714b9bfa56c0747f9fb050b36a9afd1bd35f8d29e6e31886427d0790743,"Enhances the next skill cast, treating its damage as basic attack damage."
1623497733,1428a60601de540b6d9b077bc2aed8c8e93ccbff9230970dcbfd306831486791,"There are 3 amazing clover in the ruins ahead, but they will only appear when the switch in the middle is stepped on."
1623512777,1eb42b29fd1c5a6af50f1bc9d5b1537b1740f3c20daa8d3496d521313ae8cd53,"When your RV reaches <style=Hint_BgL>level 7</style>, you’ll be able to purchase this plot.
Clear all debris from this plot to receive <link=""item_4001064""><style=Hint_BgL><u>Wood Block</u></style></link> *<style=Hint_BgL>10,560</style> and <link=""item_4001065""><style=Hint_BgL><u>Mineral Sand</u></style></link> *<style=Hint_BgL>6,000</style>."
1623531859,decaba8fc52222088938156e8feb0bfba06e483e89e40321fa5350f5997caa8f,Remove current Skill Set?
1623558353,170a029bab9a361abb2e7470dd3607660d820f02cefa177c150bd898ce7fdc16,Hidden Shortcut
1623609729,27abe0add0ab6c293b530a8cd1f5df563c8d4e581e15b5f9a46b1ab5e05fd77f,A Drippy Little Test
1623685148,54f3a985c570a443dfff034347aaf6dc09d31c52283959be99c8cc175467cbbc,Why feel sad?
1623736354,56f7fb33cdea6a6530f8df2fd997a35ed128c792789a567d73c3e4e025a10b6b,Press for details
1623745891,29cc6f0a0f6a132e446a0b311a4650d0883d0d6881db7eb47d07b47e325bafd5,VICTORY
1623758690,546fad9276c580cc2a1932cceff67c1a3073e64621de86ff0ac7c9e7750dc4ef,"What?! You said something like that again without even flinching?!
You’re terrifying... Stay away from me!"
1623787729,0a469b60f65cdd1bccb5fd16029e0c093bea1db956f19582b12e444d9d0b86ad,Collection all 16 Aniimo on the Island of Time[<color=#9FBA00>18</color>/50]
1623858121,fad418c83a2d56c3f0ee0de3e1257a6951e1957258f8b508b54d22c410b3ac89,Correct. Use a variety of recovery methods to keep your Aniimo partners energized.
1623861711,c0d09661341350672ce047c89b831ef55f88258d70154f0d0361c4b22554562c,"Keep an eye on both sides, and race through the obstacle-filled rapids."
1623894400,5ab49a4f63ab891dd5a5120726ea4e9d42109ec104671bc52492d844ffe3303c,"Here’s your <style=Hint_BgL>Coilstrike Coupon</style> for the week!
Use it to give the pulse-pounding <style=Hint_BgL>Coilstrike Tester</style> a go! Let’s see what surprises your strength can unleash today!"
1623946244,4eb849a7f9b070a6db0264b1d842bccfcb235f8eb7a331107a61effdf1dbbe0c,I’ll never forget what I learned about Elemental Counters today!
1624025531,1d613c582a481cae71833fd46e5f9eafa9da59003a6eacee424ecf4afc466a22,You got on the mill rocking horse! Have fun with the Aniimo!
1624026814,e00a99a0de7396533eb3e6bd0a527417c97616154e85c09a601534984fbcf337,"So, maybe stepping down is just another way to ""pass on the torch."" Interesting!"
1624029304,17e6a50b262e7c4b01b9f7723bf5a5f0285db8a877373e095ff61d051fb00f94,Blessed Emberpup
1624056479,8a97f336d32fa89f8da1db75db2e1bc03612b6991e3c099f5f443b279badabd4,Enable Action Trigger Log
1624095039,77e66aebd7e8d8072cd99347558691e5eee2973412e3760330165c785226e282,"Okay, okay, I’m sorry! Big Bro Crab!"
1624119999,77fb81f491d7d3c380ede0381662787f8b2d896d06c30e288b21a787ca90e6dc,Prismatic Stone - Fulmintis
1624151064,dc6fb4d8c024385783c47a1cfeafff133719c9e692d88b24fcf3b812b34b878a,Black Hole Fruit
1624154662,ab5e78a379aaa9960b1c2381be756345de1f6e3cb49c8d083ea8c9e23774bce1,Increases Damage Reduction by <style=Hint_BgL>{param1}%</style> when your HP is lower <style=Hint_BgL>{param0}%</style>.
1624192427,b278eee7c47fa2916e1423a9f9ba25a90a0435fee9974feb605d501667912724,Shining Rice
1656320052,b278eee7c47fa2916e1423a9f9ba25a90a0435fee9974feb605d501667912724,Shining Rice
2108358737,b278eee7c47fa2916e1423a9f9ba25a90a0435fee9974feb605d501667912724,Shining Rice
1624227125,aff0766a5290e117b8433c351bae7b7b23bed682b2369bd822d88a647cc58512,Review
1624229702,37251cb8401609e7f01748dcad722a563a29f8ded4d677e106e8134971182614,Look at yourself! I don’t even need to go all out. My mantis is good enough for you!
1624237356,ffdb33f4c3d3b46f95b6473d45e55b278e7702423c9dcfa91dec9c61e13c9547,Please choose your coffee.
1624293883,b2287a829a8649d666401e991b5f80e9fb75025861cb8056b66c312d87b21e12,Alright... My real name is Selens. I’m a descendant of Ron the perfumer. I came here in his place to fulfill the promise.
1624334324,785c97ca5bc25e19ecf54fd7df01b765a896569125621542f002d792601a939e,"The most important thing now is to get the last ingredient.
Look, it should be that rock over there, the heat is obvious."
1624335615,ac9f7cc43b9000b0c0530617e22e4370379dd048861c1b54a86a4e55da474597,Whoodoo— whoodoo...?
1624339846,4d6878a4425a82a6125e5253c968b211654131df77f6f2255517b1d10696e6c1,The Bailites and Cozites ran off to get busy
1624417567,205fb12502eac3f865077f2ed1eed4267b2a9cf2ecb93d341366ceb943975a55,Cancel Climb
1661298464,205fb12502eac3f865077f2ed1eed4267b2a9cf2ecb93d341366ceb943975a55,Cancel Climb
1624445294,4e511cd5f16af0299a35ffe9328812ea3cb4e76da51f79fe750505b203a1ae69,Apply to All
1659880349,4e511cd5f16af0299a35ffe9328812ea3cb4e76da51f79fe750505b203a1ae69,Apply to All
1624483655,871126845c189fa4511e6adcc8ed85265f898686db2aac6d4fff90bb56f93a0f,"While in Catch mode, press #kCatch/SwitchCatchMode#z again to exit Catch mode"
1624499523,d8180dd4e998408e567ae7f1fb50c723d955b58cbcefec7b5e7b49b54a316c2a,"If there is something that can <color=#d89c28>burn</color>, maybe it can make the Ice <color=#d89c28>melt</color>..."
1624501735,6ecbb7aa91c6d26da7352363815ef68f458cf7cfcebb55c3358d842c62e378b9,"Ready for the aesthetic trials of a great artist? This eccentric painter is obsessed with capturing the ""perfect circle"" through abstract lines. Decipher his baffling sketches, bring him the matching Aniimo, and earn priceless original masterpieces in return!"
1624524103,ae7059ed999465f4d15ccd739c960c45ea804aca30ccf41f147736385bf1cfa0,Are you heading to see Irelia?
1624585210,76c5b6e74ff9c5aff998ae36c5a3fdf4e604c1c8ae176be1e8bb5301f4bc2ad0,Go to the template location for full effect.
1624611879,fd256a12165e896c1fb673ec20de1ee040b8399234116ac7ce61df96dae67365,[On the scorched rocks of the mysterious island]
1624647028,3b6cca8593aa3a62e22f0e81f627362f05e42ef25ac00ea24f91cd1edb63c2e2,Party operations are not allowed in {0}.
1624650778,00b744673221cc4732a068529bf84687956e84b4deb7dfe4e2b5eec1ace48496,...Hello?
1624665403,bd421099e580fc5be671c8345766834edc8552c85bc29c08842a8b9c1907d66f,<color=#5090df>%s</color> has grown in the Home! Go take a look!
1624702593,2c60662a1f92dbe6c6e7eab35e8a14c57448ba233b1ef7b296848b4491d4cf46,Helmut does everything you say! You two must share a strong bond.
1624703157,7f79ef8a2b403e0c3206d8d3edd4b42fa9975561c75df256f0730767b67957df,"Wild Aniimo can also <style=Hint_BgL>get along</style> with us. While <style=Hint_BgL>twining</style> with an Aniimo, we can use [<style=Hint_BgL>Call Friends</style>] to summon other Aniimo of the same species from nearby to help us with obstacles that cannot be solved alone."
1624728213,dc4a37a0025b94c0f2c494e09aaf673a0418cf8941e024b9029f30bd9b3f0a2f,"But adapting to any situation is also an important quality in battle.
Are you ready? Show us that you’ve become a truly capable Pathfinder."
1624740428,c523d8da01bac9e0f077d3a6c074968e7cd131a11db3d0e6f6e68fc1affdf07a,...We’re done fighting. Completely done. Fighting is... too painful.
1624774193,abfd61f19748a5106abc28fb2b21d6465ad7e7e7abaf3267b73f8927204fb0dd,Pathfinder! You made it! Come look at this!
1624778486,534648c3173c06a0c3dace8c225d1ba085cca6ee116621ee6d26f3c3ba33fe61,Reach Prismatic tier for your Wisptis research level
1624834530,81090954237b49ec782a4808e635ff27907624e072a0c758a7b8849a5051ca69,Show Gratitude
1624861560,45ed46f26c57c45ac515a08de6ba780775b137ee1a97df9bb97b83550adca4c3,Press #kRaw/GamepadStart#z to view the requirements for earning badges.
1624862947,68aeacd40866fe93951bc70f0dec7c7d5d74f2af0f967ea1864c6bed187fcba2,Assault Amplifier
1624919027,0c947999f55b7191108cd10d7683bd1a5cad64f0004a2f3f55c5a2ebcd51632b,Every photo you take shows such a unique eye for beauty.
1718643283,0c947999f55b7191108cd10d7683bd1a5cad64f0004a2f3f55c5a2ebcd51632b,Every photo you take shows such a unique eye for beauty.
1624924827,784d2a8d913ce51c4138f1900c4f4273abcfa922b030c5061e115c83b10d22e3,Intermediate Pioneer
1624960692,d69c106ace180a4d8ff19639f83e04c51e519ad69727cda4cc15c0566cab34cb,"The items you evacuated with belonged to your teammates and have now been returned to them!
Wishing you safe extractions in every operation ahead. Lumintech looks forward to working with you again!"
1624965743,20cfc53cc05018fd244974eeefc39c5a88845fda59f710d8fa6cbbc0b14618b4,I won't keep you waiting long.
1624967451,db11fd38d8f04a2a22205213600aaf4a8078d0c337f16d401e2927c069d9fdfb,"Oh no... such a powerful Pathfinder defeated us. Is this gonna be a bad ending?
A bad ending has its own charm, but I refuse to allow it! My Susuta lovers will not go down like this!"
1624973840,39090b9b05185f78b82805afbde0b72f5fa9bb2c677eefe8388b767d74d7a94e,It wasn’t actually that simple.
1624973911,c7781908fc0a273247b384b363203e09a7ad4d4f4d4ba63a73627e1dedaa3822,"Press the Q key <color=#d89c28> to release the Ice Skill </color>, causing the water surface to become Frozen."
1624983133,1501a5dbb1ac2f288cd02f5b4e0259b6e55cec182559b123ec8aa98146b17645,Resting Whirlwind
1624996970,11efb14ffbab768f4f728fae21a0425fb465f851b1361c35a55c0b15f3a4b07f,"Yes, these three Aniimo possess extremely powerful <style=Hint_BgD>Grass, Water, Fire</style> Elemental powers.
Spices made with their powers are said to have Wondrous healing effects..."
1624998391,61ad8976e650e1532db7504bf379154f4f7c2ab43de00bfa06ed1e1895dec1df,Emoji
1799174397,61ad8976e650e1532db7504bf379154f4f7c2ab43de00bfa06ed1e1895dec1df,Emoji
1957396842,61ad8976e650e1532db7504bf379154f4f7c2ab43de00bfa06ed1e1895dec1df,Emoji
1625002495,8c822f6ef098884c0aa39ec2f1c14cb1182b0f813d3b3c41fdaeea35b4de4c5e,"Moonlight, Harvest, and Gathering"
1625011609,f6b5923bfa9374c55f894cc282804e35df6f15cb46a10615796f68893507d265,"Evolution is one way to make Aniimo stronger, but it can’t evolve them into Sparkling Aniimo.
Think again."
1754240958,f6b5923bfa9374c55f894cc282804e35df6f15cb46a10615796f68893507d265,"Evolution is one way to make Aniimo stronger, but it can’t evolve them into Sparkling Aniimo.
Think again."
1625029432,92b88dbd56d486eee6cda47dd08d50e7ec86783291c44325c9825703345252de,Daytime
2123710395,92b88dbd56d486eee6cda47dd08d50e7ec86783291c44325c9825703345252de,Daytime
1625082459,583be93b356f254ee32ad2f176d9cff05d059c3539ee745d03a4708313c39de5,Looking at that golden wool’s making me drift off...
1625089290,98ea3589d04eb4690602c7c381e94237ef6553e23b5598faa3148b735303d2d5,Story-Gate Trigger
1625167087,10096db2edb09b1cefca227d71dbacf91d043befc9fcb2bb02aa57d61c83c683,Form Name Placeholder
1625177312,ee2950b3694b41dabceee52e4ce097491b606ebe5b64d835638a75fa25c5381f,Note 1: Day 1! The expedition team is preparing to head into the underground mine. Rumor has it this place is rich in ore. This is gonna be a big haul!
1625205435,31344f08a499e8c388ff451b47862bd00c40711621c63a7a2ccf7893680b915c,Awoo~
1625221150,b168947f451129ff7788267c00ae89b8db96a8ec72e579c6a6d976e995b90f69,Alpha Dreaple
2141713826,b168947f451129ff7788267c00ae89b8db96a8ec72e579c6a6d976e995b90f69,Alpha Dreaple
1625234142,9cc00cfea222babd8f974f5a54e106d2e607ef69d98d2fc5323d1434268a8e0c,Start Performance Recording
1625241605,1426f86f0a5c1c28cf43a8d6e79b287469467ab07ad7ff41be47c68053db8ae2,Exit Challenge
1900587441,1426f86f0a5c1c28cf43a8d6e79b287469467ab07ad7ff41be47c68053db8ae2,Exit Challenge
1625261708,2dd913342ffd1c49b1ef3010dc7e9fe7e7c3792ae1cf69f79a9fe983bd80285f,Time your move and interrupt Ignitis’s attack!
1625302861,4e0f2f60e3a7b05702a0283248be56cfc9b2c57b6f416e9bc98eff015521e741,Super Lucky Star Reward Source
1625324163,e121c82016c97a112f955deb992a17bdbe5c3f3f1aba4c1645b930fde39619e8,Running Angel
1625324877,ff69150fd5682d09e02db6bc018563275dfd0ccf00c6532757a71c093ae4e389,End PvP Battle
1625325788,7a209e84dffb8759851367356483c73573591a5a4237c507f780166a0a4eac40,Stinging Thorns
1625327564,1146084433c3291979719eb4ce49392890fc899a68cd31082a3c79f2a17666e2,Attract Prismana Aniimo
1855726284,1146084433c3291979719eb4ce49392890fc899a68cd31082a3c79f2a17666e2,Attract Prismana Aniimo
1625337487,afad4f7851c1bb337a7cd7b6aa767d8eeb1372d5ef5a9b20f18e1377030abb8d,Complete Sanctum: Frigid Waters
1625373652,d25f5c0ce9f9386814f85e16630f174b6a06e25688e3f9675981f8465cbb9c17,Save <style=Hint_BgL>5%</style> every time you buy <style=Hint_BgL>Lumin Crystals</style> with official payment. Tap to get the discount!
1625387765,5ae562926157f2cad35e03be1a25250577b40fbc3a32deb6903c9d28bcf42bda,Most Bolties are ordinary.
1625393308,f85558423ccb1fe53f07fd6a5e4dc4639f7cec484e2069cb0f05fbd5df6a3149,Quick Recovery II
1625394845,2adec4c80260bf86a32ae81b6a61e3e8b7cdea48c794d2c85ada27a41865a911,Modification Toolkit
1625406140,7e030dbf480b0678151dbc91178dc36f1859235fa01ed30904fb3c75491996c9,"I’ll leave it to you, then! Could you help guide <style=Hint_BgD>the three over there through the melody</style>?"
1625423237,2b37c338ddf25a1f09afc8f65396edbe7b6b62054f365b509482fcb9dcfead97,Do I look like I’m not scared? 
1625425695,718590d778d71317480206b7448333c7148890fab5153ea83ca20b1ee7463ff9,Up and away!
1625446950,a48b88f833d14a4fec1c72d90ca55d48e51584ee25aee19a997e37994d89aae5,Whoa!
1625521434,1fcd6bedeaf58daa2a7f0d63f80de4768dc1005cf843b76487086ffb8fe82b79,00:00:00
1625533451,fbe1080fc44903e0fa9f32bc59b94cd079eb44aa100fc1b14de938b58c9592cd,What a vigorous little flower! We danced around the rock to encourage that bud to bloom into a small cluster.
1625535013,9a712bd0a8d408ba1a90bc3d99a4c1196f8773ed3dbbbe41fb52aa95019acdb4,Reported Title: {0}
1625552024,b2150007588750b324a7a999fcd5006c4e035ab0db654404143ef258f74e7e10,Exclusive Benefits:
1625560390,fcd318d60f331fa09f7c5dd57fd06a7c45af2d0ec00b0072072256ada895dc24,"The two Budsquires chose to sneak off, because even if it was dangerous, they still wanted to see what lies beyond the horizon."
1625593838,a55c2d243c1b90ffb5dea8e42d4fd6ac7c0e9ce45451de5a4f92b60234643308,"The instructor’s holding <style=Hint_BgD>special training</style> on the first floor of the castle. You can go join in, yo!"
1625595180,2fe9364183d4cc13597151b3376a69de26cb62bed7680fbd74bb2df30687c28a,Twine with a Nimbi and press against other Nimbis to make them all stick together. Make five Nimbis stick together and bring them back to complete the challenge!
1625603104,8f63319e5e737d15e72646914e67c1ad1f3848396edd261e15fc786807ba13b5,Furniture Blueprint: Harvest Moon - Market Stall
1625728006,eb387cacea29de51326d036c91dfdc79b27a9c2a1dfc369a6f07df3fe46b0423,It feels happy... and a little sad... No... I can still feel the happiness more clearly.
1625754322,f7b171dcc8ca67c8fa39f4d1ab3d926161362116664b772a7589bab7ca104b7a,The Perfect Suitor
1625814221,7d26e65d2934f8630aa1dc838018b4a066da874645988e391ed2f49cd396ac04,Chain Response Button Test
1625820295,990c446e424167ecf0c12ace23a61311724b747f23d936cfd25e6b17e723c582,Reserved Slot
1625826977,0a6fbd77c54df354ea57aee85c4fe3fb8ae954e58a2a6b152ae3a0d224d24f59,The hatched Aniimo is guaranteed to have <style=Q_5>Perfect</style> Potential and be <style=Hint_BgD>Sparkling</style>.
1625830790,c326e22863034dd1d4bac8be52fe584737fe74f180d77a563b216215da5e950a,"Increases Water damage by <customRichText(calcData,buff,6003017,param0,2,%d)>%."
1625866347,0ce044ea8564c91ab0178dcc6012bdfec8d0d7abba68f21c07ef39d39676a155,"It was severed by an external force. Those marks are unfamiliar, as if left by an <style=Hint_BgD>Outsider</style>."
1625904164,cba13b9979fcfc10ba77fb5ccd257e71cb8f8fe972a2979b3ec564637604bce5,It’s true that every Aniimo has its unique skill!
1625906891,07f7339d18b990f4da41c1332d9a1cd132fafa2937f4c7e8123a0ad1ba843748,A soft fabric sofa just large enough for one sleeping Aniimo.
1883663518,07f7339d18b990f4da41c1332d9a1cd132fafa2937f4c7e8123a0ad1ba843748,A soft fabric sofa just large enough for one sleeping Aniimo.
1625911228,944a7002cff7cad296a4be377a9f02c746799ab4f0314ccd814d12906f338680,Attribute Name Placeholder
1625930655,67a32d27503f9f144f204302e7c3162a0d4dfc8dc321f12de0c1b131606f63a1,Cannot put this in.
2098168490,67a32d27503f9f144f204302e7c3162a0d4dfc8dc321f12de0c1b131606f63a1,Cannot put this in.
1625967093,5d0ec2881407e219802648fc132ff77fc21d633a9f86eba61672116fa8ad6a3f,I’ve prepared a special gift just for you—may this heartfelt token keep you warm and strong on your adventures!
1625984391,2b6701f481c3a219f3c0e20bb075a92cac2d2853889bcaff3b61453cc1b136ff,The Branch feature cannot be used here. Please go to the wild world.
1625988384,e5bffc9d69fe867c80ca8b06505b08347967c2c182a447ac287407479a1a9c09,Woo woo! (It seems to have sensed something)
1625999606,e440d1af29add4e15e161e1819ca2730e4b72664fc980e84b4530ff7f2358aa6,"Oh? Not bad, you've regrouped so quickly.
Alright, let's get ready to start."
1626014724,9a3e94d185aac4649417f3667691adefd34f389d8474ad663eb4d04a18ccef20,Common P.DEF Rune
1626017383,735967b81da89787a69b8543bdc7817ff7d97c4cc5a09cce798c38fae23214e3,I do. Let me give it a try!
1626071855,c64c9bad3240139d32bf242c4436bafdeec8f02f34ac0659084e46ca10125081,"Honestly, if you had just given up once, maybe your dream would have come true..."
1626108652,4bdb0bb007395e04b8674b743792811bdb171c116dc75d5a63b50dd379e6ab6d,Take a break and try again
1626109422,ffb5e21d2c2e0f0d052d708753bfb8f97781ba8abb14b7a92316e5ed3c6d3998,Cherry Blossom
1626110896,6b4116e652aa75fec53ffc0a12472317328b697f99c3c954b3a1d2edc2cc4ab5,"What matters more is this, in the eyes of the Umbral Society,
these assessments probably hold some other significance."
1626115730,05f43edafbbee7785365c2f1e344034aec5c2366c2685579bc5cdf9c0150999e,This is where Pathfinders come together
1626122963,ae4bfd7823e31082df91a50d94995c1382d279e3651aa02eee9eb84364e8d813,Total Amount Owed: {0}{1}
1626134312,08dacbb829bb27f6e012e3ceec8de91aed5f2b22718e17023b4ba184e590a01a,Launches a combo of lightning claw attacks against the target to deal damage.
1626150181,242f8eaa36ed4ce4a5115ffdaec670f66b014525aa1ede094eb337760521db5b,Use all Joyous Tuftballs
1626154109,f18742c0e76316b8722e13cd8be4f88cf478a7d7d41ab80d2bde579938afd73c,"The eldest went to <style=Hint_BgD>the castle's first floor</style>, the second went to <style=Hint_BgD>the Mushroom Chamber on the first floor</style>, where <style=Hint_BgD>light</style> shines in. If you encounter them, call them back~"
1626162657,9fee7061224c22da04e9ba4034ee2bb086b7fa04e2e5867ac854c539d717491c,An Impossible Dream
1626197743,bc2e0607fb39413896a0abf140ec2fb03872a662fd38a2973e5147d668fa07b9,"Increases EP recovery rate by <customRichText(calcData,buff,91133011,param0,1,%d)>% for <customRichText(buffConfigData,91133011,duration)>s."
1626224264,9887a20eeb8f4cda064280e48c160b9c8ca1136db362406084edbaccc8fcbfc5,A Tromber on a Sunny Day
1626270163,592b445a1018756d31a82792fb78b5f46af348937b147bf215b75c94b603321a,Go Participate
1801277908,592b445a1018756d31a82792fb78b5f46af348937b147bf215b75c94b603321a,Go Participate
1626306594,a91db29567403e314b4e1d8139d16dddc3f85a88a476cd117a5037e4464e9c8f,Walnut
1626309549,fa26de4b71af1f0193b3698ca80523973f051bfc8caec3b1355c244c3ef27269,Astra’s Latest Invention
1626337809,1c87adbfb5fe910366f2d35334bfcfdfc5ed9ba73e369883100be74243ddfee1,"A frosted screen that gently blurs whatever lies beyond, creating a private space of your own."
2029832950,1c87adbfb5fe910366f2d35334bfcfdfc5ed9ba73e369883100be74243ddfee1,"A frosted screen that gently blurs whatever lies beyond, creating a private space of your own."
1626376223,881cc4445852322c48f396c0cefae58a9ee5690d467ac2beaf2372520e27c517,Jenny’s Entrance
1626397908,181069cb2017d4e9a2a72a4365e694a732ba0ab14de8a2250c44cf94cec7dcf1,Wuaa...!
1626428768,7270f291411767525020385bb7ff1cf5732a2d1fc32db91ca3452dba51ae37b7,[Dialogue Placeholder] Archaeologist Approaches Bubble
1626437091,d9a42c613e1432afca0a8865c5706a9186a82e68e2a431ce5b2d4f1067210eb8,Claim Rewards:
1626542819,c9fff943114882211b1ca5d5ef5f65d17f95465c3ac408c872c59770692227a7,"Go, Rubber Duck!"
1770294336,c9fff943114882211b1ca5d5ef5f65d17f95465c3ac408c872c59770692227a7,"Go, Rubber Duck!"
1626588458,3d828bc8d74bde467971ad2a9f971a88caca3a3ede749f595e5a2611836ae8d9,Ascension Cutscene
1626667541,a0014d8b916d93372f53089b6a17f7b1f633c9df9d666e4ed6186c260f7f0a10,Resonance & Ascension/Evolution Material
1673568236,a0014d8b916d93372f53089b6a17f7b1f633c9df9d666e4ed6186c260f7f0a10,Resonance & Ascension/Evolution Material
1674745082,a0014d8b916d93372f53089b6a17f7b1f633c9df9d666e4ed6186c260f7f0a10,Resonance & Ascension/Evolution Material
1779713714,a0014d8b916d93372f53089b6a17f7b1f633c9df9d666e4ed6186c260f7f0a10,Resonance & Ascension/Evolution Material
1972888418,a0014d8b916d93372f53089b6a17f7b1f633c9df9d666e4ed6186c260f7f0a10,Resonance & Ascension/Evolution Material
2003098947,a0014d8b916d93372f53089b6a17f7b1f633c9df9d666e4ed6186c260f7f0a10,Resonance & Ascension/Evolution Material
2014027030,a0014d8b916d93372f53089b6a17f7b1f633c9df9d666e4ed6186c260f7f0a10,Resonance & Ascension/Evolution Material
2133862821,a0014d8b916d93372f53089b6a17f7b1f633c9df9d666e4ed6186c260f7f0a10,Resonance & Ascension/Evolution Material
1626709515,fb2860a1a06200ee315d9e581a998379aff3bb917bd62ef9aeb2e333deecf271,"Release a Thunder Field centered on the target that continuously follows it. While the target is inside the Thunder Field, getting hit by a Lightning ATK will trigger an additional Lightning ATK and inflict <style=Hint_BgL><link=""source_8038""><u>Lightning Debuff</u></link></style> on the target. The Thunder Field lasts <style=Hint_BgL>8</style>s. Lightning ATK triggered by the Thunder Field grants <style=Hint_BgL>2</style> stacks of <style=Hint_BgL><link=""source_8051""><u>Thunderbond</u></link></style>."
1626738287,62e243a53e1334823e9a69f7f78cad75bde2e17e7a96920309a6abc916908cc8,Flamerion has appeared in the Mistwoods to protect Sparki!
1626755234,8b39877c8a08a2fde79cd30c88ff154f87d5c8334ae9fec6c7a0511865f5681a,"When moving through water, increases EP recovery rate by <style=Hint_BgL><customRichText(calcData,buff, 91173041,param0,1,%d)>%</style> for <style=Hint_BgL><customRichText(buffConfigData,91173041,duration)></style>s."
1626832460,ce72cef48db0632e7792e61b5196c694c1f060d1c893ee75d1ceb370cc2d4da8,What a glorious day to run wild with the pups!
1626835246,6160f63d431237a7fabdde3b2b8f8582249ad15aeba80a04e6088da446c56d90,"Like blowing up a distillation flask, or accidentally creating a perfume that smells funny... but those failures are valuable experiences too! This blended fragrance of mine was created by learning from every one of those mistakes!"
1626886333,84d3f037aa5eec6d8d382feaada0db407929f597eee1fe2d853ce42159661cde,A legendary perfume crafted by perfumer Elvira with Whalesong Blossoms.
1626906895,ea1881a829b76cc44f2e31a52c163f7c88e5d8b4d2be63baa42acdc197bea2b2,Family Reunion
1885000550,ea1881a829b76cc44f2e31a52c163f7c88e5d8b4d2be63baa42acdc197bea2b2,Family Reunion
1626913579,6d0e9cc2888a9e9f6a3185fe20839770597adeb1f8bb447e88ac9cc52ac90432,12024/02/23 - 03/11
1626965009,4f13fae15e4d4f950b587df72647b8d35af8a1b1bdaf68a215bfae0f889a90b1,Chasing the Clouds
1626991714,239bc89dd729990e521cba35f431df7e5040c4a616c2a4e61c9b6b9a46496f4b,Glowstone Lamp II
2082174473,239bc89dd729990e521cba35f431df7e5040c4a616c2a4e61c9b6b9a46496f4b,Glowstone Lamp II
1626994944,be9e007b72bb3458ef3c15b9cf54dfdc261d7759a5438bed01bd1e792d375530,Free Companion Handbook Level 44
1761310919,be9e007b72bb3458ef3c15b9cf54dfdc261d7759a5438bed01bd1e792d375530,Free Companion Handbook Level 44
1627022331,e17b415b2b8bdde7cf1978e055c4f29fab0fa27a956e98e01b3d6bf2c93b4113,Celestis hides unfinished Starines away. No other Celestis can find them!
1627038239,3abaa3ec7ee0a3f826fe28de5b70dfafc72ee8286af005b19fb8344577599daa,"So what exactly are these <style=Hint_BgD>Cores</style> you mentioned, Aster?"
1627062977,f80439fa98f408e1f61475157cae2f8b69dca85ebd55ccd76f5c4498a1c8ea84,Go to Promotion Title
1627064648,d2fe06328df84732c35f0680c15b50241285b85e7a20c7e2c714632e7af4edbf,"You found them again? Oh wow, I’m this close to hiring you full‑time to supply our shop. Stellalord agrees, right?
...Hm? Stellalord? What’s wrong?"
1627070940,b890e633fc545a59a0c2397fce81979251721d18b513767c25a8f2f2dd570442,Hide Aniimo Names
1627075166,154a0f7e4ed13634464ce206f37ead8298531bf0a4c874e9dfa49eab62c6ee1b,Wooden Dummy Mechanic Buff - Monster
1627079800,aca03a4e2b197c0cece5436ca577d59f6e9a867820fadf7e5214f1f6d2916f40,Pawprint Games ordered a large batch of gifts from our shop as souvenirs for players attending their playtest event.
1627087772,b4b80a04aa4cb48217b1eafee40c648525b192d841f1b56df45822a31beb7485,Q2608_Frey
1627159057,66438bf6776e32cd779ca0445c155ebb870a5de02d69b9d77917d6aa069b38a9,"Spits a giant rainbow bubble at the target, dealing damage over a large area and immediately entering the <style=Hint_BgL><link=""source_8023""><u>[Jackpot]</u></link></style> status for <style=Hint_BgL>10</style>s."
1627161937,d2031afd4f95bc9eea7bd628aa957cb77d274fcdc68568321a91d6ee5bc986e2,Wool Fabric
1627168451,a3b43f0db362429be286fe4fabd520cb7770f22d3ea129f392444f9cd7ed385c,"What is this, a dinner recipe?
Creative... I’ll give you that."
1627228584,319c301731b5f88d9615e7dde4157d4e7858feff22318f9ab183554f5a270c41,Seeking the Flame Flower
1627278327,eb6dac40cd5feba4f81e1de203524f0af49b4b23402c1017899b4d9352bd26a1,Tap a facility on the left to select it
1627297992,9029a637975d7458dee9c9adfa0d9b07f6d702892b6ef46467e412e5fa23014d,Nothing to edit.
1627306705,f19f96bee8e77d138d41e820d7f1885cb02ca01654ca72b8bb7cc5f956839c30,Combat Rewards
1627336807,a34585f1063afe1c94ab8789ee487e9178cc72fae0f5fec83d29c2c54e9563ae,The heavy shell is a symbol of growth.
1822425044,a34585f1063afe1c94ab8789ee487e9178cc72fae0f5fec83d29c2c54e9563ae,The heavy shell is a symbol of growth.
1883590052,a34585f1063afe1c94ab8789ee487e9178cc72fae0f5fec83d29c2c54e9563ae,The heavy shell is a symbol of growth.
1994148095,a34585f1063afe1c94ab8789ee487e9178cc72fae0f5fec83d29c2c54e9563ae,The heavy shell is a symbol of growth.
1627355844,46ffc6065b7ce669acfad917b740f0f4ae66e0fcddb565f5fe1573233d936292,"Spores will rain down every <style=Hint_BgL>5</style> seconds, restoring <customRichText(calcData,timeline, 2156301,param0,1)> Energy and <style=Hint_BgL><customRichText(calcData,timeline, 2156301,param1,1,%.1f)>%</style> HP to active Grass Aniimo. The spore cloud lasts for <style=Hint_BgL>20</style> seconds."
1627374342,2ddba30734f857a3e296b5e4a281ec95073da097cf92f942ba84e330c2e71263,00:00:56
1627399196,534d6a35829958727393266f2e543a6634c954a2c5f0b051e88b362fe1197908,A rectangular chip text quit (placeholder)
1627455159,65a28a47a64db01a71bec068c901fce7e59c17181bc7c4ffe9032a58cdcc0ea0,Take a photo of this Aniimo in its current form
1627470302,3bd3ac6a56c9666d3908237d8b194ae92d6386167fc249de1dcf507c37569961,"You told me it wasn’t easy to get those scales, and you were testing different fragrances before we came..."
1627506824,7e81a355d6cb77551c5a7ecf53b79f0fd71389aca3518fa11d463025aae97e1e,"This book details the flower species of Bloomville and its surroundings. While Bloomville is renowned for its exceptional lavender and iris, it’s less known that other flower varieties also thrive here."
1627525560,dfa6b1e8bb6e7fc9b4d870fa992841955eec92425a230d7047e31d4ed4f3f6dc,"Short little legs like a Reefish... and they hide grass in their fur? No, that won’t work! The grass will poke my bubbles and pop them!"
1627541726,49ea6a7aa83646598a655e5c68694433a3af9c24041786960363d6706ceac672,"After setting a production recipe, the facility will show the <style=Hint_BgL>Home Ability</style> needed for the current production stage. Aniimo that meet the recommended ability level will work more efficiently."
1627659330,f05f54312986d967703d8cf259898c965d80f017d27aa52494a1f5b744f826d0,"Increases damage taken by 20% for <customRichText(buffConfigData,2102109,duration)>s."
1627661517,c71af7ff0747a753d6c843bbc72c46fcb40adadbfcdf11c0eb0dfc044787d767,"That sounds fascinating. Bloomville, the Offering Ceremony...
and the Prismana Flow, plus Aniimo we’ve never seen before!"
1627673372,ec6c163a6449dad6f5f47016642820dbb0e80a9498a398d1cbdf323d69204433,Start Directly
1627762953,cd72c7c744231c07ba9ee9d9e002d3d51686632b819a19424238cd3b4f9f7c74,Agave Seed
1627770032,bf53e547170bcf5652b0da692a8feaedbca53bbc0248f84fcc21c7a16827d007,"Warrior... It was created for a warrior, and it faded when that warrior was gone for too long."
1627771102,433cb9cd2845cd9636ab390cfa78201959e946d8b5f76999c91e574906e452ed,Edit Test Recommended Price
1627829480,41b9af63d3b76170089e2f7fb1b85e68f64804a2ebc0707268ceaa78166cb21c,Power Status
1627862147,7aad7dca86457037b4b0ad4e796cc5f9b57445d8b0c9f55538c468ec68b179b3,Rune embedding unlocks at +%s
1627877594,f2fce5c01540f69d0f68cc094a3390b27bef8d6ad104d3558c96ecee833f7597,Use <style=Hint_BgL>{0}</style> to <style=Hint_BgL>skip</style> the current production phase?
1627896823,65d5c725ad567ba712556a28dbb3119f0acc9ab3aa425f9a4864dea95749be48,A string contained in the name of the Parmon to search for
1627898077,f136ae87672b2620d18c92d74c643c9b5fec4461721a16d78684a845b4e08ecc,Alpha Grizbo
1627900332,28bca99a7c268142bf361382d0b0f57e6794598c261906cb357f12219d3b3c28,"Ahem. Anyway, since you're here, stay in Bloomville for a few days.
Why don't you stay here tonight? I'll tidy up the room in the attic."
1627908129,c0653ea667f184f74c4b85bef754179292497cf441ad177debf8f2054db115ac,Hiding behind my big buddy feels the safest.
1627936479,c1192d411b0222921376c2952d68393e2d6ad3957103f4297f85f8dcd35ed531,Just how long has it been sunbathing to make its shell so scorching hot?
1627944563,139fb3821e8ce3786acf3ce1f867c9789888be34c00384a3e625f42b06f56392,General Navigation Mark Point A
1627955691,8a1963445b8dd74bfe161dd6fe9ec9c85fcee86131ce4a3b60aef508d451ffd5,Budclaw Scissorblade
1627964963,0ebcc62df9f41909759d4b7bbc96aca812c26c006670701127b2ea752543e078,Charged Lightning Strike
1628032717,8b2104fe403acce0b24c52f9e436f104b3f690fbe293912248708e5109ce070e,Nepenthe Lily
1697297300,8b2104fe403acce0b24c52f9e436f104b3f690fbe293912248708e5109ce070e,Nepenthe Lily
1840281225,8b2104fe403acce0b24c52f9e436f104b3f690fbe293912248708e5109ce070e,Nepenthe Lily
1628046991,6f3aaa3069f6738910a1026d76e82d4f5da063c5e5035de86453c1eb8d8ba7f9,"It’s a secret photo spot open only to friends of Lucas! From now on, it’s your private studio. Bring Aniimo or friends, stand there, and you’ll be the most photogenic star in all of Astra!"
1628062229,ed88930fb2dd55ae0800a5e50d31cbf5ca5c1d5bdc82e46a77e1d9eff63bc0b2,But it’s kind of dangerous...
1628063718,bfa1f7a33db9be3b4c161d9cdef89fae4f04ad03300a888be10c3fa091925783,"Increases the party’s Grass damage by <style=Hint_BgL><customRichText(calcData,buff,9160302,param0,1,%d)>%</style>."
1628106197,c193c6feb5c7d570f079c9c55511d76e3368824e13a0be5e7ed870f9e1419443,Astra Story Package
1628156935,51674767aba5757494c2c246dea57f051fd8b45bdd8b5c24189b471a6fdad882,Doubles <style=Hint_BgD>Primegy cap</style>.
1628164529,5424a2ad48b389be51101d484bc915c4a1758972837ed470d9cf419593fbcd99,"Ah, you got me. I mean, come on... It’s too cold to stay hidden out here."
1628186489,edaacae34224d4593e536b71781b79cd400ed51d859a8e1d5fd333594b134938,Obtain an item that meets the specified conditions
1628231960,d7516bfbbc394cb00152220e10ae2526f1e7aa18c5f273a91cb61eff7b4f9001,"The sparkling Budclaw is very clever; it won't bump into surrounding rocks. Try using movable objects nearby to block the way<style=Hint_BgL> into a dead end</style>, leaving the sparkling Budclaw with nowhere to run!"
1628233148,5992de33f3c78faca1ff8f32ef032ad95439023eac9fd6b8c27c7eb36b74053c,List of forcibly disabled sandboxes (Elua parameter)
1628244484,61e00b1833451431a0201cfce4a0d10d249d310bd21982912b674caaf57a4b3d,"While chasing BINI #9, I stumble into a mysterious cavern!
Where am I? It feels like some kind of ancient ruins...
Whatever this place is, I should leave as soon as I can."
1628246436,11313094d95e609f4021234268b4c91958fca677499b492cdfda5ae87ca920f0,No entry—this is a restricted area!
1628272700,65c8e41f7bf6d4439ba717a919ee5004520732ba468c0bf619ef6b85c1d34098,You sound like you didn’t want to come back.
1628294895,ec95eaedd1014a8dff5bbda03bdfc3a9de5c932d5d6cb9287345a4df327314f2,"Plump, ruby red fruits offer a blend of sweet and tangy."
1979363156,ec95eaedd1014a8dff5bbda03bdfc3a9de5c932d5d6cb9287345a4df327314f2,"Plump, ruby red fruits offer a blend of sweet and tangy."
1628299218,2b4f43c842d51eb9aa31f00a35a100690bd89383e9b5acb7bf42b161641aeace,"Indeed... my gentle, moonlit friend."
1628332741,66d243523106e4445b3c7c0a74d752291001d9936f89a34d0155f26e3c2f5c4a,Transformation skill
1628361161,124f758de2963d1d18795cab23426af3b5102e9d0e6c50da5872bd648fb902bb,Paid Companion Handbook Level 76
2065670779,124f758de2963d1d18795cab23426af3b5102e9d0e6c50da5872bd648fb902bb,Paid Companion Handbook Level 76
1628390541,fcaa2746efb86fdc9a5246ea5439c5db9746fabf045d9fde7fd4440d5d07e71a,Pathfinding Department Photo
1628401982,34ac3b924c352b6a9dd2828da6b774caf7a6ec0c9ce3287f623ca9337d5c5b1c,A nightstand with pale wood grain and a cozy little space where Aniimo can curl up and dream beside you!
1695770455,34ac3b924c352b6a9dd2828da6b774caf7a6ec0c9ce3287f623ca9337d5c5b1c,A nightstand with pale wood grain and a cozy little space where Aniimo can curl up and dream beside you!
1628405778,ea0e082f921888e2c856e53b016d8b84862b1fb50f5a36e4d818eaabda5ca21e,Why won’t it bloom?
1628488946,f120fbdd26c0172eb4fae466ec711af21fc789519f05cffde5013430212dcfce,A reunion... after a hundred years?
1628561468,1ac1bea5f8c9988dfd5e0b06b2afcf74195426a5f3b52ea6b2169c3d9536dbf9,"Your Aniimo has learned a new [<style=Hint_BgL>REGEN Skill</style>]!
It’s automatically <style=Hint_BgL>equipped as an active skill</style>. Press to view skill details."
1628582784,dd4b907b51f20eb6ff6a253fa53c92dbb9899d87c688248a6ba90725ac4a982c,Large Iron Chest_Lv2
1628595947,562c6531cb23b2cacd0383238aaf8dac7f03f0185ea377ab2e8faa4e95ebe870,"The female lead, Lan"
1628611452,36564b625a088cf9f285063ab1c6609919b02501ec396ae4eb7afdb0c5e92fec,"Word is, they’ve built a huge castle nearby."
1628618502,790336cedaaaa89b90f655e3dedc1ecb1ec3dd6ed5c1914b3c651fa4f430a18a,"Releases a fragrance, dealing damage to targets within range and restoring HP to all team members equal to <style=Hint_BgL><customRichText(calcData,ability,13520500,param1,1,%d)>%</style> of its own max HP. If there is only one target in range, the healing amount is doubled."
1628674566,947959fb7e6cbfcd3b82df7120cbe34873ba70c4e5dc2a1efabf375ed96bd177,"Unlocks Furniture: <link=""item_10400021""><color=#5090df><u>Crackle Generator (Level 1)</u></color></link>.
Unlocks Furniture: <link=""item_10400011""><color=#5090df><u>Crackle Power Pole</u></color></link>."
1628716355,bc9dfe3370d87b2d89051df41c35dd5d4027a73a67950a883da90d15fc16fab6,"Subtly growing red fungi with caps as vivid as burning flames.
Can be sold in the Inventory or at the Co-op Store for Home Coins."
1628726142,2a19bdc09aa3bd9d5ba8c9707687136c2825da0e2af28b7c5de7c65b9c50f365,Shadows
1628739203,ff0b06f441383e3bbe5153e3a9ceb5a3c779323e43c70383a8e94a17efe770f8,Auto Voice
1628745390,a858da913431215866605da228790f8bdcc4240ab22e0a6f208f91b792405a3a,Jump to Quest Panel
1693050624,a858da913431215866605da228790f8bdcc4240ab22e0a6f208f91b792405a3a,Jump to Quest Panel
1760664993,a858da913431215866605da228790f8bdcc4240ab22e0a6f208f91b792405a3a,Jump to Quest Panel
1913719891,a858da913431215866605da228790f8bdcc4240ab22e0a6f208f91b792405a3a,Jump to Quest Panel
2117311198,a858da913431215866605da228790f8bdcc4240ab22e0a6f208f91b792405a3a,Jump to Quest Panel
1628760855,47c2931cd5cea6259b70c0868b58ea15c518508fbe93201833d6941729ad9ff3,"The Vision Zone is under fierce attack.
Please defeat the mutated Omega Butterfly Wing Sprite!"
1628789308,0794252c352c7ad35f7eb6d087492dd6dfdee822998087375611a18d44f5751d,"Huh? It’s releasing strong, stable Vein energy...
It’s most likely a refined <style=Hint_BgD>ancient relic</style>!"
1628800390,267f9234656a2aadb03a42cf07e5a33c65e60eb6ba616885f872d95ba35aace7,<style=Hint_BgL>Press and hold</style> #kHud/SkillQ#z to <style=Hint_BgL>aim</style>.
1947910739,267f9234656a2aadb03a42cf07e5a33c65e60eb6ba616885f872d95ba35aace7,<style=Hint_BgL>Press and hold</style> #kHud/SkillQ#z to <style=Hint_BgL>aim</style>.
1628810711,e0583267b61c75e2149f834e21aa42e7c02aa1edf3f3aeede9bbc2944fedc1f2,But he’s been completely wrapped up in his research lately... He keeps forgetting to save the food he finds for me.
1628819873,2aca6670b3f0a5318c280ab4b2cea56c70d6cc244e05a14357c1e9c4ad436448,Use Item
1628840142,288f5fd6137a3effd98aa7ea9d929b0b287de564e6f5e7b42bcb8b73c324e3f4,Coin Monsters Spotted
1853225881,288f5fd6137a3effd98aa7ea9d929b0b287de564e6f5e7b42bcb8b73c324e3f4,Coin Monsters Spotted
2060091265,288f5fd6137a3effd98aa7ea9d929b0b287de564e6f5e7b42bcb8b73c324e3f4,Coin Monsters Spotted
1628846275,3bbcf1f8308dfdb83955d77c64392606ebfe1740363935a16fc96b2d68b2626e,Doesn’t look like we’ve got a choice... I guess we’re bringing in a <style=Hint_BgD>Tubster</style>.
1628893044,f5adeacc09c75690acefc86b6e2b41cbc1dc564201a05cfe7d48fda618de224b,The colors on its wings change like flowing light.
1628926533,31075ef7803b661f9409c363dd7988b6b71500e69268693137b3902412c9a94c,Watching quietly...
1628931624,96d66013d3cc30528416709ef06ef7928aa91316b74116b90e98984003798998,"A Tromber perches on a stone pillar, humming to itself while watching a pair of Nimbi lovebirds, thinking they’re too sweet to be interesting, and hoping a rainy day might liven things up."
1628933775,336c4f649675c77a4f50785e9412b38d73f76128cbff657df3fcb3f3a0f8f69c,What was that electrical sound...?
1628939236,29854b4ac70b9109d87ae4e2b24651d95bb166b099e8c4179767d10dbc85c69e,Scorchhowl Headband Pack
1629048688,85947eebf236ba847a0500ba59b82a887345c11be513b903b4d6553d120471ce,Increases the radius of <style=Hint_BgL>[Flamewreath Armor]</style> by <style=Hint_BgL>{param0}</style>m.
1629129230,20896a054245e24e2552fd5868de981453d9ef58473771d8e230101b697f2214,Keyboard Lock Mode
1629135639,7444016897eaa60bc1478ab2e8cd9cc0735c51e0314b9672c30bc2b5d4f4c8b9,Pumpkin Seed
1629252839,f2cec2a06a9ddfe4e1dd7d58ace0f127992e311814e7a14fbf6fe69c5d518b95,"Press the Aniipod button to enter <style=Hint_BgL>Catch Mode</style>, then press the Throw button to throw <style=Hint_BgL>an Aniipod</style>."
1629268405,9ac4466384b617d9d6470e6da0b3b474f30698bdb2df96f944e08a23725bb6d3,Granted upon purchase
1629306230,c88bd8dd5c8216d1c107ac1c607c5eba6ff80c814f1381e41949a867d8ca5493,Morphling (Placeholder)
1629307349,35d4b777f6786f3de33d3edbdf54b430cea9b55698c1daa4d143140ca54b1050,Sent you {0}x1. Claim it from your Mailbox.
1629319846,18da7494134c4ee423b8053bec59cc6c2487fcd3300709ca7b0c27a0eeda24d0,Aniimo Cookie IV
2097371054,18da7494134c4ee423b8053bec59cc6c2487fcd3300709ca7b0c27a0eeda24d0,Aniimo Cookie IV
1629343503,35e786ecece15e86fcbe9b5ec7ddcda01a49dc8d084c3992121cb2dc162fcc73,From the Journey Handbook check-in event.
1629377170,35e1d1a36386fe1d6a129970c8a8d40ca286b0e48d4edc29248fae809ca14bfb,Sign-ups for the Aniimo Style Contest are now open. What will happen at the contest...?
1629430881,f677b3c1517349e2b618ad5dbee38fc8a2bc66d81b565b5abd81658345492da6,Stargazing: Tracing Dreams
1629433052,9ab18e6e2fb737cd69ff879ec94a9b8c4298ff5adca8fd30fd79250a78b0515c,"If you need me, just knock on the egg to wake me up.
We are friends, and friends help each other."
1629463261,cbae12a02e9022a19d3c1ad04d09eaa0f2d84735e25374cde6c9d5b8ab53da0e,Achieve the Goal
1629465051,b6d63bca96bab1266063f641a7f7610c1941eca759b341dd35d53af2663b1150,"Tubster is confident in its defenses, but when its guard is broken, it stays down for quite a while."
1629471421,f69e6f065e8ac185ba255a76292f9596caaac0b9e390bd0e5950cac84b563173,"You've made a name for yourself now, but don't let your guard down yet."
1629481737,d3aa9a25b08d14ad85ec272dbe1de2c4fc73ba2ca6ac2b70e8187774ad4e0cd3,Open Window
1629493862,3237e4173b714c6a8248ea7e17aa311cf0e40ad0baaafe0c2c0aceac1b0863ab,Can’t help moving to the beat
1629556126,dc49bd4edf1d1cb0b28820d08284cfc00a7b10c4d2b29e9ed6159c03c32c142c,"[New] Against a Water + Lightning-type target, which Aniimo type would you choose to have the best <style=Hint_BgD>attack result</style>?"
1629564122,fd0cd956a3d7d99f0b55fea45ec502ef1586174909bcb70df03cbfd39ca97aaa,"You're quite perceptive!
That's right, strictly speaking, what's here is <style=Hint_BgD>the entrance to a new Area</style>."
1629565994,80acf3fd1f3ce3db34c3ed9d9ecbb52abd9a47148798791794e6bd7d9b1138b8,Home Run
1629584118,51e389ddfef18ba720c5f2eacc707374d18914f632acea60e226cae40011b3ec,"Hmm, judging by her appearance, it must be an Aniimo from the Flutternym family. Was it... Velouria?
But I never imagined she could communicate directly with humans. It’s incredible."
1629605571,1508981672567a2e4bf3db12ae77c114ab7c582fc01d687912021dbb0848f4bc,Healing Impact
2030522177,1508981672567a2e4bf3db12ae77c114ab7c582fc01d687912021dbb0848f4bc,Healing Impact
1629606364,af8a164f498333c17c11e62489994d984ec93aca9a287cbe6474a638b13111e7,I’ll get it this time!
1629662907,8eed0b2257663310cbf29be783fc333fdb80f150d2e8d324e2c4934e9d448144,Obtained by purchasing a special No Brand Burger meal.
1629705597,d34c851343de862bc4c69321a6733c46bbeffea5d6ac66e30cd943df8a9c6a46,Gardening Pro
2107607348,d34c851343de862bc4c69321a6733c46bbeffea5d6ac66e30cd943df8a9c6a46,Gardening Pro
1629724045,5d928dbfce9f8f937e2c866db562c31eef639ae62ea55114830a24ce289c3b81,Raised Hardwood Platform - Pine
2098248528,5d928dbfce9f8f937e2c866db562c31eef639ae62ea55114830a24ce289c3b81,Raised Hardwood Platform - Pine
1629758070,7d71a3664a47e53e32f8d193d95d58cc6f078f86f82f682495a143f47e3a5e28,"When you touch the chest, the energy sealed within begins to seep out, and the tightly shut lid opens on its own. Having solved the puzzle by accident, Jilly urges everyone to see what lies inside."
1629777850,83a947daa5fb1d88f40b13b2cf7713bc5a685b3dddb57e6a2a04aa053455e2f5,Chat in {0}
1629785095,a8fcc21d0e94a18f68903a44437a8b4941ed00b8534768ad888e134f481bcbf7,Weekly Reward Claims Remaining
1629795507,d6a8f60e9bd18c9a35eaf1fea2c417b4ee1c868189523d566ca3a94891eadbaf,Add face-to-face
1629808316,609ec8c74354dd3347b4277ab9ebdc83229cd717ec099549fd8994f7abf1373b,"The Pathfinding Department observed this phenomenon, and once our analysis confirmed its research value, the expedition team was assembled again."
1629842433,b2eb76fd6614bba2267bddf65d6211cf6d833cb73e8e03deee4b1be5dd339fae,Hummin 1
1689350108,b2eb76fd6614bba2267bddf65d6211cf6d833cb73e8e03deee4b1be5dd339fae,Hummin 1
2087795517,b2eb76fd6614bba2267bddf65d6211cf6d833cb73e8e03deee4b1be5dd339fae,Hummin 1
1629875267,9e455c1c6a33faa4cba2d30326b5388f6a7b10d95ed3c54e63fcc9bd949086ae,We’re here. This is the entrance to Lumenfly Valley.
1629885648,199ab8fec3ec2fd276d15a25987afa66a6327412d2c39a145e99f928f4da31e6,"Selling adventure supplies at Idyll Outposts is the path I chose.
This little shop is the beginning of my future business empire!"
1629896764,743c6173bf86e2f270706dba097c83450afe05441daf0dd810920bc05d38b789,Ruri... Ruri! (It raised its tail)
1629925506,4e0c8ebd526c4eb66ca629e7d732911cce3c2e63b917f25d23a3e3e4870603c3,Waxing Moon Pepper
1816793313,4e0c8ebd526c4eb66ca629e7d732911cce3c2e63b917f25d23a3e3e4870603c3,Waxing Moon Pepper
2011119804,4e0c8ebd526c4eb66ca629e7d732911cce3c2e63b917f25d23a3e3e4870603c3,Waxing Moon Pepper
2013428158,4e0c8ebd526c4eb66ca629e7d732911cce3c2e63b917f25d23a3e3e4870603c3,Waxing Moon Pepper
2138774750,4e0c8ebd526c4eb66ca629e7d732911cce3c2e63b917f25d23a3e3e4870603c3,Waxing Moon Pepper
1629932942,583ac070b89060aa3a4e8401ca4a8564b1913fdcdd22e6b3a66a4d1e5363bba6,"Dark: Critical Hit Rate +<<customRichText(calcData,buff,5000902,param2,1,%d)>>%, CRIT DMG +<<customRichText(calcData,buff,5000902,param3,1,%d)>>%; effects doubled for Dark-element Aniimos"
1629982723,9fa563c3b7c1efe13759aeda4faee9495a7e28f0f58a6f433d9026488d732b05,"Originally, it was to gather fragrances for the next Bloom Festival.
But now, we offer them to Lady Irelia."
1629993441,6ef19e091da94c91c2e74792c1e8671d575c1a17b5ee8fa310439886f1a83bdf,"Anyway, back to business...
The venue for the gathering is newly cleared, so there’s still a fair amount of clutter. We’ll need to tidy it up first."
1630018108,ae4a788868ebabcec4cd598a4a6b90b4c41524bf70b394c4cc001a9518c73b92,It’s been everywhere... met all kinds of Bolties... so it’d see right through my little lies.
1630037438,5dff8ca9331f18ce2d32e9a3a24c7ade1db939a58f3b85b575c56b31867fcd2e,"1. During the event, Pathfinders can pick one Prismana Aniimo they like on the event screen. Once your title is promoted to Junior Wayfarer, you can claim the Aniimo you picked. You can change your selection at any time before claiming.
2. The Aniimo you claim will be in Prismana Form, with a randomly generated personality. After you claim it, Phase 2 Prismana Pact will unlock.
3. After Prismana Pact unlocks, Pathfinders can continue collecting Prismana Aniimo within the event’s designated scope. Each time you register a new Prismana Aniimo, it will increase the corresponding Prismana Index completion progress.
4. If the Prismana Aniimo you claimed in Phase 1 is within the Prismana Pact Index scope, it will also count toward your completion progress. Getting the same Prismana Aniimo more than once will not increase progress again.
5. When your Prismana Index completion reaches the required milestones, you can claim the corresponding stage rewards.
6. You can check your current Prismana Aniimo registrations through View Index on the event screen, and keep hunting for Prismana Aniimo you haven’t registered yet."
1630104944,b7750bd52a4bf66b3f8adb4e6e214f6d332d71d8a93ba97c4fefe04d6a4446ca,Very introverted
1630107929,264f29b72291b8048241462d2dcc1a9ffb186e824d956a96d350a2e097f0e52b,"Mutated rare cranberry, enveloped in a rainbow-like glow."
1846748106,264f29b72291b8048241462d2dcc1a9ffb186e824d956a96d350a2e097f0e52b,"Mutated rare cranberry, enveloped in a rainbow-like glow."
1630113871,fdaecc34c47059065844d5c0893f412c1f7c516c0c4e6756fa190b5e62f379ac,Why does the moon disappear when the sun comes out?
1630121297,8b4cf9562b9205542b781a33723c14eaf27d59c27ed7590faa3f4b94ca2407de,Obtained by processing materials at the <style=Hint_BgL>Dance Pad Polisher</style> in your Home
1630124679,9e78ea0306adc8eb28e5890da912171f5740b5eeca0cb1e61d9cf877913c5464,"We’re leaving already...?
Before we go, shouldn’t we say goodbye to Sunia and the others?"
1785442926,9e78ea0306adc8eb28e5890da912171f5740b5eeca0cb1e61d9cf877913c5464,"We’re leaving already...?
Before we go, shouldn’t we say goodbye to Sunia and the others?"
344286366,003483132d1d04b8e57dcc5d48c59b746ef05b9e5e9e4edc2c5e5eaf4f466b08,"An RV Park between Nimbus Fields and Mistwoods. Pathfinders can rest, make friends, decorate their camping platforms, gain Park Buffs and send Aniimo on quests in there."
363266754,003483132d1d04b8e57dcc5d48c59b746ef05b9e5e9e4edc2c5e5eaf4f466b08,"An RV Park between Nimbus Fields and Mistwoods. Pathfinders can rest, make friends, decorate their camping platforms, gain Park Buffs and send Aniimo on quests in there."
1630164686,003483132d1d04b8e57dcc5d48c59b746ef05b9e5e9e4edc2c5e5eaf4f466b08,"An RV Park between Nimbus Fields and Mistwoods. Pathfinders can rest, make friends, decorate their camping platforms, gain Park Buffs and send Aniimo on quests in there."
1630211704,5d05666b1430073f447a77f282908ee9c40b7ef2c2716c600a576adc7738814a,I found my fighting spirit!
1630221175,2d9aa66ced243551a92b954212d02fb565f48c9d8fc80731b274eccafcb89f52,"The Aniimology Department is mainly responsible for collecting and recording the ecological characteristics of Aniimo, analyzing the biological essence of Aniimo, and constructing a multidimensional and dynamic Aniilog to help create an environment where humans and Aniimo coexist harmoniously."
1630227455,0f13bb704bb2c40bb88a68c7b45d63be63a4a1264a6f1bf4c51ea510250ff63f,Special monsters' Elemental Counter multiplier increased
1630293411,e2bc94370fba4a187d06472fce8aef65d8615043632d011178b0b8913aed649d,Check Elemental Relations to understand elemental counters anytime!
1630324562,94998de67eb24b71cce67280c0b85365131a19d0fc2b21a53260b0eaab558b99,View Branch
1630341400,4a44df8f812bc8f8d9689df096452100d5011b41ac112ebad2c88eadbfead4b7,Green Years
1630355714,c6d0f574ebdf97916931caef602cdc0ed89f9af7e79bc52ac5bc5e8cc9054927,Fashion Guru
1630366329,af7cdada6f3a667e765562b840c967e4f4fb118c90fd14660178aaa3ab8cf504,Heating Up
1882301096,af7cdada6f3a667e765562b840c967e4f4fb118c90fd14660178aaa3ab8cf504,Heating Up
1942698740,af7cdada6f3a667e765562b840c967e4f4fb118c90fd14660178aaa3ab8cf504,Heating Up
2079939890,af7cdada6f3a667e765562b840c967e4f4fb118c90fd14660178aaa3ab8cf504,Heating Up
1630387576,043a718774c572bd8a25adbeb1bfcd5c0256ae11cecf9f9c3f925d0e52beaf89,s
1772173626,043a718774c572bd8a25adbeb1bfcd5c0256ae11cecf9f9c3f925d0e52beaf89,s
1816980368,043a718774c572bd8a25adbeb1bfcd5c0256ae11cecf9f9c3f925d0e52beaf89,s
1630412260,cdb37e32a223c5d41a658c2a736697667381b4c8854a1b312ca73aced32ccf7f,"But he wasn’t wrong... I challenged the Icho a hundred times—and lost a hundred times.
That’s when I gave up fighting."
1630423057,ef7609e6ace4e57b06501d595fe30f89005ebc9aa07da47bf60f9c4d2db97053,I’ve been meaning to ask...
1630423614,9cd2803e8772b748c2af3ba8b77cf9e46448cf83c78145b2170af67b595c8e85,Press to claim
1630424623,d23a00b46fc70fc1bab4449839f5233a58471fa9a9e7c296ac14b64eac770831,"A home on wheels, and a bunch of Aniimo by your side."
1630501476,34afe100e3d3e66eca9935dc0a4b9c63dfe82f00baa9b0cdc8c376ef43af2e54,"Extremely rare cotton with dual mutations, enveloped in a rainbow-like glow while having exceptionally large and soft cotton bolls."
2059216514,34afe100e3d3e66eca9935dc0a4b9c63dfe82f00baa9b0cdc8c376ef43af2e54,"Extremely rare cotton with dual mutations, enveloped in a rainbow-like glow while having exceptionally large and soft cotton bolls."
1630557176,2e755964673b95ce4d6f7869ce2e3c2c81e365e75ab7a6fa656af865d1a4b2ce,"P.DEF increases by <style=Hint_BgD><customRichText(getConfigData,rogue_talent_data,18,param0)></style>."
1630568121,0f1c818178055c2c7e5f045830a5f62eac6496b3c6b3ccc786255bdaa95a7188,"For every <style=Hint_BgL><customRichText(calcData,buff, 2061000010,param0,1)></style> Ultimates cumulatively used during this training session, the Element Burst damage dealt by <style=Hint_BgL><link=""source_728""><u>""Energizing Bracer""</u></link></style> and <style=Hint_BgL><link=""source_730""><u>""Surge Engine""</u></link></style> increases by <style=Hint_BgL><customRichText(calcData,buff, 2012000,param15,1,%d)>%</style>."
1630582702,6cb6112b0a1f89845b5955e93d79b7702c281aef7924bada585f8bf6a9ac59b4,(Translator) I talked them into letting the Tubster try.
1630636390,4cc304b8b8e7e529b82ab9dece53a9f02fb830baa70632eb846965cbbf010c6d,"This device does not meet the <style=Item_Lack>minimum system requirements</style>. For the best experience, please switch to a more suitable device."
1630658762,38fc7a1248ef8d36dd753736e638147fd7a29ce7173141ce4205bd3e006c298d,But still... I think it would be nice if I had a grandma too.
1630685392,5e5f161383d8dc9770da9a9f35d6127d30d76b9e73d53845516fd5e13030ef30,"This goes far beyond being ""theoretically inconsistent""—
It’s a complete dismantling of the theory itself."
1630687975,bd1fbec8657684ab70adbf91f7c020eeee9f9ca3f2b8604bfbf963c9d13041a9,Denim Gentleman
1630749153,db10bb8f043bf90bf4e347f9bd4e86a5e93b0aebea72cfa918940533db233074,"See, this is the power of a pacifist. Did you take note of it?"
1630756985,a55cd1e2b495eb7bd1ef7d2b19dcf578b3076bfcdb4ac5a1245562fd66729914,"Select the [<style=Hint_BgL>Uniform Set</style>] issued by the institute, then press #kCommon/GamepadConfirm#z.
Try it on!"
1630779904,08571463f5dbfa6aeb2c29e7cff732c69d9b11f30848059489efe16de6f9de91,Equipped Aniimo gain 0.7 additional BREAK per level.
1630781482,d48784e23a17ddee6cc951db59d9082cf6a699ad14a90e8b971410038028ebfc,No Aniipods.
1990946909,d48784e23a17ddee6cc951db59d9082cf6a699ad14a90e8b971410038028ebfc,No Aniipods.
1630786312,5b2ac41c00888cd01ab0421701a10c8c79d38c639b98b0b1c1a700a3d41ee3ba,Auxiliary Facilities
1630819548,bc377b3d4ebb0c114d06e713243dced83358d6806754d0e7abf4e3133810f9d3,Really? You’d take me along to find new stories?
1630838729,7646d002cd11bd30906c0d7d07ba2e3257234a449df9750bd0e2e6906c7f2a7d,Common Parameter ID
1630892069,35b44716c355de082e19221303399784f8086176fa8904759569613ddea2b81d,"Where did your mind wander off to? Still thinking about the Ancestor Prism?
...I suppose so. From honor students at the academy to street cleaners on the corner, everyone in Astra is passionate about Aniimo."
1630901242,4a5c098e6778fc6ade68f69e7766bf10ce2b0077d1fcfd690b2570cdb082b758,Online {0}h ago
1630929439,2d47fed2287026d45a0859c30bab4173eb1bfb1f8c5ed88ec0738bce8161688e,"Please, I’m counting on you, brave Pathfinder.
Bring me mutant truffles and, in exchange, I’ll give you something valuable!"
1910028490,2d47fed2287026d45a0859c30bab4173eb1bfb1f8c5ed88ec0738bce8161688e,"Please, I’m counting on you, brave Pathfinder.
Bring me mutant truffles and, in exchange, I’ll give you something valuable!"
1630936592,2c145c145695391338f871cb253f5a9b78f9a6f140a6bc3d3b53681eff91a4b1,Hidden Sparkling variant that emits a special bright-toned sparkling effect.
1630974894,53fd6309a1dc60b7e9c716e466b1ec39d857518dbf5b22efa4ffd22902940b8c,Several white petals that have yet to wither have been discovered high up in the Branch.
1630986010,583efcee3d8e7c0f6d41054c5e83eb5bc444358e9fc8bbd99dca4c0c1c86b35b,"So, would you like to join the Institute?"
1630992620,014b4e2abdbf2104dcf3b2631d22c87eff1452858d753ee8cb9d47378cbc3ec8,You’ve passed! The rest is Dr. Lewis’s responsibility.
1630997455,ffa2534969653b72ccd6b8d2edefc3222852cccb0ac9113a4374d00bd8f62252,"This is it. Each time I kick it down, it’ll reappear at the exactly same spot the other day."
1630999704,048e2cb2da4f82b9cf4f208be9e88c5bbd59346e17cc9ab3097be5c2c03c57b7,Unlock Building Plot 6
1631014435,bb3b2b18f739181671aaccd59a7ecd3b09e5e48dbecb1fa2f9ed00d9af2491ac,"Drag an Aniimo below into ""Deployed Aniimo"" to deploy it."
1631105691,5f73e0612c0bd40926b8c3601c5773bc643f42580c5141d74aeeaeb452b1b659,Twine with Infergon and approach Helmut
1631125284,23d0e296fcf0a2f0ae1595076f9a29b2a7837c543787f0fe750f159363da2df1,Three...
1631167838,5b89205fdfec280cd1ed94e589fa3e5d68e40b299f8988378c3a17cdf216a933,"Quite ambitious, hmm... but aiming too high isn't necessarily a good thing.
When you have the qualifications to surpass me—that's when others will come to assess you."
1631199928,f5110fc3323e5b588f9b19ea111d317b3626e2e61e1d955d176ac441f9fa510a,W-Wait! Th-This is...?!
1631276210,08917e8431ae7377c048d887b5d78d47c4e19953bf9df2a955e7c79d5559f3d6,Smirk
1976385770,08917e8431ae7377c048d887b5d78d47c4e19953bf9df2a955e7c79d5559f3d6,Smirk
1631361749,6595019932c4203c2bbb58e4418f3c4f5649e3ad6d9140f069d8fcd2c0828ad8,Umbral Society Senior Girl
1631364474,53d357f02fbb76f81a9e77e8efa61a5184eb7f32fe2b91569e0ebf2ec5b62c07,"I look forward to the path you’ll carve for yourself in this world.
Keep it up."
1631374199,e6bdaabfe7a0a5adf5d15a7c4a4d3f4a18320cd93f26a83d9e3628bd6c834407,The sealed rocks cannot sing the songs of old. When will the lonely dream break free?
1800011839,e6bdaabfe7a0a5adf5d15a7c4a4d3f4a18320cd93f26a83d9e3628bd6c834407,The sealed rocks cannot sing the songs of old. When will the lonely dream break free?
1631406239,a2281f09f893fc5eea3d1fea29be237c3dc482edbc6dcf4b4823a42a64205a3d,Elite Egg Seeker I
1631409247,984b594580719ebfdde51ba3a96ae946d959b179e033f129c60c8080063b8b3a,"Look! That <style=Hint_BgD>salt crystal</style> over there!
Its color and taste—both very unique!"
1631411443,efeccfd04ddb4b0596fe3ccdfc74677aee687fe2f75bccb5e560a2278f556967,Free Companion Handbook Level 1
1814130797,efeccfd04ddb4b0596fe3ccdfc74677aee687fe2f75bccb5e560a2278f556967,Free Companion Handbook Level 1
1631444453,29996658b75160fcc5169f065b5d89003f6d5441ff450198944cd3d13b8a749a,"Of course, Ling's companions are everywhere!
But, I'm afraid even Ling might not be able to recognize them when encountered...
However, the Morphling's memories are carried in its mask, so different memories mean different masks."
1631458916,a2eddcfc11006b56829bad41de047fac318e0e578444c0379560b2b14daf19a2,Exit Voice
1631474864,8d9bb273243cab0d537725f7e6191c259d3653ed434f2ed0eaee303cbe6fbf9b,Some <style=Hint_BgL>Pathfinders</style> from the institute can be found across Idyll. Challenge them to <style=Hint_BgL>Twine Mode</style> battles and defeat them to earn great rewards.
1631521011,2a6b24ad287220345e96eb8021fe29d42b0785766c8df658827e7251da2d36dc,Credits
1733229275,2a6b24ad287220345e96eb8021fe29d42b0785766c8df658827e7251da2d36dc,Credits
1972465076,2a6b24ad287220345e96eb8021fe29d42b0785766c8df658827e7251da2d36dc,Credits
1631542699,77184595bde3befc7f5a20efc97caea43f4858e4c97cd2ee406af2c61db3266c,Ascending
1640234334,77184595bde3befc7f5a20efc97caea43f4858e4c97cd2ee406af2c61db3266c,Ascending
1631563337,2b5accdb97497e15c7c7701252cc15694244cf9301f5ab32a438b2d57433515d,That band of Chirpis?
1631590933,c577cb010a971a12c9dd0c4dc4f3704025abe14a2352899feb80eab5e4110a7b,Thank goodness you’re okay.
1631594935,d3ab37c611146f8d9f42fe84c0dcb96bc02a76caa5e47900526cdcb571862ca0,Teleport to Outpost
1631606197,7997aa767d7390fb20f48c0c5d880e3cdbdb7c6c134e47352b4e820a13fdd4a7,"Yes. Maybe because the large starine tree is closer to the vein, the power contained in its fruits is purer. Especially those seldom-seen large starines—Celestises find them irresistible."
1631681568,41b24980422c14b0b3953acca763728e253aaa85489f08917fe565f2a57672e9,Oh—and I even learned how to sigh... like this... sigh...
1631695410,62966d5cfdf24fe011f5bd34ca6dce23d7f91146d339c066ae22989215f7524a,"Yes. They undergo major changes after they evolve, from simple-minded, food-obsessed, sleep-loving Celestises into mysterious and wise Stellaryses. Amazing, right?"
1631699178,67d1c8d846810a482abe1c9840f1f668eb42ed90d4993136e9adf03f4dbd47d6,[{0}] [{1}]
1631704791,7bc9ddbd9d4b5bd79e50e6f411ce88baa2aa1b98dc13502d8a8f1ee23a28b5d4,Increases fire-type damage and resistance
1631723381,b45e0bc410edd6ea433b983d66420f03f8bd46bd123ce42d1bdc9937dd62f7cf,Astra Journey Placeholder 140
2095657807,b45e0bc410edd6ea433b983d66420f03f8bd46bd123ce42d1bdc9937dd62f7cf,Astra Journey Placeholder 140
1631729415,619674957feadc78690fc19da6f01cdc8952d5a8c8d24dfa492e88f2ccf1e2e2,BREAK Boost Percentage
1706286121,619674957feadc78690fc19da6f01cdc8952d5a8c8d24dfa492e88f2ccf1e2e2,BREAK Boost Percentage
1631731683,0b09c988043324fc9c48de615f28547833a5f9f16c5f0f27b156b26bc068ac99,Google Play Exclusive Profile Card.
1631834455,5b58ba9a995ce2e9bc205b2d6348a4d939715405646a5365d711f2604ae7b541,Increases gusto by 15%
1670404699,5b58ba9a995ce2e9bc205b2d6348a4d939715405646a5365d711f2604ae7b541,Increases gusto by 15%
1631880612,418b558d1130bf177bf5d2a6c217c5e745d1d3939671fd244d5ded1a9f05197d,"You are lightning, you are light, you are an electrifying miracle!"
1631919033,a04d6cc46764a5b7e9e13c6828765d0ae6619639d338a069aebc98cdc3062b15,This screen is in the cursor mode.
1631938740,c0a1e9f151cff2495990016e54655ad369808e37777e26818dd4bb1064c7e56e,Rule number three: Collect Aniimo with all kinds of traits! You never know when one might save your life!
1631941106,c9b68e9663cbcd1586e20221f33cf860eb3a3819fd72838e32c99fcd01947ccf,"We built the coziest cushion ever, perfect for naps! Wanna take a break with us?"
1631983634,d64bf9364b601e12f8d176078cef9a52fbe36b57bffcf6c045caac6f96df8aaa,Tucking BOSS_Vine_01
1631984460,e81e4f6ce170a85cd2b7b81512998e2aea93bedf578fba559765a5fcee6abc11,They definitely look way more upset now!
1632000831,d93de4e5b804fec7e57dbd2f8933598a6bbd390f48648f8bb25865371caf7648,"A concentrated essence extracted from dew with transformative properties. Collect enough of it, and it may be worth a good price."
1632009136,c04eab84ff05bbcce219a8c4b6a0179ecc366371f3283103a6b50b4706809423,So you stayed?
1632024059,0b3ca4efa2f2a3af635bf31bdf4475c0634f028be3800b719fe99da454ca226d,"Wawu! Thank you! With a new shovel, a new shell will come too!
Thank you, kind Susuta! Susuta gives you treasure!"
1632027373,9a0a6a35a89eae644056f2796febc36be4ea8cb7738625601a7f0258c918f944,Are you going to offer perfume?
1632088754,beaada40698fa5fb856345af7a903b494cae3479688a74ff103dd8bff00e5339,How can one step on the switch and touch the clover at the same time?
1632102821,e07267cc9227fc98c18c638bec1df630ef48581512ecd0258751f5b8717efef6,Nail art
1632114364,832c5a8b285f81f470910a7dd3975003ab361e8efc3001fee7ac58b8aa9009c6,View Home Build - Aniimo Facility.
1632148508,b72ed8545796ce9e0cba8ddd1a4867bec5d5224e6192f08c579dd5347dce00ad,"You role-play as Sariou to help the young Bolty practice answering phone calls. Together, you comfort Bolties struggling with loneliness, low self-esteem, or unusual interests, helping them feel the warmth of friendship."
1632167521,61dc49c4c3b76d44dc4f647b77028fbc26d5453bcc80630cb97d91903a6e6318,"The first skill this Aniimo uses within <style=Hint_BgL><customRichText(buffConfigData,9147402,duration)></style>s of entering battle does not consume EP. Cooldown: <style=Hint_BgL><customRichText(calcData,buff,9147401,param0,1)></style>s."
1891169196,61dc49c4c3b76d44dc4f647b77028fbc26d5453bcc80630cb97d91903a6e6318,"The first skill this Aniimo uses within <style=Hint_BgL><customRichText(buffConfigData,9147402,duration)></style>s of entering battle does not consume EP. Cooldown: <style=Hint_BgL><customRichText(calcData,buff,9147401,param0,1)></style>s."
2091136673,61dc49c4c3b76d44dc4f647b77028fbc26d5453bcc80630cb97d91903a6e6318,"The first skill this Aniimo uses within <style=Hint_BgL><customRichText(buffConfigData,9147402,duration)></style>s of entering battle does not consume EP. Cooldown: <style=Hint_BgL><customRichText(calcData,buff,9147401,param0,1)></style>s."
1632174101,1b41b2f9779e79c75229afca60c10b5e355630757f2159ac6a9d564a6f338963,Bulbly Dewdrop Crystal
1632186975,34aec93f8d4e6117c98bfe48b82e48fac80e431aa2c5d8382e5cc62ed8101be9,Selling limit
1632216296,89c88e3af4a7ad403bc7c02d94ead5b00637970c26cc5025b2f8b2c73104442f,Veinlit Fruit
1632220940,a45466d3d58392ff82c7330e3badc32b3cbddcc13b41b3db14e4f868a1c55fd0,Feels like something’s in my way...
1632228995,0cc63a931876a4e355693df6e8d2e22beb268d84779f25fa464cf792521cf2b1,Instant Rewards
1632236490,a1ba7a231daf00207549eb9769f41112c805a7ecbf6d487237eb2711f4c48e21,Face currently in use
1632239675,794e85d630dcdae8b0f5ec7d99ae426117a62b3d3f4a6d18699c3ef9924ed799,Teleporting to %s
1632258530,06d5c52e0553df29f9b176b4dd288b6bd0e717798e905becb6994a1e0f74cc5d,Water can put out a bonfire
1632320104,0822c7ec78cfbabff9bede4302244111bd09116dfd078380568e981cfd6450b9,Please head to the Wild World.
1632341460,fc28f0d8e67eb3c963746171b07ceb8811763daac1f1d5f23f2adb198be161a0,Damage Increase During BREAK
1786852155,fc28f0d8e67eb3c963746171b07ceb8811763daac1f1d5f23f2adb198be161a0,Damage Increase During BREAK
1632348377,ca65d7d8038527ff3c32a565ae4d21f1e74eb647ebfe22adf1d7315e5929a536,Cloud Photos Selected: %s/%s Local Photos: %s
1632352850,94980939dadb63fa8692a1eb90e7902178c265f8b5d39ac7f6c54974e2f1ef8a,Follow List limit reached
1632357157,bd028c2e666b5e43d608c605355b0ab1050934e2efa0e3dd09a7c2e8e90aa1d6,"The Aniimo left their gifts behind and slowly walked away, looking back again and again, reluctant to say goodbye..."
1632358889,15f76d82d55cdd7b74e9fd316cddd728d7be51cd49c253419f1a833729b5a5ea,Test Type
1632363024,63b9de4f44f858cfa58a8855dfcdf972520d0d14e9a614865b2987d56f1381ab,Detonate
1632430724,e71b680181cdf062ae0f2853bba62071acabd0bedd613c1ad85c13037669ee63,"You return to the outpost and learn from Dr. Lewis that you passed the practical assessment and are close to earning the Wayfarer title. First, you’ll need to complete a theory exam reviewing your special training. It’s time to begin."
1632487199,093679537f479375b18cfcaf0957e41aa0c33156b96b21596a7bd4dd598a333f,That guy was pretty weak...
1632492365,1ac5248f7f25191cdd09e4e677dface6a5110f2413e897194b97e80af71d5dc9,", even though"
1632507517,b685b82909bafc41abc2f85b8714f098e2f549aebc953c6abe78cd7d3c7c3c14,Little Reds Assemble
1768704640,b685b82909bafc41abc2f85b8714f098e2f549aebc953c6abe78cd7d3c7c3c14,Little Reds Assemble
1632533934,e4c0043dd890cbef597b62805a33dffad493609b1cb73a5c9d038fbc1b1328eb,"<color=#5090df>%s</color> tried to stand on <color=#5090df>%s</color>, but <color=#5090df>%s</color> slipped and fell down immediately."
1632536777,f17003c3cb331c2067c5e9c39d7a1766fa0568db5f4f86df67c05827c6488cd5,Complete <style=Hint_BgL>4 required quests</style> to finish this chapter and claim chapter rewards
1632541782,498c8e7cf9f1c522e0a4d509b66e36659f633132a5949d02438e34fca63043dd,"Relative to persistentDataPath, Default: toplogo_profile.log"
1632544366,1b73638185dd4ffc072ca1757dee0a8634b30705bd2031a36b6b22d363568ed7,So cool! I’ll never forget that...
1632574080,d0d7e1e14df445c309ffa61c14aaa680b0ef3643e034b7dc20c86c99828ae180,"Still, losing to me is nothing to be ashamed of. Seems I’ll be able to challenge Coach Lita before long!"
1632590531,1b6fb494183226734076aead64005ee950232a6b39d0072fc812eef4a92e7025,What? No! I’m the Fenrier destined to become the strongest Glynsera!
1632605072,505d6f1a327a65a4b5863c4ba2563c1ee49fd50ee095e767cd1a5ff45c67c47c,"Pale, tear-shaped seed that yields plump golden fruit despite its humble shell."
1632605517,f42dd88deb21234eacc1cdd66cd0f1d25e77d104498c15d073fd75d4b86c6861,The new release is just around the corner. Only high-quality fabrics can bring my unique designs to life.
1632624610,9f506e24194b0865f78c54b921dffb49df389202628c7c843c0774d356e29a0e,Batch Delete
1632659404,68e59d55b49981e677e2aa8576aaa2a3bcf6107337041027090daf4d19e783a0,Press #kCommon/GamepadConfirm#z to enter the [<style=Hint_BgL>Aniimo Roster</style>] screen.
1632672633,8198f133647e1ee8c51ab18528e43c10c1b7659a1d04ec54b498aabc1b9d23c8,Peace of Mind paints the pale dreamscape with the color of meeting and parting.
1632672826,88330e460cb91f5244ab10e06c5b197091e0a6567e0b87f8a201eb69ebcf9fc9,Boyfriend
1632677315,385ebf6ae08c94dd1fd396342fb792b7231d817db6b55c40db2cff0553499990,Nurture the Ecosystem at the Branch 20 Times
1632702439,7a27f47333c78b5879a25968f31c1508d3d46508a64569ebf62ecd8d8058451b,Egg Snatch Points
1632724762,11b91bb1aeaa740a9f04d825e4553e6d548b8b18f554dc9c698fc53e0a57d33f,Vein energy is full and ready for 1 nurture
1632729847,6a194f9969952319c955a980a5b76d660f33dc03ada8162bb9331565f6f60f59,Dashable Rolling Shelly
1632761791,02335a1fc2d5b1ca8f8112abed1e08043cc261b9d5c74668d7d17ed30b64c165,Ice Debuff Status
1632769909,960fdea7ea3f8816dd1ef9e02a657d75181d498e0753ee3ae8f0ad3bf9dc3cf7,"Carefully arranged with various flowers, the combination of colors and fragrances can convey different emotions."
1632770761,fefcc2b8b4772e30132aa15d652adc6c070d7427befbdd3a8ada01372cb3137e,Items cannot be dismantled during tutorials.
1632780571,d4b7e0d100935fcce5741847f1a416caf24028a0a5ff792e68773fabed3d4e6e,"A lush thicket of flowers on a rock... truly a breathtaking sight! But looking at it now, that bud seems to be..."
1632811968,0a54f7305889713992370ad7e1c429d79bfd29589ec0d326bb1e83633f2b2ae5,Mine (Level 5)
2004176191,0a54f7305889713992370ad7e1c429d79bfd29589ec0d326bb1e83633f2b2ae5,Mine (Level 5)
1632849289,b6e9b2ddd0802f47ee5fa1fdce166ecaeb6684ddc6e4832320e77bf07eb594d3,"Time Bomb periodically appears on the field and detonate automatically after a short time. They also detonate immediately when attacked. Explosions deal heavy damage to players within range, and deal damage and heavy BREAK damage to the Alpha. If no target is within the blast radius, a secondary explosion triggers, dealing heavy damage to players in a much larger area."
1632866119,6ad12b73a31742202effa12253b0d03197eb6550207a3215dfa2a63b89309d83,Beep—<style=Hint_BgL>Plateau-form Nimbi</style> detected ahead!
1632890980,e5a78c9b6d81588a809265970f25532d517bcbe66528e083b1cd51e62b0d9087,Tombstone
1632916675,fff40655db4beede17d4d4adb3ca285ded406cbd70bdc89d2c659e9f33df279f,It followed a NimbiEats delivery worker to ChillBeanz.
1632923179,9495d13af41cf3861087e5c44cb3a00410a65bd423265af06895a3b2f3a132d4,Advanced CRIT DMG Rune
1632941330,eda74c47fa0e38ab06e7bfb1f52b580d6b05659599ed1763f9f241e718290312,Restore <color=#5b91e2>60</color> Primegy per consumption
1632941331,379765e6a1a475e4929a1f208d5d82221a977250de9370aef35548ace985ce4a,Next Recovery: 25:25:08       Full Recovery: 25:25:08
1632941437,2052f419802bfc7d9b0db95e5ff7a327e5a19851ce88bf0905af8fc413ffe67d,Truly unbeatable
1632961265,83e7853b195b1047765ede0fa8bc3b78dc5aeb02154ccc132b5157b03f3d6b08,Enjoy your sweet little dreams.
1632964040,520bb9a43078321ca2dfe83087bbe91488a98562b9792a1901fb16bccc28f4e7,So this is the fragrance nurtured by the forest...
1632978924,fa0c07a2c55ccc4a1ccdf036f570dc3788ae1b4ca82e0dfc2fcd03d38fd1b111,Hey! Want to complete a painting with us?
1633012870,58c3a57b95e8b43bee8879f9e312e6ae5f2705bf51d289a97d16e6052d53d57d,"Transports itself to a target and attacks. If the target has less than <style=Hint_BgL>50%</style> HP left, for each <style=Hint_BgL>1%</style> HP lost, increases the Aniimo’s damage by <style=Hint_BgL>1%</style>. Defeating a target with this skill grants a time-limited free recast."
1633043505,3ec3bbe115338988d1196ebc524324af22a52ff12affdfb7694d3334bde57fda,Reach the rank of Egg Emperor in Operation: Egg Heist.
1633071100,abc86b5cf72c28c2896888b6160e867e5b4c7e5bfe040b8b7d73c58fc9add576,1. The Polaris Institute will provide you with real-time bonus effects during searches based on your investigation quest progress in the Research Center.
1633077192,63b2ab6e3f9979a5e21496c913a63f30f36f6f17e5a5d085f366b2a333e738ff,You must be #playerName#!
1633078980,27cdfde23e44957a4f8228308d5c4655fab17e3e8e641d116d7c9a79bd71b363,"The two traveled across this vast Continent, taking in all kinds of scenery..."
1633127188,7538f245081dd7304b13ee8f45e045e4adcd389387aa9f459142d0c70e4ca43e,"This time, nothing can go wrong!"
1633132777,6673c92882c614b2f6139b3f6baf41a62d75c3bafae99f59d521750720f781c3,New worlds arise—!
1633232622,135f10919c532f70d124ad5cfdd14d4e60e6a25bdafeef03d38dfd38c9fb3c65,"Yes! Our cave!
With treasures! With the boss! With Eko! An amazing place!"
1633253459,8a5488ad1ccb63368d12e7fa48d968dc25e65cd7b2bc55ab24841171c6b9036f,"An egg carrying an unknown life, waiting for the day it hatches. The Prismana energy left behind after hatching will crystallize into <style=Hint_BgL>Prismana Shell Shards</style>.
Pathfinders can safely send Aniimo eggs off the island using an Egg Boat or the simple transporter air-dropped by Lumintech."
1633256908,8568c25d9ef42d37283a64134f79ba2cdfe6136022c81c468a60c1d36c795b15,"Jenny’s nothing like me. It doesn’t care about the track at all... Maybe in its world, there is no track. Anything in its way—it just knocks it aside... or gets knocked flying itself."
1633277872,635d4b7c5ac28a8cc25d8ca040a9850e62affe5200c37a2329b411f91807d9fb,Dum-dum
1633284788,d4d22e28336a774a068a80a0efca30765f4457d9ad5322c3bc5bf90480b8793a,"An ancient bronze helmet, carefully preserved in the ruins of legendary architect Hatos. A painter might know its Lore."
1633335201,323020c756c1117b9b1fa49df2c9d50f16e056c40a51bbbbf159731bd2c30bcd,"I see... Thank you, I now understand my own Heart.
No matter how passionate I am about battle, I cannot treat my Allies as tools for fighting."
1633350193,1d730a45ef90ccc9aa7ba888fe05ce44e81a4e1638e20cba37c1d94f6182658c,Don’t recognize them? This is what they look like after growing and evolving.
1633364877,f5e3c4605830b7bbfdc21f9f6cf6d622ab7ec63d60de6d5ef1ac2e58354c5782,Lethal Thorn Carola
1633387797,251ff8cda089229b5e472dac562a70e3d02c1415fbd7fb4e66a8f7f14ecb0093,"Inside the mindspace, you’ll see Aniimo from Morphling’s memories. One of them was <style=Hint_BgL>created from a fragment of Morphling’s mask</style>."
1633414394,c419add796e757e98b59ee7bb7dcdfedeff89a91084e28fd94635d27b3dc42cf,"Then #playerName# and I will work hard too, and become first-rate... um, expedition team members?"
1633436297,9d5cdeeadffc092c4cb07a9ade4ee123bad7a62baf267f0e9c9833bb7584881a,"Later, I ran into Snowy. She was always by my side when I was making perfume."
1633438308,4984c3ea1d891f1e421c2c94dd14b9dd89bd578d891335e5604502e670e02ce5,Your teammate has left the Sanctum and is no longer viewable.
1633444050,f35f641cd3a655ca883c4affdb30a040d48e12acd9c6c903541297d97ac07a76,Show Attribute Details
1633453188,a430120d4ca8e2aa2750654d655f46fc164fa52df793e25248f18f7ad90dce1c,"This is the ultimate act I’ve been practicing for two whole months—Electric! Dance! Frenzy! Ah, too loud, sorry..."
1633494960,16349ab86ccd4f9226221cbed6654ffa3e049e23df6c25e112aa81d7d9d5349e,"Allow me to say this once more.
Welcome aboard, #playerName#. Polaris Institute will become even more glorious with your arrival."
1806462412,16349ab86ccd4f9226221cbed6654ffa3e049e23df6c25e112aa81d7d9d5349e,"Allow me to say this once more.
Welcome aboard, #playerName#. Polaris Institute will become even more glorious with your arrival."
1633515863,aee7296debd1d6b33ae462cf440802ca335cba319b9eea6d0b2a389cfbae3fce,Sub-bones
1633522455,a17578f10295e5138fa9606c8beadf0774380bfb23fc6fa4010c16d6c178bb54,Astra Journey Placeholder 50
1678875191,a17578f10295e5138fa9606c8beadf0774380bfb23fc6fa4010c16d6c178bb54,Astra Journey Placeholder 50
1754147576,a17578f10295e5138fa9606c8beadf0774380bfb23fc6fa4010c16d6c178bb54,Astra Journey Placeholder 50
1777143629,a17578f10295e5138fa9606c8beadf0774380bfb23fc6fa4010c16d6c178bb54,Astra Journey Placeholder 50