2009514598,1dd72901cf1502b2339be0f55de920c7ba770b3d4e96d4f3a2ff9b5802adf056,"They polish their claws until they are red-hot, adding a fiery glow to their cuts. Flames blaze as they spin and fly through the forest, honing their skills."
2009523878,3edfa82cfc10f15f9b0d77144b7e8b328afd98df63b4483e4ca4aa35f5a5d9cb,"A bonfire. A ring of stone seats... 
Outside the Russet Highlands, 
perhaps someone will speak of ancient, forgotten tales beneath the quiet night sky."
2009530481,02ef8149b875aa9fa41e43df8b2b1814a92840a2dd562b35173017590716ecbb,Fixed RV and Aniimo data consistency
2009549395,f9601e5ef1387cd22918ef40e5598331780a599a61e0e9cd46a79b2c946cc60e,Set cumulative count (must be >= 0)
2009598724,f322731c19a0f3ad94fb1ac2304a4ee209b91ee4ce0f51d83168be56fa4345c6,Johnny’s Race Car II
2009616522,086391d296751bb950ca9129b93540183afb07cdc01527044b9a74fad0ff2d3a,"Dear classmate, you too have noticed the beauty of my Aniimo, haven’t you?
See how exquisite they are! They’re lovelier than any artwork, fashion, or jewel in Astra..."
2009761213,d7535a5c102b09613664aac01dc32c0b4b85802706ab40473dfaa740859589cf,Uh... you mind lettin’ me try that on you?
2009799393,728cda94073689defcac1160f729441634e81e2314124f0ae2c819ca190f9349,You identify yourself to the First Lethal Thorn.
2009822819,a23cec0c086e2dde0dfb37e7ea9421dfd9e6f9db34f295522a1bda6c10d9ca57,Try approaching Bonesky from behind
2009848082,123679e187927a6a28b81f18e95fd9de21d67cd2cda414c9d8d5c6e436381318,Fragrant Coconut.
2009893669,9f40b6ea9adbc8ff2737fcdc47de7a92c53f8fc736f3909ea118609b12c2d794,"A pulse crystal is generated on the field, which will fire a laser at the Pathfinder."
2009917288,e682d79f043f76ee327d1e86a482e7f9d6a4e8b2bc8d6e3b9683eabf36e17ad0,"This isn’t an ordinary lotus leaf! This leaf has been with me since I was born. It protects me from the sun, helps me hide underwater... and even keeps me from getting hurt when I slide down yellow leaves!"
2009921002,75af280b32c4ee6864f8baffbbe504684c3c627a079ef98a41e532206b662960,Capability Awakening Count +8
2009928881,4b04c53255d83e2af06148562a0feb89d15db7a1356661ae056dd463d66cdb3a,Press #kRaw/GamepadSelect#z to enter text in {0}.
2009935951,37e736435c08920a52d275a36a5350b8993bbfa244027b954ee7a51f29159f65,[Trial of Fire] Environment Effect
2009949444,866fcf4712a080be7de6735c77dfa1018507e6d2de84fcad4afdbd8456ee107d,"Look, look! River running so happily!"
2010018794,c917c1e88c06d470bb39b6611ab3c3eee8185f851e819bb0a85a27bd173917f8,"These perfumes will be offered to Irelia during the ceremony, right?
Is there some kind of proper procedure we need to follow?"
2010048869,60e8018a8a8401cdb5e55101114212384e31d917b4a2b9f1a5be3932388274e3,Must be something wrong with how Tufty cuddled... Tufty will try harder this time!
2010054275,787a9673d0aea2cc7b500b2c513d4445731d77f4dde0f2c958a9ee5f3094075f,Report content cannot be empty.
2010062786,b7db3bada24de9d841bd59aefb1a2584c8a777e3dc61e562b385d0b67604dba3,You haven’t earned the <style=Hint_BgD>Grade I Trailblazer</style> title. Institute regulations require all test subjects to meet the minimum requirements.
2010064911,da6b22ba02d49c7650d597c4f412b4d9c84f52330fcc0e07a086fcfdeeb395f1,That’s all you wanted to know?
2010072974,5fcc57a4e28c6d72177c4764e38a3c09e6c9ab03ac6318698ef34f1853896bd1,"Dealing damage while tunneling builds Momentum. At 5 stacks, emerging from the ground increases BREAK efficiency by <customRichText(calcData,buff, 9116114,param0,1,%d)>% for <customRichText(buffConfigData,9116114,duration)>s and grants a shield equal to <customRichText(calcData,buff, 9116113,param0,1,%d)>% of max HP."
2010098132,5c1bf2b1502b8b4e65cd6a0c9b3fa55b71c6cddffe583a150aa176f0c618cf65,...You still remember your wish to see a Prismana Flow.
2010157302,20b2e050a5137ebdbdb1e66eef6769bcd5a3beaae3b50f4304daab9b862b983a,"My scan picked up an energy signal inside a cave, so I’m going in to investigate.
The problem is, an Eko won’t let me pass."
2010232204,b489e88b01451d26508889ddc82c343d7f2214d8e365371d3882332762ca18c4,A tray placed in the Home.
2010305812,3623a17adc8da58aa7897cef476ef26f32daae400b426ee37a4bb7be0decafaf,Ee—ee!
2010335343,aab0614f2851c83102bf64c7a257c099499bea1ab28c6853494e4b3a53177e5b,"They never go anywhere without their stone balls. The constant rolling makes the balls rounder, but there's something else about it..."
2010345535,7fa0a6ffff28e45a0249d5a88f9c6f9d8b3dc1cf960fc719918fc241646f782b,Test Reliable Command
2010382194,1b1e1b707bbbcb651cb689872472700c5514b1b929e20bf70b60e6173bc94288,"Mutated rare sorghum, sparkling with dazzling spots of light."
2010395189,8074950f6b63735af8929bb21783b194fd305df40552ef8ed3e1f7654bbacf97,It’s asleep... but it can still sense the world around it.
2010423913,155daeb2f608c109d94eacceac03e5a0451cdf533a77f0e238cef9ee9b44130d,"Baa! When it rains, everyone panics and runs around all over the place, so of course some Nimbis get lost. Between you and me, some Nimbis even turn black on rainy days!"
2010478975,1c24f6c5c3d93e02beb66cf04d8f1ae0eadf6896fbb272f65ab459f44fc63267,"Three, two, one, jump!"
2010505548,02cd98d57fdaec8778759338b97c0a91cfa8024f92cae2c1ef962669d57a64d8,"Cannot move or cast skills for <style=Hint_BgL><customRichText(buffConfigData,2126302,duration)></style>s. Taking damage removes the control effect."
2010519447,f2fd53dce9e4e05a47621974a6e1d80f4982a54eac99f58dd8364f43d85eb74c,"Blazen’s high-speed movement leaves behind an [Afterimage], which explode and deal damage. Stay away!"
2010624639,79b50ed9ccb43b841de787294bd362a1b662a5334441409cccf3857049325323,[Alpha] Blooming Mark
2010645730,78cd4df80c9d60a67d17a78d987699504f40cb7074fac00399e0fa392ec3a8c7,Shh—
2010648690,a1ef98b81c48f8d89f095eef1387c701c1890b83d8788029450f2848a97b8f88,You’ve earned a D grade. Better luck next time!
2010662458,d8d4ae116f4cc1a022d16cd3251460027323cb6fec9461732c5ecb0a55f69c61,[New] Thorin
2010779971,e09e455f1aad3a2c3736630e0c8bcca8b1dae6c0d0c32bb2c500f44251500482,Use Command Mode to make a Bouldus smash the rocks
2010785884,ad816b893574d76cc388322e3b06a8d2ba1538c00b43531b38b74861c10e0323,View Held Item
2111728167,ad816b893574d76cc388322e3b06a8d2ba1538c00b43531b38b74861c10e0323,View Held Item
2010795413,cd463b9ef129458fa12bde94db8386e3ddc3fb6f6eca65173dc7ce7ce525462a,Challenge!
2010798244,e49b9742498868dc992a89730efffc03a98a0f27e10ce0680c94b67b6a87c1b6,"Running and sprint speed increases by <style=Hint_BgL><customRichText(calcData,buff,6001007,param0,1,%d)>%</style>, and stamina consumption is reduced by <style=Hint_BgL><customRichText(calcData,buff,6001007,param2,1,%d)>%</style> for <style=Hint_BgL><customRichText(buffConfigData,6001007,duration)></style>s."
2010834499,bb00f0032409a1df6ef2b454c9328ce416242d394920d8693055d2350e82fd15,Move close to the wall and jump forward with #kPlayer/Jump#z to start climbing.
2010860655,f85d4cb7f5b57d83fb8770b6275ea2dffcfae67f11be1960ce00a92f8bba385e,Pickle
2010861085,d74e96e40e180f4f8b8ea02e3b81c2b9bdbd9f61532dc127d9707c65b16089f8,Unlit bonfires can be <style=Hint_BgL>lit</style> by fire and will <style=Hint_BgL>keep burning</style>.
2011044161,991fb7d9b96be116866cf7a0c67f75c91401931b4abb6d3f39a7a7b64999a3f1,"Bloomville’s perfumers are always busy with something.
Perfumer Ranka, though, is lying by the lake, perfectly at ease."
2011077126,7c148fa2df7debe67d2a265535fdcb4d43a46edf4acd7741e7046455dba25418,"Because that ball... it’s too ""perfect."""
2011082382,0520af3d775471974cae775c4edfbeaee0764b63410f5997a5fbf364d0930b7b,"Heh, heh-heh-heh!"
2011112802,2bb9d0f2fd8f105739f71893dc5f99eb867fbec21507c4abfb7f489855b8340b,I don't quite understand...
2011124795,84822e89806d6f94b1231339ee3793dda5a80c65fe06b230b79dcf4162b0fa58,Why is there still special training...
2011126454,50c925ae04725bc2ee871c5795fb3000988f66291236c7f6c05248f9e4ecce9a,Use to unlock <style=Hint_BgL>Harvest Moon - Stew Pot</style>.
2011127887,83098d22cc0385c95e77e74f7e1e6376e861d76ab6d90253e5f3b88aa4b73789,Mid-air
2011176564,0ac61da6be4715fe0e441bd5f760513ee141060c64626258e316235a3e195d2b,"1. Every day from 18:00 to 2:00 (UTC+8) the next day, the cafe in Astra hosts the Star-Crossed Tea Party.
After a long day on your journey, why not stop by and relax?
Chat with passing travelers, share stories from today’s adventure, and you might even meet a new ally along the way.
2. Stay and interact during the tea party to earn Voxel Coins and Season Stamps.
Daily Limits:
Voxel Coin ×150
Season Stamp ×40"
2011186836,b2e56fe6138062c3f8f4506506a5e5ee032d89d6e5d8b8029391112752b023a1,Try a different song to switch the background music.
2011266455,4aa740ffa6d5a4a6e66744152af3d7f84c9beeea6dca07d1ad76db4135307b26,Let those blazing fists fly! Crush every foe with explosive force!
386168132,02989cf9ea4bad67f661909594e278ba20c6b765e77fbf4b7e7354bf3fed2920,Defeat 18 different Alpha or Omega Aniimo.
2011276079,02989cf9ea4bad67f661909594e278ba20c6b765e77fbf4b7e7354bf3fed2920,Defeat 18 different Alpha or Omega Aniimo.
2011297512,015bc737d39a3557d96d97df93f9b34adbf4a872a40fde5b34f5609a829f1591,"Once you dispatch them, they’ll go out and play on their own. You can just sit back and look forward to what kind of gifts they’ll bring back~"
2011344065,b635127e1d00ac60bde306c55961db20539cdac8b3d9779cf41d153080aad565,"The chest is guarded by four elemental obelisks: <color=#d89c28>fire, water, ice, and lightning</color>. Maybe come back another day when you have <color=#d89c28>Aniimo of all four elements</color>."
2011361712,a29da8c6d7cf32236cc995d2b1a520e0167f9d55468fcd2155d0d1f0b759f70a,"Robots will split into 2 smaller robots upon defeat, splitting up to 4 times. Please be careful to control the number of targets!"
2011398223,c06798243259ed9b63f17d0c30296a0dbcc918b30e82f237c01b1364f98c3e2c,Rough Lumber
2011415147,993f024b650eaf0f1c64118f6033c44b7c98d220539bcb51454ca578f6f2b477,Saturation
2141350552,993f024b650eaf0f1c64118f6033c44b7c98d220539bcb51454ca578f6f2b477,Saturation
2011442775,43fc8811b81d123da2408c5db0398ea191c6ef843a127602828fb7d518569cf4,Glacy Alpha
2011456047,8c10d5b23fd0ee214d5f6b4e51ce6c5ea5c463248b2a8d6a85bd74c17766e2d2,"Oh, right! The elder mentioned inviting our friends from Astra to the festival!
Would you two like to come along?"
2011558246,63e7f73c24134c2dae35e1a0f94c99c685e32f246887b9ad8e89648cb20cb3bd,Casual Pose
2011603520,34b29a634698e83719196ddce57f9d1f84575597b8add072b9e0685d4921412b,"And now, the twin moons we seek, bright enough to illuminate the sky, have appeared...
Yes. You and our Saintess."
2011605966,a9200c8d4d2ddfd704246551c9900ec651cb61cf2e6cd873dd80a294d569933f,Training Coin
2011607741,2c74256477933e0b058433d60fdabdcd990885e1c4795926f516c92b3673d93d,Pumpkin Rice Cake
2011729287,e417b8fc5ae21a7453155fd4f281def58dff732d6498c9ae0a409798ce56eb84,It’s the only place I ever feel... perfect.
2011771143,5e8b1e25273012caa0e6678dd3bdc326947ba109fd7fef99bd776741bbc5929c,Furniture Blueprint: Cool Summer - Trash Can
2011842619,def7c479cca2a121537ddc392510cc23cd23fe0daaec38e45f8b6b959ca4b2d5,"Follow the light,
and the way will reveal itself through the mist."
297264334,e51ea8f8c57da7fa72dfdd09b5b562141bdc76a7aacfb93c3901680c6fbe6ce0,Place 4 farmland plots in your Home.
2011905818,e51ea8f8c57da7fa72dfdd09b5b562141bdc76a7aacfb93c3901680c6fbe6ce0,Place 4 farmland plots in your Home.
2011908542,2817298d2e4c96bf116dc81cea7413fb4496cfbee35fcf91ea322b24a767bf88,"Dear Pathfinder, your friend <style=Hint_BgL>%s</style> sent you <style=Hint_BgL>%s</style>. Claim it and add it to your Mutated Crop Index!"
2011953509,acf0096a4b924020d8824d1a3e753b48a20d28871945b7ca01ad567752a066a8,That’s some strange flame. Go chat with the Wisptises and see what they say!
2011971266,e81d019b21415ec7416c915aa45e6508409d29d9d1be502b95ba4044ab2c8750,You arrive at the entrance to the ancient Sanctum. It seems to conceal a unique trial. To confirm the Sanctum’s power and to continue advancing the restoration of the Vein—you decide to enter and face its challenge.
2012039704,c14c15219965aeb0c51a6e45aaeff9fde6e5859fbd57e53bf09ff35296e1ddb2,Golden Skateboard
2012047697,4e21aa920bc996935f98f01106c7cb0f37f59372c2e454459ed0299b3f1e2f97,Rich Vein energy has nurtured a wondrous Aniimo egg.
2012056906,71896fd6cf90df4246e19fdef9348673a0383fc5a4a8bdde491007a6926cb5d1,"With a hard texture and a yellow brown color, it emits the scent of orange peels."
2012057945,ff6daeb984cd15e91da023882cf22f0f601cd70e8a5f46f3ce902f645ca42e03,"""I can smell flowers on you... Will you... will you help me?"""
2012061122,3a712d1bfe9cbe4b2286a2f6652ae1e518ec3c1bc62f0b2a16efc8546d19af54,Face Tattoo 17
2012070047,6ba368d10cf3ea7b1c7f795e7bef48998a1e1c60641df32571cd55ec0c24f918,Coral Mark
2012080219,02af1e67e678c9d19ef13d37a2a3f488f6fc4b83a57983fa86be719060daf143,Clear all GM-added Roguelite monster modifiers within the area
2012099144,6cdf185c0cb6cf916f6af0a133c69dd7d51fb252673199c0fb2cefe419c65ef3,Celestis Wall Art
2023382073,6cdf185c0cb6cf916f6af0a133c69dd7d51fb252673199c0fb2cefe419c65ef3,Celestis Wall Art
2012112495,38dafb416a1c698c12c51f15bff5dc10244395f42d2d6b2aeea8b69e73e8a022,"There’s actually such a method... quite meticulous, Pathfinder."
2012112590,08e4bb748a4ee3966f6ec5bf17d83197bf29d13a3290e9bd6857fe97de3b52ae,Tell her what happened in the Russet Highlands...
2012133067,3beb23285e6cdc88986cd7d78e29fdbd579d84fed23f5bcc860b5f3164a3a4fe,Swap Target
2012137140,2608d1b094c7af859de797359c589d3323bfe2eaf91ac90783d5c3523ab88a8e,Be careful. I’ll assist you with troubleshooting from out here.
2012147347,d064f7748da1914ca43d54119b32a3e9fd3f30495473ed4ad14d95f30824f31b,Release to confirm release
2012228249,4d60a523ed9fd09e8b9dd71b25b105569d0ba2c07f0515a863dacd7b2179af74,Press #kCatch/Throw#z to toss an Aniipod.
2012246323,b37b56349ed5e13e6fd64eb1507cff24a0d9d2cd19fe9d95eb893e52884c6146,Prioritize REGEN and BREAK
2012253237,ab57a0c3d535730161cef1438e25cada43f24f5d9ee57705180574a3fe13ddce,View Character Level
2079422779,ab57a0c3d535730161cef1438e25cada43f24f5d9ee57705180574a3fe13ddce,View Character Level
2012277120,fdddd098c2d9c6585368704f2b74624173cce6a40ab8d7b824cd188d06d8eb50,Helmut on the left
2136433247,fdddd098c2d9c6585368704f2b74624173cce6a40ab8d7b824cd188d06d8eb50,Helmut on the left
2012295771,9ae28c931f703493789cacab88607e4ce7677d22a69ec8928c2a9d39c67e8e7c,"Nice shot—wait, I mean, nice tail strike!"
2012323376,de9d2836614c585866438081c587c4c7a653ab6d511b79d67eaa65e720f999c3,Come play with us!
2012323574,604ac49b253305eafb4271d4249524b9c66d09ae43262bc546974ed221edb4c2,"(Loud) I’ve got a suuuuper
sweet, suuuuper
big starine pillow!"
2012323643,26637e65fd354113aa5d4e40500e50d0a649360bf062dd8552ac4973de516658,"1. During the event, log in to the game each day to complete that day’s check-in and earn rewards based on your cumulative check-in days.
2. The daily check-in count resets at 04:00. Check in for a total of 30 days to claim all rewards."
2012344721,e946148c5a8919a22cab4c0fdfa0c498d8ccdbf5ecbab8cfd265898d26313b68,"Hey big buddy, go easy with those punches, or our little friends will go flying!"
2012367949,f3f6fcb6afe55940254ceaffe0c34c8c85094394f97e5a9d36302c49d7fee679,Each additional stack of Fire Debuff on the Alpha drops an Energy Orb that can be touched. Touching the orb restores 10 Energy.
2012369206,f81c1910f940813c83a734f7a999cd9142eefaf9363e9c53e57daaf5228c710b,Star Drops
2012405060,da84722987a0b006ed8936315368ef60ecba866626c5cb8f3f6b6835cfe0077c,Inappropriate nickname
2012426242,7cbb80d7fa527278814e149a357b113de2ed15a001bbb23f747a8ca30cd755c1,This activity is not open yet. Available from Thursday 4:00 AM.
2012434409,8d208660c44aae11c4b25c9a25a078c48344626f0a1acb7c12ec94d7acc08bba,But one thing’s for sure—Irelia isn’t just any ordinary Irisalis anymore.
2012446425,10ad723b555380809f309f535e297045e7b46d464162491547e3685a0a2bd068,Superstar
2012457510,e253f95cf0d8f036362bade3205f75abaacbc57d47dd700d468257dab738a2f3,"Even before it understood what waiting was,
Veilfloat had already grown used to waiting.
Will you write a new adventure story together with it?"
2012545358,72722a969789e5d435f4ffebe7ecba0720b74d4e9890b5debe867d9fe82fc44d,"Thanks to everyone's help, I was able to hold this guy down and force the memories into it. That's right, we've reestablished the Twine."
2012569038,fd01682d5d5bc2cdd56b1937cbec4628b96e1576a4188e939447fde6af11d0ed,"Alright, that was just a joke—lighten up.
Keep at it. You’ve still got a long road ahead if you want to become a top Pathfinder."
2012570931,bbcb237071523c85ea211eccacd84d2eaaadff3d548c03ce19112310a5f74eeb,Drive them away!
2012572834,6d9fb686384f13195ff7f77e482b83e976e6c13cde5d47f61fe510ce9c5a8b90,Cowardly behavior!
2012584613,5bfd09c5fe76a63afe65bd3a4b1467dc69d40a1abb231324154747490870af5b,"Continue exploring this land, many secrets are still hidden here."
2012596777,de9ca792ed33d622191b21ece91fc5f97740ce33e0189c2837051615ef7ea681,Moo-uh?
2053187936,de9ca792ed33d622191b21ece91fc5f97740ce33e0189c2837051615ef7ea681,Moo-uh?
2012667015,7392a08142ad356c39093d8876c523f6064999848c8f719adfd56102dcc1f944,Lumin amber protector
2012674175,bc4d678f3db82b619252b962ebde7975b373a0e413a6a1bbbf1de70ee8097189,"I thought my longing was strong enough... but a year’s gone by, and there’s nothing—just those massive whale remains."
2012682033,8f28fdf649c0487580b55b11b8370f9f76cc83cc97ec5b53e87cb2abf6865981,Thank her?
2012720957,b37bf93d6553d3cccd06b694cde4db011cf2a8f87ab78babd7acb2186bab8342,Increases stamina recovery rate by 5%.
2012751396,a8788a12590070170994d33e86eaa553b652ddd2e1ad0776467e0cb357e4892c,Cultivation Cube
2012786242,f219b46efae2552c22a05860609758e576bf10c5435cd2776988c27f3a45bbad,Aimo’s inside the device in my glove now. We want to explore the world together.
2012786877,d20268c911bb808b6d9314dddc4a12cf3df91ff5068924d81c9052e57b0ca401,SSS
2012890438,2922b9baaddd4aa94c9c21d15b710e385220124b784bf189d2a020ab55fdf7b5,Many Aniimo only show up at night. You can surely switch to nighttime to find them but there are other ways...
2012919943,66d610dad3f96a655d96e38f55e5933ca444a3597b067371b2e649a59f07b63d,"They dig around to search for gifts to give to their crushes, but their wooing always fails because they are so shy."
2012972906,54b16581f37379ca456a03b870d41aba64bdb41a5d43fdfef2929d328b318d95,How come you can’t smell?
2012980980,a3e5fde5bda2bc7a359c7403c14e9dccecb0f1d48ff42cf242989ca5d05abb7c,"Yes, once Aniimo choose a path, they usually don’t stray, while humans look back and agonize."
2013015793,7859e6f017a668c5f3222c415726fdd4e37f9619a17133308ff94ddda59589f3,A display board for your Home.
2013081828,84acae9560eeb89aa7ab69f3cee026c83ea9e2f13c077eacdefac873fab5697c,Use to unlock the <style=Hint_BgL>Cool Summer - Coconut Cooler</style>.
2013140582,46c2e76cc4fd15e87fa94c0fc5719dd3a2fa7063075e7e92d5311e256482b34a,So that’s how the Infergon came to be.
2013186818,304e4532cb4c1b46f0c6b362fb74d53383483d4e31d60734f8348220ad79c5bd,"You’re about to get a windfall. Will you take the safe income, or roll the dice?"
2013202458,eb13cb9dae32fadde39060f091ab68a51361de4b92985ccc5e1754bfc4faf036,Eating... absorbing...
2013213703,aca9f36d57c04921994906c408e8814df53c466383f57751ed2222ac912e09ac,Pet the egg to hatch the Aniimo!
2013216908,6fea03bc20e2dbfcba7428aff7fce94b6405770becb9465a8f8dd646ae285d5e,Look—there it is!
2013314247,addb05311d16bb925a2c6870a5f133ac6973103c0d6c88387fa21889c49eedc2,Where did this rain come from?!
2013321541,0925ced17ee7f018d47de1a059519d85cab6f80ecbb5fa8c6328c3f59c420301,The room owner is too far away. This item cannot be opened.
2114481292,0925ced17ee7f018d47de1a059519d85cab6f80ecbb5fa8c6328c3f59c420301,The room owner is too far away. This item cannot be opened.
2013529868,60dad4c5328d6e23d2a8d4a17c2e5c1bbf81fb381e284c54e7ec30291ad399f9,Can self-revive while downed if a teammate is alive. Once per match.
2013614944,4ec732708b515267e07792b29eee18440ee594f250fbd6c2075795476ed3c9e3,"List of actor IDs not to delete (1,2,3)"
2013627907,a1c1837ff745a084b37542fcfa3dbb553457c164119db4b8607ae922bfa55ba8,Conductive
2013628827,6a412d7671d8ef81ed9477452916c0160c5607c487936b0c8402400e4b932e22,Ah... that’ll do for now. Let us end this here.
2013633417,f04b5464c53d5947848212eea60c6f512c04c142bb5271a91a4fd64315fc85b8,"Are you the legendary outsider? No wonder... You’ve twined with one of our kind, haven’t you?"
2013653797,6517343f21be12373f0dca5cba1a170a18b49f7d52d97c415ccb50741d1d9a65,Increases the Crit Damage of skills by <style=Hint_BgL>{param0}%</style>.
2013660695,aca9789fd8d1cc85fb153a2f14c83d85996a35e71ba6ad4ce491c8e8b6cf6f5f,"Woven from breathable sisal fiber, this distinctive basket resists moisture and mildew, making it ideal for everyday Home storage."
2132480700,aca9789fd8d1cc85fb153a2f14c83d85996a35e71ba6ad4ce491c8e8b6cf6f5f,"Woven from breathable sisal fiber, this distinctive basket resists moisture and mildew, making it ideal for everyday Home storage."
2013676250,0e781e4375aef2a81344595e1c7d290fd520b692e4b79277a47df9609513b0d8,Use the Bloom Cluster of the fruit trees to reach the high platform!
2013703785,60fefc6844bb2b9667ed78b06f849ead1d66b4ecb123143e0e2dd5a4dde344a9,"...No. I’ll wait here for you.
I’ll stay here and pray for you and Lady Irelia."
2013728957,569e967b08e431c1539065f20ba02813da1d5ba3f64a7449f47aa87b224ef787,Cocoa Spread
2013742232,82fe8dba9893882b644f52e5465707d60937667e2539fbe95a378af269beeed5,Select the activated [<style=Hint_BgL>Bloom</style>] and then press #kRaw/GamepadButtonSouth#z to track it.
2013768878,04d8f2e3d6ac83141296442c99fe31a8ae21cbe4ce4907eec2735684de985c6f,W-Wait! A flying training assessment...?
2013780885,8aeba78b24a49b3d0737363ee3ace255cabb6053372a3df9e1ddabf4ab032ac6,"I almost forgot... But the perfumers are busy now...
Sunia, are you ready? Do you have a moment?"
2013848454,a52ac6e7e6623bb472892d5254199a04e7d7538ec9cb33f03730ea58e59cd17f,"Here, take these—the <color=#6f93ff>standard bonus for being part of the Dr. Glass Test Program</color>!"
2013900326,68eb0fda4d9f46b29ca6c3cde3731c86bfe95fc4061ccf8d1acffdbfc74f9fcf,Somniwing Scales?...
2013938159,c91db089806f28e17173ce0ff4cf2612a3036f17ac42394f65c815a69d6ed740,"Dad’s gift, of course!"
2013961655,b5045522490f40087338f42e22de1d7d5cbd884f454a06a2fe2261a0e5cedf7d,Days left to claim: <style=Hint_BgD>%d days</style>
2013979192,1867042cd115a0b3aad51446cc55b560c2e9838e51cc816b075dffa1397d430c,"Starflash Event, Spud Buddies Assemble"
2014021430,e6d452cdc61aa2a7427f411a00a32f9f8321262c476cc3ef42e7085b6d0c2933,"The end date recorded on Mayan stelae once stirred thoughts of doomsday. Real events came eerily close to prophecy, and the truth behind them remains unsolved."
2014044279,bbc1424e698f958afd88944e6818514dc43e42b001024d23525ad8c51c5e47b5,"Continuously burns surrounding targets Over Time, dealing <customRichText(calcData,buff,5002101,param0,1)> Might Fire Damage per second"
2014057016,dc2665cc2abefb07dc2f7344a9785f30fa16f438f1b38384d7fb44b12df1525c,Premium Round Rune Pack
2014151317,eac4b06480fe7163e17ab8c7fefccc0a9c4a84e9ab2a80e3aa200ec6029b8c69,Ant knows! Saucite is back!
2014151358,262c399d677f0665f9b60047005a8d905031ca0dc49c66272c2d36236a7480cb,Describe the mysterious space you saw.
2014155470,8f142b9bec5d6377a1efb78dfc2aadb3e3ebd0116239f9ae5fc5830c9c5db66e,4×
2014181767,b7d163a80c0fbc7148115bfa7f292371c4f0caf0bd3a5b1ffa7f56ebe516a436,It was designed to help student Pathfinders get used to life in Idyll before they actually go there.
2014241958,d6504af336dba52cd7db49bb9e1bc23d460080a2776fe8c8601ca03b15bdc7a2,(This nursery has been abandoned. Perhaps the nursery【<color=#d89c28>in the past</color>】can still be used for planting...)
2014251935,061d12a552aecc637e09fbc233b44734704c62cfeb210f321f0b3db7dd9ca447,Lock Storage
2014286954,46876dafaa392e4ca32db86df0058e89ad3142004c44ee2c1d64604171c4eb61,Select [<style=Hint_BgL>Hammer Strike</style>].
2014328013,1283fcce6d4028c67cd7a7dfa396b325d1b8f3c799593ba2592859935e4f881a,"Yes. Though every person in Bloomville carries a distinct scent, most differ only in subtle ways. Mine alone... is entirely unlike the others."
2014377300,c5ddd01bc733db3ae5133207c6d6be04e560c79b71187c35c02925b2461eb8aa,Sandy mineral grains of uneven size. A basic but essential material.
2014378667,63b54ae38f5ec414dc66c5b555a118399cd200edc8fbbed609e1beed85d94704,Batch Add
2014402889,0810d21660db3e3ae5bb951f9e8d34329ef150a80b8e58cde6f25ef557a7fdf3,Why hasn’t it evolved?
2014440013,cb68a351e6a93ee95ffa265c4c629d8e8414859c0353ed3a44147f78da182598,"When UP’s <style=Hint_BgL>three-bar gauge is #cE19C17full</style>, you can control Aniimo to unleash a Chain Ultimate."
2014441977,d15354c870f07983d2901a5454d1f9120c9eafd3f2463a3eff6bf90ba4153c3f,Blink to a point 10 meters ahead of you. Cannot pass through walls. Cooldown: 120s.
2014463716,dd843a898e95bc9eeebf0ef7da90ec4e2bcd867ce570aa9e2562c14a07f4a6ff,Semi-finished Bulbly Dewdrop Crystal
2014490056,9dda0acaddf7602cafaa7eddd857ea77c8c005714f6ba61e24ee1657ccc531bd,Quantity Owned
2014494558,7c63547053971dfff6d3a93b27b6b62aaa3135963a4450ad3ab242a905eeba2c,Dig into fertile soil
2014505370,d7511341f3abb010116f0c63c1cabf2b33ba578e798113951ff9e952dc13788c,"Catch the little hidden sheep, and victory is ours!"
2014515296,69c151723e5419ee95b20dc8126edaa97ab7de50108be6930f67104a90951eb9,Boss Battle Mechanic (Placeholder) Tip
2014520443,75da959e06ebe90284fc91d51e507e8aa0940ddffc8d4d2a828db6f3fb65d6b6,Potential Awakened · Pulse of the Berylline Vale
2014599662,f9621066f6587c6c1fd0cbdd326ebfa05e9124bbdb074f6ad7d4604bcc983984,"I've heard of your deeds. We're quite busy here, and it's wonderful that you're willing to join the expedition team."
2014651664,d166998c044244b6fac913c1436869e2b3e628a97273e6fed53283ab58c52ac7,You’re missing your darling!
2014659343,1e57c832645257fa8fa84ddcdf11a549824281ab439164884fffad8a5be38d6d,"A music-loving Aniimo that once became lost in the dark tide of temporal anomalies.
Defeat Pathfinders in Breezy Plains to collect <style=Hint_BgL>Besauce shards</style> and exchange them for it."
2014670111,de8761fa891643c6300158fb783f0c46d9073618c2bf1db5dfd4718dc159be84,The Aniimo egg has disappeared.
2014679429,41bf5aa6f14679f3daa58236d2012242f28932e099aecd3599af057ee7b94ac4,"Increases chance to be critically hit by <customRichText(calcData,buff, 2144301,param0,1,%d)>%."
2014686244,2be542a4226bfb276d640bcec8385f7bbcbb8ea65cabfbd5520b1bb7eafdaebb,Spend 1 {0} to change the trait to {1}?
2014713463,934005908ed49d2afa836acc73b6c2bbb3b2e4e9352670f02070b3f5755bca3f,Dr. Glass’s Trial: Budsquire
2014719913,3035b31143c29131fb069dece7682d9862f58937fbc648565bdfe58a573f7653,Remove Buff
2014722435,5cdd68871b97934a15a4dc48c97b7acc3cb652e38665ba71e47be33988c02b98,Gift of Blessing
2014743385,fb9079523be4e005e0116fb9b0bb14fb002de25c7c4a76d68771dec4b6c22563,"Go away! I know you’re making fun of me. If you don’t stop, I’ll get mad!"
2014752454,b372644b8fece04492bd933f777af3a946fa36c80ec8853d7e173c4b26210a8f,Hatchery
2014856966,d34b4a9ff7d59e96d20d4fa5c1aac4ef8aba5f15c553d4e279eb9571ee6d2412,Transcendent
2028650610,d34b4a9ff7d59e96d20d4fa5c1aac4ef8aba5f15c553d4e279eb9571ee6d2412,Transcendent
2014893911,10444dc7338933fca14a2ac3dfc841e6fec0014edd0e58f907f8d112298149b0,"But #playerGender# at least went through the underground temple guardian Aniimo with me,
so the Holo-Battle Sim definitely won't be harder than that."
2014920573,08fa2326174ca645b7200f4cec384f2b14ddc76ca3c139d2682f461afe36472e,You made it too? Did a huge current send you flying up here as well? That was a blast!
2014930664,c1a7897bd4261ce4dfc0ea0b9f51378ee1331c3fbd02f61bca1752d67178ebc7,Encounter a Prismana Form Blazen.
2014938265,2822158b4db7784db0972f8871a6dcbd776a3c60feace44851c4f873b8f529ea,On behalf of the Institute?
2056199222,2822158b4db7784db0972f8871a6dcbd776a3c60feace44851c4f873b8f529ea,On behalf of the Institute?
2014979295,c611f57e94eca6b25cc8543d44533993e9a8145d696f70b7814c77bec55b6855,"After completing all assessment quests, you will be given some actual benefits that will make your future adventures easier."
2015051398,0249a39ca4e620dcdcd0bef8c3b6e1b8eb98e32de0b2dd3c718460a14175f2c7,Are there any special rewards?
2015052373,1353b3e5e8faeda91d0d52b26d2c5c8bbe6de7f7590ec8cf07fd2df9a94739ef,They usually send their henchmen to do their fighting.
2015090409,592898ac66a10a586556b27020701dd4d76eedb3289e9eb0f626fcb88d6684d0,"Extremely rare pumpkin with dual mutations, enveloped in a rainbow-like glow while sparkling with dazzling spots of light."
2015095466,02a0a41a945aeb3d3a7482f136039371d975f09c4c59d7304c37281241e4e621,Home materials
2015125921,37e8b222f02b1e8603233cab3a10ba9d244256ac408e2905094ed89c3adceda7,"The <style=Hint_BgD>Core</style> that took Helion... that must have been the big cube.
I never imagined someone would try to replicate its power..."
2015139605,a9a116c0909605f8fe4ca0cbba0a9496a98cdbc20bd7824478a93fa83c4019f0,Seaside Chatter
2015145034,1ec6ca505fb70f81d4bf67013cf69902340e21af9e252925062b655e44d29c1b,Marvelous!
2015147347,2fc181327c3e4bd20ba509035aa9d6c048b8f488fe10e4c8b65ad1543ed730af,"The world’s first ""Floating Restaurant"" has appeared at the heart of the city. All guests need to do is ride a rainbow cloud and drift their way over!"
2015160130,b3af3bf1cc9b22b13b62ea2bcceeb47dbd9010c1f989ba0747007e35a38b10b7,Training in progress. Finish training before doing anything else.
2015184549,eedb838ec5ca1ee157eb6d9582c87c7a8a814c45818a54b03a4e80178fea2442,(That sounds like Sayn...)
2015191739,cea2c24cfffbaaca35258df2429e28eb2e4666938d0e634c10d2cbe8b8be8226,Looks like everything went well. Did you find anything?
2015200301,c70d22a22c42c5485fcc4884f7cbe0f6463f6409f155eb3023ae70c15f0f6c3a,Cranberry Seed
2015232734,7f6e412ff5ce15069d870717d43038c55f8d72579475c136010cbf3bae50b82a,Debt? What debt do you owe?
2015293321,bb6fc0f183880b208cccb18148e1ec03831eb7e9610e84b67179bc8627225583,Sending from a friend grants 30 bonus Affinity.
2015305656,5d4a224c454ad2e187194d40c54812b6a27fdb3a2e837191b947e11540561802,Grape Juice
2015382479,9dcc4fd551e4087601363349d9130d8de97f956eb978f2d9adf7d7f063da4954,"Badges record achievements earned on your adventure.
They are <style=Hint_BgL>important keepsakes worth treasuring</style>."
2015431098,3fb6ad31491bb9758b2bc3c7c36f1a290f92a562c7a8f433ec59fb5d359f8c8b,"Gentle ripples, warm sunshine, and a cool drink in hand—lounging from poolside to sunbed all summer long."
2015432391,1635128d4e1ad9dc269871072c3aa3a0b48f6f0f11c1446b0cba6c18699b7b82,Phantom Dance
2015514050,f309f6a73a9682bea478454de1667ce11d42b50cc9977c37e4e973994d385c6f,Auto Approach Target When Using Skills
2015547749,a940308675a9e545046d11e459c1a3f8666ba6d91334e92215c4cae0e8d828f5,Can be exchanged for curious goods at Pawprint Shop.
2015571916,2f5104ddf69b94912b1b9e76799c8857cc0388506d18d5b2cc9e7c68ed997ed5,[Rocky]
2015572840,0610f7da5b72e52bffc4a4a61d647a7480adb2b99ed2b14793a1853215b5a641,You’re welcome! Now let’s eat!
2015583261,93715114b219d1c07aaf2689b8da09b901b636170b247960bb6deba16a7c97d9,Challenge Tournament Support Outfit (Male)
2015682926,8b6a46813dc0bb8efbee54088412cc42df411baeabe89feacd5b513dc1f6149c,He was just here a second ago...
2015690374,06a6e82e162252e84498ef87aadf42e829e560d519477ac1c80d17a2ca723741,"To offer tribute to Irelia,
who has long protected this land."
2015743811,52a711dd01ff3bba386f772191967144e6692adc357606cb733a9a06ad03bedc,How about sneaking...
2015765218,356f759f445b75edbd8059ca6848ec15749b8b9efb392b1db4c38557536a1a4c,"Right? Idyll’s full of little wonders people barely notice.
Even in places nobody looks, there are all kinds of fun things happening."
2015769943,3b9d8e9e2df572fb65d3d6a7bdbf7770da0887056263bbab380461a20ec5108b,...You truly are my silly little apprentice.
2015773394,b8bef5bb21ef353d04279f73b072a14a78cb4ef1221ec60eabcab8afb9418fc0,Please enter full coordinates
2015804572,8fb59e9773aa6e1f978d0cd62be105e9c705f80086d1bb97ab910db60566df14,I didn’t know Cozites could miss home this much.
2015844463,a35fe8ecfce28767b980565bd24beb8426b9f9d743fa24afaf6a32f9dc29845a,The Giga-Egg is being teleported.
2015849349,e797bb50639a9794199439768b3a489e397baf80b92955d62656ed168ac1a52d,"Come on! The Sherro said the place up ahead is important, and we need to inspect it extra closely!"
2015861889,4fb6ff8a63175b20a87a6a3ef6154de320f8a92647d33a49b442f5e9c946a824,"There is a stunned Budclaw ahead, take a good look at it."
2015904745,7db94d3abe635b456a0a0ea50261580ffb224bcf5ada5c699b80049761657e8d,Days remaining to claim: %d
2015920457,2dff8f03f8a04be4f9cc18681115d8acc71b6664b17a0b0bc59062b2d9f6dac0,Unlock Grappling Gun.
2015982942,8507d2d0e94d84ed8a9c5b8422855cdc78b2166895d6ac2292f9a0aac4d429d0,"At night, the Dewy returns to its nest, having fermented the nectar in its body throughout the day into aromathysts. So—what do you think those aromathysts smell like at that moment?"
2015984022,40001b55ef4fc1cf8b88e90ac22dfd239749e96a14737fc96b6a8d748b3840a8,The private RV Park has been disbanded. 60% of the creation fee has been refunded to you.
2016020799,b7a6e11f5ea9d8dfccbb32d609b833a67d64622dc32d4fc63035840678230c4c,Piopiotas have booked our Romantic Flame Set for several days in a row. We need to order the ingredients on this list.
2016089686,810d97781846078bfadf4d78e0f0f3d9c1130e5a5ba42e263174b86f7a1967a7,"Yes, perfect coordination, and a fantastic result! After I add a few edits, it’ll shoot up the popularity rankings for sure!
Thanks. You and your Aniimo are just like blooming flowers!"
2016120999,79360314b95803225eb98d9a5f0585de1288f7ee5f9857058d08612c8d6e70a0,"Oswen brought Astra its very first Aniimo, and the discovery of these wondrous creatures changed how humanity imagined Idyll forever."
2016143448,155385bca841be3ef79e1ab28709021a2452c81463b1cb27e654e88e986e529d,Anomaly Spark
2067444735,155385bca841be3ef79e1ab28709021a2452c81463b1cb27e654e88e986e529d,Anomaly Spark
2016146910,0abe258ad22bdf22fbf9a47e32513174136f359f3dd3e5ec00d5e01e2b32f9a6,I hope I didn't miss anything that would worry my friends.
2016158252,5dd20b08aa1ce09df322e0b40f75a4a79e1e21e2e71070a8aa41bacdcc5589cf,Credits owned
2016181986,62204b50fb328a37fdaa837bf917840700b21484d22dfda68eabd1d5ed2035b9,Here we go! Time to hype things up!
2016306500,331f29ab1ee1a20636add5ab649769686498d60ef0e46ee7f7663ec485e15dd9,5时30分
2016331218,1db8ab796ecec80113b4da51f325d46d229f8fe0941b43ece128a4eaffabca69,Even the <style=Hint_BgD>Super Lucky Star</style> can only be activated with <style=Hint_BgD>Voxel Coins</style> now. There must be some hidden secret behind all this...
2016386902,ed57bc8d4948539bed2a4448b8e4436dfaa52fe7a52f5c22eb254d4f6fa5890b,Waaah... Wuh!
2016402663,a5a0db875b0ec9756a25b724f2d023a846ef6d2232f65a69256b71a14ac6cbc9,A certificate issued by the Polaris Institute for enhancing Passive Abilities. 
2016420430,bbae06a7551e60886c86134517aa684374e6a2d7b9acfb92da54a7256c59198a,Suffix Title: {0}
2016440753,5b853be55ee0a16de76754ca9bcf6a9e8a10a52e7545c5507d3d46c294e51301,Carousel Mill (Level 3)
2114038754,5b853be55ee0a16de76754ca9bcf6a9e8a10a52e7545c5507d3d46c294e51301,Carousel Mill (Level 3)
2016497504,de714634cb8ff0e30bb6503c2000367c730c241fbabe611591d4dc282a5940c7,"Good. There’s some fire in your eyes now.
I imagine you’re ready to take on the Grade III Wayfarer assessment."
2016509437,34e566d1cf6233058d0bff1fb4f5ca4fd6df943ad41480d4de9af3639f7b7391,A tissue holder for your Home.
2061411139,34e566d1cf6233058d0bff1fb4f5ca4fd6df943ad41480d4de9af3639f7b7391,A tissue holder for your Home.
2016544732,6df1bb18a59ab97df82e307b93fe4f3bbda34d531bcbb79ec573dda23ba64918,Skill
2016593286,3e94362ef942ab8527f543fc2498163bdb8eb9a2fd66b4210fa12cb1212abd0f,Warmgrain Gable Wall - Large
2135618849,3e94362ef942ab8527f543fc2498163bdb8eb9a2fd66b4210fa12cb1212abd0f,Warmgrain Gable Wall - Large
2016596022,47f97b0e15b90256e7ca0c8aeeb15d5e9500193148b99ae1e06d373990776c10,"Generates a cyclone of flame at the feet of the target, dealing continuous damage."
2036405544,47f97b0e15b90256e7ca0c8aeeb15d5e9500193148b99ae1e06d373990776c10,"Generates a cyclone of flame at the feet of the target, dealing continuous damage."
2016647151,4b3664a22811654a182a14515bbfae937942ee9109fb13572ecb3dd2162907a9,Can be found and collected in Astra. Refreshes weekly.
2016664342,97eccb45f07e0d7ef5a40615022702c23f70f7ceb01aa509bf41e60fda53e8bc,{0}’s RV
2016669874,63280d6c5f0ac77564b9ac55958af3e28999d08e34e96bff486576f22d1fbd32,A faint chill hangs in the air as delicate frost blossoms unfurl.
2016672955,fdc5ded3540d4fc81a337e6954fc10108fbfbc3901a01ed4bed927fe7bebf174,Return to Login
2118990293,fdc5ded3540d4fc81a337e6954fc10108fbfbc3901a01ed4bed927fe7bebf174,Return to Login
2016699991,994d8d8bf4a5555b1c3368ac6cf9b864c76f41385fb69f27c7be4113e8ae5551,"(A spatial rift bursts open with a roaring boom. Iridescent light churns and twists in the darkness as broken, anguished whispers drift to your ears.)"
2016725400,fca9a823a653abc7cb59f06752269009bec64bbcae05c629bc1d0a9028d0c11f,"Each of Tucking’s main vines holds a vine core, where its most important memories are kept. These cores also help sustain the vines themselves. Then one day, something mysterious arrived, severing Tucker’s bond with three of its main vines—and taking with it precious memories of Perfumer Ron."
2016782015,54e6e2b686c97d035bf919707f2e8411d27b6fe29ed487d6d86c1b35e79e55d9,"Clover jumped over the Water wheel, if you can <color=#d89c28> power the Water wheel </color>, then <color=#d89c28> use it as a platform </color>, you can <color=#d89c28> pass through the passage </color>, right?"
2016796410,33c48191aa3a7bf0da3a3826735622f0c7a93e0b353c69ae57e131410c75e61f,I really wanna go over and take a look!
2016797514,e104405308ed9bd5b4b4daf3db02104682ea3a7fc02110d33a82a8a94f398fa5,A Modest Haul
2060358049,e104405308ed9bd5b4b4daf3db02104682ea3a7fc02110d33a82a8a94f398fa5,A Modest Haul
2016800078,11f1a79e0d097ce5681df5560737f73ffdecac2f812cabcd9d6778f765488fd6,Retro Glory
2016800708,6bb06d5906b55987e22690ecd7b5690a7c7ec0256b8997407791b20dea4eec29,Are you still researching the sea?
2016819135,20a4d9e34f8af92b81ce533187d4cb404a833fb91ba1b7e99599da8f56058390,Wow! Your attacks are still this accurate in such fierce crosswinds? Looks like this gale can’t stop you at all!
2016819710,a25f22ac5c30a766bde981da69e0dbfe975ad535ea5d4af96aaa8a6a6d10a78a,"Dear Pathfinder,

Your reward from the Polaris Club has been delivered. Please check your inbox.

May your adventures across Idyll bring you many unforgettable memories.

Have a wonderful journey!"
2016862596,f92557e83d77a52061fce1b67f248ed26cd7038e0f61156131f28d96daee3b52,"Here in this forest, the land’s vitality and blessings take root.
The Irisalis drew its fresh green hue from them."
2016932764,00e5ded0e076e4fd94cff3106d3274527d214f2fa9d42e905e06695e6cf90df7,Experience Test Flight Service
2017043400,77b0ac4743991b15aa2f0b1cb9be6e3864c8eb99aa90c3df1040afeddc61943c,Restore Current Area
2017072227,ef71ef73444f44b162a010ba868e48d9078131e1c501c0992453700467dd079c,Strange...
2017094326,071e1e1cb3fc0ccad6739bb9dc2edf2e6b636c71afd6346efe396f4e9e4b4620,Let’s see if you can withstand Scorchhowl’s claws!
2017103941,fbc5659fb2b431eb4d09296297ab543a51b66ac9f3913a310692fad2eb08cd92,"<link=""item_4040021""><style=Hint_BgL><u>Woodland</u></style></link> in your Home has unlocked a new recipe: <link=""item_4020035""><style=Hint_BgL><u>Quick Recipe: Bamboo</u></style></link>."
2017119175,24306e29acbda7e7ee506ff8ec496bcd1b30741ea3087f99cdc75e437212febd,You can give it a try when you're free~
2017145954,50da0fb18fdec923496ce62df1aca522a6de5b738981d69f4639db30c19ca42e,"Freshly cut from raw logs after initial processing, still carrying a hint of fresh wood scent."
2017169766,44b81503b7d8eb5035ada96ad05042a0f5a7bc76f045b883db8eb250f11b41da,"...Yes, it’s exactly what you think."
2017176634,e6721f2d29c8ca167030c2983a23f746541a527a1c9673ed1c1a5c7caa8d33aa,You can also obtain good Carried Items. The questions below may be related to your understanding of combat.
2017253707,209d5ab4e6f5829738a12f31b24a9c2e82d0d39d37ca4714afc263d94cdbcbae,"Let me think... Last time I went to the boutique with Stellalord, he vanished on me for quite a while."
2017297271,3acaf7a875ee238d34935f8521e0c1bec202047f2280ee280b6420d786333d51,Journey Journal
2017302719,b70f6fe0c8651f11ef6a3b01c1eaca2da8113770da5b31a936d19a3e6c14fe0a,Text content text content text content text content text content text content text content text content
2017308904,fe88fd97b536995701112a1b87a6e927bf73cdb4a6c4fc9eaa022c8e2c29c9f4,Glamour Star Auditions
2017328553,4746b8995036a48ff40a9339d3cc97ddab05ad4d24038a69e2661bbb906e2ae2,"This is to identify risks early. After all, #playerGender# is just a Common person without systematic training. This is too much of a stretch for #playerGender#."
2017337003,91920a8f1c0693176040f1861ccfc2269d41403254989e427f272144bf62b767,Bloom?
2017408314,394ec16c178170a384d9163aa3c45ed2582305c5397264c13adf090ceac166e7,"Without her brother, she grows colder and more ruthless, her heart as unbreakable as her thorn. Her flower... no longer innocent, but a <style=Hint_BgD>mournful bloom of sorrow</style>."
2017484930,7ef4275923194e0e0090366f91ae98c65c745d0363d09178d35365a3fcc19a9f,Twine defeat 5 Aniimo
2017533043,0835009c1f3e7eb86b1ea90bf8bf52b13326ca1626f7281205ba94c0cd275241,Iris Pollen
2017573682,c2c9115bfabf08119aa049064a0ab466ae5878f32ebee3f1dade0c1c05dc8fe8,"Ruff, ruff, ruff...
(I can’t understand what they are saying. Try twining with an Emberpup.)"
2017600862,b978f71591c7ce4deb0b723931ca8e10c35387989c68c134bc982cc40dd40a36,This Aniimo appears in <style=Hint_BgD>{0}</style> during <style=Hint_BgD>{1}</style>.
2017640783,5a779155eadaaa3b21f6dd7a5d95e02a389edafbb2c1b00e1b3ecdf19892315a,QR Code
2017643195,85630e8820b81d55b23c10c89f7ffcec3edb6912b3c25a8a332da0b3b12c6cfe,This item has been used up.
2017654623,6fc7a48f54d605fd8ae0a48df0535fd6c330253a2e322236034a330596f22bf6,The Tuckin is weakened and is hiding in the center of the maze!
2017656510,dc50a393ff83fce6586980ccc9e4ed0e97f4d43f98870207ecad1950638fd158,What a shame. If only I could <style=Hint_BgL>fly</style> through the air...
2017669733,9f6636b064091e39e722aa03771ee96553679a5db21d9239f67e12a263ba21c9,"Holo-Battle Interlink
"
2017684258,006bbd5bfb8640ad594fd1096b821af932d11437a9bcbc8bfe20b8630314ffdc,New Energy Vehicle
2017705298,7c130fc96002db3d30e5950c02878fabf68f6ee758ba620e3d10a467f1c81eb6,That clip of us dancing through the Sea of Flowers is bound to trend.
376673260,04d6d164524fe307850aa5b1141485f05ee1c1db655d7080b358f06d347dc197,Pick up 30 Aniimo eggs in the world.
2017708231,04d6d164524fe307850aa5b1141485f05ee1c1db655d7080b358f06d347dc197,Pick up 30 Aniimo eggs in the world.
2017741635,311f453ee128ef393940af7fb510c5d1a2d31c1ee1cf0118d62fc9353283259e,Carpet
2017866199,dbcd8a683e294a57b54c0163510f707f556edf9f77d61edd0a81093885732c32,"See why I transformed? If you untwine, you’ll not only miss but scare them away!"
2017880052,2e7568cf736621a33e3e67d9361d221b80d466fa3e5ea74758bbfb6d63caef21,"#playerName#, is now a good time? Could you come over and help me out?"
2017908637,5c44c0c3f8362f5162f58cf60f40d2dda4c0e043ee7972ccbd6cabafc590fb32,"A sprinting youth, radiant as the blazing sun."
2017914750,7b0539ab82f80fe99a79ef3603c31a789695763ff0b670ce5896c85cb2acd691,Click <style=Hint_BgL>Skill 2</style> to create <style=Hint_BgL>Floating Ice</style>.
2017990397,5574f520d241ab24855a6f338a9d73c49428c1d0968e5a67b74144bef9280411,"Fresh green, deep blue, blazing crimson... Now to combine them..."
2018170990,d1b07088dea3c870811ee340942be208891ef04dfd1f049fc3ff71bb7f275ab1,Successfully hide until the countdown ends
2018217347,12762f5cee95b7000bcf165b49ed659a374bd7f9f5d1495a05cca16fe37715b4,"Open to randomly obtain one of the following Perfect <style=Q_5>BREAK Aniimo eggs</style>: <style=Q_5>Perfect Blazen Egg</style>, <style=Q_5>Perfect Shrubclaw Egg</style>, or <style=Q_5>Perfect Pomawk Egg</style>."
2018284367,9d183ec3f6007c4dd98580495af70e5683ab7a787499c235e2ef19703547e206,Like one of those math problems with water leaking out while you keep pouring more in!
2018324056,65b34f25c5201df2364c01f4e81bbf72545be2ee2f344ad3b62917a549b21398,Can't think of anything...
2018350901,bf71c982f0badb873159e2212120f51b6accbfc3d9c21ba74296cfad5ab4b4e1,Architect's Request
2018351245,1b4a4aaf001cb1cb5a7189daed3fd3303bf0dda5315f9c4db78c268bff6b2e1f,Sold items cannot be recovered. Proceed?
2018380457,f84d990c63699b9850cd594fd24ecbbe8cfb17e976f9b2dadef9d4f067103476,Disintegration
2133641217,f84d990c63699b9850cd594fd24ecbbe8cfb17e976f9b2dadef9d4f067103476,Disintegration
2018389919,3e00ef9483a56860b0eed537f935d9d4fe15e34bea7a2d3556a2984c550ca93d,"Communication request from contact Dr. Lewis.
Connecting..."
2018415009,c10c037156053bfe962132f8eb70e273899bcbf44d3db5e8d88a465a07e84d9e,Sure.
2140350505,c10c037156053bfe962132f8eb70e273899bcbf44d3db5e8d88a465a07e84d9e,Sure.
2018422073,006141ad0b04683cdf0ea5b842f8d8cdd18acd91bf46475ef9f5e1ae7670cd96,Drum Whirl
2018433431,08f5599f21e3e04dc910de827bcb28bcb8a7e1f71f6781ea0fd77b8bc6eeecb5,"Helgon can merge its bilateral vision when needed, narrowing its field of view to focus on a target."
2018493950,0ceea769b76ed353b38f7f95a2f36c7a76e40791dd5b1bd9843e0f8fded62754,Waaah... I-I’ll make up for it! I’m sorry!
2018530872,95c6ab0e513cfdbc387fec78abc6db1c37c47179a28080e7a9bb106db9fbf99f,Prismatic
2018531403,7877ddd857ef925b56d24ecfdbef3eec7c5cc5d68e2497fbb11502a2bb12f890,Plot Info
2018532189,bac46d16761143f43ff6457cbf5e8a9197ccc27ace9c13848c5a74c25dc385dc,Not enough Home Coins to use the gachapon.
2018601120,05f4f9b30526fedee594d9403d7b0af59d10c8b2677d1a5b785707ab909ef627,Currently placed furniture:
2018632794,7020c36e17dc19d8525f4a7679c497e094b3e41f572ff14da22aaa41c7459777,You want the chest? Beat my little Whelpies first!
2018645562,2c19bb18d7ee2298560cfb788b531eae63295d0dae33767ffa1569a7cd8de58e,Dive into the dark of night.
2018665007,51abd5031b1f869d62e2c099e4fc2d93e8193c79775d74a1e82c7f36e5c86ba0,Comet Aureus
2018669808,bbfa888b41bd75d8d63acfd5d1188c40966367df42fcf5c1a8a34b2b775d03f5,<style=Hint_BgL>All objects</style> in your way can be moved with <style=Hint_BgL>Gravity Pull</style>.
2018682725,970dd031ee0e20b03f3c9e23de60edc51377703b5bdfaf9b48e312dee194d87d,"After gathering Aromathyst, <style=Hint_BgD>go to the Perfume Workshop</style> and have Arlo process it into fragrance essence for you."
2018693328,1f6b6ddf7c327302171d0eee8110cace01e536b7855d0f3a6b213aadc1387e02,A playboy in the field of romance.
2018694239,1d3a53a1a853861173a3e82acbd219ea671189d313fb83aad983e8e803bfef53,"When Grandpa passed away... even though I always grumbled about his random experiments, his death still left me heartbroken. I ran outside and hid behind a rock to cry."
2018801363,36f2b7dfd37fed14144478331f0a009e9021fb20b79a9da12c2a2cb1caa5cd86,"The floral fragrance is refreshing, it seems to carry a mysterious power!"
2018851946,8ace9b729567954dd381b49b394a795d025b29b76e35ee586493f9d184d41cc3,Lulu Starlight
2018907708,3e660ec619d8be006f769f087da7707e4bca71f2ffad31cad73fc90ed0352648,I only have enough voxel coins for one of these!
2018959339,e7ef27b790e0fdd19a0e08a4c0a2b4363c27aba1cd85f859745a3cacdc3382ad,Conducting research grants a <color=#ffe866><b>Search Bonus</color></b>.
2018991033,90b12a506cb6fb85c3ab36de0cfc7c33deea230822c68fe6e5caf24186e525a1,Hauling Pebbling
2019026507,551bdfada20cd55d6560c0d5d2e9b743f8b70889c46ea2003da2257894a78389,Furniture placement limit exceeded.
2019032275,05ef7acc17adb5a6ec84f41a5f6af33b185b80c03e6a46c86fe1e26e02f0e624,Use <style=Hint_BgL>#kPlayer/Move#z</style> to move your character in any direction. Press <style=Hint_BgL>#kPlayer/Jump#z</style> to <style=Hint_BgL>jump</style>. Press <style=Hint_BgL>#kPlayer/StartSprint#z</style> to <style=Hint_BgL>dash</style>. Hold a direction and press <style=Hint_BgL>#kPlayer/StartSprint#z</style> to enter <style=Hint_BgL>sprint state</style>.
2019079783,b4578cbdd88d498139f47146d25fc69d7d513edd69495bcd59a1da6136f432a0,Do you think a Pathfinder who only knows how to heal can stand on their own?
2019107569,03c301194a61b41a6c990d4e68148d0f92e8ddbc5888da09c8cc6f9e0b4859e0,You evolved beautifully.
2019169001,cfa81642794e062d51cecff4532748f4e3405393f2a4351bbb50a2731f16d173,Doo-ee!
2019196867,6693937de78fca2b4a44f0286127a7556ef4f077c8566e86cf7bfd92eded949d,Subsequent courses have not been unlocked
2019211284,be8382324fc5ba925d90bd41295c80efb054f8a469718bf64dd5da97d0227987,"Chapter 2: Whiterose Tower
Soon after, Armand returned to Bloomville to tell his tale of discovery in Beardow Woods.
All who heard his tale were excited about the miraculous seedling.
Especially the perfumers, who wanted to ride the long winds of Aeolus directly to the Beardow Woods and see the miraculous seedling for themselves.
...
The perfumers, fragrant, singing, arrived at the Beardow Woods in high spirits.
They built a towering perfume workshop near the miraculous seedling, and fragrance wafted from the tower.
With the perfumers’ care and nurturing, the miraculous seedling grew amazingly well.
Incredibly, contact with the miraculous seedling’s vines allowed a Budsquire to learn the power of [Thorn].
The Thornblade swore fealty to Princess Melloblum.
A beautiful sentiment and a pure bond were formed.
...
Soon, Princess Melloblum had seven powerful Thornblades in her service.
Yes, not six, but seven Thornblades.
These powerful Aniimo could even fight off the fearsome Grizbo, and became renowned thenceforth in the Budsquire Family as the Seven Lethal Thorns."
2019219516,0e85d72977f7a18af72beb408028f64977f9add298a47a859e2a437f31d47886,Research Nerd
2019306034,e6f6398633763abee31153969f4a9d8e75b08b625429c33bfc765b1ca97ca15a,"A warrior lies within. One who faced the strong despite fear, who found courage in weakness."
2019308168,984b8bdb9b50315a9cf1255812615ad3e5fb950b3c38d358091e9af27e062dd9,Out-of-Combat Energy Recovery Percentage
2021517179,984b8bdb9b50315a9cf1255812615ad3e5fb950b3c38d358091e9af27e062dd9,Out-of-Combat Energy Recovery Percentage
2019332366,97080cb759c4e1e8eabcf467a9eead522ebbf65253376ab0c21402609b6cc0d5,Thank you. It’s odd that a Nimbi would name itself Lightening. Normally Nimbis are afraid of lightning. Baa...
2019345121,3d3ba5089e174f279e53d1d5525de1d2fb65c04af6675a3e4529401891e007c1,30/
2019417914,d640c1d6dfda8f9fe8ed9487ba41fe86b97b72611856bbb81d952c93f5946571,Don’t forget to <style=Hint_BgD>pick up</style> the finished product.
2019469212,6ac352d3da415dcf1a4232da8b1d6190abb96135b7ec3810c9826a21d5d4c6e5,Help till the soil at friends’ Homes <style=Hint_BgD>15</style> times to receive a Tilling Chest. You can open <style=Hint_BgD>1</style> per day.
2019481863,55bfc6dbc9b34f4565a81ce5b78dcf24e699a1e86f9ccb4ab7d6e58068509528,"Tears within create the hardest thorns, but only happiness gives flowers the strength to endure the storm."
2019508563,4edeb7c5ba1ef84af0640b9b480d18839d7ba5bbe66fd2c236644173ac4d8c80,"Truffles, that big thing, dense woods... this forest really does hold a strange kind of life."
2019540570,4c0274d9038f11ce95eb8117090ed9f2525a55819f762ebf137514200ec913e3,Randomly obtain 1 Holo-gizmo.
2019602447,ab47e9e1f537d6a37b26ed6fecb8be087f6a8678297bd8452bfbdbe681fc71ad,Hmm... You already know what <style=Hint_BgD>Held Items</style> are.
2019716647,7c192ee707654b3622a2c225cc33b2cfdf8e268cf9735fc71a8fa19b1decc3e8,"Anyway, moving on, I plan to be Snowy’s teacher. Maybe she can learn to make perfume too!"
2019738093,d48f971d8433040442e52f0bba429f33c4209fc77cb24cf82e6132f8111ed621,No! I’m going first. You go back!
2019740192,1755cd077ef4ed7f9d003c1bc8cd03b590bd29184c76d231be4ff52055588800,"And you, Liriel—you didn’t make the same mistake, but your performance after twining was lacking. You need to strengthen your bond with your Aniimo."
2019761699,c61fa7f12776ac7128649b41380adda5dca94bd970c358e362ac2b889947fb7e,"Sigh, I really don't know how others managed to snag one."
2019775477,6fe8b4a3cdca601c270ec3ad079a068b984b4bcebfb10092946775de09344887, Eggs
2019790472,6001077834ca693fc8f2cd8ca4a64175680240921092c355e5403fb6c15684da,The flying snowflakes are the wake of that speeding shadow.
2019796176,039ff58128763ba5ef1659022f0f15990ba3904affc396cb2ab9ab7abe044b94,Hey! That wasn’t even an option!
2019816493,fe5f9d7cba617fdb5e9e639a7712677d3c43dcbea518828a3d70262de78624a3,Lightchaser Through the Woods
2019847052,35d5255d809225965831b5faee261231560a04d36dc2608278eb847741345151,Broadleaf Shrubs
2146703588,35d5255d809225965831b5faee261231560a04d36dc2608278eb847741345151,Broadleaf Shrubs
2019937898,5ee35aca518350487ecb06378f3ba34e6a9942a1fefb9c0d93fd8bdfa8e6235c,Great! I’m sure you can find Echobacks!
2019938779,1aa28267368d5c98be538497150bd47c6b422f316fc53988338936193de8a5a4,"Correct. You can buy advanced Aniipods from shops and stores.
But you can also get Aniipods by exploring the world and completing quests."
2019959446,8a8ed6e89f253cb4dc548cb4f545f3846c70b58c061aa12c353cd5e5e87fe69c,Braided Hair
2020050510,e00966ea0bbb0477daee4db948c9df8f60985487e7206e76d14c589604b1072c,7 Dwarfs
2020051749,a27105c96cea7c3aeda01bc92b550eeb2fe8f73dd66bba3d22eb1fd4ca33f298,Upgrading an Aniipod actually costs more than making a new one. There must be a simpler way. 
2020092385,17e6eb114dc27feff679f02ee28515afc13b715bc9d7ff8944efac0355d7a374,"<link=""item_4040024""><style=Hint_BgL><u>Crafting Table</u></style></link> in your Home has unlocked a new recipe: <link=""item_4020074""><style=Hint_BgL><u>Premium Rose Freshener</u></style></link>."
2020113942,fcb9407948b688b8a0177ef7513d663f8e83551055658e598bf8649db6f4870a,Spark successfully lit with <style=Hint_BgD>{0}</style>!
2020127979,0626d221d61c8435bc003faf6c1e6c40540a5cc0f0a7511683f49f9d6f46fd05,"Following the stream upstream into a dense purple forest, Celestises fly among the Starine Trees like tiny shooting stars."
2020188494,37337eab7cdeb218b4e6508ea8d78a46352560cc0e707d13f1e875d434153e20,Flower Shop Hummin
2020200303,7e44926e4cb596b4aa6be5a8ab61cff8d27d6cf89ff9109963519f414dd63486,Youthful Blank Space
2020205710,522066d9faedb5562cde7bcbb750b2ed8853a052e8f156d5da4d09e641162aa0,"Like rainbow, it wears the colors of dream."
2020223142,7d837320ff6efc84e4f7bbaa93993a74e440462f9014a7681aeac7223875748c,Standard Number Configuration Table_Aniimo ID
2020238337,6b64a3e6aa9ece39ffb8be16ffac306eef9095a7123986272707603eca65f4f9,"During searches, the chance of encountering a <color=#e1a347><b>Perfect {0}</color></b> is increased by <color=#e1a347><b>{1}%</color></b>."
2020268936,b268375b08f3fbfdc60647868865369d183f42b16ea55c27c39972b81a83ffd8,You both made mistakes! Both of you are responsible for failing this test.
2020291420,8dea29617ec1834f43b176d75a6356e948f5d2f7b026b6c8a7401a9dc3f55bea,Double-press the Jump button to fly.
2020331034,bb3615490dbcd00e206f65e32f0d5a5ceb74810982aa8db4751b81462523db4b,Flame Flower Stem
2020346392,d4603126e07b6fc450d7d860457ca03d1922e2a691209ed266e3216334e21442,Sleeping Hexxin
2020391208,0940df4461ea1371a35edc621e16aab87d25a8f18284806f020712de39c17e9d,Wruff?! How could you tell?
2020400508,abaa68c541efe0fc9bdc55fedf664487cf572ec27dbeb35223bdb4f8faa2e709,Julie
2020403530,7d920718f1b2c6d40d7aefd136ad3aff2b80f39310fa225f13cd5bcebee182dc,An incredibly rare Parmon with amazing musical powers (Placeholder)
2020421317,1bf73fb314c00a9caff99ecfb0cfe3579a5d46494243d4bcbff15a863c7f57b5,The outcome of our contest will be decided by a vote from the audience here on-site. Is everyone ready?
2020462230,9e2a23139b2adfc7a07f1802837e4f1466f479b8c3d0019149cb0008e13b4a44,Move Sticker
2020494267,7c9a06a9225085dfa43ba11ad7c5683f1a837733518f74e1b7e3fa1016a97094,Um... sorry about what happened... How's Lunara doing?
2020528088,d94c6e193cd90d0480c885d287b7f9877416d80884d2f1a681df0feecd83c4bc,Add to blocklist
2020546925,b5418245c8692341cd73428b6120746b271340724fcb9b94f1fbc7c2b939113c,A Dewdrop Crystal imbued with the emotions of Aniimo of the Lunara family. Some say it carries their blessings and legacy.
2020579545,2e93a568a2277d81be289ec50306be339281fa775cbe453607f8fdfe5ef0e896,"Earn 5,000 Windborn Stamps"
2020593574,69aaf6e324383f29c3796142df83cde9c3d30c22898d4feab2d27215e33c6b71,Increases damage by 3%
2020626752,c4487e15a010b0db414042122633db6f9fac5f2fd88cc46d2a3c353638cc93e6,You’re still up too?
2020641657,cd473615462a7eaa3372346ad179e495e4e607f8ce93ea22249c1eb73040eadf,So bright! The mushroom finally stopped flickering! The mushroom is glowing!
2020734875,d238586aa6044e1ee2c0a131093b6bd3092554f8580160a1a4a65654dfd175da,Your team can escape via Egg Boat at any time.
2020872024,19a9cfcfe0fe07a3e0ecf775e6dd7a3d2b25a82263bf555c33c736145b74ff5b,A finely carved wooden ornament. Every cut carries the carver’s care.
2020880651,d7e5df90ab23322d282b2381d49cfa124d8e91b3068058b9d7be56e5f966e280,Too slow... Still too slow...!
2020881728,d7decc3222b10f06822fc96f215e09669e925fe938eb7ce293c6977275256e4a,Loot:
2020883626,54c2f8f4aa7bba059fe5a6f7171224da583f368fb63472247ce2f224b35584e1,M.DEF up 6%
2020893649,f12ed8e8e6a7447dc70fc5e0d61252c7f4c571e148aaedd4ae0af3b0a497a9b9,I’d be honored.
2085901142,f12ed8e8e6a7447dc70fc5e0d61252c7f4c571e148aaedd4ae0af3b0a497a9b9,I’d be honored.
2020925684,75d812c04cf4d6c7b3550cbf9fcdf26e27e38eaef3cb7d6c05367c454ee905e7,My Friend
2020926564,594db37a54d8c16a6fdfe9e56ff65636079fe0317d4e09c1344b2bf82448d12d,Item used to unlock Egg Heist talents
2020944073,0e595a67726e9cba8deed125d76e04e969005fa0fea5ab881104527532739967,Round %s/%s
2020963081,74b5c24c09b58db4b540f721bcc2d11b9632bc5dc2f41b9afdb77d6b182035c4,There might be a similar pattern on the rock above. Take advantage of the fact that<style=Hint_BgL> tall grass is flammable </style>and take a look up there.
2020977897,cbd43360aacec671d098038ce4019829ece02a8fd94bbf74f89c021f811a5cc8,"+<style=Hint_BgL>{param1}%</style> max HP recovery every <style=Hint_BgL>{param0}</style>s When healed, fires <style=Hint_BgL>{param2}</style> pulses at the nearest target, dealing True Damage equal to <style=Hint_BgL>{param3}%</style> of the healing received. The pulse ricochets <style=Hint_BgL>{param4}</style> times, prioritizing new targets."
2020983609,21a9d26b0719f2f0afb9f1205666f9547ea404c6f80cf5851011e6a9dac419b1,It’s dangerous on the red land...
2020987403,650068e59c791d246623f5d3dee6577b39c848d5ed378a57f1fb65c0d56e2353,Hold on. Just stand there for a moment—let me take a look at your physique!
2020988362,3accdb269b51edbc59572fd78dbead087de6ab24ffa4d4fdaf4047b12e5da3f1,Good. The plan stays the same. Move the treasure over...
2021053872,a8721c2342da9df9e807ed735df84343fbb7da7bdc7b6c136e41a9d77bb4532e,Additional Bonus Every 5 Levels
2021074380,02a61bca3e9bd75e9f787bc12e861ae4ed65c95c13997d07b1ba2aa16e70de1d,"Fentufts want to double-jump on the Tuftballs, but only one Springy Tuftball can be activated at a time!"
2021076929,a5625e8cf185ebabbd98b68dbab881e90db9ffa22d758ed49378c72b1fc20b8f,Increases Element Resistance effect by <color=#d89c28>4%</color>.
2021102385,35fc3714187efb9e1c411de0c24f3f85f10b9e5abab3a9878e07c23cd4aa068e,Colorful Sparkling Rice
2021128550,bbc3df6ff3aa8a1cbc34d320cfbe25fe7e2f967c6c0a7ccd3e3e51b38e3f10d9,Why are you looking for a large starine?
2021160383,a4a999171a4e99b3b55ed2e4c446a1c96a86cff5a59a3a0c00014d0b0b2e19ec,Clear all Roguelite difficulty levels
2021179934,5ac45c94f6bec2766770b1f5b31b8aeba97d673fd29fe425241fb51f630215ca,Kid
2021181428,13585529ec8c720b19d85fdb99a8f28cc228129fda31a28fefeee8b8c70cbc8e,"Long ago, Irelia took on a challenge at the mountain’s peak...
and claimed this irreplaceable crimson."
2021250173,ded9a0fce1a0798c7894622d6cab7bf3d5b684a505257c0d633302497d8468e8,You think so...? I really hope you’re right...
2021312131,bf3496152eecb5ec85df24a42ec4e2dd0a24ae4cbf4cb17f7a4990c337784675,Switched to Camera-Follow Hide
2021317881,3029614893520369e0d1a8a33d0f94f1cc8163263e2b757d7bfa13b1813d8e18,"Sure, I’ll give it a shot!"
2021387825,4111610544db20e0b3bd99f287bb56ca2a06f7b0ff17249f1fb84b62de6e71ec,"They say this cave collapsed back in my grandpa’s day. Somehow, the fallen structure became an upper layer instead!"
2021485092,c1d61d2dc19f492d8b261c4e5ae3f41492dc7e6b135f510dd55cc72464e02b55,Tufty wants to double-jump on the Tuftballs. I heard helpful Tufty knows how!
2021541105,00c51295d7535649c530c3f51b48aeabc4105b10cb86847c68cda48696955693,"Increase your Affinity with a friend by chatting, meeting, exchanging, teaming up, fighting, giving gifts, and visiting their Home."
2021544803,292acb29d9290694dde2f1649b21dce83935fe93e1cba1e8cf318ec3603b59a6,Doesn’t Idyll have an Aniimo that <style=Hint_BgD>looks like a ball of cotton candy and has a pair of aqua-blue spiral horns</style>?
2021551144,70c97d9e8f38f35d8265e58cc20458ed317368ba892289a49ffbda52e8d77a65,Coconut Tree
2137676679,70c97d9e8f38f35d8265e58cc20458ed317368ba892289a49ffbda52e8d77a65,Coconut Tree
2021664780,f70642154a0e9e34a452293fc5bd4ba1c4b5b1ba78211a85ed3b1dfcac2751b2,Ancient Idyll Coin
2021733493,589390112c3d5ab1964f4592217ce992e1c8062444413b11d39e146ae00d82e7,"Made from young bamboo shoots that are cleaned, dried, and marinated in sauce, resulting in a crisp texture and a savory taste."
2021770113,da4c3b56ffd12ef7fb59aeaf10a86eebc3e4ee8b6140edfee35847743bc6f597,A Gift from the Legendary Aniimo
2063719274,da4c3b56ffd12ef7fb59aeaf10a86eebc3e4ee8b6140edfee35847743bc6f597,A Gift from the Legendary Aniimo
2021786890,19f9732454a2c4c041ad98aeba1e37f11acd95bcbe3dc114c7a5bf059fbc7ce0,Land Color: Thousand Ridges
2021809617,907d4883cd4a82ba4409064cd83a1659a672e4c392eb0e34bbbc56077d3c0dc6,Please
2021853190,4b675459ba2db6f5621093060d1b9dcdde6369b39f6f140c91fc20d2e12d375b,I’ve forgotten what I was meant to protect... only hardened thorns and this guardian’s heart remain.
2021878158,df189b27225547135ed49404506cba678f5ccbac1f97e3c213ed396a43e2a29a,"The Irises readily give you their pollen, but they also bluntly comment on Snowy’s lack of color. When you relay their words to Sunia, she reacts fiercely, insisting that Snowy’s scent is more colorful and beautiful than any hue."
2021930318,f288576e29df319a6a5398448d6193b29688f417757996b2ac4130505a3883b5,Click to switch to the [<style=Hint_BgL>Held Item</style>] interface.
2021970002,6d9d1dc54cbb10f223546b9f85b6340ce6d594be361dbe48506d26518ac1227e,Aniimo deals <color=#d89c28>10%</color> increased damage to targets in Break State.
2021974003,68e21e0d39a20ef5837dde8ec471d3ef087c368046cdf68783255fd89f4d45a0,Claimable after reaching Lv. 40 and becoming Grade I Wayfarer. Can be changed anytime before claiming.
2022024208,dd6beb1cb280f87baf71e0ca7c51eb623542a6d16f2c6ca4537cd706ab938753,The Institute’s found several Prismana Aniimo. Come see them in action!
2022044943,52aa512f0713324db8614ff17a0a25dbfcc7d4a0cc109eb973c73831bfa089a3,"Now, make sure you have seeds in the warehouse, and then head to the farmland."
2022063901,c1ddd8684332a9c5e19e0c8831e55303c9fb581ad77f8b69bad65644037e7b31,Party average level
2022123967,83b537855efa22e93d2dd58699908dc1f1354702ec2ed4427fde1ce302081cbc,Companion Mode requested for <style=Hint_BgD>{0}</style>
2022249535,06518fcfc4ebbf1dd1b220e4722f3430b2f4c2cf91a637a58e3ef526c8b215a4,"Under the starlight, in the mist-shrouded forest, A boy is swinging on a vine, reaching out his arm, trying to touch the stars, While the Tucking and Hummin watch from the ground."
2022259923,93ac406edf28d6244f3b74214a67842620a5654f9b8742732a49a65aa1b3f336,"So... what should we do with this ""Ancestor Prism""? Should we turn it over to Dr. Lewis?"
2022287555,0584f74ecd3c3fc2401a6651d0be04f5ab462acaa769680a015a97bc1aebd621,Ch-ch-chirpee!
2022288383,5ed3deec82ad720e13be34b1fcbd251ed97145d32401610a35346473d6406616,"Then the flame disappeared, and not long after, big boss Infergon showed up!"
2022300304,b116c61a9ebf9f7153d30c0a930bacdf06744e17e56ba49dbfd91d9c3c314878,All taken care of!
2022328806,69a5f1710ccec741e1a873b23ff69d76059141cea67333d14a34863d21f649a1,Cling together!
2022347698,678493a2dfbfe14acea1a9e3e6efddc3c34e055612675ba740b901070f7b9e58,Shadow Domain
2022436955,59cb58c0fb63304e9ac743ebdaaa6b55a9a63796e5300e6efa9c8f6ca2314688,Assessment: Starlight's Glory
2022501674,5062a86fb3eaad0987c8238b11554b05ed92c87d2dc481d211b6459dd79f6daa,%￥*&#@ (The Aniimo seems to have found something valuable! Search carefully in the vicinity!)
2022514307,1360fb29c522d49f38176941bef4d48430e3f30d27fa1bec3ad4708c0c60c239,Don't be so surprised. There are always Allies from out of town who want to get familiar with Bloomville. What do you want to know?
2022532725,1566e0ad604803f59a488fa728245fd65eafe6a893ace58f1439f3848d42307e,+10s
2022552569,a37b8de2999aa89820a66bc424b42c8ccb18ec4fa6d78832b0996e07d0adfdbb,"Easy, I’ve got two solid options for you:
First, you can visit me every week to claim a free coupon!
Second, spend <style=Hint_BgD>1,000 Voxel Coins</style> at any shop in Astra, and I’ll give you a bonus coupon too!"
2022570309,0911c541c90a7121218b92855575bbeb08a6ad2a8e10de38478db73b0ada270d,I think it’s a chip version issue.
2022606358,96ed40b7de9b466dd590b09c2bd451cc0b0319c734d7e14153309071ceffb25c,"Electrification by friction, I believe it was covered in the science 101 in the Polaris Institute."
2022608487,173a6b7e7b4077b5748a1c114100e300370941f0b86161dd187f00a30f09ef7b,Do I smell something burning...
2022627082,032a95c53176b68d7c12d67f213988eeeb0fc8432e301e277032d08c321e9918,Recommended Level: %s
2022662111,ad5638a27ee530882df2b69d9d36a83f3b917b0f7dcbc474b1ffc208a8764ee9,"A rare mutated rice surrounded by a rainbow aura and dazzling sparkles. It has grown enormous and plump, with a crystal-clear sheen that gleams like treasure."
2079931251,ad5638a27ee530882df2b69d9d36a83f3b917b0f7dcbc474b1ffc208a8764ee9,"A rare mutated rice surrounded by a rainbow aura and dazzling sparkles. It has grown enormous and plump, with a crystal-clear sheen that gleams like treasure."
2022680388,75f0340a6820abb826ec69a7439efe0b7a38f6eb8f03295d22e3740864c167d7,A fruit infused with a richer concentration of essence of water.
2022688104,fcf9ccb2a322aafe868a035c02088ebf7cc23b83a4f6d473ef4df28916d29e36,"A mysterious light flows through it, with unusually abundant energy hidden within. Increases the chance to hatch Umbrabow Aniimo."
2022718712,e937060baef7120ead9d43c6fa73296f9d6300ae48ca1aaca4f1ff5ddde3b388,I'm not just a Common Hummin!
2022745597,609748a3b7caa45859307d51d85265e477a8119abeccb74536f978805c6fcd07,"Raise your pincer to continue Charging. After 1s, you can Release again to deal 2 rapid strikes. You can move while Charging."
2022749312,9561638544a643659021c41c4bd2919f3aaa25ab8361bd97b65ac5f67d710232,Payment Not Available
2022772782,e0211779e77cf6793b0da5ebac4b3cf682244f4935401b88c957a9fa92e1dd89,Obtain Lumin Amber in Beast Fang Ridge
2022816765,d1c8440a8909d52d627b45a9b8808f41a72456260a04df176b0c2630f46a254f,"Not bad, I guess..."
2022869097,a8c0113f91312aaefa474e5bbb86bdef82f4bca763524aadb01d235c7ee66e16,Aniipod Manufacturing Bench
2022884716,10af03dc3ec1564cbb98cae799871b2c4f2f478d18afb08b316459fa413d093d,Use to gain accessories and furniture.
2022938969,18516fe7c691781681379fffb57f8e04b626e34685af652caad82f4b03e3a785,Read Notes
2022992667,6874fce1ffb0be17f3d9536a1dc9e39aaa2ec71209a1faf87774f841d8c34e3f,Pathfinder Tags
2022993927,da99f678fca9acedb43ca62fa4684e1df2aadc02af42e649d89de63b1bd360fa,Press #kHud/SwitchPet#z to twine with Emberpup and head to the green target ahead.
2023017912,3d14f81902ea285cc764b89256eb23aa33706c416bc85feed88ce48a4a6513b9,"See you around!
Since I won't be needing this strange polyhedron thing, I guess I'll hand it over to the Institute!"
2023031312,11b7fa521324dbce83a3d4c18db605a868f9947680cd91947d951ba241240c13,Who’s it calling?
2023033257,cf2b93dc3b7c8ee5d5474f023614ddd231d47a5d3210efbca0116a37ed544008,"Friend! How can I make my bubbles more beautiful? I want cute, glittery bubbles...
That one’s not beating me!"
2023034260,008b2fa792f88e5b3458900deb5e5146348f7c1f3b24d27897c1dafc2c1d0fe7,Fentuft Family
2023058438,daeab573a945f0da7d215055b5425d9580d5659d29b29c8b87343a8d928b46be,Unlock the Emberpup Avatar
2023149785,f5c52ad1b5ded9fd9122ac47207751880bc3bf7f2aac63b25d0643f70d750940,"I’m so curious. Go on, give it a try!"
2023192102,8af43dac155df8794b0f5db63f77d94060bfbf4a01ed8baefbbcba236ec192be,Take care...
2023216536,cc96de67c2a0e9ece5c8ffbd024d52bdf3277cc9593515874cb1afe956a8953e,"While using Bilateral, part of your forward view will be blocked."
2023221256,5f1da0bc87747b4dcdc9603093adc9749194c760abe4ffa6bd3f9964d7483a8c,Damage reduction +10% while twined with an Egg
2023250525,e582b1bc0121ae8dcfe28d94c2da097bdec5624055988ec26c6761151d7f8870,Water Pillar
2023276508,f7c7a30d5577fdf4d65826e4baa819acae8259b0ee9d608bb6e0224895c9cc15,Woodland (Level 4)
2124685593,f7c7a30d5577fdf4d65826e4baa819acae8259b0ee9d608bb6e0224895c9cc15,Woodland (Level 4)
2023291220,df80a1503d7b7c0ae2f3e48fa2e34c0e91f32d51586d718c548b4a205aad4b88,"Welcome to Polaris Institute!
How was your first time going to the Idyll Continent? Any symptoms like difficulty breathing? Is your Equipped gear working well?"
2023300811,122ca0d08a60e6a858b89b219cac6fc56851439eb7832f716bc757624e4b868d,Where did he go?
2023301307,9b268d89c8cfcc733ee6f40fb21137d6b667a29b4b9755b3c6534d007c908e2d,Hedo’s Sweet Tooth
2023371393,e5aae92dae9663f647f4fb0039efe0f9e5d215380e4d4e6b043390b50d268ddb,"You’re joking, right? You’re a Cozite like me! I know, it must be your friend. Thanks to it, I can now <style=Hint_BgD>reach the island through the Soaring Spring</style>!  I’m heading out now—could you pass this gift along to them for me?"
2023373737,f23d72b6b56a76324243e88aaebf8237093f30145a01559763d5bfd3ce3c9cff,Select the [<style=Hint_BgL>aniipod maker</style>].
2071131784,f23d72b6b56a76324243e88aaebf8237093f30145a01559763d5bfd3ce3c9cff,Select the [<style=Hint_BgL>aniipod maker</style>].
2023410265,0e58cee66bccb029a776b066223e5b11806e06d1e2de4811dee886f6259df7b5,Flamewreath Armor - Final
2023446159,0f92f46efa433ff18b86b45011f09f40124e22545c3e7a53783938ce9d20b6ac,Encounter a Prismana Form Magmarex.
2023487080,4b090ada77af8ff952b0134e41ed98651bedf2d5cdb2eaa6d0bac49ac6c67448,"<color=#5090df>%s</color> tried to do <color=#5090df>%s’s</color> voice, but <color=#5090df>%s</color> ended up getting beaten up because it sounded like a swear word."
2023491817,8237611448fe10192a9b7bdb320625b5218a14af8654bc2d18bf796931276c13,A towel rack for your Home.
2023498169,0a3e3b4dae15fa54e513d8e41086f8731829f800efe788d6f8d0446100d5655e,Tireless Strides
2023539039,e3b8e25abb18fc89116ee2f55a8299dbd1da9db4384cbe5da7ea2597336b9060,"Seek out the essence of nature, taste the treasures of the mountains and fields. Every meal begins here, filled with the warmth of everyday life."
2102345515,e3b8e25abb18fc89116ee2f55a8299dbd1da9db4384cbe5da7ea2597336b9060,"Seek out the essence of nature, taste the treasures of the mountains and fields. Every meal begins here, filled with the warmth of everyday life."
2023559169,f8c1d168eca6fdbd48f01137dcf4b813f04817d1bc1d2af988c98069ba4af526,Cocoa Seed
2023590438,554c96420d37c05dbf2c063680694e7848239316d18844dd3c42d855d7a16e7c,...Really?
2023602404,55130f729b5f18fb2222d9124af6868740409460ea7c20bebfa47f7a559659fa,Personal Points
2023633332,994c27ced58c37f448102ecba12837fa1efa8827f62e274d2cb957a96bffe2c0,Wow! The wind field is back! Let’s <style=Hint_BgL>go tell the Adventurous Cozite</style>!
2023668440,e18b5ff8d6783b48f3438f102fb7c258de0cbff09059e6f52585a10e228500a9,Home Neighbors Chat
2023691615,c1470f47eb5d1b828ddd880177dbab3cee3feea6a870950aae3243fb7d131577,Revives immediately after becoming Fainted and restores 10% max HP. CD: 180s.
2023723328,efb6589b4befcae157e8b5ff152c0636ae27a79919b6389ae32a3a45f96d8ccc,Oracle Shop Bulletin
2023726101,3a60e1a50e2646b5556706eed08032274abd8eb236f379efe60cb6e9b2c84cfd,Day 4 in Idyll
2023748814,8505edbbe18d11d4cc3104cfab408f70b5c79fa45a2bed3621fa6fa90e2375c1,All the crying is making the <style=Hint_BgD>Melancholic Mist</style> even thicker...
2023773031,d38d91f8a975d1d590711024ba11561068698cb3607e9617278f3fa3197c4296,Transmog Shop
2023774106,91dc0f5e6cd335f9ef7e345aba5aaea73d888d03955bfae3e7263c4cd39e95c1,Live freely with your own unique style.
2023775304,b46712a7ddb68be925c43f160d0533bb491ebd47aa3a123f33476e4d42a9b434,A perfect finale! The moment it fell was as magnificent as a falling star!
2023782050,1d8f7856cf2303f04f561f6e4a7c03a4d3c48f0e300d305bdc74f52fc23fb203,Come on! Stop with the puppy eyes...
2023800838,4f16c33d44e71f834db221f8123ababbff8498deb38bc7ccda4e6e2bd38f6cf2,"Their towering manes display their wild nature, while their feral roars reveal their true colors. Their tails are built to store sound waves, releasing a sonic boom when they strike an opponent."
2023828185,79d50c5425656935c6d3c07006df516d0deb70533ee694a3e8f4dcb43f6e78a9,Chain Ultimate (Placeholder)
2023876494,6d6c8d360ea1b43dd75047c87ad37d6d679203449428a20bbb948fcca3076f26,"Apologies, I totally forgot... Haha! Let’s start now!
Then we can dig into the secrets of Dewdrop Crystals!"
2023880212,6d09ab8c831565d093a8218f819434eb87cbec827cc32c0ff390d79f6f80522d,Helmwhelp spent a long time searching for this treasure. It won’t let anyone take it so easily.
2023894257,4c671e1c20573bb848e2bbf28a519cc07379aa5e1604c9e44d42dc31589a362a,"I only began thinking about it after meeting Lady Velouria... Actually, after making that Aeon fragrance."
2023900530,d167949f4b2bf9bb4a7b7e57221f2e8a6a0ab6e0bee68efe4041dd0284b04e34,"Now that you’re a Grade III Wayfarer, you’re qualified to take part in the challenge.
You can also try fighting alongside other Pathfinders."
2023954448,1fe3dc1cfefdd266c2bea1f1392196c7e9f6b9c208a179a44566d493afac55a1,"Okay, okay. Let me know when you’re ready... Though try not to take as long as Nimbis."
2023980177,ca93f9d056e209d6fe22f154f7c94279dc03f8e9d1a28486bbccd778df335b02,[Ultra Mysterious]
2024007323,c697dc07a3ca1f513c09ad328a1ab2412fc7c489c6716baa7c1cf3d79c7c7f3e,"This is... a dew with such a strange, beautiful scent... You really found something like this in Driftwise Meadow?"
2024027246,aa6d1e94e8c7ebbed4f07faf179a69b1a53cf6cdfa3067f39b91fd12150cbb39,Holo-Battle Interlink? Sounds a lot like the Holo-Battle Sim...
2024028345,dc7f33a0b493fe2f45394766b9d081518bb0261b7ff76bdac917fa1079617ab5,Appearance Item
2024044831,2944144e1e6c9b4f7f8011af9605ac9dc968d63ebc09b6314774cc223788b77f,"Automatically recover <style=Hint_BgL><customRichText(calcData,buff,91583012,param0,1)></style> <style=Hint_BgL>[Photosynthesis Energy]</style> per second. Each time your Skill deals Damage to a target, additionally recover <style=Hint_BgL><customRichText(calcData,ability,15830200,param2,1)></style> <style=Hint_BgL>[Photosynthesis Energy]</style>. Maximum storage of <style=Hint_BgL>100</style> <style=Hint_BgL>[Photosynthesis Energy]</style>."""
2024065131,7b7bac0add58d6b0f49ad76ca0f289ba0bbf237847ed0c3bc3c6ea768572db54,[Mk III] Flamewreath Armor
2024095075,b5ce89067294f387eb9e00e708c9b25a5de4ffa496d98ed724759bd8eb23d2ce,Shelly has to evolve into a Sherro and protect all the other Shellies! Hawa!
2024167192,703553851dbe1de72c318f809adca2ca90f7313a614499dd0e55314a4adcd499,Growth Agaric
2024211621,c2013d9dbc233f263294d9c4ecdb1f0122205545845e7493eb4dd55f366aa4fb,"The Battle Art Department focuses on enhancing the physical strength of students and teaching them how to deal with different situations in the field. All training sessions are conducted by professional tutors aiming to improve the synchronized combat ability between humans and their Aniimo, and to help students develop excellent combat skills. Various training grounds are equipped with holographic combat simulation chambers and neural synchronization induction devices to provide a safe yet realistic simulation environment for both the students and Aniimo."
2024212562,fc0e18ecf06d724cbeaefba5cc7bc17c1fd511eadc078be397114977e493e47a,Witness Squashel fight to protect Squarrel.
2024223029,a2bfdfa542e96dc9617eed64404b5aa67fa6ea24b338d68fd6faeb6528675baf,Companion Handbook Expiring Soon
2024277479,49fdf6a2dc8c3105f63ae2dbdd6df531936d1f69ad2a453fbf8558b4db7dcca8,"Care to try the creations of Bloomville’s best baker—me, Hedo? Sweet-and-spicy duskwhisper tea, and honey cake with Flutternym scales!"
2024293932,54bbc3dd6f7ac83590a770e9a9511eb5960d9f7d2186fd5167eec9f554653807,Hard as Rock
2024303025,1b359290ba25dbfa9146f066af5311205d1c9292445ab26ef919566abdad4417,Huge Colorful Shining Sorghum
2024352112,bea7b4906581d474e9aaa005ba1132e4c9e1cb9a1473a0548384c14e179d3867,"Come morning, the Pawney woke... and a new Infergon was born."
2024365798,3b728a3d9219a6eff97a705f3cdde79f9ed342d3866cb25513712d9e7cf496cf,"Only the strongest Scorchhowl can complete the Pact of the Strong, and the victor will be the mightiest of Beast Fang Ridge."
2024388657,b5956483cc73d1cb9ffa4956cd99aa025e98d34278c724c5f2fd8f75dcc180c7,A deep wine red building block for all kinds of structures.
2028827679,b5956483cc73d1cb9ffa4956cd99aa025e98d34278c724c5f2fd8f75dcc180c7,A deep wine red building block for all kinds of structures.
2024395814,5e144b6b7709c53bed983f67f094505f5b73bf6ab24a98d94fe4407eb9d6f666,Ahhh—! Gurulu... wait for me—!
2024439133,ced76338a58a9074519d071c28c67c6ce91380b1f5b65f7417685538f25f0a70,Budclaw Sand Sculpture II
2097070613,ced76338a58a9074519d071c28c67c6ce91380b1f5b65f7417685538f25f0a70,Budclaw Sand Sculpture II
2024439344,2285d0776e47cf07ef2bee3c56a5c98428066907c792889a74dbf22fc35334dd,A badge with a soda design
2024457173,e78096521e3dc93ab8d5bbd278a0bee84201999e1297385b39d7e0e28f4b2de2,"I have 3 Lore, which one do you want to hear?"
2024475705,df4c568882d7d550d80486e953b58c2bf20e0f42184c7c9b84dac9b4b6b58f0e,Cannot start a course while in a team.
2024495432,780094a5b71ef6c9f3201a2e030a47dd2272b7fde15fb60ed13f0cd395ab30dd,"Didn’t scare you, did it?"
2024543916,da4f43a783ca4fd91fc4fb94efb8510acd98a34a8ff8dd0cadddc68399716efb,Quest Test - Target Point A
2024564422,cd63a167e1dd81798a873143666340f785c76c191496e883bcc0e2ff0553375e,I’m doing research on the Bolties’ amazing jumping ability.
2024567156,e08949d7d2ffc55cc5dc9ce892821cc48538f07ff930151161d27ecc14ae1f62,"This sounds so eerie, like a ghost Lore!
How did she disappear?"
2024580583,761b3aaa108110962fe668b58757fb109afd7888e4b500a761a88e55c88f7480,"The new toy based on the bouncy leaves loved by Susutas has been a huge hit, so we need to order more materials!"
2024583244,93d32f44a94c914c81bf3df82dd55af309e7ccd3f859e6b910cdf021185cb796,Ancient Stone Aniipod (Large)
2024609639,9b5a50942b2acb3d4e306587935e773997117e285ee63174e527662f8d64e4f0,Monthly Pass Daily Reward
2024639873,43908a0fcff1a196ad97eeb55e6cb815d9b5c3fcd7c14c30c81b27f74b4227ba,"Use <sprite name=""UI_Key_Mouse_LeftClick00"" anim=""0,24,30""> to command Aniimo to attack."
2024651528,ac9e6acec19b1539d1bd1a383a3cb0696a9efba5c6d5caf4ea6389eeed065eed,Invite to team up
2024660137,3303720efac3d9473449100f61bb5bcbee586c5088755a9eaed88d39d07d7326,How about another match with me? Let’s see if I’ve improved.
2024663338,b04caa233c285d8f46dbc0656c5e444e10c5bb12476b44ff596cf18003724e8d,Black Background
2024674352,f0e7fb91d61cdb2d56ebd197e058c80051197c5f238e78bc3a3120ac22d44992,Bouncy Pads
2024699213,49d674d24e6c7606d440c80f76d93298a712e21d6badf2d15ca976796dff8d74,"The long-slumbering ruin has finally awakened, and flame will free the treasure buried by time."
2024704270,e1e75fe7c8b8d217b014ebba8fa122c567e2a4ac77b89d21715b7457881aed50,I Want More
2024712852,69294d5509556780308114d88f3f5f2410378b9953a8dbe6b1e4ca5d54076cfe,Skip The Mysterious Object cutscene?
2024723543,5933c9661a41ed1639d9e714ad236a47465628d577517e849b7da2615aecd0d9,"Heartfelt words shared, joyful reunion."
2024758478,b3675993ec39c8042db01c38971cf4dc7a416f18aeb2ecb0b61cb739fc05345a,Dyed Cotton Fabric
2024821123,e2bcae8e6260fdd13f86f9f128dcec43c4a1232827dd83865b93eef0e6e2ebae,The butterfly shadows are gathering together to show us the way... It’s beautiful.
2024825451,44a4fdb9ac3181c767e04b167b09429d00a96961636a0e7b161a1866c2eccd67,Copy Outpost ID
2024885307,87edb43f83c5c29cbcb0828153d5aed23975913be12fc7a092bce197d5fc4753,This Pathfinder is offline. Cannot teleport to their RV.
2024910692,9b4c39bcd5ea4d7e4fa0456aab7fa08422639ef7cbd2b63d935b32840afaed03,Homeland System
2024945903,3d138e6dd513eda4ea3be23b3a1436acce85f539087d0ef75e30fbbb0b6432ec,Startle a Flutternym while it’s in disguise
2024955645,f4b32d07bcce1fbf8cbffc2486c69659a9c4ed32eeeea33182e613747914c2b2,Old Grudge
2025010071,1a7b428b5dfa4caf03618e47c4c418d1afe073cbab4aa44dbff2c1dca390181c,Alpha Lightning Flash
2025070712,971ef1360a088ce459b947c9016528d373a7b2195f041de9f39a220edfd7ade2,"Training Coin earnings increase by <style=Hint_BgD><customRichText(getConfigData,rogue_multi_level_talent_data,48009,param0)>%</style>."
2025109469,f64200b5d33aee188210bd72ce324272df86c388036fa8d8f7ae297729ec96e0,"Pathfinder, have you discovered anything?"
2025125013,c1329599e1d431b6fcf7e3a8541a717f07eda619682f6024cb1306c5a0a270a6,There is a difference!
2025149852,dfa2fa39b6a1440d6022358639830c09187813efca3967065a0afc6f4180ccdc,Keep going! You can do it!
2025160713,50ef292d241868243eaa1d83908e11f7d1f1cd7999aafb22440b169223eecd7b,So this is where you were!
2025179850,8f969a150f119528ffc41fc7ee27826da276c414c7a9c37a6eb379b503b1f7cc,Broken Sheet Music
2025184862,203e4de7dbd51bbcac1428a627d6ff06ebbe33d4c991148c6449334faa792e6a,"We had just defeated a powerful Infergon when the enormous twenty-sided Ancestor Prism suddenly went out of control. Runes scattered in every direction as a blinding blue light sent us flying, leaving us unable to even stand.
Just when all seemed lost, Helion and Lunara unleashed all their power, growing into the mature forms depicted in the mural and unleashing a devastating attack. The Ancestor Prism was forced back, its light dimming as it shrank into a tiny, palm-sized cube and dropped to the ground.
But Helion and Lunara had exhausted every last bit of their strength. Both returned to their young forms. The one who twined with you fell unconscious at your side, while the other gave you one lingering look before returning to the mural..."
2025187472,b0727bdd3c21b892f0787bc12e3d3305d92a530bf3e56d6f04ed753e078c23bb,Start Recording
2025231933,5f731169bb982b62977ce9d9b633dffbd1ccba2cda6b46df96ee719406041574,Rank Points
2025241523,5e64ae2290d64e63b6d839104ea123ba10e2c6c276e40477f30801871352047f,W-Wait! Stop hitting me! We have enough data!!
2025289332,abd343816e352976f390e37d28b01e31399e3d02a2d0086952ccf47ee2b508e7,Pathfinder Quick Marker
2098501958,abd343816e352976f390e37d28b01e31399e3d02a2d0086952ccf47ee2b508e7,Pathfinder Quick Marker
2025301839,da091abcfbe5aff87832b4c509da0d7f46201cdfd977db4f87499d1f8f57ad72,"Uh... I don’t think the Irisalis...
Well, I doubt an Aniimo’s got that kind of power..."
2025347342,cb7015dc81ea505abb7643a028689e6295b3e414738a50f642a50bec7d206239,Lightning-type Aniimo
2025352974,6e8e4ff492f892f3b38f5bbbdc7bb98331d074d5ef60881be025f0cc4dfe6f91,"Aniimo is clearly the cutest treasure in the World!
Are you also a foolish member of human supremacism?!"
2025366304,35c1772402edf92fd38483533e3433ef56b48b4ccf34f0075b9b16b9d8ff5bf3,Helgon loves treasure in its accessories. Help it out!
2025377366,c9e77a5f94ab73f6bffe4d482ff8e867f8293fea19f456b539cd19c0a31197f8,Switch to Landscape
2025429759,e4cece05c968e9314ffe854cae43f5b67dd455b8415cbe4f963049f46ca49df7,Wow... wow... wow... wow...
2025433804,80eb0641d97505e3da5b6f11790bc7d2fda9efe13127653fde93c1c9158dcc6f,"Use your profile card to invite nearby Pathfinders
to start Companion Mode.
Set out together and share the journey."
2025518643,f2102607c3103862bdeb61796d303c57448d15ab28ef0e3aa834dbbef3223cb1,Reporting grants <color=#d89c28>15%</color> more Credits.
2025535169,01252253478b4166e3364fb0abd704fafb3eb51897490410d9893a2e8b4b0b41,"So, you’re the one who defeated my brothers?"
2025552993,c47e00fed83cbff2371e1ce510271f211d1b2bba3bd914c8f67a1e3fe458434a,"If we’d truly given up... why are we still here, trapped in this form?"
2025554838,afbed35a9bb66020a88c767e6f893a5e4264ff261488359d4c4132a8f64994a3,The sea has permitted me here. The sea dislikes noise. The Aniimo do too.
2025580839,debb207e3f7f2a8a433a2f6e6dfdd910a325199f93c7cdeb5feedb50585e6b14,Feature Research
2025581340,d0f903fc42b1313f773d5d894212d715b612b94b2a4c1cfc65a5032185185118,"...Blazing speed, raw inner strength, fused in a massive earth sphere...
How elegant. Truly a perfect creation..."
2025650512,88a4e82bba2ce7bac4f710cf26d22dd8ba0027dfb6e0aba2f8438d56b9f243d8,"Oh! Yes, yes, I remember!
You’re #playerName#, the one who was on the news! The doctor asked me to handle your assessment!"
2025738663,ee7da936b5cb293e9ae2fa0982bc5fcd4bdb11f4e7233bfdd81c1446010b4478,Store
2025745241,361ca38a40cbb4c02f6332694886cdf9632d3e34da7662152f27023c6f02959f,"Appears only during a Prismana Flow <sprite name=""UI_Img_Weather_Rainbow""> (only one will appear at the same time, no respawning) likely [on the distant island of Echoback Landing]"
2025752084,b784590eb76fc4d1519cd98dd3957f5771f192bc66b4f679e3011ead8e42766c,Value Test - Earth
2118865597,b784590eb76fc4d1519cd98dd3957f5771f192bc66b4f679e3011ead8e42766c,Value Test - Earth
2025814512,dfb9e477edc61e182a8cce772264b745928e42b8ecd278ea35cf385e81914491,How do we cheer up the Nimbi?
2025860530,965f93d7fce2db70fb6581af9d8739ad64878b565442faaa2394791509c0b4cf,Dudu
2064258004,965f93d7fce2db70fb6581af9d8739ad64878b565442faaa2394791509c0b4cf,Dudu
2025874821,87f4d156d821d0c60aa96a67ce79f1a85ade402114174bee6096b5b11a5fabfe,I want to go back and prepare some more...
2025876086,e172bc1c43813be246c77e451375f57e9ad8c19510e86ee9dd43bccc757100ed,Light-type Aniimo specialize in illuminating your homeland.
2025900043,0467b29b58b099a0bb878af17c188ceabfcf5c27d03c9d63e7522e70d0c55f10,About the Coilstrike Club...
2025903772,22c6fb495159f3c5ffccb811490b5c967a9c69b97a000783c525c6b8dc98a688,Launches a tornado wind orb that explodes on impact and generates a forward-propelling tornado.
2025930363,b02f927015ab82f85e4e3a2ca96388959e32d921e6094bd338bf96550de1b7fd,Destructible Rubble_Style 3
2025944532,3d10a7a05de2009cb6c0225a22a55b42e4f815178b6b3da30d7b8f096658c7ec,Keep your voice down...
2025966100,df4a436a462090792779b20bda27040c84710710e2f8384afe836d5ec32c4afe,"<style=Hint_BgL>[Predictive Dice]</style> For each gold coin launched, consumes <style=Hint_BgL>{param0}</style> training coins and increases the damage of <style=Hint_BgL>[Predictive Dice]</style> by <style=Hint_BgL>{param1}%</style>. The skill will not be activated if you don’t have enough training coins."
2026003759,f6e5fefc87dedc27b130b22a4ca05535ab6b182ab2e5b5854e71073217188dae,Aniimo Level Cap: {0}
2026012749,3b7ed40c04c62efb840ed53c679e91ddaa6b5d45063a3e2087e2a6c61a7d26a9,Furniture Blueprint: Harvest Moon - Starlight
2026024370,7ac53f8518e8415075fce1b95d18782aa5d807696c5eede9e445ab2b9203c61c,Amazing Jawling
2026051975,8d9ef4d7b0b6fc83f32edc4b8d317d7e714c3f3e85b22d71831c3c87061ff646,Craft rare rune.
2026067168,a1f3d77550754972b418b6e7f755c0a5aba68365d9838fbf9e25c9fc2061886e,"Oh, she says this is a gift she got from another Aniimo, a really tasty fruit, so she brought it back for me~"
2026128648,34c252a3d645464563429736e23e3c09d17dd77cc419124dd091a8604461263b,Unlock weather changes in the Grassland
2026144427,03a2145d787922a69695c5d4abf1170dcc3c81f2017cb789379a0cb5f2d8fcc2,Plan III (unlimited chances)
2026153198,e6e4e7e1cbd9921129129ce107a1b03bfbd67cb4d2bddf54bd33b179e6d1c247,Ai
2026294047,7003bc1b7c9147b7df2624e6dfadd70c5b06664356e09428d7953c283cec9c43,For Overseas Paid Test Only
2026303163,9cbefcfa5d94df89b99454b3d464738125d77e979bc45b8b4db98a4e77c300b9,Bubble Energy
2026313278,5b1c2747f5e2f7d4aab42fb702fccbe64d833faee457343454282103386ea8a8,This is Beast Fang Ridge...
2026324218,51fe41f360e605672c4a1fbd4290531f1d894702f57ca117280ae6fc31576b34,Looks like the audience loved this contestant too. Let me tally up the votes...
2026328101,c8a5c214282218fd78a0bee576682279fcfc5cdda7f50200c4367a5fca2070d2,Reduces the EP cost of the next skill by 50%.
2026354876,48c27d5005bba347de97d34342034480076924f0dfb4ccfe0eb3af16d82deba5,Colorless Dream - Berylline
2026387978,e8a4b8d7f6c3ca3a21ab94ee9c13bdb351b576bdf0963891e77be84c1f0bb4d5,Encounter all different forms of Gracewings
2026404055,f0c96c754439c1bda4f6d251ac771fd3008725ae2c950550a9e3c6d913aa7f87,Rail Iron Crate
2026412237,ba7a996b2f0f9e78499929d27c28de479a73798a7c24029d2833be5dcb3d071b,Exquisite Relic Chest
2026426924,0519a4ddde04dbfc02c6560f57a2d42bb60b60893586ad17b3ccbaa85700db72,A semi-finished Aniipod produced by an Aniipod Maker. It still requires the final step of manual processing to be completely finished.
2026428719,bb010eb439a1266120b469126895a418097db57f344c559586751577a5e82fdf,Research Points obtainable:
2026439911,13ddee2f12c28af7a0ed887e866b806552ef816cc284757d3bd53f7c93721570,"Who are you, and what are you doing here in the middle of the day?"
2026486646,068b8a2ed7276081739324e9099069676071c8ca5c91f41170731f8ff5460f21,Listing fee deducted
2026533518,a275016f2377fce30d3168fc0f06cb08b95ae3801f7d3d83f6624df0832c52c1,Stand over there so I can take your photo.
2026607222,8d8419076a2275480890bc74b8f096d3cc177b22ed7d9ad1c97ffd6237a9a768,Some materials need the right <style=Hint_BgL>temperature</style> or <style=Hint_BgL>lighting</style> before they can be produced. You can check these requirements when setting up production.
2026633333,23bc586d4c6b5adbafc80d7a9f60d976ac9bf3a035b40e57230ef881d144b109,Sigh... I wonder who lost their pillow?
2026655095,30d71d9fa64375e21985602d0afae69a9e6a6cdd7f23165a1fd529221db38178,"The Flutternym Queen? True, high-ranking Flutternyms are called Somniwings, famed as graceful queens.
But... this one looks like a regular Flutternym."
2026664559,f78606f71decd3d1dfb2c7cf46f21c80331aefcf36293707a999b2c7acdb3375,They’re just too cute! I wish I could become a Nimbi and fly freely through the clouds too!
2026688672,116cd3982a9bc435ecd50e5978b68f5f1d542c0ef071fdb598f06a9000dd33cb,Goals
2026690396,1717cdf9c869b3576fc7ee7ddddfd368b37b9f1d32f9d17c1a9184a907ad2c51,"Two hearts reflected as one, kindred spirits at last."
2026746427,1a92ecbeca2f6ee827d41ec6818114f5e865275b636163e7da04585e430737ba,Sure Shot
2026756673,6ed82685fdcfb21e44d937e96dd0768dc547ac956753daf14ca843bc66b17716,"Hey, your electric current’s kinda messing with our call... Could you just... move a little further away?"
2026786876,95454d1146b2c539e2b5a2d9c62249c7848ba50b32dd1fc35fbd7e0ab765d66d,"It’s almost done—
no need for any more!"
2026808745,8505cfa2173cade605576ebc6205ef65867145499e35874c70c28680b2695d21,"(I don’t think I can make them follow the score... and honestly, they’ve got a point.)"
2026817563,4721485d788eb35b64bdb5e6ae577f38389091a01869ed12a0dd29fb98d4b1a0,Area info unlocked. Check the map for details.
2133144227,4721485d788eb35b64bdb5e6ae577f38389091a01869ed12a0dd29fb98d4b1a0,Area info unlocked. Check the map for details.
2026877739,e05b1913223cc6949c4bd1f5de84e8bba9997c9e0fb80cd45c7fca2becebef13,"Becomes Invincible for <style=Hint_BgL><customRichText(calcData,buff,2051000,param0,1)></style> second(s) when you take lethal damage. Cooldown time: <style=Hint_BgL><customRichText(calcData,buff,2051000,param1,1)></style> seconds."
2026894542,a7dbe1528e38bbd83759c5d8b3c06d4a8af45c7622d981d0ce828a2e9eee08cc,"When a unit carrying the Qianling Mark is defeated, immediately restore <style=Hint_BgL><customRichText(calcData,buff, 9163302,param0,1)></style> Energy."
2026949835,421c136b56abf63a125c742199932739e9fe2200376ad88386513345a7dcff90,So everyone in Astra can have dreams that aren’t boring!
2026960035,105d7992c81a613900a52dc1261624da18820c85936d567d2467027e9ac5f6f1,No Sherro activity detected.
2026978339,99c1cbc5425d7c7b805bd27205616f8858b8859c29fc304de80b06567a289206,Can’t make out the structure inside the ruins. Try using Helmut’s Detection skill.
2026987293,637838a12484f0a9c0a5b1ba54241ef8b0cab07cb2c93af1e4af0ca6435001d0,"While in water terrain or after absorbing water, increases Water damage by <customRichText(calcData,buff, 2119103,param0,1,%d)>% for 10s."
2027005990,867f18b610c16230985c32bb94419f2f7a2ec755387e7d8ba670d4135ae3f54c,How to get home coins?
2027044973,b98a65bd00f48957607fb6f4fd43e32147cc1b103ab49e071fe4b5e09e279b4a,Provides buffs to all Aniimo teammates. Cast to apply the corresponding buff effect.
2027091548,1791d7313fcc1930d89d99a3a1811bca11fe2a2eab7736c81106ab8fef05231b,"Yes, yes!"
2027103435,76dacb775ef03a3a48ded9e8eba7b88a7bfbad3386cf181855018ae8bab2c84c,Data Chip
2027138025,a6975948144926c483a87895ad6e7df3c49d5fc3236e747a5f40e3aa811e52fe,"N-no way, right? Momo’s still in the Lumin stage..."
2027179584,c6f0f1787074c5c5f49b64129c8e3995d22224f5e813ae339dd65f7a80d57df4,"The melodious bass, like the ocean, is vast and gentle."
2027214064,9ee6d20a64ae9951053458f63cbf82fe788b45a40b0d428f4eee9ec22ccef084,Ghosts and... ghost legends?
2027232909,359854ec7ca8a876ed0b3d11f9c12497cd9ac39ef91c3a1a480da4fc94f30ded,Place it in an Aniimo nest somewhere in the <style=Hint_BgL>Forest of Falling Stars</style> for a chance at something magical.
2027254646,503c46ee96045e768682498294fadf4a0b26f5fad6b83db8bb1d226b156212c7,Additional Info
2027275639,1443633f50f8da2dac105b318ee7bbba23c66432f9657da200639a14cdf2faf1,"Frosted Bough, Dewdrop"
2044733174,1443633f50f8da2dac105b318ee7bbba23c66432f9657da200639a14cdf2faf1,"Frosted Bough, Dewdrop"
2027285625,7ebd2805abaa3686742032e577f8fc892c4320575e803cfb56e9d46e1541b397,I merely used the Bloom Festival as an opportunity... to lend this little one a hand.
2027297615,d58e11339a9fdc1d4c86a100f1fae188eb1a5ef98b5cd9522933f56fc2bd924b,Summon other Pathfinders
2027297852,e84600ec1bd6e10c0f50eefdc3bee1d54e0161d3f3c9acab5b9b70b9dc23df27,Building up mist.
2027433992,2c5984c6e51f4a634982a3aea229b6f8b5c9d49c0c6608e6da45c0f77914603e,Trigger Type ID
2027442205,ee7ba8350f8edc880fd624dd3480c895af17fdc3f03c3f96dc6dbf26acba43ed,"The freezing climate turns their manes into ice spikes, highlighting their rebellious streak. Their shed skin forms a tight-fitting suit, allowing them to maintain both style and warmth in the cold."
2027445093,9ea6667e66ca4c016789d672f2b7c3916947a608a7c7211231e1a678a20dcccb,Rose Incense
2027450713,3bff8cc7398d07359a82e556a5dedb4de1b417f578c5483753eb3b791a408e28,They’ll never find me here! And those Hummins outside smell amazing—I’m in love!
2027457031,3031a2821879d4c6f343f5af30b4e3d741f386e5abeee1ca1f6ad23472cd39ca,Blessed Iris
2027474370,3d88e679c21a97691c408f7a73d05c9d8ed6b118068249e6d084a24a6cac0cb0,So it was the <style=Hint_BgL>Mountain Woods Form Helmut</style> causing all the fuss! Hurry and catch it!
2027476635,325c8c82174866c2559c120a6c96f82e222125820a49e794d71047401dbe0fda,Maybe skip that. Let’s just toss flower petals for everyone at the festival instead!
2027481298,daf77d8f8b7d417f17f30b03b6cb53e74cdada871e2889476521a48ce1a3035b,[{0}]
2027508014,87e9787f002578b5db18c70720ccef6d7f1240b0ecccbd097d15048761c2979f,Health and safety always come first on any adventure!
2027514012,25696507596fc78cbdd6b72ee4b5f6ee2e55961b91de027f9e895f8be4e657a8,Official Account
2027543427,595e4d849b10962350f5cd585a08007477da21ca6f30c540da0558bd7c39915f,Congratulations! I Twined the communication at just the right time and didn't miss your blessing ceremony.
2027593850,f494e02a127a52e00a88f1ffc0663185dba25e0662e8a49e2b1c848dde25e75f,You can’t get me!
2027605550,e3e7ee696a52a7e42bd38889ffd4a52d923919f5e233c251408e9a26ea3ee1b5,Design Studio
2027645243,712b2cbea0d266be19b6b167f0840fb3867a74312174455cc9fbd01c9754daf1,"When dealing damage, applies 5s of damage over time and reduces healing efficiency by <customRichText(calcData,buff, 2700200120,param1,1,%d)>%."
2027645574,0c019e390cb68e27fdf89260e258bc603a9faebe2618921fb95bfd1600518462,Story - Outstanding Scenery Ahead
2027685234,9d852578b3a065f0b0155e6ac6dfd27abc2e21adf1e77308d2dbd433e469b664,"The two Baleetles bolt down the track, kicking up a cloud of dust."
2027713421,19b3a68d8775b7e2499334afd49e57322b8fe22fa86bbef4f6e72cca950f7862,Mountain Form
2061719293,19b3a68d8775b7e2499334afd49e57322b8fe22fa86bbef4f6e72cca950f7862,Mountain Form
2027735784,33b77e0d3d9274c26b8a94dfca7899059f082d1f7cd5a1638e55f169ab617cda,Tap the [<style=Hint_BgL>skill button</style>] to cast an Aniimo skill.
2027737166,fa162a3d942b7aa76b2a742411a15ffc221a6a4527916b932ab9633f549fda7d,No buffs obtained
2027765907,23073dfb93db3723572e1c67b581b58413c7500796b43a0e7cb51a27b9cd83dc,Necessary material for evolving ice-type Aniimo.
2027796498,2138cb46b07bb2d85bfef88c8601e4b6a22697287234bb470d1f70ba69bcedf8,Cubbo Alpha
2116916138,2138cb46b07bb2d85bfef88c8601e4b6a22697287234bb470d1f70ba69bcedf8,Cubbo Alpha
2027831661,8d1f738ceecd19a3c8e5c5d0c7b4f1523b2f14ccd3b2eedf1337ee1a1a1d4cd0,"Collect colors, be more beautiful, and become an Irisal!
All Irises want that!"
2027854286,764f5f35f780410e1e09549ec6268c077f0f6e5d1e4b3e55510e52c6cf99f5db,Insufficient remaining search attempts
2027866717,4f7db6ad30527631917127d56bc81e3086eebb30701e3fcc7733840ec6202993,I’ll help you find it!
2027884881,d219dc107fadf08672723e84135a27fd0f8e67de90b4b8d53449ae2babc9193a,This target will recover HP after 10 seconds. Defeat the other connected target within 10 seconds!
2027938209,3aa2c6b0efb1bb32f2a71b0d080f1b027eebe17f2be67b57acd39b4fcfa9ed11,Production buildings skip one phase
2027959742,3b063f46ad7649b9ad1b170ed17d17e90a66df53a75e57b29db04862b3e452eb,"Someone suggested I get a few Grizbo, but they turned out to be even more irritable than me...
It made things worse actually. Ugh, I just really need to fight someone right now..."
2028053107,f02d08c4e898135301c792c4053dd8a0b2b31d700c8cad28b25cd0108248ad07,(Be brave and just say it!)
2028065045,7701d86710a1e17348e1e71c32f41953a5a2c72abe947cd4ccdee89f17547016,"You know, Lita’s students normally learn combat knowledge by physically feeling them in battles."
2028083871,4cf66d7261e5d7fab82c0f6bac60931e05e559982ab1601f44ca6eb3f6f94b93,A vibrant-colored mineral veined with tortoiseshell patterns.
2028157372,cd8c2f1dab1a7a382b9819a4ac39643f91c053a3c5b18270cd4644595b5fffdf,Investigation Results
2028186028,445bb2f239d0db219c3a0d9051a8a84ea5966c474deb097b6d4100b672ff0df0,"You pass Lana’s test with flying colors, and she explains Primegy, a precious resource essential to every adventure.
Back at the outpost, Dr. Lewis formally grants you student status at Polaris Institute. Having excelled in the training course, you will now continue exploring Idyll on behalf of Astra and the expedition team."
2028209304,dde32cfb9306d2b1557b371f5b9dc177f0d92b91fe76ef2606e3dd747df75908,"Defeating common enemies has a <style=Hint_BgL><customRichText(calcData,buff, 2061000,param0,1)>%</style> chance to drop <style=Hint_BgL><customRichText(getConfigData,random_buff_data, 2061000,param0)></style> Training Coins. Defeating an Alpha or Omega has a <style=Hint_BgL><customRichText(calcData,buff, 2061000,param3,1)>%</style> chance to drop <style=Hint_BgL><customRichText(getConfigData,random_buff_data, 2061000,param1)></style> Training Coins."
2028240542,0b5b1a426af8958dae224177a2fa2e27be8f77f88b70bdaf0aeb2ffa549abd44,I can’t sleep either.
2028256252,5e4553593ac67154b34c29e9b1cae68f0b6f382c0e27de7bf878e0ebf0631cfd,Frost Tail Strike
2052231476,5e4553593ac67154b34c29e9b1cae68f0b6f382c0e27de7bf878e0ebf0631cfd,Frost Tail Strike
2028267005,3ad3713794978e1a10e00e602070d58f09bc50b2cc2d267a9e4fdc2e0cdc6a54,Ancient Wooden Crate (Small)_Lv2
501889922,234683b71b058fac2beeecd5643587e4016c20a9eee03b62fe00ce23c3f8e11c,Unlock a total of 3 outfits.
2028296153,234683b71b058fac2beeecd5643587e4016c20a9eee03b62fe00ce23c3f8e11c,Unlock a total of 3 outfits.
2028344504,dd05f7c4b388bcac058571c5e1c218bc466c47e25b8c580c77b7144ab0d293e5,"When the Alpha has more than <customRichText(calcData,buff,4004110,param0,1)> stacks of Water Debuff, Water Debuff is consumed to enter the Water Pressure Imbalance state. Taking damage triggers an additional instance of Water-type damage."
2028351167,46a67066ca92797cb9abe4e90df60a738ca602e8a0b6e79c585fe74443afe7c0,Legendary or Lower
2028375283,80e03df1d0fd73923e6126bcc5edfa7bdc37546e44301f1f031627a58797242c,Obtained from the Bubble Gachapon in your Home.
2028394529,250a49d9da10e82670410037e8a3f6a1f3dbd1da0adc1baee416326859abd014,"<style=Hint_BgD>Exploration</style> doesn’t have a clear finish line, so don’t push yourself too hard.
Enjoying your own journey is what being a <style=Hint_BgD>Trailblazer</style> is really about!"
2028416903,e6526bc7b58370cde0fec5f9be053ef203b64642faf1db62d244a0fcc05f95e7,"Takes 5s of damage over time and healing efficiency is reduced by <customRichText(calcData,buff, 2700200120,param1,1,%d)>%."
2028430476,21b3002b956793b10251f929529c98511dc119aca57e403fab60792ceea0de74,Legendary Sarcophagus
2028475676,0e3bb8cb765f920aa68e1ebce5c5f7117c06191d2f0c1b1897dd4081319baaae,"<style=Hint_BgL>Waleetle</style>'s <style=Hint_BgL>[Stone Ball Drift]</style> can destroy <style=Hint_BgL>[Rock Piles]</style> created by Bouldus, releasing a shockwave that applies <style=Hint_BgL>[Disintegration]</style> to the target."
2028500822,fe6b4c0d778788328c34c18a0b0b461f4ab0f3114d7a5a035504664ef192ecba,"Cornet loves being the center of attention, so it naturally dislikes any other Cornet that might steal its thunder."
2028518872,524f5e6bad1aa2b8531f1eacd3b316a0b1602fe2f9c76352050e27d18c2ecfce,Absorb Water
2028531572,b01011153d515dace9602f92aeb2525e5729d8add8ef20a3e121568ddb38732d,RV Spot - Nimbus Fields
2028541040,16cff4014b69f10992503b954a4546989759ee8ebb456448f3d0793c4b839d1c,Exclusive resonance material for the Budclaw family.
2028562673,1bbab056557439370cd7cdeadabeb65504e3afc73165429f0b5ea0e5c174e98e,"Hehe, I meant to!!"
2028568473,37b15c944318afcafbf5b02b3327a326f76aa9db9e5d95cb8961567a89b4f0de,Special Admission
2067603636,37b15c944318afcafbf5b02b3327a326f76aa9db9e5d95cb8961567a89b4f0de,Special Admission
2028583449,8d0c4c360d587f2efae9a3b4795b3dd1ed817597cb25d61d51214891f92c87a2,Press Enter to chat in {0}
2028589700,8352fa93d2943cb596d932469ab95971c606273f6f189c5d8f57a9302878b96f,"...
An...anyway, thank you for showing me how. I’ll keep practicing!
I’ll never give up my dream of flying, even it means hurting my ankle more times..."
2028610406,12db5c1a5e03d6b96ce3461e6a87cadf5adb4940861c3d6387fb57195b23eb59,A lot of Polaris Institute members came to our shop for Aniimo accessories. We need new designs!
2028615780,bb2f9f98fc765bd5bf66f6b214c9039f127876d92edf6dedf32ba5bb471c316e,CONNECT  -  100 //
2028642820,5f7fa3d7803d3ddb4f8b2dee1e39864c099676f9822de18bd341194d5e92b26f,"Fully restore the target's HP, EP, and SP at once"
2028745371,00411f8c2c0f6649abef5d8b800cbdd21722c5b25788ed311ba54dd88b151a7a,"At the Polaris Institute, you meet Administration Director Ling. She has already heard about your recent experiences through the news and campus rumors and knows that you are about to join a new expedition team. She adds you as a friend on MiMo and tells you to come to her for help with any Institute-related problems once you reach Idyll."
2028774232,3279b3ba7280944a7c354342265ffe235212eb929d236d3345214668ff1335cd,Stand in the purple energy for 5 seconds to activate the chest.
2028775156,00a29850109b9a93a3c9e6469d9b967aa735802438c094b09844cef3d85c3c98,Narration narration narration narration narration narration narration narration narration narration narration narration narration narration narration narration narration narration narration narration narration narration narration narration narration narration narration narration narration narration narration narration narration narration narration narration narration narration narration narration (Placeholder)
2028816636,cf023f027b6f30c0c643dca1d3658d072237a4b82c95385f9de3df70297d3114,Aniipod Hyper
2028891425,313a95fae4ba542b5af6bc0e6df51d624e6cc0668b3ca1a5e2fc51cbf131694e,Eye Makeup 20
2028897753,c050b34d32614104b9ecc66de5a19d29310163da917a32c53a32632bb327e53b,Forge Stone
2028930394,d932190977f7e42855991ba209a70a08f035ff1fe85c83e0626a381698e9111b,Idyll isn’t a place for idle napping.
2028957787,fbb96570520f758354a62ea186b497d7894206f954fd3af80ed6f8c65f65f241,An Obsession That Won’t Fade
2028959273,8ae7c57aa74fe003fab286a3d753eb0752e37bbc39a16d9776d7135c0147be28,"Speaking of which, do you know the theme of this expedition?"
2028960397,d98d48a4e6999c3b45a9d837ded926fff4b38eabcffa380cb9ae411892748f22,I don't really understand the rest... Dr. Lewis?
2028985435,4e42f18cdab965d2e120c247c291eb30ec208f732aaf8e9e89a96670eb1391a7,"To be precise, it's the Principal's Office of Polaris Institute!"
2028987922,879d48ecc37d0412464551d8ba3c7c1e419f87e34b07674978cc40f7422287ea,Maybe they heard everything I wanted to say!
2028999294,fd0e06dce255ef689acc5a9fd764325c7705a73df50cfdb85e5049e3c017c743,Some rolling ones can roll all the way to the end of the track in one go—whoosh! Fast as the wind!
2029013321,0b807b46d64ac3ab18e2b7ac98a88be39bbd539c2fc126acea251c053c5ef662,All current orders have been completed. Please wait for the next order.
2029048735,6c337acd1bd023b66cec4d6206770f9a6896e8d8661f6d37a166c03dc79924d6,Super Wheatmeal
2029074782,4a9707b9dfda852ee94083b9dc30da5df925044773e365b81e806f042c9dcf0f,What? Still no golden bubble...
2029084550,9d530a20d25c3c5c40f2451fff0cc38cf8ec91fcb1a0c7fbc7f7775fa57b7a2d,Resting Pebbling
2029126386,c837e86087ace70c6691fe47f45c29f4eb8c3edc67ab197eaef4aae654ee971a,Not enough repair items
2029190980,304ae9e8f386fde22fdae89bf8054f2cc089c18eaf996499f2d360be866fb9b7,Consumes {0}/{1}
2029196798,425c7f118f51863cf33a25dffbacfef80f02981cae3130ba112fd670e30ec229,<color=#f7ba49>{0}</color>/{1}
2029209938,c6d5ed757b66bfd3147a10410e0922b701baf55c401a1491e314d65fba08d15d,Dream
2029216511,7d3a25cf0f07a546e7bf4a99c7bb2628b158929a900aa523381120f9bfe50be7,"But there’re no ""what ifs."" The track’s here."
2029243901,2c0745f24f1b341a11fec4a9b76276abfe4f6938cc6b6be141fc0912f6bbac7e,The Legend of Thousand-Fang Ridge
2029310621,544fa551f95ec787d999fbd6dbff658682e14e93de4cc64db04d7490a66cb2ac,It’s going to take such a long time...
2029319923,73aa9d63889b040dad815c68dc2399c55626a1367cd821e7250beb3adc3d46a1,Yes. That’s why those in the know are panicking.
2029328795,25f6fe12f962f404f555d224aa451d71cf24a1d4877caae9b5966e9fb991e7ef,Reset Newcomer Sign-In Event (end it and clear the opened Mark)
2029342759,fc550174c80ef7140881e14f65324d13f44fdcca87348582db4ec4044eddd7a3,Oh! The one I lost in Driftwise Meadow? And you found it?!
2029393192,a5f82828314fecaa95a156c2dca28ff5b909b5685467ab0db8faf30140b1df90,Equipped with a basic positioning system that helps Aniimo return to the RV area after traveling.
2029424443,e872e7ec06b12e287e18b78cd2dabf653deb070941329829335c2690e7d40e87,I should check with Dr. Lewis first...
2029445720,6c36aee17a858bb32d991d151e9692cfff6cef7f05ab403941dccfd1b1ad5662,"Indeed, I thought you'd be arriving around now. Everything's set at the outpost, so head over whenever you're ready."
2029487471,d310dfeb6253e69ee24d430ec88c2011e5043c33528f95e1a29a0ccc1290bf6c,Use to unlock the corresponding chat bubble.
2029565177,aa93e1f584d9023c68b534c2a77fc2d63a31155bac7228d0ed2d25ab06c571af,"Congratulations on winning the championship. Before the award ceremony, could we take this opportunity to interview you?"
2029604928,fa3bd0f6fc39cd0b08c8358ebff3f5f93f3cd13ff4989af13046f9c49c428a55,Buried Baleetle
2029624759,cf5f7ae8a4641b219628443d65f13cd851f684544e6db8831ec8c112aba683ea,{0} Special Form collection progress increased. Collaboration Ability Level +1!
2029692658,5cfdac4319e33b5cb32c242bf3ae68a57439177da47202c2586cb3cfb6f96686,"BREAK increases by <style=Hint_BgD><customRichText(getConfigData,rogue_talent_data,7,param0)></style>."
2029760800,7213aa988db81968a3ab8b96e9809ffe394141e739f58796f50216573c351a94,The Midnight Invitation
2029835900,9730bcb6a6b0cecaaa2423663e11363c9f2414a2b21cf521145afcc1f928232e,I’m gonna smash this rock to bits! Rawr!
2029846090,bbc09b218ecb8ec738a42361a788f5991b63aaa21b9d30c319ba1165b33d3585,"According to the <style=Hint_BgL>painter</style>, <style=Hint_BgL>echonites</style> can only be activated at <style=Hint_BgL>nighttime</style>."
2029854735,c1309c91c169fb34ddec4fcb54b9ff1ed6387c7d54aeb16fe3969e320ea12801,Can you design more Aniimo-friendly city facilities?
2029857834,366290b4e5d67e73476e7780cb8758991838b9faec0fc1e6474d39f4d0b5ec51,"Wuwa! Hawa!
... (You can’t understand what it’s saying. Try twining with a <style=Hint_BgD>Shelly-family Aniimo</style>.)"
2029887627,6180cf17d160b39579a61b9147bb888167c21303223832d98f28e4f46ca45426,Prismana...
2029888161,ae7c87d7d2ca981c59e2d3d50cbc803a860d70c48ba54a8595688625823b0fa4,Gaze into the Distance 
2029890851,66be7e633b6023b4fa1653001e2ff0aa1d70b79babc8d9be8bcfc7710a9fa1c4,Kind of. I’m trying to finish my drawings of Echobacks and find memories related to them.
2029905128,24a0a7d615ce406f0a8c53dbd71d7948f6319c0120c5ed8985ae95106df11011,"An egg found in Beast Fang Ridge, with an unusual size and powerful energy fluctuations. Guaranteed to hatch a local Aniimo with the <style=Hint_BgL>Alpha mutation</style>."
2029935331,1242a226a775561c7601370c3272074a5fd12ad160c0493990ceadbde5de6570,"After a hundred years of solitude, the Echoback’s soul finally returned to the sea. 
Its song still echoes, but its loneliness is no more."
2029937693,de76300478b99186c0e64eaa3d952aaae7d913a286dd44fb0ca26a8b4a803d56,Magical Damage
2029987226,f6d5994669fc5054cf1238a73c72662a369f3c9bbf7f44e0e3ec633ba50b92a6,"Hahaha, got another one!"
2030004889,4784ffeec7e79f39e7950d808f381c17f70b8f56b32eff8e3b1118766941b9d2,Phew... zzz...
2030011287,28bd687ad5d2d3e77c6e9956007c7c0beac81f517a1c1105f17accaf855da177,"It loves to take a bite out of anything it comes across. Its highly flexible jaw can open extremely wide. It shows affection and happiness through gentle nibbles, and especially loves biting metal objects because they are hard to damage."
2030032658,7c9a73404a3dc3f77991e9f55e2f1083e741dbf0a1f25154e4937f5c830a80cb,Oh?! You can twine with the Aniimo you just caught? You’re amazing!
2030041076,2f7be3d1242500fde8c98589c32533c03f9d737418b88c2fed2aa0b42b7d35ba,You have been assigned to the tank role.
2030067756,bb56d0b1c735935d2894c95de5f62085f09870976fdcbe8e5ce9eadb25947e68,This special Aniimo cannot be selected!
2030097903,e6bb7ea12cbcb9d00e9333e9aa47616ef24bfa3fa084747c17eb9d82bf9d9d56,Park Buff obtained
2030137877,99d4fd43a6d02eca91189bd9214ce37f5f0129cf555860c61587b292cb68f2ed,Astra Gacha Store Visitor 2
2030142198,5c2d1e0ae0efae26b604c2a76c6959c459bd31286966fedb0aba457aa8cbd32e,"Aim the crosshair at the Emberpup, then press <sprite name=""UI_Key_Mouse_LeftClick00"" anim=""0,24,30""> to throw the Aniipod."
2030179744,40e207a2a74a059d928eff7df46f826ce9a2c802468b302ecebec1fae9e6515e,"You use up all the joyous tuftballs, but nothing happens to the bittersweet bloom..."
2030200923,1463e4fb23c2885fa0bf8b29a1090d52a14fc5abaf7b476ceff41707b7a30988,Roasted Soybeans
2030202999,84be76ec1ed994e540c4ca4d3476e8fc15b7dde50353a720464b492a60308c0f,Maybe you can get closer and try counting them.
2030211050,c66eec4c238fcf3f6ecab0c2f7d4ea7eacdf1566ef1741aec84018ae78ab5b85,Common clue unlocked—try again with the new clue
2030219200,c1d2aa9218391822f0d8ab159b1c8a7e92c5377260d94bdc96746d795c8dd168,"Builds Momentum while dealing tunneling damage, up to <style=Hint_BgL>6</style> stacks. Doubles Momentum gain while tunneling. Emerges from the ground after reaching max stacks, gains <style=Hint_BgL><customRichText(calcData,buff, 9116112,param0,1,%d)>%</style> BREAK efficiency for <style=Hint_BgL><customRichText(buffConfigData,9116112,duration)></style>s, and generates a shield equal to <style=Hint_BgL><customRichText(calcData,buff, 9116113,param0,1,%d)>%</style> of max HP."
2030234045,bd3e4ebc141b7bc979d7c760845e0f10cf525d29037c29fe2c10009fdeb59636,Butterfly Shadows Carrying Light
2030268379,905a2dc434459ae71d4b3569a61ea0306d50da1beeec62841d0821bc9c7ffee9,Fire Region Placeholder Male 1
2030283693,423c684119c569f138d24c3ce0dd710996cee96713879461e9039f370ec43c3a,I think... I can finally recreate Whisper of Longing.
2030304485,760325feb334733dedb773139b0e6a3cbe280b2ad5ec178c693ef5ca2aa6f4d2,"Lady Velouria, please, help me return these colors to Snowy!"
2030352969,79f9cc4dcc9db244651d7a2af99bd1db4acef5f54c33610a1c13fa691a2fbacc,Target the Alpha’s %s
2030408392,9f7721c340d58664455d004093a7a863b01c051b2b02c636c2145ad724698e6b,(Use the Holo-Bouncy Pad somewhere around here.)
2030413084,b0801ba4dd21594cde9505ab0dcb892ddf9387b55a289af70eb6dce7edf5d535,Cannot use skills while Silence is active.
2030420908,2dccd1c5c55419a2074e2d4db9cf896282066a76efd30d898cd956c186c480bf,"When the Alpha takes Lightning damage, it gains a small number of Lightning Debuff stacks. When the Alpha’s Lightning Debuff exceeds <customRichText(calcData,buff,4004140,param0,1)> stacks, it consumes <customRichText(calcData,buff,4004140,param0,1)> stacks of Lightning Debuff to empower nearby Pathfinders. While empowered, Pathfinders gain <customRichText(calcData,buff,4004142,param0,1,%d)>% Crit Rate and <customRichText(calcData,buff,4004142,param1,1,%d)>% Crit Damage. The empowered state can only trigger 1 time per <customRichText(buffConfigData,4004142,duration)>s."
2030488550,f63790cb4d1ea9b60fcbd6078d1cbdf2f91a4c917b9ac3e67b9aa2a5555b38de,Complete all Quests in column 4 of the Journey of Trials
2030495506,29626c0109ceaaea68897b4190fe47a663401264e50969578683c73e43438975,"Earth—the blue jewel of the vast galaxy—has witnessed 4.6 billion years of time, giving rise to countless brilliant miracles of life. It is the birthplace of human civilization, and also our distant home, now lost to time. Today, we no longer wander. Guided by wisdom and courage, we will build a new homeland, and the flame of civilization shall burn for eternity."
2030520388,c0fab82643a9ea2f92dcc4e760196d4310acc930cfe5420f62fb07cbaa0b88a0,Why do you like me?
2030550554,e2799ee8a87948f2463b8585437b654b9a8e0b5648a1d188bb8a7eda4624edf1,"They only appear on rainy days like this. You’d never find them on a clear day!
Follow the lightning, and you’ll find them."
2030643637,e88ad4161adf0026cd0cd996295e736e04f4992daf5bea18e33d08a37d28cbd4,Weakness Exploit I
2030652348,2b5fe796785358768cfa60258fe0054ca8977a658ad902b2d90a8d54ef0d1210,But if you were also repairing the Vein... It all makes sense. That’s extraordinary.
2030656273,a06eccfa2cf6c792df63a7ee7995bec575b66d0284bb30d41d0d039f699dd735,Returning to single-player world.
2030687141,734ef93818e35f5508d973c39b0b190e4775f2f10ae8832afb362372133aa4a3,You can consume Primegy to Craft Cheekie's Dewdrop Crystal
2030706584,4b01e8400c541c1c75047d7cac24441082901b58d3c5f6a70928b817ef65b7da,There’s no entrance here... Is there another barrier?
2030714264,7a0aef3d77f8d128105ccaa11418d5d313b2e08f3da3cfc1cf5a117db0203fd6,A Training Style that grants buffs when you are healed.
2030714354,1b8656a1996b1c160bdcadd2cb425c11495f4a9e07d62f0b6620629d88a73658,Everybody has different talents and bottlenecks. They either break through the bottleneck or stop before it.