1807985635,a56694e30c61c5c5696a4040391b0655999758dedc3b3d66a31e5ac987cc9727,Tap the button in the upper-right corner of an Aniimo to deploy or remove it from battle.
1808007245,bf2ebd70a42c57618f0a5945c17f4f3381d1510c50e4b7c2cf7c6cd499490b77,"...If the murals were any indication, it’s not impossible."
1808011478,25947371b114454ff82a4a87c4e5d32d23914ce6dfcde97e32bb30a3788643d8,Are you certain Aeolus looks like this?
1808020610,66a9cdcba1510b06efe0cf48cbf900542cb15a7df32e3489c814906fa075c230,Items to Sell
1808066416,17d61ef73be322387639c81b3932dfdbfbfce409715fc436066d8241be1de965,"That’s my partner, Perfumer Zephyro. He sings because he wants to fly... and I sing because I do too."
1808079958,861a10f55c6f21f25e226775506edf44986150f0e0e717ac124e0cffd353a243,The handmade shell wind chime jingles softly when the breeze blows.
1808112427,b66135a1138cf9f79a273e135f84daceb0516ca75bf0fa78736de592c96d7f85,"To keep up with demand, a few of us at GoGoHomes pulled some late nights and put together a batch of <style=Hint_BgD>new formulas</style>. Things like potato chips."
1808126466,d2cefc31f248e01750e99b2b286dc094612eb62e13e8e316a00f7aed0f86a05c,Use to learn how to craft <style=Hint_BgL>Potato Kvass</style>.
1808166818,c7d1eeb070accfe926ec1ce9b275cb279012605df90ddef4d7cff8759e052c93,"Such a small opening — only a special mini Aniimo can fit through.
Is there anything nearby that can guide us to find it?"
1808187834,331d375cc090c522679e19b2b37b2ff7e9aeab0c81739ea485cca50f5e3e529a,"Good, it worked."
1808225604,69b9857b84854b8837d68713b655ce22b742f25afb8275000cdbe389c4b7a22b,[Bonded Promise] Test Rewards Sent
1808249325,3d058b7c6734032391dbfcc832704e60505d2bb02c66019d2d710665d0777b3d,"That’s... kinda nice, actually."
1808268783,4612af4e7630c85a77b878833db6b3efe2e8bcd086c5e3a932e345929547a8a9,"Anyway, Dr. Lewis told me about your lesson and your assessment. From now on, just ask me if you need anything!"
1808338593,c2525798cc102cc6687f65cadcffeda2eb43382976c0a155245f4afe0b9cf76d,"Wow, that’s amazing!"
1808347451,3ef9aa32b35fe113dcdab1407e1630d76e6422ad0599b80084dad0957e7913a8,Primordial Shard
1808361642,1cce76edccb1af62e23b19e65e97fe3a6b5ff9ed7a884731efffd7a84848157c,Little Firefly
1808382411,e7f782bf2ad7ff5940b28fcde92a6f93515bb4e11043fb14749ea90e93647353,Keep up with the group!
1808433317,9e46bf4e1fa5195ffc283690bad9a46df36d37f171764a3a73dc8c06e057043c,Bloomville Aniimo Items
1808446066,4f1f5a2d4e17f54154aca271dc2ace5d0e8e040cabf36cfe703e3b39a1963cd4,"W-Wow, I never knew about this..."
1808462138,f61e3b4c1a3ca513489aacba5323a7257db8edacbaa97e5566f1eee7b3709e52,Tip: Try progressing the quest “A Fragrance Journey: Beast Fang Ridge” first. Tap here for a quick view.
1808462745,cdd5ea99eae7c152b7e1a283df06ae7a0a7c22d3f3620019820a8aee94d38c6d,"Oh, Band...? Are they really that famous among your kind?"
1808469644,2870a91591fa3abf0fd64ebb2e325b9a5d77580f2572a6906aeb52293c2ee61c,"No, the rain’s gonna ruin the flowers! Gotta hurry and finish picking them!"
1808477101,6c27581d0019007c01206fc4cfdffe627bef2c0f000b7fba48cf95ea5246fba4,A new product is in a critical trial stage and we suddenly need a lot more materials. We need to supplement with another shipment of supplies.
1808502690,b022cc011062d309e2d609327983e30461b977601b511f8ed5b651b833add9f8,This assessment won’t be that easy. Stay sharp!
1808512536,133e99b5bde634a8dffa6130bbe403444590a7a643aa6c85cb12e0555087fa84,And that’s when you were blessed?
1808521138,4208700e05dba9b747a6345cec75c5d0fca5d30125b94058d69e9f06a677a5db,Snap a shot of a Pebbling learning to dig from a Lavazar.
1808561255,2d16854d58656b10fc5b8bd8a3971ae18413e21cb368a7733140d19a5d0f5f91,Only Sherro can defeat Panpanta?
1808564814,a66177fa181a8e9c2fb2a9a15817147b29aa15fcc7cd90e9aad820682c4b8746,Place 18 farmlands in your Home.
1808600488,4f4fa914ff8800f036c9ac0acb39f2d47f26543b15ca4a873c5593367c542ef7,"...Huh? Did I fall asleep? Sorry, sorry. I was grinding for Lumin Amber for twenty-three hours yesterday. I’m absolutely dead on my feet..."
1808612688,60d4378b46cc55abadad2f9941d5d716df142650487378234eb67b17e94340df,Calm down there.
1808644660,c3a2ab04e79b14feb1417bc883d2bb61f31e32f7f72b4a2af8410febfe66858e,"More Aniimo have appeared, and the Vein energy has made them more dangerous!"
1808663126,ee699ba019b070ff9f265b368334e674df045eb3a8568f913716770b5de6b257,Press #kHud/ExploreSkill#z to tunnel
1808714813,ae42a91e76ab50519b303f7f182db025de4277a71da99ff490c16ed26c08561e,There you are! I ran off too fast and forgot to take you with me!
1808830925,06ff6f9e20c9c990a667210ad9138923dd1aaa6873ca76734193b9a4ecc8ca03,"Pumpkin’s natural sweetness and the mellow aroma of rice milk weave through this fluffy, springy cake. Soft, chewy, and lingering on the palate."
1808978190,c93035965520445c3ce7ebdca7f66dbe1b80f8336fac2a1fbf9ada04fac0e44d,Studio is full.
1809016664,01fb2db2d2b0a142e245eb642874f1660baa828cc2c463072290be9d4c7e514e,Grassland Dining Table
2042518841,01fb2db2d2b0a142e245eb642874f1660baa828cc2c463072290be9d4c7e514e,Grassland Dining Table
1809023969,6bca20d3769b9948b41b04048c4b4da4144766d5a91597dd136efd0aa60fb2ee,I need to go see the Helmut habitat for myself...
1809064693,4539f503b34ff2612fc51e9c88cf501b99484b30588299df9b601a22323d057b,"Obtain from the limited-time crossover Event ""SPARKELF X Aniimo: Meet Your Fire Companion"""
1809065038,9f576246eebe5ad173ef5244cfebad2028c302423eb05b04751dce78746632da,"I have doubts too... It’s always misty, and reports mention swamps and miasma deeper in..."
1809087873,1619c3c4df228792ebd4b943aa441069a5c5cc94f7b793e6168ec466d875b303,Youth Tie 2
1809124141,f37203c7e8ace7856fd1d1618c852c44e192f5bfcbfdf47a67a4115895d4777d,Unlock Badge - Fragrant Dream Voyager
1809144208,8381c4dc18b820259b023f53057b520c5acd4910fa760b9dfdf1cdcdf5cd17eb,Large Plank (Floatable)_Lv3
1809182145,1f04b337394f614c6e640e4d44d03c1f872a6c166a795d0898abf889fee09eff,"Fine, you were right. Maybe this place isn’t safe after all. I should head back and keep working."
1809231115,08b643622354c2f3c521d5bcc348082d9cedb38f4bd7d3c2da7785a814876e05,Nimbis turn black if they absorb too much rain water...
1809254090,d18a72eb2befdcd1a6e14fcee9ade2f9e5468d2a7ec161361e3b6bb357d50da8,Replacement successful. Press #kCommon/Cancel#z to return!
1809285076,c23391e4a36f7522cfd85c9c1a1ed6bd550b6b1e4f8c91798f6f7560cf40401c,GM Force-Set Trigger Count Value (Valid for This Login Session Only)
1809292956,99cf9843fe5476381cadbfce619143311d4f20744c38e550f4e6bee71636b307,"<style=Hint_BgD>Earth</style>, the blue jewel in the vast galaxy, birthplace of human civilization and our lost homeland.
When humanity awakened from their drifting slumber, they discovered a new world beneath them—<style=Hint_BgD>Idyll</style>."
1809302686,f1a364ba9412eb9a89e42e8f9a91ce44dfe754efe18924bafe8e567917ef4d34,05/10
1809318909,fcaee130f84da5759910cc84015086f795232cf9e9bc3c2791a8e43bd8f95a93,Call Lightning
1850942397,fcaee130f84da5759910cc84015086f795232cf9e9bc3c2791a8e43bd8f95a93,Call Lightning
1912413615,fcaee130f84da5759910cc84015086f795232cf9e9bc3c2791a8e43bd8f95a93,Call Lightning
2032688388,fcaee130f84da5759910cc84015086f795232cf9e9bc3c2791a8e43bd8f95a93,Call Lightning
1809371553,ebe47cd14c762b9103caa2e386fbc05dd582b965ad0ce96a58b7cc53976f7677,Protect the target.
1809372731,ad6bdd35381c6533b447d1fd2fedd364d96d314b81545b516dfad10865a8f5c9,It's been a bit rough.
1809388201,fbc9d29a26aeba964e3d246bc01c5699e72591b0d9b9405e13fb0f9856afc967,Ahh! You scared me! What do you need?
1809465517,db887bd223807e51813e8b29f34690ef526f4479b2845b18d18adfcc8184209d,Bulbly Rug
1881159181,db887bd223807e51813e8b29f34690ef526f4479b2845b18d18adfcc8184209d,Bulbly Rug
1809480473,f4dd4effd0b763e99765bcdfb0283c8fa1fea7d66f0a75228799dd1475cb7f5d,Fuzzy search Aniimo info by name
1809494221,3d417775c8d250483295447db94b36a1dba9f6704700edcbb6ae6a5495b3b6d3,A patch of abnormally growing thorns appears in the Sea of Flowers.
1809498167,bbf35c2d869ee86c525ace3d9f7b053a06d251b906228cc7e7291040ec5e06bd,Text (Placeholder) Text (Placeholder)
1809624304,5b93e9e16c2640847f2bb750a97429f437b86f9ff492d2749d21b9ddb99c30c8,Aloeswood Timber
1809629586,d545eddf3bd056a62d56f77ee8a4bf627762aace5c60707f3f28b50f789e82fe,"Placeholder text, placeholder text, placeholder text, placeholder text,"
1809665510,cb25e1f2667925c917d1e842094e771b8026d1977b5fab0a149a379fe61ba0ad,Message failed to send
1809677575,c918ae5e39cf12ffe7475f6df586fe8a693efebed8c629d2b841829c58e0304f,Can be obtained by taking part in the Home Season event’s Harvest Dailies.
1809713288,505f45249d9495b75ade64e602b3bd73235c584c8ba12cff5293e641d2946113,Show original.
1809750096,4f20127b3d0e4d23b39afb54f3ccdc16f07590c329e7a8f9f5d2e0f61c48c943,Free Companion Handbook Level 37
1873402704,4f20127b3d0e4d23b39afb54f3ccdc16f07590c329e7a8f9f5d2e0f61c48c943,Free Companion Handbook Level 37
1809757515,767a07a6dc798244d9616834878a6c86b2f1817e4f73d0b25e14d8fef2d44f16,That Nimbi is just too cute!
1809768499,3534dfeb8dca819c289a747aa040553f75146f55210ba8270df0ce75d8c5e88b,Umbral Omega Stellarys
1809779847,21132613b8061674a0ef148aecce850493edc3fabf0262cbde712db205ab3f71,You can control the entire Homeland from here. This is the entrance to the core system upgrade.
1809783337,875a8a0e199b7b466e46b1ba6410b10bf556652059ec45706171ca5c4e14ca63,"Launches a freezing beam, dealing damage to all enemies in its path and freezing them for {0}s. Hold to consume EP for continuous damage."
1809791642,392d41a8b8104fc341e31ba716b4d0f82dbfa3e36965b4805245041fc8eee94c,Observe and Transport to the scene where the specified UID is located
1809815822,be0a5630163552ded698c8775147071960267a482b1f92ce719798d150be33ec,"Towering ridges rise in the distance, while heat stirs beneath your feet."
1917077294,be0a5630163552ded698c8775147071960267a482b1f92ce719798d150be33ec,"Towering ridges rise in the distance, while heat stirs beneath your feet."
1977896597,be0a5630163552ded698c8775147071960267a482b1f92ce719798d150be33ec,"Towering ridges rise in the distance, while heat stirs beneath your feet."
1809824026,fda452e3466f02fd601dc9a3907355dd003c85c0ea8aaadc85fae497ba8298db,Why are so many of these spices missing...?
1809826911,205868560261403a049e1af559ca54fe4f78bfa16bb10b55750342be40da5ca8,"Thank you, Dr. Lewis! This is thanks to you and all the senior students! I’ll definitely bring them something next time we meet!"
1809833039,7746abd324c28ee4f67383ea0d66b80949ba5ee317a6ef1dad4f480fdc84c32c,Forest of Slumbering Dreams
1809870388,6eaddc802241c3b83bdd2358c74ab1cd853f8809dc46b169003d7df664c2537a,Hello and welcome!
1809888427,0d8539751adccb859b6db3dd68bee3422831f2ffc1e4f0a74ed54f462e817e8a,Can you lead us to safety?
1809917000,77778a501b35cdddce96b669815f21d6fc2a00f38a4d754207db227736c308da,I called Grandpa yesterday and you weren’t there... I was worried!
1809927027,225bc585e58b58090164e1a0f5de2a02954aa6e6577b85e1ac524d7ed64112f4,(So hungry...)
1809936952,403819d9bb905f88c0939bebb4286c56880cfb3fde27b64e4382ee5bac2047a7,Learn Power Cheer Level 2
1809947834,550694aa10097b5120f8bfb9458ab875f8f8dd7b6568123ca766ca3ca523870a,Don’t run too slow or you might get singed
1809952442,2089918fbd4f90d1a4198f19ed105bf8d5e5d2c69b1659421668619162ab7af1,Good luck. We’ll handle the rest.
1809967318,78d638e1105d80d352dcccff7fb394a4fc5fbf14b679eb045f7d4eca7534a37e,"The mushroom has gone dark, how do I light it up?"
1809976135,56e78d4024f107e8230034839c2aa9a37d727833b1fbf9dab55606108f7c08a7,"I’ll grant special permission to the two of you.
As for these ""friends"" of yours... well, if they’re not afraid of becoming lost in dreams forever, they can tag along."
1809978651,6aa24966fab3ec25a3119b283df90997e6c5065ba040aa41dcf6bec5e8e5ac23,Viff? —bzzt— never... seen... —bzzt— you before... Could it be... —bzzt— don’t... to... —bzzt— alpha...?
1810005671,8d252a60f3a9b482f42ba5294f7adef9596856a6d31f1d7ef0cd57866125487c,"My experiment has failed a hundred times. It’s pointless to keep going, so I gave up..."
1810007599,06de1041dbf5ca3c762bddc677d376348ccfaa172f6d2d346db760ed150ef348,Mineral Sand
1810008472,8b20bf26c9e0d9f7f88c7e1c9e931e6e91409ab110ed707fadf7e37c617e6c32,Scanning and building data model... Precise Matchmaking complete.
1810024516,b7d905b33f58340a890719151cca32f7fabc54c599c5fa6f11ed49d218fb7f73,"It’s not a replica—it’s the real thing?!
I can’t believe I get to see this!"
1810044494,0f0039a8302a3891f1b1e4bfb9c568b033ccdffd7800e62a0089a72c6429d94f,Sunia Disappears
1810048521,ca8e9b8913f7d28ac3bff568efbc7f3d03836154b7fe739464299a80ff2a89b0,Data Collection
1810072023,9353e7f4003f8978241fb6c50f37c3d10b5f15b79eb0228282c0bc09f1a02060,Reinitialize all Quests using the latest configuration
1810087554,8f9e9f6d508794c149937ec15b5329e26b3d6286301cd8eab8b29513b584684e,"First, members get a weekly freebie:
Come see yours truly every week to claim one free <style=Hint_BgD>Coilstrike Coupon</style>!"
1810098540,58bb8b64b746deca29084ad0072cd668f697047b6f63248e22d5d06632439120,The best feeling ever!
1810141863,8b9f1c86d748f694ca0338cc564161419fdbbe7e5880f0c882dab5c39c933fd7,Owned: %s
1823505726,8b9f1c86d748f694ca0338cc564161419fdbbe7e5880f0c882dab5c39c933fd7,Owned: %s
1810167767,a0e70c65a2dec9da25144880eaef1255374f8123a91421e8ff36455a140b2ce1,"Because of just one failure?
Nobody is blaming you."
1810185622,e8bfbc859067c891db2db557bb086937ecfc67f3d3d1aaf470a8466777225242,Top-Up Rebate awaits!
1810205022,ca094d76f51a2866f8511b24e3f3cc4d5dce44bfd3d871d9962d2149cdabc349,"Absolutely! Haven’t you heard the saying—""The bravest bites lead to the tastiest delights""?"
1810246043,5b6ccd05e64d882f6efc007beec9e20faedc44c1c4613b66630a15608932c5a3,Green Raspberry
1842576882,5b6ccd05e64d882f6efc007beec9e20faedc44c1c4613b66630a15608932c5a3,Green Raspberry
2127225387,5b6ccd05e64d882f6efc007beec9e20faedc44c1c4613b66630a15608932c5a3,Green Raspberry
1810246486,7e6726bbdca90b589c549606dfa3ed7867e4b5599cb1588fede80c9d85698399,Communication Hub
1810249282,cb52781a6bf5c6d2756c557b05815a9a866ca8905f6578b4332c7c40b043e4c1,Shining Sorghum
1810252510,f213ac65666b4d67b71b7458f93cf92039e2b865aa62e66304c777773e453a87,Boltslinger
1817999061,f213ac65666b4d67b71b7458f93cf92039e2b865aa62e66304c777773e453a87,Boltslinger
1810253018,b7dc8f4ce4557917c5354c1822774a6aa9e87564fe8137cc8e784310560c2090,"Take care, traveler. May your journey be full of stories... Perhaps we’ll meet again."
1810269493,e2e902496cf47c2b85f5699a7088841c6df668c5b8d41307375a23604ac156c0,"But as you saw from him, no knowledge is meaningless.
In Idyll, passing practical assessments or focusing only on your field is far from sufficient."
1810291212,8d50de2c9fb00b61fd893feea7b0c25b29471ec99e36fb1ec3c435e9ff67e9a2,"Achoo! ...Oh no. I overheated it. The scent is so intense now I can’t smell anything at all.
Oh well. I guess losing your sense of smell is the cost of studying the perfume industry..."
1810298611,21ac80a21eb2184868cb09669a51dbdda01bb67c604e467b119c5b09983bc09c,So I built a <style=Hint_BgD>temperature control</style> unit. But...
1810313230,7ae633f0cb323636ab9ee58699e742565bd29d4c1685cdf165b226a7ed7884ea,"Rolls continuously to ram targets while draining stamina. If cast near a water environment, absorbs water to increase BREAK Efficiency by <style=Hint_BgL><customRichText(calcData,buff, 2117407,param0,1,%d)>%</style> for <style=Hint_BgL><customRichText(buffConfigData,2117407,duration)></style>s."
1810354172,adcd434730011a829570821a92874470e8df8d81dd6191cec4ce1e814c6e615e,So I decided to find the strongest Dewy and have you go through the trials I designed—to set an example for the others!
1810378852,eb99c1f1ccc50f9e4b71d2422914c328ea3ae4c3fe7a749a958f94f336ca2ec8,Aniimo Template ID (0 = currently deployed)
1810379615,4ded17cf710053ffebcebd0d4d5e0c04d7cdf04be1f17a787ba58382862a73aa,Steady Income
1810389846,2096dd939d52b5b815cb380334c0cb7166b80b7a0d2a7d38c167e376d538030b,"Yes. Sunia was talented even ten years ago, but..."
1810404720,f4ef120fcd6e0b947fbf60b6aaa1906499f2824daa9f0a99996748e74a4e9158,[NEW] Aggressive Investment (20 Training Coins)
1810407333,c7820061285bb3b6ea66aba26a268b60fe41924b872c9a6e05df7387587db186,Appears after catching 15 Sea of Flowers Form Skippies in a row.
1810430541,74b5b7da4184d0a6f6a98b463c46ec72dd62aaa5babe0add33a1dbdcba802006,"Over time, Thousand-Fang Ridge became a legendary place in Beast Fang Ridge. More and more strong fighters came to duel there, eager to gain the ridge’s recognition."
1810482989,34c67b8382054ff1e11a8dc9cb644062c19a8bcccc5a346c80459b2385bcb51d,"Sparkis can alter their forms based on different living environments, and each form is unique."
1810483681,a8758c92445ace47c2f29ad9f56e96ced4dd51d76e72a92940842a7a02711cf6,Right Thumbs-Up
1860214241,a8758c92445ace47c2f29ad9f56e96ced4dd51d76e72a92940842a7a02711cf6,Right Thumbs-Up
1810514842,5a7b6578418054b92ba8b814ace3c63c2c236c642d0a5080f60d6e95a9c07532,You’ll find out after the fight. Now make your choice!
1810544403,b1130a40600c1174bf086901a86be489b195912d01e6869366e46bbdd1587858,"After a period of painstaking research, I found something in the starines."
1810549939,66d57de436c3e5a7eaea75afdaf999e1529f255cf901f4507b4f3bf4fc86a444,No trip method selected yet.
1810590509,dcf0044720257c40f46ba94b948fc628954cf6fc3f742f68905ffc90ff3b0d7b,Interested in that <style=Hint_BgD>Sanctum</style>?
1810602527,8e266c35f165ca498be0ebcd4a67c17635faf4b5fac24a86aca401eb70727b94,"Hummin, Skippy, Celestis... Got them all!
Let's go find Nicole!"
1810606783,8054eb02d0e88c17262c713722b9d15beb1237915855ce479af67e604bd3df65,Confirm Edit
1810616496,458dbff5fa07dae016faf1b3c3038a6fc26a04923a1bd627e727472b58be314e,"When entering battle, restores <style=Hint_BgL><customRichText(calcData,buff, 9138306,param0,1)></style> EP for each Earth-type Aniimo in the party. Cooldown: <style=Hint_BgL><customRichText(calcData,buff, 9138306,param1,1)></style>s."
2123128943,458dbff5fa07dae016faf1b3c3038a6fc26a04923a1bd627e727472b58be314e,"When entering battle, restores <style=Hint_BgL><customRichText(calcData,buff, 9138306,param0,1)></style> EP for each Earth-type Aniimo in the party. Cooldown: <style=Hint_BgL><customRichText(calcData,buff, 9138306,param1,1)></style>s."
1810620195,1a76fc38ac3b769f10b64d1385ba6cac891d73eb8f08c914727aae6ed2bf405d,Bring the flowers back to the nest <style=Hint_BgL>within the time limit</style>.
1810622335,d147b12c4df2c6bb80df007e7f114887816fae225bc6fa94b999904b28a1b321,Ant-hey~ Guwa*&Urgent#Ahhhhh~~~~
1810624825,9f7fa1842e2b67d47b05d64a3716a05ed5e58dcb02777681ae2e6294768fd18c,"250 Training Coins, includes 1 Basic Gizmo"
1810627628,c7ecbb3842b07d36600ad53d2f0524a7a09bf7b9ec6ec3ebf4adf899f709c1fe,This is already a special trait. Use the item anyway?
1810685740,a03a43ac197255be72af0b479273899900b8a368fdcac2e1a5d2f9b606fcb146,I need some samples to explain to Pathfinders how to use my products.
1810748847,331e841d6385d5912e7cd10b97f5e293cf04fd78811fc6525afc43f4ac0d4f67,"Increases Damage Amp by <style=Hint_BgD><customRichText(getConfigData,rogue_multi_level_talent_data,43006,param0)>%</style>."
1810770720,0ceea5295797185f672352d0f22153b5c53b502d96d4c1f5321bd495947597ec,"A wall-mounted toilet with its tank and pipes hidden inside the wall. Curious Aniimo keep tapping at it, wondering whether the other side leads to another world."
1940825064,0ceea5295797185f672352d0f22153b5c53b502d96d4c1f5321bd495947597ec,"A wall-mounted toilet with its tank and pipes hidden inside the wall. Curious Aniimo keep tapping at it, wondering whether the other side leads to another world."
1810774877,e35e38f88b1ebfc472941363ed88d1833760368b0a75ccee2838e149531c9d40,Rainwashed Celadon - Bathtub
1988939709,e35e38f88b1ebfc472941363ed88d1833760368b0a75ccee2838e149531c9d40,Rainwashed Celadon - Bathtub
2054151947,e35e38f88b1ebfc472941363ed88d1833760368b0a75ccee2838e149531c9d40,Rainwashed Celadon - Bathtub
1810829439,f941f985c071376e4eb498fb30c0bf327dcd8d3ba85347bef548586d8715c95b,C - To get a large amount of Safaris.
1810830951,117f07d65c1dfef480245ed68d997e83852974eb5b528bc8c1504e33a677b5d1,"Wait, is that...?"
1810891058,09b2f49afd2f38c142353ac2389b163d95a25212a4201618aeb0d0288772cce1,"Please, First Lethal Thorn. Let our guest in."
1810915257,525c9febac9cf70f071da3fe5b4c3832b55c1514ed1be62ee7e6f395c5dbbad7,Higher chance to be critically hit
1810925642,251700c5792cef4695470bc4dcd93e5078400f42d4f76dbe2a3ecc0b07b68049,Spread Vitality
1810931794,5c85e22d11beb92f29075248956e77d7f8f270f2e85a06e4b6ba8048d8fd69f8,Stopped tracking <style=Hint_BgD>Sparkling Aniimo</style>!
1810952073,3fbe0e2d3b1c121d663b264fcdc52f5b6d36ac67bfd403f05332215b5f6f48d6,"Well, now you’re definitely not getting it!"
1810976244,41705c7d173fbdcc84bff435d0624196fa12f68307057a78199e995ecbd509a1,Aimo ■■■ Aimo ■■ ■■good■■
1810981894,1f21e6e21ad3429f9b90940b07766ad9a55457116fb844fa68bdb8965cc17846,"<color=#5090df>%s</color> accidentally hit <color=#5090df>%s</color> while it was working, but <color=#5090df>%s</color> slapped back before it could explain."
1811015256,8b303937b9d81485a9ae3a7126d091e958b8643187e0cefb8b7d02209dc01beb,Test Held Item 2
1811019943,bb9ed1bde99ad1f634e4ec66aef5500dd484253113c23d0349c06db63f2b4a94,Researching Ore
1811095062,7ed84e32b17050222f086348e237970f5aba8cbbbb232c6febe4a3f1ef01464b,"Quick, get the camera! Emberpup’s chasing Nimbis!"
1811113820,132dae1fee1c4824aa3e1e9bc01edf9f51b8f263219e9627bc4ac88184e61686,[Vitality] Protective Healing
1811173326,56204ef4a365b6e6fe9be1a335466fef484767d83b3f043be355fcf7b8f86601,Use to unlock <style=Hint_BgL>Harvest Moon - Osmanthus Rain</style>.
1811173892,c98a8d6a7040eb162c570c8e057851df4ecb6bb4fb702eb088598e623ca1c6da,Some commotion’s going on...
1811180776,a8d8195b358e183e8284f4ab9c2e09f83766a4599cf765a17a8b2df9ad406c4c,"Dr. Lewis introduces the focus of this expedition—the Prismana Flow, a beautiful and mysterious radiance that can reveal rare forms and powers in Aniimo bathed in its light. He also reminds you that environments across Idyll can alter an Aniimo’s appearance, so you should keep an eye out during your travels. Once preparations are complete, you plan to set out with Nicole but are instead sent farther afield to familiarize yourself with the continent."
1811196577,6ea7d87871c878b30330d15ea169cb80b85b890464de62f7ee83425dbc59b917,"Twine with Aniimo, perceive the world through their perspective, and fight together!"
1811219267,bcccdba487f0ac672ec78b72c08d929bdf23e90e8a2854f58e0dc0b4323b7dd3,I’m craving mushrooms... Do you have any?
1811338707,6a90e39af20a38a5e7f4f14e8d454fdd766ff7fe390b03853d56f73e5312d5f9,That Principal Oswen...
1811344520,fc2b99680d7f0cdcf902e2b067b28a40eec65e26a1d1c4190e2d3b781b2465a8,Collect the Golden Wool
1811383167,9394d3523a9080c5c77d0f1d43f9981fda6fd47ad952aaab11a7670e74a06058,Contract formed. Skill enhanced!
1811457162,236c305e1553f5815f0f2be4e3e75cc81301b82936d4566844e2186f9de0df1f,Attack and REGEN
1811548313,c0f279e9f11858bdc5d112dcc360aedb78cc6ef84c032a4fb44288d7d2299139,Eviction Order
1811605275,850699c915dc8addfc17c8316339236546dd7b9a487672559c54e345174d8b9e,Weekly Rotation
1811616422,dfcf1151b8a838ca0ee2dbade6ed030a78bd69f3f74e782f8adc2854146c1227,"However, Lumenfly Valley does not welcome anyone other than Flutternyms at present."
1811672605,6d3c717895ecbf8b361b3fbf375a974705815e91e4a023a70b1d250f5aea2dad,Snowball Pile
1821854462,6d3c717895ecbf8b361b3fbf375a974705815e91e4a023a70b1d250f5aea2dad,Snowball Pile
1811733811,5be3c2c8354e1eb924b03a3dcc7fa4172e9aa0f4917b46b44fcc7daf8835d7a7,Resolved
1811740186,4c1fb154d3fd2465b5ed13a64ec0b20e372bb57d1df3e996221d6b1b9af9bb03,Gear Attributes
1811765734,9eb5ab737cb388c42f6743037528d108d5175dfc9ca6844280261443de9d952f,{0} currencies with negative balances: {1}
1811777178,18a942f5fbaac390c49b59b00cacecd6adde1ffc8820b6ff6126fef3b5c40ce2,Waaah... But I still feel awful...
1811791998,343797cab922490531526fbdc3be782db57ef91ea31d78879a01ffd273552063,"If you accidentally disturb them, try luring them toward these <style=Hint_BgL>flowers that spray pollen</style>!"
1811827820,e261e53ac8af87baa4a8afb6312f07165b6e1def5272f7c05c46988ce95e0492,"When dealing damage to targets in Controlled or Break State, increases an additional <style=Hint_BgL><customRichText(calcData,buff,9102604,param0,1,%d)>%</style> Damage Amp."
1811849943,8b046c5a8bfd0a5d57740064d42fa6f62c4cb5a0c31dfcd14c2715f893e51761,In clouds
1811877266,33c35c0c80268b166b91e6714ecfbf34f23985fb6621fbdb025b6fcfbea4a67f,[Test] Teleport a
1811879222,d837829c94d7f68aea532e7f8a2447ee8e102a88f6adf31f7dbc60236f346a36,You’re amazing! What’s inside? Any shinie treasure?
1811890971,d9350b5a969ddd084d14e3b720dfd31956ec724ab21959dff765580f5fb02859,"Amber: ...No, actually. Did you really think me that sentimental?
Astra today is nothing near as prosperous, nor as secure, as it looks on the surface. The crises are still very much with us.
...In other words, this is no era for indulging wealthy young people who want to run around doing as they please.
Every one of my decisions carries weight. I would never waste precious resources on my daughter’s whims.
I voted for her simply because I agree with her ideas.
“Wanting a little home to play and roam with Aniimo across the continent of Idyll”...
Honestly, that was my own original vision back when I first adventured across Idyll.
Secretary: Oh? I always thought...
Amber: ...that I was a total pragmatist from the very beginning? Not exactly.
It’s just that Polaris Institute talked me around. The future of Astra, the future of Pathfinders...
They were right. That’s why I started researching mass production of Aniipods, and thankfully, we succeeded.
Secretary: So GoGoHomes is really what you wanted to do all along, but never got the chance?
Amber: Yes. Driving your own little world across the continent of Idyll...
That was the dream I never got to fulfill. But looking at it now, Fannie has fulfilled it in my place.
...I’m glad she’s been able to do it.
As for how far she can take it from here, well, we’ll just have to wait and see."
1811891355,ed07b7a01706e9cef2da9682ada5f6123d8a2e248488cc602d1972fc853c90e7,"Continuously releases shock waves, dealing damage every second for <style=Hint_BgL><customRichText(buffConfigData,2128501,duration)></style>s. While <style=Hint_BgL>[Seismic Wave]</style> is active, taking damage releases an additional shock wave. Trigger interval: 1s."
1811897367,9317a84bd54abe3247f4af961595199a9d0520cd3bcdb00d2dc66ae44552a169,Sorry!
1811918912,259d9c9b6a0ec6d021ce0b8534fdc7177c6617332014bd6debfeb0154213645c,Congratulations on defeating the powerful BOSS!
1811932248,f1268f905a7975ccf099d44d21c2201c3a56f0dcb31514dd4187d6387b5d0590,"Still, those markings look pretty old.
They look like something from ancient Idyll..."
1811943739,3b91dbd7f1cbedf9dfb3fa40e61c639889490fd263d1b9e34fd6ee863ec57787,"Melloblums understand the courage it takes to wield thorns, and despite their differing beliefs, they offer respect to every knight they face."
1811992478,f436fbc9c8a3d3f38c38ab46c402d5bed356251ad97988c4d76e8c9c20c5eb04,Hah! You even beat Hoshino!
1812062576,866bb96ab528899bc9605c2b2528d2c63c67f964800dd25c65c9bce3f75d5d06,Can train and twine with Aniimo up to level 35.
1812121712,da77a5e0783c67551524cf4d8920dcd349babe64e346a74060ac8a442cb76d04,Click to view the Alpha’s details.
1812148818,b180359865c371e1cf4abec51b22fba14888e43615e28792e32b97b8a0a23d93,Loyal paws feed a brighter flame!
1812171148,1b7d9b94b7e4a3fe5a5796f272791a38a0eb7efcf2a5316737a0306425023e4a,"<style=Hint_BgL>Floating ice</style> will <style=Hint_BgL>slowly melt</style>, don't take too long."
1812193874,23c0233780ef8d38a95d9efccb8530ff90f790fcb02a4b797cac4d75fe66cb22,You’ve reached today’s petting limit for eggs in your own Home.
1812224167,859a4d5608c81b041d4ba8bf383dc57be28fbc67a0a44f6495106ff67dab0f4b,A Dewdrop Crystal imbued with the emotions of Aniimo of the Bolty family. Some say it carries their blessings and legacy.
1812224474,03c6a14495185503b5906cdf819ba8057aacb742e742c02f73e82bcbb734287a,"You’ve completed all mandatory training objectives for the Breezy Plains.
Head to Polaris Institute and take on a special challenge from your instructor!"
1812245792,f7b3a5e3bd014cd1f4f810754f7daf3d970ecea216f7862083543a3c942d84c4,"Oh? Guests from afar, what are you doing here?"
1812280677,4acb7cecd00ea630d3cc88454078deb8cc9bcdb417fd0060eeb686c6dc3ef812,"They sharpen their blades and wait for the perfect moment, hiding in the shadows as they toy with their prey. As cold-blooded assassins, they seek to end every fight in a single strike."
1812284711,b421617680fdb775b455de4cea57e8641a80ed0500adb078a1f21e21d0a5bc57,"You should head back to Dr. Lewis too. Congratulations in advance on becoming a Trailblazer.
Maybe next time we meet, you'll be able to challenge me for my Badges. Good luck!"
1812288040,596c23cb8e5751a30edc78797709c23cd2927e263d854e90160837a55e9dcf27,Complete the quest “Time to Explore: Part 1.”
1812291176,b4aeb029d81b511c483ad53b4ec77a03a929fe7e607e44d2cb421c4b18ac3339,Unlock the Veilfloat Avatar
1812299993,9f7b4db4c10eb2866cf113b94a53a4ac35246f24474302a49c03076e8ec02daa,"Press <style=Hint_BgL>Switch button</style> to switch to another target for lock-on.
Press <style=Hint_BgL>Exit</style> button to cancel lock-on."
1812339167,e05ca7732271cbfc917a49da10694ac49e466248e4d38d830167a83405e23656,Aniimo level too high. Cannot upload.
1812342410,6b0eb11cf4a40008f2582a7217e305a9fd5b343bb0555f9eb13952ac0a0743e2,Drops a lunar bomb filled with ice power on a target and triggers an explosion.
1812403495,880af0f3fddcde9b6ab0a4f171a571ab8fefefc2649ee49622dc555e73cfee62,Not bad. You’ve passed the assessment.
1812422886,8df20c4220daacb928c542bae9544f6b969bee227fd0f8554968918dcc85a153,Is this... a Cubbo’s rose? It’s just as described in the notes.
1812441654,dd1da43b32b92cce9955d3dc62887a0ba6c6a1eba3fefcbf8538a1b77e03b115,Small Wooden Crate (No Reward)_Lv3
1812542636,c77e935a3976dedd4a1b99e27606323c26d7b01afd25de25d572bed026a7a096,"While I was out patrolling recently, I saw that human boy again. But... why did he look younger...?"
1812559210,daaaa412ffee327994d5a2b8e04b87e7308151a0fbc4e31f3c28c0a1521b02a7,Straight Bangs
1812567380,2be95cb66b258e00cc116fa81a7480585d3e0152b6b44864b557bfe301d1bb41,<style=Hint_BgD>Wood Blocks</style> and <style=Hint_BgD>Mineral Sand</style> are both required for system upgrades. I won’t explain too much—you’ll understand once you try!
1812605291,c116910fcfb8fbd8f59d00157b6d5e6a550c02d28d02f23877e7f3c72ba7050c,Bounce Amplifier
2062797253,c116910fcfb8fbd8f59d00157b6d5e6a550c02d28d02f23877e7f3c72ba7050c,Bounce Amplifier
1812618301,26b9dc66547215aec0b7eb701863af878a6866b225090de6f3917085a466a346,Zzz... (Seems like it has really fallen asleep this time.)
1812633230,7e621d40c30a8710923e461aa084d47480b81155babd056af2a4ff57481d4654,"Note 3: We set up an expedition outpost by the river and built a wooden bridge. Tomorrow, we’ll start constructing support frames and officially begin the survey."
1812642005,dc7b94e12cffc1d23c55f1f9bf77857827d2148f12a8f010df361e3b2db05533,VI
1812667662,7325270c713e6a4241868915cf8e5faf13c217ce49657828538713f8879f0aae,A Training Style that boosts basic skill damage.
1812670934,9ad09027ea80efdc77d328d04b6af34c0a703f564f1a7e97f778e460bef62f6f,Obtained by purchasing from the Egg Heist in-match Shop
1812725436,6813a6ffc9b9f43a7a620b58a413d6ac2d91f77ace881ac9b27b3ee8ffb1daca,"Record every day you travel alongside your Aniimo buddies. Once your total check-in days reach the required amount, you can claim rewards."
1812744188,d9df6ddaeeb48e14db80721621f0738447636659b828a741d56fb22f0cd35af3,"Prismatic Energy
from Nurturing +50%"
1812757709,719de169b0df4acd6b3373fde1c7420beab9252802009dab02505f5213bc4569,Garden Court - Straw Hat
1972725097,719de169b0df4acd6b3373fde1c7420beab9252802009dab02505f5213bc4569,Garden Court - Straw Hat
1812874986,8b035503f948e74256f3860cd6d114733f2e4b59299c21322f0a29eebea15120,Huh? What’s that sound?
1812906289,62f163999d1122ab791bb50b7a329c4534fbec26950424d73d85ab7fd23c9c1e,"Once the challenge begins, hordes of enemies will attack you and your teammates! Begin?"
1812914718,abda979b912ce154f11d2601ccffbbb892a3a4e94dddaf3b863a51e4f1a22f89,Placeholder text content placeholder text content
1812927032,ba8f7b4d5c2c47f46f0802432fff91f670dd5c238ce9db1decd95675dd0722fe,Aniimo Treat Jar I
1950141046,ba8f7b4d5c2c47f46f0802432fff91f670dd5c238ce9db1decd95675dd0722fe,Aniimo Treat Jar I
1812951880,fc9bed2c09262ed79d68f23db626520038e468189abe30af64e589245481ced9,Every scent capable of bewildering butterflies begins its journey within humble essences and unrefined aromathysts.
1812970038,94d04efa2366a9d7f2c9ca3e82547f9e698c5a65aeb58bbe321fa6088a9bc60b,Use to restore <style=Hint_BgL>50 Stamina</style>.
1813013134,d2f46783eeb766f23f9945b1285bf8acdc7a0cf13e4372c291e5fcfbbfdfee68,Not enough homework assigned?
1813027184,e6a2f744e624c4afc8a7ce73a9e26ba0e355aa18bf940f3f85b2d7356318953f,Understood. I’ll head there right away.
1813040730,3b2ab451c5e1351b92d07740606b8e9e43f3c206065f2faf558cdf337b6ca64e,Spend {0} <color=#da8000>{1}</color> to purchase the following item(s)?
1813076097,37f4e4fede8786ec5d1371db6263ba82a64e32ae8f85045c3366023277d6b02e,Choose one of the following <style=Q_5>Eggs</style> as a reward: <style=Q_5>Perfect Glacy Egg</style> or <style=Q_5>Perfect Gracewing Egg</style>.
1813076892,56eed291876e40bb104daef59798c49da6d1029d7279a58d65c605d153dde99f,Scavenger I
1813095901,8aa9ea6a77179ce5a8c1f2bc20ae35d56f432cd2ebc4174fe5ed315bdc9ff16f,A tiny triangular outpost that looks like a miniature Aniimo adventure camp. Wherever Aniimo pitch their tent instantly becomes their territory.
1824962955,8aa9ea6a77179ce5a8c1f2bc20ae35d56f432cd2ebc4174fe5ed315bdc9ff16f,A tiny triangular outpost that looks like a miniature Aniimo adventure camp. Wherever Aniimo pitch their tent instantly becomes their territory.
1813114834,4e89d7c8c29bafe441c89bab4681a9300d4663cd322c5a88f6fd7fe7767aea42,"Aniimo Transmog Guide
Transmog parts include: Color, Wings, Body, Headwear, and Effects.
Use the items <color=#e49b43>Radiant Dreamshadow</color> and <color=#b767e1>Glimmering Driftshadow</color> to change your Aniimo’s appearance."
1813156355,91089f3449f816a5866563cfb75ea5b93fa36bc4db3bcb53edd605e813a62afa,Stone Aniipod (Small)
1813187129,4ba4d7d2dba3f033de138e72c066a87b2ab427d7d956da179e3074d4489fea5a,Not enough Aniimo submitted.
1813203348,2d03fcaf4653b6b6369e25656af90744a80d1c2334d428e348c3fcd41b0169d7,Rank Details
1813269295,290049b33e0183604a4c6a2f791548f90e2e1e1d026389cbe8ec9b7f72df3305,"<style=Hint_BgL>Temporary item. Usable only in this game. Cannot be taken out during extraction.</style>
An Attack Amplifier chip with the Weaken skill. Makes every opponent attack feel weightless."
1813283984,9f00d0848ce72754a401dc85a640a101f2c409ed5b5555ce5342d76e7083d9c7,"Yo! Yo! Tromber's too old-school, Pomawk just makes noise~ (Deprecated)"
1813287922,f48ba9af449ba21045ace0f3fc401a3c38f1c0560862be3ee1a478b8c7268440,Incubation Reaction Module
2121545980,f48ba9af449ba21045ace0f3fc401a3c38f1c0560862be3ee1a478b8c7268440,Incubation Reaction Module
1813322790,8da6f4e34ae1d1e7f2baa48d11c4464dfef450dc3a1b0c09992519d7e32abe31,The Alpha Minespine is causing strong seismic waves. Focus on dodging now!
1813340607,76f14b6a35e169b89f63fc461c9898dfe8e9f81a0d4d15698cb19e80452449f4,Advanced Amplifier Chip
1813370300,9404bd43776218fa2f7eac952520fac42a6048a6423656763309c03c7a83577a,You are not currently in a Title Promotion.
1813410199,f29bf16ecfc1af16db2676f317ee549c9e4b002415d1314cec1a1aec9125bfdc,I want that!
1813476580,3a65893fb5e2684d0724b49f693b77495ebd5817a10c7fb0a45e38f16a6caa89,Sweet Dreams Bubble Pack
1813480317,105e30f005b191d92e4eefdc72fa111935ca96c09440c7a74f0f3acab364c3b2,Reduced BREAK damage taken from units below Lv. 10
2096438308,105e30f005b191d92e4eefdc72fa111935ca96c09440c7a74f0f3acab364c3b2,Reduced BREAK damage taken from units below Lv. 10
1813481765,831022c6eafc38c87420a6cfa24e4e60d363be4f33b8c4953e3d11d7ec9a733a,"*The bulb dims slightly* For some reason, the new story doesn’t make my currents bounce like before..."
1813484565,340f1f3b89a1bd0f1f858c17951901397742353b12efd12bb6794150642911a3,Why is that snowball running around?
1813518396,89ebc106b5b3cbdc2d3eaa74d352291dc1560f07c981a17ec30246554bc31039,Oops... left my wallet at home.
1813527521,561c62a5c9a4327b1e802bc916e5ace39453651a5294b30a12f3f25a2085283a,That’s quite the story.
1813531140,c7ab34e1c9f24348d7cdc9b356da8d57a780120d93f6b4c2a7a79273c74446c1,"Nimbis and Turbos can fly in the clouds. Press and hold #kPlayer/Jump#z to take off, then press #kPlayer/Move#z to control your Nimbi to fly in the direction the camera faces. This ability only works in clouds."
1813541517,be71342916778267414d8827bd4bebde278ed315b660626844d80aa8f5e54b7a,"Well done, Pathfinder! You caught it with quite the trick. Now I’m off to the next location to find more Sparkling Aniimo."
1813559284,195dc93256e87182eada2d584aa5a01b7ec32715a321deb25638163f934d2940,"The raiders march, and no egg escapes!"
1813576300,61628905060474162bba1ebbe86933b97137aa9c0a9d6140c535bbdcbdf9dd1a,Only Enter
1813593906,3d86e33906c983a3eb59da282df530654ecc67e65d2c7113987a87f80b9526c0,Use your mobile device to scan the QR code to access.
1813628372,8036a9cfa2c0a21d62a948a56e6e1000dcbb3c188372a885809cdfa722c77b33,Flame Fruit
1813636388,3858a7ad844013fbc287770981fe4f79266e599a37f9b774f06c7c224380346b,The middle of the day?
1813647792,29f5f3fa1cda3ee74c7188c4cc06fd956e22b6e7c95e716454bdc69727850c9a,Press #kCommon/GamepadConfirm#z to enter the [<style=Hint_BgL>Map</style>].
1813666774,bfe3c05eb96ab06ab4adb579379805b30aa1704d764184dbbd2550eeff30bb19,Go on and fight alongside your Aniimo!
1813676355,8a419d940a53e56299812bd81234f1d64328c1d9a1e396dcdf986f1ce2d0040d,You're the one Dr. Lewis asked me to find... aren't you?
1813676678,6e2aeecebdc2571b515e668a0b5ee5fae196eb7769804a3636f508dba8aa60e5,(In Helmspeak) I-It’s a Helmut! A new Helmut!
1813709522,8c2e5bb1a5e315a34daff15def25c66d4c1a6c04a3656cec91f359f27d01e160,"After transformation ends, all teammates restore HP equal to <style=Hint_BgL><customRichText(getConfigData,extra_random_buff, 3033002,param0)>%</style> of Alpha Leafy’s max HP every second for <style=Hint_BgL><customRichText(getConfigData,extra_random_buff, 3033002,param1)></style>s."
1813715817,7c44d713062eaa92e5c7e20efe07fdb1bc9f4939d5cd23cf1c8a710cf88ce9e9,"A gossipy Emberpup tells you the legend of the Undefeated Warrior, a legendary Flameruff that set a record of a hundred consecutive victories. The pup idolizes the warrior so much that it has searched all over Beast Fang Ridge for stories about it. It hopes the Undefeated Warrior will claim another victory and asks you to pass on that hope if you ever meet the warrior."
1813763032,35339e496d81aa49ebcc10ac0ee72ac77ae1497e02b6d976b2564ae7125c32e9,Did we go the wrong way? That’s scary! I need to take refuge back in the cave.
1813780868,c9c0eaa60c5ea16261f0be2632d54f6a878513dec249c2d04e1d09a1a4d7f981,Who are you? How did you get in here?
1813809984,00dd96cb16771bfe6a11941c0a4eac85617c38048c319ea916d310d31cdcc96d,You must be the new Whelpy. What do you want?
1813821768,5ca8e657d8ec8037fb951303c6c40f98859099b555a93f71dcf2e3f7ed76008b,"Dr. Lewis has already received Jilly’s glowing report and heard about the Held Item you discovered. Once you pass the theory assessment and officially become a Grade III Student, you will be able to learn how Held Items work and use them to strengthen your Aniimo allies."
1813827126,a196ce10e8109c975ad0d308a128be52aeddd2cd0681ff64e1054e37c7917be8,So pissed! Out of my way! 
1813828598,0b192c2ce5bccd24fa15810a1382a8456b7ed7aa75e232d4e9ce2f427b38431d,Darn it... Why aren’t I a Cozite!
1813841086,99a2c2acfce7532c10e54d66dec85d4731bc948eae5fbb34c69e89b757bcaf38,Sherro-Inspired Garden Fence
1931274049,99a2c2acfce7532c10e54d66dec85d4731bc948eae5fbb34c69e89b757bcaf38,Sherro-Inspired Garden Fence
1813922444,bb2de844b1681c412aabc8f7359ceb164d9adcc6dbb8ea1562b54cda222a7200,"Companion Memories
(3 points gained daily upon login)"
1813989161,a9f434908ab8bc22146c5ef2fc33a2c870d8a02e86c36415a8ae29635bde0fe8,Render Scale
1814038902,76ea21ff20aebca40e798ee7421b92935014277cf1afe1ec50981ba471c0ac26,An Aniipod crafted from new materials that increases Toss speed by reducing air resistance and extending the throwing range.
1814043690,4847580b0380ba26bfdcbfe5f1a97a8e112902d9283b4a6d6e32cd2367f28c9f,"Don’t worry, you can always <style=Hint_BgD>refresh your orders</style>!
There are so many formulas, and you can only make so much each day. Just pick the ones you like."
1814055669,eeab3954a0eeada0762ecb01ea669aced3c91d13d5ed385d22354fb72537f518,"They lost their home—that’s why we call them ""poor wanderers."""
1814098498,af046cad45a4cbd2fd6ab566f583fa36247da315c1d4e66de24712faf1472c75,"Based on what’s written in these notes, I presume that these Cubbo’s roses might have something to do with my ancestors, but I need more proof to be sure..."
1814118846,1bfa1af8ecd6f3e265ad0441ff8cfb5bffab31bb61ee68a0777622d6e653f389,"Roam endless sunlit wilds, following the light."
2014341423,1bfa1af8ecd6f3e265ad0441ff8cfb5bffab31bb61ee68a0777622d6e653f389,"Roam endless sunlit wilds, following the light."
1814140817,d9ee4f66ae1c2f35434845e763c0ea7afe53e83e5462f4e224ccac3dd38a5082,Clear any Advanced Training stage 1 time
1814166325,f6e60f1235f7c046606c71f8cbb4c401a8894574abd4ad5ff8461992e67bec70,"A bowl filled with freshly washed vegetables. For the sake of your next meal, keep it safely out of an Aniimo’s reach."
1854276023,f6e60f1235f7c046606c71f8cbb4c401a8894574abd4ad5ff8461992e67bec70,"A bowl filled with freshly washed vegetables. For the sake of your next meal, keep it safely out of an Aniimo’s reach."
1814169612,d236a57ab197e4f5e27b0c6a04c55617338656b6a077f2e934c4a5fe4536f211,"If you still need happiness, I can give you a Joyous Tuftball!"
1814169824,8bd8f93aa416c5f7f9bb20c55b1c420b40b1f161898a551eb18a1523cec941e4,"The Hummins are down, and Tuckin took damage as well!"
1854124150,8bd8f93aa416c5f7f9bb20c55b1c420b40b1f161898a551eb18a1523cec941e4,"The Hummins are down, and Tuckin took damage as well!"
1814198233,0da8f944fa0db2234003990ba1d242f91faa8a60111b6d7d864b1d237b49aa8e,Common CD Rune
1814205657,36ef7a6770d76f660c4a68bba38d70b8428f7ee0aed97100517bdc530cd49403,Unlock Badge - Dream Home
1814216027,161be5e22e74480221f663d27891ac821a1e3406c6c5d28dfc34d74c5f0eb9b8,Failed to enter. This dungeon is not open right now.
1814245601,a110df50ab0fc1174da20de54a21dc48c35860f782de99c397bf1e183279d477,Huge Colorful Sparkling Potato
1814256772,5545e4c87db279518e9f075955350cf552aeb80ff55424938c970cad1d59155a,"After moving a cumulative distance of 40 meters, enter [Surging Wave], enhancing your next Wave Piercer and increasing its BREAK efficiency by <style=Hint_BgL><customRichText(calcData,ability, 13930110,param1,1,%d)>% for <customRichText(buffConfigData,9139303,duration)></style>s."
1814260339,f70ea8eee2fed82c705f173d54d0b66ba68561e32065dd5c9d0b5b3fd8938fc1,"I know not everyone cares about where they came from... Take my sister Aria, for example. We look so much alike, but she only thinks about where the future will take her, not where she’s from."
1814264799,9842ffa03f610766fdfbd67db68d24cd17c63a6619710782e699b00551078783,Project Title Name
1814306880,394172915e7fa333a2cf259105b15ff1d6e2564be8b11ce0ce462e7f548146f1,Press the [<style=Hint_BgL>System Combos</style>] category
1814307783,714ec4f8f4b27a1c163030e05c1cc55f6b0b9e91eb787b0ae07dbb5356ae00c8,Helios’ Awakening
2061205129,714ec4f8f4b27a1c163030e05c1cc55f6b0b9e91eb787b0ae07dbb5356ae00c8,Helios’ Awakening
1814310198,afec43e4629d7de3344080b6af2ebb069870a6cbcc2f059d99883753ace4b39f,Fire Flameruff
1814321627,92e3c8269cb65cab2aea71067e2799f0654c700e2ee7a6e12424153601ba35e3,"Click the <color=#d89c28> left mouse button </color> to select and pick up an object. When holding an object, <color=#d89c28> scroll the wheel </color> to move it forward or backward."
1814330744,f497bdfc39f20103c16a80bf79841a9d5cafb201cf8048852903abc9274f669c,Harvest Moon - Wheat Aroma
1996054742,f497bdfc39f20103c16a80bf79841a9d5cafb201cf8048852903abc9274f669c,Harvest Moon - Wheat Aroma
1814333540,e078d9898e153d0751ff16cbaddbceb8152c715cb776db901b831f24e6a18822,Let’s keep going!
1814337487,e79d76a7884dde4ca39239f4bd3f0dba7fbbe1d9982339c75cb2bbbd1584ec7c,Sorry! I just wanted to finish sorting the last of the spices before heading out...
1814338096,661d63ca49496061b8996644edbf97e06298faae6d790694dc88bf1b1d25d1df,Turn off the flame trap
1814357270,df5be214fc336a36d4f02e0c7419aee2e66d679dd6b6c69e8a5a5b8556f72933,Reduces movement speed and basic attack speed by <style=Hint_BgL>60%</style>.
1814360179,ee51b740aaefa9222f3eb441f782b5e55707830dcba91a6673ad1b36dd6ed6f0,This Aniimo has already been deployed for combat
1814368673,3a7bf4ccc7aff2deecdeb910897d985c8e0033f2b335b5998da0a16d8467f31f,"Swift as lightning, ride the wind together."
1814410131,926a629e98b1674626b6e5ae43c099ef8786db60f9f550d95569f9fa94ff2c34,Scene Object
1814439369,9842bf2ed74cf76a543a044e734dce87279428ecfd43ce6e090bb7af41a2829a,A pencil-drawn mountain and river scene rests on the easel.
1954781716,9842bf2ed74cf76a543a044e734dce87279428ecfd43ce6e090bb7af41a2829a,A pencil-drawn mountain and river scene rests on the easel.
1814443086,1519d90bb46bb7e919eaaffef6ebe0cd17b284ff1049ceb001cacc6665463c20,"Good, you've surprised me once again."
1814490908,dfa7098dec42be1045d5683aebfc9ebff108f0c2f96e13f29255ae5fd7da8e57,Delete the info stamp for the specified ID
1814536773,875e6c244762b7720db2955cfbe20946e7804b8641a2a17eea686abef8218929,There seems to be something on the stone pillar wrapped in vines. Try <style=Hint_BgL>commanding</style> Emberpup to attack and burn away the vines.
1814537743,b3e2bbf0309167f82c6f909bb2fffff62a68d14fef590057443210f6ac60584f,Affinity Earned Today: {0}/{1}
1814576684,62165754041fed9c4d22b81e154f855b25f3d9b8f8fe58a892a74e56879d1f86,"Clad in heavy metal armor forged in searing flames, it can unleash a fury of fire that turns everything around it into molten lava. If you don’t want to be reduced to ash, stay as far away from it as possible."
1814599237,5ec4dc58588ded362bab21b441f7671d376305e603e09fc66f0162aa2e75e487,Face Tattoo 5
1814707536,31b9076c69222d867bd2829668bace50ca84366fb356b033138ba1c5d2795d1a,Traces of <style=Hint_BgL>Morphling</style> detected nearby.
1814716929,de06eded5a0750df99fa4a0c62e681a33ae59e7e2310fbadf88d3dbefb04e785,Self-detonates when defeated.
1814731730,fa255f801146fc2041a5163b19d948c55a5e3d965449eb08ad85e996c4e20a0c,"Correct. Defeating Alpha Aniimo rewards Star Dust, which unlocks an Aniimo’s capability."
1814732438,3ad8d88aa76931691f761d2815730256f6005eacd6e4d09375be95a6b68eab23,It’s a <style=Hint_BgD>Dewdrop Crystal</style>!
1814751206,d6d06a3acc2487ddc4717e144a10a85fa0073eff3202a885856205f0929d8f33,"+<style=Hint_BgL><customRichText(calcData,buff, 2042000,param2,1,%d)>%</style> P.DEF and M.DEF
Every <style=Hint_BgL><customRichText(calcData,buff, 2042000,param11,1)></style>s, deals True Damage equal to <style=Hint_BgL><customRichText(calcData,buff, 2042000,param5,1,%d)>%</style> of P.DEF and M.DEF to targets within <style=Hint_BgL><customRichText(getConfigData,rogue_buff_extend, 204200002,param0)></style>m and applies <style=Hint_BgL><customRichText(calcData,buff, 2042000,param14,1)></style> stacks of [Scorching]. Stacks up to <style=Hint_BgL><customRichText(calcData,buff, 20420010,param1,1)></style> times and lasts <style=Hint_BgL><customRichText(buffConfigData,20420010,duration)></style>s. When [Scorching] reaches max stacks or the target is defeated, it explodes, dealing True Damage equal to <style=Hint_BgL><customRichText(calcData,buff, 20420011,param4,1,%d)>%</style> of P.DEF and M.DEF to nearby targets and applying <style=Hint_BgL><customRichText(calcData,buff, 20420011,param5,1)></style> stacks of [Scorching]."
1814767041,4d37f5236100740260f9e58765b8d18124791bf2b730a6c9ed3ed86b2e28e051,"You can now place <style=Hint_BgL>14</style> Aniimo in your Home.
<style=Hint_BgL>New items</style> are available in the Home Shop and Furniture Store, <style=Hint_BgL>with more advanced production facilities to be found!</style>
Increased <style=Hint_BgL>cap on the number of functional facilities</style> you can place in your Home
Orders <style=Hint_BgL>can now be refreshed!</style>
<link=""item_4040012""><color=#5090df><u>Kitchen Module</u></color></link> can be upgraded to <style=Hint_BgL>Lv. 2</style>."
1814773798,1568b037b06bcb9dfe8dff46a24f53a25f4cfda7834973744e92491bab028395,"This scent is amazing! Strong, but not harsh—it feels full of passion!"
1814779681,be2fe9ea3011fddc98de79c505f788c223c37cda99b88e3ddf8a2c0cd1126972,Early morning
1814779908,8b284ac26c0727ae2cbcdf54268ebf087cfa100d3bed0ae06513827b2595c39c,Gains <style=Hint_BgL>{param1}</style> point(s) of Damage Reduction for each <style=Hint_BgL>{param0}</style> point(s) of P.DEF and M.DEF you have.
1814865096,4f2f535977da2efb1bed3ef4c784cfeb64762d7300ba8c2eb79693131ddfbd8f,"Aeolus help me, my brother is the most stubborn idiot alive!"
1814871799,4af8383f4eab8e8302c15c750d7579e518ac6a69728047bc9ace351b50547512,Collect Voxel Coins
1814899120,f21e3febdae077b9a558d8a603449a86e7ce65f0194a10090cb5d2ee330451de,Increases Crit Damage by 7.5%
2060241294,f21e3febdae077b9a558d8a603449a86e7ce65f0194a10090cb5d2ee330451de,Increases Crit Damage by 7.5%
1814910472,978332f0b08c39d561c6b843895a5a3f1429638bbc529055088a1519b7d34d6e,"I’ll go back to it now... But I’m still scared...if black Nimbi really gets angry, the crackles it makes can be really horrible!"
1814964145,7b6862950dd98507f2f4e5d15649c17e8646f41f8cc9f85b26b2dfa79a9ecace,"Okay, I’ll admit you win in the fighting department.
But when it comes to looking after Aniimo, I still have the edge."
1814993630,a06ed1b6a9c416134c0c58ee25752f29cca74bd5f3875b703b2620f77fc558aa,<style=Hint_BgD>Sun-Kissed</style>! This skill helps restore my energy!
1814995464,ec185092bdecfdb6e18227a0e62a5379bfa17abe758737144bc4c3fb588653f4,This Celestis seems really troubled. Go see what happened...
1815004393,8c9fdff9dc7e3114865610b8dbff737c71103a8bc410a2cb42533c5b9690a986,All done! This is Bloomville’s most popular perfume—<style=Hint_BgD>Pink Shadow Draught</style>. It’s all the rage!
1815016817,b58058d39dd09ad395c9accf07f1154b9eeef5f09392f10fe26332ec76f33e13,"Ha! Nicely done, #playerName#!
You’ve got musical taste and combat artistry to match!"
1815020746,6cd228577eaaaeb5dd4178d06cb01136b4b47fd6024ef30cf90803370e6b9949,Help Me
2000781673,6cd228577eaaaeb5dd4178d06cb01136b4b47fd6024ef30cf90803370e6b9949,Help Me
1815049814,3e6089e008372eaf56cd019336d2b0dd2c8f0a21025b2905ee77f5af857b25ac,Mysterious Echo
2124156253,3e6089e008372eaf56cd019336d2b0dd2c8f0a21025b2905ee77f5af857b25ac,Mysterious Echo
1815050334,62f2a6ae878f112497d2b8a03d654065975b3bfae075719c319161a5dd34cda0,One of a Kind
1815116495,a81db53ddd144318cabf88d16be5aacaff965acacb3716a3c4dd44e2d191bc60,"<color=#5090df>%s</color> woke up <color=#5090df>%s</color>, but <color=#5090df>%s</color> got beaten up due to its friend’s bad morning temper."
1815121019,68ec222eb7bb3a2561cc182438f753742568f1bf37f441ece4ea6801a682a791,Bar Stool
1815136917,95b4b6367975954d127f63cbb425af8fab0941fb4b1256a138e9c90964c395ff,24026
1815163490,920e413c7d411b61ef3e8c63b1cb6ad058d5f95f8b481dbafe60248387d8c355,Status
1853163372,920e413c7d411b61ef3e8c63b1cb6ad058d5f95f8b481dbafe60248387d8c355,Status
1815183162,8b23c4cc8a026e4fd67073f9fe32412ba7a771ae86cdb53eb9cf1747ee535835,Encounter an angry Mountain Form Helmwhelp on the stone tree
1815193351,cdbccd555e946c72630ece97b51b60c4f879452181bb1ca0a9f90cd2f61ac63c,Such a long tail... Does it serve as a pillow when sleeping?
1815208035,c9e11ffdc6edceb48fa577e7eb27a28c2d6d8f7701766b4c44cdebc08a93b259,Continues in {0}.
1815234472,f0588d8905f511d27f370c8c2c95d06ea55b269674d936b3d57f16f3c4261fb0,Great King
2127583652,f0588d8905f511d27f370c8c2c95d06ea55b269674d936b3d57f16f3c4261fb0,Great King
2132142304,f0588d8905f511d27f370c8c2c95d06ea55b269674d936b3d57f16f3c4261fb0,Great King
1815236777,524206c6eabab81125b1b7f9611c9f1f71e1f9435993f4bd94bf26bbc55d097c,The expanded kitchen gives you more room to move and freedom to cook however you like.
1815248887,65008be773a702c6acddc81d58f9e7011f81d1c0d911f592413ac18127075f4a,What would you like to talk about?
1815255404,c2b84a35b414cc26bbc64a0e91d583ebb6f721f0d00d43a89564f5cef51d7018,"If you still want to go to the Idyll Continent, come register with me as soon as possible. Don't miss out."
1815272882,c69d2c1b44520f58ff611f5754c5df6144d711b75c6618fda5f11e8184bfece3,"Selens puts on the glimmer fruit garland and goes to find Tucker, hoping to fulfill his ancestor’s promise, but Tucker immediately realizes that Selens isn’t the friend from all those years ago and flees in tears. Only then does Selens understand that the true promise was never about holding a concert together, but about the bond shared by partners whose hearts beat as one."
1815294829,3f7e024b3201da78ea57b5ff8545ba2ed5819d612f610e58df32fbc1e3be660d,Take a photo at the entrance of the rednote Pop Up Store of the lower level of Horizon Square.
1815318162,9a19df85bf32065bc21a4a7799c5bbcfd47a87f711b79a8711567d982b4ad174,Event: Hide Menu
1815343547,718acbfbbc2176a239a806f37318b75134a1c2902475f48e11f0cd097de052c2,Box Select is enabled. You cannot rotate the camera right now.
1815356673,3b5b747b00d93dddd7f8c9b071927df0f4ad10681a8d8b25e84ee605cee5f451,"This mushroom is flickering. If I stimulate it with <style=Hint_BgL>Electro Attributes</style>, it might just light up!"
1815359430,e7caba78f68d18ba650cd1110309389c91dd75ccb29d9d855c51b728c5f150ba,Are the blue stripes where its power comes from?
1815373030,71a4e2a4e4017bad53f3f5d5f65c0cec0c293d2069307b1c1f6ee96c87777fa1,"Once I have a Nimbi, I'm definitely going to give its wool a good rub... Nimbi... Nimbi..."
1815433492,b18bd3e13bec0da39d47495e2146a678cb8b4fec99fa7dbecfb95126ea2878b5,Select the Aniimo's slot number in the Roster: 1/2/3 (0 indicates the one currently deployed)
1815441397,229b813874d9ddaa87509c6bc12ca1882fa83b4c0f9fdab4d18a65aa6636b2df,How about Aimo?
1815456961,b6e321ed7f49c8bc9d8c8b8cf5a4c3c26830aed83de90bd55d622e591ad067a2,Exclusive resonance material for the Cheekie family.
1815480549,a6983df41d5d8e6068815506f9da7c4321d1b5c4c370d99e8d6ed92f81b83f1a,"Back in the day, I was just wandering around Astra when I happened to notice how sensitive Stellalord was to treasure.
At first I just thought it was fun, so I took him around hunting for voxel coins and digging up hidden little trinkets..."
1815481447,2b98d5348cbda8a3be0b3f04719b1e86f3529cd48e67217a127b943c679e2fbf,"A celestial seaflower that glows beneath the waves. Its crystalline petals dance with ocean currents, radiating otherworldly grace."
1815515036,1406052106701cab49a9ddd3cd698684c36a8a08e5e7828905d24c3c70604e0f,Hide Appearance
1815522687,6ec52de5f4ccccf00127d9e4c0a3e853d31b2248acdd638e8a732068affa764e,Automatically unlocks after you successfully extract the collectible [Cloudsoft Slumber] in Operation: Egg Heist.
1815551392,c24609e924bdc325ac5fbeda302b66dc1b940481955612a12883e8b2c786c64b,Waaah—yaah—yaah—yaah—
1815558377,7ed6e3d9627586c37dc74e2c7399f83824486d42a60ef7eb9f29773e14d8ef79,Failed to enter the scene. Please try again later.
1815595196,2e30422aa7280f5b87e3f1cea489e6cbf59ce1429f5ec640719222b8a44fd0d9,"Oh, elder, not this topic again..."
1815600258,aaa7162766ea1566ab6127c7ccf770173251e0f321a507ef43bd314312314032,Unlock Production Plot 11
1815604983,80ca218f52542ab592d67db7ba4df1d94b0b66be2dfc8f9dfb322d544874ee78,Unlocks after obtaining the recipe notes.
1815648754,4dfc2e5bf41c9bf2ec77685576d60efa74143f34bdc3cea67dfcbb869075c8ee,"When using your Ultimate on a target in the break state, if other Aniimo in your party also have <style=Hint_BgL>full UP</style>, you can perform an Ultimate Combo."
1815692120,4d017abd817277d04df4894e881619c3192569d683ddf4ada35d95ce335ed044,It looks pretty good... Can I take a look inside?
1815744711,c4914b9c2f298bba213e665a1738ac866bca1cd75539582c6d237f87fbc9b4ac,"(Placeholder) You actually chose it, of course you should choose me, choose me!"
1815753514,d365821f7d5148fb70827baec4942d81b493cc8601079d7778cc2d63dc7fd365,Ice-type Resistance
1966739923,d365821f7d5148fb70827baec4942d81b493cc8601079d7778cc2d63dc7fd365,Ice-type Resistance
1815765410,6f9861d0716f586d68af99c52ce0a4b8938f41c2e19ddb365d9fc99b4659cca2,Super Rare Aniimo
2139225872,6f9861d0716f586d68af99c52ce0a4b8938f41c2e19ddb365d9fc99b4659cca2,Super Rare Aniimo
1815793862,96c4eaba2943a97ee193d3dd39464d69f43a6465637b0e8089edca5c7b5e07f5,"""I’ll be thinking of them, but knowing that everybody is alright is good enough for me."""
1979010696,96c4eaba2943a97ee193d3dd39464d69f43a6465637b0e8089edca5c7b5e07f5,"""I’ll be thinking of them, but knowing that everybody is alright is good enough for me."""
1815840462,d77d2fa7274a5ae2a5780f7a0d69302647e702974f9166bb4a2f1cfa6ae1effd,Pale Grain - Skyblue Triangular Wall - Small
1981363750,d77d2fa7274a5ae2a5780f7a0d69302647e702974f9166bb4a2f1cfa6ae1effd,Pale Grain - Skyblue Triangular Wall - Small
1815871143,329cb46d9f27d81cf33f7815fd8e68aa26df79b144b8f022a0277c5dd4f65296,Hmm... but it looks really old.
1815923490,598761dc9b6818ca1620f3259fddc9c65e448b25ebb07bd87873a2a686586483,"I don't know, but when it gets angry, the ground starts shaking...
Whatever set it off must be serious... What's going on here?"
1815931607,8f4c7d2b07aa88267a1723dfdb8791872d7d98e8f4ced694ea7ff88a33d1b243,Home Designer
1815937256,47bef62a438ae0268a4003f4e8d03d0828e7296d60db1a24235c4b4d34775903,"Charges up in place, then launches itself forward, dealing damage to the target hit. If there are other targets near the target hit, it ricochets toward the nearest one. Each target can only be hit by a ricochet {0} times."
1815944020,646e95868292fc4715fc29567d21650ad1043c94a59a214ab91a5f938067e4f8,I hate losing.
1816010410,02a67cc5cc450d52b4551d0e3866df430cf7f4a4733ec4c49f660064b3730d11,"(""Approximate"" is right. Judging by its face, that was at least five times harsher than the translation...)"
1816012693,44d2d46ba1085ece6979aac1bbe9ae463d4f097237dc5e055afc948928262737,"Weight, color, texture... An experienced perfumer can tell the quality of the spice with just one touch."
1816015966,070ecdd98078a0ea22fd1a9028582d932b9b9d820a8ca56f4b45da050bf6f8e8,Aniimo Furniture
2126741112,070ecdd98078a0ea22fd1a9028582d932b9b9d820a8ca56f4b45da050bf6f8e8,Aniimo Furniture
1816045619,89f4a46cc90db1639619104c44f4d3ead47b8a3721bfd56cc4c9376356515dd7,"<link=""web_100""><u>App filing number: 沪ICP备2024103934号-4A</u></link>"
1816051245,a9a49fd25fcfda10133086e5cf328e249ffb34812ea31a3bbdae798246a966fd,Clear filter/sort
1816124739,73cf03f31b5319f38cadbf15333914ba33a7e0453ad39ba63a31f7439de88e78,Rosetower Woods Bonfire
1816152185,4efb430c95eb9ff4a576ebc43c838b2bb8aa2fe7002f5284c207505c7c4b8c2b,B - Purchase trait switching potions from a shop
1816156517,2d036a4872fcc2fcd32dbeb6aa605c28982a8a8e002bb75af7cf8cf0271d8ed6,The Aniimo went on a trip! Wait for them to return with loads of rewards!
1816195993,6fea8ba0362124aadb60461b0c2841ac99a4e38b62a344553b96c5d70ec7499b,Cannot emerge from the ground here.
1816212361,57e9a2d0d838c1b7233ffbfda8d7803042fd3113b60c49c57068aa3d987c6176,What information can you provide me?
1816290654,c437b7fc7fe3e4b0cb4bacf837466ea821b071ed792a4f8074b51d09b6cf4af5,"A slim, durable metal frame that adds an elegant touch without feeling extravagant."
2098940886,c437b7fc7fe3e4b0cb4bacf837466ea821b071ed792a4f8074b51d09b6cf4af5,"A slim, durable metal frame that adds an elegant touch without feeling extravagant."
1816315978,cc7ba8d39b61f304b73815c8bf7eaf6b430129f8ac3e0ab2f71a31aede68d3a5,Title A Setting Placeholder
1899204608,cc7ba8d39b61f304b73815c8bf7eaf6b430129f8ac3e0ab2f71a31aede68d3a5,Title A Setting Placeholder
1816363094,925788beb27db2ec85c702e473733b2dc8e9b6d4e28b6f83e4bb737b4fbb1bd4,"Hit the open wilds and set off now! S1 Departure with the Wind is officially live!

[Season Schedule]
· Departure with the Wind Part I: Sept. 16, 2026–Oct. 28, 2026 23:59:59 (UTC+0)
· Departure with the Wind Part II: After the Oct. 29, 2026 update maintenance–Dec. 9, 2026 23:59:59 (UTC+0)

[Season Events]

1. Stamp Rush
· Join modes in the event list to earn <style=Hint_BgL>Season Stamps</style>.
· <style=Hint_BgL>Season Stamps</style> have weekly earning limits, including per mode limits and an overall limit across all modes.

2. Companion Handbook
· This season’s companion Aniimo: <style=Hint_BgL>Fulmintis</style>.
· Earn <style=Hint_BgL>Companion EXP</style> to level up your handbook. <style=Hint_BgL>Companion EXP</style> Sources:
※ Complete Companion Handbook quests.
※ Institute Guide: Daily Activity
※ Season Achievements

3. Season Achievements
· Mode types that grant Season Achievement Points: Aniimo, Combat, Egg Heist, and Home.
· Complete achievement quests across different modes to earn <style=Hint_BgL>Achievement Points</style>, plus <style=Hint_BgL>Season Stamps</style>.
· Based on your total Achievement Points across all modes, you can raise your Season Achievement Level and claim the matching rank rewards. Pick <style=Hint_BgL>the modes you like</style> and jump in—<style=Hint_BgL>no need to play everything</style>.
· Season Achievement ranks and rewards (including progress and rewards for each mode) reset <style=Hint_BgL>at the start of every Part</style>.

[Stamp Shop]
· S1 Season Stamps:
※ Departure with the Wind Part I: <style=Hint_BgL>Windborn Stamps</style>
※ Departure with the Wind Part II: <style=Hint_BgL>Windchaser Stamps</style>
· Season Stamp Sources:
※ Institute Guide: Daily Activity
※ Stamp Rush
※ Season Achievements
※ Companion Handbook
※ Holo-Battle Interlink: Support
· <style=Hint_BgL>At the end of each Part</style>, any unspent Season Stamps are automatically converted into Credits.
· Shop Types:
※ Weekly Shop: Refreshes <style=Hint_BgL>every Monday at 4:00 AM</style>.
※ Limited Time Shop: Refreshes <style=Hint_BgL>at the start of every Part</style>."
1871143342,34d1ee356354ff43e274da24adc41a926bab5d393898e43f962b9edff7b0d0e5,"Hit the open wilds and set off now! S1 Departure with the Wind is officially live!

[Season Schedule]
· Departure with the Wind Part I: Sept. 16, 2026–Oct. 28, 2026 23:59:59 (UTC+0)
· Departure with the Wind Part II: After the Oct. 29, 2026 update maintenance–Dec. 9, 2026 23:59:59 (UTC+0)

[Season Events]
1. Stamp Rush
· Join modes in the event list to earn <style=Hint_BgL>Season Stamps</style>.
· <style=Hint_BgL>Season Stamps</style> have weekly earning limits, including per mode limits and an overall limit across all modes.

2. Companion Handbook
· This season’s companion Aniimo: <style=Hint_BgL>Fulmintis</style>.
· Earn <style=Hint_BgL>Companion EXP</style> to level up your handbook. <style=Hint_BgL>Companion EXP</style> Sources:
※ Complete Companion Handbook quests.
※ Institute Guide: Daily Activity

3. Season Achievements
· Mode types that grant Season Achievement Points: Aniimo, Combat, Egg Heist, and Home.
· Complete achievement quests across different modes to earn <style=Hint_BgL>Achievement Points</style>, plus <style=Hint_BgL>Season Stamps</style>.
· Based on your total Achievement Points across all modes, you can raise your Season Achievement Level and claim the matching rank rewards. Pick <style=Hint_BgL>the modes you like</style> and jump in—<style=Hint_BgL>no need to play everything</style>.
· Season Achievement ranks and rewards (including progress and rewards for each mode) reset <style=Hint_BgL>at the start of every Part</style>.

[Stamp Shop]
· S1 Season Stamps:
※ Departure with the Wind Part I: <style=Hint_BgL>Windborn Stamps</style>
※ Departure with the Wind Part II: <style=Hint_BgL>Windchaser Stamps</style>
· Season Stamp Sources:
※ Institute Guide: Daily Activity
※ Stamp Rush
※ Season Achievements
※ Companion Handbook
※ Holo-Battle Interlink: Support
· <style=Hint_BgL>At the end of each Part</style>, any unspent Season Stamps are automatically converted into Credits.
· Shop Types:
※ Weekly Shop: Refreshes <style=Hint_BgL>every Monday at 4:00 AM</style>.
※ Limited Time Shop: Refreshes <style=Hint_BgL>at the start of every Part</style>."
1816381134,9f93958714b4a7d7798c3153a093f16a5ac3bd1d8d1295a60265094a2699f2e9,Don’t worry. They might not be in danger...
2133099039,9f93958714b4a7d7798c3153a093f16a5ac3bd1d8d1295a60265094a2699f2e9,Don’t worry. They might not be in danger...
1816430342,12ff393b061d94ebc405a828c5e43e9b5fa948d6cbaf844afb2e9064e45d8de2,Sleeping
2078267248,12ff393b061d94ebc405a828c5e43e9b5fa948d6cbaf844afb2e9064e45d8de2,Sleeping
1816439709,acbafd28ebfb57f69c59101e5907a6dda659c3dd738b3286541b977584044f6b,Wolf Soul Energy
1816456438,9529c71812b7ce81ea6587e112c9d1da8098f363cb2c0aa448617ddad4811db5,View Prismana Turbo
1816463617,1dc68c60b8c111e6222e7a29c20b7b0432095f412a4030434bbea9876fe0a2a4,"Soy-sauce-seared tofu. Crispy outside, silky inside. Richly savory."
2030080304,1dc68c60b8c111e6222e7a29c20b7b0432095f412a4030434bbea9876fe0a2a4,"Soy-sauce-seared tofu. Crispy outside, silky inside. Richly savory."
1816464229,e6d2cb5abf26b5793229623ce67261e3dee10294599c7a86568875a62252f079,"Aeolus above, does anyone have a flame flower to spare? They’re precious treasures from the Russet Highlands..."
1816468085,e882154bb2efd87356681a6ed0485cb51511d9e61f17235aebd7830fbe91e1c0,Bread
1816516414,a5140b757212bf11d14881dba543308ebccfcafb64d3144a2c2c9a1ab0b9a8c1,My Susuta just got lucky winning that championship.
1816517156,f676589653fe7bba0b779f6495a4b706416a925d3a5093ca64ad0c9be935b284,Select [<style=Hint_BgL>Farmland</style>].
2135170656,f676589653fe7bba0b779f6495a4b706416a925d3a5093ca64ad0c9be935b284,Select [<style=Hint_BgL>Farmland</style>].
1816542911,9c0ddcc105cf645ae1ecf8f4599b64a038f40c8b7f72ef8651af42a55609d57d,"Hey, not so loud!"
1816550051,10e953e5ee085b3b5870c113de09b812bb3a5af7f07410c08b869aa7eb4a4f69,Matchmake Directly
1816557886,d6f707a8ee2cd2732b8223af068599944ef9ceee534250c92422d2e4e1822abf,This Aniimo has not received any Capability fine-tuning and cannot be reset
1816563573,6bfd8d1ca1d6af3a3685ccea16ac93c50445833ae079f716434515cc92350123,Press #kHud/SwitchPet#z to twine with a <style=Hint_BgL>Scorchhowl</style> and move to the next objective.
1816581855,1b1a6ea722fb8e06371a7f704b2e57aae1bdf3cbe6f06682f2a14813db5343a8,Would you be interested in signing your adorable Bonesky up for the audition?
1816625203,00088089dc16629d6bbb316480b34289300528152052cb537494e27d64f954a4,Humble little seed that brings quiet surprises to the soil.
1816630173,ef67c2baa2ca50b507d8d916b3151608091f97d757b67a21b7db0ee991163759,View Institute Guide
1816654082,b56faf5214086f61e1da369779f7407d8b7a98ad919af03b3ffdbaf518681fca,Susuta... I like you.
1816723531,6bd5fc5cfaa789bece0658dee43d3b690b4689d4df0bdd2cfd25184fc90f9bd6,Click to exit the shop
1816731549,f9fba0c8fc8812a10968bc318bc4531abf19644ca3eaa7bbca4670bc064fd464,Break Hummin’s disguise
1816736086,e48bb89199c4d0f085992a8e379c8955a263375977738180dedec7281e56dceb,Maybe try using %s
1816828357,718127812c05853f0bec61582a4a3840b1c844fe11fe1a004b5b7eb8b8b59846,274
1816850999,b0d4a3e8a326ba971be7b955da5952a1216bb9b0d6f9773058e0f358c022ef5b,"I can give you a little!
Iris roots can transfer color!"
1816857714,646b8a420faed2df195d492c72815d0f1d8f3597a0e7316686d5bf2e6081c552,"The training ground offers training stages for <style=Hint_BgL>different Aniimo Elements</style>.
Tap to enter and view detailed information."
1816959992,f2a9e07c2508d3997e432ced8f0e260489512e9db894b451a8938fc329ff4e5f,Enable Feature (F11)
1816970251,02ef4e6bd83ca29b71256d043f3add1c9fac28ed8b745f79bd4447780df7b597,Grade I Wayfarer Theory Assessment
1817018287,a3d2351c2313b6ec1336ace5ed9e2a5dbe578f0e2ac52f6d9dd8d86b124f57f4,Egging Them On
1817076263,e3d70c918b7e427c9e0b578931be18c1a7381970481f1b28e01aee9b25315a04,(Happy whistling)
1817078104,a3fecea573929f60867008b9e44c970b0b3959bcf99a26d64e7182d769f4f010,Stellar Gloves
1817128257,d18ce2faebdb30da3203a1e0893bd065f95a92803323ec40bea8b5a9f8d52e8b,×120
1817159140,87c0712fb3b2f1f0a99df313640607db445c56f1f9ca8b816e86f058074924cf,"Dear Pathfinder,

Thank you for being with us and supporting Aniimo. Thanks to your efforts, Aniimo has surpassed <style=Hint_BgL>30</style> million pre-registrations worldwide, and all milestone rewards are now unlocked. The Institute has prepared a thank-you gift for everyone.

Your rewards have been sent by mail. Please check your inbox. We look forward to meeting you in this wondrous world!

If you have any issues claiming them, please contact us through the in-game ""Support"" feature. Safe travels across Idyll!"
1817212784,7b69e875f69db6fd9820ed426dea69fff74960a51200dd254be3f3ebde0f3fc6,Splash Shield
1817218461,a5fdd2c86e5588754c36d8bc42ef9b513b6df2389b32fb054dca7cb7690dea98,World Common Catch Camera Zoom-In
1817219107,d8c1a9317828b7f34425f35a5154e1973dc4ea956a19876f42133543b2bfb114,Damage Amp +10%. Effect doubles if ATK is above 15.
1817232188,108040ac289a13952927ac14f658a0b06cf24612c43375801b63f87be11191f7,Ruby
1817236410,b90055bc73e6e20418857f5fb990f91b8b671d0f66c67690ec4acfa0252caf1b,"Contracts its body, greatly increasing defense. Unable to perform normal attacks. When receiving ATK, generates a shockwave in the surrounding area, dealing Physical Damage with Knock Back."
1817242455,e89fe62ec86347c2b50f4a874bf6cc5e67b1cd579a9989a8bf7cb956045d40d7,Julia
1817266233,86925be76f4906566f38898b2dbb2e5acffaa97d338643bf423616c980cd5b24,DMG Reduction Level 1
1817309779,b9efb3b2a168c9ae739a8b4d806ec6b46ec4d6f0395c3c95bb27712f3ec620af,Lua Memory Snapshot
1817368223,d1ee17e5b36613462c514515038663a170e48583c4a690e88b8a1a54e9c293cf,Windrest Garb
1817369530,b658363aee4877620a6e50368b3ee22e3ce7c80f556a075cd83604e1e3fc5626,"The pink cherry blossoms fall like snowflakes, hiding an unspoken tenderness within their delicate petals."
1817381708,3ca5f2435c3ba155e29fdb0b63eee54fe34a2a9b471e10e08a260c1e9f52cd5a,Helmut 806
1817384477,558559dd774689c8a3ed5e405410838ac5d89e65e13601557f023d830610f245,Restore item Dismantle by operation ID (for customer support cases)
1817389372,090490e5947a6b92ce7a93455904f90edbe5b7a1a5446f043e85c860a1ddaa85,You’re a stubborn one.
1817426381,95c398899d402e3edcff4d14295a60e42d356bed1ca1ae117c13ee471e69cf9a,The Scar-faced Helgon seems troubled and is in no mood to sit.
1817442418,89e6468513bf021fb0a1774eb2a6a95998a3cb63c0795a1fa18fc0526462bf70,Cornet—elegant and lyrical!
1817465946,d2d967112232fa35040dd2b9b7d284c70476938c65376237cce7ca8e5613f433,Don’t even get me started. They’re trying to use Lumina Energy for spatial jumps...
1817562744,3f40952e7a9fee0b07e8b78c14cf77f0381b3229126a066201021eacbac3de9a,Alpha Turbo has stuck to a Nimbi! Follow the <color=#D89C28>direction the Cloud Orb came from</color> to find the other Nimbis. <color=#D89C28>(Fall progress: 2/4)</color>
1817610810,629063dcfa080104acc24ff7986a20b569d4dd5a35bbdf1ef5f65db1d312b641,Recover 2 Energy for each target defeated.
1817637239,fea0bfb5157840ee2d7627c13c4c05e26ab732ebe039d70ed2624a0443bc0c57,"Hmm, me too. We’d never gone in this deep before.
Good thing Snowy insisted."
1817662990,67048686c8513e0e747bca950faac6cfcf8dd494c30e6d5dd9d0834ca432ce04,Barrett collected ninety-nine eggs and gave them all to me as an apology. Not a single one of them hatched into an ultra-rare Aniimo!
1817691388,92aac6586e648e0e763ff4a5ea51d1e4e056e110ecf6362849af512d7cb1bf2b,Journey Clues
1817728645,6ea75de37c284f9efc7d3d99ed91c3a91b39e9281129fefad89c03120635cc2c,Nurture at a Bloom to attract Dark-type Aniimo.
1817736686,e73aae0786139f8ac68dbebe1123a23be06a3b7e00ac979d2b39ba5f34663ff9,"Anyway, where were we? Right, your assessment! I've already contacted Dr. Lewis and sang your praises!"
1817747373,645c742bf92eb8d4fb1fbe70bd3d272234137f47b61f210c6543eb36539354ce,"If you go play there, remember to hold your little leaf tight. I heard a Skippy once lost his leaf while jumping down, but luckily, other Skippies nearby helped him find it."
1817761466,faea6a76854d9ba4402fcf79578dc6ab6e21f796d2ebd8b5beda6c4774afc713,"Many years ago, a giant Echoback died there, and pink coral grew on its remains."
1817764998,3ffaa868f9a054cb0063cd7d6f234c0b1d187cbc4e52815c3028cc9c030b7d0a,"No, I am the strongest"
1817778554,44d20bd9849fb4022162963a85b39a81b5b17fca499b3d20d75808f4e2fccc22,A uniquely shaped wooden doorway sitting within a red brick arch supported by a solid wood frame.
1929955969,44d20bd9849fb4022162963a85b39a81b5b17fca499b3d20d75808f4e2fccc22,A uniquely shaped wooden doorway sitting within a red brick arch supported by a solid wood frame.
1817795716,d7ebcf908ba6240ef6c6b1ee8570567a686b012bf67230870438cad87896def8,"So... that’s what it is? I chased a dream of being the strongest Scorchhowl all this time, only to understand what a warrior is after losing that chance."
1817803249,c9d036ed0d55b2b17fef16c1175e4acd351b16da7907e2a28ac0c121823e86d9,Platform Reward - Official Client.
1817831210,45dc61e7f9de10c24d7aaa5ae6af3f66d90c1fbef49f70aa53545f9f08f3e0e4,"While in water terrain, reduces the EP cost of all skills by <customRichText(calcData,buff,9104308,param0,1,%d)>."
1817839118,d5abe04fac9a39140609884a0bd3ddf281dae9f0e30a3a1a2243e828f1893475,"...Perhaps you know, I am approaching my end.
But as you can see, this coastline only has petty squabbles now, there are no longer any Opponents worthy of a knight."
1817840276,2df2cf0ee589bbf31f05675d862c3fdc947da98895523c317fdfad3529f34551,Did you see my Badges? A Sparkling Bright Soda Pop Badge! That's...
1817850197,5e03dbb34bcbd29e1acc37ef76ab9347cba439643f5677c9a85d88d9aca3bde5,"I know you’re complimenting me, but it sounds a bit strange..."
1817855007,aaf219fdbd28eef036b2b1ed89bdb69e8a96490b32c7080f2e5754989ee0a1c5,Place 17 woodlands in your Home.
1817948825,6644232072fa0f9d829de5fd353ac539b21a4a250e20a4237764252118e5bd2a,"Charge underground toward the target direction, causing Rock spikes to emerge at the corresponding position on Ground level, dealing Damage."
1817952641,dfc02fcb9fba4450a4814ecbb0fdddb0722324a9cb7142e3b13a32b6084030d3,Placing {0} in your Home allows you to craft items.
1817969886,221defd82fbddbcb5e9692acd715623ac51bb2e09dd7e63b656114d7a31a1d66,"Woofer! Then you’re missing out on Grace’s honey cakes! They give you this warm, floaty kind of happiness! Real special, yap!"
1817973352,bc9b714fd9d3b2c2767cd7a7279f4242ced71ed66ac640de2c4ce6be4bf07060,Please go to the objective while in Stealth Mode!
1818003025,36599c28a8a4fcba6efaa04496e3ef697bd6daec890f8ec88721f3c1d5b80bc8,A Reason to Fight
1818010111,2dbc9a0e2738673a3e7b4826346c8e4d0e0206a88cc8f24a8f694b28a22421d5,"After using an Ultimate, increases Ultimate Point gain efficiency by 30% for 10s."
1818025418,e1a6c14654f60715efd94815dda9f3e4a2758cadb103f165fa07895af7c31447,Traits are Aniimo’s passive abilities
1818046381,c2fb445bb4de5ef77bd9d66c4f2dfc6668871268994b9793fda7a56b343f8320,"Force activate Uncommon Trait? (0 = No, 1 = Yes)"
1818052958,ee341ff66e151c8243dd438aaae364071f47409bac7bcc81fa42b59e1e191aa1,"Restores HP to all allies equal to <style=Hint_BgL><customRichText(calcData,ability,10430120,param1,1,%d)>%</style> of the caster’s max HP, and restores HP to the caster equal to <style=Hint_BgL>12%</style> of their max HP over <style=Hint_BgL><customRichText(buffConfigData,2104304,duration)></style>s."
1818134705,9b82425c24c15683c0949b59cb774f9018bb21cbe39b1c9891a008cd1572cedb,Assessment criteria not met
1818180222,f5c03d83a379270dca85af539bfa35be170d0b20cd25566da029bc821d71e271,"Sometimes I wonder... if this track never fell from the sky... would there even be a ""right"" way?"
1818186498,afba3589b15a6cfa56558ba8a1a68528c4bdac98d7ea321562685b6a5a63a365,"So it helps Aniimo grow stronger?
Is that how your Aniimo dream team became the way they are now—through <style=Hint_BgD>Star Dust</style>?"
1818211818,bcbd76ed94ed60dadeecdaf381cd44747a8b5f668ec46f2d8aa085aa7792351c,Curious
1818230788,9329a6f8bb6f69db37505556f30f0c19b29701f01e5e60937c85fc2dd3a170f9,No shop is open
1818241004,4d4435b0d4edcda1b100e464bec368ec4e42d2f3d88f194cc428d4903e98829c,"See that strange Flutternym? Quick, get the camera!"
1818257999,1df9304236245e7d5a007c4c28a4b4b0f7bdd36179f1169456b8c83c6c3459a6,I can hear something... Is it coming from the flower?
1848748296,1df9304236245e7d5a007c4c28a4b4b0f7bdd36179f1169456b8c83c6c3459a6,I can hear something... Is it coming from the flower?
1818297202,7acc6d4a9d192473819ab4867dab915d46d2f38478b0547616ecdd1ae23c1760,(Then... who was I talking to just now?)
1818318562,164346e177a0eb2ac7929860204d3ba50d6967029229af54267c7c5586ee4040,"Oh, stop bragging!"
1818319803,99a3c3d78da4e6b82a81e591be2e229aa030dc3ce3563b9ac3b5aca475cf0169,Some Aniimo only show up when it rains or snows. But weather change is not the only answer.
1818329062,8fafabbbf9e6144de65f8a7ba5173815bbb1b57dc04eb453190408ad68b012d1,"The Emberpup’s suggestions prove invaluable, and joyful energy fills the venue. The Celestis may offer more ideas."
1818358633,9fdcac49ac1c1d50f050aebc5ac662d137fe781cc2f6e4b88e6d503eba85b16b,Complete the quest “Environmental Control System: Part 1.”
1818360384,2eb78a8ce5fd3bce7e13aff6d8fcdbd826af848ab63617b922e1bdf094863fb8,Dried Flowers
1818388859,045b300159eadcc1406f2f76bf241ed98bb2994e5f389337c1979f8a19c5bb58,"For every <style=Hint_BgL>1%</style> HP lost, damage increases by <style=Hint_BgL><customRichText(calcData,buff,2050000,param0,1)>%</style>. At <style=Hint_BgL>25%</style> HP, the effect reaches its maximum, and damage increases by an additional <style=Hint_BgL><customRichText(calcData,buff,2050000,param1,1,%d)>%</style>."
1818412708,8a9fac5daf040adc1143fd88044c4551f4fb9fbaea85479db4a1f34a16f9c41c,There seems to be a clue underground
1818468859,fa3cf669162a2848bcdf2b5395122a2c8b88366a38b14c77621891d7f877d7e6,Baa-hoo-hoo... Is running away useless too...?
1818499444,96759485df651535fb0cae06cfaaac150ff790871013a36a9c513426dd5b5634,"Dear <style=Hint_BgL>{0}</style>,"
1818536811,d94b9ba90d840aa399c149352f50a1b457943a91f90bbcac982979922cf1838b,Current Refresh Cost:
1818630210,092f6bf9963d66dcc4ebc015af075b574575d93118feb7dfc61d6fc2c321ed48,The Legend of the Bell of Freedom
1818680739,3e89e973501edb08f1bcd11288b94b5811f6f184dbe7760b7d0c308406cf7a24,Its swaying antennae look just like flower spikes.
1818727793,cc589e52a3927f896f39dcb929ff006233f5a6f9c065bafb6e55e07ba5c73ecd,I can’t. I’m too busy.
1818736990,8ad54a1b4e4e54c2d3af12419a5f09a1b72c7f9fcb3c8915a10285140d4dbc1f,"If not provided, clears everything for that Pathfinder."
1818737461,22b353c66bd441cbc68f251f71f3aa4c70e71995d5f72eab1e120d89f555d43f,Enlarged Scorchhowl
1986305545,22b353c66bd441cbc68f251f71f3aa4c70e71995d5f72eab1e120d89f555d43f,Enlarged Scorchhowl
1818767739,dd8975a5a5176cfdf4710785a66c53382136e806ac38086351223f5268aee4fb,That was a really quick outfit change.
1818772365,f3cbfbe805b569a655855ac72ffe67a8b97ca6f9d3872efdd07463e625d2cfad,Unlock plot 9
1818781346,d6a3635a1f6bb4c975468baaff0590e86d9a9a206ab4754ae9d0084b7a99a49d,"Her own hair gets smoother day by day, while ours is getting plucked bald."
1818831944,7b584df19c22e36d718dc4074499d47c2e932b644d74ce5ced972c81d98ab574,Flora’s special aromatherapy blend.
1818868297,f96f929c8d8777f07029ca4be999ed2c9fbfa628a6141cfb01bb0bdc0a2ba20e,Knees
1818933196,484eb31d14e61c8ca6abfb56d5d5552708b2b8a99746eafa30c75cb526440e22,They don’t need our approval.
1818941582,6f9d408dd00f1a9278b3c3e83cd045c18ffbb690c68be3a9086a1ba483d945ea,That’s such a long stripe of the lake you’ve frozen!
1819008197,99a52df3ff3d499488e2fa28150c4106a2cb5e928891a830a9aa3922b2d32160,Key
2093004724,99a52df3ff3d499488e2fa28150c4106a2cb5e928891a830a9aa3922b2d32160,Key
1819053720,e9ee34c5024cc3d9b0fa6b3265c49de614c4dfe0969f50a7bcea119c3598ba87,If only we would put something underneath to keep the explosive barrels out of the water...
1819054871,722f79e9e35e00b44cf904ca7f28b447cad75b450a75ba8791325e65d596c2af,Instance Name Placeholder Placeholder
1819112234,799311333bfbb04e4bb2b3b6200d8d66d7472b1c04cb1e4eefa989a72aa7aa33,"Bloomville, city of flowers and fragrance.
Irisalis, Prismana,
And the Bloom Festival, where wishes come true..."
1819155577,ea210286ded90bc087bdd4ba39c98d745563dce85227fa36e5b1e664a0b72891,Sun’s radiance or moon’s glow? Which would you choose as your guardian?
1819163564,a7001042198a6e07b55fff2ee31aa8ba17e2ba4e5efbe616ac83b98b871d262e,Defeating a common target has a <style=Hint_BgL>{param0}%</style> chance to grant <style=Hint_BgL>{param1}</style> Coins. Defeating an Alpha or Omega has a <style=Hint_BgL>{param2}%</style> chance to grant <style=Hint_BgL>{param3}</style> Coins.
1819192320,0c845f2389818dd990280ec5bdfb87c9f06b6ab4123afbe53f8ff70fd1764c09,Slacking off...
1819205302,406af53a2078468401c03741ca3ced52dc02f4916aab8377f1046aee8ecf35ba,Coffee Shop Cargo Sheep
1819279293,8b8e5d83b934553802343b3ac1116f975676fc157aebdb5876cc1cab20c00b0c,Tanghulu
1819289828,e80419a5c1eefea8ce2850ebcfffc0355eeee0bba10ead135654555c493bd83d,Mobility Amplifier
1819329496,73ebf05f3747318f567647dfd980512ea073b764234d5b77b694bbf440571c10,This egg is in the middle of hatching. Do you want to abandon this process and collect the Hatchinator?
1819338785,918bbab66602417fd7c600aaad6b06ef9594eff5cf3bb8cfe98506e8cba1dcfc,"Now everybody is busy with crafting fragrance at home, I can finally take a break!"
1819382982,aa07b4f8449148d888d7f104e55f5b6ae76709090ab0f01a6d95b8a06071e905,"Hey! Can you give it to me, your Aniimo (Abandoned)"
1819385911,12bfe6bd1ea758e9f4e4f7ec01390a5dac5c53df2c3e6a185238c8ce8068cfd7,"The domain ruled by the Aeon Aeolus, where sea breezes carry the fragrance of Duskwhisper, ocean waves play the melody of the tide’s song, and dazzling gems are born from the dance of earth flames. It is a fertile land of green fields, sea isles, and warm earth."
1819413414,d96a9a51f225689c28889fadcd0bd60abe4d34fab463ee96f68426f19f61adc3,"See that strange Bolty? Quick, get the camera!"
1819422405,f01fbb783297fb41a11ab98f29e641ddc5847cae7528268414df9f4beed259b5,World Aniimo Level Up
1869187783,f01fbb783297fb41a11ab98f29e641ddc5847cae7528268414df9f4beed259b5,World Aniimo Level Up
1819428852,063d01d5dd3ee3664020aa34fcf67489740813bbdf8dac494c560e00793d6131,Maple Sugar Chunk
1819471109,3fdd38370b366e702e7d1e1fabe870b10b9f99dcd736dc271174ac18a640cd11,No transaction history yet
1819474369,abee96a7cc0804bee0e5f3db6ad3ef62e33dbe3f12b18ed738fd3288fad13047,Tiny seed carrying a whole tree’s romance. It will one day blossom into clouds of pink petals.
1819481265,4a597cc889891de58c0c5d3817454324be1b93dcb7e9ffbfa370708308b0fac6,Level 8 RV Welcome Pack
1819520109,b755a890d4b654b9ef4b091abc7dea627e7a9c9a30217f69efea561f4540bd7e,Broken Helmet
1819556604,e5c9dcb26de80656fe2d30d5113b80c207a5933e901357460ab7cf7c4e825a0d,"Activates upon taking <style=Hint_BgL>Fire</style> damage, causing the corresponding <style=Hint_BgL>fan</style> to reorient."
1819586434,bfc6672717c6318617663a27ba42f97fbe1a6217c122ea974dffa32d1c963b9a,{0} - Assessment Passed
1819602368,36cacd8fb64ce363b179892b8f266347a5746a92518658a93a42eac2c6d0d401,Turf Fruit Tree
1819619896,3b417ccd390fa782708ecbdcbba759d0bce682d01474fda462da4ce154c07c35,"Oh! Right, I almost forgot something!"
1819631504,cab165d55ab8258e76a5847c21246109b6ccb5468760fa258b335e6dd088944a,Use to unlock <style=Hint_BgL>Harvest Moon - Starlight</style>.
1819636453,38df21516416b36f6fc41cac9723f6ce14ba493081bd8c19ca105833a95a7132,Station 1
1819640377,436bddc49347dc17d1c2764a85fdfefb3a8f3aa1c971e9e412fcf3dddd8dc7c3,We’re getting close to those hoarding dragons’ territory...
1819647914,c08f296a5b4170d32b9a850afc54c884cac37d68be7d224ecd90fab4add4e5b8,"...No, that won’t work. They might get hurt by a Thornblade..."
1819650667,c992401a514bf33b0792774a67e98d6ab528aa302a61947e7385cc6702d640c0,The Branch’s Response
1819652007,4f7314488edeec7df1cb83a7086fd423ee878b9ad8fe5aba7f5c590e83435bc4,Upgrade Help
1819669888,b12a2ec2fe868e0872eaf3c82570e414dc797904ab9127d0532688c79f5d7e5a,"Heart to heart with your Aniimo, every reunion feels like it’s been years in the making."
1819690407,92ef22cee4cdd6f0e33149f5a15e5111399d49dfe5b4254c75d1fce8e6551415,Set {0} as the featured form in your Aniilog?
1819713359,b0446838306da1635161f1bcd7d31afefb5b66cd8365abcb64c209d7dd53fa24,Hide Untwine
1819803083,9380e7730f9285c1294f95077da10af3bccdc97d4a644a3a6738e04bea832e45,"What a stylish new look! At this point, this has to be the most dazzling Aniimo around."
1819823481,185b230e9199169f5d7aa657db1aee15192cd772b7bc662cf8f6954cbcf7642a,Spirit? I still don’t understand. But maybe I’ll figure it out when I become the strongest Scorchhowl.
1819886598,463c56f4eee61ed930b3478ceccad103141ac5789589c0a544fa6b2f5833c308,Take a photo of a Pebbling eating stones
1819914199,a9c02437d917e61134d7444d5777a16dcb03885af2a45178415b23b3a676397a,Baa... waha!
1819983216,a8be28c77b1690fd6ff8a48c83ef7595f3ab885314cdd01be5b168fa96311c95,Cool Summer - Round Stool
1915623739,a8be28c77b1690fd6ff8a48c83ef7595f3ab885314cdd01be5b168fa96311c95,Cool Summer - Round Stool
1994896801,a8be28c77b1690fd6ff8a48c83ef7595f3ab885314cdd01be5b168fa96311c95,Cool Summer - Round Stool
2020144784,a8be28c77b1690fd6ff8a48c83ef7595f3ab885314cdd01be5b168fa96311c95,Cool Summer - Round Stool
1820012934,6ed511496415d12c119eb132eb872b2c52a77a66122287486cc28c4d5fe5130b,"REGEN: Increases the team’s <style=Hint_BgL>REGEN rate</style>, letting everyone use skills more often."
1820037203,26e436b6a1a20736e8491a78c60df611d6e8f449607ff77c36b862fe31b4fd3c,Hmm... I should prepare more tea and desserts...
1820073240,81e99300384971d551d86053ff4df9da8be25b73caf137941bc434cfeb7a38f9,"Zzz... The floor is so warm, and it’s glowing... zzZ..."
1820096018,2632fa405c6b9f44f63cc509aad29dc630fe939e42d2eae0439d8fada5d1d847,Lock this Aniipod?
1820096155,4fb487902ecd961b436fc4c460b63e358ec7661681678912b8ff6d6a73da60a7,Congratulations on earning a B grade. Keep at it!
1820150860,b560e52c92b77281aedd472b1e27fd288afe9ab597dc3b2cfe162bd424cd156a,Earn 20 stamps to unlock a chest
1820175536,ca1b1149461e32a9343601b01ca58569247a62d5686c9849d5ba08b4b5cf9f18,The resonance between the Echonite has grown stronger. Could it be because of that female Echoback in the distance?
1820212654,aa5e6142d698611f9763304cb9a61e851b7835efdd66ff21b4880727134888bb,Catch 5 Aniimo.
1820217653,54a1e2cc26eb24a6b099ecfa2ee2565f300a736520388f243f1e52274fbca154,What happened to the painting? Why did it suddenly become clear?
1820231206,74c0fc190e9387e93e17ec978c87929502eced78d2c1d08ec89e2ca079e0206f,Rose Freshener
1820235664,57d83c8fbe37ed68d1bb396bd1d66d6b404ced1a03a1fc807dd3d4162cc1838e,Failed to enter. Level requirement not met.
1820255364,f348174a45e572008f4a76eabd1b930e0a1d278c7bd28e220c4dd9956e4b7275,Can be obtained by selling furniture at the <style=Hint_BgL>Co-op Store</style>.
1820256775,8e9b11e5e7f7217a3cfdf538a44778e23d7a2668edbdb466fe7bfc8765611acb,"Forest of Falling Stars, at night"
1820302320,644d233272964c77841ed3bd01656e2c2100122006382121d7bfed2030b3e021,If only I could pass the Institute’s entrance test...
1820315492,7df99e31c76c4dafa97f20312df1498fc4313384c1db8363a30c951b3776fcf3,"Deals damage to targets in front and applies <style=Hint_BgL>Secret Fragrance</style> for <style=Hint_BgL><customRichText(buffConfigData,2135205,duration)></style>s. While the marks are active, Dark-type basic attacks deal <style=Hint_BgL><customRichText(calcData,buff,2135205,param0,1,%d)>%</style> extra damage to the targets."
1820322535,36133c86dac345c16b0b9173b03b25c22d9adb63b3845f376c583dfaab63352b,"I am Lita, Instructor of the Battle Art Department at Polaris Institute."
1820337653,5e6a97f33444f7e730cef3290e340f82beeee50052ad2f9585e345497dc1b30a,Fidgety
1820370660,40df2a89e5dcfbeb3aa2448279ca50f763caa8183e8de3a5a8e727808a00cc70,Audience Member 11
1820377604,a8d41fc3aff71179890c88700a6bf724e12a7daed5d42ada1693cd9bd04a0ab5,Head to: Horizon Square Station
1850503159,a8d41fc3aff71179890c88700a6bf724e12a7daed5d42ada1693cd9bd04a0ab5,Head to: Horizon Square Station
1820385532,ab48e3db2e2a81cd8637faebdba6c83dbd436edab3ac00f9f795deb2061fc4d3,Blitz Tree Effect 01
1820405568,3252860d67c9623bbf522c2d7a81442b4aee09277f28a4a5b3d8f62fcf62157e,Phonolfactory Table (Level 3)
1845496657,3252860d67c9623bbf522c2d7a81442b4aee09277f28a4a5b3d8f62fcf62157e,Phonolfactory Table (Level 3)
1820420721,173311aed65617ad4736f11a17e4dbdc9a19b36b6d9b110c2c18a02090405bf4,"Act 8: Facilities, Orders, and Life: Part 2"
1820420765,4bf0ea984638f1396f13a98fb772a6c1ac3becc14adcd775a76259ec1ef1faa3,"Oh, it was your friend? Well thanks to them, I can finally <style=Hint_BgD>reach the island through the Soaring Spring</style>! I’m heading out now—could you pass this gift along to them for me?"
1820424635,24ddd66b26452b42d37cbb79968b665e8f45aa4b762746bc96b45fd1847d6e66,"You’re trending everywhere right now—the top five searches are all about you.
From elite expedition members to the public, everyone in Astra is talking."
1820441682,18084b2e398cbcffd252b6b63a1948ddb6ad57367cab7a02f761af8fcd2fce2f,What a beautiful day.
1820446376,58d8ab1ce81b3f78a40c18f62221e50c9b82776a18767b3e7d1b631fc996d544,View Prismana Panpanta
1820520017,d706a6fa18670fe9f3c63a6dc5ee1cefb1c76902d9f84d4ae1d6ef2c06e7aee3,Of course! I can still fight!
1820522290,b2b137bcae6805b3ad5ecbce28a24ab757b4ad5d000090f719f0d28555832cf7,Research Mission accepted.
1820554239,1922c7d7bf2633fb60380f4617c96f577b316c89195620e9298648ce192d17fe,"Eyewitness reports claim that a mysterious purple figure haunts the center of the Sea of Flowers, appearing alongside abnormal energy waves..."
1820554557,71c422230f92c31f9b210df9272128677e9cd939081a22a4c0f5c000137a31dd,Butterfly? (It seems very curious)
1820575523,e64cb1e65f4b6717a2b69cd8c8fa812aaab5fd8d2bcc2b7154230c4b4a4685c3,"Is that so? That's a feeling sharper than breaking a leg bone in childhood, is that the <style=Hint_BgD>price</style> of becoming strong?"
1820583286,a2507f16f0c16e7e8186227cbc8ce50758d46d69c1dc3fb53b27e251c9bb205d,Put it on and drift into a sweet dream.
1820589399,638375746f5b84e2923207e7d26c698a2e22650800e69a15d76747adcf099d30,Become a Grade 6 Student 
1820609928,ab1a15b0cf5b94052ccf6d884a06a3b7f2ee5450f8cc4e5eaf4db31108b29498,Lowers the HP requirement for Damage Boost to 60%.
1820610624,2e2a0d9034a1f885f7964e905b8b8ac4f907e97d57f6af1ca14c414e3baf2f80,Ayyyy! Me l-l-l-leg’s gone all numb... Eh? Something you wanna say?
1820650909,74eb5428789b25302274b3ad595d8708f91d24affb186055438c5d11da6af88c,Hide Skill Type Display
1820666967,f03f0b64e4c1f5460a5d01815c11743f454e9a3934021f598bf41e8e887cc12e,Twine with Melloblum and approach Budsquire
1820674502,de659b4a8ecff4e575d74013515c3f456c6c22b675a86bae0345af707594b916,After my Budsquire ate that growth mushroom...
1820712192,e42aa67f89badb4a983b9c066459df8500d7322bcc208239a9f8ebef2f148968,"Crystal clear ore, can be refined into various items."
1825751351,e42aa67f89badb4a983b9c066459df8500d7322bcc208239a9f8ebef2f148968,"Crystal clear ore, can be refined into various items."
1820731625,c4ae11f6872d8e2393a15c1c4946cf629777cb65ae1dae9fc874387dd8fc7a49,That Reefish was terrifying... I never want to run into him again!
1820776253,b919e5360e9b37a8b64433fe3150a9758442f172be129673059427299d7b18fc,Only then can I truly unleash my power!
1820783326,b3b790bcd202f2ecb6c2f656fb90e29a69a92406d42d5aaa9c10037308271be9,A novel by the ancient Bloomville writer Armand.
1820795005,0c2c430eb6eac063cc561bef11df8f823e5c5b170b0964bc348c700aa0950413,"Increases Crit DMG Bonus by <style=Hint_BgL><customRichText(calcData,buff,20510020,param0,1,%d)>%</style>. Stacks up to <style=Hint_BgL><customRichText(buffConfigData,20510020,maxLayer)></style> times."
1820808463,2880d212ea504d5a165e0b1c99252af436243712d5debdbef4ab4dfb68a4d2a2,Aniilog Research Level Rewards
1820819963,499cefc88c2c86463c01a0bbb58bdca2b34deb04d2065137e1d7e08d6506c54c,Heavy Duty Backpack
2132694356,499cefc88c2c86463c01a0bbb58bdca2b34deb04d2065137e1d7e08d6506c54c,Heavy Duty Backpack
1820823642,4bf16caee7841be43a68e13d6b297533de4f68862fb3fb7368549ef3f59ec4f9,I’ve been so focused on researching new toys lately that I neglected the shop’s inventory. Please help restock the materials.
1820877382,5b5b39e7fcfcea0ff09f014dacaa648ff6bffc18ae69cebe2f504268fef44116,"Among all Lumin Ambers, there is a type that is guarded by Aniimo. You must defeat all guarding Aniimo to possess the Lumin Amber in the shield!"
1820961484,b032ccbb85f60b49fd356143ae95094af75f2c719dbafb19095f2ff386f2bedf,A blessing?
1820975339,d4eb08915d78b01eab58fb83279464f68a7ea74cc9f0c8131fd953663b78605b,Catch Conditions (Placeholder) Text Text Text Text Text Text Text Text Text Text Text Text Text Text Text
1821023951,b472cf46381147391dbecace6eda3f22fd297e733be8e1109225870f2fc42ce7,Post-Challenge Dialogue
1821030399,c9ea57017b2f34ac56f13b6db429d3d46d48763771cb2094b1e02a27d34cd405,"Restores <customRichText(calcData,buff, 270010025,param1,1,%.1f)>% of max HP every <customRichText(calcData,buff,270010025,param0,1)>s."
1821114386,bf97ea5fc941855b5e4fbe55cb079c3b362c429f890bab8b3ea38829418d4202,"Aniimo in the [<style=Hint_BgL>BREAK</style>] state are easier to catch.
Press the button to perform a [<style=Hint_BgL>Quick Catch</style>]."
1821152211,8c20012ef614ceb0548da89fc989a7f313314e688092fa6b3d33729df9c9ced4,The Elder’s Doubt
1821153628,54f6bce14383f965b20b8f27c22ae25da2e29a81d8f1a206637af2d4a0ee715d,Erlathes deeply enjoy wrapping their young in delicate bubbles and preening their feathers.
1821205505,e033b375815144eb351e53eedb2a9311e853f1192741a364e8a8fe2f8a9a453d,What’s Lumin Amber?
1821216404,14e158042d766db8335a9c0550585d26a4cc33a9d6ea0866cb5f6398e9a880a4,This is bad...
1821233186,9fd28d2b21eb17533b47b8af2647dd0cb4433fcbf88c394b0c3335a1b929ffa1,Second Place—Popsicle!
1821238189,a240ba03732765eb37f7e6b1c7260fc51af9e2fd6a88dd6206315547cc639a20,Doesn’t taste great.
1821264556,a37c9e7e11239c974a2f958e71f2e5b0abbb5a7c1569e1c7223a072f9c0ae99c,"Hahaha, impressive! This <style=Hint_BgD>Bursting Fist</style> badge is yours from now on!
Remember to fight with explosive fists and blazing passion!"
1821293656,3f1c4ef907a136670b1f8cf6dd1e674466647d87fff1f9b52c212c91dcd879b9,What kind of collar is it? Mind if I take a closer look?
1821298486,35e52858a93db5387859126dab9196593fd22c37c7d27e58671d647ffdbd7126,"If you have enough Aniipods, the best result is to get an Alpha Aniimo, it has nothing to do with prismana form."
1821340266,8d75be98e3de93c17295d34afdadff29c9fcf8e3b22ac759291dc35f368a52e0,Carry All
2116368861,8d75be98e3de93c17295d34afdadff29c9fcf8e3b22ac759291dc35f368a52e0,Carry All
1821340766,d3bff3b193f257abdd6dc6a5657c6221fb68e99f75acd4aad75782144ebe8ed3,Select Facility
1821343043,cb240b763314c2500dc273633e8c61f95eff35f057a2d4d8951264f143ccc9c9,Thornblade is tailing you. Face it to pause its behavior.
1821346848,495aacc784e27f2784ab3587aa8791a6a97361710085e63941198e10e5b8970a,"Only Thousand-Fang Ridge was very special—or should I say, very picky."
1821410212,11c079aa451b49531537bd7b14b9d6d5c0432bf9c75444fe1de822e94b76bcbe,Replace Button
1821410740,bc533c01061f894a7522c89feffae332916b990844b01c96f326bafa1eb04cf5,You don’t get far before a Helgon catches you...
1821416468,ed186d9ab8dea7909fa68318461b50215a3205f4bb8efcfd318de47996b6e835,"You seek to become a Lethal Thorn? To claim victory, you must first understand the price of defeat."
1821483307,109b8f8bd23d685af13f5715baa11b37d35f704657f45fa8010e52e66c5bc826,Freeze the path and press on across the ice.
1821509092,0f68f740d88cccbc5294f06dfe969ff26c82447c71b31d16d48b4ef849a54a60,"Yeah. Its name is <style=Hint_BgD>Lumin Amber</style>, a crystal formed from overflowing Vein energy."
1821512007,8713a2b546d0f0a257ceb4ae48f66fd409f4e922c9ec207956dc8a3a35deae8a,Truffle
1959073397,8713a2b546d0f0a257ceb4ae48f66fd409f4e922c9ec207956dc8a3a35deae8a,Truffle
1821583851,cd2b4ef5cd3a5681871157ec4988c3aacde7282388530d1992180675fb742e02,I don’t know who keeps splashing me with water...
1821591895,f36c84e2ddb2d35b3eeb5a0fd865703bd2e28ca8dc9be56f1dbeb09cea5e8fae,"Lose 80% of current HP, obtain 3 random ""Defense"" Gizmos"
1821682745,d1415d5bfaea7ae5904401eb31492519d773148298f142cac9e90aae005c79fe,Starfall Rain
1821702749,e600c89377b11f87be8c9e6717d453e760f6b07ed63d15c6e80d33a4e9596a79,"What?! You uttered those words without flinching! Are you reinforcements sent by the instructors?
No matter! Face judgment!"
1821703050,a71652626b00e0eca624e4d4181fafe42db6584c4d6eaf70b144099d0f6c63c9,Summon Platform Stage
1821740912,0dc18597d3884f8da98037163e9c88bf32034ab37e1f2db25a6461c417222cfa,Reduces physical damage taken.
1821745398,1a4bc9f2451d33c84b001ef0165ca1df376aafa155e2b1c2e39e281bce48090c,"When an Echoback has died, its <color=#ffd200>Echonites</color> will retain a strong resonance within, which, if activated in the correct order, will resonate the last song it ever sang."
1821756199,bb26895791967c7adbecfade84248ce3b55d2a3885fb67b6a8da840be91152f1,So she’s become this land’s Guardian now?
1821772002,a03f3e107636cd0b4c9c4a9fbd26e6fe242118d8295d29de0ff4c36d781805c0,"Hi, nice to meet you."
1821806655,5d0abf6d82671d78abced22edbd6cefe00faad7e3546723b5b773bc7d563b5b4,Huge Shining Waxing Moon Pepper
1962462409,5d0abf6d82671d78abced22edbd6cefe00faad7e3546723b5b773bc7d563b5b4,Huge Shining Waxing Moon Pepper
1989627148,5d0abf6d82671d78abced22edbd6cefe00faad7e3546723b5b773bc7d563b5b4,Huge Shining Waxing Moon Pepper
2123194998,5d0abf6d82671d78abced22edbd6cefe00faad7e3546723b5b773bc7d563b5b4,Huge Shining Waxing Moon Pepper
1821820351,b8fcf158175089862e5dcfc7186cd24bcdc0a484d27ee1d8378e954798286614,Warmgrain Narrow Wall
2007160734,b8fcf158175089862e5dcfc7186cd24bcdc0a484d27ee1d8378e954798286614,Warmgrain Narrow Wall
1821824110,9c93a3244608e680a10697020cda02f2cb1d85d81f9e333e1226cb08c5a9c6cd,Snuggle time! Anybody wanna cuddle?
1821827563,d32d5e27e075a33d77493d3b9791f8763811d223c3695f60c80bd69e1f3f7089,Let’s play a little longer!
1821852167,1b6cd310547e09931249d6f9120e06fe11328e46c97320b59d46c31484ce633b,Link Interface Test
1821860539,eab0c083dd1a3b159dca1c5d1fb0951ebd82e13d9d42fc7c772efcf4a90d20a0,Just a bit more practice for the perfect shot!
1821890893,9763b938ac7e91071076430f7fd3ec51ca92af0c9a9e46ee77f25448b08e65ea,A pillar for decorating your Home.
1821895866,6f18f8f4d75cabad4008f1a454ed767057673f6456e7bf6f638eab1691991984,Ready to go
1821904108,e21550dabad6f55dafd76a3bdd3e29b6b3e238c79731f064560bce037ffe5365,There’s no point arguing with Velouria over whether saving the land is a trivial matter...
1821906675,e3d4acf38871b2167e99cafcfad4a6468005acdfebb73e3319368ebb7ba8b49e,"While on Turf, Damage Amp increases by <style=Hint_BgL><customRichText(calcData,buff,912120106,param0,1,%d)>%</style>. After entering battle, each skill hit grants <style=Hint_BgL>1</style> <style=Hint_BgL>[Dance Power]</style>. Hitting multiple targets does not grant extra [Dance Power]. At <style=Hint_BgL>24</style>, the next skill costs no EP."
1821928558,058928ec4c6e4efabf0996ca599f7cca65a283d923c4cb7be95a4744a0c8c50c,Maybe I’m really getting old...
1821945851,246c35dc9356888c62a4c8322950ecc7ebfce4cfd085f66f097851b5001258cf,"Extremely rare Waxing Moon Pepper with dual mutations, enveloped in a rainbow-like glow while having exceptionally large and plump roots."
2034180474,246c35dc9356888c62a4c8322950ecc7ebfce4cfd085f66f097851b5001258cf,"Extremely rare Waxing Moon Pepper with dual mutations, enveloped in a rainbow-like glow while having exceptionally large and plump roots."
1821948795,993dfd18a279296040501c1a0db52a4c46b673af4f4f834e34bd40ad50baa41a,"""Shello""? You mean a Sherro?"
1821951115,0901d60372a447212a188a085f0d83ef7a2490025b4a1bed94a3e928ee08cfb2,Open Capsule
1821951673,46f0dc1c8950c4c06fa6fb79dc3fbc55ebd222b75ec3be3a801b645b75e40ec4,Spend Eggshell Coins to repair gear. Its max durability will be reduced to %s.
1821965498,08a40398693776983cd6d7f58f0e0afa462344907570260dfcf2f27f7f60e8d3,Expand List
1821973918,c4345d122164401ec1131d60816855053a5b693e431c8a4f90d9c3268644bda2,Force Submit?
1821975050,b3522b281f2956ec224ae0f92972bb4d56de3d342de5f1c1d0cf9154a9469063,Requires Institute enrollment
1821988754,3200f03c6fc8b0526215db019a1f9ecec3c9715719ec23d9b2d2c83cb5c50a35,"(Proudly looking around) Heh heh, this is the dream place we established after my master and I won Astra’s ""Golden Gloves"" championship three years in a row!"
1821989682,81695e9f62f1c1848296cbeefc6811910209469ec601c621876b0c96bc18bcc7,Cozy Bear Den
1857556861,81695e9f62f1c1848296cbeefc6811910209469ec601c621876b0c96bc18bcc7,Cozy Bear Den
1822025341,774b5c40da0bcda5fe87c8b207c65adc7d7564c8a9a74cc812892712d2e98b7c,The wait is over—let the show begin!
1822037835,2819e30064b9e3b342b33f5513aad60503e4545c9c09ad7f771f5187533ecd66,"<style=Hint_BgL>Temporary item. Usable only in this game; cannot be taken out during evacuation.</style>
Significantly increases defense against <style=Hint_BgL>targets on Chaos and Nightmare difficulties or lower</style>.
With chips installed, <style=Hint_BgL>slightly increases defense and stamina recovery</style>."
1822041503,7bd7aae034f4683419a2f46dd5fe4be6043cc944c6eb12d4946647c032ba7e57,"...Making perfume, and colorlessness. Could it be..."
1822063213,e07694a085c9df3dbc57a474fa31dbfd19ea1f108f4b2c1d397d87a7c2e5ac8c,Equipped on Non-bonded Pet
1822084132,bd64ca65be74cff4a0e3083b38fbca3521706559e3a06530216d358001941f99,Obtainable by using the <style=Hint_BgL>Well</style> to produce in your Home.
1822183746,dcce0f500e39bd394f28011acf884281d961b6f16e87663d96a8e55c7dfecb72,Face of Aesthetics
1845168504,dcce0f500e39bd394f28011acf884281d961b6f16e87663d96a8e55c7dfecb72,Face of Aesthetics
1822197467,2e5f1f4497f40247046f1292318956264fb387557efe23c8b3e491fb6c12f015,Recording Duration
1822222911,87b0e79d23d51aad9ec00df05b6f2f48a633135b300290a168ba30e2ef52ab40,"""Grateful""... Heh, interesting. Fine, come then. I want to chat with you and your little friends."
1822224419,117b53aa52cdff5729a0e9eb52b64dd72ad578a7a967e004bedec489576f8412,"After defeating a target, gains 1 stack for <customRichText(buffConfigData,9103207,duration)>s. At 3 stacks, enters Zeal."
1822238367,bff79f9efb8a9c732b9ddc3adc7a26a024bbb73ea2efdb7df18055084f27aa0e,"Vibrant energy pulses within, nurturing an extraordinary life. A Perfect Aniimo is guaranteed."
1822263611,5cf5711e596a9d442670b062cb2aef54780b7440c0bc20cdda656b68852a1cb4,Onlooking Wisptis
1822339445,86763ad8e8919c7b7b67c4ffcbfbcdbd620bbfa3b04021e310b99ab0f2a1abed,Twine? Are you a descendant of those outsiders?
1822355718,9c46ad84628a64926ff3921cd9f46ad7f6280967a5d9b32bb4848a470fb3d875,Gentle Healing Water
1822367907,36520f0aef26f37ced802421a54d39d73432f9fc0f1e5ac13c6d1ec3dd39b7fb,A highly popular style at the Institute.
2012881966,36520f0aef26f37ced802421a54d39d73432f9fc0f1e5ac13c6d1ec3dd39b7fb,A highly popular style at the Institute.
1822410648,0e97ad021672d434a066dc50b8681813907da9f1f706aa1fa4402b9c4ba4c006,Protection
1822417030,6315172fd5df9d5ae6d753128642cc228f888e8449a60343f6baf4976570f86e,Sparkling Idyll
2085386180,6315172fd5df9d5ae6d753128642cc228f888e8449a60343f6baf4976570f86e,Sparkling Idyll
1822420969,f4dabaa5ee9a6eb51112a5383fbaf6a50d23208d33033f9f919b59172892e3a5,"When a target is defeated, there is a <style=Hint_BgL><customRichText(calcData,buff, 2030005,param0,1)>%</style> chance it will drop a Heal item. Picking it up restores <style=Hint_BgL><customRichText(calcData,timeline, 2031002,param0,1,%d)>%</style> of Max HP."
1822480725,1d4d85c14abddc5dcc242ae1b1f9b10dfb6191a7de97fc622a901cca15eac665,Save it first!
2030471293,1d4d85c14abddc5dcc242ae1b1f9b10dfb6191a7de97fc622a901cca15eac665,Save it first!
1822495476,3338b4a0f7623b87dc0fffd8ac10a59bd0f7a83b047c4f7d1db87cb6b40a79b0,Got a feeling you’re my destined teammate! Friend me now!
1829315884,3338b4a0f7623b87dc0fffd8ac10a59bd0f7a83b047c4f7d1db87cb6b40a79b0,Got a feeling you’re my destined teammate! Friend me now!
2125298751,3338b4a0f7623b87dc0fffd8ac10a59bd0f7a83b047c4f7d1db87cb6b40a79b0,Got a feeling you’re my destined teammate! Friend me now!
1822500039,601bc8424f011031f89819433749d9d0e99df88af3a6640afe35cce51a82a5f4,Companion Handbook Free Level 83
2086102699,601bc8424f011031f89819433749d9d0e99df88af3a6640afe35cce51a82a5f4,Companion Handbook Free Level 83
1822620715,208a5ecbdae38a9364b3a451aa866dc35e315ba903578372a92869b65bfbd00b,Furniture Blueprint: Cool Summer - Vending Machine
1822621202,4e4c3029c3b88389cb3172e890fd087f7384b135981e3d02d8aa8918655e86ad,"Increases the Crit Rate of [Core Gizmo] by <style=Hint_BgL>{param0}%</style> each time you take damage, stacking up to <style=Hint_BgL>{param1}</style> time(s)."
1822627055,e24a16dfd3516863f49e269964a8f463ad8c4efc23adcb12f0f3d806ee115f05,"Fire can ignite grass and wood, while water can put out flames... Use <style=Hint_BgL>elemental reactions</style> wisely as you explore the world!"
1822671762,0fbbd769000545cec5cb4553f61859034750006413bda02cc9c3dfbc51d85bb1,"Head to the Park Board at the <link=""appearHelp_684""><color=#5090df><u>RV Park</u></color></link>, enter the Aniimo Expedition interface, and deploy Aniimo on expeditions to earn rich rewards."
1961452791,0fbbd769000545cec5cb4553f61859034750006413bda02cc9c3dfbc51d85bb1,"Head to the Park Board at the <link=""appearHelp_684""><color=#5090df><u>RV Park</u></color></link>, enter the Aniimo Expedition interface, and deploy Aniimo on expeditions to earn rich rewards."
1822707242,d83a62c05ca43c3240bfea1f12e7db37a2ac854ef12c0bf53d0a5067900c04ec,Premium Diamond Rune Pack
1822739014,20f1596ce07937fbe6b8573081810d3bbdce10fdf55207dd1ef644378549d1c6,The floral scent of morning dew and the breeze of the forest blended and sealed delicately within a vial.
1822765447,16350554f5f677f769636bfa3dcaa38e44976f05f668db82e7698cf81bdec08f,Transport to Home?
1822777353,d3277287bd5ab27986cee16398d32fcb1b574191fe46c2c9bcbbd25c7ee1bbd5,There He is again! Did the fragrance summon Him?
1822796184,fc6c0fd3f4089f2049b5c65c4de0949e5ce0192a5c102baf0a5e3180f4c8d3b6,"Yes, that’s a Sherro, and a mean one too."
1854177682,fc6c0fd3f4089f2049b5c65c4de0949e5ce0192a5c102baf0a5e3180f4c8d3b6,"Yes, that’s a Sherro, and a mean one too."
1822816655,02850efdf10f743d3d57e9abf3d945cb3c0b33b59353af92a377cfd073b92c4e,Olivier
1822929441,097bc5cf8474d8037dc458ea0d53e6d6265581359559951b65a57812cd245e5f,...Is this an Aniipod buried in the sand?
1822966395,0c06ec676ef9ce065b620694349c487c521a8b65b48d9e50b2f19ef51bcb5d0b,Report Reason:
1822980006,3940883c936774a740faeb6f91d3a85fccc88d66991fefe906e2bc1cf81041f9,"Here, take these <style=Hint_BgD>Home Coins</style> so you can purchase the Co-op Store."
1823034482,dcfa9599c58433e30bdff6ed92d3f2442bd46a2ec68bf54b6c6f109345e18bb0,"Completing orders, managing your Home, and selling produce are all ways to earn <link=""item_1010""><color=#5090df><u>Home Coin</u></color></link>"
2126366659,dcfa9599c58433e30bdff6ed92d3f2442bd46a2ec68bf54b6c6f109345e18bb0,"Completing orders, managing your Home, and selling produce are all ways to earn <link=""item_1010""><color=#5090df><u>Home Coin</u></color></link>"
1823054070,bb53eddabfac461f9f61183fd67dc56fce9901159f84cb405ca1e5bedc969f5b,"Oh right, right, you still haven't answered the principal's question from earlier!"
1823077701,68255355b21600e145eaac63d3434a04fbb1f8f0fc42c2f1ba01260296e75cd1,Ice blades whirl like a pale crescent moon slashing through the night sky.
1823115975,f09686096b7b0b236b79d0e89ee9b4ac01e21a3f66c5dfc87b45f19c3f58562f,This button...
1823270762,9fbd03c7690c6c35611401f5e368fc9665f18639cd2b1b9f7bf31be23b88bf20,Thank you for showing me such an amazing thing!
1823332970,dbc74a36d8e7439c45c64d856388506cc9b1218619cef979c3d605115a7a4546,Indonesia
1823422614,db453d0592faa5c786562294477b10574ef44055d5278ff39f8d8643e2394f4e,Nightmare Difficulty +1 ATK & DEF Buff
1823439259,932c42209e947674f3834bd2708a64f232e385ae31d1808eb495ed988b9d95a5,"Ah, there they are. Some Susutas are heading over..."
1823531372,1a1f44b1a7e5693f17cb02f02288a806cd3916999166010cd584b97be5dbdad7,Batch Allocate
1823551317,3a2b0f5869c1e7bb0a2c93b836e9df6248ff063ba5ffe1dcc21c70eb93aee726,Select replenishment method
1823563590,64b01e8d048b2344ccf2580c142d0176106c739d243829558261f4d152089316,"Abundant vein energy overflows from the branch into the sky, creating magnificent prismana flows that attract rare Aniimo to harness prismana energy."
1823577981,4bf768f6aeaaac95f1192cf7f9ccd2f30c802bb4c777b0e837ccc09fb176974f,"Unlock Badge - Tides Rise, Flowers Fall"
1823596816,4cbd6811cabe5003f0e7ed74bdb8abed7d81b247723ef2b1dffa7d412549104f,Go to the Furniture Store
1823623621,bc406bcbc69b53752cc0711e3edaf1be176d8c6cd82b8df622abc8168f5c61ff,"Increases Dark damage by <customRichText(calcData,buff,6003015,param0,3,%d)>%."
1823625005,2763cac1aca9e1071fb000238722271eddc322ec5ecacdfbf82ab5647366f388,Pupils 4
1823637674,11c69c127ab8a7b0ebe521a2e6977388976dd713dc8f0baff72b3a73a0432f26,And then what?
1823647550,1a14ccc215b62fae1a0cf5feb59ef5f169d60c3a3f69491b1bf41338ffbcce33,Listening to the breath of the wind and sea—
1823658695,b0330a43fb5e2b4aae10394d06af601a4fd4ed3fb96aece6257b479d62436f5d,Challenge <bossRush> (Left)
1823669748,3c7ad69069541c4054cbdf5b9b69a470a4ba4c8950b72668af64cbfaacfa1167,"So now, have you made your final decision?"
1823670004,2de251e0c4e8f8190c239e46c29c60336b48cc6cd014297c11cdc92f6addc464,Stand
1830454641,2de251e0c4e8f8190c239e46c29c60336b48cc6cd014297c11cdc92f6addc464,Stand
1873478742,2de251e0c4e8f8190c239e46c29c60336b48cc6cd014297c11cdc92f6addc464,Stand
1996466380,2de251e0c4e8f8190c239e46c29c60336b48cc6cd014297c11cdc92f6addc464,Stand
1823675872,a792a6807a7b7c6fea5662479ff70b2eec335674edb9d3fdf3210326f9aefcb1,Colorlessness Among the Flowers
1823676846,afd9ee531d6f1b1102268cde271ec129f6a91bd2c7a938ec12962fd08f15c938,"High frame rates may cause <color=red>stuttering, device overheating, and increased battery drain</color>."
1823678729,2d6f4f42adb53dd3e22bbcb7da40f5f08bac5cab53f3fc51a5a01f6ad58392c8,...is your aunt’s cousin’s second uncle’s sister?
1823713177,36a24c8fa99396e56619df7b26b815c90d6d6577b4a9e2846abf6a841d90b987,"That's right, BREAKing the Opponent's Aniimo can greatly increase Damage efficiency and help you defeat your Opponent faster.
But there should be more than one answer, take a look at the other options."
1823727385,c2a305934a63ce8c7133c1657144b6919c53dc4a32305f7e6af7979305a562d8,Pilaf
2071953826,c2a305934a63ce8c7133c1657144b6919c53dc4a32305f7e6af7979305a562d8,Pilaf
2080162796,c2a305934a63ce8c7133c1657144b6919c53dc4a32305f7e6af7979305a562d8,Pilaf
1823741335,6e0912d074251a62ac90523cd264b7872817f7b804ae61841cea34c0d3d1647b,Look! There's more <style=Hint_BgD>Lumin Amber</style> over there!
1823767658,55eab13dc455cd6bdee222cd33447d936af0e762ab02f1f16f8540d64657d1a9,"In that case, I trust you won’t mind an additional assessment?"
1823807407,d789a5bde2792a97a90467c9218ebd360df55250a7fb47e80ff5e4213a35324e,Carousel Mill (Level 6)
1862624884,d789a5bde2792a97a90467c9218ebd360df55250a7fb47e80ff5e4213a35324e,Carousel Mill (Level 6)
1823821064,aba51f8f761e3b96555912773445b06d389aa7717556cf9064426d26f956cb57,"I see. Thank you, Director Ling."
1823826250,b7866f7d2fb6d87f7a4c3f1bfaec2b773b2d2d6e339a9633ab39d7eb13fac2da,I need to train harder!
1823851023,1df9c9b81e4529b423547b4e8e1d8ce696f950f29fdc7babfba42730cef58ff4,"I’m done making perfume. It doesn’t have to light fires for me anymore... Now it can search for its own flame. That’s good, right?"
1823858601,1fea51c5916dc6c5cb57b50375072db023ed437e2503dfaf35427d4a3af4c29a,"The Alpha gains <style=Hint_BgL><customRichText(getConfigData,extra_random_buff, 3043000,param0)>%</style> BREAK efficiency during transformation."
1823878991,db4ac323ee51f41d8786aee7fb02cebbabd4b338885c0a3d7de5f80fab8481fd,"Oh no, I can’t keep chatting here like this! I’m here on official business!"
1823881063,8666ca4786a5e59e2094edbc0e2b3ce44c474f77b700d50a027403e68efbc8e5,[Topic] Defeat an Aniimo with Elemental Counter
1823889974,6f798d44552230550996d5a4557935a4a9085e13bda1c2928704f4593a858051,"Oh, you’re back! Look at my Grass-type Aniimo—their leaves have grown even bigger!"
1823897067,ba8237c88df0f25c112ca772ef8e23f829681914d15390ccba865a6771595199,Failed to initialize account services. Restart the game and try again.
1823942062,3bb69e8b5fa1cf0e0f448efda7bb07c47278c5eec69c7bc280f4296354243d65,Companion Handbook Premium Level 94
1849651758,3bb69e8b5fa1cf0e0f448efda7bb07c47278c5eec69c7bc280f4296354243d65,Companion Handbook Premium Level 94
1823949721,960bdf441e0adff2c7d364f62e887cf8abb9139ba6e317b16af97235c1f6e6d4,"Oh! Right, right. I heard there might soon be a chance for outstanding students to receive one of the <style=Hint_BgD>Prismana Aniimo eggs</style> on display here!"
1824008918,fee1bd235893f7c1466df56bf08a5469f349cba01aa613f80df88309dae9db28,Skippies can <style=Hint_BgL>swim</style> in water. Enter water to automatically twine with your Skippy and swim.
1824052360,a5b225f0af060cb73999b000e107138c70a57c11d2f593d8a52bc0051dbdf883,Catch Tutorial
1824059920,bbabf899b12c5fd803f967fb7e8501687b75c671bf73bfc92be72fdf981a1b35,"I plan to publish A Study of Four-Dimensional Dynamic Perceptual Neural Links in Celestis Responses to Starines, revealing Celestis multispectral location accuracy, response-time thresholds, and the trinity of pulp and energy intake rates to academia."
1824082109,7160b16481653f5d4cc36921df2bffeee0766a2c1c493655504aa83918396e04,"Next, let’s find the right place to blend it.
It should be where you found this crystal, #playerName#."
1824099717,7449b84d5dfd30c06b3db7974ba973dac3f882ea15151bd903c9877a77579f35,Can be used to exchange for Bloomville special tokens
1824103527,0efc2c1b3739f7eb33ed88ad4dd48e6c76e309cf3dcdcb1cc3825beb81783272,Earth-type Aniimo specialize in reclaiming land and mining resources.
1824104864,0cf81ac8ef2cc1a5362c732d36b31606946acac3de949a198d2a876fd9566ae7,{0}/min
1824108669,adbf191e973d0cbabece2ccd583de00bdf620688a729a78d6057bb04de8270fc,This Aniimo cannot be deployed.
1824117378,0218c2fc2b2a1d2ff74b94decc849da2c392b67a545ed961366858be1ef86a9a,"Hello? You can see me, right?"
1824135311,80e16b522b4c3615dfea9a15f4e6d137e8fd7987e3cee233a2b5cd1b7565d902,Yaaawn... I’m tired again...
1824167963,780e17481bd618273b32e4a0d2d8bf659774e4c25fd42bcf7e58cc74ca08a8a4,"But that sounds so hard... Being a Budsquire is nice enough, so why become a Thornblade?"
1824198002,4dfe59d3244e69c39800278a5321f2da041d84753acafdef382cc6b822d9ddfe,Gizmo Recycler
1824241855,03ff815bffc9a701431fe1bf9a5a680b8a58adc766e6e77b574245751c1f987b,"Made from natural wood with its rugged character left intact, these steps lend firm support to everyday comings and goings."
1918977230,03ff815bffc9a701431fe1bf9a5a680b8a58adc766e6e77b574245751c1f987b,"Made from natural wood with its rugged character left intact, these steps lend firm support to everyday comings and goings."
1824256747,1ab797aabd370ae9791a70b37131ab212452cf8cfa75eb9de0c342c38e492da3,Attack Amplifier
2109770598,1ab797aabd370ae9791a70b37131ab212452cf8cfa75eb9de0c342c38e492da3,Attack Amplifier
1824270091,44ed7b28634a8416dc91106c8f261a90b471b367dc7be3befbcb205e1b415c1c,Flying Flutternym
1824297836,b9b895812cb04458537ed4c813a8eff67254c00943965c1c790f3a0cc10691a6,The same thing is happening in here too.
1824346439,37312bc1355c844add709e424b65514032b4a2994ec5df8e6703a1d34e4b5960,Feature: Holo-Battle Interlink has been enabled
1824369743,7cb1ae5958f68eabb326e133afd2472ac20fa51309614f95594fd048ff24ed2d,"Amazing... I still can’t beat you, but I believe I’m on the right path!"
1824377487,57a323748a162b9e6e289e799193f8b2ddf4f39fe568cfb33be192a4b8496535,These Irises live in the Forest of Falling Stars. They like to rest under trees and their stamens light up in the night.
1824449455,9ea6f53f0c2eee7e786261a26eafd1d5ff7589fba8299fbce010243958ef2cd7,And the champion is...
1824504647,24a076d91b7993d581a0ec7022ed552f181e335523abe7bf50bfb8e3e8f5ad85,"For Celestis, a sky full of Starines is the only sky that matters."
1824550177,623e6fb1f2ac356716cc73e41045d5b787714f91872bc8b8d090dd91ae44bb2e,[New] Logan
1824552406,0dc2495b73b2d38c6daf111b285b449cab97de43e87e0b9b07673a5464db4f0f,No Slots Available
1824553119,02fd1526e1098c88a6a1d98f40e9809db91032730f1e18bfbad2b1392b68b928,Blessed Lavazar
1824553642,e424cc9e282c6c9b892df345249eb10627b7ae1048b37a099e81c18aa5021168,Quick Formula: Natural Rubber
1824571201,89e334c101462b78b8cfdabb320b0a1905f2d4954784214542760ebd1eccef51,Flufftail Grass
2105097974,89e334c101462b78b8cfdabb320b0a1905f2d4954784214542760ebd1eccef51,Flufftail Grass
1824781388,408c4d54ecfda86c88e0857b4dc912323b1b3aefbe6f2ba693173e25761b2dad,That’ll take some of our precious funding... but I can front the startup costs!
1824797373,bd71f400289c54ccae6597517b5977eb85a094dc9762cc156214df25943df8b9,Run the Kubernetes test program
1824921448,110ecb49eb7cebaea415f00ffa2ebadeb8499c5c55e800b92218df9b7a24b168,"Very confident, aren't you?
Then for the upcoming Assessment Q&A, I look forward to seeing you shine."
1824939247,47579ca54e89aa33f41e5ee50c0405aa18549a3606ae179f984f351497e06e60,Good @% job **#Magma!
1824941116,91b30146201ff6d22cea9a0ac526de6751bba94558a8d1f88964167d12780ed8,"The springs are nice, and there’s plenty of ore. A great place for us to live."
1824990047,4844596a8374d0a79fb619ebfb80b7d7406526992fdb3ac8971213087dd09704,"Look, I’ve got an Aniimo that can deploy a full domain now. My terrain art has leveled up! Want to take it on?"
1824997430,28e85d4a9abdddbf4728b0f03d76bccd30adca344e51254eebc9088b146e2e84,Growth Bud
1825031396,d05a161185a379af21f25eba145f5f88ae988fcc0c8dd18c203d95504092d340,"I’ve never been one to question things...
I had talent, then a blessing—so I just kept making perfumes."
1825037531,30c574d9fe8a74cf6465977d5a4e580836a174f0df328fab3db7fad3087ed782,"After all, few humans come here... What brings you here?"
1825041593,cda435292251e780136909ebf0b60f399602ed73c30cf87931c3c69d40211217,"I see... I've decided that I'll stay with Grace until... until she's gone, and then I'll continue pursuing the path of combat."
1825073646,5469bac0a758227947b0a809d51ba14861e170b2e42184264e559d946e6c3c36,"You and Nicole are at Bloomville? Good.
It’s relatively safe there. We’ll notify you of any updates."