1586417609,26bf249cff4979d4891b3f8c06b4b7076978049d8517ccf41967658ca25b0190,"A tidy stack of neatly folded towels, ready whenever you need one."
1390490517,4b87391beac676c1edebb5806acf369f7821efb47f0bf06f24ae8b912d600504,"The Bloom Festival is being held tomorrow, you've come at just the right time!"
1390522241,ac574ae1bba66ccbf394b0b9ca0f055c01d792157b7452e2ab869a72a7ffd4f3,"1. During the event, log in to the game each day to complete that day’s check-in and earn rewards based on your cumulative check-in count.
2. The daily check-in count resets at 04:00 (UTC–4). Check in for a total of 7 days to claim all rewards."
1679725602,ac574ae1bba66ccbf394b0b9ca0f055c01d792157b7452e2ab869a72a7ffd4f3,"1. During the event, log in to the game each day to complete that day’s check-in and earn rewards based on your cumulative check-in count.
2. The daily check-in count resets at 04:00 (UTC–4). Check in for a total of 7 days to claim all rewards."
1390523419,c3fa3d698cb8ff6a10c765ce2413ae8615f18ee1ed14954271bad15da265486b,Wayfinder
1438961472,c3fa3d698cb8ff6a10c765ce2413ae8615f18ee1ed14954271bad15da265486b,Wayfinder
1390533895,9c8e54aa1185d5645fcd6e1979bb03cd3b2c204933199d3abb943f5df64b079a,Tip: Try progressing the quest “The Perfect Path” first. Tap here for a quick view.
1390555553,df0f6842cb3969ffa909a22c1aa0e87a05640a7f5759aa36c15d539e6493f065,"They were discovered together with that mysterious Ancestor Prism? Aha, then they must be pretty impressive too!
How about it, give them a try with your new Aniimo? Cuteness and strength aren't mutually exclusive!"
1390562207,eea13797dcd7c745cde73961d723383b9e6bfa6d9bb55540d4888012357ac48e,Adjust the position to face directly.
1390565784,195315399675cfadacac7dd0b9427ba99d9748727c64c12aecbac30a74e9fa8b,A neat square flower bed bursting with colorful blooms.
1774295292,195315399675cfadacac7dd0b9427ba99d9748727c64c12aecbac30a74e9fa8b,A neat square flower bed bursting with colorful blooms.
1390594875,46e833515ba351275e6931f517a1c697e894479adc8e93ba7b3066a9570cf518,These dried Bouncy Pads have <style=Hint_BgL>3</style> withered leaves. Spray them all <style=Hint_BgL>with water quickly to reactivate the pads</style>.
1390596740,9c861b02c069433f309a5975d4c2d8a639fbbdcb28189fdddf623f12cbc5b8de,"Let’s go—once you see the Branch, Dr. Lewis will explain everything to you."
1390601811,641025f71050b5c95de529c1112e773895ff488e4e22d5dad4aa7febb3c19c2d,Sonar Attack
1390634822,7c498396d4760c4df39aa3908b669dbca132d0e9793da3945555b158c9378b62,A popular wagon cart that’s easy to carry and fits all your camping gear.
1796656505,7c498396d4760c4df39aa3908b669dbca132d0e9793da3945555b158c9378b62,A popular wagon cart that’s easy to carry and fits all your camping gear.
1390680644,c67e6a77f861d1d81d59e0085b293e4f8ba7c1c82377300e03f847749b6f91e7,Good to see you again! Nimbi data was super useful last time. Could you help me out once more...
1390771253,6cdf9e8a74bab8dc371bfd222d24bd84212d7aa2ffb2f64f48bcb2e05172e1bc,Unlock the <style=Hint_BgD>Wealth</style> Training Style.
1390774606,cec6d80a5756c7270fd25434c914c4f0c5216a73cea2c7ef519e507f799261e7,A golden daisy with cup-shaped petals.
1643709426,cec6d80a5756c7270fd25434c914c4f0c5216a73cea2c7ef519e507f799261e7,A golden daisy with cup-shaped petals.
1390779883,df447d6c0aabead1acffbe65cceb6e6f63c62272b91548d7ba7a4302a8c591c2,"Gains a Shield equal to <style=Hint_BgL><customRichText(calcData,buff,20220000,param0,1,%d)>%</style> of max HP."
1390800076,33fb0dd35e917ac5a736b0d10a41ace5556af5c49a0fc064591028cc3216d35f,Remove from Favorites
1507313994,33fb0dd35e917ac5a736b0d10a41ace5556af5c49a0fc064591028cc3216d35f,Remove from Favorites
1645716943,33fb0dd35e917ac5a736b0d10a41ace5556af5c49a0fc064591028cc3216d35f,Remove from Favorites
1700169629,33fb0dd35e917ac5a736b0d10a41ace5556af5c49a0fc064591028cc3216d35f,Remove from Favorites
1732137302,33fb0dd35e917ac5a736b0d10a41ace5556af5c49a0fc064591028cc3216d35f,Remove from Favorites
1839838572,33fb0dd35e917ac5a736b0d10a41ace5556af5c49a0fc064591028cc3216d35f,Remove from Favorites
2006284820,33fb0dd35e917ac5a736b0d10a41ace5556af5c49a0fc064591028cc3216d35f,Remove from Favorites
1390800499,3d7785573a3e8af91adc333e4421734030e72a37553844a8f63902ed14cd1b0a,Coral Branch
1475933649,3d7785573a3e8af91adc333e4421734030e72a37553844a8f63902ed14cd1b0a,Coral Branch
1390802902,038c47d691cd5ca91138f2b7f6ac3e8d44748804c12e732cdea46318b1430c88,{0} added to Favorites.
1390817478,c758fc1a80cd76ac99afff37cbdc7cddf1dfcc1c3bde5035e6b17d4e8a12cc18,<color=#5090df>%s</color> spent a long time tilling the soil for you!
1390862895,34ae7335962c17c8c33742df89801ec570636d1de8d9b277b1d1720465f68e04,Hee-hee-hoo-hoo! I don’t know anything!
1390865487,55b7872374068493b976e5648f499ee8e0c91d3a7d841a8fc2b4c27a1c579866,"Uh, this area’s under construction. Don’t get too close..."
1390868002,0b1a760957bccc540f6d48f3581639ccc9042998b50d77b7824907a99632e70c,"You’re being so formal all of a sudden, I’m not used to it... The Institute only gave you a fair assessment."
1390880906,75460a75002a462d119b2881e1f2355b534b7b80e33f706f791c443b1f95ae19,Thunderbreak Dawn
1432477996,75460a75002a462d119b2881e1f2355b534b7b80e33f706f791c443b1f95ae19,Thunderbreak Dawn
1594165368,75460a75002a462d119b2881e1f2355b534b7b80e33f706f791c443b1f95ae19,Thunderbreak Dawn
2147008919,75460a75002a462d119b2881e1f2355b534b7b80e33f706f791c443b1f95ae19,Thunderbreak Dawn
1390909244,aec721323b1bc6128a0250a3fab69ba44f2e506df6419ee070fc03fb7c9134cf,Free Companion Handbook Level 39
1955673503,aec721323b1bc6128a0250a3fab69ba44f2e506df6419ee070fc03fb7c9134cf,Free Companion Handbook Level 39
1390947277,0438ae33d024b87ab1726aa12faecbe916aca4e369f3bc846dedf4da736cb5e4,Semi-finished Growth Bud produced by a Dance Pad Polisher. It still requires the final step of manual processing to be completely finished.
1390955805,b9450cb6d23b227aaec6e153d27ff224aa5b71fcdacddc2d7300349afa0d84fe,Rookie Egg Hunter
1390961302,89e0f3f2910c98c2672e244d019a5c2182725460382551898492517407dceb34,Hit the rolling Shelly
2098844701,89e0f3f2910c98c2672e244d019a5c2182725460382551898492517407dceb34,Hit the rolling Shelly
1390968780,10d2afc3b9d3beb55a256331bef6b33d536beb8ef7bd8b15bbba66196a7e22a2,Common BREAK Rune
1390986632,648f857c1b367a913d4d2fb72dcc9403081c9cb1219fb978f09d2245473f7e44,You’ve reached today’s order refresh limit!
1390996800,e9fbd4316cb5a9d3e64525b43e6c5699333bbae42078e18d73701c8bcd8eab4a,Obviously the latter. Lightning-type Aniimo are naturally drawn to this kind of device — call it a labour of love.
1391012081,1b47a79ae2232690056f73d94e4378d1b08cc64ca78a499f763ddbbc16e32810,Like last time—gather the scattered dream blossom and we will be able to see into the dream.
1694820733,1b47a79ae2232690056f73d94e4378d1b08cc64ca78a499f763ddbbc16e32810,Like last time—gather the scattered dream blossom and we will be able to see into the dream.
1391041395,cf3612f495fa9ed97c28e3a345ed839d988fb14faca6e64eddb37492c48e4c3b,Current power production
1391063175,76fee405976aedf409c019a71817bd94eed71de07ba4b8c813d839d50fd1f346,"We received a request to cater an outdoor barbecue banquet, so we need to prepare some fresh ingredients!"
1391098548,e7ccd17f6bb8601b523df3db10fddedfa39ae0db96d4c039d8f4084d84795a4e,"The number of Lucky Chests you can obtain, their quality, and the number of Chest slots are all tied to your rank. The higher your rank, the more Chests you can earn each day, the higher the chance of getting high-rarity Chests, and the more Chest slots you can unlock."
1391123594,32fa5e40a3e1fbe1ef497ad74f1486bf016b82c26c9524bd92fb3327e3c2f9f9,Bolty Family
1689238616,32fa5e40a3e1fbe1ef497ad74f1486bf016b82c26c9524bd92fb3327e3c2f9f9,Bolty Family
1391127791,d19bb413dc96af15eedb623672be4a8a31d24da860b49c6e8432695811798929,I need to take a break!
1391131498,c2f15fb58ce48255c3f85cb863d2ef09b4e9df76aae93424ab38d52a5488ef65,PetName
1391135428,c46b4131be740bb1cfc7677f176ee7e5274c9e8853eafc7a8b4db36e4265356a,Baa-goo-goo!
1391146418,79ceea173a89bef0b46f02696e0bb7fff8c680e560a2d3f16acbb119c04ad281,Wooden Dummy Appearance - Spawn Buff
1391173536,d1e7c32b0bd90e59a9366e4739f39bce1f2a2b55cbf3229f49579c5d2363e084,Changes saved successfully
1707042070,d1e7c32b0bd90e59a9366e4739f39bce1f2a2b55cbf3229f49579c5d2363e084,Changes saved successfully
1391213712,ea6a8ff529852041fcf0363606966c1ac4835c91a5787a4cf3c2ff8c988eef36,I would never buy or sell Aniimo.
1391238808,ccfc69c58cbb4ecde8fec6331ca4ae2886d2db80f9028abf88fc5665ab10b72d,A Fragrant Dream
1391257567,24681d48e650013b51750c65d5942460a3d976ae55d0390df019081a0912a32b,Piopiota
2011760666,24681d48e650013b51750c65d5942460a3d976ae55d0390df019081a0912a32b,Piopiota
2144970147,24681d48e650013b51750c65d5942460a3d976ae55d0390df019081a0912a32b,Piopiota
1391262655,0068dcb30f4a3c68e08141148d036bf0a268a8d1a7f7845e53614c4753792c5c,Colorful Shining Ginseng
1402514946,0068dcb30f4a3c68e08141148d036bf0a268a8d1a7f7845e53614c4753792c5c,Colorful Shining Ginseng
1605432981,0068dcb30f4a3c68e08141148d036bf0a268a8d1a7f7845e53614c4753792c5c,Colorful Shining Ginseng
1391319933,b22baf4133eda5add43383d3261083f7c856d8f2b61968aaffad55d960708912,Can be used for Resonance Star-up to enhance attributes of Aniimo in Breezy Plains.
1391343712,c7ca595d65d446b9e7028f89b79ff71e06b989a8d32c396fb26419e07bc4ce1e,Ultimate Boost
1391389849,8a23d5e6a55fe7eeca783b876e31fa8b4b36a2b44fb0b49a371531fc5a666e24,Party at Aniimo
1467649447,8a23d5e6a55fe7eeca783b876e31fa8b4b36a2b44fb0b49a371531fc5a666e24,Party at Aniimo
1391392309,16a81df5ac2823677acafc0e5f3b0eebc8c03de471e2046184e81ccde6386e02,Climb cost
1391392757,ce94d94f52e62a5f7510ad3b11ecdc474ffa0c7531b8b9615681a3af2983e608,Wait—if that’s true... does this failed ceremony mean the disaster will happen again?
1391400155,364b2f7800bb6c36aac0c2501dbfd6e41bd450b114af0b471be8a5097023fd5c,Fulmintis Info
1391413749,9c852709e45d4f13690bfd34bd8b21fce9b86bfecfd06cc0493c342ebc4f760f,Experimental Amplifier
1832888624,9c852709e45d4f13690bfd34bd8b21fce9b86bfecfd06cc0493c342ebc4f760f,Experimental Amplifier
1391443981,c2fb23bd32e3d9368b7c3c67b26c23114f9c184af7da512f2d4b0a5e0d835ed4,Can be used in [Appearance] - [Design] to customize hairstyles and looks.
1391445928,7c97421903f6d728950f6a50deb70f0fe58906ec5596daf01d89b8a83ff1b841,Not enough players to start the dungeon.
1391452724,0028bcd551f9de931aed6ea0501c63c9d0c70284cdba959d2baca572a38499de,"Venturing into the unknown is exciting, but it is also dangerous.
That is why only sufficiently capable Wayfarers can become the Institute’s front-line ""Trailblazers."""
1391508722,edf0d500e9ca167e80182a8b0f68701b3bf76855315db7284175913478184045,Coconut Milk
1391526186,cf9b4ad157f0891eb23c147d073123c0cfaad1d02d3550da87a06321c5aa15dd,Back to Attributes
1391598002,2bb341e5e9074703d443f8ea08a3909fbbd0a48dd0fe8f8767a31b11812fc965,Nurture at a Bloom to attract Fire-type Aniimo.
1391609824,7193bda3d35b68450a115d22a2324924c7b4b84f353ed901bcc1a4fa076ecf2d,Congratulations! You received your starter Aniimo. Press <style=Hint_BgL>P</style> to open your inventory and bring out your Stellarys.
1391614253,30c24ca2dcaeb8e6df3f1bded0d51c889e1bb028db66a4f973337f8c0a329ffa,"The camera is equipped with three modes: <style=Hint_BgL>Creative Mode, Follow Mode, and Selfie Mode</style>.
Switch between them to suit different photo needs."
1919696502,30c24ca2dcaeb8e6df3f1bded0d51c889e1bb028db66a4f973337f8c0a329ffa,"The camera is equipped with three modes: <style=Hint_BgL>Creative Mode, Follow Mode, and Selfie Mode</style>.
Switch between them to suit different photo needs."
1391643966,e5b7391974b5629af8f0822546acbf46ba28ff5334d22d44a69d64e4551de867,This area isn’t open yet.
2122414236,e5b7391974b5629af8f0822546acbf46ba28ff5334d22d44a69d64e4551de867,This area isn’t open yet.
1391652008,260e50619e863d286381be744f95d0dcfbadb6fc71dd0bffed093b66ce9a58f9,Write something~
1557005485,260e50619e863d286381be744f95d0dcfbadb6fc71dd0bffed093b66ce9a58f9,Write something~
1882310224,260e50619e863d286381be744f95d0dcfbadb6fc71dd0bffed093b66ce9a58f9,Write something~
1391685385,8f4810a84c06caf4d3b9e6c9802ec02fe39f9e1fb9170690c9074864a3baaf46,"Fires a water jet. Hold the skill key to continuously cast, dealing damage to enemies in range and stealing up to <style=Hint_BgL><customRichText(calcData,ability,11430210,param4,1)></style> Energy per second from targets. Also restores <style=Hint_BgL><customRichText(calcData,ability,11430210,param3,1,%d)>%</style> HP per second to Water element allies in range."
1391715198,e0ec36b653561e036f2bcf4ebca6a6f220cc2ef616c7fb5261dfe92f7d4587db,Wow! That looks amazing!
1391717266,a51540dfa0faed0f1e6294c4a7cf166ae619b4e58a10275e55e09975711716a2,A Fragrant Journey: Beast Fang Ridge
1391732985,8fb0efd58e264954fd21e5caefc20c8432eb2c4cbdb50767341e01c94efb827d,Thornbroken - Callies
2095320423,8fb0efd58e264954fd21e5caefc20c8432eb2c4cbdb50767341e01c94efb827d,Thornbroken - Callies
1391735545,d7fc5f00b84da2b52a45c7e1696e529b17677d6f8c071bef4fe04a526fbe40f6,This week’s Twin Star Times is pretty fun!
1391756436,5443a9baf9daf35a530e5d5f1fa2fa3b66805a026acc45c234d6c0ef97ad513e,"Increases the whole team’s damage by <customRichText(calcData,buff,2104306,param0,1,%d)>% for <customRichText(buffConfigData,2104306,duration)>s."
1391758553,840faf3c9df8b747021ed4925e842aa03075cd5a02380370705aa9b8d948f3f8,Clue {0}
1391761842,fb34c762b0821c460c8d6f0c7e4aea55d74ce896c301303d51d595fa5375af92,Spare us the speech! Where is Lunara?
1391800358,b230c994f95bfe3e3d7989068fe48e5bd78a50129a13e4b7b2f91edd8bc348fd,"Whoa! This guy doesn’t hold back!
That shell is so tough. Go try ramming something else!"
1391803513,ba2265938c8961dfdfc10cc7dcd48ed3e6c44c355ec6cff35002fc2f8380c9a1,3-Axis Scaling
1391814838,c15a8282f351277fc7f8248ebdef6969c721fa2a45822071f815371e4e1c1d7d,That’s hilawious! Those weaklings think they can fight dwagons?
1391818711,135273d6637204e7dcae9c77cc6b4db817b9f2f8d095add18500969744bba4cf,Meteorite Ore
1482755909,135273d6637204e7dcae9c77cc6b4db817b9f2f8d095add18500969744bba4cf,Meteorite Ore
1975554660,135273d6637204e7dcae9c77cc6b4db817b9f2f8d095add18500969744bba4cf,Meteorite Ore
1391826217,4075ae080784d2b702df6b61e865ca56cddf6bd375c41e9f5458e9aaa5c00e32,Old stories?
1391831440,a46e1756969e3f42620c59f8f3a8fb94d8dd1cc57ccdd143bd7d0e0edbf5eb9b,"Every so often, the Alpha Leafy will <style=Hint_BgL>destroy</style> the lotus leaves on the water’s surface. Releasing <style=Hint_BgL>Ice</style> element skills can <style=Hint_BgL>create ice blocks</style> to serve as footholds, giving you more space to move."
1391887059,b70f1d3af79b68215bdd2bcb64669c7510510c7eb9b7ec98acc00ae287eb15cb,Egg Heist - Map Tall Grass - Wisteria - 01
1391891182,72a46f69a2588aef441ed99acbe777032c00274f461fb9bf4ac74c71735df0b7,Increases basic attack damage by 50%.
1391906156,286a2be1eccfb08b2f4526a3f3d113448027108fca919c2c331e1ebcd9132977,"A playground where Aniimo can climb to their hearts’ content, then sway themselves to sleep in the triangular hammock."
1625625432,286a2be1eccfb08b2f4526a3f3d113448027108fca919c2c331e1ebcd9132977,"A playground where Aniimo can climb to their hearts’ content, then sway themselves to sleep in the triangular hammock."
1391944594,98dacc370e689cff032e9522047f470b42f549f2edd073ca2c1533bc6168de6d,"Near the shore where the Sherro disappeared, a few Susuta were seen peeking around.
They seem to be searching for the shells the Sherro took from them... But why would the Sherro take their shells in the first place?"
1391973282,66df635e65e8cb751083e60920b15f2386885dcf30cff713d9b7b0efc4a17faa,Exit Combat
2146746495,66df635e65e8cb751083e60920b15f2386885dcf30cff713d9b7b0efc4a17faa,Exit Combat
1392025382,281dc13528e6e7e3619b92ce0bad7ac80717369bbd6dc4b898a6687e64f3742f,"A clean white base crossed with emerald lines, bringing quiet elegance to the room."
2042265480,281dc13528e6e7e3619b92ce0bad7ac80717369bbd6dc4b898a6687e64f3742f,"A clean white base crossed with emerald lines, bringing quiet elegance to the room."
1392042562,7b11707714fd9e06fa625b4b6fc307750ae657561e81ce9e32b6cca3bc962005,This <style=Hint_BgL>Aniimo’s level</style> is low. Use <style=Hint_BgL>EXP items</style> to raise it.
1392047286,727f936c28b03e52e04a6841db714ffcc3a3b2c02585f228a6bc1ac6df7280bb,"Increases movement or Sprint speed by <customRichText(calcData,buff,6001007,param0,1,%d)>% while reducing Stamina consumption by <customRichText(calcData,buff,6001007,param2,1,%d)>% for <customRichText(buffConfigData,6001007,duration)>s. Cooldown: <customRichText(calcData,buff,30100050,param0,1)>s."
1392079313,b03644e865a27636ec8c533046c45e26ff554303381fab31702d56b4e0ede099,"Sunlight spills down, and a gentle breeze brushes your hair."
1489546630,b03644e865a27636ec8c533046c45e26ff554303381fab31702d56b4e0ede099,"Sunlight spills down, and a gentle breeze brushes your hair."
1616160372,b03644e865a27636ec8c533046c45e26ff554303381fab31702d56b4e0ede099,"Sunlight spills down, and a gentle breeze brushes your hair."
1656476055,b03644e865a27636ec8c533046c45e26ff554303381fab31702d56b4e0ede099,"Sunlight spills down, and a gentle breeze brushes your hair."
1392081925,384c0d7350214bfec15037008165cb3d954143ef5a25d2107087d0baa2e1d77e,HP +1%
1650473383,384c0d7350214bfec15037008165cb3d954143ef5a25d2107087d0baa2e1d77e,HP +1%
1782798413,384c0d7350214bfec15037008165cb3d954143ef5a25d2107087d0baa2e1d77e,HP +1%
1783934570,384c0d7350214bfec15037008165cb3d954143ef5a25d2107087d0baa2e1d77e,HP +1%
1799753611,384c0d7350214bfec15037008165cb3d954143ef5a25d2107087d0baa2e1d77e,HP +1%
1888858984,384c0d7350214bfec15037008165cb3d954143ef5a25d2107087d0baa2e1d77e,HP +1%
1998830342,384c0d7350214bfec15037008165cb3d954143ef5a25d2107087d0baa2e1d77e,HP +1%
2098750828,384c0d7350214bfec15037008165cb3d954143ef5a25d2107087d0baa2e1d77e,HP +1%
2127805428,384c0d7350214bfec15037008165cb3d954143ef5a25d2107087d0baa2e1d77e,HP +1%
1392104582,5b4984af67de73fbe329bbefb7a1331a26180c8cb552d52ff5a8bd046e797170,Pomeggs love to chat and sing at concerts!
1392127129,6b96572bc276d17faa42e68c6bf0d93fa29958dbc2e64f7b01eff4133c2d1687,This egg is very special. This Aniipod cannot be used on it.
1392156766,5cfc426687993b8b8702d0e9023b86eac1e9367eeefa9dad2bd54fe848c237f7,Vein Abundance: Beast Fang Ridge
1392187375,10196684d75f0ea02a46ae19e8781a8973b2b88b6f276e565bc60c3b4d65b13c,"Rest assured, Lady Irelia will awaken after the ceremony—flowers will bloom and the Prismana will flow!"
1392191764,85ecd6d3d6c79d5ba480d0f52a5fa78eb694c831ab2b48681e32bfc1d1ec2e87,Hoho! Kekeke!
2035039379,85ecd6d3d6c79d5ba480d0f52a5fa78eb694c831ab2b48681e32bfc1d1ec2e87,Hoho! Kekeke!
1392218423,c0420e385dc2c6648cff564139e215e40092b13396235ac23f8b4129e36bdfff,"Mutated rare cranberry, sparkling with dazzling spots of light."
1581978365,c0420e385dc2c6648cff564139e215e40092b13396235ac23f8b4129e36bdfff,"Mutated rare cranberry, sparkling with dazzling spots of light."
1392233546,4430ceb8ce95f9accd9f2b560c0110f613bd89b4c182c1dc180e4b5ebee3f54e,Enable silent background download? Total resource size: %d GB
1392287974,e3922c1e27713458be2c3de1cd4774a494be3953bf647fdaaac603d6839a0398,Interaction Invite
1392311442,53f774ecc423ea11d428a9116c5d1d4606145fea159040538020fe63fc341b58,Enter Holo-Battle Sim
2110422655,53f774ecc423ea11d428a9116c5d1d4606145fea159040538020fe63fc341b58,Enter Holo-Battle Sim
1392321899,1195e579862b3a27614a4bebefe273831d195dd9f7f569dc564f2aad33a37ea8,See-Through Iron Fences 4x4
1392325681,781f51f53736894f1d1f05d9bcdabae5187148e0bb4e4b3e58627b1256122ac5,"Stage description (placeholder), stage description (placeholder), stage description (placeholder), stage description (placeholder) stage description"
1593160402,781f51f53736894f1d1f05d9bcdabae5187148e0bb4e4b3e58627b1256122ac5,"Stage description (placeholder), stage description (placeholder), stage description (placeholder), stage description (placeholder) stage description"
1392327258,f36a3bc78748616b1e1f7a63580f75ea6791e0705b6ef9476baf183533f2ff50,Whisper of Longing paints the pale dreamscape with the color of longing.
1392333550,ca95d1178845df219677c365ee06a09267b724f5298262a99402f905acb56f9f,"I never saw it again, and there was no news from Polaris Institute either.
Nicole's messages haven't lit up for a long time either.
...That fantastical and colorful World has completely faded from my life."
1392334253,f0b97e967ebe61e8d68389ab260ead2065e5cde566df55c281e7cde940f77c62,"After some discussion, we finally decided on our next goal."
1392362489,4f5e28d36f9863849738093cd0e272a69f985358b1744c40304c2a933dfe7bd3,Account Binding Config ID
1392382137,08a01b38de38f97e90642fd349b4b1ef90206c19e861f6f0acdb4ae9241cbf21,"Haste item description, Haste item description, Haste item description (placeholder)"
1392395766,f59cf8a4806f5c5e5fee9359d0f7b6916bfae6775bd59ac0f7c13c810b80acb1,——————————————————
1501527004,f59cf8a4806f5c5e5fee9359d0f7b6916bfae6775bd59ac0f7c13c810b80acb1,——————————————————
1682302438,f59cf8a4806f5c5e5fee9359d0f7b6916bfae6775bd59ac0f7c13c810b80acb1,——————————————————
2007874634,f59cf8a4806f5c5e5fee9359d0f7b6916bfae6775bd59ac0f7c13c810b80acb1,——————————————————
1392396538,ba3ebf7d451c9a852d168a4bb19f5c6f1cb95759eaafbf11631a3e248e04dbcc,"Ok, I must leave and continue my research somewhere else. Hope we can meet again sometime!"
277671372,fef23b4eb307db5b2becf5deecb2e8713547c089226a9e7c14ee00933f3973ce,Used to track target. Tracking it will be canceled if you start tracking another target. Use this again to re-enable tracking.
294168888,fef23b4eb307db5b2becf5deecb2e8713547c089226a9e7c14ee00933f3973ce,Used to track target. Tracking it will be canceled if you start tracking another target. Use this again to re-enable tracking.
297578764,fef23b4eb307db5b2becf5deecb2e8713547c089226a9e7c14ee00933f3973ce,Used to track target. Tracking it will be canceled if you start tracking another target. Use this again to re-enable tracking.
302308802,fef23b4eb307db5b2becf5deecb2e8713547c089226a9e7c14ee00933f3973ce,Used to track target. Tracking it will be canceled if you start tracking another target. Use this again to re-enable tracking.
329792757,fef23b4eb307db5b2becf5deecb2e8713547c089226a9e7c14ee00933f3973ce,Used to track target. Tracking it will be canceled if you start tracking another target. Use this again to re-enable tracking.
335171902,fef23b4eb307db5b2becf5deecb2e8713547c089226a9e7c14ee00933f3973ce,Used to track target. Tracking it will be canceled if you start tracking another target. Use this again to re-enable tracking.
337283472,fef23b4eb307db5b2becf5deecb2e8713547c089226a9e7c14ee00933f3973ce,Used to track target. Tracking it will be canceled if you start tracking another target. Use this again to re-enable tracking.
379894044,fef23b4eb307db5b2becf5deecb2e8713547c089226a9e7c14ee00933f3973ce,Used to track target. Tracking it will be canceled if you start tracking another target. Use this again to re-enable tracking.
379957405,fef23b4eb307db5b2becf5deecb2e8713547c089226a9e7c14ee00933f3973ce,Used to track target. Tracking it will be canceled if you start tracking another target. Use this again to re-enable tracking.
386545780,fef23b4eb307db5b2becf5deecb2e8713547c089226a9e7c14ee00933f3973ce,Used to track target. Tracking it will be canceled if you start tracking another target. Use this again to re-enable tracking.
397018777,fef23b4eb307db5b2becf5deecb2e8713547c089226a9e7c14ee00933f3973ce,Used to track target. Tracking it will be canceled if you start tracking another target. Use this again to re-enable tracking.
410021151,fef23b4eb307db5b2becf5deecb2e8713547c089226a9e7c14ee00933f3973ce,Used to track target. Tracking it will be canceled if you start tracking another target. Use this again to re-enable tracking.
474479682,fef23b4eb307db5b2becf5deecb2e8713547c089226a9e7c14ee00933f3973ce,Used to track target. Tracking it will be canceled if you start tracking another target. Use this again to re-enable tracking.
508579719,fef23b4eb307db5b2becf5deecb2e8713547c089226a9e7c14ee00933f3973ce,Used to track target. Tracking it will be canceled if you start tracking another target. Use this again to re-enable tracking.
1392398801,fef23b4eb307db5b2becf5deecb2e8713547c089226a9e7c14ee00933f3973ce,Used to track target. Tracking it will be canceled if you start tracking another target. Use this again to re-enable tracking.
1942005409,fef23b4eb307db5b2becf5deecb2e8713547c089226a9e7c14ee00933f3973ce,Used to track target. Tracking it will be canceled if you start tracking another target. Use this again to re-enable tracking.
2065264174,fef23b4eb307db5b2becf5deecb2e8713547c089226a9e7c14ee00933f3973ce,Used to track target. Tracking it will be canceled if you start tracking another target. Use this again to re-enable tracking.
1392419935,a7fc33e3bc6734518dbdd0bd2a79d49b96e1cd6be5976f0bbcc61db8a2c3fe7c,Take out
1540544408,a7fc33e3bc6734518dbdd0bd2a79d49b96e1cd6be5976f0bbcc61db8a2c3fe7c,Take out
1392429434,1595db6d17b98b61b0d60b9b9fe123bc3953e095c93907c1a9b248f009dacb85,"My grandfather’s notes actually contain several perfume formulas called ""Home."" Maybe each one reflects how he felt about home at a different time."
1392440393,c877c6ff405ec29ca3d090237af972c34926ffde7088da4839394b48931da888,February
1392449046,ecee365c89e3de6742a454e1dc2399f333c05f765f9cd847bb2e8fd5a8a3c3a7,Use to test and view various content.
1392461601,05482eb1588782b10483a14b4ef5f95bc46dcfab5792934967f626bac0f92e83,Usanda
1392507966,2cdd8dfcc653b8b7bba107b5c5de8ccca83995d205118acbaf86d9b358be0f4e,... ......... ...............?
1392524370,34d6b49ed6d6362294096842192a66101401f6a3223fe193e4f194b4f160b8ac,"Ah, sorry sorry, the expedition team's Outpost isn't built yet, everything is chaotic. Anyway, welcome to the Prismana Expedition Team. Get to know everyone, and if you're not busy, please help build the Outpost."
1392526469,e041c6a44ed82ac406bf7a26251867814f2d7c15957f948bd441c8e730bdd873,Colorful Shining Soybean
1749250460,e041c6a44ed82ac406bf7a26251867814f2d7c15957f948bd441c8e730bdd873,Colorful Shining Soybean
1920676104,e041c6a44ed82ac406bf7a26251867814f2d7c15957f948bd441c8e730bdd873,Colorful Shining Soybean
1392595758,9bb826bc9263c355b9478537d14ee45b173190801adf93f57ac3725c076130b4,Hmm... I haven’t been here in ages. But a Pathfinder friend told me the brightest lighthouse in the world is here.
1392614919,689141a0857868a681d5b92ee1b5576e1f1548090aec9785ea4931107151df54,"This should describe which Aniimo Group Appearance events Nurture will trigger. Specific content will be provided by the writers and designers. I see, text content (placeholder) This should describe which Aniimo Group Appearance events Nurture will trigger. Specific content will be provided by the writers and designers. I see, text content (placeholder) This should describe which Aniimo Group Appearance events Nurture will trigger. Specific content will be provided by the writers and designers. I see, text content (placeholder) This should describe which Aniimo Group Appearance events Nurture will trigger. Specific content will be provided by the writers and designers. I see, text content (placeholder) This should describe which Aniimo Group Appearance events Nurture will trigger. Specific content will be provided by the writers and designers. I see, text content (placeholder) This should describe which Aniimo Group Appearance events Nurture will trigger. Specific content will be provided by the writers and designers. I see, text content (placeholder) This should describe which Aniimo Group Appearance events Nurture will trigger. Specific content will be provided by the writers and designers. I see, text content (placeholder) This should describe which Aniimo Group Appearance events Nurture will trigger. Specific content will be provided by the writers and designers. I see, text content (placeholder)"
1433928207,689141a0857868a681d5b92ee1b5576e1f1548090aec9785ea4931107151df54,"This should describe which Aniimo Group Appearance events Nurture will trigger. Specific content will be provided by the writers and designers. I see, text content (placeholder) This should describe which Aniimo Group Appearance events Nurture will trigger. Specific content will be provided by the writers and designers. I see, text content (placeholder) This should describe which Aniimo Group Appearance events Nurture will trigger. Specific content will be provided by the writers and designers. I see, text content (placeholder) This should describe which Aniimo Group Appearance events Nurture will trigger. Specific content will be provided by the writers and designers. I see, text content (placeholder) This should describe which Aniimo Group Appearance events Nurture will trigger. Specific content will be provided by the writers and designers. I see, text content (placeholder) This should describe which Aniimo Group Appearance events Nurture will trigger. Specific content will be provided by the writers and designers. I see, text content (placeholder) This should describe which Aniimo Group Appearance events Nurture will trigger. Specific content will be provided by the writers and designers. I see, text content (placeholder) This should describe which Aniimo Group Appearance events Nurture will trigger. Specific content will be provided by the writers and designers. I see, text content (placeholder)"
1716743509,689141a0857868a681d5b92ee1b5576e1f1548090aec9785ea4931107151df54,"This should describe which Aniimo Group Appearance events Nurture will trigger. Specific content will be provided by the writers and designers. I see, text content (placeholder) This should describe which Aniimo Group Appearance events Nurture will trigger. Specific content will be provided by the writers and designers. I see, text content (placeholder) This should describe which Aniimo Group Appearance events Nurture will trigger. Specific content will be provided by the writers and designers. I see, text content (placeholder) This should describe which Aniimo Group Appearance events Nurture will trigger. Specific content will be provided by the writers and designers. I see, text content (placeholder) This should describe which Aniimo Group Appearance events Nurture will trigger. Specific content will be provided by the writers and designers. I see, text content (placeholder) This should describe which Aniimo Group Appearance events Nurture will trigger. Specific content will be provided by the writers and designers. I see, text content (placeholder) This should describe which Aniimo Group Appearance events Nurture will trigger. Specific content will be provided by the writers and designers. I see, text content (placeholder) This should describe which Aniimo Group Appearance events Nurture will trigger. Specific content will be provided by the writers and designers. I see, text content (placeholder)"
1392639976,cb65a318b3a3289b0b37a8a946c6e6e8632a590550811c8cd0a9a2192a80d7d4,Scorchhowl Relic
1468210223,cb65a318b3a3289b0b37a8a946c6e6e8632a590550811c8cd0a9a2192a80d7d4,Scorchhowl Relic
1853996704,cb65a318b3a3289b0b37a8a946c6e6e8632a590550811c8cd0a9a2192a80d7d4,Scorchhowl Relic
1974471035,cb65a318b3a3289b0b37a8a946c6e6e8632a590550811c8cd0a9a2192a80d7d4,Scorchhowl Relic
1392656305,0807303edd3f2eabcb90da1b75bc51e5cce10a214f79a240f3b88888eac7eb34,"Heh~ You really have an eye for things. As expected of a top student from Polaris Institute!
Then I’ll give you a little extra gift."
1392685910,ad79d1ac53af5d899aaa67a7e8a51f742c4feea49f216c8ed88dc4bc5a940a7e,Display Wall Info-C3
1392701810,88391ff64346355a12183993f6bd8d076dbeedadcefd8cf954207e6cdd8cc83a,Increases the number of bounces of <style=Hint_BgL>[Repair Matrix]</style> by <style=Hint_BgL>{param0}</style>.
1392702136,9ec024e4cf738226f141fb38dcb3a195d2d56ed6bc7fe93bac1bae2bb860fed5,Bo... Bo! (It squinted its eyes)
1392702690,bb9d6812a7b3a574e763800292d8fc052b6e46ab1fa97ad6d2ae7d66f0a27707,"Right, Ross?"
1392758931,7e008571284bf49d711fc6c98e0b3671454c107438ff9bc05d12d8105924c516,"And wouldn’t you know it, I ran into it last night while it was tempering its scythes, you know, sharpening its claws. It said it lost to another Cozite and wanted a rematch, then it saw me!"
1392784758,22d0350b623e29231dd910ba54f1a2fa13bcb81650e6e3b2ff2f5bb98ec772d9,Can’t take it anymore 
1392809560,d5ed485592bb56860ef7b487b5928b0683a5f60b3b818dd1e4946339f353af30,Where did they come from?
1392828381,ce3e121b49ab61cfa10d0c7b07a314cd7cac0afdf4c39d78b3384b2f94b9661a,"Clovis tries to comfort his sulking friend Floret, telling him he’s now at least the most eye-catching little Budclaw in all of Bloomville. It only makes him sadder."
1392847758,5b7979442be1387ec1aaf42c397f83daf032af9975f4a5e315250c524da589ee,Added UID List
1392963353,5eb223ff55303a56f70a7ef27b8ade1d8b0042cf90438de2af1edb8c9fa24d4f,Dr. Glass’s Trial: Bolty
1392967356,7092ebe330ab265220215509b9249deed4f8c4d30e916470176a8c60c15f5ac1,Bad mood...
1392971593,7b9f32852164ceb08963fb128ef4cc61f1decd1fcc1f44245801ab8352b9a12a,Nectar has many uses
1392979622,8654cdd179e329550e39ed9223f65ba9ece80f4bb1c734f78759e990b804d5af,<color=#8ae8ff>Pathfinder</color><color=#EFEEEA>'s Request (Placeholder)</color>
1392988201,54c8f28ee17a0841755323d75a37ab02e7968425dcbf11cb3fd51fe3552c7d83,"At the Sea of Flowers, you finally find Wally, the upperclassman responsible for your assessment. He is so absorbed in the traces left by the Flutternyms that he doesn’t even notice your greeting. To get his attention, you decide to examine the area and find out what he is studying."
1393000762,c4d8b0c950d302c43af3a504c3ec100fc399d26f5ee1f8d43253ae9e9d44f5e0,Aniimo need to relax too?
1393011621,1957ffe3f11cdeaf7ff0368f8f0b30cce75216a539d159bc353b0a9fb59449a6,The twining worked!
1393020730,13a7219f96fb2923a251bd9f486240bd1f4263b08aa1da94c9fbbdc738d34706,"What is this, anyway? A music score?"
1393049875,674d8beb2ace5bc59b87ae32c391513f273ff8850a37d1e87b601a8ae6ace0c3,"Important field research is underway inside, so we’re closed to visitors for now!"
1393085160,6eefe1c9c519050916071b5f9c9e4194533064cb1086ce5e0cf2c2d956f4d331,"Then, we mix them up carefully to make the colors brighter."
1393102423,e1a88f3a015792b0be840caad4a1e412885eb69cedf72cedc692fb6ac0a567b3,"This memory fragment has already <color=#d89c28>successfully resonated</color> with me, and many memories are flooding into my mind!"
1393116779,6fbe0bc6730efe325a030a71f7bf2edbb0af1d2817262129ea5c663590810c09,Huh? Where did all these files suddenly come from...?
1393116872,2d9025881f7f7a2c780fe448a31b7c8b8a6f09424695827f52b909e411bbeaf7,Bubbeep can’t generate bubbles during combat!
1393130588,699ae6630b3e1f529025663cd00d1b38244abacd15cfb29338bba6c9fa7a3b51,Unlock Photo Studio
1393154230,9a746e9ee419326f4e11c50411682a61965f6a67806c18ba971b4aa5ed0a3451,"Then of course they team up to defeat the final boss and ride off into the sunset! 
That last trial is in your hands!"
1393175089,7456d460f1626da47937d8303697f982fe9e7b4c43eae70bc7ba95a93627cf3c,Unlocks when you obtain an Aniimo with this skill.
1784922571,7456d460f1626da47937d8303697f982fe9e7b4c43eae70bc7ba95a93627cf3c,Unlocks when you obtain an Aniimo with this skill.
1393208376,ebaf94524324f4d83547dcbc5ad04c359d77abd20093ee79ad495688a4e4eb70,Collection Expert
1487975972,ebaf94524324f4d83547dcbc5ad04c359d77abd20093ee79ad495688a4e4eb70,Collection Expert
1393222142,a29ae89caec987ede2fd4a1bca7810e98bd9fb0b676ddf3e10cafbe581087640,Increases Max Stamina
1393230613,2d5606fa63cd1adf4c1279075d654f7b13516b0ecfcb62cb2b16fa5e329eb89c,Used in Capability Awakening to increase an Aniimo’s Acquired Potential.
1902571704,2d5606fa63cd1adf4c1279075d654f7b13516b0ecfcb62cb2b16fa5e329eb89c,Used in Capability Awakening to increase an Aniimo’s Acquired Potential.
1393260446,d43fe25e07cc8b03d5e0e7cabaa139455f1a87b7b911fe38fae202ca3a46dff4,"They retreat into their shells to rest, often getting mistaken for eggs. They fear battle but love a crowd, dancing with grass pompoms to cheer others on."
1393263232,9b85b729663d7c7c75d4cdf863c457f9ca9459a7c3a465a88f1790d2c3f2642d,No Power
1488261832,9b85b729663d7c7c75d4cdf863c457f9ca9459a7c3a465a88f1790d2c3f2642d,No Power
1600245486,9b85b729663d7c7c75d4cdf863c457f9ca9459a7c3a465a88f1790d2c3f2642d,No Power
1786960724,9b85b729663d7c7c75d4cdf863c457f9ca9459a7c3a465a88f1790d2c3f2642d,No Power
1850684589,9b85b729663d7c7c75d4cdf863c457f9ca9459a7c3a465a88f1790d2c3f2642d,No Power
2030482498,9b85b729663d7c7c75d4cdf863c457f9ca9459a7c3a465a88f1790d2c3f2642d,No Power
2127224420,9b85b729663d7c7c75d4cdf863c457f9ca9459a7c3a465a88f1790d2c3f2642d,No Power
2130904333,9b85b729663d7c7c75d4cdf863c457f9ca9459a7c3a465a88f1790d2c3f2642d,No Power
1393273619,ef76ca2af697d078ef328d2d4c50ce795e411c4a508afc9089f59a8cc556c2aa,Aniimo in current storage will be put into other storages based on the selected rule (locked storages will not be organized)
1393276888,e0a9ecbd2f490b944913a73348f43f9debed145505878b0fc306280076aa69a3,<style=Hint_BgD>Vitality Blooms</style>! It restores <style=Hint_BgD>Energy</style> for the whole team and HP for <style=Hint_BgD>Grass-type Aniimo</style>.
1393281259,ba7ee77b720cbe1ec1b4097f854eb96be8d64ec822bf69ba49308f28a58c4daa,Understand what?
1887930824,ba7ee77b720cbe1ec1b4097f854eb96be8d64ec822bf69ba49308f28a58c4daa,Understand what?
1393300931,47af78a7ee7b3cabf088212dc460f40b1719a341282a1bd6774ce93e599cdf09,What? You’re down already? I was just warming up!
1393359159,02f1b235170034d840d91f0a07860dbf5061f2988944b53f402388731a7ef926,I’ll trade you this wooden chest for it! Please? I’m absolutely dying for a taste!
1393370673,970f466a8a1580f9661b2afa3abde983c41f51f8e346a1ca7167dc00c4835cc2,"Formed from coconut oil blended with petals; when touched with water, it foams densely and releases a bright, refreshing scent."
1538293806,970f466a8a1580f9661b2afa3abde983c41f51f8e346a1ca7167dc00c4835cc2,"Formed from coconut oil blended with petals; when touched with water, it foams densely and releases a bright, refreshing scent."
1393386928,d510eda9b90b232fd28881d4c65014fc5d63d5f7d7302041f2e2ed41f53369aa,Medium-Grade Harmonic Energy Stone
1517414927,d510eda9b90b232fd28881d4c65014fc5d63d5f7d7302041f2e2ed41f53369aa,Medium-Grade Harmonic Energy Stone
1996250847,d510eda9b90b232fd28881d4c65014fc5d63d5f7d7302041f2e2ed41f53369aa,Medium-Grade Harmonic Energy Stone
1393424055,544ad90f7d5fe133bf8df8ed04e965f69c07c647c3b196de03fb0f671fc32fb4,I Walk My Own Way
1393430219,5cc51416e077582be7ecf82d8104d7491a4eaf819f807e3d86f500d4c6bd3a15,"I do know of a Scorching place!
It should be the Russet Highlands... but will there be Spice there?"
1393439466,9f60a21f5e1e5e0fba8e8515fa28f24690fad4d647cbfa34c8d5447429dfd5d4,Deliver Sherro Shell
1393458986,671728bfb3fcce662000200ca661ccbc679b95864770964b8a78686a31a6a90b,"Finally, someone from the Institute came adventuring this way! I’ve been waiting ages!"
1393507600,f29ef143782200bd857b42af03b121c2d2a759dc9e8b9eca42468ce9a584a28c,"Hey, no peeking at my tail!"
1393510184,8665bf14e92465019f68990e111ef51d6f372d8b7dd1b51b5150abe10b91326e,Downloading... {0}
1393543670,cf92bcdb10173b61cd6d4fc5af82a2c031f344509b5bbabed9098f961da757e3,"I found the Susuta at Echoback Landing, and the Celestis I brought back from a giant Starine tree.
I crossed sea and sky to meet them, and it was all worth it."
1393552072,daf2789ac5bb88ab148e013511df9cfed9000baa579dfce5a5bd76c0810b8092,An attack-type amplifier chip with a Haste skill that greatly increases movement speed.
2106663534,daf2789ac5bb88ab148e013511df9cfed9000baa579dfce5a5bd76c0810b8092,An attack-type amplifier chip with a Haste skill that greatly increases movement speed.
1393563354,1660831c2023fd827063bcf998154396bb24c6e72ae3c7fae60bd814d3eb5afb,Exclusive resonance material for the Celestis family.
1393569816,f56f7aa2d46f01d09fb0691a03c544c598a86d46026c789834960846943e274e,My head’s so itchy... I think a new ball’s coming. I wanna spray it out and check the color!
1393579213,67aa37a7072d908a6ceb68ceba22fc159201eb79dafe2de95c7079c6d8698045,Act Four: Go Out and Explore (Part 2)
1393607182,8d691f5abe79bf4859d67ef3db28242474cd59a119e02c72efcd134fcc342ea4,*&^*Balee!***#@mud ball?
1393609122,7e5b065ea648cbf1bc60fef1b4d91d82d0847e0cc978a11ba194b675af060616,Black Nimbi
1393652280,6f6a8ab832be82460253971204370a2430819b0f048e1464f130ac96f3586ee0,"This treasured diary was Lycus’s emotional compass, documenting not just his spiritual journey across the grasslands, but also his connections with family and friends. Between its pages lies a profound truth about their world."
1393655845,7863603e7f0e0a3b08fbd72cc859830144e7cf57d958517cf5a153bf9d4417cd,"Spend <link=""item_151001""><color=#5090df><u>Star Dust</u></color></link> on <link=""appearHelp_214""><color=#5090df><u>Capability Awakening</u></color></link> to improve an Aniimo’s acquired Potential and raise its total attributes."
1563894212,7863603e7f0e0a3b08fbd72cc859830144e7cf57d958517cf5a153bf9d4417cd,"Spend <link=""item_151001""><color=#5090df><u>Star Dust</u></color></link> on <link=""appearHelp_214""><color=#5090df><u>Capability Awakening</u></color></link> to improve an Aniimo’s acquired Potential and raise its total attributes."
1393668462,727da6a1182133e8c9f74b65337acc4ce78808b7c7e4ae4c5cfd284ea2cd21e4,Aniimo Style Contest
2067525661,727da6a1182133e8c9f74b65337acc4ce78808b7c7e4ae4c5cfd284ea2cd21e4,Aniimo Style Contest
1393694069,34f2b1bb5f2d67e4779b3484f83d1b1b6ac5416b97c52c64be43a8ea5b38a4a9,There really are evil grumpy monsters inside! Darn it!
1393706178,5f898e25ef1b4824df579d59b3d8e4e9a6ee6b262ea5d38394b6231dffe0dd08,0 or 1
1393755852,7020182a3732eab2ab766935c61ba08f305e26ad009ec7642ddec3a0cedc881b,"An elegant garment trimmed with owl plumes, blooming with grace in the quiet dark of night."
1393758193,8857d064eff155c953d591b427d978bfc2fee4680d59d4aec464e2aa882664d1,Total Research Stars you own (including all stars)
1393770845,69c8c14d7e34e3f78228c5c73e76d95cc053c09ef12bb27403a67f1e5f51c2a4,AI Translating
1393784600,59129a4516bce9fd7886ff01d8a9acbf1f5a5ea6ec36c79d7b34d525e5507572,"Wow, such a big Truffle! This is the aroma... the aroma that the Forest has been brewing for years!"
1393790768,6820fba7e777835756c35826fcd06c0f1b5f759bb18f6dfb6ad2830891d3c0db,Out-of-Combat Energy Recovery
1849507627,6820fba7e777835756c35826fcd06c0f1b5f759bb18f6dfb6ad2830891d3c0db,Out-of-Combat Energy Recovery
1393838164,3b13391274be4c4b06ac69dde7b7910e1a987d1cad0df6d9c225bee6c8dda3a1,"All the Cozites have returned, thank you so much!"
1486794124,3b13391274be4c4b06ac69dde7b7910e1a987d1cad0df6d9c225bee6c8dda3a1,"All the Cozites have returned, thank you so much!"
1393840704,ef1ff68b4d07392a7ea7fa99c64cdc667fceb3c337425f1c65501da0253dfda9,Level 10 Suppression
1393849022,d8bd23b0afa66227399180048d792586785268023aa7e00353a2c18b83702207,"So, you can enjoy a firsthand Idyllian experience without having to leave Astra."
1393864260,858c39f7b7d0801796c0afee25aa7683d191402bcdadf987a43b7a5dd0e826aa,Narration max two lines narration max two lines narration max two lines narration max two lines narration max two lines narration max two lines narration max two lines (placeholder)
2027370953,858c39f7b7d0801796c0afee25aa7683d191402bcdadf987a43b7a5dd0e826aa,Narration max two lines narration max two lines narration max two lines narration max two lines narration max two lines narration max two lines narration max two lines (placeholder)
1393875034,e324b98635994252bbc79a567919f69bef0cd4e4cd7b704b660d3587e4b7c949,A Dewdrop Crystal imbued with the emotions of Aniimo of the Skippy family. Some say it carries their blessings and legacy.
1393877316,edc0e4a67049d8d0d119dc81c6cbc0519358e07b5c4e41707231e53cdfbd0ff4,"Tufty has another new friend! Here, take this!"
1393914635,1f599cc3ff92a9e6baef935c8749eb85b005332af1fcbed200d6382c06454a06,Rolling Mud Ball
1393924242,77a91361dd457658566d46f2e049c6c537cfb33ec763d9f68759d84f38e29371,Can be used in the <style=Hint_BgL>Hatchinator</style> and <style=Hint_BgL>Home Hatchinator</style>. Residual Prismana energy left over during hatching will also coalesce into <style=Hint_BgL>3 Prismana Shell Shards</style>.
1393930882,c5b2a5e73ee3b1fe55d000d4bc925d2d689e03587ba42832ca3a7dad16089519,Perform Capability Awakening for Aniimo 5 times.
1393972540,511faae750a2ba50fbb944ec030401d327adae5220186c83ffe8cfd5fabafc4d,"With extraordinary size and Energy fluctuations, it nurtures exceptional HP."
1393976106,a31e474d6f61b11c575e302bd351934007212dbf7c4f9010297a49c257451bc7,"Immediately breaks free of control effects and retreats from the target, leaving a clone behind for <style=Hint_BgL><customRichText(buffConfigData,2101207,duration)></style>s. The clone cannot be attacked and mimics the user’s basic attacks and skills, dealing damage equal to <style=Hint_BgL><customRichText(calcData,ability,10120520,param0,1,%d)>%</style> of the user’s damage. Use the skill again to swap places with the clone. The clone is destroyed if it moves more than <style=Hint_BgL>20</style>m away from the user."
1393984626,8a74b3dbd94e8d51e19184bece62b8f2067ab6442da66ffb395f571e6b13b22d,C -Fennelun or Soleon
1393988966,85d5df2db2c16a85cccf0a1a8d887a6192e13a9d8b0d8ce3b34ffce32b49fc38,00:20:33
1825156170,85d5df2db2c16a85cccf0a1a8d887a6192e13a9d8b0d8ce3b34ffce32b49fc38,00:20:33
1394010972,69687cff47906e4d0b5894b82d3ec0770f0a7b9ad4c215763ba78998019803fd,Skin %s
1394021849,3bdcf5c32b8caf3e91003f4a15b6042b6b8df9efe0c77bf1cc0fdb0141dacd0d,Flash Signal
1400002806,3bdcf5c32b8caf3e91003f4a15b6042b6b8df9efe0c77bf1cc0fdb0141dacd0d,Flash Signal
1394023382,3b1885f468d5b1ec4010431f624725455ad7757383cc4ddb248a9b30b6dd1f91,"Now even if we fall off the castle, we can ride the wind and glide back up!"
1394113452,19d62f0f54e0697f2532ba0897789728805b4cb6bafb4e212d268a54058440af,2800
1394122073,b3a2f8808bd6d8b873b16b79ffa88274dbd6ea7e451a2caf80ebaf1bea439bba,Switch to nighttime
1632737188,b3a2f8808bd6d8b873b16b79ffa88274dbd6ea7e451a2caf80ebaf1bea439bba,Switch to nighttime
1394124003,3946e362c0f9291268422fdc7ce4e06bc85f3d6f9b7cba0c3d0dcaeaacfb8c03,Obtain Sparkling Egg
1394162829,dd054f8dae0a3e688b3fdd91de80229816a617e3e555456a4607291ceb0c59ae,"Clear, full grains with a fresh rice aroma; chewy and slightly sweet after cooking."
1394191441,e92d10e9133c47a1b6a9945916464ea410c6d79ff4927a4dcad762daf95dde09,"Go, go, go... whoa, I’m getting dizzy..."
1394240800,84fc74a901f224f69cedb19f782abda7b40376b98ccc9fa3d709e968dd6c7aaa,Even Thornblade blooming in a thunderstorm steals a bit of Energy...
1394241392,2ccde0a361d3d2e6ceae5c3ccc076c5833a8403240f64faf10d59107805806a0,Work Details
1394291527,4b6f7a9bb5116c515837c4eecacdbb2255e1a39752a5621e5dfade1871cda006,You have unresolved warnings. Confirm Ready?
1394292957,543b90177460775ce25da4e4a29afbf9ad0e61c9733e4e945d046bc2f4ed9b96,"The Vision Zone is under fierce attack.
Please defeat the mutated Wisptis!"
1394302261,4db40a47770fb7f6dc679837a1976eb8517bfc7d30ef6afd4399566396d2e8a9,For romantic afternoons and the sweetest of dreams.
1411552393,4db40a47770fb7f6dc679837a1976eb8517bfc7d30ef6afd4399566396d2e8a9,For romantic afternoons and the sweetest of dreams.
1811334173,4db40a47770fb7f6dc679837a1976eb8517bfc7d30ef6afd4399566396d2e8a9,For romantic afternoons and the sweetest of dreams.
1394304624,952384e0219da37ccbcb1011caed79f911117d8bf1f0d0212ad0d3da714e1e29,Throws luminous seeds that light up the surrounding area when they land.
1394305267,d3c94bba7a9268c9cbe7af1abceaa9764b66779c67878602fd86fa3f7259401e,"Another day, another bubble draw."
1394308309,1950ad46588c9677663efdc08e8121c5f3f8ec92630f2cfe695b27cf054eb47e,The Icho?
1394325853,ecdf137a065a949273bf4c51c5c9c0a214a1839590859b46f6eba87cfeb0f856,"While running, press and hold #kPlayer/StartSprint#z to dash."
1394354011,6a1a727a50ffd9d881ddeaabdcb7cdbb0a63f373fb813b10c5d4420099597a32,This item is locked and cannot be dismantled.
1394355675,85894306679e45f2556e11c49fdca8253c1a640a6cf2742a7d8374c5ddb3a5eb,Bursting with life and nurturing something extraordinary. Guaranteed to hatch an Elite Aniimo.
1394373666,c1b405b17fc732791dd9a6f1c0de94d6c8b0c2cf67bf473f6378b7148d0b90ea,Alpha Sherro
1892798075,c1b405b17fc732791dd9a6f1c0de94d6c8b0c2cf67bf473f6378b7148d0b90ea,Alpha Sherro
1911530790,c1b405b17fc732791dd9a6f1c0de94d6c8b0c2cf67bf473f6378b7148d0b90ea,Alpha Sherro
1394398157,09e220807f310d1db8d3a33e2d0a75ef016372b84c9a2263f83579c91cf6436e,A flower infused with the essence of Lightning.
1394414815,742c1fc1445d9966b8bd6d6000278786a049f22f4eb125b8d93ac4d0de147701,Bloodstained Feather
1394441881,06d4918fe3e6838d2d1b1df08325e67f712ecc2361e676995bbbe211747fa28e,Item Name
1427705872,06d4918fe3e6838d2d1b1df08325e67f712ecc2361e676995bbbe211747fa28e,Item Name
1610260001,06d4918fe3e6838d2d1b1df08325e67f712ecc2361e676995bbbe211747fa28e,Item Name
1716255680,06d4918fe3e6838d2d1b1df08325e67f712ecc2361e676995bbbe211747fa28e,Item Name
1394452431,ad3b8c3035127d33b651b5e93a29b4dfd9c95ba84a66fb576fcb43a9ad7f5ecb,"UI ID List (comma-separated, 0 to close)"
1394456813,f408bdc1e90431707926975fb64d4d8f0c4ac7685ee14707f15f71a06cd4a064,Driftwise Meadow Park Manager
1394475027,8481607b1257808ddb03d5d489134828b9e09b397feccfceb5ae593305c0f955,Defeat the Omega Sherro
1394504065,5108a0f0dc3622b288239ea17bc08694a7fd0c90649c3256ebf60528f7d53b85,Gem
1394523501,4308f8b800dfcd3a8503691aba143bbf0e4f1f299eaccce02781fba8adcdc281,"Thanks for sharing. I have so much to learn from you...
No, I take that back! After today’s contest, I’m sure the whole Aniimo fashion industry will be following your lead!"
1394539333,5e938716246acf98ae937cbd9289a23a6ca5bed99e4fd18d04016de1bb61b090,Catch Drop
1394543187,294433a9c6b12f6897060d6b07d741ad6a0bbecdd6ba3c250574a8b796cfeaf0,Illusory Advanced Lighting Chip
1449510172,294433a9c6b12f6897060d6b07d741ad6a0bbecdd6ba3c250574a8b796cfeaf0,Illusory Advanced Lighting Chip
1394553505,b61127c2b22da342eb5b7b8d70fe9d973aa50c0d3d7a43b4e78f404b045aefda,Sparkling Pigment
1394560093,addd38e10686a14db08e4b6ffa881c2f0dffe6c03c8d063a61ddd1e7719c056d,"Miraculous lavender with triple mutations, enveloped in a rainbow-like glow and sparkling with dazzling spots of light while having exceptionally large and lush flower spikes."
1752689413,addd38e10686a14db08e4b6ffa881c2f0dffe6c03c8d063a61ddd1e7719c056d,"Miraculous lavender with triple mutations, enveloped in a rainbow-like glow and sparkling with dazzling spots of light while having exceptionally large and lush flower spikes."
1394573943,c2b37a9effb5be5057d87d3d6fc25db4804b071c82e36f9703614d9cc540f749,Start Evolution
1394575408,089f29f4942e69815d2c6e1dec31fad27f98f171f7703263710d8907aab0bf7c,Enter an Aniimo name to search
1394582283,c1456169e504e7e524c3c18398915324bebc9d3284ba6f0801443fe3f655d4d6,"That’s why I like going out when the moon is up. On the plains, you can see pretty flowers, white clouds, and black fluffy things that breathe fire."
1394605240,f06b0b9105d98420e9c6c5bf5f7dd8b3d0701c1982f99b3d767bca615d2f06bb,Drag to replace a skill
1394618680,c6f594a93cd7b6e7b0812ffdb5da0e942375a3a2c0eec8f07b17fab2dfb12d58,Calm Fighter
1586928865,c6f594a93cd7b6e7b0812ffdb5da0e942375a3a2c0eec8f07b17fab2dfb12d58,Calm Fighter
1394621467,490e3b68cf5491e3bab8c7d362c56317822fb4e92237d02031644fb818abcb00,"Vertical beige paneling lines the inside, while the outside has a smooth greige finish. A sturdy brick-and-stone base anchors the tall wall, and its warm, understated palette feels simple without looking plain."
2126132876,490e3b68cf5491e3bab8c7d362c56317822fb4e92237d02031644fb818abcb00,"Vertical beige paneling lines the inside, while the outside has a smooth greige finish. A sturdy brick-and-stone base anchors the tall wall, and its warm, understated palette feels simple without looking plain."
1394626828,004b529dab9664978f56633f1b74a21bb813b6a4ff4641a517feacaf1775ffe4,So... how’d it go today?
1394639078,18649d4c5bf450c8a93d1fa40ff737f5c502676a585d9e07ab0d0d792d7692ae,Dabaa~Zzz...
1394654397,01817497f0ecaf68da7d2e9359da81a7add5aea983da363af109c1f3b17e5b73,Someone inside locked the door. Find a way in without alerting them.
1394682072,3077ffc8c5d6e9ccee8847dc8c18f6613239316028ad919f633037a3932405ea,Then Professor Bohr’s exactly who you should ask. I’ll focus on maintaining the holographic facilities for now! *puts on a serious face*
1394683413,64e69590b215f5808d326b36fbded269d448a23b4b10e7d01f0504cf2a61d0da,Gust Stone
1394692744,75fddc8b7efd5452240ba53071d8b5a9282226ece70d89bed4a92655e1f2b8bb,press to buy
1394724392,a2406f6458ff08de997a235be36172a818d5071c6c94a0bdb16ec95f0eacf7ed,One thousand Nimbi...
1394741917,7651e575e17ba00a10ba9e1bd818d15e4412b4af5150b0b18d8545a2ecea33a1,Don’t worry. You’ll get another chance.
1655471967,7651e575e17ba00a10ba9e1bd818d15e4412b4af5150b0b18d8545a2ecea33a1,Don’t worry. You’ll get another chance.
1394742748,7fc86667a50f099951076f1381d80b5ee3c5e65a9d6589c11a46268aed744910,"Quick, get the camera! Flutternym’s enjoying sweet nectar!"
1394748474,2c7e63313045bbdff6dbfcc7d3565142a96abb111be1aeedf7d9fb3efcc5cffa,Creative
1642468917,2c7e63313045bbdff6dbfcc7d3565142a96abb111be1aeedf7d9fb3efcc5cffa,Creative
1910766451,2c7e63313045bbdff6dbfcc7d3565142a96abb111be1aeedf7d9fb3efcc5cffa,Creative
1394751774,a0232972a192cc72aa37dc7bc9be1215a24f3da7084835d792a53b1e59909f02,Desperation Surge
1533074553,a0232972a192cc72aa37dc7bc9be1215a24f3da7084835d792a53b1e59909f02,Desperation Surge
1394760989,e822fb170124a29fa5c53bfc1a66011842fa332e448354accfc350dce338698e,The hard shell encases the fragrant essence of plant oils.
1394775843,b9432fe54cf9c00059a824b5d1d447e26cbe6f11974c7ecddff7a9da2da4a583,Provides Power
1394794895,8ce318babb98d405fb720a915e3c2731af95809506748fd328b70628fcc74845,Display Mode
1394796954,aa4129ee3558d48e83952fee0f3ad4787cac72b015a30f1fac7ef237de0abb56,"I will remember your bravery! Here, take some shinies I saved up."
1394840390,72bc5d7aa45dff39df7056463dfdf505ea24d5cb4dcd18151e362a1b44cf39e9,Aniimo Catching Journey
1394846797,639368a16c61ff8c655b0101de31e45372c5c4402e5d011ae71527a593fec158,Standard Rewards
1398296526,639368a16c61ff8c655b0101de31e45372c5c4402e5d011ae71527a593fec158,Standard Rewards
1646552640,639368a16c61ff8c655b0101de31e45372c5c4402e5d011ae71527a593fec158,Standard Rewards
2012857049,639368a16c61ff8c655b0101de31e45372c5c4402e5d011ae71527a593fec158,Standard Rewards
1394848101,91865fbc03a0c060b733c5c0d0ae11c5a36790645ed5dd649018e55f469c02e3,Verdant Shock Wave
1394852631,75361ef499cafbc5791819d98d2a35da3a56c68b304517290288776c8974cf39,My shadow keeps following me! It must be trying to steal my rolling technique!
1394852960,f481e0e2a07627a364718edce71b9bb0e82855f6e0944c3e312371b52c14fc04,The <style=Hint_BgL>Advanced Processed Items</style> produced by the Crafting Table in your Home can be sold at the relevant shop for <style=Hint_BgL>Home Coins</style>.
1578799556,f481e0e2a07627a364718edce71b9bb0e82855f6e0944c3e312371b52c14fc04,The <style=Hint_BgL>Advanced Processed Items</style> produced by the Crafting Table in your Home can be sold at the relevant shop for <style=Hint_BgL>Home Coins</style>.
1677295175,f481e0e2a07627a364718edce71b9bb0e82855f6e0944c3e312371b52c14fc04,The <style=Hint_BgL>Advanced Processed Items</style> produced by the Crafting Table in your Home can be sold at the relevant shop for <style=Hint_BgL>Home Coins</style>.
1928071215,f481e0e2a07627a364718edce71b9bb0e82855f6e0944c3e312371b52c14fc04,The <style=Hint_BgL>Advanced Processed Items</style> produced by the Crafting Table in your Home can be sold at the relevant shop for <style=Hint_BgL>Home Coins</style>.
1950779662,f481e0e2a07627a364718edce71b9bb0e82855f6e0944c3e312371b52c14fc04,The <style=Hint_BgL>Advanced Processed Items</style> produced by the Crafting Table in your Home can be sold at the relevant shop for <style=Hint_BgL>Home Coins</style>.
2114580930,f481e0e2a07627a364718edce71b9bb0e82855f6e0944c3e312371b52c14fc04,The <style=Hint_BgL>Advanced Processed Items</style> produced by the Crafting Table in your Home can be sold at the relevant shop for <style=Hint_BgL>Home Coins</style>.
2139206960,f481e0e2a07627a364718edce71b9bb0e82855f6e0944c3e312371b52c14fc04,The <style=Hint_BgL>Advanced Processed Items</style> produced by the Crafting Table in your Home can be sold at the relevant shop for <style=Hint_BgL>Home Coins</style>.
1394867883,7a621a344b004edf90213af2fd1555341419f8fc2b2147a5d00ed722a906f6a0,Obtained from a Season Keepsakes Pack.
1394876740,a6b42fe34a616cef9273d91ddfee35d8b369232bd33ecd046cdb02088fca55ab,Could it be that the images in my mind are not of this world at all?
1394882473,133a6591b28d903b08eb19ba78cc1952d54d784009450d249e06c65f11d699be,Nurturing grants 50% more Prismatic Energy!
1394892004,e84e5f61c099ece6f360e254ba5b324e36cd23fb62e7835cc7f1047b487b97fa,A sturdy square stone slab. Feels solid underfoot.
1539902115,e84e5f61c099ece6f360e254ba5b324e36cd23fb62e7835cc7f1047b487b97fa,A sturdy square stone slab. Feels solid underfoot.
1394900282,45fcdc4ad319c447bea08461ad41d0ee281205838f5791b4aa0679fb6bd0b636,"Your whole team loses 50% current HP, and you randomly obtain 2 Holo-gizmos."
1394905830,29ae27cd90595361ba714aec33e2c364e4b856e3883bed233c69cf5c3382818b,"Thank you, Aster!"
1394911876,4e9b132905645f609cb09f04eed3c5849afa6bf1da428988e44fd665a6d67625,"Of course you haven’t! I just came up with that! Shu! We need a sign with that quote. Get one made and hang it up, will you?"
1394914032,3fc8410fc339bcfe30282067da61959e6ce765b654ddc150a25d5fb13c635392,Research complete. Probability of a <color=#e1a347><b>Sparkling</color></b> {0} to appear while searching increased. Effect lasts for the event duration.
1394924109,f7f6dcf30e5020d4b337714cf991be66eeb699b5b890a9aa757f02c62b78616d,"Hmm, looks like... ten fruits! All right! You can take the large starine!"
1394929818,82e3ab562c4aaf5141adc12997a6b3f5153f34cfc0cdf56b4e590ca7ecaa80eb,Group chat created successfully
1394931172,57246bb9aa007604e53a84ca54e9bc38f6678bb5e0e7e1efb2b0e8c2b97a9ba1,Who is it! Who dares to call upon us—?!
1394978933,33a34826909d75a7a6a16671a3fdfb7e87c6dd6841d06583e068574b01259cc3,Encounter a Prismana Form Luminelle.
1395040912,61cab1227b949506d06a922242d26cd9ec08acb174e593d24c9a91258f31d75a,"Hold to charge the microphone, then release to unleash a massive sound wave, damaging targets in front and applying <style=Hint_BgL><link=""source_8160""><u>[Stun]</u></link></style> for <style=Hint_BgL><customRichText(calcData,ability,14750310,param3,1)></style>s. A well-timed release deals an additional <style=Hint_BgL><customRichText(calcData,ability,14750310,param2,1,%d)>%</style> BREAK damage, and the perfect release window opens earlier."
1395082122,e5c5c4bfe384263dabd0bf8621a8f6fb7e6ad9d914c002ed026ce28e5de5992f,Who took the starines?
1395089451,fc27fe3e972e3e6f8fa24bbe354565139c4a832fafe05ea2bcd12a24a7ed4911,Why won’t you hug me?
1395118753,1a9ca33d03ddab7bbaf2db70c94de9f5faa67d554d5172e34c5857f1e3fa20c8,Learn to Heal
1395125294,296f399233a6aa5f3346f3fc1c5f82c8e99dee914982d27cfb5a7faa670e5be9,A flower infused with a richer concentration of essence of Wind.
1395161151,224bb1a54a70131e82534910e43e67216193a364c074cd525d60323a4f2f4f1e,The purple flower spikes emit a lingering fragrance.
1450624396,224bb1a54a70131e82534910e43e67216193a364c074cd525d60323a4f2f4f1e,The purple flower spikes emit a lingering fragrance.
1395190099,8fe7fb82cbe7269a5bbcf3883ec79fb4aee85d4cd5fe3e5548fa9b96eed2048d,Rune Exchange
1559773554,8fe7fb82cbe7269a5bbcf3883ec79fb4aee85d4cd5fe3e5548fa9b96eed2048d,Rune Exchange
1593062527,8fe7fb82cbe7269a5bbcf3883ec79fb4aee85d4cd5fe3e5548fa9b96eed2048d,Rune Exchange
1722686675,8fe7fb82cbe7269a5bbcf3883ec79fb4aee85d4cd5fe3e5548fa9b96eed2048d,Rune Exchange
1755251661,8fe7fb82cbe7269a5bbcf3883ec79fb4aee85d4cd5fe3e5548fa9b96eed2048d,Rune Exchange
1798605648,8fe7fb82cbe7269a5bbcf3883ec79fb4aee85d4cd5fe3e5548fa9b96eed2048d,Rune Exchange
2032401553,8fe7fb82cbe7269a5bbcf3883ec79fb4aee85d4cd5fe3e5548fa9b96eed2048d,Rune Exchange
1395232980,94ea82bf1145c72d529b8342c6f9b56e50dd5cbf6219e47b42315831f66bb76f,"Of course! Physical expression is the language of the Battle Art Department students!
I’ve gotten a lot stronger after all this training! Let’s go!"
1395315509,767377589302796571b653cf21f9d66a2f717c0e3c265a79e5d33accc9933d8c,Randomly awards one of the following <style=Q_5>Eggs</style>: <style=Q_4>Wonder Egg</style> or Legendary Irisalis Egg</style>.
1395333842,1df14cab854c4a3968dde8cf46711c38cdd9b8e833b4cf33e8b78d7f80aeed92,"Version mismatch. Client: %s, Server: %s. Please close the game, open the launcher again, and update."
1395360288,00a732057ca787bc2648e7430fb3e41b688323fb3595f90ed0b4cfea24f93297,Boss Battle Disconnect Reconnection Safety Net
1395397770,2df39111dd690c251a044601ce12b0c17ee57b43f9d29ce2de47654b25a9110c,Ride the Wind
1503197610,2df39111dd690c251a044601ce12b0c17ee57b43f9d29ce2de47654b25a9110c,Ride the Wind
1708396865,2df39111dd690c251a044601ce12b0c17ee57b43f9d29ce2de47654b25a9110c,Ride the Wind
1831454267,2df39111dd690c251a044601ce12b0c17ee57b43f9d29ce2de47654b25a9110c,Ride the Wind
1395399484,9c5449060647b7b5dafb365025ddbaf095356ca09415c7e0a12d96b908803d19,"Coming, coming! Don’t worry, I picked the most beautiful ones!"
1395440840,a844e7d3a0fe9a1c945d40bb45b39c3b430cefdf1302a4569b2e0747f53595ed,"Dreams are bizarre and ever-changing.
Fascinating at first... but dull before long."
1395485137,70f69646765b6e1efbbc281af24884a4f2346c35f45c8fcc614234537d830f9a,%s left the studio.
1395486146,96b7d0437282e892ce10e2d5869e8eac31cacd91d1c79328f127a70f9fd4c44a,"So that’s what you think... It seems peaceful persuasion won’t work on you...
In that case, we’ll need a different approach."
1395501236,e97581bbf1a7453d6ce1eb653bc761ca8552557cfc3516fed6c4cc8b79d605a0,Obtain 3 Lumin Amber in Driftwise Meadow.
1395509137,ca73e2164a7f92c4b57c69903cd6a1840b73339fa1dd6cac79d1b6763120669d,"You’ve earned it. Here, take these!"
1395555508,7bc28b0f7cd6db31de40f8d98d456363d8607415e449d9880c2dca8bc93c3eeb,"Whimsical bird-like appearance, simple yet adorable."
1685757264,7bc28b0f7cd6db31de40f8d98d456363d8607415e449d9880c2dca8bc93c3eeb,"Whimsical bird-like appearance, simple yet adorable."
1796376557,7bc28b0f7cd6db31de40f8d98d456363d8607415e449d9880c2dca8bc93c3eeb,"Whimsical bird-like appearance, simple yet adorable."
1395559565,4413ff00a0bd347cc18873511734e842176a3a59545f52edfb4521bb217b05d3,But you know what? Listening to those Tubsters just now brought a piece of it back to me!
1869632332,4413ff00a0bd347cc18873511734e842176a3a59545f52edfb4521bb217b05d3,But you know what? Listening to those Tubsters just now brought a piece of it back to me!
1395581063,97adfe5d947990108e42cb38a48dfc77724c572df39b502d8443e9e4c6e75131,Press to enter Menu
1395593909,6497793f283ebddb9ae9254517e2a86b3ee17aaff04fd6c3b64961b3abc758d1,"<link=""item_4040105""><style=Hint_BgL><u>Well</u></style></link> in your Home has unlocked a new recipe: <link=""item_4020064""><style=Hint_BgL><u>Quick Recipe: Natural Mineral Water</u></style></link>."
1395633186,ad766c91c22d9eca6fc37aa035ee5320fe787e322b12106c4ada2044435103b9,Sleepyhead
1814396153,ad766c91c22d9eca6fc37aa035ee5320fe787e322b12106c4ada2044435103b9,Sleepyhead
1395654748,1a18e321352e3292cc527bc01b22ccbd591a760c222d81fe371eec30317ce7e0,Blessed Nimbi
1395655169,73fcc79890e5f7f43a0ed7cb36cc4e57b4774a2d1195da446c3daad2abd166fc,Frostburst Punk
1445567575,73fcc79890e5f7f43a0ed7cb36cc4e57b4774a2d1195da446c3daad2abd166fc,Frostburst Punk
1395657527,2384b9db07f95d873ab0c29b4278e1b4af87a4f5c931b243d2f378315e983fe4,You can summon the <style=Hint_BgL>Aniimo on the party</style> here and edit their positions.
1395673284,32a4e884ff260428bb7ef94806a6237915e0ac3cae1f30d5cd921d4223fb1a84,"Words of the Wind
Aeolus, free as the wind."
1395697900,12e96d811d25e33c8eecedb2ad7240498eb219868fe8426d2863b8ce7bd0937a,A playful cut that expresses your one-of-a-kind trendy attitude.
1395786136,ecaca9264b3a2aeab18b04a116c013ebbe2c53a2a6e729e0c818d975d2655e8f,Examiner
1611924045,ecaca9264b3a2aeab18b04a116c013ebbe2c53a2a6e729e0c818d975d2655e8f,Examiner
1756115389,ecaca9264b3a2aeab18b04a116c013ebbe2c53a2a6e729e0c818d975d2655e8f,Examiner
1904814712,ecaca9264b3a2aeab18b04a116c013ebbe2c53a2a6e729e0c818d975d2655e8f,Examiner
1395787025,47a5bc12313b6ff5f375b223111542d0a8a085772fbd9e7bdf38cd0bbc73b74f,"I’ve heard the <style=Hint_BgD>""echo grass""</style> there help guide the way. Follow it, and you should reach your destination."
1395790357,8763c60f7f06a78ac40d62d6255d6eacaeeef2f14888d1793a854973235156d3,Heh heh heh... Magmarex’s breath runs scorching hot!!
1395797357,87ea76c645e1afa82c7eaa02a55d5cd37b1023831c200c8c79d90e7fa1110430,Resilience Recovery by Multiplier
1879175890,87ea76c645e1afa82c7eaa02a55d5cd37b1023831c200c8c79d90e7fa1110430,Resilience Recovery by Multiplier
1395800045,4b9ee6410b6b237ac00354c4a8d55d9f082d4d758ae3f7dcccf33a491b9dd283,Research Mission
1548903957,4b9ee6410b6b237ac00354c4a8d55d9f082d4d758ae3f7dcccf33a491b9dd283,Research Mission
1395805547,57c201911a78f1964f39f0323fa09db9b5148e50e825c36df8c2d90f4a9cab87,Restores 2.5% HP whenever casting a skill in rooted state. Doubles the recovery if HP is above 5000.
1395809229,4e74b7ead92b80301be1ce840526ca7d4cd9e1ec70d553ec2cbc7364ff0d62f7,Towel Rack - Champagne Gold
1555397624,4e74b7ead92b80301be1ce840526ca7d4cd9e1ec70d553ec2cbc7364ff0d62f7,Towel Rack - Champagne Gold
1395809338,2e0cc91f774602390db6d31a686baf82f3ce59e91628f69a888eaff7af3e7a35,Zero Cost
1778083606,2e0cc91f774602390db6d31a686baf82f3ce59e91628f69a888eaff7af3e7a35,Zero Cost
1395836903,0f9ff2250847233505c55f0066088af0f03b9ad6d7d954b7b6799fc260248f8d,No Aniimo Available
2003962268,0f9ff2250847233505c55f0066088af0f03b9ad6d7d954b7b6799fc260248f8d,No Aniimo Available
1395838304,8fea76a4563a5bb5720a3024758a5e48bf00f9da004f71322d2b19c2327547ab,Water Shard
1395850232,b20bb34c2c9a732e8210a17fb226bb3b4f1a807a042d98c5ba185d91cd1423b7,Break +1%
1710754317,b20bb34c2c9a732e8210a17fb226bb3b4f1a807a042d98c5ba185d91cd1423b7,Break +1%
1395907995,f1f2457b57e05f81c4ed11e603081792e87cbc7521d329a92a3b6380e3a8212d,You blended right into the Hummins’ circle-spinning scheme! They rewarded you with Lumin Amber!
1395913076,845680dd5533590dace9cec36ffa48db4899b257ef83882ded7665ba5befbbaa,"Pinch me. I’m not dreaming, am I?!"
1395913314,3f901a1607632f14e9b9bdc510225c22a1be07bcb54d87b53cb46dfc12b922b0,Take a photo of Sheldon sleeping in a shell cradle
1395920515,7690b3397c294748857412262a514907c037ffd097ae1883e40fa96b37a33dde,[Compensation] Alpha Catch Reward Compensation
1395966278,5d3df825d44de6e3f798921ecb55de7a58900159db7727ffd63931b5ce89dce6,"Magmarex is overheated! Its ATK is greatly increased, and its Water resistance is greatly reduced!"
1395968540,209b552bda702ca854d650440ba614243beffa21e3e2724bf2be43c01a3268b0,Bia
1395989893,0b0e2f829757c909e3c14fdb5a02c3317b963bfe0bd91be75e2f022d6d633636,"My research takes me far and wide. If you want to learn about geography, come find me."
1395994239,582ba6a0c4c864b413b1f7d52d247c95d46a18db79fd8ca83d23a01b906c9e20,Where did it learn that roguish whistle?
1396031139,e273b95aa0665afdc805d9614fce8a14a9b75099dd906f7115a686a08f885703,"High-risk Aniimo detected ahead. If approaching, it is recommended to twine with an Aniimo of the same family, unless testing its power."
1396103292,cb057737bde88eea7da06f046842be7d79dafd57fad95edb1f999cba866bac16,Wanna join the Happy Fentuft Team? You gotta be super happy!
1396122611,96820a3441671f0cda8fe1a188eadc7e42fe3d53172fe1a4262b3826f765961f,Hide Group Appearance
1396159451,1cc762d46baeae123785b34a5e4ef89fdcf8f0ba341be4cb4abb578c1621bd98,...Maybe it forgot.
1396163856,25e3e89226400aaa1ddb24ae386868fbb3cac34bf582033eda08697bc9118c82,Companion Handbook Premium Level 80
2135154043,25e3e89226400aaa1ddb24ae386868fbb3cac34bf582033eda08697bc9118c82,Companion Handbook Premium Level 80
1396174407,5a150e2a58cdf95e3dbb27ae3f415aad8186304e09a82598def63030531b4a08,A hard shell with a delicate core that releases a faint milky fragrance.
1396205666,5137bd896cfac46e9bcadc6263f02bd07e09c94dcf4927c1e6c268a8373e671d,Equipped Name
1670087288,5137bd896cfac46e9bcadc6263f02bd07e09c94dcf4927c1e6c268a8373e671d,Equipped Name
1747813376,5137bd896cfac46e9bcadc6263f02bd07e09c94dcf4927c1e6c268a8373e671d,Equipped Name
1886339668,5137bd896cfac46e9bcadc6263f02bd07e09c94dcf4927c1e6c268a8373e671d,Equipped Name
1941996827,5137bd896cfac46e9bcadc6263f02bd07e09c94dcf4927c1e6c268a8373e671d,Equipped Name
1992971807,5137bd896cfac46e9bcadc6263f02bd07e09c94dcf4927c1e6c268a8373e671d,Equipped Name
1396235745,11a9c0fdae667872dbf399270ca66693c6db5091b337c398b3c9725353802fef,"A strange car is parked in the Nimbus Fields.
Huh? Why is there a car on the Continent of Idyll?"
1396272587,005aa817aa012d628abce917fb5eb114cd9d099045dba796632a4987b46b7299,The Jawling and His Toy
1396275806,dced1e410defebb798c1178b5b2153a4e37505170c77750b25dee7ab506a6a40,Prismana Ignitis Egg
1470694857,dced1e410defebb798c1178b5b2153a4e37505170c77750b25dee7ab506a6a40,Prismana Ignitis Egg
2089916691,dced1e410defebb798c1178b5b2153a4e37505170c77750b25dee7ab506a6a40,Prismana Ignitis Egg
1396294556,79c7dfab77d2043dbea724fa68a3556cd1d1a50fc3c4c1a02c0802f1008d5525,Excited Sparki
1890754511,79c7dfab77d2043dbea724fa68a3556cd1d1a50fc3c4c1a02c0802f1008d5525,Excited Sparki
1396306352,ce5f3eea65817d13124adb27754a912035175ead0a63d8d6cc483a78783738e6,You like mushrooms too? We grew these ourselves. Aren’t they gorgeous?
1396320059,f2cb7e80e22fb59a84ca47a47a1c9e29847a53f6c8244234363f1cdba573af22,Invitable Friends
1396331907,c117f8b2d3ea33e95ff7cdb8d7ae544b3f6ec9732675c489d3aa191175d08d82,Recommended Attributes
1752522300,c117f8b2d3ea33e95ff7cdb8d7ae544b3f6ec9732675c489d3aa191175d08d82,Recommended Attributes
1396369548,7a01e0c8db5c399f7fd056be3a4367770ff667a3050ea5b1ba9ee48394463071,"Extremely rare wheat with dual mutations, sparkling with dazzling spots of light while having exceptionally large and full ears."
2091798979,7a01e0c8db5c399f7fd056be3a4367770ff667a3050ea5b1ba9ee48394463071,"Extremely rare wheat with dual mutations, sparkling with dazzling spots of light while having exceptionally large and full ears."
1396381940,3359152469cdbaef687610193de2f5e9334a32b835242aec31b40a4d4d9be3cf,The team leader has restarted the challenge.
1396387359,da68ca1b6c67dee5fbed66269359cc516e97d02da5392bfeaafac361b4e9f2ce,Heh-mm... hm-hm...
1396405222,325095bc9f13c176bfe68fe5f51295db00827704fa73d102ae67a994af524577,"With a hard texture, bold wood grain and a light color, the wood is rough to the touch. It carries a faint sweet woody aroma and boasts excellent decay resistance."
364068676,290d1f416e18a27416b6e7e128777e2f11d6b66c8a72c3d9ec595ee193e981fe,Place an Aniimo in your Home.
1396408863,290d1f416e18a27416b6e7e128777e2f11d6b66c8a72c3d9ec595ee193e981fe,Place an Aniimo in your Home.
1396427154,c81e53db0fa353cc68ae02a258d6ea85125290dd313854039798ff4184ce66dd,Try to sneak up on the Aniimo from behind for the catch!
1396429166,53a028665799d68185b24cbf9245621e416298f4c45c391f57e97c0e8242dac1,Hey! Wake up!
1906998394,53a028665799d68185b24cbf9245621e416298f4c45c391f57e97c0e8242dac1,Hey! Wake up!
1396449377,9eb76a5325a5e82421c314f0b4b60511f944684fff19050e8a40568d2af06464,A Dewdrop Crystal imbued with the emotions of Aniimo of the Pomegg family. Some say it carries their blessings and legacy.
1396459535,2ca4fa0b8b09230075731acb175c1a69870046f611bfcbebb4355f0f884bdfff,I won’t be able to travel by your side.
1396476653,bd9d476eb4c43f7bf65a388e609eaa9586dd21a2c3e34e2bca0b1496d4c2cda1,"With its finger lifted, an amazing magic show starts."
1396506388,9f0d23a1fd393399ef2db0b02a3218b4ae07f528da7f958a3c9e4ddb2bfb2d2c,"Just <style=Hint_BgD>bring the right Aniimo to stand in front of these buildings</style>, and you’ll be my number one model!
Do that, and I’ll give you a ""little surprise."" How’s that sound?"
1396515951,b67d2c9de2f30513bd4e6454642bd35cef413f5400a9519fbdcb5440a8cd5f29,Home Placement Violation
1396520987,ca5d8b56de85ffb73395f3756be44c6925c8d944553781a26b56d6638693e607,Map Interface
1396540724,cfcb70badc41d412cd11bb4d750636fabd09a32e33d0fbe9fc777155090be673,Unlock the Glacy Avatar
1396555078,b8172111f352064d4cd5c6aed8521aaacb5170b019066cc72b652e09b28a4f76,Wowee! I-I-I’m a Jawling with a Helmut friend!
1396557433,675c4f8ceb0e14803675b6ab06ec417d3fc0ef574c61b105ab797849cd240da3,My account! My data! Hey!!!
1396599609,ffe6c1b8b03c2a8d1110f8fecd9d2131b7cee27c0e306376296885617acc509d,Spirit Dust: Old Inferlupa
1498321333,ffe6c1b8b03c2a8d1110f8fecd9d2131b7cee27c0e306376296885617acc509d,Spirit Dust: Old Inferlupa
1515336884,ffe6c1b8b03c2a8d1110f8fecd9d2131b7cee27c0e306376296885617acc509d,Spirit Dust: Old Inferlupa
1826843670,ffe6c1b8b03c2a8d1110f8fecd9d2131b7cee27c0e306376296885617acc509d,Spirit Dust: Old Inferlupa
1396639424,6ffb4c7698a5e872343a61b2f41eb6046da9fccb1d4a94bddaa91fc50286b6f2,"A bright wind drifts past, freezing youthful memories in time."
1396641973,f400d82ce92d988babc2be3df36c02fcc12338ff0b3d9373be6ed97e00a538a2,Ancient Wooden Chest (Large) (No Reward)
1396669814,0c2a62a4b40bcd81682bf7d19e3f451c402f01a756baaa0eb214d8db6ab64a81,Unlocks after obtaining the Sparkling mutation.
1396687787,72ab787416e2b64922ba5365e52382bb6a463875e535b250cbc23a78fcaf4b17,Rallying Call
1604312155,72ab787416e2b64922ba5365e52382bb6a463875e535b250cbc23a78fcaf4b17,Rallying Call
1396688584,1509f561f2416598629b886ad7d3c05a7e221e4e0675c84bbff4ee6d9e03913d,Save
1748202360,a69c4dece144a46e40d430726395533d8f335a7d601d8ca292220b3a4a7faca4,Storage
1812985428,1509f561f2416598629b886ad7d3c05a7e221e4e0675c84bbff4ee6d9e03913d,Save
1837626658,1509f561f2416598629b886ad7d3c05a7e221e4e0675c84bbff4ee6d9e03913d,Save
1943777238,1509f561f2416598629b886ad7d3c05a7e221e4e0675c84bbff4ee6d9e03913d,Save
2120500294,1509f561f2416598629b886ad7d3c05a7e221e4e0675c84bbff4ee6d9e03913d,Save
1396725706,c02f1b8382b01aa2abe6e5a234f239b5a9c56aeb83d67f14c64870874f031c9a,Open Alpha chest
1396734996,a616a0bf47a3fce5ab9bb71bf848f2fc88c70c30788810acd058eead881ae7b1,"A simple wooden fence with pointed tops, clean and minimalist."
1438921475,a616a0bf47a3fce5ab9bb71bf848f2fc88c70c30788810acd058eead881ae7b1,"A simple wooden fence with pointed tops, clean and minimalist."
1552379306,a616a0bf47a3fce5ab9bb71bf848f2fc88c70c30788810acd058eead881ae7b1,"A simple wooden fence with pointed tops, clean and minimalist."
1592733869,a616a0bf47a3fce5ab9bb71bf848f2fc88c70c30788810acd058eead881ae7b1,"A simple wooden fence with pointed tops, clean and minimalist."
1396808699,e0ea04b78484098db5e86e3f2e60fdc30ad832cafa5ccfff49abdc0f876675e5,"Ah, look at the rescue center staff I photographed, what a meaningful moment. (Currently Unused)"
1396836336,4331336bd037f739a5b24c06f483e19c34428d7767fff98cb1f620eab7bd395f,Are you ready to participate in the simulation experience level?
1396842998,72e486c813576fe892c11297a2bb8db5eff3532428f6f86f62379cea379bc421,"Me? I belong to the mixture school. To be honest, I don’t see why such strict lines must be drawn between flower and nectar scents. What truly matters is creating an excellent fragrance!"
1396874956,14d68852b4297adfdf79896a268bc323f93ca88fe35a2c35f4406774872956c6,Obtain a random Holo-gizmo.
364644210,d89debb47bc58b56a32bcc7b4de34c5a7e7557ec5e94b4810fe7e5859070e187,Outpost vendor
525551173,d89debb47bc58b56a32bcc7b4de34c5a7e7557ec5e94b4810fe7e5859070e187,Outpost vendor
1396890280,d89debb47bc58b56a32bcc7b4de34c5a7e7557ec5e94b4810fe7e5859070e187,Outpost vendor
1396930349,1ac5596ff2e2a2e3c2d55497c35750adee5bf3bcbdfff22aa84c64e0cf89e5a3,"Insufficient activation attempts remaining, cannot perform Capability Awakening again"
1396947263,dbe10ece10ab1a17e8900b40e4ca57c8e38c88dded3a4e86f2de38d52511b2f8,"Choose the appropriate battle buff which will be activated in the corresponding Alpha battles and provide powerful support to your party.
You can reselect them before each battle.
The available battle buffs are updated each cycle."
1396947546,fba711ce01b011cbb72c0086bc32a57101da050830df2f9bc0abce435eb5297a,"A brilliant combo of windmill, carousel, and mill—perfect for work and some fun. Reach RV <style=Hint_BgL>level 12</style> to switch to E-mode."
1570383149,fba711ce01b011cbb72c0086bc32a57101da050830df2f9bc0abce435eb5297a,"A brilliant combo of windmill, carousel, and mill—perfect for work and some fun. Reach RV <style=Hint_BgL>level 12</style> to switch to E-mode."
1677772548,fba711ce01b011cbb72c0086bc32a57101da050830df2f9bc0abce435eb5297a,"A brilliant combo of windmill, carousel, and mill—perfect for work and some fun. Reach RV <style=Hint_BgL>level 12</style> to switch to E-mode."
1900294598,fba711ce01b011cbb72c0086bc32a57101da050830df2f9bc0abce435eb5297a,"A brilliant combo of windmill, carousel, and mill—perfect for work and some fun. Reach RV <style=Hint_BgL>level 12</style> to switch to E-mode."
1934346533,fba711ce01b011cbb72c0086bc32a57101da050830df2f9bc0abce435eb5297a,"A brilliant combo of windmill, carousel, and mill—perfect for work and some fun. Reach RV <style=Hint_BgL>level 12</style> to switch to E-mode."
2089147713,fba711ce01b011cbb72c0086bc32a57101da050830df2f9bc0abce435eb5297a,"A brilliant combo of windmill, carousel, and mill—perfect for work and some fun. Reach RV <style=Hint_BgL>level 12</style> to switch to E-mode."
1396973886,ebf2a10ed02a4c4e584d58c9442fdd3488676f9745ae0cf91f0bd8aac9e8bd6d,I suggest we keep this lucky partnership going!
1396979353,795c561c3f7a23feef78081c893b6325b22f40b8e20f128abd1ae14b59365ce2,Pathfinder Name
1580927020,795c561c3f7a23feef78081c893b6325b22f40b8e20f128abd1ae14b59365ce2,Pathfinder Name
1658422883,795c561c3f7a23feef78081c893b6325b22f40b8e20f128abd1ae14b59365ce2,Pathfinder Name
1674931951,795c561c3f7a23feef78081c893b6325b22f40b8e20f128abd1ae14b59365ce2,Pathfinder Name
1723468242,795c561c3f7a23feef78081c893b6325b22f40b8e20f128abd1ae14b59365ce2,Pathfinder Name
1957332634,795c561c3f7a23feef78081c893b6325b22f40b8e20f128abd1ae14b59365ce2,Pathfinder Name
1981988961,795c561c3f7a23feef78081c893b6325b22f40b8e20f128abd1ae14b59365ce2,Pathfinder Name
2121303861,795c561c3f7a23feef78081c893b6325b22f40b8e20f128abd1ae14b59365ce2,Pathfinder Name
1396992498,2ded4a3ee653ffdd82681e9f39144e169a1a217bea7f7c22a2795f48e3dc6864,Log In
1397027733,01bf30d3b9163e4842031aa48bade587534b900d9ed868f5fe70589c2f7a9d8d,"Through endless cycles of the moon,
beyond the death of distant stars...
Still the Echoback’s spirit stays untouched by solitude.
For beyond canvas’s edge, age-old songs still resound.
That gleaming hope within the notes, an echo of endless vigil."
1397036459,a1d8521ddef682d0435d4d37c4ffb96162f2f90b9d01a26965ad90d19b23abfa,"A bundle of golden wheat sways in the warm light, bringing the joy of the autumn harvest into the glow of home."
1590207650,a1d8521ddef682d0435d4d37c4ffb96162f2f90b9d01a26965ad90d19b23abfa,"A bundle of golden wheat sways in the warm light, bringing the joy of the autumn harvest into the glow of home."
1397099970,47fcbe5d218eb1da0d4abe0ac4cd2f15c12571b646f8d78d751f6aca93408a51,Don’t you like that I finally have the time to talk with you?
1397104707,36612de3921a9db2edaecbd9f5a5e3d50e4ce4789e2412a300c0daad74f740a2,Companion Handbook Free Level 76
1872699128,36612de3921a9db2edaecbd9f5a5e3d50e4ce4789e2412a300c0daad74f740a2,Companion Handbook Free Level 76
1397125199,4a3124ad7882f94cec5cd8b47d0b80e7c04d17181ef20726ec11ac4e722f9f57,Tip: Try progressing the quest “The Fighter” first. Tap here for a quick view.
1397126220,3bed145c5ea1a1f87d2474c4776d77e3997def5d4e1d83068c3e3afd3a0aa0b6,So... can I come along? Lunara should still be there...
1397143441,edeaf4c4f2d8f9fb8b0ebd6fca3c54bf39c7a8ebc3f924606b608a644c6e501c,"Just wait and see, with careful cultivation, Ross will surely produce Kim Wool."
1397153600,2859329b1e2e88f08aa98d13314c13c8a54b3f2168598a01281addc29c8f9150,Party disbanded.
1397168249,b72600842be5498ea701c9005cd61dea65df7c2fbc37a8f66d602146a0e06b1b,"...That’s just because they don’t recognize its value.
My invention is genius, and it’s common for geniuses not to be understood. I totally get it."
1397209035,6baf70169cf50ce2b762d4bf1588ddb385215e084a3e8c22cf22508a3921d2c6,Print details for the specified transaction
1397212571,117ca8fec16b8e2aa848dca8ca274910396b6c84c0f20b784f2440cac0520db2,Enable Collision
1397226828,a56a266cc6faa4c4430b9fe0d8142bfafaba71d5bc15a744be44443e0dda7037,"Deals <customRichText(calcData,buff, 9144101,param0,1,%d)>% increased damage to debuffed targets."
1397230901,a7922056c40eb343ecdc5caf2b37387440f8c71c7dab0d232f52d1d931331330,Purple Astilbe
2040634563,a7922056c40eb343ecdc5caf2b37387440f8c71c7dab0d232f52d1d931331330,Purple Astilbe
1397240335,cc2b860b63770567c41a8ad2976f8a3ea79894fcf4fa2c769af9ba950d20abb9,Unlock the Legendary Flower Dance badge
1397245432,a953f09a1b6b6725b81956e9ad0b1eb49e3ad40004c04307ef8af6246a054116,02
1727449838,a953f09a1b6b6725b81956e9ad0b1eb49e3ad40004c04307ef8af6246a054116,02
1397253343,a095208dfb23d31ebc5b7888482db7bbb918137c2b40985a8bed6e71ba62620d,"Hey, keep it down! They’ll hear you!"
1397257953,927dcd5a3891947e712ac0b7cfd8c05921316e5959d677524742cd2deb2baf71,"And Little Grumpbears like to eat the square pieces they make, and immediately fall asleep after eating."
1397263167,77fd8bb1024d6727d3edad74d0b98b152a42aba584d95c7076351fb959cb5188,Whimper
1909997911,77fd8bb1024d6727d3edad74d0b98b152a42aba584d95c7076351fb959cb5188,Whimper
2047569361,77fd8bb1024d6727d3edad74d0b98b152a42aba584d95c7076351fb959cb5188,Whimper
1397271031,8b70b4af6a5f0319beaa90a5e0483a682bda5b7f00ca84db34edd23671e6fdf7,"A soft wooden bed with star-draped pillows, Aniimo’s favorite cozy nest for peaceful sleep."
1544128190,8b70b4af6a5f0319beaa90a5e0483a682bda5b7f00ca84db34edd23671e6fdf7,"A soft wooden bed with star-draped pillows, Aniimo’s favorite cozy nest for peaceful sleep."
1397281848,1a5a699dbe65d6172e238ac8a67fc07d3f35135afa3fd52e87fc7c4716135930,Report Catch Results
1703051159,1a5a699dbe65d6172e238ac8a67fc07d3f35135afa3fd52e87fc7c4716135930,Report Catch Results
1735564554,1a5a699dbe65d6172e238ac8a67fc07d3f35135afa3fd52e87fc7c4716135930,Report Catch Results
1397286996,a213ec3f0896166926c15b14d7b197673a038ada5583a420a15932d68cb4339a,Greatly increases Aniipod’s targeting range.
1397304168,efc4b65a72f91075924865504c1c7229056c21d0605d641547f48826a2909e4c,Chance to obtain a common chip that can be installed on an amplifier to improve exploration capabilities.
1397308108,5e674025abdd8e4453fac43d5e203197724b0a928e643987b300008678cdab5b,Message on cooldown
1397349215,e6f3198756f87deaa3123cfeedcd9b8d492af56714c4e1331519d604abb541df,press to enter <style=Hint_BgL>Character</style>
1397379626,d20a0ea4a2a1cbed40b52ecb0040ed79f9b49dd3df3ad1ab09612764385cd143,Every mask fragment leaves behind a Morphling mindspace at its original location! Like right here!
1397384969,600a55436eab1386afad8e3ee2cc840a789f5c32f984fb88666982099faf28be,Emberpups call the Sanctum a place of challenge and guardianship. They believe its trials will make them stronger and consider guarding it one of their most important duties.
1397386871,f4fe3a42351c4fecb822895ed28d5e1c1eba3b7ab7b99ed7667e83e591d56c20,Complete a PC/console login
1397389601,bf0043ca24348c1c4c1a85e7fc826005c7d0aee76cc9ee6df452ecfae8e424ab,Lush Green Grass Ball
1397412217,37a1338d5e41d14496a2d09c5fa2d08755e00ed7a93991f312a2ccc7175620ec,"Well then, enough idle talk, let's begin."
1397419122,687ab46a9475c58d396e9ec06f7b50ebe1386d9b6525ff56ed5fb9edffa5f1b4,Iced Special Cold Drink
1397447389,30aff65c577c0cea2937b2425b0e319ea5c18a3de12f3789581ab87cfc2ff314,"The moment you remove the vine core, a memory flashes before your eyes..."
1397452076,875188226ab638a85bcf71485a93fda36da24a6c8206e448f7256aa014592024,Season Set 3 Placeholder
1397504348,1d9ef1279533a601b0cc4c4641880e611c0b2b9c893e6ba806ac18ddcb8690c0,"Let me help you, at least until your teeth grow back."
1397513622,296a443294982cc4c8e7e1378df449784ca985475cb268c00417a75926aa1860,Follow the butterflies and head to your appointment at your own pace.
1595404739,296a443294982cc4c8e7e1378df449784ca985475cb268c00417a75926aa1860,Follow the butterflies and head to your appointment at your own pace.
1397517016,45bd17bef7cc3b70a0a9c14cd9179231fd98a3a5b7ccbc0d72586eec218fd9da,Nimbi Attack
1867133935,45bd17bef7cc3b70a0a9c14cd9179231fd98a3a5b7ccbc0d72586eec218fd9da,Nimbi Attack
1397522138,4caa34f40f9b974e1c5a13ae25d71b066dd3d81cf591ab00a42fca3f78f084d3,Rattan Nest Sofa
1504387601,4caa34f40f9b974e1c5a13ae25d71b066dd3d81cf591ab00a42fca3f78f084d3,Rattan Nest Sofa
2092308499,4caa34f40f9b974e1c5a13ae25d71b066dd3d81cf591ab00a42fca3f78f084d3,Rattan Nest Sofa
1397550902,4f5ded27df00fb8c58abb6629d9faf0e618b8b88058a6f93c39dbb7a543096e4,"Look, look! Isn’t that Dr. Lewis?"
1397574837,2d6c70a1351848edeef71ac58b4026ed9268613b1194a26ca9dd888f88dcf381,Zephyr Coast Research Content Value
1397589288,c53a165563ed6d4fe9ba06233d510f0edc7d6c598263c25fefe2ce6f0927f0b0,Rock Shield
1397625884,8355b28192f0a7c706ebb7aab6e0ecea15c93a0555b67c7a3319d92d6f262214,B - Catch Aniimo
1397627084,7824a4416a8ba3dd8d17c2a0c5c682b8f6098d8b0c8d5ef7192415987c3599c0,"The Sword of Pawney is a symbol of courage needed for the naturally timid Helmut to grow into Pawney, containing the power of the previous generation of Pawney, and is also the Key to unlocking the Wealth left behind by Pawney."
1397639601,6acecd5ec3f04de202cd5dd2be62fe3310c7469a8a6318a7f5f89fdd6080cf94,Haha! Nope! Not there!
1397643444,72887ba13eb257c812e48080fd9543a0e33b8bcfeb7f38dc5bf8e038bb96eba0,"Enters a defensive stance, reducing damage taken by <style=Hint_BgL><customRichText(calcData,buff,213230202,param0,1,%d)>%</style>. While in this state, it counters when attacked. If attacked just as the skill is used, its Crit Rate increases by <style=Hint_BgL><customRichText(calcData,buff,213230201,param0,1,%d)>%</style> for <style=Hint_BgL><customRichText(buffConfigData,213230201,duration)></style>s."
1824772562,72887ba13eb257c812e48080fd9543a0e33b8bcfeb7f38dc5bf8e038bb96eba0,"Enters a defensive stance, reducing damage taken by <style=Hint_BgL><customRichText(calcData,buff,213230202,param0,1,%d)>%</style>. While in this state, it counters when attacked. If attacked just as the skill is used, its Crit Rate increases by <style=Hint_BgL><customRichText(calcData,buff,213230201,param0,1,%d)>%</style> for <style=Hint_BgL><customRichText(buffConfigData,213230201,duration)></style>s."
1397645755,853f094c1751a91ac407386ad6333618ea9e4f1deca42bc782205e94ba4d784e,Financial expert
1446754900,853f094c1751a91ac407386ad6333618ea9e4f1deca42bc782205e94ba4d784e,Financial expert
2035005506,853f094c1751a91ac407386ad6333618ea9e4f1deca42bc782205e94ba4d784e,Financial expert
1397650784,6962c0795b1f54aa42a41d51b77016d55544a1ad92cd32b1ed71790b63139ad0,Encounter all different forms of Flutternyms
1397691188,c0c488dd352edc1504bca77845222e5045c1b9870bffd866a1f98db67ff2ad6e,Prismana energy in this region has grown stronger.
1825173222,c0c488dd352edc1504bca77845222e5045c1b9870bffd866a1f98db67ff2ad6e,Prismana energy in this region has grown stronger.
1397695526,53b38478773e6d3273d6bb62d789617c3997eff303b4716c7e2d17a06c28dd76,Go back to training
1397712572,669d7c3cb728893ca0fae4bb279a5fead491a5c14591f4e92a36bb85358050b9,GoGoHomes headquarters has its own event to run. Sigh... another plan to write.
1397718287,b3363268d9fcdfed931edef8b652f5a6f88cb561390a161a1db79ba570e44236,Branch unlocks the Wanderer’s Might node
1397719030,444ef7eaa4a14bd503241e54e36da16cfcddea9175c02ffd77ad108afd6007bd,Quads
1453765915,444ef7eaa4a14bd503241e54e36da16cfcddea9175c02ffd77ad108afd6007bd,Quads
1397719330,429eb72694ea5a0c0d6d562fea9b10878373989816bb48b3387371779bff5df2,Press <style=Hint_BgL>Twine button</style> to twine with the Shelly and move to the green objective ahead.
1397758932,5363554721db28f38c96099d691169ef58c77452c0f918a5a2bdaf7e2e3ef382,"And I am AI Assistant BINI #9!
Brand new Level Up version."
1397781806,da5118485de7fb168939af7e2b6a1c802790b495e8adc57b0f5daba1389e7513,The Mysterious Box
1397789113,63603655df8134e669f2ab5131c7b939cf8140aaf9a75f11b202c7a1b0ed73d5,Paid Companion Handbook Level 53
1473862576,63603655df8134e669f2ab5131c7b939cf8140aaf9a75f11b202c7a1b0ed73d5,Paid Companion Handbook Level 53
1397790500,bb3a03c7f5bee82e2ba2a4ce750ba709fd4e141a778d0f7b023825afaf88e120,Semi-finished Helmut Dewdrop Crystal
1397800593,bc4215bdc6142472e8938c947c639f3f5ac6241f54afe40e2127381e5338b638,Oh? You actually brought a Bouldus here!
1397842316,69559e50cd14e37a2e737e6e824929fb83c0125d15a0eacbd6a605ee7d030949,What are the benefits of obtaining a <style=Hint_BgD>Area Collection Badge</style> by catching Aniimo?
1990738731,69559e50cd14e37a2e737e6e824929fb83c0125d15a0eacbd6a605ee7d030949,What are the benefits of obtaining a <style=Hint_BgD>Area Collection Badge</style> by catching Aniimo?
1397842393,d4b47da28307dc4bbe192fd8b144dc58c7b9debb1c1379ba1787e5638506230d,"Beep-beep-beep!
Unidentified data detected. Beep-beep-beep..."
1397855024,98fb661c5e02d735e95181d1fb53b18c34ab21c4c1cae479a6481339b4cb15c8,Last reached
1397859493,b760dfb7f87472b275dafac79b021a103bfb8a6c65bbcbdacb7e0d71c8827669,"Increases Water damage by<style=Hint_BgL><customRichText(calcData,buff, 91173101,param0,1,%d)></style> for all opposite-sex Aniimo in the party."
1459045543,b760dfb7f87472b275dafac79b021a103bfb8a6c65bbcbdacb7e0d71c8827669,"Increases Water damage by<style=Hint_BgL><customRichText(calcData,buff, 91173101,param0,1,%d)></style> for all opposite-sex Aniimo in the party."
1397862404,fdbbc1731d656e6aad6bcaeeb8e3db3893c0fa7b4f7d31ceb4959d0d6454b814,"Thanks to your help, the Branch has reached a new level. Please accept this gift from nature as a token of gratitude."
1397906273,2a91f07f1798243fdedbddb317ea6d258d18fa5c6de6f602eed3ef04b30d9a1d,Helmut’s unique vision lets it see through certain obstacles and discover hidden treasures.
1397924677,df5f46dfaedfa8be42b0dd08e1e9a620999d376d9c8c3547407dc73402b25511,"Oops, I accidentally told the truth..."
1397926300,8cc379e6c2f62eed8d4479e8b21434b666e85e715b73284afe45b0544ff5516f,Advanced Heal Chip
1634999458,8cc379e6c2f62eed8d4479e8b21434b666e85e715b73284afe45b0544ff5516f,Advanced Heal Chip
2084804853,8cc379e6c2f62eed8d4479e8b21434b666e85e715b73284afe45b0544ff5516f,Advanced Heal Chip
1397958851,78f715a6f5f2ac3eacf4f76cf9d8565f5cab1af755660290553bfa8acf8eb769,There are shiny Whelpies hiding underground!
1397990853,1ef0e088bb744af5f856285322ea66e7ef39c17fbebeca44e259c2e7ba1808a9,"The map shows your current location. Different locations are <style=Hint_BgL>shown with different icons</style>, and you can also place <style=Hint_BgL>custom markers</style> on the map.
The options below let you <style=Hint_BgL>choose</style> which marker types to show or hide."
1397991759,ccd9cf292550d6784d7a49dcebc3563399ea55950ac2585acef0e4050aa9cf27,"There are a few other tricks too!
For example, Aniimo are least alert when they’re asleep or facing away from you."
1397999151,b43c306088ed751dc0655de140a6c09a5102aa8cf74bff181863d68bee9d1dcd,"A hanging petunia whose white blossoms tumble downward in a floral waterfall, blooming beautifully with little care."
1843987887,b43c306088ed751dc0655de140a6c09a5102aa8cf74bff181863d68bee9d1dcd,"A hanging petunia whose white blossoms tumble downward in a floral waterfall, blooming beautifully with little care."
1398019289,e2ee811fbde06eb1a53619f56beca5957040f41ccfa6f0d6a4d8c71551d2cd4f,Part One
1398071730,91ac4e9888b4239a2f039f96593ee834ae60346da492d093b2858fbeeb9898b9,That kind of hellish training is still too early for you...
1398090025,b2a4076fcff6bdf503e4dd4d67efe1b114171dcbb8f816fe2c85eb30c14d9bb8,Placeholder description text text text text text text text text text text text text text text text text text text text text text text text text text text text text text text text text text text text text text text
1398128183,b1f96cd6196779c9a7bfed12f94b0fa53992a45d32f1811b2d7b6b956c645af2,Price has reached the maximum
1398128639,e404e00882a7c94d59efc2c95faccbdcfedbec08d45090a8eed7bcfb01c77053,"We fought ninety-nine times. I lost all ninety-nine.
I went with him to the outside world... to get stronger and then return for the hundredth fight."
1398290937,a436a02753a142a0c70c846dc3cfbf8b4d556811c01781e2d5eb7042a8ec6544,Vein Resonance
1637724424,a436a02753a142a0c70c846dc3cfbf8b4d556811c01781e2d5eb7042a8ec6544,Vein Resonance
2108065227,a436a02753a142a0c70c846dc3cfbf8b4d556811c01781e2d5eb7042a8ec6544,Vein Resonance
1398355746,a7a956e298698a2e8877c9ed81c67c10c2d6fdafbc39956720b7ef0d48e08a86,Mysterious Presence
1872521270,a7a956e298698a2e8877c9ed81c67c10c2d6fdafbc39956720b7ef0d48e08a86,Mysterious Presence
1398369693,ea732adfc90ae462ba1deccb58f662d26c3dcbc51bf1736d24e18c6825d6a0af,"With the holo simulation pod and sync-sensing device, train with your Aniimo in a safe, realistic combat space."
1620980894,ea732adfc90ae462ba1deccb58f662d26c3dcbc51bf1736d24e18c6825d6a0af,"With the holo simulation pod and sync-sensing device, train with your Aniimo in a safe, realistic combat space."
1797112897,ea732adfc90ae462ba1deccb58f662d26c3dcbc51bf1736d24e18c6825d6a0af,"With the holo simulation pod and sync-sensing device, train with your Aniimo in a safe, realistic combat space."
2009992429,ea732adfc90ae462ba1deccb58f662d26c3dcbc51bf1736d24e18c6825d6a0af,"With the holo simulation pod and sync-sensing device, train with your Aniimo in a safe, realistic combat space."
1398405211,24776f240000763f8fa3d0a08eb61cba77db62e6805eff9ad69961be66ae9ffa,Hold and drag to adjust the blend
1398425046,0a5b4837c407215f0fbedb830779a044212c1062e16639f64b297092b7720b8b,{0} Crafting
1398428760,90c1689b0b74f032be5f870df39094e6f77e0441963a2576a5d203fe664b5590,Renew
1398461260,328c6346e6e43cf82afaf6d20d617e4b31ddc32cf89df366722d1890025b043e,Take a photo of Fulmintis discharging electricity into the sky
1398469907,e76e3a283e017e2f076049c878f32ec5d950b9be068eb2816853bedb59e32cb9,"And in her dream, this Iris wished to give her color to this human, to make her happy."
1398510803,bbd62015a1c6b805ba74261d7b1f97ee086e3213d03f0ea0653fb7dd61b6717d,Stop TopLogo sampling and save to disk
1398526702,8b6d40ba68acbe1f855685a7e938cde929e7fc088fdb0f7b7dd0cfbd08825012,%s ahead
1398562924,3eb6f5298188c523ac41b5a00672ff567c10b0ffde64230b1d5a7392e353d149,Photograph Iris dancing in Rainbow Woods
1398591647,aebec31c5aae79987525cfb580c800aeee4b039b7f045193a3a95f081ce8c2af,Whine~ Woof... (groaning in pain)
1398597813,900299818fe45a27db148e758c0c23b87f3a3eda729b9d176349060f3498531d,Maybe if you looked at the world from another perspective...
1398629168,f8f7ee49e560a3ffd5c3327029bef86aaf8d85bcae29dbf1dc4d90a8c8a54959,Use #kPlayer/Jump#z near a wall to climb.
1398674374,4f1932a2799500be9ed7089bf3d08da95183b94e68e35093ac9dde41b4a0cde8,Lightning Blade Storm
1750111009,4f1932a2799500be9ed7089bf3d08da95183b94e68e35093ac9dde41b4a0cde8,Lightning Blade Storm
1398684143,a9d57a2cbe002fa12f7aa64bb7dc6a811dba12904d60358ca4df346ba7b67f6c,"Just as expected, every Aniimo except the Flutternym is asleep."
1398709907,9c1de6c6765be1479c960cc75b7d9e1d932918b33dfbcc415fd5beba60897fc0,Huh? B-But that doesn’t seem right. Your research team was the one that dug it up...
1398779647,8620554bfc67d4583c898698d45416326287d815b2ab7fa7da3044f9c9f89f44,You left the voice channel
1398798276,3cb22bf439ed561bdd8b6f1ab56573573758c9cce05d6701e846b273b239aff5,{0} insufficient!
1398830211,3aa589d4e4b89e4285c1e12b60d8be9603159293bc7a096d3a3b110689a0d8f0,Stars and the Knight
1713385556,3aa589d4e4b89e4285c1e12b60d8be9603159293bc7a096d3a3b110689a0d8f0,Stars and the Knight
1398848814,ba1d0c3951110b497625a89c4c7f569ad2a767ca5d402e68f04b54b707f91ae0,PvP-Only Egg Nest
1398859786,2e3cc961ad2e24a99ce8f7eddce2d67b925669d66928c447f9443e1c851932c2,"Glynsera, you made it through last time. You will this time, too."
1398862872,68b2b4f55b9393aa74b083c9f388e5033e17f4178d74690ba760cd104b71c077,Remove Friend
1398872511,5a9e57cf656ebc2369ddface66716adb901fb7fa18ffef3d9ebb0e4b668ea9d4,"There must be some other solution, right?"
1398873628,e44d3573b294244673f4cc0ba775c4eefd41c345a12667b9f6eeed176a06ce57,A country-style dining chair whose gentle curves bring comfort into everyday life.
1848885643,e44d3573b294244673f4cc0ba775c4eefd41c345a12667b9f6eeed176a06ce57,A country-style dining chair whose gentle curves bring comfort into everyday life.
1398874646,24b3dd5ad481c48e1e5653444fe39ceead988f526485c387d423ac74e571ba73,Perfect weather to sleep the day away!
1888435676,24b3dd5ad481c48e1e5653444fe39ceead988f526485c387d423ac74e571ba73,Perfect weather to sleep the day away!
1398888828,0d590221a5a2d521ee8c0740b6895950ab9b30ce218065491c7615ca8a1dd347,Off 1/On 0
1398913993,ef13a19969e51b0700e9235545869e88a9fb7cc03352fab27a6bb3132ece132c,"During the Event, the number of double rewards is limited. The remaining available times and the maximum limit are shown in the Holo-Battle Sim Event interface."
1398940321,f7b84a3a846ff74b1eee32a9d9ab4f1ddf94191726f3f1079dc1c0bdfb7f45c8,Practice hard! Then join the sparring tournament!
1398950639,e9710045db85f952df645b48504aa8e0785ce4cbbbeead0ed0a1787cefeec10f,"There are magical <style=Hint_BgD>glimmer trees</style> growing in the woods that can disperse the fog and light up the path ahead. Black truffles are usually found near those trees. But be careful, if you simply follow the glimmer trees without thinking, they will lead you straight to the Tucking."
1398967331,7f8614a94593370f6466878d4e02ef0388fcff3895af766d04c46e219d207e5e,"Using the research notes, you finally manage to communicate with a Bulbly through electrical current and learn that it is tired of the Alpha repeating the same old stories. It also tells you a legend about a huge smoke-spewing fish out at sea and a new tale in the making. It takes you for one of its kind and hopes you might bring some fresh stories of your own."
1398981120,37285f193c821748ab596348c01433e7089e432eec12a7a43880b0a00ac2c556,By Your Side
1398996665,72c532970111694c00a4a1615f132f5915aff220953c704722a214bfb9566e11,*&^*Helmut! ***#@*Helmut?
1669554465,72c532970111694c00a4a1615f132f5915aff220953c704722a214bfb9566e11,*&^*Helmut! ***#@*Helmut?
1771136567,72c532970111694c00a4a1615f132f5915aff220953c704722a214bfb9566e11,*&^*Helmut! ***#@*Helmut?
1399002055,16e93822d7c5a76bec98c5211807f6b43951c42ab4acde8cc50820164bcb0678,I see! Then both the sun Thornblade and moon Thornblade must be very powerful! But are they even more powerful than the First Lethal Thorn?
1399069040,ff28151d043e24656466bd03ca4a930e0bfa88e58f248a2719ffcee99be88a1a,"Instructor Lita contacts you to praise your recent accomplishments. Curious to see how much you have grown since you last met, she asks you to visit her at the Institute’s Battle Art Department when you have time so she can assess your progress in person."
1399074445,f5e50c769514037a7aec58b6a0bed4ab622623d5cd07335a901f01eb8c3f150a,Exclusive resonance material for the Malangel family.
1399102495,f21605561dd8b185f49c77290ea5ce24f8c0fb5f3030a4eaec4f9018f929db48,A basic crafting table for simple crafting tasks.
1399151332,43a11f41adf65854de4403901601f125247b258908c94e23b3206d6d876a7cd0,"Hatches 1 of the following <style=Q_4>Aniimo</style>: <style=Q_5>Blazen</style>, <style=Q_5>Shrubclaw</style>, or <style=Q_5>Pomawk</style>."
1399209623,6cc8117d7fec74b41b33be8e37da880c5b621bbc2915081c0528424fc989abc3,"Or, maybe the sun and moon Thornblade don’t really exist outside the Maze of Thorns? Maybe the world is just full of scary grumpy monsters and we shouldn’t go out at all?"
1399210469,7803cd63d7badb371bff57e91b28da879123cb4add6c36ba1c4ce271791e4fd7,Tap the <style=Hint_BgL>jump button</style> on the Bouncy Pads to jump and bounce to a higher platform. Head to the next target point.
1399215320,e208c0c811ac39432020c927d43cb0f7437a30cf74e50c0854ae3f5983d538ab,"Light shimmers through heart-shaped bubbles, stringing hidden affection into a gentle charm of protection."
1399215964,f11d347356bc5c20aa401389b7afab11d19683c130044691a5d9540884dd2139,Chat text chat text chat text
1399224703,2ae1942f0938429b7fcf5f17e102cda7d57b64ca18db8f77fcdddb8463977ef3,I want to go home...
1399224833,6677a6629fcf9bb9eba4598bd94d1024fbbbd7ed8c59b523299c563a255bc997,"Yes, I’m too embarrassed to stay here..."
1399265498,550034eecb2c4be455120eb64fba748fd1ae9619c1aba37e98570ee6208b46e2,You two should fight
1399272596,1f82f90ec86d4bde66c1e12d453ee05f2dcb78eea084e723d78c1bfcb0ebab47,...Thanks for caring...
1399288180,0dab0d99469d572e7f081e4812122bb1f596a13ce4f2895cc83334c9361cc5c1,Why won’t you bloom?
1399339835,b65440dceed4cb4498574b0eee217f072271b834277932bf229b0ec55c96eb44,Add Entry
1399388223,dcd8773ea3b39be66bc5596662924563841af5dc5ac2620365570bc624940a7f,The friend group chat is full—you can’t invite anyone right now.
1399499174,0f521b43f7f68766ff20cab01830e020d2947488a71b3dc4af9510feae638a53,Breezy Sentinel
1552499495,0f521b43f7f68766ff20cab01830e020d2947488a71b3dc4af9510feae638a53,Breezy Sentinel
1888220400,0f521b43f7f68766ff20cab01830e020d2947488a71b3dc4af9510feae638a53,Breezy Sentinel
1399526112,c2586e476e439678db114181902987e98517d36855271cfe7885b529023dcc9d,No Egg set
1399540493,96f32c1477f8218c5f0ba20da37397da5144e5043a67f171aecfcc1d7e69714e,Ruined?
1399542166,7cc24f2a329ef786e17097b75352a54e3d6bba6085cb8f2f1e5f87d660e5b9aa,Select.
1399602191,214ac55ed0af289933c87de3024628b30b3ab7a220ac12a510ef61f5d285ed13,"When Aniimo are exposed to the Prismana Flow, they may gain special forms—even unique powers.
Just like my Icho."
1399614510,ea2053d48652d11c5abcfe3e9a725b3b127b323aa54ff36e71dd054ef850b014,Filter Wizard
1399664942,4f35f88c9b9151a115fdae5d4d2fb3126777a7692820b1d1872b883fe7464bc8,This Aniimo is already at the RV Park.
1399665560,1a631a29609fa9676977d863c5fee61244e6fee2c01d8fe7934adc2e396cdbbf,<style=Hint_BgL>Bridge Totem</style>: Links two broken objects together to <style=Hint_BgL>form a bridge</style>.
1399683951,ae735d5ebdc022a2ac9341f25050bca37f90fce14afe00c091ef28f51c50462d,Irelia’s colors are being drained—stop the mysterious mechanisms!
2012449643,ae735d5ebdc022a2ac9341f25050bca37f90fce14afe00c091ef28f51c50462d,Irelia’s colors are being drained—stop the mysterious mechanisms!
1399701550,35e6656766d0d0bf41404fc43031de4653a3042fc1c95cd9602fce7143b8b5b9,"Very mature and composed.
Every step you’ve taken has been steady and sure. You can be proud of yourself, future Legendary Pathfinder."
1399712579,347b0b0c6b5da249eadbd0f49f5e24e05c8c01a222d8853234705bd334d9a214,Voice audition: 10s
1399727812,7be0ef9be89a361237057b2a724737eabc67708b505ae22d1c8b2c6e809ed9e9,Level 2 RV Welcome Pack
1399765512,cc55923da4977c6c6500ff37174d1ab86aa0b40f6e7767426e210db2602f5909,"Hey, you! You look pretty good. Wanna fight?"
1399787519,9e1ef8566a460fbe6db1ebf940e078fac6967e32fae6fa8882607e9390776ae3,Skippy’s Leaf
1399823440,92e6c3fff835fd161766bc7c18d44715c50022d68467465f9e8f39321e3e93b3,You have been muted by the system. The mute will be lifted in {0}.
1399824867,7f458d617f07694b18b354b55c159ad3cdb7b3a149555cec924842a7b91fc4b2,Uh!
1619359011,7f458d617f07694b18b354b55c159ad3cdb7b3a149555cec924842a7b91fc4b2,Uh!
1801230274,7f458d617f07694b18b354b55c159ad3cdb7b3a149555cec924842a7b91fc4b2,Uh!
1399860480,6d76cdc9554e79550da8c46750e37cda9d8aade37e8cc9b70b438172b3b2c127,I heard it too. Was that huge creature talking to us? Is this one of its feathers?
1399880756,6552c031914aadfb304922601acd9c653eb4a89a62a7ef6604cb621573281ef7,No available servers found. Try again later.
1399906741,111cbbfac300c8b47ad6f78e35be91d18c8541199870293b3d2026be1d4e8e50,"Flowers dance in ethereal colors, setting the world ablaze with a kaleidoscope of wonders."
1399930021,1296268cf63c57dd94b21517fc759fd68a872e649e3578d2deaea0d65b5cd3ef,"Welcome to Polaris Club, the Pathfinder's little adventure hub! Latest news, Anii-lytics, surprise rewards—your Idyll Continent adventure assistant is ready to go!"
1399937483,8a54f525fbfe118e9dbd5ccb9718b7e9a64583811932eefe046c7d77a8649e5f,Don’t be scared...
1636931822,8a54f525fbfe118e9dbd5ccb9718b7e9a64583811932eefe046c7d77a8649e5f,Don’t be scared...
1399945342,c2120ac0ae22ca0984b169ffa2cfacc701c9b3fc36cfcaef94decd73f8e0cf32,Moyi? (It seems very curious)
1399947727,5697d03daef4de9cf8db7cb11755f71358a32b4acca94909a9d449f71040d2dd,Features
1400000652,8e399c9323d3fe22a710adc74791435afcd892bf89085a34391e63077b106317,Thank you! Our hero! Ho-hoo!
1891923258,8e399c9323d3fe22a710adc74791435afcd892bf89085a34391e63077b106317,Thank you! Our hero! Ho-hoo!
1400038342,48335df7b48848c1c30f533309e19d59c2118669ad0ce3e5bb52917d57ac26f8,A popular prop for the Sugarfish imitation contest.
1709733812,48335df7b48848c1c30f533309e19d59c2118669ad0ce3e5bb52917d57ac26f8,A popular prop for the Sugarfish imitation contest.
1988297576,48335df7b48848c1c30f533309e19d59c2118669ad0ce3e5bb52917d57ac26f8,A popular prop for the Sugarfish imitation contest.
1400068636,1d19c5da58fea321620e96b6b2158673bb76535b92809e562d092ed01a8daad2,Forest Dawn - Pointy-Ear Night-Light
1461044555,1d19c5da58fea321620e96b6b2158673bb76535b92809e562d092ed01a8daad2,Forest Dawn - Pointy-Ear Night-Light
1400120242,8e5138c262093f1c25dcacaebe3ab54bc394132bf17b89ef6f43429a859e8d2e,Several Leafy have made orders for lotus-shaped headdresses. We’re almost out of materials!
1400127632,768302fd1b4238166118e3617d05298c9431aea8798dcb8a2280e4e94cb8011f,Rainwashed Celadon - Round Mirror
2110235131,768302fd1b4238166118e3617d05298c9431aea8798dcb8a2280e4e94cb8011f,Rainwashed Celadon - Round Mirror
1400135285,8c2502bc07b967ca1f3e8658f0cb4dc95fd2a1a2aebe9aed8f1b81d852edabf8,Unlocks with Lv. 3 Resource Detector.
1400161010,5973a93811f6b56cf3e8c2dbb42c66ac2bd0089e93303b80a3ed093c2b1bdf25,Booster Items
1400169309,fbb63c1265c0066cd59f517a642bacd87f052b050a191c9eecfb37761e86e4a4,Chapter 7
1400176553,fbf3bf3b1dac578be240d7347382cd8c8923b2cdc79a0dea0ff9fad1d979c8dc,Dismantle Items
1400202182,eba9d6369dc246474d36ce3900e68a5b8b0b75308e9577f4ba27c89cff5c43da,What are you doing?! A Fenrier doesn’t need soothing!
1400219105,d565ce957286ac6f68a34e6f5c2ec762509c3d4164135691a2a0077d2edce6d0,Increases damage dealt by 10% when using the same skill as the previous one. Stacks up to 5 times.
1400228374,f8921dc87ffdd21423174718872cd9b45754fe8029580066f5a3295d4d5e1a08,"Autumn winds scatter the leaves, painting the earth crimson."
1884081610,f8921dc87ffdd21423174718872cd9b45754fe8029580066f5a3295d4d5e1a08,"Autumn winds scatter the leaves, painting the earth crimson."
1400238560,f6e5dec74cc130df1943191582a0500dc53f33caccee8e29749121cd48c65945,Press #kHud/ExploreSkill#z to Hustle and catch up!
1400266781,681a0fc57ec59d39f14707ff597163850cd2d5b698aa7771d32c4f44e2e5be77,...That’s not right either. Dr. Lewis said #playerGender# is a very promising new student. I can’t make it too simple...
1400281138,4beae314db314338b61bf7404ffe75f9861c60a0b8b6fdbf48138633a6ea64d1,Shield Breaker
1591244129,4beae314db314338b61bf7404ffe75f9861c60a0b8b6fdbf48138633a6ea64d1,Shield Breaker
1400303047,76343a307d62cd67917819594575e67c86db3fe2d7e2d3719b54bff789bee403,Erlath’s <style=Hint_BgL>bubble domain</style> and the <style=Hint_BgL>puddles</style> created by Piopiota let Sherro’s enhanced skills deal higher damage.
1400310761,dc4ff24e1ee284fae7e0c4d726585b7c186ed1af3dbc38cacfa8819ebb58b17d,"Ah, asking me? I don't know any of these places."
1400322147,e15ed05d104500fd1462ef4bc0f7cda32e707b0273bb8d299f577cd04c63764e,All Elite Training Completed
1400325802,3ccc91ea5b9bec45d30689e0aab33172bebde16f38d674e835b676e4b1625071,"<sprite name=""ui_item_2_small"">600"
1400344765,f52163d1c151d0e1e0ca5b2ad15d2cdcf4dcccc1c1d3358d4caed1454b902e17,Defeat {0}/1 Aniimo while Dazmand is deployed.
1400378517,4364effb797ecc67dd0ec4d91de192ded664efa8a725d1d054c706a988f34059,Total top-up amount
1400396568,8858ea1c82e41fd5a7684f543055b304e9f771b6fbcf137f6bfb751bf01c0afa,Unlock plot 25
1400525811,60686a7bfb4671e93dd3f7df9dd2e7dc64274456594cf753bf6e73dac0e18a66,Press [<style=Hint_BgL>Twine button</style>] to twine with Aniimo.
1400529178,4ef80937f59fb6bd70bf9eea7a6f78cfc7587bf9f0d4934dc428d3a99eec9087,A <style=Hint_BgL>raw material</style> produced by the Dewy House in your Home. It can be sold in shops or processed further.
1400533021,6a086a66e2a072250bb2575a47fc2833ce9ba8136124c343ecdfcad3f7152fad,Egg Boat Upgrade
1400556058,87c94098d535f6f17c542dcedf132bb06137d9d91c4a6da73730efafe99bbd4c,"<color=#d89c28>Stealth</color> and move closer, then <color=#d89c28>observe</color> carefully. Once you’re sure which one it is, throw an <color=#d89c28>Aniipod</color>..."
1724642975,87c94098d535f6f17c542dcedf132bb06137d9d91c4a6da73730efafe99bbd4c,"<color=#d89c28>Stealth</color> and move closer, then <color=#d89c28>observe</color> carefully. Once you’re sure which one it is, throw an <color=#d89c28>Aniipod</color>..."
1400660074,b097f851bfc234ed416ed191293eaddc825d3e2f90dbe651d3a271b5f987f4b1,You currently have an emergency order. Refreshing now could prevent you from getting double rewards. Refresh?
1400665209,4fe97c5a3cc589ee6545899fef977396577d23dfafde4353ed377d57ca854e6f,"Alright, go visit the three Instructors at the academy first. After that, Dr. Lewis will arrange the Vein blessing ceremony for you."
2080268421,4fe97c5a3cc589ee6545899fef977396577d23dfafde4353ed377d57ca854e6f,"Alright, go visit the three Instructors at the academy first. After that, Dr. Lewis will arrange the Vein blessing ceremony for you."
1400679654,c5ba61f6cf5caf62ef6fcc88da5bf05cbda23de2a5ab4e2b90e48e65f7d00437,"When a teammate Aniimo is defeated, other Aniimo gain <style=Hint_BgL><customRichText(calcData,buff,402001701,param0,1,%d)>%</style> damage amplification, up to 4 stacks."
1400700498,5c900876dc24638f5430f9f94dad33b5978dc3ad05d969123ae8a440d8aa6efb,First Rehearsal
1400728141,290338009e1f7a07e02becae4eb2841ef9cb9aece22f6d6c71e8dca85c55d589,Lightning splits the night sky and I own this stage! Lightning Storm!
1400753709,5e79fa01439fe7cacbba0332367ee48974225a8b21589aabcc55dc91793b8ed9,"Please bring me an Aniimo that’s <style=Hint_BgD>purple and white, with a lucky golden star right on its forehead</style>!"
1400765872,8b6d383ddc75fff4a335d669ad3956447add746341c27d9fdc9ccd39f8b3eb7a,"Back then, the neighbors always said I was gentle and quiet—and told Grace to stop shouting all the time."
1400804411,0c946b5a16a7c05a22592d1e907c2078593aa7a1797d23c8f84f8d40138fb867,Umbral Leafy
1400820771,b06b499d537df37a4762d29480e0a572fce5fd7f48e9124aa7d658220cd77eda,Scene entry timed out. Check server logs.
1400828932,d743a69c8a56a070fabcc96a17158649643bc58c0a74b4011ce49884c573d72c,"Squeak, squeak!"
1400860793,4e38bd5892e5c79ff24f5287ccd98f0a0fba21f76e25f39c2e6495d93c6bcad4,"Transforms the lightning wrapped around both wings into <style=Hint_BgL>5</style> arrows and fires them at the target. If in <style=Hint_BgL><link=""source_8050""><u>Thunderwing Stance</u></link></style>, fires <style=Hint_BgL>5</style> additional arrows and finally deals explosion damage equal to <style=Hint_BgL><customRichText(calcData,ability,12939900,param1,1)></style> Might."
1400862190,853d0afd9c941f2ab62cd22ac74c341b0a2463184d18904870b796628f313cfc,Good luck!
1400876670,c55fcacca59227b65001d48dd1e8fb22219ebdbb96f27fe355784b07425bed21,"Increases skill damage by <style=Hint_BgL><customRichText(calcData,buff, 2000004,param0,1,%d)>%</style> for each <style=Hint_BgL><link=""source_727""><u>[Energy]</u></link></style> gizmo held."
1400888763,397a6dc6103871931a9b33309f59243aaf7b13833a3a8576672e1d4fb93223da,"But for this level of modification, we’ll have to do a system upgrade first..."
1400889716,32afaa784333648025e24b162bece7474051bcaaa29e98e19922b400b4ceb04b,Split
1536414026,32afaa784333648025e24b162bece7474051bcaaa29e98e19922b400b4ceb04b,Split
1400918909,3481d4e2b16e3db6767cc79d1faaa2e3fe380c13fa371cfd6f3721de0dbbba8d,"Words of the Wind
Time also bestows decay and withering."
1400939941,bc5dcea6a86887f12653495347c82369bf3ffcb12ab3deb3ce91d35c26be18a6,"Chance to obtain an experimental amplifier. It offers only basic performance and does not support chips, but significantly increases damage against <style=Hint_BgL>Beginner Targets</style>."
1400940445,44e2c37a95024e1d32402ccca0a1796f46bb269a1b67af95e812ac068f2c5ee4,Shouting Budsquire
1920121426,44e2c37a95024e1d32402ccca0a1796f46bb269a1b67af95e812ac068f2c5ee4,Shouting Budsquire
1971157186,44e2c37a95024e1d32402ccca0a1796f46bb269a1b67af95e812ac068f2c5ee4,Shouting Budsquire
1400977264,12896ec5fa7230f24e1424ab311c1a531a9072bfcd0b2b8926778043b4802b74,"While searching Echoback Landing for the ever-shifting, all-embracing Incense of Tolerance, you encounter a powerful Sherro. It appears very old. Perhaps it can provide the ingredient you need?"
1401005365,aac5b9fecb764af77cbb4e0cd7c0262d249ad9185e710f2f2469596d259fc262,Text (Placeholder) Text (Placeholder) Text (Placeholder)
1401022259,704004bb84843bb4f85ee1d65af222cc2d944a2e2695850523ea973ca6a7759a,Quick Snap
1752398158,704004bb84843bb4f85ee1d65af222cc2d944a2e2695850523ea973ca6a7759a,Quick Snap
1401103829,e93af7f51b3ccc81d2f9ba0d8ff089c0d36de085378b92caaa7619e3292bab75,Investigating the Imo Rift
1401108353,9f729bec4d56ecc3b7b19c4862d0b4b4d8116c623086144c810f7f2fdbd45c6f,Blessed Bonesky
1401147957,6992947f274aef67b086aaa266fb90d4ca0f29068b04325c2fc954eade3ce0a1,"There’s fire burning in this stone, and it smells scorched."
1401150309,05472859fd2fe39311fdeb31c54d3c0b48674bb409639520af44c361d981e42f,"The Pawney left behind a very powerful sword called the <style=Hint_BgD>Sword of Bravery</style>. If any Helmut pulls the sword out, they can get the Pawney’s power and defeat the Infergon!"
1401161183,712694c43d795fc2bb8e713184626f4abda77a09bce4d14543a92943f4873e20,Where could Morphling be hiding...?
1401161527,ec0f0ee94a581bb191bde4cf852daeadf4f5012b5e118c6153fc3186c8a73cb1,"Event Time: Jan 28, 2026, 04:00 AM - Feb 2, 2026, 03:59 AM (UTC-4)
1. During the event, Aniimo Rifts will appear across Idyll. Pathfinders can use the event menu to transport themselves near a rift and enter it to catch rare Aniimo.
2. Each time you enter an Aniimo Rift, you may bring up to 50 Aniipods and 4 Aniimo.
3. To clear a floor, defeat or catch all the Aniimo within the time limit.
4. During the event, each Pathfinder may challenge Aniimo Rifts up to 7 times. Rewards are granted after each attempt."
1401172363,8673eeaf1b75e1824af2fadf89a68c7d8e2bf671240a0a1827da08c1ae1f39f0,"Yeah... just now, when the First Lethal Thorn came in to say the tea party had gone on too long—that it wasn’t good for the princess—I felt she was a little sad... but no one else noticed."
1401178452,1d62970720dae542c3ceae92cfa5c276ee40b1a37936d0d474e1ddc1a4f0ac9f,Advanced Orange Flower Incense