1424620019,416747bdb7b0d7f55b3d186223aba285d5281d457d2a78dbba6921d3408418a4,"Bursting with vitality, this egg is nurturing an exceptionally gifted Coraliz. Guaranteed to hatch into a Coraliz (Rainstorm Form) with <style=Hint_BgL>Perfect</style> potential."
1424623444,28764d5d34ae181bb02fdf7705c5731223137c6a3bf4b5bdeff93084f2f38c7f,Helmut on the right
2128011180,28764d5d34ae181bb02fdf7705c5731223137c6a3bf4b5bdeff93084f2f38c7f,Helmut on the right
1424676351,41d0bfdba2b118c91815343d5901e5457dc21fddfa926dcce46ce6740cb1c967,Preparing download. Please wait.
1424679291,2a98b0bf59c9a52701b13708b7526a7e38b432acb13bc8e72b613b5069eb08f8,Shh! Don't tell anyone I'm here.
1424703326,2c9507111e1d84f4348ced92a18e47980b4949c3013a2e97170a0b2b70b79e88,"What matters most to her is Velouria’s approval.
That’s why she was so upset before and so happy now."
1424802400,dec563db1062f4f7e4b4206c111f2eba60a73cf342a9db02f7bdb4764ccf739a,Umbral Fragrancier
1424810863,f96193e54ef05a4f1a0becb25f3f05bc8906baaecd5ec8d11da4fe7cf32a6888,"""Friend""? What’s that?"
1424856070,29a4fff1a1897863cc4e39fe17954e0dcc7f7fcbf67ff59d26446938a151bd3d,The fur at its ear tips resembles two dancing flames that LEAP and flicker.
1424891810,610c7b909e79f7e4e429c4c88bcd19aa643f93b0a0c66a514f47183df85725b6,Research Locked
1424894290,743311aebde5679f4f227ce5c00bac6da4a52726e574afaf60d1d9dd42509164,Aniipod Hyper returns on miss
1424911606,052a7053cd1e5cb6dc24dde739687770d966fb27c6f882a160f579d558f5ce4c,The Ancient Chest’s Puzzle
1424937581,8ab0739457a196e4dfbae73c73c870205bf1182b0fe8a5e51dcedb6f73c1e795,Aniimo Point
1424958725,27d8a88371398f51799e8d41d512a450f0e72902725488df630cb33e99e19a74,Stopped tracking <style=Hint_BgD>Lumin Amber</style>!
1818356631,27d8a88371398f51799e8d41d512a450f0e72902725488df630cb33e99e19a74,Stopped tracking <style=Hint_BgD>Lumin Amber</style>!
2087179216,27d8a88371398f51799e8d41d512a450f0e72902725488df630cb33e99e19a74,Stopped tracking <style=Hint_BgD>Lumin Amber</style>!
2145532891,27d8a88371398f51799e8d41d512a450f0e72902725488df630cb33e99e19a74,Stopped tracking <style=Hint_BgD>Lumin Amber</style>!
1424967578,18625cf398338d1e54017e93b199107fcc269986736aa5d97d773b7ff335d29b,Free Companion Handbook Level 48
1515948247,18625cf398338d1e54017e93b199107fcc269986736aa5d97d773b7ff335d29b,Free Companion Handbook Level 48
1424976611,40275b3e1082fd2582f06e32da6e4d3e63be51cb2ce3d259eca705f38b50f27d,It’s all about rhythm!
1424978054,eb4f12a25d0a6a57d463c512dcfc4a1b5a5b711fced9f55d7a70e15324c153b0,"...Uh, you’re saying this creepy place holds a scent the Aeon loves?"
1425000058,265c0d7d67d80d94c0647b5edbe4e2f49579f001c9aaec60aee049117a3e5d56,Press the button to exit Elite Training.
1425028436,94ea841424858e87e401595ffa3eee2f5acdfcf00213032fb58382952a50ceec,Top-up amount between 200 - {0}
1425038922,d98f3ab8d1544f1c1ed41eff00e69448aa11654e2b4fecc3baeba1631a56e923,"An egg with powerful vitality, found in Tideblossom Coast. Guaranteed to hatch an Aniimo with <style=Q_4>Elite</style> potential or higher."
1425047358,4abdeec4368db0881fc9c98a6746d062d7c816f775d15545a8a9d6169f98a2fa,"Yes. The Aniimology Department just added a hologram of rare <style=Hint_BgD>Prismana Aniimo</style> from the Institute's collection.
Since it was one of the expedition's research targets, it should make for an interesting exhibit."
1425051838,ff808cd1985d74677fd757be9023b70f23913239e17372ddbf4a7d1027969d77,Weekly reward claim limit reached. Entry to this mode is now blocked.
1425087932,29887a5ff9846ccc23327565a07e17fa6dcaea6211f1898ae825f84ae38f4223,Share
1425089897,6b35d58d6e74a76a784a98dd1a4b7f41179479d34eb933f969125bee6c20408a,"Here, take these—the <color=#6fdbff>basic bonus for being part of the Dr. Glass Test Program</color>!"
310144484,c5edcb6f4e879f1eb9218b6c8928822502dc2be8fcd2228fe0598304e3481da7,"Spend a total of 200,000 Credits."
1425120819,c5edcb6f4e879f1eb9218b6c8928822502dc2be8fcd2228fe0598304e3481da7,"Spend a total of 200,000 Credits."
1425165606,7e8271cf4d9c5de962ebb4288d0fa2fbe2dedc0d6cf34687c7adf7ccaac01425,Aniimo in Slot 2/3/4 can only provide <style=Hint_BgL>support with [S Core Skills]</style>.
1425183073,7460938e50ca77a14452f96f4a9680e8f1ede75906e18ff8322be7de4794fa5b,Defeat the Alpha Panpanta
1465318371,7460938e50ca77a14452f96f4a9680e8f1ede75906e18ff8322be7de4794fa5b,Defeat the Alpha Panpanta
1614638377,7460938e50ca77a14452f96f4a9680e8f1ede75906e18ff8322be7de4794fa5b,Defeat the Alpha Panpanta
1425257199,a90f5849dd4300a41aaf7780e636212a680feec1e932ff61c63042319ac2185e,The Failed Offering
1425263367,0d4141690b4f91cd8cb91796998e8b81589b4f53980f891b7110793c6309d44f,Illusory Basic Weakening Chip
1681969563,0d4141690b4f91cd8cb91796998e8b81589b4f53980f891b7110793c6309d44f,Illusory Basic Weakening Chip
1425283089,c2d266fbcd1567f43c9be8e50042f14292b41000da7a4fda0143f0b930840fc2,Switch scene
1425287879,a70dd9757dafcee97a2982a269a0c304dba2bc3a0c317d1456264c11fab71a2f,Co-op Puzzles
1519417741,a70dd9757dafcee97a2982a269a0c304dba2bc3a0c317d1456264c11fab71a2f,Co-op Puzzles
1712545289,a70dd9757dafcee97a2982a269a0c304dba2bc3a0c317d1456264c11fab71a2f,Co-op Puzzles
1815544937,a70dd9757dafcee97a2982a269a0c304dba2bc3a0c317d1456264c11fab71a2f,Co-op Puzzles
1856326290,a70dd9757dafcee97a2982a269a0c304dba2bc3a0c317d1456264c11fab71a2f,Co-op Puzzles
1889786455,a70dd9757dafcee97a2982a269a0c304dba2bc3a0c317d1456264c11fab71a2f,Co-op Puzzles
1425315499,a6ab8039d76ec8c332580277f0c9f3fd58da3a06c7332647b4e224b166c8902c,Bring one {0} with you to use this emote.
1425317423,cec4b1e2203874e8476a0707cb3f20b1f21d48e0760a0afa689f31f69579142d,"Well then, congratulations on becoming a <style=Hint_BgD>Grade II Student</style>.
You’re one step closer to truly being able to stand on your own."
1425319171,905bd1573700efe5a80617260141800b4ea863d77eb2d67f30983a18ed69ab69,"Again, again! I can do it too!"
1425330020,f54024ced1a1ca9f96213a018b17456a5d5a7e12dad2efba6057847da134727a,Dalat
1425339448,48bb0f91214ddac365e4448aa69a8a3b5334aa45c282aa1cf6342aa28a0c99e1,Reach the sandbox phase
1425358500,397f3e1ff639d4b10b4af4290f871104df1ba52c92335d520ab778c4954e5c99,"Alright! I’ll wait here, woahyo!"
1425411198,4d616d53988e27e97423a7564dff09b644e2814d839751bccd589e05f29237ad,Pop
1876353957,4d616d53988e27e97423a7564dff09b644e2814d839751bccd589e05f29237ad,Pop
1425426864,babb316d42cc50b86415024477898b0b1bc4ad56257ce1b97f5842f47a6cef90,This is a full-scale model of Astra’s new energy vehicle!
1425435734,faf76c411c2e7c79d4657fb7a96138c995cf43503df977bd475750d48500a70d,Name Change (Placeholder)
1425460873,1ae5b5f96f768939f34f6aff32e18505acf330e6d690eec9e7035cd67646d823,If I can’t be the strongest Scorchhowl... what am I even fighting for?
1425460977,b9c573e887339493477e8decebab35cdb23078edd740071bcf7e30897da699ae,Collect <style=Hint_BgD>3 Holo-gizmos of the same Training Style</style> to unlock the corresponding <style=Hint_BgD>Alpha Transformation</style>.
1425480556,05264ee4b5fa7c5d060df581946fda791e4a2e8cd03a46250b990d73ca3560f4,"Sparkelves from the SylphIsle can draw energy from interactions with humans and Aniimo. The livelier and more joyful the gathering, the more energized they become."
1425497787,4cbb8ea368139498a748a47470d97261a2b555ef35eccb1a713abc2fafccb7eb,Build a City for Both People and Aniimo
1425502746,5f0a9904964ddc701d3d3ae5a6fd6c5c30297d444f7eb9926cf2b6085e3ae952,"Well done on reaching this Elite Training milestone.
Hope it's been more help than hassle."
1425508530,049d79f94ec234fc1fb846fb20898ed5835e3f8ded96ecf91c4574a8959eeea1,"<style=Hint_BgL>Temporary item. Usable only in this game. Cannot be taken out during extraction.</style>
A Protective Unit chip that moderately increases load capacity, so you can carry more without tough choices."
1425512688,6216d5fda04d53d015873c2771a005012c7e9b9891a50c013aea1227dab84ef2,What do we do...? Nothing’s wrong with them... right?
1524662150,6216d5fda04d53d015873c2771a005012c7e9b9891a50c013aea1227dab84ef2,What do we do...? Nothing’s wrong with them... right?
1773750362,6216d5fda04d53d015873c2771a005012c7e9b9891a50c013aea1227dab84ef2,What do we do...? Nothing’s wrong with them... right?
1425531881,7306d71dc9dfdbb07f0c2a09e1e13e0b3694427d88c960be814bfbfb1cf9392f,"Good! I like your spirit! With talent like yours, you should have no trouble clearing the flying assessment and claiming the <color=#daa520>Shiny Grand Prize</color>!"
1425575636,a1c9c1146d44637e11aeeaaf80f38890d0e25d83b8027728721878406a195b54,"Learn Ability: [Go, Rubber Duck!]"
1425582586,692c8e9e6a95befc5b337ab7a36c2df43403867a32a6b7860ab90bdb26ccf331,liked your picture
1425591447,709febdea6f58f67ce5756279a6e1af216f3907e76034eaef926e4f9a66c965a,I can give you my whiskers *zzt-zzt*...
1425653416,2dfee23d3532df307061057d6942f294505c8c4f6bc7d6fbd6c0cc6a7a389927,Server List
1425678591,cd4f1adbbf885b34dda358f9ad48fcde4d4c21573f95eddbe1def34f492482f4,"Unfortunately, you can’t craft Cores in your Home.
Take another look and think carefully."
2030844164,cd4f1adbbf885b34dda358f9ad48fcde4d4c21573f95eddbe1def34f492482f4,"Unfortunately, you can’t craft Cores in your Home.
Take another look and think carefully."
1425716114,e8b2e6e071da3b5e1d2f8ecd41a6b158faa78260244c826fb89f2d3986596f83,All set!
1425717073,5aab69629b6732263a3ac79ca32dc41502a31fde61fcd10cb16089bcca119bf6,"Aniimo love hiding inside this round side table and poking a paw through the openwork, inviting you to ""guess who."""
1616531527,5aab69629b6732263a3ac79ca32dc41502a31fde61fcd10cb16089bcca119bf6,"Aniimo love hiding inside this round side table and poking a paw through the openwork, inviting you to ""guess who."""
1425722298,56c144fdad928832a8f8c80b67cb73175f637ce076b68b56891daecaf0dc354f,"Randomly awards one of the following Held Items of <style=Q_5>any quality</style>: <style=Hint_BgL><link=""item_553008""><u>Supreme Elixir</u></link></style>, <style=Hint_BgL><link=""item_553009""><u>Destiny’s Dice</u></link></style>, <style=Hint_BgL><link=""item_553023""><u>Pearl of the Sea</u></link></style>, or <style=Hint_BgL><link=""item_553024""><u>Seeds of Spring</u></link></style>."
1425724496,ce8c0c17e904e7f9b155384832a398576dc91e76c41a34d14ec858709a779976,"When <style=Hint_BgD>the sky shines with Prismana</style>, you appear here in your brilliant red fur! I’m your biggest fan, so I want to be the first one you notice!"
1425749453,6065c64876282703486bd4346f83e5ed9b3f5ec5ae2723795bee85424189a20d,Rift Exploration
1425749544,3aa67ce47c06deaa2b725262f7f0a5c31e2588bd7902e69cdf47b11324b4e8e7,"Spend 1,000 training coins and get 3 random [Ironclad] holo-gizmos"
1425757159,141a9930f5e131deba842e1176fea2c98572aeceb369e96a7628b9217e9cca2d,"Prismana Flows are extremely rare.
They’ve occurred only once or twice in the past century."
1425847498,13b891058f3c87b3157aaa287dfcd17259fd516d495584253448e2e3afa844a0,Central Guide NPC
1425882878,4248310cf1fa8ca684b2ae5ea2b3738ba74ffed749a9991ebdc40e22b59c6cd1,I think it was when the <style=Hint_BgD>sky shimmered with prismana</style>…
1425884142,917e096f0e50cbbc2c8d1e6c238ddbac9e12e7a207ca9774adc65cab2ef931c8,Character level too low. Chance to catch high-level Aniimo will decrease. Level up first.
1425891990,3c8b4cf724e6c16ef615e199336338cef9dbc9f97d0647e8731d4be6d08fc38c,Breath
1425907803,f7e12300204f5f21e2a7d55f5cd32bc7fd328b2eb24d6d5e68276ea8b1377513,Awaken the Irisal
1425924064,824bc0a82dc6b649886f9836a90005046a804e5eb5e3ff19449f818df0c18d00,Yeehaw! Come join the Cloak training!
1425931933,345806336ffe902eb534cb931c0b553b034dce7ae2bae7cc2963480ff2d16087,(Translator) Someone like me... can really fly?
1425942258,4910f03e551d7cbcc3e76fd37a447e5a9172398f33a9f6fa0413810a5f2dabfc,Synergy Training?
1425992879,77418ccc3e1a8f47b8ca80e936a1203e12eeb483719f5da9901f5b2e907fad9a,Everdancer
1578047496,77418ccc3e1a8f47b8ca80e936a1203e12eeb483719f5da9901f5b2e907fad9a,Everdancer
1426021148,ace5ec4da8b7c3b437651a758c1a05d0d0cc8e1c11c3393d7ca3bc45ec891b69,"That's right. If your bond with the Branch keeps growing, the world itself will protect you.
In time, you could even alter the local climate, environment, and Flow."
1426029146,05174f26d035f79b77772189c1a1f9ed429e97519efbb9c966f46b095c00e453,Colorful Strawberry
1680888821,05174f26d035f79b77772189c1a1f9ed429e97519efbb9c966f46b095c00e453,Colorful Strawberry
1772999241,05174f26d035f79b77772189c1a1f9ed429e97519efbb9c966f46b095c00e453,Colorful Strawberry
1863960162,05174f26d035f79b77772189c1a1f9ed429e97519efbb9c966f46b095c00e453,Colorful Strawberry
1426037922,035eaf4bda5f98c4c999f883cd40122e6ab92964e585243e6daace9890960b13,"Spend 1,000 Training Coins to receive 3 random ""Vitality"" Gizmos"
1426067043,1d69467f12961a7d07db3a5533442affec139089619de87892c46635cd73bfba,"Get ’em, boys!"
1426069113,c303c951de2e24832535e486f6854767dc32932f235477ee463860a71d7cb00d,"They need to either look stunning or smell incredible, and neither of that works with the Homeland’s current <style=Hint_BgD>climate</style>. They need special care."
1426074019,5128b1a28b8bf3c8ee7cfb1733b43bc76eecf186cf53357b3a6df0fcb46be216,"Just made it in time, but the plan’s ready and we still have plenty of time to prepare."
1426091766,b826486bfded0550969d823bf5dedeaa623f413f4ff7c55486520f3b812c6a43,Traveling Merchant
1426113737,12d28595c9329ddcdf9d6066695ec32982c065a54e20768280083f5cae5f497f,Risk Warning
1529944015,12d28595c9329ddcdf9d6066695ec32982c065a54e20768280083f5cae5f497f,Risk Warning
1426144511,93a7e4288994b8ab21412ad21e90c42c8e92b19f6112c354fa8c158d97d327be,"The chest is stuck on a rock on the cliff. Use your skills or an Aniimo’s skills, or some objects nearby to <style=Hint_BgL>destroy the rock</style>! If it’s too far away, try finding something to stand on."
1426147988,201a6f2873eccfbefe29dfd8885535364a07389ef6cf40db60c9070276b22112,Cozite Nesting Doll
1814846264,201a6f2873eccfbefe29dfd8885535364a07389ef6cf40db60c9070276b22112,Cozite Nesting Doll
1426208753,8a3063b498ab25f1f921b4663957173e1cda6bc80429fb0525a6114f83b5e040,"A shallow pond reflecting the color of the sky, perfect for just quietly sitting next to it."
1616313016,8a3063b498ab25f1f921b4663957173e1cda6bc80429fb0525a6114f83b5e040,"A shallow pond reflecting the color of the sky, perfect for just quietly sitting next to it."
1426210994,da5cd898ac43d48a20ac888f193fd06e3dbe3bb70757d92dfdda430287f2f624,Journey Quests
1522333701,da5cd898ac43d48a20ac888f193fd06e3dbe3bb70757d92dfdda430287f2f624,Journey Quests
2019371560,da5cd898ac43d48a20ac888f193fd06e3dbe3bb70757d92dfdda430287f2f624,Journey Quests
2083315455,da5cd898ac43d48a20ac888f193fd06e3dbe3bb70757d92dfdda430287f2f624,Journey Quests
1426212798,49652f329e19b20967aac06fc9054c2e58ad9da169c7eeb85ad797d7dbae03f9,Tap <style=Hint_BgL>Twine button</style><style=Hint_BgL>Twine</style>Celestis
1426216620,94a47ecd79df45b8062d8eeac73030a0ccc61ca4745b328d7265797de5094fe6,Max Toughness bonus 
2021655265,94a47ecd79df45b8062d8eeac73030a0ccc61ca4745b328d7265797de5094fe6,Max Toughness bonus 
1426259581,ca2d3624bdede22484f428179d40be904e6e452a83fada4edc112b5387d13d6d,Meeting invitation
1426261485,09dc5f557505bb9b25d07deae618901c15e562ce2bbd8e12c8262ca025dd67a4,"The path stays hidden unless I lead you.
That’s my reward to you."
1426283301,a6b54c20a7b96eeac1a911e6da3124a560fe6dc042ebf270e3676e7095b95652,David
1426299296,0e410bd61bdee5ca6cb66e52525fc8d1777cc2dbf05153f21a611777c4838a9c,Low Rubble Corner Wall
1857854948,0e410bd61bdee5ca6cb66e52525fc8d1777cc2dbf05153f21a611777c4838a9c,Low Rubble Corner Wall
1426389722,4dcffbc87a923458e2da89c4843934329592a6849d1bf70c91471f64d45a339e,"Welcome home, everybody!"
1426401309,8dcbc8ff436e9e5f445cd30d1d2da4ed44ba63a1073b1d8bb78fd55ec1239424,Hello? Can you hear me?
1887587152,8dcbc8ff436e9e5f445cd30d1d2da4ed44ba63a1073b1d8bb78fd55ec1239424,Hello? Can you hear me?
1426447457,1b210878e48c1ffb600682a90cc7d6fd7772e4bca1ac86541547eb6f95df630a,Never stop training. Temper the heart of a champion.
1426489387,8e8f7fb0f8c174ff4dd485157b479b9c8b4b36342e7004e2a01b3ccf79163722,<style=Hint_BgD>{0}</style> has joined Companion Mode
1426513620,913acf25d7fa237e49c71ab40e436d2ee9a92994696d5afa311ff7eb41ce1bbc,"Sample three... don’t look at me, look at the shield."
1426520546,4de3c107ff082776ed5419d6fb935804aa0b63003f7a008886ca2fa035eed18c,Reach Wayfarer III
1426537624,0c80a9efa534ef6595d48b61009f9d37dfa080051879050208ec5a41cfe0dfea,Celebration Check-in
1899562242,0c80a9efa534ef6595d48b61009f9d37dfa080051879050208ec5a41cfe0dfea,Celebration Check-in
1426542294,d82bcf2b3c307df288b233594ead849f86ac36b7fa3e87b6e5ba060b21596de6,About Aniimo evolution...
1426548095,892ed0b6b8d0c3961c128e2087d2f5868f9aa63e7e3a3a211537de1ef6ee1778,Carry your favorite little treasures wherever you go.
1426571529,44885202227bab0d5ce008d5347d5674234db3fcc157534b92aca773ad1a5508,Light-type Resistance
1950160895,44885202227bab0d5ce008d5347d5674234db3fcc157534b92aca773ad1a5508,Light-type Resistance
1426586347,f0fd9f7b7edadf8f7e3f856b49ce165009d861cfa9ccac69716f7d159a076643,Unlocks Rookey’s exceptional evolution.
1426634029,7027854a3f94618fddbfd95b401ad59bf5b4b8603a0337ad18c9ad4630c6b938,A potted plant used to decorate your Home.
1519610131,7027854a3f94618fddbfd95b401ad59bf5b4b8603a0337ad18c9ad4630c6b938,A potted plant used to decorate your Home.
1426655132,91c7dd19f08a574bc6d6e7dd139127247924569f663a24ec5365a2a8de59a8b3,"Spins upside down on its head at high speed, creating a massive lightning storm. During the skill, deals <style=Hint_BgL>12</style> hits of damage to targets in range, and each hit applies <style=Hint_BgL>1</style> stack of <style=Hint_BgL><link=""source_8038""><u>[Lightning Debuff]</u></link></style>. The user can move while casting."
1426657998,3c787491a272c3e1016175b6a552bb856e59e5ad2a2a6c075d89df6dfcfe319f,"Wild roars mix with driving beats, and searing waves of sound crash against the eardrums, shaking every inch of an unbound soul."
1986082128,3c787491a272c3e1016175b6a552bb856e59e5ad2a2a6c075d89df6dfcfe319f,"Wild roars mix with driving beats, and searing waves of sound crash against the eardrums, shaking every inch of an unbound soul."
2030596455,3c787491a272c3e1016175b6a552bb856e59e5ad2a2a6c075d89df6dfcfe319f,"Wild roars mix with driving beats, and searing waves of sound crash against the eardrums, shaking every inch of an unbound soul."
2117699016,3c787491a272c3e1016175b6a552bb856e59e5ad2a2a6c075d89df6dfcfe319f,"Wild roars mix with driving beats, and searing waves of sound crash against the eardrums, shaking every inch of an unbound soul."
1426661148,4ba54c0a5976d06a56ba6136d38009448fdf76b6383cf835f35fb803ac85d4f0,What are you staring at? You want an autograph or something?
1426669757,8720e83fbca9141d5607d7f58021463ac6dd963e8b9c6812be18cd546e2a40e9,The chest exploded and I was knocked unconscious...
1426672349,aeed85951efa714a4c25aa9483723dc7858b5d07d836a2d288b0ad7145ab254d,"Here’s a hint: this Aniimo <style=Hint_BgD>likes hanging around beaches, and its ""roundness"" is like a drop of water, or a grain of sand</style>."
1426677216,f1d44bc72268935689687827f04ed1b3e429ff59c6e56fcbf859cb66c633bf60,Rubber Duck
1426731086,3853d0db6993b85e5d3ee98fc61e2328321ed53845f3bd03ef2dbf94afe913d3,"+<style=Hint_BgL><customRichText(calcData,buff,2052000,param3,1,%d)>%</style> damage reduction
Recoverable HP becomes <style=Hint_BgL>50%</style> of max HP, and ATK increases by <style=Hint_BgL><customRichText(calcData,buff,2052000,param0,1,%d)>%</style>.
Every <style=Hint_BgL><customRichText(calcData,buff,2052000,param6,1)></style> hits taken triggers a wide-area True Damage hit equal to <style=Hint_BgL><customRichText(calcData,buff,2052000,param7,1,%d)>%</style> of ATK, and grants <style=Hint_BgL><customRichText(calcData,buff,2052000,param8,1,%d)>%</style> Siphon plus a shield equal to <style=Hint_BgL><customRichText(calcData,buff,2052000,param19,1,%d)>%</style> of max HP for <style=Hint_BgL><customRichText(calcData,buff,2052000,param9,1)></style>s."
1426735086,c820ff8639b31315c4588e9c77827028c4af91640357bcc7e9a6a87910e0374e,Popota Doll
1426755954,3b9e65904f23fcd748e6f4af04613c705f680184633e2b5731f8deafe1920fca,Malicious Outburst
1426768199,8d525e5f158b9afe05f3122af363ac67763bdc4e1395b46597b320c289766ce3,Copied
1795688423,8d525e5f158b9afe05f3122af363ac67763bdc4e1395b46597b320c289766ce3,Copied
2146934747,8d525e5f158b9afe05f3122af363ac67763bdc4e1395b46597b320c289766ce3,Copied
1426833198,c57d21ab47722642103f3eb5984c462f14e4e1bb341fbded9a9d73444d8b832c,Turns out the Aniipods weren’t the problem...
1426882377,d46bd7882835175188b1ca1dc6011d97a2eed233cfa8cb3fb5552f7e0a250b92,Now let’s learn the [<style=Hint_BgL>Symphony of Life</style>]!
1426969136,7599cbe76213f9603d6c47305701e640202ead8e64230081760673be51f718bd,"As you follow the butterfly shadows, you catch glimpses of unfamiliar dreamlike visions—grieving parents, a sick infant, and an Iris that gives away its color and turns snow-white. Sunia admits that these are memories of her past—and of the blessing she received at the Bloom Festival ten years ago."
1427009000,12ccedb0634e4ac354a288168f1731bd74f2d378b239348f83cb3d9654762be9,Attributes Acquired Potential Reset
1427011747,b5c4c10bad3ecaf3967c099819c262de573ac299528c0ef48594fbaa918229a5,"My goal is to become Head of Administration, just like Director Ling!"
1427054069,8779d597f36d2d6e4642053ca5b6c79f21be389b3a7e9845d0bf6b3b1d338e67,The <style=Hint_BgD>Morphling</style> mentioned that mask fragments can change into Aniimo but won’t <style=Hint_BgD>copy its ecological habits</style>.
1427066444,fa9190c4f0c2231765e8a24ba9992a669686f1fab88a50b1cfbbfe07186fbdb9,Aniimo EXP gained from catching and defeating targets or using EXP items increases.
1432720272,fa9190c4f0c2231765e8a24ba9992a669686f1fab88a50b1cfbbfe07186fbdb9,Aniimo EXP gained from catching and defeating targets or using EXP items increases.
1445661950,fa9190c4f0c2231765e8a24ba9992a669686f1fab88a50b1cfbbfe07186fbdb9,Aniimo EXP gained from catching and defeating targets or using EXP items increases.
1532497517,fa9190c4f0c2231765e8a24ba9992a669686f1fab88a50b1cfbbfe07186fbdb9,Aniimo EXP gained from catching and defeating targets or using EXP items increases.
1427070028,5a232ca570659abc39088dd618a8ef8b17c648f4e0ef2203de7f7ecb90657b69,"See that strange Luminelle? Quick, get the camera!"
1427074516,de01adef963819cb610abb5eb68ce82a9e9283319bdcf74e549a2a65fd64ddc6,Drawings?
1427082012,1eb891e733739730471fa2bc4d55f4b878b4c30d59b8ea2e9bcbb548bb1437cc,Building Block - Royal Blue
1865326003,1eb891e733739730471fa2bc4d55f4b878b4c30d59b8ea2e9bcbb548bb1437cc,Building Block - Royal Blue
1427083766,cfef07c0afb8906479d568db82f1ca48c61e7d2762d4ce3ea51db6671aa2faa9,White-flowering shrubs are trimmed into neat rectangular hedges to bring vibrant greenery to your home.
2112112840,cfef07c0afb8906479d568db82f1ca48c61e7d2762d4ce3ea51db6671aa2faa9,White-flowering shrubs are trimmed into neat rectangular hedges to bring vibrant greenery to your home.
1427095951,b0554de82cbf498d5af0e0e65afc79d5ca37ec4454859c25f22f09276e06f846,Click to place.
1429874095,b0554de82cbf498d5af0e0e65afc79d5ca37ec4454859c25f22f09276e06f846,Click to place.
1512089224,b0554de82cbf498d5af0e0e65afc79d5ca37ec4454859c25f22f09276e06f846,Click to place.
1551962644,b0554de82cbf498d5af0e0e65afc79d5ca37ec4454859c25f22f09276e06f846,Click to place.
1564516544,b0554de82cbf498d5af0e0e65afc79d5ca37ec4454859c25f22f09276e06f846,Click to place.
1577800379,b0554de82cbf498d5af0e0e65afc79d5ca37ec4454859c25f22f09276e06f846,Click to place.
1745226051,b0554de82cbf498d5af0e0e65afc79d5ca37ec4454859c25f22f09276e06f846,Click to place.
1758672272,b0554de82cbf498d5af0e0e65afc79d5ca37ec4454859c25f22f09276e06f846,Click to place.
1834042231,b0554de82cbf498d5af0e0e65afc79d5ca37ec4454859c25f22f09276e06f846,Click to place.
1931830515,b0554de82cbf498d5af0e0e65afc79d5ca37ec4454859c25f22f09276e06f846,Click to place.
2048682816,b0554de82cbf498d5af0e0e65afc79d5ca37ec4454859c25f22f09276e06f846,Click to place.
2086976160,b0554de82cbf498d5af0e0e65afc79d5ca37ec4454859c25f22f09276e06f846,Click to place.
1427097212,74c2b5709e1f8d327e7a544c041b1d518669b6e3a7df35ffa717ac0036bd1300,Woven Leather Basket
1695739822,74c2b5709e1f8d327e7a544c041b1d518669b6e3a7df35ffa717ac0036bd1300,Woven Leather Basket
1427115439,d35ce7da377f8a8f443defdf24e80bf567e1db49e90077415c34e0f662472359,GoGoHomes Founder
1427133013,942915bb5c2bcbb0a0c22fc70776920c33051843d0bbd3ea782e96b811e7b856,"Thanks to you, I have collected all the data I need from the experiment! Please take this as a reward, as the Doctor promised!"
1427141775,de439fe362cc1ea062cc85c8eacf9fb5fbee36f5c5898b434e44fc72461bb1c5,(BREAK) Wields the power of lightning to attack targets from a distance.
1444680700,de439fe362cc1ea062cc85c8eacf9fb5fbee36f5c5898b434e44fc72461bb1c5,(BREAK) Wields the power of lightning to attack targets from a distance.
1427279601,dbc7a9ad09870dbe62261eef43c1b5d8ce55f5da990242c27e3e074c94101e2e,That’s why people come here when the moon changes phases. They hope to catch a glimpse of the Echobacks.
1427293606,101e5d018dd92a6eb5d197e1d66f0402be4c773df5b92b7719be3900615ace0b,"Dizzy... Groggy...
It feels as if you slept for centuries..."
1427319815,e4fc8f1ed8d4f1e90c34a911292efe96f55e0f5570401e3a9b11853dc73af98c,Bap-bap! Bap-bap-bap!
1427320418,1e054c23a707ab35a71b5cef9eaf15121e845a80135b29b6b1a2e2c17485c1d2,Drag to select an Aniimo to use
1427348509,2adde6fa3641b83c46727fbc1659e911d326e61451385852e7aedda738938872,"No way!!!
Humans are dangerous! Terrifying!"
1427352756,45eefcab2c78bf7d5c06d1f09d20ba0dc47e34f121ad8837cd3cfa2ad96edeff,Hey... don’t disturb the peace of this place...
1427412570,553e58436ad84f382368452f9c4eccdd3afb03ee861a98e5aa0368e0d3f3f227,Give me a moment...
1576951631,553e58436ad84f382368452f9c4eccdd3afb03ee861a98e5aa0368e0d3f3f227,Give me a moment...
1781914079,553e58436ad84f382368452f9c4eccdd3afb03ee861a98e5aa0368e0d3f3f227,Give me a moment...
1427417622,ec2e9af51a311f31395498021e956ea7d6f9bafeeb702eb024d2de55cc5bb0af,This Pathfinder does not own required skills
1427447814,fc95a9f9d945e84afce5105c7f09df18ff308ce1388fdc86e31d52dce6bcb2f9,Wooden Bookcase - Oak
1797160710,fc95a9f9d945e84afce5105c7f09df18ff308ce1388fdc86e31d52dce6bcb2f9,Wooden Bookcase - Oak
1427506695,fa5214054e728336270044d0c19cad3e82819dc2d1d8085d736189b3700e6042,Building Block - Deep Blue-Violet
2098409039,fa5214054e728336270044d0c19cad3e82819dc2d1d8085d736189b3700e6042,Building Block - Deep Blue-Violet
1427532795,b45eff2ec233c336360cc6ee777f27003110d83edb8f13e54a02b1f51ec1e59e,Good thing the Institute teamed up with the Medical Station and added more drinking fountains.
1427540956,6bcb137a69d88bce54f877bf70afd138a09f85ecd3e71c549be74f5739d94df0,You blend right into the Hummin’s scare practice.
1427556261,6381b835c7eefef21f92134f941722058fbfe94777a400b8bc6501cd75c21897,Semi-finished Pebbling Dewdrop Crystal
1427559572,02dd25e40c04384349b3bf942baa950451fbc98670f1eba65c6f8ee6a0cd2188,Stamp Rush
1463632178,02dd25e40c04384349b3bf942baa950451fbc98670f1eba65c6f8ee6a0cd2188,Stamp Rush
1464288411,02dd25e40c04384349b3bf942baa950451fbc98670f1eba65c6f8ee6a0cd2188,Stamp Rush
1509204385,02dd25e40c04384349b3bf942baa950451fbc98670f1eba65c6f8ee6a0cd2188,Stamp Rush
1515000291,02dd25e40c04384349b3bf942baa950451fbc98670f1eba65c6f8ee6a0cd2188,Stamp Rush
1625477980,02dd25e40c04384349b3bf942baa950451fbc98670f1eba65c6f8ee6a0cd2188,Stamp Rush
1818439384,02dd25e40c04384349b3bf942baa950451fbc98670f1eba65c6f8ee6a0cd2188,Stamp Rush
1928802698,02dd25e40c04384349b3bf942baa950451fbc98670f1eba65c6f8ee6a0cd2188,Stamp Rush
1998093772,02dd25e40c04384349b3bf942baa950451fbc98670f1eba65c6f8ee6a0cd2188,Stamp Rush
1427559676,b5b9dc013e92557aefe4b3f8b4c2ccc60ab28344a3b48a3238e6319044229a27,"After leaping, you hurl an ice blade at the target, dealing area damage and freezing them for {0}s."
1427626556,7a79f260692c4f1a4a2838e67284c8d27338eda1f81f95da91f636bcd0b7d791,"Miraculous strawberry with triple mutations, enveloped in a rainbow-like glow and sparkling with dazzling spots of light while having exceptionally large and plump fruits."
1921389752,7a79f260692c4f1a4a2838e67284c8d27338eda1f81f95da91f636bcd0b7d791,"Miraculous strawberry with triple mutations, enveloped in a rainbow-like glow and sparkling with dazzling spots of light while having exceptionally large and plump fruits."
1427648908,645bfdfc87126da4cdd8fd041ee099a2ef59f5c9e5e56e15f9c5f374f2287cc7,"Made from tofu, it has a soft and silky taste when enjoyed with syrup."
1427652971,efb4d69d930b163402c74f1c41797164e3f2372f203913994afba0bc6e672521,Ancient Metal Ball (Small)
1427669929,376f27f88f1af3f367616dad457c70494348c49c8855ae14470683173e651235,This is...
1685405166,376f27f88f1af3f367616dad457c70494348c49c8855ae14470683173e651235,This is...
1427671078,e3d807e7ac8c740e4099317afe9d472af993bcdcc2bd24fa6504b07185790a1c,So lucky! You earned the %s buff from %s
1427674913,339b5c20b3bc3664b0c947ef6c1268a2277a38edd10951907db5bde7e3ed068c,"23 hours and 17 minutes since last service. Hello, #playerName#. BINI #9 continues to serve you."
1427686353,6db846ec7b30b1f22a82c426334926e310cb66124ea86e402a3c3a92aeaf0c72,Water-type Damage Reduction
1427688941,6420829efc9d68a93c8fac71d440cc805006078644a9a5904fcd4a1c12e286b8,"An exceptionally comfortable bed. You get the smaller half, Aniimo claim the rest, and no one can say whose dreams are sweeter."
1572894863,6420829efc9d68a93c8fac71d440cc805006078644a9a5904fcd4a1c12e286b8,"An exceptionally comfortable bed. You get the smaller half, Aniimo claim the rest, and no one can say whose dreams are sweeter."
1427704865,1ee40ae1f10f0a44336d6f9ef6b1046b55d55a2ec469e28231f94cb0bb3e206d,The Aniimo is in a combat/exploration party and cannot inherit.
1427777692,20e6ca4d0b526885bdca1a876b66bdb60505d8dd297f3b46d86df3fe9424de8f,Cool Summer - Wood Grain Floor
1455390655,20e6ca4d0b526885bdca1a876b66bdb60505d8dd297f3b46d86df3fe9424de8f,Cool Summer - Wood Grain Floor
1427782421,bc9409a393f98469ecf1b40bb1dd3d0a18a50d8706e8bfc27e5d7b647cb37e8f,Just as Irelia can both gather many colors and return them to the Vein.
1427793474,1b50866b9119c1072251ea4af6a59f930f35b033d4f1fb9c9118351868c20a87,Fierce Fang
1427807300,0c77c415443ee2611ab2703f37f486180a10e65bc9c1798dc0e21ffe14429fe2,The Chest is blocked by <color=#d89c28> Ice </color>...
1427958260,4ebc5d40453ba5de6b27b1d8cb8570a470636ee95b29b268bf3050478b78689e,Place 20 farmland plots in your Home.
1427970505,84efe29d2a6b917284b515b2fca1a7cb98097918dad45508b920e4571e0a1c78,What's wrong? You went quiet all of a sudden.
1428007641,3f0e633bd4b7164a8bc959b027a4ec6c97805a626c789e5292b6f1afb19bcb7b,Festival Lanterns
1927279332,3f0e633bd4b7164a8bc959b027a4ec6c97805a626c789e5292b6f1afb19bcb7b,Festival Lanterns
1428017860,ef1786661506e82ddc3e73c2ae56c26f1d78aebe51c9ec79c6a409290564f7fe,What a cute new Aniimo...
1428021857,9c6b4536ebe5664f06734e2bf65f96f71dfd3f84519a61b0864c12f32a9b4538,Learn from the First Lethal Thorn! Work harder!
1428030123,5876e61de7d0c8f343c2ac52452577061ad53c74c3d9a6fc0109ce9083cc3294,Furniture Blueprint: Harvest Moon - Round Table
1428051613,1c9d7e391cc5d8cec52d1a0942f4a589a14f41c10832386d63ed7a4bf72792f8,A symbol of glory and challenge...
1428083685,6d508f8e83d0d3c412d6ac37be49335cd11dbd8aec21645f92f41ea471fc8ba1,"In the fifteenth year of the Astra Era, as the first group of Aniimo moved into Astra with their human partners, the ""New District""—jointly created for both humans and Aniimo—was announced to begin construction. The first phase was completed two years ago."
1428084364,786f719213b9722773ad628a00ecba531c1b1a9ac074c4cf2a13395e8b417aaa,There might be something hidden in it! Let’s move closer and take a look.
1428084659,6a227b8280fdf504bb02803139bd61d313cad7e107ec6fd7cbe1709c99b68ea5,Draw once.
1428098968,2eee106b1275357e9f78272780097565afa7e300fba784551ce49313724cfdda,Blind box quality upgrade failed.
1428129878,fcfd9eabf56974840288601b8775b6e97dfdfd87df20436c4f1fbe349ec3abf9,"A rare mutated cranberry surrounded by a rainbow aura and dazzling sparkles. It has grown enormous and plump, with a crystal-clear sheen that gleams like treasure."
1603564624,fcfd9eabf56974840288601b8775b6e97dfdfd87df20436c4f1fbe349ec3abf9,"A rare mutated cranberry surrounded by a rainbow aura and dazzling sparkles. It has grown enormous and plump, with a crystal-clear sheen that gleams like treasure."
1428162720,6480ba52ed38df2513e304e11ab9420f470ba6ab9f99f106e43ce9954c4a6d88,Yes! We’ll go on adventures together!
1428191302,d41983f250555edf950d7c999852240e9f406a21fc4b1d7820f07e194d2a3a80,Premium Companion Handbook Level 28
1920604626,d41983f250555edf950d7c999852240e9f406a21fc4b1d7820f07e194d2a3a80,Premium Companion Handbook Level 28
1428257779,b7300ba16540dd6921b545cce637d2fbfefd4fc4f8514288137952469236374e,Ancient Large Plank (Floatable)_Lv3
1428300738,93889c75c5470b12aed90c8e02dbefedf7bbbf498abfb9c79523f8fb02665337,Accurate shot
1428333561,85fec70372b092bb42d021a6d1b373081dde8bcf90feb49e0725e285043fb0ad,Yeah.
1428395548,c6e342721daf0c5ae6b73396721ccea69b9bced68f15cde45723ff3e410a6deb,"Good instincts. But I want an even fiercer clash, so I’m switching my lineup this turn!"
1428420723,6caec1d59de3a7b81fa3c7b27819e43a21a07062ac074a0c1c0e5036e5d826a8,You can use <style=Hint_BgD>Interaction Gesture - Chemistry</style> with this friend.
1428435686,18618ef1bedc42493272381c07e6450ba62ee8f4b02b9141f3d7ce63595259eb,"GoGoHomes’ exclusive token, each of which is engraved with a symbol representing ""home"" on its surface."
1428444808,67c999840df59d56d8712280852dfc7041f3b6b10425ef54ba99ae7693c4650c,What am I doing here...? What happened?
1428475980,9da7b73c430065901dc3b9f718c0fca5e811c936717977d90dd2484cc3306de6,I feel like I’m one with the earth...
1479093277,9da7b73c430065901dc3b9f718c0fca5e811c936717977d90dd2484cc3306de6,I feel like I’m one with the earth...
1428500475,eba9495f7de4c00e315db3dd98f1af6a4744b8bddb9efb776970bddb316d7cbc,"The dazzling <style=Hint_BgL>Prismana Flow</style> will attract rare Aniimo drawn to its energy. Once the <link=""appearHelp_106""><color=#5090df><u>Branch</u></color></link> reaches the <style=Hint_BgL>Prismana Radiance</style> level, the Prismana Flow can be activated. You can also visit other Pathfinders’ worlds to enjoy the Prismana Flow."
1428508055,2d1fa0967dcc729e0b46a4ca18927be20bbb4da47978291b30b6255de488abd1,Taba!
1588289226,2d1fa0967dcc729e0b46a4ca18927be20bbb4da47978291b30b6255de488abd1,Taba!
1793262858,2d1fa0967dcc729e0b46a4ca18927be20bbb4da47978291b30b6255de488abd1,Taba!
1428525619,a8ae5c4e6f9b56d7a530e391e716863f586f1f6b30f57de2161ca8bc095046db,"You? But you look exactly like a Pomawk! Wait, don’t tell me...!"
1428543217,892d5cca19fc5c908778d5f12c767ea7e236a1f57a6c56931c5ae76e1c2e448a,Select Members
1428567843,ab667aff0eb3ce09fdbfe090f5b3081b6298dbf4ab0c1344e21ec113546472f7,"Rich chestnut aroma, warm and sweetly sticky on the tongue."
1428614927,f8ec51cd01b46e1e546e5853e4bda104f7b6e6c40ee9854fc6e3e5f57345e938,Moondew Radish? Waxing Moon Pepper? I don’t think I’ve ever heard of these...
1428616478,fe61487bc7ec7c8ffe8e361e80d36ebb6037b65f7dad8b2c73c1c7af509a08d3,Aniimo you have will be submitted after reporting.
1428649896,f985e551da42de219db56a5b81a99a36b48d760fd0af16c843415ccea3d34e3f,Plot 4
1543061949,f985e551da42de219db56a5b81a99a36b48d760fd0af16c843415ccea3d34e3f,Plot 4
1666555210,f985e551da42de219db56a5b81a99a36b48d760fd0af16c843415ccea3d34e3f,Plot 4
1672591543,f985e551da42de219db56a5b81a99a36b48d760fd0af16c843415ccea3d34e3f,Plot 4
1428655420,292bda22bd5ca6f7b525f87187fc784805e9437c535a818aa4d429b45d4abfe6,Normal Load
1586541961,292bda22bd5ca6f7b525f87187fc784805e9437c535a818aa4d429b45d4abfe6,Normal Load
1428676453,e2935febf6ce77182799f807f007f8b4e0d757f89e0b0c9a26fd6008e7bf9db9,Receive 3 random [Ironclad] holo-gizmos at the cost of losing 80% current HP
1428693629,6e5f3712838fc51d7eeb6a98431db05e04f3c4c595b3d652f42ffe70b47611a9,Nico
1428702948,0c61a5388656f26284c4d8bb1de51da4ffad89bc417821d4b96637af2dfd1a69,Wood Level
1428704856,46ef4299c64638e5fa449683f1f836f6ca70e658416724a6b7f33ab89f79395a,I’ll play Cultie!
1428708770,a932e484ab7799a2c7df31d70a51855feb252dd667cbbfedc6670b58f6e209e0,Obtained by taking part in the Legendary Journey event.
1610160779,80cfe0ad095501fd606c54b5e6b34ce7412cc839bd2ca5cc6bb5cdd65a383da8,Legendary Journey event.
1706666298,80cfe0ad095501fd606c54b5e6b34ce7412cc839bd2ca5cc6bb5cdd65a383da8,Legendary Journey event.
2023153153,a932e484ab7799a2c7df31d70a51855feb252dd667cbbfedc6670b58f6e209e0,Obtained by taking part in the Legendary Journey event.
1428713689,31bb3481ecc0fd397cae48bbd8c7951afc51bad0682b0f89361009e1c3b123d0,Rooftop Loft
1428728715,809afda428afe2700693765fa8ae4a7d0ab7fc77570acfd4bf81fec7409a4c89,Elegant Streetlamp
1706135524,809afda428afe2700693765fa8ae4a7d0ab7fc77570acfd4bf81fec7409a4c89,Elegant Streetlamp
1428734426,8232cb9ab4dece8fe357fd91676bdfc364353c37426deaeb030f7c9e6550da9d,Dream Home
1428762397,ae74a2edcc3f92d77671e18a4ccf16e58f4d1d6d4b52d7619942e6f214cc97ae,GoGoHomes - Warm Yellow Triangular Wall - Large
1777745649,ae74a2edcc3f92d77671e18a4ccf16e58f4d1d6d4b52d7619942e6f214cc97ae,GoGoHomes - Warm Yellow Triangular Wall - Large
1428782322,38815766707732982e6f8dfa39573c0889cf5a334dad31e4cc00833c4b4c8358,Shining Cotton
1460825084,38815766707732982e6f8dfa39573c0889cf5a334dad31e4cc00833c4b4c8358,Shining Cotton
1648705060,38815766707732982e6f8dfa39573c0889cf5a334dad31e4cc00833c4b4c8358,Shining Cotton
1428784017,4a8886336bec60fbf3c496d2213c0db8e06a60b498aec41446a51757d9d62b19,it’s about how much you care for your Aniimo.
389513450,78bfcbe894935aade9b9caffa6b8e78e443bd32072073d07aa0360ddff35438b,Own 10 Aniimo accessories.
1428870700,78bfcbe894935aade9b9caffa6b8e78e443bd32072073d07aa0360ddff35438b,Own 10 Aniimo accessories.
1428943528,2f118a03d4c6fea4c1c09c64550a5b1428f1e674bbe3be3cac8c237efeeedf4f,Looks like Astra has a new star.
1428959515,6c26d0f634747de2514389256e47b9e1e12990bdb23f2bb5daee44d51b6bd462,Leafy Relic
1459471194,6c26d0f634747de2514389256e47b9e1e12990bdb23f2bb5daee44d51b6bd462,Leafy Relic
1492912305,6c26d0f634747de2514389256e47b9e1e12990bdb23f2bb5daee44d51b6bd462,Leafy Relic
1829757357,6c26d0f634747de2514389256e47b9e1e12990bdb23f2bb5daee44d51b6bd462,Leafy Relic
1429002318,287add3ed81685e57d6080d4ca2df80aff489c5e6f4c236b714a3c37734a8efc,<color=#5090df>%s</color> is tired and decides to take a nap first.
1429032500,c8dd19c8e2268c264dc0d98bd9afe852003ddbdcf1326600162cf429f206e308,Switch Aniimo Skills
1429035965,8ace0e13bd8abc6a664d69293036a1d0349cf51a1e6af2d2ae8920a063e0efd5,*sobs* My babies...
1429067482,d4307554cac68ccd9e94d48bd8eeb6ea11f31febb70187ce2d29199e72f343d4,"Hahaha, the greatness of the Bloom Festival doesn’t end there."
1429115319,dcd8060ce2cb45ccd82ab2c4117aee0a1d882e83185f14076639cafe05e36268,I wonder what life was like back then.
1429125733,8ee25dd9011c1e30e5ce5d99620e68f7efac19d8770f71a90744a0f59592dd6a,Lost Sanctum Main Entrance
1852448103,8ee25dd9011c1e30e5ce5d99620e68f7efac19d8770f71a90744a0f59592dd6a,Lost Sanctum Main Entrance
2089581575,8ee25dd9011c1e30e5ce5d99620e68f7efac19d8770f71a90744a0f59592dd6a,Lost Sanctum Main Entrance
1429173460,ea5cc033f0012ab1c8a5b0e766dfa0cc274e52e4ea7531911bcfaab79c013716,"You give me too much credit, Senior..."
1429210155,9537d066ffa089f22ddcf4e87c1c3cb7198318aa6a4fde5d0dd9c897bdd77473,Incredible Forest Egg
1781144397,9537d066ffa089f22ddcf4e87c1c3cb7198318aa6a4fde5d0dd9c897bdd77473,Incredible Forest Egg
2045799668,9537d066ffa089f22ddcf4e87c1c3cb7198318aa6a4fde5d0dd9c897bdd77473,Incredible Forest Egg
1429215736,2e7041b7d708dfe8714bc27f4a0e339332d63be7d215820865a9793e11533347,Charlotte
1429341909,72825906158fbeeba287e76c8e7cc6df69aec16e05003269db42986fbe2ff41a,So the miracle of the Bloom Festival... is Irelia restoring the vein...
1429349518,6180128dbc613a21474a4807822780d434f9cb66db0f6a7cba1aeafe57aeb08d,Aromatherapy - Beige
1667736087,6180128dbc613a21474a4807822780d434f9cb66db0f6a7cba1aeafe57aeb08d,Aromatherapy - Beige
1429401986,ab81b2d493f645aad3fe13342c08fd450b92f1f1bf9a8c27b62fc4c4054bdd51,Margaret
1429466028,56915f284f76929abdc926b2d2ded87fc31746ee8c17ebdd645b88fb5359815c,"Core Gizmo Crit Rate increases by <style=Hint_BgD><customRichText(getConfigData,rogue_talent_data,27,param0)>%</style>."
1429469855,af89ae03cf46dbc2ad02f21888555e1198d2bd6177cbc85ce4c5244d12d36e80,"Wolfie’s signature dish in Astra features ribs tenderized by Scorchhowl with eighty-one powerful strikes, then slow-roasted with fiery fists until juicy and aromatic."
1429513611,bb436fdf961f05b2eb328ed181b5c2a68fe2fe24043717082e8224225911b3a6,Luminelle-Inspired Garden Fence
2002355984,bb436fdf961f05b2eb328ed181b5c2a68fe2fe24043717082e8224225911b3a6,Luminelle-Inspired Garden Fence
1429514489,787ad400304e51d1fa93387a3737c9aa6fde9989838ca0f76c2280d0c53c3bfe,Aniimo Catch Completion reaches {0} to unlock
1429524066,8d9b73587a184b5d49968aa7fa526816ad17f71e7bdb7e9a6b2a791663f9e9be,Clay Teapot
2002798678,8d9b73587a184b5d49968aa7fa526816ad17f71e7bdb7e9a6b2a791663f9e9be,Clay Teapot
1429546210,fae8b88a7f40bd0a1e6780175937c49a4ca1943654dc1f7809735d43d2aa002f,If only I could burrow into caves like <color=#d89c28>Helmut</color>...
1429549753,1216610feecc8295e3169badbe888eccebf66535042cbcb7e32e9879260b6eb1,"Shelly's speed and Shock Wave force are top-notch, try to challenge yourself!"
1791539458,1216610feecc8295e3169badbe888eccebf66535042cbcb7e32e9879260b6eb1,"Shelly's speed and Shock Wave force are top-notch, try to challenge yourself!"
1429560097,db46e528b2204cf982c9b260a9443ba52cbf4f3123d9f028426b53a3adbe5aa3,Prismana Slash
1429594298,f55b50c7a65b728f561d8281e7ad0a6a6562d5a02c9009131d5f9f91366215a3,An egg containing the power of Prismana Turbo. It is one of many Prismana eggs collected by Polaris Institute during the Prismana Flow caused by the Bloom Festival ten years ago.
1429596685,7e54fea2cd705182e5b6d13aa7ea5bd7dbbdb15a61ead4a65f7e4edbea6dba7b,"You’ve got to stay graceful, stay beautiful...
And yeah, you’ve got to beat the right elder gracefully too."
1429613880,08911b23dd36c35e3a59a3254bccb20771014035ffbdd86692af5930501273f7,"During the age of Earth’s civilization, humanity divided the world into five continents based on its geography and landmasses as a way to record their origins, migrations, and development.
Feel free to browse the archives of Earth’s five continents. Please select the region that interests you."
1429614351,e79065223490f7babf9902c3ee166597a681c7e04f1ff6a3f65b670989cb0289,[Trial of Grass] Environmental Effect
1689321202,e79065223490f7babf9902c3ee166597a681c7e04f1ff6a3f65b670989cb0289,[Trial of Grass] Environmental Effect
1429631569,1499aa8ca534abf613f7ab261b5c5dcaefebd58304986a8047ce5b6eae1dd323,If only all the Aniimo we met were sleeping...
1429697170,18914b261c3e6ae946c4b62ec78774c43e9fda1e11bf055ac0c9904b04fb45bd,Constitution
1699587281,18914b261c3e6ae946c4b62ec78774c43e9fda1e11bf055ac0c9904b04fb45bd,Constitution
1429748979,68c97df984df2b22c2ca111fecde6b5cf2139c9084c9f666569f1c320fde5161,"With a little price, fast growth is possible in a reasonable way."
1429751456,e754aa8894a406a2ce1de27c2e87efac845d3d0d634a1b2640a073bc00b89812,Incredible Fulmintis Egg
1429766617,1404e3158d0a991eda5093c9c2af27f0a25f8ad132b25786b137507a926f3f2f,An Attack Amplifier chip with the Blink function. Slightly reduces cooldown.
1496601228,1404e3158d0a991eda5093c9c2af27f0a25f8ad132b25786b137507a926f3f2f,An Attack Amplifier chip with the Blink function. Slightly reduces cooldown.
1429786076,779d80e73b02c945a272130a230e98b4c120bbc3ea608042fba73df347e6c03d,The target will revive in 5s after being defeated.
1825578026,779d80e73b02c945a272130a230e98b4c120bbc3ea608042fba73df347e6c03d,The target will revive in 5s after being defeated.
1429818697,39dc65bbc8bb3c7fc355ace57ae23e9f2e748c6eca534cb7cdda497f07f9fae2,Charging Shield
1847427837,39dc65bbc8bb3c7fc355ace57ae23e9f2e748c6eca534cb7cdda497f07f9fae2,Charging Shield
1429842009,05714673f59d4d30ac1ea53f90d99ef29062ea739c5712461367114a8d735624,A <color=#d89c28>sparkling</color>Celestis slipped away — what could attract it more than that Dreamy Egg?
1429902967,63a132b99408354577bad701d54c907c204078ba5b139c4c7b90745a7f518ef3,Select [<style=Hint_BgL>Wheat</style>] recipe.
1429903502,7cb0d0ae5c67720e8f968dff6b36794362d0d7eb1b4976483730e458c67f37f2,The Sea of Flowers Assessment
1429925127,e406c89a8f2209c655493f46d9ebd57503b8d4ac80a712d68647c1601159ef43,Download Ride
1429943812,a466a4324c3f8801ceb230a323e5fbd09c862686fa77b7c254f14d28a08da81b,"With an anguished cry, the dragon flees in disgrace,
leaving its glittering treasure behind..."
1429960736,8ab6c139f6f80ce0e0520286930f39ef9e153241c69b146ea5cd394ac9bf067e,"Finally, the research has been successful! My great invention, the [<color=#d89c28>Spherical Bomb</color>], if cleverly placed under a specific structure, can definitely [<color=#d89c28>soar into the sky</color>]!"
1430002349,65b7b5956b6a355e84ca2bfe9436d4be4ca1567fc259c5ce0f7b914f1c0dffb5,Lv.10~15
2003442740,65b7b5956b6a355e84ca2bfe9436d4be4ca1567fc259c5ce0f7b914f1c0dffb5,Lv.10~15
1430049181,40583bc09cca1bd3d7434e3314526afdab88941a25d9267e069e69ea4316b9a7,Can’t say I have!
1430059696,d6fcec46c6dfab35cd572c1bdc0a282a3c4cff9dbfae6547479b070aed6b5a63,Warning! Severe energy loss detected!
1430103437,f145cdd1544458d35e7c55ab4f7beaa1672713503249fbbd6fe767d2d8c68d35,Chance to obtain an intermediate chip that can be installed on a unit to improve defensive capabilities.
1430106700,20c1e59d1f407b18e352577b468ab9e7d01ac1290ef7fdf22444d28b6a953557,"The heavier the backpack, the higher the damage dealt. Damage dealt +<customRichText(calcData,buff,6003003,param0,3,%d)>% under Light Load and +<customRichText(calcData,buff,6003004,param0,3,%d)>% under Heavy Load."
1430110423,51d3a382e0e80c2171e82f6bb2b3fc8e9f23624fcdb3480872a9bdd3a79af6ce,"Achoo! What’s that smell? It’s sweet, and it kinda makes me dizzy..."
1430117558,d06933859b8c3bf68c733b71d68de43da00c20bd49238358d5d2feadc8ee7ffe,Press [<style=Hint_BgL>#kPlayer/Jump#z</style>] next a wall to <style=Hint_BgL>climb</style> and get to the next objective.
1430122613,b6af84e7b89c0bad43a3e6d70c849409dfcf5f488d0b79b09a473d1573b39bd6,Don’t Panic in a Crisis
1430129653,fd89d503a42b1fa22ca31147a7d2a07f2a08823e46db7ee319ee281cc8577b86,A flower containing both vine energy and cherished memories.
1954256500,fd89d503a42b1fa22ca31147a7d2a07f2a08823e46db7ee319ee281cc8577b86,A flower containing both vine energy and cherished memories.
1430131814,34d1321c60bf8ff8d70733410fda944aacf7d723418def61a0dcf79c25869384,"The training ground offers training stages for <style=Hint_BgL>different Aniimo Elements</style>.
Press #kCommon/GamepadConfirm#z to enter and view detailed information."
1430156123,12a0964b1068fb18932c8e1bb0e1ccb09e8cd8064451399e215154cc5c2485da,How can I ever make my ice blade as cold as yours?
1430163909,f14a0c0055305d27e34cf0fe10a1d51e5e506e0b264c95cfa3f9e4c8d09281ea,Astra’s New Technology Award 2025 included GoGoHomes in its list of nominees.
1430171385,ea378584db1ce92d67c56bf4bfb8cf577016e011b49b1d03d9667b4453ce5a26,"If only I could run a little faster...
This way... the next stop should be the <style=Hint_BgD>seesaw</style>!"
1430173945,a269f577ffde000768624746019d3606090ba9f620930a8875200b8dc9eeddaa,The stairs behind the front desk lead to the second floor of the hall. That’s the Institute’s internal entrance and is connected to all the main departments.
1430179433,41d6027bb59161bef682b3b77c8a1f19de018867713d6d0d502be3fde7a37991,Bittersweet Dew
1535605503,41d6027bb59161bef682b3b77c8a1f19de018867713d6d0d502be3fde7a37991,Bittersweet Dew
1735329194,41d6027bb59161bef682b3b77c8a1f19de018867713d6d0d502be3fde7a37991,Bittersweet Dew
2048122551,41d6027bb59161bef682b3b77c8a1f19de018867713d6d0d502be3fde7a37991,Bittersweet Dew
1430180334,5d1c04e1039db449a8587435e610f508d2ceb1dea43c342b6444e5d97df56056,This exceptionally gifted Bonesky—Popsicle!
1430191197,715dbbce5db8d3f253e987f9512cadfb30570496e602acd4888e1db114733e14,"A shell shield forged from honor and duty. Beneath its golden gleam lie countless scars, each one bearing witness to the heavy burden of protection."
1785757315,715dbbce5db8d3f253e987f9512cadfb30570496e602acd4888e1db114733e14,"A shell shield forged from honor and duty. Beneath its golden gleam lie countless scars, each one bearing witness to the heavy burden of protection."
1430207512,79bd36a960ce789356637612cabafeb49be8d3905a6618e204cc5d986a1f133a,Wash! Wash! Wash!
1430219277,4e27a7d94b7918cbd734ae26026395198df3642f6fd57f1e59d9a2a663e9ebcd,"The space is finished with muted-gray tiles that boast wear-resistant, slip-proof, soft and delicate surfaces."
1516831774,4e27a7d94b7918cbd734ae26026395198df3642f6fd57f1e59d9a2a663e9ebcd,"The space is finished with muted-gray tiles that boast wear-resistant, slip-proof, soft and delicate surfaces."
1712654809,4e27a7d94b7918cbd734ae26026395198df3642f6fd57f1e59d9a2a663e9ebcd,"The space is finished with muted-gray tiles that boast wear-resistant, slip-proof, soft and delicate surfaces."
1715804425,4e27a7d94b7918cbd734ae26026395198df3642f6fd57f1e59d9a2a663e9ebcd,"The space is finished with muted-gray tiles that boast wear-resistant, slip-proof, soft and delicate surfaces."
1430249017,e9f1d9a7a21d5a036139711f31abea982db6e2123b17ee0efaa040dd4f41e925,"Lumin Crystal *9,990"
1490491479,e9f1d9a7a21d5a036139711f31abea982db6e2123b17ee0efaa040dd4f41e925,"Lumin Crystal *9,990"
1430320288,6455fd4fd3b6845c94e84ff852f206a95afcd54e775d454da1de0fe079f79aa4,Select Test Product to List
1430321184,e98b5b23886255a5dfadb5f2944342b8a4e00cc6d6f836a33a7f126a019abf88,Select Auxiliary Facilities tab.
1430321511,aeb0242b49627756e1815ce32ce8c807016f45054d4bd8c142a75bc4d4dd7db8,Ice cubes are embedded in the ground... It seems they cannot be controlled and grabbed by Gravity Pull
1430324126,97d09ed1f34654dc98e918d9a6d4d8687bf385da6c650dcfd17337d5cb806087,"Challenge Memory: The Faded Rainbow, and spend Primegy to claim chests."
1623848285,97d09ed1f34654dc98e918d9a6d4d8687bf385da6c650dcfd17337d5cb806087,"Challenge Memory: The Faded Rainbow, and spend Primegy to claim chests."
1430324820,d54bcec31f65075115baba9b86916623d8efb00edf5d773a17cf53d2373725b2,Reset Astra Carnival Park voting data
1430335089,43da60e40c935407a98723b746be35126dd6ef13ae2f03323e99bf1ee2cb1189,Boiler Chicken
1479307228,43da60e40c935407a98723b746be35126dd6ef13ae2f03323e99bf1ee2cb1189,Boiler Chicken
1430361731,824c89a8583c9a0a10bd9afc1afccd6686eac8fba7c230206984aa092b4d2972,Counter!
1719046922,824c89a8583c9a0a10bd9afc1afccd6686eac8fba7c230206984aa092b4d2972,Counter!
1944397520,824c89a8583c9a0a10bd9afc1afccd6686eac8fba7c230206984aa092b4d2972,Counter!
1430379381,fe0bfddc473c4c9686ca58014cc93fb658dfa2d3017f0720a14fdb370e14c728,Top-Up
2005890835,fe0bfddc473c4c9686ca58014cc93fb658dfa2d3017f0720a14fdb370e14c728,Top-Up
2106263079,fe0bfddc473c4c9686ca58014cc93fb658dfa2d3017f0720a14fdb370e14c728,Top-Up
2119692942,fe0bfddc473c4c9686ca58014cc93fb658dfa2d3017f0720a14fdb370e14c728,Top-Up
1430382122,dce88c29de615438681a0196eace3d34df3b1d37b17b7b1dade0801220589b59,Momo
1471136190,dce88c29de615438681a0196eace3d34df3b1d37b17b7b1dade0801220589b59,Momo
1549994351,dce88c29de615438681a0196eace3d34df3b1d37b17b7b1dade0801220589b59,Momo
1913604596,dce88c29de615438681a0196eace3d34df3b1d37b17b7b1dade0801220589b59,Momo
2047381517,dce88c29de615438681a0196eace3d34df3b1d37b17b7b1dade0801220589b59,Momo
1430387233,bf2f8c330fe26092359f2c9a65f6ca43c7284a128dfae9127c756c5bc24d856a,Big treasure!
1430405706,b9d63a9281f25b2042a77970f6daf4ea88b8ac50f3795476ba2aa596b69b4866,"Want to hear even more moving music? If you win, I’ll give you my precious badge!"
1430407133,b1b37bc48e1075f2a00cbbe2f9d0545000a23af6cd69ee8f8f42b43e8a7e2027,Let the raging rain write the chorus for thunder!
1430408759,20e9d1ad6a462dc184957d5388a9eee304c1e4b7b3df4ed4280f449f9426fa40,"Yeah, seems likely.
It looks far more impressive than those Hummins."
1430411040,f515c6d86283893b8815066387f000094ed8e2e32c42ec7cc9e12e7955dadf9e,The Aniimo are waiting. Time to set off — destination: Idyll!
1430428768,14c565d8c674d0e594a0896bd30d817d06187aedc6137f690d7fec544dede8d5,Induce
1746650441,14c565d8c674d0e594a0896bd30d817d06187aedc6137f690d7fec544dede8d5,Induce
1430454538,cabe5a12b78dc7f07e568518559e49b6f481621fc229e395206c7c735d93f2c6,Astra Collection
1551820058,cabe5a12b78dc7f07e568518559e49b6f481621fc229e395206c7c735d93f2c6,Astra Collection
1430457584,738c53c66df48a42931798f27a2f6d8332f166efc1775b552dd44f41577a3f37,Forgotten Beach
1728828580,738c53c66df48a42931798f27a2f6d8332f166efc1775b552dd44f41577a3f37,Forgotten Beach
1857372792,738c53c66df48a42931798f27a2f6d8332f166efc1775b552dd44f41577a3f37,Forgotten Beach
1430526845,e61c835c017750106fcda6665ef4cff50c64790d36d0da316867a40f65e1decd,Flower Pattern - Green Rhombus Sloped Wall - Left
1597548109,e61c835c017750106fcda6665ef4cff50c64790d36d0da316867a40f65e1decd,Flower Pattern - Green Rhombus Sloped Wall - Left
1721285225,e61c835c017750106fcda6665ef4cff50c64790d36d0da316867a40f65e1decd,Flower Pattern - Green Rhombus Sloped Wall - Left
2106212503,e61c835c017750106fcda6665ef4cff50c64790d36d0da316867a40f65e1decd,Flower Pattern - Green Rhombus Sloped Wall - Left
1430537008,34932081a9a7573a90f913f8b0ff588b1a91f14bb87b07e95d3689d9e06aafce,"Every <style=Hint_BgL><customRichText(buffConfigData,91201073,duration)></style>s, the next skill applies <style=Hint_BgL>[Curse]</style> to enemies hit for <style=Hint_BgL><customRichText(buffConfigData,2120308,duration)></style>s. Dark basic attacks restore <style=Hint_BgL><customRichText(calcData,buff,2120308,param0,1)></style> EP when hitting enemies with <style=Hint_BgL>[Curse]</style>."
1430546746,ac583b89236db65e15d83a60980756f242d031bd832c994cda494ded8f3d6848,A gray ice-blue building block for all kinds of structures.
1864883041,ac583b89236db65e15d83a60980756f242d031bd832c994cda494ded8f3d6848,A gray ice-blue building block for all kinds of structures.
1430548652,59761248cd27a1f4b60cdcd373bee2eb9609133aecd1c9a9eaeb8e5557e7075a,Melloblum pokes Aster for the third time.
1430587955,d580cd92091bbe7b906f86a9ba4d71e4026f14db86b611552519b9497580a734,Timber & Table Set
1831536452,d580cd92091bbe7b906f86a9ba4d71e4026f14db86b611552519b9497580a734,Timber & Table Set
1430599971,26901eeda3b27dae03e02ed92d2af1757fefe9929a2cbaf8bc17e193256d1ba8,By Type
1430630225,5a28fa1fccb69b988973e02d1f11e68f601eafb869d9487396c2c1210aa3da9a,Lydia
1654035601,5a28fa1fccb69b988973e02d1f11e68f601eafb869d9487396c2c1210aa3da9a,Lydia
1430668948,891a0b28fdf9ea2c34530acb8acce7c8f3dbf4831da07a3194bec28c65c49fda,Like this?
1430702281,a145ab342a4a3b94aa05536d099691282a5ef3f4aea2ee1a080ddade2718cfb3,Followers
1430704727,e5e8bf6305a548227773c635e57e6858b6f3665a75a3235a5db11a470a820b7a,"When applies a debuff to a target, Wind damage for the whole team increases by <style=Hint_BgL><customRichText(calcData,buff, 91441021,param0,1,%d)></style> for <style=Hint_BgL><customRichText(calcData,buff, 9144102,param0,1)></style>s."
1430761170,abc7e9892806b047b4d4786b3685285543f76ca314c4c76246d5f6544c7856c9,Files
1430775646,3b026ae7b58be0787c86cdbe930f18036ec7b59c1e4b5eac0feecadf74914361,Quick Training
1769726066,3b026ae7b58be0787c86cdbe930f18036ec7b59c1e4b5eac0feecadf74914361,Quick Training
1430789684,6729c096d7140e08ea981429304f09fe93f43d506bf6dbf5a49a455565a0dec6,Accompanied Aniimo for 50 days (placeholder)
1803210773,6729c096d7140e08ea981429304f09fe93f43d506bf6dbf5a49a455565a0dec6,Accompanied Aniimo for 50 days (placeholder)
1430884950,84288ae3c07fa7e89506251489f1df6ad446351336e5da0325280ba078fec43f,Sir... I’ll come back later...
1430911696,35baa3d25c870b3eb966c8284b2b17ede1f4d2aa0f646ce8ebe61be40785a6cd,Exclusive resonance material for the Cubbo family.
1430941241,ad08bac4498b6fec0574a2449e558035f5bac25d9a6b619fa5c78c6c0bc2d1cc,"The wind will guide the way forward, and accompany the traveler on their journey."
1430976688,5badc4f6c85aae8250c8bc06d37e7cb9289da59fcdb8028409d2c33c82095e55,Reduces Damage taken from units below Lv. 60
2066960525,5badc4f6c85aae8250c8bc06d37e7cb9289da59fcdb8028409d2c33c82095e55,Reduces Damage taken from units below Lv. 60
1431026015,9d891e9d8b3cbc471e2a4a88546c299ff3685d17b574a9b16a1471ae6154969a,Square Planter
1981729676,9d891e9d8b3cbc471e2a4a88546c299ff3685d17b574a9b16a1471ae6154969a,Square Planter
1431033443,73ed17bcf08fc414738cab69aa31c98ce552ac8ee092a6f52421c672d43ee735,Defeat as many targets as you can in 120 seconds
1879359382,73ed17bcf08fc414738cab69aa31c98ce552ac8ee092a6f52421c672d43ee735,Defeat as many targets as you can in 120 seconds
1431035275,59bfe2ad8bab92d083079f61706e1a2f4f4f25b198dbc2310d09c2973f11c27f,Place 13 woodlands in your Home.
1431058292,db50dae36146bf2927a5744920d62f0518819827cd2cdd83e8202d75afc218a8,Is that... a line of Bolties?
1431062131,bbe7a2a49321e7af1a1a09cd22fd55d309de428598d6df61fd4c471ac11ffeac,{0} canceled matchmaking.
1431083082,4f6403551cf7da2fadee005d7d9508972af1bde65e0491bc4958aafba47e3506,Illusory Intermediate Vigor Chip
1933367159,4f6403551cf7da2fadee005d7d9508972af1bde65e0491bc4958aafba47e3506,Illusory Intermediate Vigor Chip
1431102902,bf0f546029f580193674ac96e07d02eff728400cfa11819168246b0e7c6eeb08,"A sturdy, stately alder cabinet lined with soft cushions to create a cozy Aniimo den. Its only drawback is the rather poor soundproofing."
1683844292,bf0f546029f580193674ac96e07d02eff728400cfa11819168246b0e7c6eeb08,"A sturdy, stately alder cabinet lined with soft cushions to create a cozy Aniimo den. Its only drawback is the rather poor soundproofing."
1431103520,3bc4d03611678509c2dbf496bdcc32e9f0ff8a01d5589e9f6f1ef308c116723c,"Just when we thought it was all over, a legend returned."
1431103874,a3a9880e2fb44223559e36656f5db77017ff64c633b9456ffcec528a349b56cc,"I hid the chest in the corner. It’ll be safe, helm!"
1431109961,ff96546de02b4fad2cfe1bd90bae5055295b106eda3a5f1f452581c1c5bb9a93,Play Effect
1431129143,2cbb0e1b7861173dfbe63dffefefe0c50c901991f33007ed4147b4d8bb389255,Seriously? Another challenger...? Who keeps telling you people about me...?
1431132228,24fcec53012bf633d2fbe89d588caaca337d566292eb0cbd0cc3b5d370393aa7,Fentuft Inspector
1933342031,24fcec53012bf633d2fbe89d588caaca337d566292eb0cbd0cc3b5d370393aa7,Fentuft Inspector
1431159401,0c3024c907ef81dfeeaee01d6f5b050bf57bbc9aa6e1fb0fa92eb6aaf948d2b6,Show Sort Info
1431164701,4dbdd221e957eff27cc47796f3ed8447290f71c7ad8b95e5bd828b31c1858f15,Partition
1431175933,52791ae37f3fd2003f0c616d0be46b1ab5463e972dfc9e40384ab123a5754697,Contempt of the Strong
1431186605,7bb5846a754931e3fa0504b65aba26b2595bfd049c7c990e0ce9df3d094922c3,But you don’t look all that happy...
1431233087,9f71f5c54c9d2c7d4b30516ef6796e83a1cdd522d33672ebc3dd4024ce27ae3a,"Well then, it's about time. Let's begin the Assessment."
1431240997,23f7c23e02a7cd0b04ba08df583c66fd0162ede06ed8d80385a8a36b3e0c4238,Guarantees a 150% damage roll every 6th hit.
1431247977,764c9502957839dca5994e49cf0da44b87b37bb5ae4a26c398fe76ed2894d997,Heisser
1504721183,764c9502957839dca5994e49cf0da44b87b37bb5ae4a26c398fe76ed2894d997,Heisser
1431258841,a6398ff59065c4bcc5c575db42f8369254b49b527a26aca5b133a521547f6d21,"Cinderclaw was once an Omega Flameruff of an Emberpup family.
In his youth, he was the flashiest Emberpup around. Every day, he chased the old Omega’s tail and challenged him, getting a mouthful of mud every time he fell, only to climb back up again. Then one day, he finally won. The old Omega gave him one last look, then turned and walked down from the peak.
""I won,"" Cinderclaw told himself. ""I am the strongest now.""
But he soon learned that becoming the strongest was not the end. It meant more challenges.
Young Emberpups challenged him one after another, each trying to prove they were stronger than the Omega. Cinderclaw defeated them again and again, but every victory left him a little more tired.
""Am I getting old?"" Cinderclaw began to ask himself.
His flame still burned bright. His strength was still mighty. But his heart had begun to age. He started to fear defeat, not because of defeat itself, but because defeat would mean, ""I am old. I cannot do this anymore.""
That feeling reached its peak on the day he was defeated by a young Emberpup.
That day, Cinderclaw lay on the ground and looked up at the young Flameruff standing before him, eyes full of hunger for victory. Cinderclaw remembered himself from long ago, the Emberpup who would not stop chasing the old Omega’s tail.
""I lost,"" Cinderclaw said. ""The Omega’s place is yours now.""
He felt a wave of relief, followed by a crushing sense of loss. He did not know what else he could do. He had been the Omega for too long, grown too used to the pack looking up to him, and forgotten how to be an ordinary wolf.
""Maybe I should go to Thousand-Fang Ridge,"" Cinderclaw told himself. ""Now that I have set down the burden of being Omega, maybe... I should go wild one last time.""
He challenged Icho.
Then, everything ended.
With a single strike, Icho knocked Cinderclaw down. Cinderclaw lay on the ground of Thousand-Fang Ridge, gazed at the withered Ridgeback Trees, and suddenly laughed.
""I really am too old,"" he said. ""So old I do not even have the strength to stand.""
But after he fell, something he never expected happened. A legend began to spread across Beast Fang Ridge: the ""Immortal Warrior.""
They say that after the defeated old Omega left the peak, he still left his footprints all across Beast Fang Ridge. He taught young Emberpups how to fight, helped injured Emberpups find their way home, and even drove off an entire Bonesky family alone during one raid.
""He did not grow old. He just found another way to fight,"" said the Emberpups he had helped.
But Cinderclaw did not know any of this. He was trapped in Thousand-Fang Ridge and became an Inferlupa. Around his feet was a chain called ""old age,"" and over his heart lay a layer of dust called ""powerlessness.""
""I am too old,"" Cinderclaw told himself. ""Too old to do anything.""
But he did not know that beneath the peak, flames can still burn. Leaving the summit may not be the end. It may be the beginning of passing on the torch."
1431261770,663cd1d6fca75c219b45acd7e1933b676e6579c80c03c0b75fb5a4e01b4740ee,"After a skill defeats a target, you will teleport behind another target, recovering <style=Hint_BgL>{param0}</style> EP, and increasing ATK by <style=Hint_BgL>{param1}%</style> for <style=Hint_BgL>{param2}</style> seconds, and stacking up to <style=Hint_BgL>{param3}</style> times."
1431282362,ce70484f44430e11a4cb467ef5820e04b5be00f0b59d8cec4eed5a70326898fa,Homeland Now Available
1431288507,e699aa1933dbf9b16163f85c0d12deba9aa2c8d4873a80be25ebe606acee225e,"Upon completing the training, you can receive various rewards such as <style=Hint_BgL>Glimmers and Sparkling Crystals</style>."
1431315230,fe24d8909417eca41c108e6b7257621392ec560c1a6b6cf45b9c8afdd720002e,"Hehe, didn’t expect to see me here, did ya?
I heard you were headed to Bloomville, so I came early to wait for you!"
1431345518,94ddf8fde9c5549f2d482b01dcd6e2cb8edd10f8f7095e71cb2a45eafdedc6d4,Level 50 Training Certificate
1431348565,7754925f92ee2089354f95966bb189a9f41eccc3f08bb71bc3d788610d6995ed,Mark Name (Placeholder)
1431400727,c53ca3e5658d2074c2416fd4a4b1d7153be983583fb39b989225265977e1e77f,My high pitch is so unique—
1431410173,35f773f04fc7d17697996ade6cc4faeef44c5ad439d998ac410787f715e5a2cf,"Hi, I’m here to pick up my supplies."
1431426076,e91165467728a8609e50e5e986779e36ce584016e8685c862d87695ae85d8692,Incredible Highland Egg
1553803367,e91165467728a8609e50e5e986779e36ce584016e8685c862d87695ae85d8692,Incredible Highland Egg
1847522692,e91165467728a8609e50e5e986779e36ce584016e8685c862d87695ae85d8692,Incredible Highland Egg
1431442322,a6d3f4ae28cf6071d3793715858b0a48a516cde941722e6cc9fbbd306e3e1d59,"Copy source Roster index; 0 means current, -1 means clear"
1431500201,e83eb3bef851ef237343401c2854b830b47cee17b7a357c7d12184012fb46b4f,"Now, let me show you what I can do!"
1431522249,9149eaabb0dcd299a2e642386c25cb7503325d2ffa6632b4e98e4025133b99b2,[Press and Hold] Open Menu
1647373383,9149eaabb0dcd299a2e642386c25cb7503325d2ffa6632b4e98e4025133b99b2,[Press and Hold] Open Menu
1736958454,9149eaabb0dcd299a2e642386c25cb7503325d2ffa6632b4e98e4025133b99b2,[Press and Hold] Open Menu
2024820354,9149eaabb0dcd299a2e642386c25cb7503325d2ffa6632b4e98e4025133b99b2,[Press and Hold] Open Menu
2064404725,9149eaabb0dcd299a2e642386c25cb7503325d2ffa6632b4e98e4025133b99b2,[Press and Hold] Open Menu
2103225257,9149eaabb0dcd299a2e642386c25cb7503325d2ffa6632b4e98e4025133b99b2,[Press and Hold] Open Menu
2123623027,9149eaabb0dcd299a2e642386c25cb7503325d2ffa6632b4e98e4025133b99b2,[Press and Hold] Open Menu
1431557427,4580dd28a4fa8ab83d448122def2c2a8918d2f61fd1c150fe5faf72dae130d7b,"May appear in the snow mountains of Rosetower Woods during Prismana Flow <sprite name=""UI_Img_Weather_Rainbow"">. Only one can appear at a time, and it will not respawn."
1431595520,688783d5e92452c7a50035ca26741355f41f50807e27a634b68005119deebcc3,"Allows you to master advanced catching techniques, increasing the success rate of catching level 10 and below Aniimo by 20%"
1519218520,688783d5e92452c7a50035ca26741355f41f50807e27a634b68005119deebcc3,"Allows you to master advanced catching techniques, increasing the success rate of catching level 10 and below Aniimo by 20%"
1431633070,b74ebe1543d48fa1bb7168d9630717a89f948bfff5d94ce76e955a4128e7a101,Change Personality.
1431646232,e7f86dab20bfeab91a4625846ffca84bcc3bcb4e4ea15ccdb302d0d3b245f870,Settings Unlocked
1431663155,e20821b54c00670666aa2115dea26eb08a6e548ce8deb64f4ca00a054c87eece,Phase 1
1431686977,24d93c25ad91c0f7bfe771052a26300867454e228731ea640252df4ee8f3b570,"Extremely rare potato with dual mutations, enveloped in a rainbow-like glow while sparkling with dazzling points of light."
1883828093,24d93c25ad91c0f7bfe771052a26300867454e228731ea640252df4ee8f3b570,"Extremely rare potato with dual mutations, enveloped in a rainbow-like glow while sparkling with dazzling points of light."
1431732271,eb2ac4f70442f7081a5e6394474915a057e65d4ce90af8b13b044b9db006615a,Verdant Boston Ivy II
1593338173,eb2ac4f70442f7081a5e6394474915a057e65d4ce90af8b13b044b9db006615a,Verdant Boston Ivy II
1431750905,dde165be7a4a9ea4e9fed13ee3eae5c02c26f5a39d1565c30d2433ccbee07c47,This Aniimo is a special variant and cannot use this Alpha Sigil.
1431776654,5a547b12dfb16d313c7517dcf50fbccd9ff676faef55a65c2c0d2426a1980663,Urban Beats Base 1
1431785065,5a0162e5766499e07ec0a20a90db71a36a465a042daca31ac1ea986b1ec429fa,Collection Master
1561441253,5a0162e5766499e07ec0a20a90db71a36a465a042daca31ac1ea986b1ec429fa,Collection Master
1431813807,a09b7ee65868687e0f9a6597808051bba7c60f240a53673b98c4c5f5343b74a9,Thanks for trying to cheer me up. I know true friendship won’t fade just because we’re far apart...
1431857039,b90fd8dfb87692e090579036d0e6f077b84028aa8a33176cd0b018f3cb6c0143,Hmm. I admire the way you see AI consciousness as an independent individual.
1431860483,5d260f1c12ddba6d268f5e0fbd1d5918e012dab1cd0d18ecff99ebc23276515d,Water Region Tides
1431863108,301c99c3bc7622ba13f1578c481619d7413bef795ff8358e62feeca05002565f,Spring Surge
1431905180,20cf3b0583e3ba0df3de218100e110a18a3e93f8f39bfc2f3a2654a28748d22b,Find and attack the real Ignitis to destroy the other clones.
1431908166,fadd09506f457cc223629a04df3c2a2f91b8f3cdd18dd83f84e8f6aac411e023,Dislikes Rain
1432008329,d1e9f1a7128ae63196d9f0767d14cae617827dd2898faa678caa756176b2fbc3,"I’ll have you know I’m a celebrity in the art scene, a master hailed as the ""Monay of Today"" and the ""Modern Van Coe.""
My works are almost impossible to buy."
1432032544,0ed01f1dabb47743969f119ad405c6d441b3d99b5a00e4cff74e9b4b4d5b6fac,"Softly iridescent, graceful and sweet."
1620338391,0ed01f1dabb47743969f119ad405c6d441b3d99b5a00e4cff74e9b4b4d5b6fac,"Softly iridescent, graceful and sweet."
1735647882,0ed01f1dabb47743969f119ad405c6d441b3d99b5a00e4cff74e9b4b4d5b6fac,"Softly iridescent, graceful and sweet."
1432039371,c3ea5bf706e433a11fad5d5d13c99621f2d29d42c2fd57bf486616330f54e12d,Counts
1432044605,e946c0ab28354955b5a54486c0e968623fd9204885a922c17d7bb42f98a529bb,"Of course, a human body cannot control the Arcanum of this World.
But let's save that topic for another time."
1432048535,8180fa1d603dc8ade8875bec249186a5c532ebdab2faee3161cb78953c4d130a,"There was a <style=Hint_BgD>weird model</style> nearby, and after I touched it, it turned into this."
1432050434,b083634e450b30b7ecddc4ea9608fec87e83b55d01b464e3f157da8dffbfc41b,"Always has <style=Hint_BgL>20</style> stacks of <style=Hint_BgL><link=""source_8038""><u>[Fire Debuff]</u></link></style>. [Trick Fire Ring] applies <style=Hint_BgL>4</style> stacks of <style=Hint_BgL><link=""source_8038""><u>[Fire Debuff]</u></link></style>, while [Fire Orb] applies <style=Hint_BgL>3</style> stacks of <style=Hint_BgL><link=""source_8038""><u>[Fire Debuff]</u></link></style>."
1432055602,a5b0985320b86321c67229f41a1413cc68fa44175f38d0cb79df31dab543d9fd,"Increases movement speed by <customRichText(calcData,buff,6003001,param0,2,%d)>% while in egg form."
1432077489,6cb0db0b70650bb94ba21934a278004ae23a0d7b1648a0238b514cadf48d7519,Skyreach Tree
1518315673,6cb0db0b70650bb94ba21934a278004ae23a0d7b1648a0238b514cadf48d7519,Skyreach Tree
1432134751,d4d1118b267e9ef49eb4e84f8384227b22f8d6f8a5187c60418bc4b602596478,Unlock plot 22
1432156704,605584cb899d134e5478ea84455f16f68056159c8eda110bf8ecd6907c2a4b56,Feather Primegy +1
1432162199,f6176e19f0913fefb21042c3690cfb9056be73049dcc94c46fbec2e0754b7b8a,—It’s these fists I trust.
1432173862,4810c1aeec3036a2b88669a40590aac6e4d3dacfaca720c3cb0b8834a93844da,Bolu... Bolu! (It shook its head)
1432205791,2c86d49ee04e33ba7a0fd9439730d607bd1b9b45982b10c4b93e3b363ffc9400,"Still, it was never satisfied. It always grabbed its mud ball, tried again, and rolled another lap."
1432224153,2dbc546658ab711da8f214fdeaba7389cc7068a69b4b7324ecdd94ca5ede6ba2,Already exists
1610244216,2dbc546658ab711da8f214fdeaba7389cc7068a69b4b7324ecdd94ca5ede6ba2,Already exists
1432261569,9dd4c095a4a6ff1757f25474dd6016f4e674bf3759741f41e038e76902c55a6e,"Grass, want, give, butterfly, sing! Daba~"
1432276875,71d536bfa8f8e9784d041531659baeaedf685be179cadab3e2b57143e6598e71,No Aniimo available
1756774167,71d536bfa8f8e9784d041531659baeaedf685be179cadab3e2b57143e6598e71,No Aniimo available
1432280089,f783183ea1348b6cb97bdf2d298984e64e1d77e16a78e6ecf6884ffc9d8f72d4,Twine with Ignitis and enter Cloak near an uncloaked wild Wisptis.
1432371467,60fb5ad0f3cafb445ab41420310a0828c9b6c0878978cdd50821730e37a1ae01,I’m cleaned out. Not a single drop left!
1432384819,a1b9c7414633fb2c0cf0ead060828b623e22622043409bea19e42106e5e947f2,"So I've decided to invest in you!
From now on, I'll give you a 9.99% discount on everything you buy from me!"
1432390916,6dc7e19ed1099b0728c16c33ff75714987f24ba7d77da0129fb60ee8722c1683,"In order to catch more Aniimo, our new batch of tumblers needs raw materials of excellent quality."
1432396171,5da59c8d3eb16cb9369849e4bbfcba9778b1fdecfcc6f7de4df00d8cda0b3035,"Here, you and your Aniimo can absolutely grow side by side and become the perfect team!"
1432415478,f4951cc72960a4206e4f29ef6f04013c07288514598a7aa9f9da2a310217cb98,"All Pathfinders who chose [Highland Form] as their investigation direction, catch more <sprite name=""UI_Event_ResearchCenter_IconShining StarShiningStar""><color=#e1a347>Perfect</color> Aniimo to enhance the research effect!"
1432419073,c068b907785edae20083acc2c83ac8f56531cf14306ee6573ceabf826228b6f6,Chat messages<style=Debuff>support</style>rich text
1432451732,a085739eed4f083668811a79ae5ed1ecead2f7f40a1347aef6eee0efc2767e66,Enough talk—try <style=Hint_BgD>reporting</style> once for yourself.
1432464429,bc6bf2889829605ffc4719ae2ce761cb6ba63b3452a64ae2d6ff58a57fd691bf,"Infused with the scents of forest, sea, and flame, this legendary incense was boldly crafted by a young perfumer. Said to be a recreation of the incense offered to the Aeon of Zephyr Coast, with an even more mysterious and luxurious scent."
1432500841,33feba7c920abc9201c3e53feef923c294366f42980ea7a3f24f83e70b4495e0,Female Villager
1432513993,33f4ff95c6aadad18e3bad82cb66070671f9013d42920c9dc8bd14911043b435,"Sweet, juicy jet-black seed that will grow into lush vines."
1432520762,dfcc36daead50ab458ff8fb4c9e4b2134ec69cbca395dbc78733b792dafc5553,(They got really roughed up...)
1432525792,6b1d354876abf8fba65244a11fe4ec373c1d3c7fec1c3dd8c691490c763c42e0,A flower trellis for your Home.
1932055262,6b1d354876abf8fba65244a11fe4ec373c1d3c7fec1c3dd8c691490c763c42e0,A flower trellis for your Home.
1432543270,c8e461165e1b8fec669df157ab5c1adfc1b64ea0e0c2ac6213bc7d5f8b5adb7e,"This badge is a mystery, known only to very few."
1432549718,81420d4f9e59b13b1980de6fe767a105b293f381f11bc28592f0cddadec84922,Set off fireworks
1432557255,67f9f733fd7fadcc1d599365bb0784710bfe275ad9e94f6e919b166adf6b208e,Yeah!
1432560762,b3c4b3bd481d7819d43fd4342b64e382a70960a53ea387683a6b70dd85cc3bf2,Woof! Big castle! Big castle!
1915211221,b3c4b3bd481d7819d43fd4342b64e382a70960a53ea387683a6b70dd85cc3bf2,Woof! Big castle! Big castle!
1432573809,05f54ec9d9a3bf591eae925f9cc2c19121b69041e6588270e0b6aed2cbc0d66c,"Blew up the kitchen?! It wasn’t that bad. I only burned two curtains, one rug, and my instructor’s beautiful hair.
Instructor’s completely bald now. Saves a fortune on shampoo!"
1432576363,c5207ce9e3f5edf10d8c4520a5e34063caff71259005e0534386018de5906485,"Modify the Health of enemy Aniimo within the specified range, up to the specified maximum number"
1432595667,fda39eb70c722e514af9eb87eb391ed0ecd38c0a7fd40cc682201e9772ad0365,"You hand the gathered aromathysts over to Arlo. A Dewy and a Flutternym help activate the perfume-making device, where the aromathysts melt together with the scale dust into a thick perfume essence—the base for the perfume blending to come."
1432595934,8538ad502a28dba0d4c02c55016a2db7ae26173c675e463acaa1daa364e943a1,"""Clovis III"""
1529098777,8538ad502a28dba0d4c02c55016a2db7ae26173c675e463acaa1daa364e943a1,"""Clovis III"""
1541169599,8538ad502a28dba0d4c02c55016a2db7ae26173c675e463acaa1daa364e943a1,"""Clovis III"""
1578017162,8538ad502a28dba0d4c02c55016a2db7ae26173c675e463acaa1daa364e943a1,"""Clovis III"""
1640759337,8538ad502a28dba0d4c02c55016a2db7ae26173c675e463acaa1daa364e943a1,"""Clovis III"""
1717520280,8538ad502a28dba0d4c02c55016a2db7ae26173c675e463acaa1daa364e943a1,"""Clovis III"""
1793951571,8538ad502a28dba0d4c02c55016a2db7ae26173c675e463acaa1daa364e943a1,"""Clovis III"""
1957066728,8538ad502a28dba0d4c02c55016a2db7ae26173c675e463acaa1daa364e943a1,"""Clovis III"""
1432633943,a5e142c58a880d9122740e7da085d7770271e3df39fe060fa0732cabe41aee16,"Yep. You already upgraded the home’s core system, right? Then the <style=Hint_BgD>farmland</style> in your home can be <style=Hint_BgD>upgraded</style> too."
1432662807,46d78d3bd9a706059318879d2661c1d5a54b66b4cf7fe0f0a929947f1e9462ac,Seismic Wave
1696118342,46d78d3bd9a706059318879d2661c1d5a54b66b4cf7fe0f0a929947f1e9462ac,Seismic Wave
1726435832,46d78d3bd9a706059318879d2661c1d5a54b66b4cf7fe0f0a929947f1e9462ac,Seismic Wave
1894522697,46d78d3bd9a706059318879d2661c1d5a54b66b4cf7fe0f0a929947f1e9462ac,Seismic Wave
1432678732,7e706998957b1cbfbaef3056625bc90708f05b4be62f921f62885bd568174c09,Jade-Inlaid Ritual Vessel
1647109642,7e706998957b1cbfbaef3056625bc90708f05b4be62f921f62885bd568174c09,Jade-Inlaid Ritual Vessel
1755857896,7e706998957b1cbfbaef3056625bc90708f05b4be62f921f62885bd568174c09,Jade-Inlaid Ritual Vessel
1432692181,fc52bba7ce32495cd0016aa6995eb38f4765ce812897c81e78778511971e23da,Lumintech
2031243735,fc52bba7ce32495cd0016aa6995eb38f4765ce812897c81e78778511971e23da,Lumintech
1432742678,37723849a113c6a834ea34a8e6cb83f926b2f5a7c9de791ae4d659e0e953e50c,Custom Egg Box - REGEN
1432763541,16321e8c76287539078d2043bef311bd70ac9aead5128acdd2748266d4320604,"Now I can report back to Master Bailite, and Master will definitely be satisfied. Thank you so much! You're such a good ant!"
2110054669,16321e8c76287539078d2043bef311bd70ac9aead5128acdd2748266d4320604,"Now I can report back to Master Bailite, and Master will definitely be satisfied. Thank you so much! You're such a good ant!"
1432764064,a6db77b9e6faec5ce4592d240d97592944362759a76dbb66c5e728c7892c1a63,I just want to lie down and melt into the clouds with the little sheep.
2065892223,a6db77b9e6faec5ce4592d240d97592944362759a76dbb66c5e728c7892c1a63,I just want to lie down and melt into the clouds with the little sheep.
2082396720,a6db77b9e6faec5ce4592d240d97592944362759a76dbb66c5e728c7892c1a63,I just want to lie down and melt into the clouds with the little sheep.
1432783342,aee50408e591802fceebbc76886b6043604573ae50bed6e6dbda70fdd20d1443,Click the <style=Hint_BgL>interaction button</style> to photograph the Emberpup
1432795064,efcec274cd4326aff3c6276c326e17f52f814d15474b14a0b80574979b9c2347,"Hold to charge the microphone, then release to unleash a massive sound wave, damaging targets in front. A well-timed release deals an additional <style=Hint_BgL><customRichText(calcData,ability,14750300,param2,1,%d)>%</style> BREAK damage."
1432836691,94f4a58174b072306e897e159a6f45694b4134793ca4d72305898c415ee87538,"<style=Hint_BgL>Bonfires</style> scattered across the Idyll continent burn with Vein energy—approach one to steadily <style=Hint_BgL>restore your Aniimo’s HP</style>, or perhaps <style=Hint_BgL>meet fellow Pathfinders</style> for a rest and to share natural resources!"
1432902567,333bc93441b4c11d859d36d595dbba0383201f461cf902d4494bf44834801d06,7.5%
1432936626,069a1ff819f66ebb08db559e993ead791a9e2cf263b4cd1d175b8639d235edaa,Trap Ball
1432950513,94b1be2e925e5792e1b873ca18c71c8c394d77b85daa7c0d2622e6f6069dc118,Parent-Child Outfit Mom's Edition
1432950731,3a2093ad6b34b39f7b1176ce66ad1f4c5009be4a26928104530436bb014d4dd5,Box No.1(15/24)
1432981557,5538d14d8d3289c22526da030de3fca4583010f130b5deb3c3b27a6134b83338,Happy Flutternym
1891080995,5538d14d8d3289c22526da030de3fca4583010f130b5deb3c3b27a6134b83338,Happy Flutternym
1432983610,d37f12e7d517c02f09868fcfc9e4510cea23b58c4413fca8112776e6f431af23,Watchful Helmut
1659302634,d37f12e7d517c02f09868fcfc9e4510cea23b58c4413fca8112776e6f431af23,Watchful Helmut
2075671662,d37f12e7d517c02f09868fcfc9e4510cea23b58c4413fca8112776e6f431af23,Watchful Helmut
1433037408,296ec66a4c858a48cd9f9ee49934a42b861076fc738f61d504c35e4a08fc038e,[Daily Activity] Rewards Auto-Issued
1433049988,28e3e479e087b8b42748d6025513df43d317ad86274ed1b6f647f9c8696a8ddb,Trait
2085561028,28e3e479e087b8b42748d6025513df43d317ad86274ed1b6f647f9c8696a8ddb,Trait
1433157566,a687ccf743b4d7ff409f4d8f7cb746bb2027c80e1a55dc1ca0bdc6843e14954b,Now I can learn Oldest Brother’s moves!
1433181004,91e735801bb92d4be39b157d8c65c05f7c911d9e40fbe46d8dd84a6986ef8837,Hide All Track Marks
1433217559,564821f1b9184c9b356cc1eb3bb9a4dbd454a433066d0e20fed60c461bef0a7e,There’s a notice!
1433241477,ef6f96da6a9358c8879b6ae9b96f8f0f146ae17c0bd2c7212deee5c02e97daac,Sea of Flowers Form
1433257149,2c8b0681a3929d397f35dcd62004683b3b7451a9c903bc7be3fbd29b76796d5d,You got on the seesaw! Have fun with the Aniimo!
1433264433,4e9a43932fb926ac214b01b62700e9ff4e69c45f6ea9c0d181195e992e3a3caa,Gentle wooden curves frame distant mountains and drifting clouds in a perfect circle.
1738118378,4e9a43932fb926ac214b01b62700e9ff4e69c45f6ea9c0d181195e992e3a3caa,Gentle wooden curves frame distant mountains and drifting clouds in a perfect circle.
1433285135,8c7d9fc00fb212b09144ed33a7de060853aa65b3a1163955181eefbf8de3621a,Polaris Radiance
1883855050,8c7d9fc00fb212b09144ed33a7de060853aa65b3a1163955181eefbf8de3621a,Polaris Radiance
1433301626,9204116129ceb161614c77d9afc14a273006d6be6e560700e6617db979eceafa,Bracelet
1433321508,bd5f780bf6bc792f0ab201d8e403665983893210502418c61ff61f8569b83bbc,"I heard that when <style=Hint_BgD>Prismana appears in the sky</style>, gorgeous roses bloom here. They say it’s a <style=Hint_BgD>powerful Thornblade</style>..."
1433335637,231ccf511a74aa2fe39fb55e2f658837cdb6339179cda9561bcc3508c1846a56,Will affect current Aniimo’s accessory set.
1433382086,eab6c0805c7143af8f2b55be6c1adea33af53481ed3a4698fa1c5a390a6ffde6,"Hawa! That’s right. We descend from the stars, then return to the stars.
Then descend again, and return again. That’s what the Sherro said."
1433402319,539c04d640592c1673bf7073299169fea5a2b7680417790cbcadf01b9c6023a6,Aloof Dude
1524061006,539c04d640592c1673bf7073299169fea5a2b7680417790cbcadf01b9c6023a6,Aloof Dude
2085348731,539c04d640592c1673bf7073299169fea5a2b7680417790cbcadf01b9c6023a6,Aloof Dude
1433418372,7e83672b57f7a6326e15d5bcf633b77776b7d611924db021af25393def6c9703,"Found the ore! Come on, come on!"
1433430696,82e55252c528ce6f25f97b9413930252dc734657c44985cb611869e5352ec19d,"Converge the flow of water into a barrier, granting {0}% damage reduction for {1}s. If water is present in the surrounding environment, it will absorb the flow while restoring {2}% of your health."
1433447694,29f2394eb92d0ded9247b8d7188ebddae3e13c71ebcf939302619b29604486b0,x5
1433454409,78ccbfefdad9883443706f315d793a93ab8586f673bbf7cd073abf9e5f199e09,Looks like that doorway is our only way in.
1433461621,e8287e501cdcd710c9408db9d50942a72302679208fea0ca165bf118108a9f10,Check the Player's current progress
1433477342,9799dcc9a7283a03d45a471f0ecad6a5a9ad404810b80d9353c63581d1eee268,My body burns with a fire that craves battle—craves feeding the flames until they roar.
1433478644,a15d6bc785980faa124d6295779de567261c537ebb5062b714c9145225fdd816,A display board for decorating your Home.
1433548167,6aed6e3830484f83b94cde6dc29f8f58a2200a7910b5ffb7c192f763d4f65df6,"But one time, while Skippy was swimming, Skippy followed the wrong group and ended up here!"
1433634315,8e4c3c1f25c0c37193705ea90456ece81779f514c2f7dd287144f7a1b99b91bf,Total accessory score:
1433638750,ffafaee5b6a277eb01b556ff1af2a4dd54f73cb4f1eee2d96a98ab9c7b2221f9,Hustle
1876249441,ffafaee5b6a277eb01b556ff1af2a4dd54f73cb4f1eee2d96a98ab9c7b2221f9,Hustle
1433639733,4c4b0f4f605b9c9cfb760ace76144b0fed660272a8eff3756e7d53178fb934c1,First Floor Divisions
1433653543,ca6405cbcafb0b4278d1f89efab4984a1845a00380c17f21346155ea0b033b0b,"(This nursery has been abandoned. Take the ""Spirit Fruit"" to the [<color=#d89c28>past</color>] and take a look...)"
1433682367,290812834a26c67797248cdeeacd72f51afc926a38c27caa774eafcb3bffc66f,View the vehicle model
1433686060,7ec36f99855fd5b76c2bf72183efe5435afa0466797a0d154292fcfb3b6e6d2f,An unintelligible gift from an eccentric mentor
2061702620,7ec36f99855fd5b76c2bf72183efe5435afa0466797a0d154292fcfb3b6e6d2f,An unintelligible gift from an eccentric mentor
1433690348,acff3dbeb324ebede415c526bcfac670ce2617bfcef263704c3a8a53a95495cf,Controller Navigation Debug
1433710080,3f04263521bcff8809120b74d4f063ad65ae14916f4bcfe50887da3c91e7d2cb,Eye Makeup 22
370031095,cba8550016ac12e5ac3f82ae00075a9faf3f5e3815412522919837732aec9a14,Use Nurture 10 times in total in Breezy Plains.
1433745765,cba8550016ac12e5ac3f82ae00075a9faf3f5e3815412522919837732aec9a14,Use Nurture 10 times in total in Breezy Plains.
1433747536,83d7934c350150545301f7e1894eae1c70b008299516d9e838d661c93975ca34,"Like a meteor falling into the hair, sprinkling light shimmers with each gentle sway."
1480849502,83d7934c350150545301f7e1894eae1c70b008299516d9e838d661c93975ca34,"Like a meteor falling into the hair, sprinkling light shimmers with each gentle sway."
1433749380,804921affaeb3a975d677c30ed57ef52921ac1df9aaa81047ae90b4c3ad1ada3,"Once you are officially promoted to <style=Hint_BgD>Trailblazer</style>, you can try the Institute’s <style=Hint_BgD>Holo-Battle Interlink</style>."
1433784127,0cfe5473063ef096d894346fd220c946b8f1c7b0d642087a59a23fefd63ae059,Advanced Amplifier
1433840515,4e80387f913fbbada821822c80918915f52578a5351caec67f6547d9d6b157c5,Operation: Egg Heist has been enabled
1433860689,2947b131501bc4a4d6ca2c2348040287e77234c7b97105a3289aa376fa4deccb,Your current outfit cannot be dyed.
1433863586,27fe747cf44a808aa6d0df454871e02646056ac64bdc7eb3bb6a9e96c03c32e2,Come back with me!
1433872126,b0bc24f606b3c7739c9f511bf4041be59b29cf122daf6c1f3686d5babc70bf6f,Switch Form
1433904347,9a7873576bddbbe45a34aed3f61b3345996da6e742d95f32a4288eb7a124f1c8,"No shame in an off day. Reconsider your rhythm, and come back when you’re ready."
1433954684,7f083fe98c9b6a01d7d39d234528854e4e3b9cd978765a23a84f2f80b1c6c44b,Detect
1433966092,b29cbf6523dee436275dd15c1322d69c867388a77ca6ded2263bd8e4cc4ec489,[Test Supplies] Progress Resources #1
1433981759,659351de9435a05d7852c08e308ed7163beb4caa6a17256f2d502f79679af058,"Huwu! Yes! The Sherro said that when Lady Irelia came here, even the Sherro hadn’t come to this coast yet."
1434012973,237785306b325ab816aa2c44187681f9644fa5c7367948b5b50fdb16832ee8c6,<style=Hint_BgL>Processed goods</style> produced by the Joy Wheel Loom in your Home. Sell them at the relevant shop or process them further.
1700600562,237785306b325ab816aa2c44187681f9644fa5c7367948b5b50fdb16832ee8c6,<style=Hint_BgL>Processed goods</style> produced by the Joy Wheel Loom in your Home. Sell them at the relevant shop or process them further.
1804440075,237785306b325ab816aa2c44187681f9644fa5c7367948b5b50fdb16832ee8c6,<style=Hint_BgL>Processed goods</style> produced by the Joy Wheel Loom in your Home. Sell them at the relevant shop or process them further.
1907988025,237785306b325ab816aa2c44187681f9644fa5c7367948b5b50fdb16832ee8c6,<style=Hint_BgL>Processed goods</style> produced by the Joy Wheel Loom in your Home. Sell them at the relevant shop or process them further.
2021104377,237785306b325ab816aa2c44187681f9644fa5c7367948b5b50fdb16832ee8c6,<style=Hint_BgL>Processed goods</style> produced by the Joy Wheel Loom in your Home. Sell them at the relevant shop or process them further.
2122642328,237785306b325ab816aa2c44187681f9644fa5c7367948b5b50fdb16832ee8c6,<style=Hint_BgL>Processed goods</style> produced by the Joy Wheel Loom in your Home. Sell them at the relevant shop or process them further.
1434030919,279a3e5e0fcb422b191ecfe78158ff72e7c5b1457207e081b474c34280d901a3,Duration (minutes)
1434032312,30be47c44d6816eb906815dca84cbf77528eabc3c8f516d1582714ebf75ff413,[Gale]
1434049043,1645548f26c31a06f975ac51b2150e936e52d9a387a3020b661b8cb2070076db,Play Aniimo via Cloud
1434065218,1b30762c69afa883a2fad5a4792e338ad1c1a556f2139af79506d0a83b46408f,The Faded Rainbow
1434075628,5a5a510c68c852a85eac098b521eb02172f9e2ccd9669969b23c267e173af893,Use elemental counters properly
1699871779,5a5a510c68c852a85eac098b521eb02172f9e2ccd9669969b23c267e173af893,Use elemental counters properly
1721370873,5a5a510c68c852a85eac098b521eb02172f9e2ccd9669969b23c267e173af893,Use elemental counters properly
1434124092,00421af0b07605f55e0e8791112b1c3a59d345892bfb42974fd2508d1a0fe87f,Standing ball handling speed
1813425965,00421af0b07605f55e0e8791112b1c3a59d345892bfb42974fd2508d1a0fe87f,Standing ball handling speed
1434131739,590d957fefec9e78dd8a551fd9466c97c8f84277234496cb6281bc86e1f6b8f0,(BREAK) Wields the power of light to attack targets from a distance.
2014302311,590d957fefec9e78dd8a551fd9466c97c8f84277234496cb6281bc86e1f6b8f0,(BREAK) Wields the power of light to attack targets from a distance.
1434136665,2b537cd9fb3b4b25e0323ecc5ab6f2c4e8ded737142f045d240d93a1b6b36cd5,Somewhat emotional
1434150485,7039d3a332dd55b809455b9d08874187f3fe67b978311f31467ea87bdebedbd4,Force Stop Spawner
1434150933,d6b460b42ae34ffd1d22d56296fde1bc6356b5626e210cc5c97b58de2cacfe23,"My third perfumer partner told me this: singing can make the <style=Hint_BgD>Bell of Freedom</style> bloom. When it does, the great wind arrives... and we ride it, all the way across the sea."
1434224156,fd7b2f4302ee8035bb2e8035372b714ef690dffe83196faf670f649419360258,Wall-Mounted Brush
1942289365,fd7b2f4302ee8035bb2e8035372b714ef690dffe83196faf670f649419360258,Wall-Mounted Brush
1434224673,f150da0b9f3926f5e5d7990f9f5fa4d93c1f073b81a3dba8e7b073f117a7cf3e,"Equipped with an emergency defense system that activates in critical situations, shielding you from fatal blows."
2032930902,f150da0b9f3926f5e5d7990f9f5fa4d93c1f073b81a3dba8e7b073f117a7cf3e,"Equipped with an emergency defense system that activates in critical situations, shielding you from fatal blows."
1434276209,36b5f1dad342202c83045b8d7cccd587ddd14263d3b0df6b7cc6d7279540239a,Dream Bubbles
1785615943,36b5f1dad342202c83045b8d7cccd587ddd14263d3b0df6b7cc6d7279540239a,Dream Bubbles
1434294587,9d5bb69c2917705bdb237691cd3db8ca13ffe23dc9301c1773571afd418ef480,"Interesting... adhesion, flotation, malleability... one test yielded such rich data, I’d say our research here is complete."
1434322381,51f7af43f26b3ee8e922d6fb21ff2e76340180ce9b1932f9d111d42d7fec1d08,Red Foxglove
1578711114,51f7af43f26b3ee8e922d6fb21ff2e76340180ce9b1932f9d111d42d7fec1d08,Red Foxglove
1434324021,359d4373937ec61ceae753807d2ad8ef3f33f459a848f443d976476de5bc2241,Rapidly attacks the target with its thorn blade. Can be used up to <style=Hint_BgL>3</style> times in a row.
1434354998,ba05e7f2f7874172d8cf89ff743bea40e011bcde03590d3f495a08ec6e8f5a5c,Raise your finger toward the night sky and count the stars one by one.
1434373497,da97d2843328ebc859868f397660e305a2d3cfe6a6242052ba127f10dee67fc1,Mistlight and Starlight
1704790019,da97d2843328ebc859868f397660e305a2d3cfe6a6242052ba127f10dee67fc1,Mistlight and Starlight
1978531222,da97d2843328ebc859868f397660e305a2d3cfe6a6242052ba127f10dee67fc1,Mistlight and Starlight
1434375949,d042c8ab9457be7fd9e05ef2fde53fe11da27dc48cd6f91f0c649602162f19cd,My experiment isn’t about taking a beating without even fighting back. We need a tougher fight!
1434404000,11fe06b020168d566825d29d5266dc96c70e6d7851b0b4e5038ba712899c4e5a,A moving story... Then a sibling tale it is!
1434411044,a6c778f30ef44c734e5e17029d8ee05a813354b697635f177287a97233e5ed06,Could it really be that simple?
1434412042,0006db592b4be9ed1a860209d7a0e9dc0beb488beec7d4d65f9101da64427097,Dense shrubs are trimmed into playful cones to bring vibrant greenery to your home.
1806992851,0006db592b4be9ed1a860209d7a0e9dc0beb488beec7d4d65f9101da64427097,Dense shrubs are trimmed into playful cones to bring vibrant greenery to your home.
1434417071,05d3529d23ecf49f19039f663bdf67b7e0a0deb7b309487132a08cbf9691bfdb,"There’s always someone in this world who means a lot to you, right? Maybe your best buddy, or that noisy partner who never leaves you alone..."
1434421463,e5cc5f6658759849715e46018b406029d381a9305d0d1bd19a69e66d6cbfbd52,What should I do to make the mushrooms light up...
1434428292,55d0a50bd7241ebeef256b2edb43a7458f7868c505dfea5d51d48018bd47d8d8,"The servers are currently under maintenance. Maintenance is scheduled to be completed by 10:00 AM, Sep 23 2026 (UTC+8). Please visit our official website for more information."
1434429267,a137f17a19a09cbe511ba654931ed30fd9c52205140ec096fa6180f1a0577546,·
1434433625,352914fa083fea9d3b45be30f85d763ec66152133a02de41b2a8edfb0067ca13,7:19:12
2083319119,352914fa083fea9d3b45be30f85d763ec66152133a02de41b2a8edfb0067ca13,7:19:12
1434447089,bd8d69f3dec4ac27c4076ef7929627b0a6ad31786571ef971a6fc8f90eecf2ce,The guard won’t let us just walk out... So we must sneak out!
1434448328,003b8b1e458b6169fdeae13eadbec5a206493cc1332c881c924e94b7bc5bac64,Holo-Battle Sim - Holo-Shop
1589716463,003b8b1e458b6169fdeae13eadbec5a206493cc1332c881c924e94b7bc5bac64,Holo-Battle Sim - Holo-Shop
1434459030,4830f6cd8a7f05d342f9177386cfb7cb07ddb913b551015492c73a7490699376,Thunder Shadow
2094734983,4830f6cd8a7f05d342f9177386cfb7cb07ddb913b551015492c73a7490699376,Thunder Shadow
1434518629,498cf088e76f63833aa85df41d9a418141611c936fd3b0a2594738b9249cfae2,Ripplelight Drift
1434577419,61ef882530af4bb804d49c5f890d8dcad30f8ac0aaa270cbec5b5ff3e2e319cc,"...A-Anyway, we are unstoppable now! Before our draconic breath, every foe shall be reduced to ash!
If thou refusest to concede, then prepare to face judgment once more!"
1434603251,2990e6c806260bbc34ec16d51aa3838ddda635b73e826744ac6c37f4f433c48e,"What to do, what to do...? This is so hard!"
1670126732,2990e6c806260bbc34ec16d51aa3838ddda635b73e826744ac6c37f4f433c48e,"What to do, what to do...? This is so hard!"
1434611162,c0f6bd17e263ae0b0d28a71728b3c8f4b6d784b3712dc8df3e0b1e8647fe32d7,A framed picture for your Home.
1614008483,c0f6bd17e263ae0b0d28a71728b3c8f4b6d784b3712dc8df3e0b1e8647fe32d7,A framed picture for your Home.
2024847776,c0f6bd17e263ae0b0d28a71728b3c8f4b6d784b3712dc8df3e0b1e8647fe32d7,A framed picture for your Home.
2032783464,c0f6bd17e263ae0b0d28a71728b3c8f4b6d784b3712dc8df3e0b1e8647fe32d7,A framed picture for your Home.
1434614849,fa1db03f6c01567579a08c573aa85be9dfde98c9551ce2efe280a293440db522,"Among all his friends, Ban always keeps me by his side. I guess he needs me to predict the weather in case he gets drenched while he’s daydreaming..."
1434650671,5cab2e50801a4006f4c5e2cdbd775c153a1158af4138b1a607a0f9f6ab3c9a59,Obtained via Home
1528616769,5cab2e50801a4006f4c5e2cdbd775c153a1158af4138b1a607a0f9f6ab3c9a59,Obtained via Home
2022280269,5cab2e50801a4006f4c5e2cdbd775c153a1158af4138b1a607a0f9f6ab3c9a59,Obtained via Home
1434674475,58145188dc9f2dc3f053e25d5a70c56d65db68c273bb222c3a10f4bb8c8288e3,￥#@head@#￥%@# flying %@#!
1434675293,d0acb8fd5f779c00b8a20d2739082487a72247f5fb995740aac048ef6c07bcc9,Reset Camera
1990028673,d0acb8fd5f779c00b8a20d2739082487a72247f5fb995740aac048ef6c07bcc9,Reset Camera
1434691441,6b7d9c865744a22c881d8f52f03089a69a4f9d5a2dae1d66e469d637ea2d0173,"Reduces Grass damage taken by <customRichText(calcData,buff,6003031,param0,1,%d)>%."
1434695876,acca35e96e6ec7bf9b16cc226bd0036305853eb7ccacff1112c57b31f1d8f7e9,You can consume Primegy to Craft Morphling Dewdrop Crystal
1434696373,523a1bd5ebdbc7fd46bc8e68d5c279976357a36560d9e1c06ee23451c74702c3,Congrats on catching a Sparkling Aniimo! Enjoying your adventure? Leave us a review!
1434701787,ea83b668ef61e9d1cb77053ba8550c436872c6a7954579c8e24225eeaae0aaee,Stay alive before the countdown is over!
1434729210,472ac5bf58be67b9712ec231246488d7aafb552b6f860739b6b370406ff7a586,"This is a totem pole, specific description can be modified as needed"
1513579143,472ac5bf58be67b9712ec231246488d7aafb552b6f860739b6b370406ff7a586,"This is a totem pole, specific description can be modified as needed"
1434743242,ecd85e64f651e0c08cb5aa83b9f87a5c4aa23c31cde69301cb5d5392c5f41c8b,"The cursed Helgon has been defeated, and the Helmuts have come looking..."
1434759897,42cc336e4d300b59d31cd3646744e00eba99e28663063fdda93a84f87f1f850e,"Do not blame yourself, First Lethal Thorn. I can feel it clearly... this was a gradual fading, not something taken by force."
1434772606,0739a1bbd892b34bbe95e0046ff27cbcffb96357edf0c0b5a90b82d58c61f44c,But you’re a Pranky now.
1434780099,9f16ef5a3b5f4748979eb7420fb50d3cd0d707df8f42909071c6df2ead3b4ea1,About tasty things...
1434803691,5f8f3d05bb2385f84940b0535cc3ce6dd9d2f92a743c80bfcd36d1b11e1fd533,"That was the first time I met Floret, and we have been friends ever since."
1434825780,13455f65cf0786fe3cd2c0b3194ba16f771394d08270b3ded27b9630dd9f502e,Where to find another mud ball...?
1434827702,4a0fcec53215ee5acbaaab178ac2aca61246c63d2c5635cefe5bbb9e911c03d2,Sub-bone
1434831525,f653c5fce07bcf57e3d9482a11469833dfdd02b8aa5198225534224e55c311eb,First-Time Bonus
1434839067,01667f4ad43edebb50701cab8be0f754c23fff32f6a748cd6ef95392c2346912,Fire Shard
1727907000,01667f4ad43edebb50701cab8be0f754c23fff32f6a748cd6ef95392c2346912,Fire Shard
1434856743,db384f7948f55ab55c5ed5744c52ea3e7b2bf9937516d67dd2292e7aec2502f5,N-No way!
1698531166,db384f7948f55ab55c5ed5744c52ea3e7b2bf9937516d67dd2292e7aec2502f5,N-No way!
1434880312,5fd3ed31ae2a5b84469b5fca02ddc05f7b1233ba607c949f42e444f3d34d7ada,Press [<style=Hint_BgL>Upgrade</style>].
1492937395,5fd3ed31ae2a5b84469b5fca02ddc05f7b1233ba607c949f42e444f3d34d7ada,Press [<style=Hint_BgL>Upgrade</style>].
1434883804,a20d631d7bf0a09517d9029bd44555a89be33716a1a7ac1e416a9ce3e5a69582,"Thanks to you, we have perfect data for the experiment!"
1447652925,a20d631d7bf0a09517d9029bd44555a89be33716a1a7ac1e416a9ce3e5a69582,"Thanks to you, we have perfect data for the experiment!"
1434900001,b127fe4e380b51c646f31b8d52da5ff7f8108f158ccf5986f31fa788e4ee7467,Viff? Already? You’ll take me along to find new stories?
1434926746,a4f2686a8244a5ee88a16700f025619bba7b8d97f094d5e51f660abd6355c32c,"Spare me the silly metaphors.
Take out the perfume you got earlier and <style=Hint_BgD>spray it around</style>."
1434927615,14ab97b5f42b6dbdffd24830a617ec57afd65d5d29c16b27f805ca84fc4d782c,<style=Hint_BgD>Somniwings can increase EP cap by 2 points</style>. Which of the following Aniimo would be its <style=Hint_BgD>best partner</style>?
39431910,f5cec90d01cd3ca3aa124633ee461e7b5e55f0843b3d1bec8e0cd339300b8192,Rotation Speed
1434950686,f5cec90d01cd3ca3aa124633ee461e7b5e55f0843b3d1bec8e0cd339300b8192,Rotation Speed
1434973564,b042a890ca6ae13ef408e42ffbe32e5bbf0fe2d2f406c546f18ce5a3e3bb8632,There’s still a Budsquire scent here.
1434995032,10f4571df48a5e7ab2288a16e69b2e916580ffb75065a21080249586a795f144,Star&Moon
1435025951,acedc96478f61c99bd95a2f1d23e134151408b4af40c970efb2055203e8375a6,Rift Switch
1435087009,7a4c9f562bf1a25fb64c8cfcdaaabe90e193f7220965fee05cc579758cdc4841,Hay Cart
2042365024,7a4c9f562bf1a25fb64c8cfcdaaabe90e193f7220965fee05cc579758cdc4841,Hay Cart
1435144722,a8c36fc753459b29902f9833b50ba2d30a20d0f0887f25cd5db5a91ac399a714,"Creates a bubble field. Each time a teammate casts a Water skill inside the field, <style=Hint_BgL>1</style> bubble is generated, up to <style=Hint_BgL>6</style> bubbles. Lasts <style=Hint_BgL>15</style>s. Press the skill button again to detonate all bubbles. Each bubble restores <style=Hint_BgL><customRichText(calcData,timeline, 2148301,param0,1)></style> EP. After absorbing a puddle, restores an additional <style=Hint_BgL><customRichText(calcData,ability, 14830301,param0,1)></style> EP."
1435163244,5f054cbc7b6e80b2c41ea995bb3ab823fa468be4096fe64b9908c92ebb8fe032,NPC Duel Reward - Respawn
281457827,a86b50a95d0b09ee9a1c455661d1234267c443427f54e827b7c64aa955c8b03e,Dash! Leap! The Great Rolling Racing Challenge!
453240211,a86b50a95d0b09ee9a1c455661d1234267c443427f54e827b7c64aa955c8b03e,Dash! Leap! The Great Rolling Racing Challenge!
1435170971,a86b50a95d0b09ee9a1c455661d1234267c443427f54e827b7c64aa955c8b03e,Dash! Leap! The Great Rolling Racing Challenge!
1871790506,a86b50a95d0b09ee9a1c455661d1234267c443427f54e827b7c64aa955c8b03e,Dash! Leap! The Great Rolling Racing Challenge!
1435182593,7478de3977d5c587ac397d7f01fcc680c79c9eab50e50d1eaca1c3b0b238e8ea,Grand Ensemble
1687036316,7478de3977d5c587ac397d7f01fcc680c79c9eab50e50d1eaca1c3b0b238e8ea,Grand Ensemble
1435204285,1e0a01b02e22bdca76d8cece5b06689c47bf12f7f5724213d3b8381727e636d9,"Hmph! As if I’d tell you I’m <style=Hint_BgD>waiting for the Glynsera</style>! Ah, my Glynsera, my shining star! Come on out already!
(The Bonesky looks proud, sinking deeper into its fantasy as it speaks...)"
1435205056,d0df1d8ce61e7c66a618614b6b057c2cac9743f781e2164f6192989f4c8ab6b2,White Diamond Tile
1842377322,d0df1d8ce61e7c66a618614b6b057c2cac9743f781e2164f6192989f4c8ab6b2,White Diamond Tile
1435237168,bc73228122425f9fbfab87602198c7d77b556ce31b0a87c7dd592c1f180ee3f6,Florist
1484410693,bc73228122425f9fbfab87602198c7d77b556ce31b0a87c7dd592c1f180ee3f6,Florist
1435240215,c801073c06ed4a542dfe94dc01e47c46519a89966cdd45526b74870e675a8ee5,An ancient coin taken from a pile of treasures guarded by a Helgon. The patterns on it still shine brightly after so many years. It possesses the power to protect Aniimo.
1435292920,f1da5808867577b2b51f5d080b34d51a8987e4bd7158224a966051813b4bdb1b,You can spend {0} Training Points to reset point assignment. Do you wish to reset the point assignment?
1435316260,7ac2ff025404d30321cb50138a3ef1f78b5957e3e4a5f9258cd5f6f4ea4344d0,Press #kRaw/GamepadRightShoulder#z to learn key tips for using Aniimo’s [<style=Hint_BgL>Pathfinding</style>].
1435377384,fb1684278ae5cdd46208bec4431ea27dca23371631557905d4aa0fb088c08a2c,Shining Panpanta Egg
1435378107,c68db9c06178c5b16868ed661bbf1a5950972e500a0cc7003256131deecad3ff,I’ll be waiting!
1435389318,5e0bcfbce1cecf8de930acb600c11e0615df5e04937792f457d49818509ab6f4,I am designing outfits for Aniimo of various forms and selecting materials tailored to different environments.
1435400074,63d590f56ba8e1335052eda4a901cbaa517af2f134d05f9b6bc18334f9804c44,A Dewdrop Crystal imbued with the emotions of Aniimo of the Fentuft family. Some say it carries their blessings and legacy.
1435415186,ac5c4d9fb5202f561c8dfba1de8fdfb524b84dab2e1c1c7f53ef395ada46dd23,"On the very day I became a perfumer, all the <style=Hint_BgD>ridgeback trees on Beast Fang Ridge</style> withered."
1435430322,ebf2110174c205932ed7e6e1777dd16f0adbe42b1d86154ea9f984270359d3fd,Huge Cranberry
1809933670,ebf2110174c205932ed7e6e1777dd16f0adbe42b1d86154ea9f984270359d3fd,Huge Cranberry
1918153100,ebf2110174c205932ed7e6e1777dd16f0adbe42b1d86154ea9f984270359d3fd,Huge Cranberry
1435431123,10e1848dd78de2cfcf30d9759643649b0d646bcec5ab60d773ee96cf706a555c,Curious shepherd
1435442438,51cf726d207ee4e4bf62043b666be034dc89394a632a6eb2dbf5fdfe5ea0b769,"Celestises are that cute? Then I’m absolutely making one with my bubbles! Hehe, this round is mine!"
1435466952,bfe97146f982c1537c48bc511f983c1ed4e64db8741b04066d71daa699ebb370,"Inheritance only applies from a fully developed Aniimo to a less developed one.
All progress including level, resonance and capability will carry over, with excess materials returned in full."
1435485326,d47df8023b3e37dd174035a6b5645f3915b89a18361a01e15ae43210515adf00,Vortex Assault
1435523917,46de6ccd51301577c015c1a83753c6c4bd29a3e01d2008f7fabeabf23541ee9b,"One was from my mom. The other came from the Polaris Institute.
In other words, the Polaris Institute was the only one that truly believed in GoGoHomes."
1435541239,01f9105e2be4a2cc5d85a1a33db9c0de58a814c3740bc19dbad005b12553ff28,Not enough stall fee. Listing failed.
1435549410,b28f3a0958a2e4f434b63592611a538134f13a10d4932bfef57cb52f809a98fa,It felt more like a means of protection to me.
1435554790,df45ded7e34a04964e5bad986333235dfc54de1634d6e80c0a552b015bcbeddf,Ecology
1435562225,47dc4526f8cb33ad4e5e653abcf3d14a57a1355d6f9ba3ea43edbfc7459bc82c,First Bloom
1435565133,46cb7652679fd5750d7e06da47179f5236054a308a4dbbf9a0e74873cdbeb9a3,End the current Roguelite run
1435592635,2fe4048c2c39dc98f73e047171325eae24a751fbcffa6f6c067291efbbbe6002,Stock: 1
1435602652,c939327ca16dcf97ca32521d8b834bf1de16573d21deda3bb2a337cf403787a6,Good
1469464922,c939327ca16dcf97ca32521d8b834bf1de16573d21deda3bb2a337cf403787a6,Good
1705306901,c939327ca16dcf97ca32521d8b834bf1de16573d21deda3bb2a337cf403787a6,Good
1906636048,c939327ca16dcf97ca32521d8b834bf1de16573d21deda3bb2a337cf403787a6,Good
2076291110,c939327ca16dcf97ca32521d8b834bf1de16573d21deda3bb2a337cf403787a6,Good
1435639608,36d4554d7cab7fa49140846f6e93f3ecf6c77c882e8ee7830378e6132e43b170,Close Info Pop-up
1435646265,e0a17d4bd4dcbc206886d7708d3cefc653cd0aa46e850897e9f8c07ff00c2f5d,The bravest Budsquire
1435650124,b5a264a060c50145a9a603e9d604323d6f673df386272d9e1d5684f1fcce45c3,New Chapter Unlocked
1435652263,64b70a6f5fd1181b07f447a0283645bdbd6e8c3e11d1a44bcfe85c79a1532220,An Attack Amplifier chip with the Heal function that rapidly restores health.
2119979263,64b70a6f5fd1181b07f447a0283645bdbd6e8c3e11d1a44bcfe85c79a1532220,An Attack Amplifier chip with the Heal function that rapidly restores health.
1435684803,7cdc804e6996997d599232fbf8ce066a4f6c0696e7b586fc7b3ee499f35d4559,Ended
1435705771,0af322d36253768f385dae0dd04147844f52c3073618013fecb5cf72c4470ff1,Reduced BREAK taken from units below Lv. 30
1755799939,0af322d36253768f385dae0dd04147844f52c3073618013fecb5cf72c4470ff1,Reduced BREAK taken from units below Lv. 30
1435723190,87f4c57d5b79df920d9fabe322afa191b6041393ecc8c5edf0dcb0e410c85a1b,A - Stellarys
1435816567,9a621c5b862dc7f2ea5c335f7b2aeca3e9c120853ce7a8806a15e66db30a83c2,"Damage dealt +<customRichText(calcData,buff,6003011,param0,2,%d)>% under Light Load."
1435838326,7b17ec2f35d4ceca2a2a0d011f0f0782dd8d00777773e6b868a774dc958f89d8,Frequency Overload
1924260063,7b17ec2f35d4ceca2a2a0d011f0f0782dd8d00777773e6b868a774dc958f89d8,Frequency Overload
1435852748,c81f5a7d1a29cbb602dcc0846eb12d6e886d6844c3cfc5b5aa1723c8956220eb,"Releases a wide-area energy burst around the target, dealing damage to targets hit and reducing subsequent shield values gained by <style=Hint_BgL><customRichText(calcData,buff,2120312,param0,1,%d)></style> for <style=Hint_BgL><customRichText(buffConfigData,2120312,duration)></style>s."
1435862120,ae8aedd1614a3fa143e8c248b48a8abc892d19c173dd547d64cf5e0c4aafa4d8,"It's time for your Emberpup to shine!
Its Fire-type ability is perfect for dealing with obstacles like this."
1435887703,e2e9f3d68fa5ef723bfc6f6bc46165a1d8d970caf58f18a0407a377715f1b9e8,"Susutas are especially shy Aniimo. When at their most bashful, they emit the most charming squeaks and squeals—that’s where their name comes from."
1435907913,f6b7e6d97a8a31fc3898725385743150734f018bf27fed2abe42cf23b894d7e2,"But perhaps freedom isn’t something one can chase... Like the wind, it has no shape, no direction."
1722658886,f6b7e6d97a8a31fc3898725385743150734f018bf27fed2abe42cf23b894d7e2,"But perhaps freedom isn’t something one can chase... Like the wind, it has no shape, no direction."
1435952834,7c608696ab8eefcf6f970f63ac8d0afe79e9c3c927ae07c485d5b9dc711ac3c0,"I heard Bloomville is famous for its flowers and fragrances, and indeed Perfumery is everywhere..."
1606885469,7c608696ab8eefcf6f970f63ac8d0afe79e9c3c927ae07c485d5b9dc711ac3c0,"I heard Bloomville is famous for its flowers and fragrances, and indeed Perfumery is everywhere..."
1435958290,756ea406fddb2e830858746c7924f98de0dc12e3818490d735322d1291232eb1,"What slumber... The Elder, please start from the beginning."
1435973811,5b2185fd0dee11c75e0bee4c5381f72281f25943c8014edc578d137b90e77605,Rewards are forfeited if defense fails
1887887492,5b2185fd0dee11c75e0bee4c5381f72281f25943c8014edc578d137b90e77605,Rewards are forfeited if defense fails
1435990173,f31ea4167887f5f3f851e657c734c82dcc5c2b697d40d38ac820f9a9bda33d10,"The Vein surges on, and the light of blessing never fades."
1436004540,4c258ce79ff0d635082102ec96113a30fe6e8397699e01f57d300111d1d1164a,You must clear the Trial of Fire to unlock the Elemental Crucible.
1908308101,4c258ce79ff0d635082102ec96113a30fe6e8397699e01f57d300111d1d1164a,You must clear the Trial of Fire to unlock the Elemental Crucible.
1436011554,20cf4c2eb73c70b507a66969f3643363dbc168573713abab12a892747ad2f3cf,"Tucking sealed the Sanctum with its own vines and has since fallen into a deep sleep. To break the seal, you must find the end point of each vine."
1436071600,8b5c28c8a32ad2159d4a000d0a00ee2c919893c827fef5e05839c7c3ca87e5f3,So tired... So hungry...
1436087732,dab32fe6109a72db694774a1f6f09b6286975507af15ae162df71fe1bbd00475,"This den was meant for the cozy bear, but the sleepyhead Cubbo often takes it over, apparently mistaking its owner for the perfect cuddle buddy."
1979844612,dab32fe6109a72db694774a1f6f09b6286975507af15ae162df71fe1bbd00475,"This den was meant for the cozy bear, but the sleepyhead Cubbo often takes it over, apparently mistaking its owner for the perfect cuddle buddy."
1436090461,1c87f919a1d653373b41b616f05efbbb728ebf4dba743d4f81cd9062d095bdcc,"Trigger Aniimo Wild Surge through nurturing. Catching Aniimo during this period increases this area’s Prismatic Energy.
Boost your Prismatic Energy level to attract more high-tier Aniimo.
When your Prismatic Energy reaches full capacity, a Prismana Form Aniimo will spawn.
Prismatic Energy increase carries a fixed chance to trigger an energy surge, instantly summoning a Prismana Form Aniimo."
1436111636,ff6ca664916422dccd58573d2dcef31e7ea4f2e49c60f18801af52e8132443e9,"When the Alpha summons Bulbly to <style=Hint_BgL>charge</style> it, quickly <style=Hint_BgL>defeat</style> <style=Hint_BgL>all</style> Bulbly on the field to prevent the Alpha from <style=Hint_BgL>fully charging</style> and unleashing its Ultimate."
1436115912,7a823bc9470fb808f23950d4987f0492c1d204416414392b75a68e664c4bd661,[Prismana]
1436133227,54d3ad8e640377ac434781d4f6ceb17239ca241af08cb7b71b7b3ac5487c26e6,"Hit the open wilds and set off now! S1 Departure with the Wind is officially live!

[Season Schedule]
· Departure with the Wind Part I: Sept. 16, 2026–Oct. 29, 2026 7:59:59 (UTC+8)
· Departure with the Wind Part II: After the Oct. 29, 2026 update maintenance–Dec. 10, 2026 7:59:59 (UTC+8)

[Season Events]
1. Stamp Rush
· Join modes in the event list to earn <style=Hint_BgL>Season Stamps</style>.
· <style=Hint_BgL>Season Stamps</style> have weekly earning limits, including per mode limits and an overall limit across all modes.

2. Companion Handbook
· This season’s companion Aniimo: <style=Hint_BgL>Fulmintis</style>.
· Earn <style=Hint_BgL>Companion EXP</style> to level up your handbook. <style=Hint_BgL>Companion EXP</style> Sources:
※ Complete Companion Handbook quests.
※ Institute Guide: Daily Activity

3. Season Achievements
· Mode types that grant Season Achievement Points: Aniimo, Combat, Egg Heist, and Home.
· Complete achievement quests across different modes to earn <style=Hint_BgL>Achievement Points</style>, plus <style=Hint_BgL>Season Stamps</style>.
· Based on your total Achievement Points across all modes, you can raise your Season Achievement Level and claim the matching rank rewards. Pick <style=Hint_BgL>the modes you like</style> and jump in—<style=Hint_BgL>no need to play everything</style>.
· Season Achievement ranks and rewards (including progress and rewards for each mode) reset <style=Hint_BgL>at the start of every Part</style>.

[Stamp Shop]
· S1 Season Stamps:
※ Departure with the Wind Part I: <style=Hint_BgL>Windborn Stamps</style>
※ Departure with the Wind Part II: <style=Hint_BgL>Windchaser Stamps</style>
· Season Stamp Sources:
※ Institute Guide: Daily Activity
※ Stamp Rush
※ Season Achievements
※ Companion Handbook
※ Holo-Battle Interlink: Support
· <style=Hint_BgL>At the end of each Part</style>, any unspent Season Stamps are automatically converted into Credits.
· Shop Types:
※ Weekly Shop: Refreshes <style=Hint_BgL>every Monday at 4:00 AM</style>.
※ Limited Time Shop: Refreshes <style=Hint_BgL>at the start of every Part</style>."
1458468903,1f967bd9204416ce03203c99631b2a404c8381dc0e64043c7c87795a2041c48c,"Hit the open wilds and set off now! S1 Departure with the Wind is officially live!

[Season Schedule]
· Departure with the Wind Part I: Sept. 16, 2026–Oct. 29, 2026 7:59:59 (UTC+8)
· Departure with the Wind Part II: After the Oct. 29, 2026 update maintenance–Dec. 10, 2026 7:59:59 (UTC+8)

[Season Events]

1. Stamp Rush
· Join modes in the event list to earn <style=Hint_BgL>Season Stamps</style>.
· <style=Hint_BgL>Season Stamps</style> have weekly earning limits, including per mode limits and an overall limit across all modes.

2. Companion Handbook
· This season’s companion Aniimo: <style=Hint_BgL>Fulmintis</style>.
· Earn <style=Hint_BgL>Companion EXP</style> to level up your handbook. <style=Hint_BgL>Companion EXP</style> Sources:
※ Complete Companion Handbook quests.
※ Institute Guide: Daily Activity
※ Season Achievements

3. Season Achievements
· Mode types that grant Season Achievement Points: Aniimo, Combat, Egg Heist, and Home.
· Complete achievement quests across different modes to earn <style=Hint_BgL>Achievement Points</style>, plus <style=Hint_BgL>Season Stamps</style>.
· Based on your total Achievement Points across all modes, you can raise your Season Achievement Level and claim the matching rank rewards. Pick <style=Hint_BgL>the modes you like</style> and jump in—<style=Hint_BgL>no need to play everything</style>.
· Season Achievement ranks and rewards (including progress and rewards for each mode) reset <style=Hint_BgL>at the start of every Part</style>.

[Stamp Shop]
· S1 Season Stamps:
※ Departure with the Wind Part I: <style=Hint_BgL>Windborn Stamps</style>
※ Departure with the Wind Part II: <style=Hint_BgL>Windchaser Stamps</style>
· Season Stamp Sources:
※ Institute Guide: Daily Activity
※ Stamp Rush
※ Season Achievements
※ Companion Handbook
※ Holo-Battle Interlink: Support
· <style=Hint_BgL>At the end of each Part</style>, any unspent Season Stamps are automatically converted into Credits.
· Shop Types:
※ Weekly Shop: Refreshes <style=Hint_BgL>every Monday at 4:00 AM</style>.
※ Limited Time Shop: Refreshes <style=Hint_BgL>at the start of every Part</style>."
1602628694,54d3ad8e640377ac434781d4f6ceb17239ca241af08cb7b71b7b3ac5487c26e6,"Hit the open wilds and set off now! S1 Departure with the Wind is officially live!

[Season Schedule]
· Departure with the Wind Part I: Sept. 16, 2026–Oct. 29, 2026 7:59:59 (UTC+8)
· Departure with the Wind Part II: After the Oct. 29, 2026 update maintenance–Dec. 10, 2026 7:59:59 (UTC+8)

[Season Events]
1. Stamp Rush
· Join modes in the event list to earn <style=Hint_BgL>Season Stamps</style>.
· <style=Hint_BgL>Season Stamps</style> have weekly earning limits, including per mode limits and an overall limit across all modes.

2. Companion Handbook
· This season’s companion Aniimo: <style=Hint_BgL>Fulmintis</style>.
· Earn <style=Hint_BgL>Companion EXP</style> to level up your handbook. <style=Hint_BgL>Companion EXP</style> Sources:
※ Complete Companion Handbook quests.
※ Institute Guide: Daily Activity

3. Season Achievements
· Mode types that grant Season Achievement Points: Aniimo, Combat, Egg Heist, and Home.
· Complete achievement quests across different modes to earn <style=Hint_BgL>Achievement Points</style>, plus <style=Hint_BgL>Season Stamps</style>.
· Based on your total Achievement Points across all modes, you can raise your Season Achievement Level and claim the matching rank rewards. Pick <style=Hint_BgL>the modes you like</style> and jump in—<style=Hint_BgL>no need to play everything</style>.
· Season Achievement ranks and rewards (including progress and rewards for each mode) reset <style=Hint_BgL>at the start of every Part</style>.

[Stamp Shop]
· S1 Season Stamps:
※ Departure with the Wind Part I: <style=Hint_BgL>Windborn Stamps</style>
※ Departure with the Wind Part II: <style=Hint_BgL>Windchaser Stamps</style>
· Season Stamp Sources:
※ Institute Guide: Daily Activity
※ Stamp Rush
※ Season Achievements
※ Companion Handbook
※ Holo-Battle Interlink: Support
· <style=Hint_BgL>At the end of each Part</style>, any unspent Season Stamps are automatically converted into Credits.
· Shop Types:
※ Weekly Shop: Refreshes <style=Hint_BgL>every Monday at 4:00 AM</style>.
※ Limited Time Shop: Refreshes <style=Hint_BgL>at the start of every Part</style>."
1982293494,1f967bd9204416ce03203c99631b2a404c8381dc0e64043c7c87795a2041c48c,"Hit the open wilds and set off now! S1 Departure with the Wind is officially live!

[Season Schedule]
· Departure with the Wind Part I: Sept. 16, 2026–Oct. 29, 2026 7:59:59 (UTC+8)
· Departure with the Wind Part II: After the Oct. 29, 2026 update maintenance–Dec. 10, 2026 7:59:59 (UTC+8)

[Season Events]

1. Stamp Rush
· Join modes in the event list to earn <style=Hint_BgL>Season Stamps</style>.
· <style=Hint_BgL>Season Stamps</style> have weekly earning limits, including per mode limits and an overall limit across all modes.

2. Companion Handbook
· This season’s companion Aniimo: <style=Hint_BgL>Fulmintis</style>.
· Earn <style=Hint_BgL>Companion EXP</style> to level up your handbook. <style=Hint_BgL>Companion EXP</style> Sources:
※ Complete Companion Handbook quests.
※ Institute Guide: Daily Activity
※ Season Achievements

3. Season Achievements
· Mode types that grant Season Achievement Points: Aniimo, Combat, Egg Heist, and Home.
· Complete achievement quests across different modes to earn <style=Hint_BgL>Achievement Points</style>, plus <style=Hint_BgL>Season Stamps</style>.
· Based on your total Achievement Points across all modes, you can raise your Season Achievement Level and claim the matching rank rewards. Pick <style=Hint_BgL>the modes you like</style> and jump in—<style=Hint_BgL>no need to play everything</style>.
· Season Achievement ranks and rewards (including progress and rewards for each mode) reset <style=Hint_BgL>at the start of every Part</style>.

[Stamp Shop]
· S1 Season Stamps:
※ Departure with the Wind Part I: <style=Hint_BgL>Windborn Stamps</style>
※ Departure with the Wind Part II: <style=Hint_BgL>Windchaser Stamps</style>
· Season Stamp Sources:
※ Institute Guide: Daily Activity
※ Stamp Rush
※ Season Achievements
※ Companion Handbook
※ Holo-Battle Interlink: Support
· <style=Hint_BgL>At the end of each Part</style>, any unspent Season Stamps are automatically converted into Credits.
· Shop Types:
※ Weekly Shop: Refreshes <style=Hint_BgL>every Monday at 4:00 AM</style>.
※ Limited Time Shop: Refreshes <style=Hint_BgL>at the start of every Part</style>."
1436157214,e1e932ac08c55a62b3cb3a3044634f4117f75815b2f4b65e08877e2dbe7c43b6,Special Aniimo make investigations smoother