1574717015,85637903335ad6dd964f33537af6f3129dbad0e246d43710516633be96e7292f,"A protective unit chip that moderately increases Stamina recovery, keeping every step light and quick."
1576783473,85637903335ad6dd964f33537af6f3129dbad0e246d43710516633be96e7292f,"A protective unit chip that moderately increases Stamina recovery, keeping every step light and quick."
1574740139,9d7fc8951ef4d653d25fd8bb062b9b881102c273eaf5b80003e8006d8d73327c,"After casting <style=Hint_BgL>3</style> skills, enhances the next skill used during Icebreaker and adds an extra effect.
When HP is below <style=Hint_BgL>75%</style>, increases BREAK efficiency by <style=Hint_BgL><customRichText(calcData,buff,91463022,param0,1,%d)>%</style>. When HP is below <style=Hint_BgL>50%</style>, increases BREAK efficiency by <style=Hint_BgL><customRichText(calcData,buff,91463021,param0,1,%d)>%</style>."
1574755275,f000ea0054a300cb7ef6646c1c10f65184d833ae3f113b1060933bd92fe936a2,Your friend is in a dungeon and cannot be invited.
1574769478,3d8140892daac409ea9b982154f859c52b9bcf45dc3f0f8ebfbde028bf8f8f22,"Having solved the mystery of the Echoback bones, you head back to find Sorora, who’s finished his painting of the Echoback. Together, you settle on a name for it. He gives you the painting as a keepsake, saying he’ll keep traveling in search of the other images buried in his memory, and that he’s sure your paths will cross again someday."
1574781122,666773dd4f23618e56d525c1d9ffa9eeda0d593c62f6b88d5ba113eac58b8504,Energy Prism 1
1574790673,8781b08c63dfb6e3c1030750c429a08f7e1c61696ab83f4cef9aaa970c22bfdd,"Well, they call it the <style=Hint_BgD>Tucking</style>, it’s the leader of all the Aniimo in the woods.
The horrible creature is <style=Hint_BgD>not too far up ahead</style> from here."
1574794647,2a218c8f9df9eede7216f8731f39743eb2449e5884d992f22900d6e0b0962897,Opening the Hatchinator
1574797799,ca1dd6d0c3c1228cebd2234d3344db4c3dabfd41ada1c62627a1cb0509f18ad6,Home Building: Multi-Select
1574858592,9cd340bc7c1130fbd251c02acdb6530b716a385914b2896ad6e4e5fd94ffb047,P.DEF +1%
1817681135,9cd340bc7c1130fbd251c02acdb6530b716a385914b2896ad6e4e5fd94ffb047,P.DEF +1%
2121459039,9cd340bc7c1130fbd251c02acdb6530b716a385914b2896ad6e4e5fd94ffb047,P.DEF +1%
1574879652,1763ada84da5d340bc667fc2833c6060a3546dd6084bf8df1d688bfbc483bdd9,Lazy Hero City-Saving Plan
1574883391,68e1c91fdb74641501aef100b2b011a9628b45dfab6a9bc1d67171d6c3ab0cf7,"Lisa is my mother... So ""the couple from Azureville"" in the notes must be my grandparents."
1574937527,9a18ba9032b8d0a70689081c060b0a91046de3f26a5a44ce5635129cd71f4001,Learn Healing Tune Level 2
1574939724,3879ee1d5331876afe4424ccae76aebb65ace7a3c55277edb6395c831350a725,"One half of the music score was created by Bloomville perfumer Lyris and the legendary band, the Windgliders. It sings of the sea and freedom. After Lyris left, the band lacked the inspiration to finish it, so they left Argent Strait and flew across the sea to find a way to complete the score. The other half was finished by you and the makeshift Windgliders, and it carries the free spirit of every glider."
1574967514,c399682683c3c5c03f51de325f942d60197b5ad5a1a102048cd5881b77c8fee8,"If you’re bored of waiting, why not <style=Hint_BgD>challenge the four Lethal Thorns outside</style> for a little ""break""?"
1574989423,625cc7ffa51cd078ac706983c62e1a3212b162bd768e5ce8177a5e9b9ba74e60,"A pointed wooden door whose proud, upright silhouette lends the home a strong sense of belonging."
1637378110,625cc7ffa51cd078ac706983c62e1a3212b162bd768e5ce8177a5e9b9ba74e60,"A pointed wooden door whose proud, upright silhouette lends the home a strong sense of belonging."
1575007007,e17b8809de54bd3300269c3450cd40a7dec58f1fc5210074b7763ee06c934cb9,"Just as you’re about to grab the Lumin Amber, the Lavazar gobbles it down in one go... and then..."
1575044523,fd29a8f8ed1ef757ca550123859bb41040869a12f93ffba95a3f5c4d862541a7,Pathfinding connection points across different Areas
1575129170,b8b84f2f4a1949114f701361f67e18d1979b5f2f1d23778edf47864ca144bade,Wooden Dummy Pathfinder Tip
1575150442,ece3afff9c38484bc30022d55deeedd9566aa2fe632ec545f663034f7e2bc1ac,{0} time(s)
1575160617,a4aaa25fc5013ee7bc01e16ce04ff1307af45726db8d716ca6b8dfd6c3f6d212,"Though, this is also my first time venturing deep into the Mistwoods.
I've only explored the outer edges before."
1575187648,f332c0a4ff935649737293a3b31942e7607bca34466a3d341e5fb114fe859ce5,So it’s not dodging—it’s seizing the chance to entangle its opponent!
1575209132,0d4c59dc34ec50a1423228a932c6a073f6334196c162e1620ba8a5cb1650c9a4,Obtained by catching with the Legendary Aniipod: Departure with the Wind.
1575228568,c8fa90e528a4c443535252a4f6656a4345df83aa36846d0fa7fc4d72b6d5e5c3,The most amazing part is that they can <color=#d89c28>drift through the clouds however they like</color>.
1575239679,587f6b4679783e133ce5b4c7089e9258f9671c3195ea1ec60ed571fab515e5c5,"<style=Hint_BgL>Homeland</style> is now open! #playerName#, you’re warmly invited to join the RV Park!"
1575261959,6e8ecc7b8a963501f83a62a31af0b8c1178fa58018e4a35322c6b1ca51ff7a20,"One gentle press drops a puff of snowy foam into your paw. Rub it in, and your paws will smell sweet and fresh."
1747462336,6e8ecc7b8a963501f83a62a31af0b8c1178fa58018e4a35322c6b1ca51ff7a20,"One gentle press drops a puff of snowy foam into your paw. Rub it in, and your paws will smell sweet and fresh."
1575282726,91475e05e2a8435060464effd2598cdedc543fc34dd2521d0c80f779be4a59e0,Can catch wild Aniimo up to level 40.
1575299146,b4ba34bec973d53832082272aed4eddccc1dbb2893d3ba06e948a3fd34c0fb1a,Character appearance
1575300383,1cfceb9ce619a23361a8d7fff47c009147d643c521aeb9f6e27ec418ce62022d,"Of course you can. The Academy's evaluation system isn't strict.
Even if you just want to eat and drink with Aniimo, enjoy the scenery and Snap photos, the Academy welcomes that too."
1575363737,57bc6dd5e7e925f521267a5264e904cf935f921fa04a31baf316ff4d5f1d7b63,Some Budsquires became good friends with the outsiders... and chose to leave alongside them.
1575390063,0e13cf99039c37912477ceff99179c5acb62cd5568f0f0f1af699bd03b957d1a,Hold a glimmer of starlight in your palm and spread kindness to others.
1702913150,0e13cf99039c37912477ceff99179c5acb62cd5568f0f0f1af699bd03b957d1a,Hold a glimmer of starlight in your palm and spread kindness to others.
1575405049,a8297df14d1bd41423a9c72d101dcff7d9baef92740e964c17e8b24d68d645e6,Teleport to island area to explore?
1575443832,4f165b969549d5ec444ab2e482c5b9137327c0aa34b74ac2121635449acb9f24,Move Left
1575445520,2d12717b6110813be318b1c6e7f5e6bc7f71813540fb71c326ff8541c5185be5,Personality: Energetic and Playful
1575453477,b2ab43108758057aa4ba9d4affc868ab95b61fa8ebbfebe2a67a641ee397d91e,"Increases damage dealt to Umbrabow Aniimo by <customRichText(calcData,buff,6003007,param0,2,%d)>%."
1575454718,9ae66eb1270dd7a6cc1c2704e7bf101d7a71645969a3d820631b6d5c1b7f6c1f,No report data available. Start by catching and researching Aniimo.
1575461318,3977a75e02b63a2debfe6f6ba19c7387a78f7c9e990a92558cbca39310a77d12,Name ■■ talk ■■■ ■travel■ ■buddies■ ■■ ■
1575480586,f8fc7fa4d6a07a7197b0852187caca13370e6e46dac758e87e819d807ca371a6,What? N-No way! I can’t let me kiddo down!
1575553594,15e2318ca8e1dbac87bfd1db11c154bb78088609dd12f4b517388aee74db1eca,Your friend <style=Hint_BgL>%s</style> has sent you a gift~
1575590352,3012ba888ada9ce0d19ee1bdee15df16c110cce6ee93f28eb5d08c04852d09f7,"When there’s an obstacle in front of you, use the <style=Hint_BgL>joystick + Jump button</style> to jump in different directions."
1575615729,27909f6ff0905a62eafdb35ff0718abf1885048757008625b7061d3d73116ee0,"I’ll be watching to see when you return for the Grade III Wayfarer assessment.
Knowing you, I won’t be waiting too long."
1575616258,eb80350fc65c78d62fa375204c457d063568672b8901943255af769626064664,"A pearl-white gown with a subtle woven pattern, bringing out an air of elegant nobility."
1575647051,a4bd742240cac3b6433b37db6f18666d2116cc39f805850e4524caf9d40bc470,Item (Placeholder) Seven
1575664391,14b4a32af0d1a3ee3b4b457517c6410abe2847027792c1ed772dc70e5a3d0b5a,Purchase Limit Reached
1575684184,0948f8cd7c82754fabf1d932283b9fafa1841ff66c4334abaa49948f5f53da81,"You’ve got a sharp nose! A lot of customers mention the aroma, but the ones who really know coffee can taste the difference from the first sip."
1575710672,0b069950757125e42bce825b07ccb320db2498181fd78fa1ee39278f3c1bae8f,"When your RV reaches <style=Hint_BgL>level 3</style>, you’ll be able to purchase this plot.
Clear all debris from this plot to receive <link=""item_4001064""><style=Hint_BgL><u>Wood Block</u></style></link> *<style=Hint_BgL>936</style> and <link=""item_4001065""><style=Hint_BgL><u>Mineral Sand</u></style></link> *<style=Hint_BgL>432</style>."
1575714595,b738cb936dc0ad7faec044917304520555105c262134d9e5eea30c839123f6ce,"When you check on Wendell again, he is still fixated on the Cozites, suggesting that he has not fully regained his senses. You decide to report back to Dr. Lewis first."
1575719809,a15ac016368a687f8d4a8fee69fb17116c8ca2cdcdb6193db0db9a9f196155a7,"Aniimo use this garden ladder as a lookout tower, climbing all the way to the top to survey the flowers below."
1584601092,a15ac016368a687f8d4a8fee69fb17116c8ca2cdcdb6193db0db9a9f196155a7,"Aniimo use this garden ladder as a lookout tower, climbing all the way to the top to survey the flowers below."
1575787007,cae286cbac9f41b7fa20f1640edcbe8eb86677dc318237225f03b0c25e078321,Star-Crossed Tea Party Aniimo Interaction Rewards
1575796307,327b3ed1422df7155646c26646fe3206867913dee488ea4279b9ba0d7fd2737b,Local and Cloud
1575810615,07aa7f9d41771eb82fbc24538f31a17a36ba52137884f6a61d220cb93c24b2fd,"Oh, it’s you! I heard what you were saying... Or maybe you wanted us to hear—you were loud enough!"
1575829439,05d8a7387a9eb0db0927f2aabafcbcfe990fd0467e743108c29ea2ceb7ea5a54,The ice cap will melt from the heat!
1575884666,d7b4e45127692f01a32295ab3b76904290a3ef60f39e56690758517d4ac34e3d,Fireworks for your Home.
1575890624,9a09a3654b73dfdf204dd7818aa3a66b7c93f8288dc2056ea4468602384a14f9,"The new blueprints are a lot better. The Aniimo’s input really helped.
Could you go ask some of the other Aniimo too? I’d appreciate it!"
1575961430,03ec5191b6cd0a97b8676bb3d1bee4a15e104e3435475acf673edc82856c40bd,Stinky Sea Breeze
1575963784,fdbbba76bd6c56a7d69de2e765f53d775ea74b90751050082b36d3a26db3fbdf,"Whoa, that’s one shiny head!"
1575988008,fec4de290cc5725459c7b45460f6010dfcc6b639c23b89d2a9c70902bf737a9b,Link Facebook and share your Aniimo moments!
1576003996,61daf36380e7357c3f2d4c90eb29a63361243492cf9220848e8dfd1c3c9f5b77,The color of that flame looks a little strange.
1576005340,0d9793b03bd563f524891817a739c29c6bdc701d3f6a51f7854751919857cac8,"After all, no Scorchhowl can resist the temptation of Honey Cake."
1576007173,fd9e5927359983862759593faa0c86ab04078e9f6aa8639e269555878a9bf044,The Legendary Aniimo’s restlessness has eased.
1576054639,c026dfb365b48675d23a9423267da2f7533fd3b1c84f08b39ea4dd027a9768a1,"Dappled by moonlight, its wings dance in the night."
1576115199,d33388f364fbda9cb4bba29d82869ca518e9724f74ca4e46554a090d62f09fb2,Watch out! Stay sharp!
1576151068,b61266bfe146d24deb317ef2b012691571d4c0ddf37d2db6738fac6f3d6f8aa9,"The following Eggshell Coins will be spent to repair your BINI companion. This is <color=#da8000>more expensive as it’s an emergency repair without an Energy Stone</color>, and your BINI companion’s max durability will be reduced to %s."
1576168295,394578e49b95190fb7d9378c2b684f83be57a255a9a1a8f50bafe67793eccee2,This friend hasn’t unlocked Homeland yet.
1576197480,1f25dfe52986ea99faa36a52696e8f92b3164278898b9dca70033343723231b2,"Interesting? Lady Velouria, did you call my perfume interesting?"
1576240684,97addacefea20729afa548d857c4cad5b012054e20b868044ae7767ceedfcb84,"#playerName#, your performance has been impressive. The Institute has been watching you. The assessment Q&A begins now."
1576259157,3dcd9323e924fa6f06e3b121f29b8a81ab67f324f7e596c48ef998d5975d625a,[Zephyr Coast] Final Damage Amp
1576281317,9d960e11f6f456a3bfa04b6849c861b7c09e724528e66c37fd517db984ff6343,And with that big cube on our side... we’re sure to make it happen!
1576281793,e5d55bbd74efbd84e45bd6814dc32a522161e362bfdb6fc2bec3a2a08905cd6c,Treasure Map
1576306563,6964550ebf6fd10ae94730ce7fe621e7fdf2cbcfab8c0a1724e5240f30ef163a,Common Parameter ID (-1 for All)
1576321256,31ab7e3d77c76a36e917a70c2cb1037851cdf2b85820e3d3d32006fbdf4fb985,"So, <style=Hint_BgD>Irelia mending the vein with her own colors</style> is what the Bloom Festival is really about..."
1576329521,dc8ab0f2ab75d271f4a457dd6d6ca1573df182d2d7a184c92a6ac1414c23d95e,The Scales left behind by Velouria still haven't completely dispersed. Just inhaling a little can put the little Shelly to sleep for a long time.
1576338827,84cb6810ebbd64d7f72d6a9bed32c828217a17a37414174c2cd94506ae317e0f,Sharp Hearing
1576344580,21337815c13a3c14e83de20afc878bd30c24669375d6e3d7e82d37c4066e8bb9,Baa... woo-ha!
1576381989,8cdd0f24b44e6ddff9c5f6b0b3db58e5da1a828123fb30f31824e904a501a796,Holo-gizmo image
1576387672,ac4ede974d9f6c29d1032228a648528c27fb84b1c72e81e91d00676a0ebd1fa3,So that’s how it is; I never would have expected those simple Celestises to be capable of becoming powerful and mysterious Stellaryses.
1615437787,ac4ede974d9f6c29d1032228a648528c27fb84b1c72e81e91d00676a0ebd1fa3,So that’s how it is; I never would have expected those simple Celestises to be capable of becoming powerful and mysterious Stellaryses.
1576414677,e3411605a8c09854d7e882e7aa5ca18589594aae79415d2b84c7e900bbb08e07,"Through such a long and perilous journey, you stayed together. That’s more than just curiosity."
1576474570,19fc06d72b9027818177d17739f70d9d039887c796fde3fd85a0555bc01d1845,"It's hard to explain clearly over comms. How about this: if you're interested in this Event,
come find me at <style=Hint_BgD>Echoback Landing</style>! I'll explain it to you in person!"
1576515102,8536b64c5b2be578dec9db518c588be15957c744baf87f8b2040bcd07c078b35,"Yes, consider it sympathy between those who have lost their color."
1576532925,a93f98762d6ef1d55c88d8082fa6f86d7431aa95c3bd6658aab394c7ad7bf055,"Now that special training is complete, it’s time to take the assessment.
The target: Senior Wally of the Sea of Flowers!

<style=Hint_BgD>This is a title promotion assessment. Complete it to become a Grade II Student.</style>"
1576535799,7f3501a36420e60bd0d9a1ccbf471997b8e7daee49e509b76f5f84dfdaf056e8,Seaside
1576548788,ed99c88dc636093b5af4898b37e26adbc9a4c5d7a0eb8a8a770bd476c97ba2cc,"Reverts to random personalities upon use, although some Aniimo personalities are fixed and cannot be altered."
1576561120,78cb51ced5cac1162d1cac4680ff973e0581357cbe626ac444faaebb8ea48867,Damaged Stele
1774929395,78cb51ced5cac1162d1cac4680ff973e0581357cbe626ac444faaebb8ea48867,Damaged Stele
1825490694,78cb51ced5cac1162d1cac4680ff973e0581357cbe626ac444faaebb8ea48867,Damaged Stele
1939339395,78cb51ced5cac1162d1cac4680ff973e0581357cbe626ac444faaebb8ea48867,Damaged Stele
1576561914,91c5dc9153df9403d882ce52ac3e150686a15c1963040652b6c5ae9edb42ee70,Reaping
1576566112,f06e63e52485229d7dab144463346447f1db74f92580c499e2a1a444ceeea369,Entry Confirmation
1576572087,988f8bd9c0f9df4f56949a929efbbfe72f6834e5bc655b60e261cdbe00e33c93,Game Spud
1892289405,988f8bd9c0f9df4f56949a929efbbfe72f6834e5bc655b60e261cdbe00e33c93,Game Spud
2065866034,988f8bd9c0f9df4f56949a929efbbfe72f6834e5bc655b60e261cdbe00e33c93,Game Spud
1576593189,2261e5d5735d0360e127b567999c76c62742ec78f22e1dfa1a1e0f1697682ee9,We’re looking for Sunia.
1576605337,4ec6454cf37bd445635fd4611e867c4fbe69e40b0d0994338493d257466a0c57,"Can’t keep up with their steps?
That’s alright. They say they’d love to try again with you."
1576612020,7b284a4493f919c46bafb96fb7426f1d3f30e4c4b3cc162437d495ddaa7d6f59,Collector’s Edition Active
1889950975,7b284a4493f919c46bafb96fb7426f1d3f30e4c4b3cc162437d495ddaa7d6f59,Collector’s Edition Active
1576638162,484aa6ccd17c9fe96eb955b9b56ed0c883b275301479deec1b817afe2abdaf72,2/3
1801036986,484aa6ccd17c9fe96eb955b9b56ed0c883b275301479deec1b817afe2abdaf72,2/3
1814367255,484aa6ccd17c9fe96eb955b9b56ed0c883b275301479deec1b817afe2abdaf72,2/3
1896970706,484aa6ccd17c9fe96eb955b9b56ed0c883b275301479deec1b817afe2abdaf72,2/3
1576642322,f11e1160bb0a9538d5a5ed690e34d41e72bd8200b2e8b9ece6983587b03f6e2b,There might even be ancient ruins hidden here!
1576649639,ee873f7870de31fa1ba127dba101eaf890fa602dbe16e7dde4c57e97cfdfac59,"Your masterful moves leave everyone trembling in admiration.
The Aniimo stop their battle and applaud you!
You are now officially the Dance Master of the Starlight Festival!"
1576663754,ac27df9234b8975d99075730daa7d2b5db4e508eb9ed7c63537216815f624fd0,Quantity A
1576674868,7dd1183f56f2861ce18492872a1ad2140f478f283e7e79fd9c6d1d85ee0ab6aa,Press Start Hatching.
1576713613,03ccfa32405143eb5570b5fe76b7eb7382ace0a17812ac7e76751b3d1c251695,I feel like I've forgotten something important. Can you help find the mask that Ling lost?
1576719144,f4a19ab6ae776218bf579fb2ea0e185dd265b4029dc345bd5d75582d32c538cb,"Want to warm up with a fight?
See? These pups are already fired up. Are you ready?"
1576725058,2df46612a9396fc2925f2118d3f983823d7f74d5fb2b3c7806cfefd5a762e9c5,"During your journey, remember to Follow your Elite Training plan."
1576736192,b5785ace7e8d8e886d15a4abec141e13adc5b435dc57c62f60abd3f2627decf7,"Finish these special <style=Hint_BgD>orders</style>, and you’ll get a share of the extracted Element Gems!"
1576750570,d2f406680abb23441574f9efad51fc05e7571511d608e1ecc2c576228307e99a,Multiple teams (not in Matchmaking) enter the scene
1576764535,ebcfea7b07bd81003747ed7298d2459e89d6cf3f7235f83f1fa052dafda8bfe2,Stars Earned
1576768297,3465885fc810588d8dd615bd0e69c84dd8622a18b8d9609c411957356d8ba6a5,Total %s
1576782953,7a99bd116da2330e8f3bb22c767f7335cdbe97e0b2907408149a059608074d17,Woo-ah... ey!
1576809755,06f74f3030a0cc53c064d860a233cb2971dd62521876bb71294766f5477a0b32,A little cabin-shaped clock where a cheerful Tubster pops out to announce the passing hours.
1847424646,06f74f3030a0cc53c064d860a233cb2971dd62521876bb71294766f5477a0b32,A little cabin-shaped clock where a cheerful Tubster pops out to announce the passing hours.
1930057249,06f74f3030a0cc53c064d860a233cb2971dd62521876bb71294766f5477a0b32,A little cabin-shaped clock where a cheerful Tubster pops out to announce the passing hours.
1576830580,9c6f32bc024d23fc6d876d7de680c6ab46d14b00b71066b6f53791eecd5f08b9,"The Adventurous Cozite drops a chest on the spot, then dashes off in a flash!
Looks like it can’t wait to <style=Hint_BgD>reach the island through the Soaring Spring</style>. Follow it and take a look!
Destination: Mystery Island!"
1576837972,d5f5d97a1f003c12d3ae226eaf26a8207be67ddc1e3c0c40129699b22869cc1e,Unlock Order
1576863310,ee1efe87b88ebe41844f07a5c4b82de19c972eb35fbb7cc40f773a984039ea36,Absorb Water - BUFF
1576902311,cba23b7bda1391c9776384616cd667c2550f0023b62da11960a10b948fc4433e,How did all the food disappear...?
1576911744,b2a9e97567d0e8f365929aa404b2f9f8178c62e0e5a4dada87a39e8dc926fafc,The principal once said these new student assessments were originally modeled after an Idyllian custom—traveling through different lands to strengthen one’s connection with the Veins.
1576962144,112d9bccdedc69286f895e0ea7bf1439bf0f8b67289bfd264fb504a591a1b1b0,"Causes all Hummins to blink next to the target and unleash sonic attacks, dealing area damage and inflicting a <style=Hint_BgL>1</style>s <style=Hint_BgL><link=""source_8160""><u>[stun]</u></link></style>."
1577003370,1513cbf961a91dcecb0eed8f87965b1068ebe53423ea16dc8e07aa1147a2a349,"As the white Iris untwines, a cheerful young woman awakens as well. She introduces herself as Sunia, a perfumer from Bloomville. She had been trying to create a new fragrance using Somniwing scale dust, but it proved so potent that both she and Snowy fell asleep."
1577010749,6fac36e65e7fc27254035b66dbe50ff7e109b076789aa5aa4eedb1759e28d86d,Delete Photo
1577042994,e1d2761f09830c43f32d6da9e2aab5b3fa9b05cf90b59680ed2908ffcafe0101,Climb the wall and reach the target position
1577050076,e964a9b0d18a8298205391af008ef86bc97c24b25d06b9e8810728fb952a4a9a,Defeat the target within one minute to receive rewards.
1577072218,55d3a3bcdf12405f80e5391c95ccbed15e2c2d166b4c40070a6881d94b16f2f3,Defeat the Omega Infergon
1577107865,d3a353c34ec05f5e190f6d8cab1ab5c17247fa877a7c78e18939a5a29f2d9d1f,Select an Aniimo to level up
1577113918,582689323d1d2347f544318ae50073a5ab424356f0717ff37628251a6d18415b,Tweet! Tweet!!!
1577118845,e45538a6de332dc37cc5d279be41456934f6ce8c438b5ec39407dc274c21ffd7,"Evolved from Irises that inhabit the Nimbus Fields, their dances after basking in the sunshine are full of vitality."
1577129922,cb78447ad8319b6cd2f6f616d008da579062764f700d81e686db60a808d14768,"Amid thunder and lightning, branches fall from the Blitz Tree, 
like <u icon=""Symbol5"">an answer from above</u>."
1577134914,eadc7ac4397e0e97f761e96cfd324960ab88185ce8f3a77d40e76a4afb89eac9,Inside... the box... zzzZZ...
1577167686,3b3206f0f8c4d90610299c0de3ef07121d768675a767d97f5c07c1a8cd338075,Guardian Unit
1577202061,170322a32f3c35b2c61576a5553d352d7b3c8ae7086dab78f15fc891a28c067c,Info
1744448478,170322a32f3c35b2c61576a5553d352d7b3c8ae7086dab78f15fc891a28c067c,Info
1840205603,170322a32f3c35b2c61576a5553d352d7b3c8ae7086dab78f15fc891a28c067c,Info
1891111677,170322a32f3c35b2c61576a5553d352d7b3c8ae7086dab78f15fc891a28c067c,Info
2139631399,170322a32f3c35b2c61576a5553d352d7b3c8ae7086dab78f15fc891a28c067c,Info
1577210327,dc32bc373045a9730c1257f21d8e7780b4cb41e7689e6daf972d12b3de1a9acd,"But I don’t even speak their language, and that would make traveling with me very boring... The poor creature would end up feeling lonely."
1577213463,e6aae3a09dcccab8f1dbc522700f68c9ae3b99875a3cb5e84a1d0642f1ff3048,Switch Roster
1577246599,f1bca44f9f44f31741ebce3e112550fb6f255ff34180e3f127466ffa9c0d6b87,Invigorating Shard
1577293651,524b51e9071226afa2e98961b656bd82532854b420f9ed46573f32e9895a0943,Search for friends
1577344318,9263a33184884fe6e913d442f1cb480eb7e912ba4f42d0303270002bb47b367a,Nailed it! Seems like my test subject really does know how GoGoHomes works by now.
1577384621,a213a6c9e65ba721bd6bdabe3501d743166c51c62f1b3eb8c946d0416e926776,Add an affix to Roguelite monsters within range
1577384876,69f59c273b6e669ac32a6dd5e1b2cb63333d8b004f9696447aee2d422ce63763,90
1577395436,017d42a26185d08fa94bafc75656b1588c898c4b6df494224d8b5ccb8517e791,All Mine!
1577400726,c1aefd1f8c32fbaeaa00c3f5ce6232066ccbf23a49d344983a61cc3df0a634be,The current deployment party is full.
1577443824,ed2647977354ae69d123167fcb835dd4f213738795eb5de6332c482660e13ef7,Find the Starine stockpile in Celestis’ nest
1577457617,ef7580ba35d2725a7f94d0675163acf25b0558c9bef81a0fc63b1d07808724f0,Walnut Tree Timber
1577486471,0b4c79376200186dcc7f82a1ce13c093e533a96eae35490600677c9075efc783,[Battery]: An ancient battery that stores <style=Hint_BgL>electric energy</style>. It can be used to power certain switches in many ruins.
1577502369,badff8f582e56282b8bfe6aebfffa8795c273cdfc90651e1a9a97649e4723eae,I don’t get it... I just wanted to know what <style=Hint_BgD>━ ．．|．|━ ．| ━ ━ ．|━|．━</style> means.
1577519160,803d9e50b85d0eba591d73c0cb2137c679beaf5c1854adb8f6c117747edc95fb,"This Region's Aniimo refresh CD is shortened, this Region's Aniimo refresh CD is shortened, this Region's Aniimo refresh CD is shortened, this Region's Aniimo refresh CD is shortened, this Region's Aniimo refresh CD is shortened, this Region's Aniimo refresh (placeholder)"
2014987129,803d9e50b85d0eba591d73c0cb2137c679beaf5c1854adb8f6c117747edc95fb,"This Region's Aniimo refresh CD is shortened, this Region's Aniimo refresh CD is shortened, this Region's Aniimo refresh CD is shortened, this Region's Aniimo refresh CD is shortened, this Region's Aniimo refresh CD is shortened, this Region's Aniimo refresh (placeholder)"
1577528107,cbb50749a6468ae79e75cf74bd1dae9a2e5309a4b0b8c3507e1bb4c012c7e7f3,Dancing Petals
1577536490,31122490ddef98f4d5bc2328990ea34b5f0dbd1e26704e00a6f876d99d5a5ff0,It feels like something’s been awakened.
1577552226,3a9130bd0ef606b5ccdb98e3680ca69b15b2fdd97eab6487783fe5cd7ec4f3ac,So many flowers!
1577639786,15e4248c8531a7a11eb42875781335cb4873a7a9a7d231ec68ba21ed97f48450,Furniture Blueprint: Cool Summer - Drink Set
1577671718,ace751a1b3382760bf4401c1e3a37ca6a8ef221809e81c863e4b16f37f6ae70b,"I still remember
the last one you made...
It was pretty bad! Haha!"
1577674108,c8bb32b34542efecae1b688307c0013869bd9e422f91deb230f28ecd00269447,Opaque_Static Large Ice Block
1577705284,c43139196d576427b9073922c4da86ff6d0ecff71d1a2c2ad9116ad2a1e8d50d,Charles
1753683151,c43139196d576427b9073922c4da86ff6d0ecff71d1a2c2ad9116ad2a1e8d50d,Charles
1984295417,c43139196d576427b9073922c4da86ff6d0ecff71d1a2c2ad9116ad2a1e8d50d,Charles
2030344446,c43139196d576427b9073922c4da86ff6d0ecff71d1a2c2ad9116ad2a1e8d50d,Charles
1577709587,48af65eb1de13b352cb4cf9bbe217024126fc361b1bc54ade146370e8009504f,Pure luck?
1577738060,4e3b3ed962ac56b482958f3cd7c0276d5d2b60942f3b7c5876fc405badfb69f6,Aeon-class Aniimo... only fragmentary records exist on the Idyll Continent. Some in the Research Department even believe that Aeon-class doesn't exist at all.
1577745796,a46b18ec9d2b8bac9de83f80d8b1dc2f869f8a7c8c700015caa83e8a474967ea,"Next to Shanel, someone wants her Nimbi to become a model.
But what does the Nimbi actually want?"
2142549029,a46b18ec9d2b8bac9de83f80d8b1dc2f869f8a7c8c700015caa83e8a474967ea,"Next to Shanel, someone wants her Nimbi to become a model.
But what does the Nimbi actually want?"
1577746887,5f041f4be2d3becdcb1363508b415794005ddbcfae08c4d6d5a29d615ea73922,Run once
1577759757,47cc5455e24ada892242fcc118ee2634a70572a44305a6973d848a2b2ef988bd,There will be more great games this year...
1577761867,5d0f958601777cff68b97b5a8be00131b44250f0be896167b5eb6ad119804fd6,My friend is trapped!
1577778999,6099fc7d9c70cf41c740948b96e130ede79ebbe5e9547ff6afc6c8465d6619fd,"A tall, giant Mushroom Lighthouse! You can spot it from far away!"
1577802174,9c9c3384ee1746cc757001655a1e2e911f2ecdf02da2d31cee702518f405a711,Hm?... You’re having a good time...? Oh... well... okay then...
1577817085,dd2888affb9597fe2e64ba49b3ab7d44cea9d2237b8678ee21da3deeaf1573b6,"Perfumers have always been the object of admiration in Bloomville, but Marlowe seemed to be the exception.
Whenever Marlowe promotes a new perfume, everyone keeps their distance, afraid that getting too close might cause them to become another ""victim.""
Yet there are still those who, swayed by his passionate pitches, end up passing out on the spot.
The elder was deeply troubled by this.
As there was nothing else to be done, the elder made Marlowe stand near his own home to promote his products. That way, whoever was unfortunate enough to fall prey to his concoctions could be dragged back to the elder’s house for timely treatment.
The elder had worn himself out worrying over Marlowe.
In fact, the elder’s favor toward Marlowe was not without reason.
Marlowe was born with a ""bad nose,"" unable to tell one scent from another.
As a child, he tried learning perfume blending like everyone else, and eagerly brought his very first perfume to the elder.
The elder was overwhelmed by the stench, which smelled like ""rotten honey cake""... and passed out on the spot.
When he woke up and saw Marlowe watching him with concern, he had no choice but to say he only passed out from delight—the scent was simply too wonderful.
Marlowe was so excited that he decided then that he was a genius perfumer.
And so, even though his perfume promotions continued to meet resistance, he never gave up his pursuit of perfume making.
————
Marlowe’s belief that he was a genius perfumer wasn’t just because of the elder’s compliment.
Though he couldn’t smell the sea breeze or the flowers, he could perceive certain... unusual scents.
For instance, he might catch whiffs of money, freedom, and warmth from people.
He even once caught an Aniimo thief.
Some said Aeolus had closed one door for Marlowe but opened a window.
Others argued it was just Marlowe’s imagination.
Yet when Marlowe crafted ""Perfect Mistake,"" which was later regarded as a legendary perfume, a quiet shift began in people’s minds.
Could he really be a genius? The people of Bloomville started wondering."
1577817404,73f6d2b995101a55294c6ddbc124d0f4b5aa905b300c20b12f0f5b8b56696a04,Try editing the UID or searching with a different UID
1577852584,d71936e650eb4628fe5b5588a2fa315ed7b56e36b9d7d60ff98f5a01b8130f82,Alpha Baleetle
1807244546,d71936e650eb4628fe5b5588a2fa315ed7b56e36b9d7d60ff98f5a01b8130f82,Alpha Baleetle
1824869005,d71936e650eb4628fe5b5588a2fa315ed7b56e36b9d7d60ff98f5a01b8130f82,Alpha Baleetle
1863943705,d71936e650eb4628fe5b5588a2fa315ed7b56e36b9d7d60ff98f5a01b8130f82,Alpha Baleetle
1577928459,c9895fefdd99e0770c8661ef046813b8d69c572a02950abe902194ac6912e037,Server unavailable. Try again later.
1577951726,93e0542b2f01941ffe9fcc18e93e7f66dc3e7464622632718d2e0408142ec4e3,"Extracted natural strawberry sugars concentrated into tiny candies that capture the fruit’s sweet, fragrant essence."
1577962600,98430091fdac6f95625a3f81f43804d628dce29fe7e6a924846ce14c728f21df,Defeat {0}/1 Aniimo with Dazmand in your team
1578011336,d652e49abc847a6629a98684b29e3f49ada257ce6778373ab1e1623f5215c9f9,But then the stories stopped. Who knows what happened to him? Maybe he found a new world to explore...
1578016701,66110ec7a7ad5b616228db5347aace9b274dce774bbed1c6b45adafebabc1622,"While in battle, the next skill grants an additional <customRichText(calcData,buff,91141011,param0,1)> Ultimate Points. Can trigger once every <customRichText(buffConfigData,91141012,duration)>s."
1946782391,66110ec7a7ad5b616228db5347aace9b274dce774bbed1c6b45adafebabc1622,"While in battle, the next skill grants an additional <customRichText(calcData,buff,91141011,param0,1)> Ultimate Points. Can trigger once every <customRichText(buffConfigData,91141012,duration)>s."
1578048122,ad4a832ff83b98a377c052d89827e0a04400329fc2a57cde8da7e9bef3a5d1df,"...Not bad.
This scent reminds me of a few things from long ago..."
1578079779,1f08750124aa6ef7c335ef65d28de32f70a573321f87210997ca6fad8dc204cd,Water Training
1638567873,1f08750124aa6ef7c335ef65d28de32f70a573321f87210997ca6fad8dc204cd,Water Training
1578129657,570c02c321afa1f4144e11c0554241ed728c4198624be4cbc0db4940897dca00,"Reduces Dark damage taken by <customRichText(calcData,buff,6003024,param0,2,%d)>%."
1578149739,8bb8c6564bd471cc047f740a561d38530ba82d9638615cd5ab3c59f2e90e90fb,Aniimo Cookie II
2050019758,8bb8c6564bd471cc047f740a561d38530ba82d9638615cd5ab3c59f2e90e90fb,Aniimo Cookie II
1578169585,867f67fc47330a1b33f98da1df785083b8591a4f8e19ff0450659670ea765e0b,Enable the Lua Sample switch
1578193060,d9c8f11e706e84bed39d347013608fb4df0b53915afbb7391d4d4ece37467f94,"Sunia is living proof!
Everybody in Bloomville knows she was blessed at the last ceremony!"
1578265034,c9b3c38247f744e17dd26fda097d6a9ba9332586b6bdaa038bf8f313a863f2b8,Total
2011331338,c9b3c38247f744e17dd26fda097d6a9ba9332586b6bdaa038bf8f313a863f2b8,Total
1578297385,ce8bfad08445b311b5200f1950640252800fee77c0ded471c812f42398627c67,View Friend List
1578308560,1ed303baa7142bcae80352040d8f560473dcf7348e84522dd71d63c01fb35788,Quick Construction
1578361346,135eaa0a90a6f2377c26d977d5d54314f17b611e8145c10afedd4d22b7912c59,There’s light coming from above... We must be close! Let’s fly up!
1578373240,7911645a588662bc2adff2f94ff87e885e1d68592656e6d12a53ea7a1a25a4ed,Text description text description text description text description (placeholder)
1578374507,10c5a4c535b39661454f1d5292caf6e2b7cce14bbaa2fa1f0b5e1a7bcba493dc,Why did you wake me up!
1578376177,b8731ef91eda09ac419aa57cfb2fd5bf46aeb0e8e63a6df7b3ef8239322a01bb,"Have you forgotten? Those people we saw, the same ones who ambushed Lunara!
Looks like powerful Aniimo are their prime targets..."
1578385903,58e9ce3be84acf3b0eab7b3937a6ccf3a01d9e6876973bbbbb2a5bbb5ff451c4,"Follow in TapFamily’s footsteps, and head to the continent of Idyll together!"
1578396043,71a1e5d86255634f13cfb55a7c1714fcedb2d0cfd1be2ca56cad3b22f136d116,Rippling Glow
1874427579,71a1e5d86255634f13cfb55a7c1714fcedb2d0cfd1be2ca56cad3b22f136d116,Rippling Glow
1578410380,e087565971388c8022f196287ba472928213539f65f75b18cd59d4cff4d79ce6,Whoa! So many mushrooms! But wait... these look like they <style=Hint_BgL>already have an owner</style>?
1578413870,cee79c2b05651bbfdfca923c631a58df06121dfac33908b7b722f35f5941c633,Acquired P.DEF
1924298457,cee79c2b05651bbfdfca923c631a58df06121dfac33908b7b722f35f5941c633,Acquired P.DEF
1578429107,0940754e446dd250217a5b6eb928701480c974e6f4a60eaea0190b7792f064ea,"Come on, I’m taking you clothes shopping! We’ll be the coolest pair in the Forest of Falling Stars!"
1578466766,9c2109dfe91d7157b891a39541581cceb0de18883fed0e7de58496b6c660c2bb,"Gains 1 Dance Power each time a skill deals damage. At 24 Dance Power, the next skill costs no EP."
1578494047,85fadbd9801d01e01c5286040faece80d79ab8858c6c041246156e236fcf321d,All all all all
1578511842,8402ab9e8ed7bcb69499f4e12759d815c8de6960449b87d663229c6b19648cd4,"An Iris appeared before me in a haze, scattering brilliant colors all around.
Then, as its own body turned white, it smiled, dissolved into petals, and vanished...
Was that a dream?"
1578524249,1eafdce897c8855ea721edffacf25fab37a9d615f0525d349804b8eb866747fe,Quick as Lightning
1802637430,1eafdce897c8855ea721edffacf25fab37a9d615f0525d349804b8eb866747fe,Quick as Lightning
1578525354,468c37fcbcd626c6f3b403be0cb06a6c0748cbf8a202a00cabffc225f3e88a6f,Challenge Budsquire Dr. Glass and perform 5 perfect counters
1578537641,fd86055d15f5ec635af3445c177acfcb9f34639492eec54f919e59068a4d9b73,Mm-hmm! That's true! You're one of the best I've ever seen!
1578538677,5e86b4bf0e0ea4cf9b651edfcca56a770c1ca72116e7eb73218ccc23bc5d6d61,Electric processing in progress.
1578583090,60c25083c89a40578e8a0d2cdd8f65a65aba9c1de161b12011b74539937e5f58,No localizable content is available on this page.
1578616818,834a3bd30646a85783e08a2d0d518f9608245fb4ac99109d18bb14538f7a66a9,Don’t Step on the Leaves
296949898,2f3ebe0f68de769a15fa84a77ca7a34c512b47e9c2aa6aa457e64ba9b476bf22,Change your character’s outfit once.
1578664009,2f3ebe0f68de769a15fa84a77ca7a34c512b47e9c2aa6aa457e64ba9b476bf22,Change your character’s outfit once.
1578680962,d5759eb00c781c7e4e6461496176371ce4a21fb98f4d248d5c9eeb32435fe5ab,Grants an additional 15% Damage Amp after using the same skill 3 times consecutively.
1578696075,694c33a85dc4b011f6db3cc540c0e0734d87bd2604e19ed2e376a829e47b64b5,Celestis Family Research II
1601098655,694c33a85dc4b011f6db3cc540c0e0734d87bd2604e19ed2e376a829e47b64b5,Celestis Family Research II
1578700432,983ce61fb36dc6d2cc9df1081102e899dda014a8911921d384f4788c4300c7db,Astra Gacha Store Greeter
1578703033,f97da565810f302314284cb99bf30743dc66a964af58a00d08986f14790eb3c8,Hmm? They seem to be heading towards the farmland.
1578727523,cd216765f0fae2f142dec981b42cccc36b03befec181e81472c139a4fea57d39,"Let me think... there’s actually a festival coming up soon.
I’ll fill you in when the time comes!"
1578785354,38e03c50d2788681c51b6fc1d0b2729a3cb9963c3ea7068dc84d24fa56077b4d,Reset Matchmaking Status
1578830772,a8f373f80a1eea6a49aaf5dd9ae7f9f07a04aa6d7b5ba888879d4d50250c3227,My Head Hurts
1886477466,a8f373f80a1eea6a49aaf5dd9ae7f9f07a04aa6d7b5ba888879d4d50250c3227,My Head Hurts
1578845939,370ecc258fc28917d943a69621fbe9acb7bde485832bf34e4f116b12184da49a,"#playerName#, now that you’re officially a student,
it’s time to start your <style=Hint_BgD>real training</style>."
1578857303,9764958b389e963f8cbfaea9327588d68e7b6065e4bacaf3568b1480e95dad52,"She’s believed in your talent ever since your very first battle, and she’s always looked forward to seeing where it would take you."
1578893709,9437fe3b291c880f02ad41766462aa316e4cab5dab0885b22e99bf68399e9f22,Those little rascals are finally behaving. Thank you.
1578928368,754e723e04d12e240864638010cb6032e074a2b5c8a55a59b5a02e0e3c9cc027,"Ah, thank you—I'm fine!"
1578943704,d7ab1e17c451381ba1cf6d7789f526e42f53a15efd6987a90fbfc87bb53a2317,Final Ascension
1914879671,d7ab1e17c451381ba1cf6d7789f526e42f53a15efd6987a90fbfc87bb53a2317,Final Ascension
2142333308,d7ab1e17c451381ba1cf6d7789f526e42f53a15efd6987a90fbfc87bb53a2317,Final Ascension
1578945127,61a54a69eadc76a514179f2293d548dbf09972f74baa38c70670a83f679e547a,"For a moment, Whitesnow Roses bloomed atop the tower,
and Cubbo’s Roses spread across the hills.
Perhaps this is what true happiness looks like."
1578949273,8e87aa3b63b15503b8d0d9496f4c65b3eba7918e61199c50e2f50741134f8aeb,Windwild Journey
2019337648,8e87aa3b63b15503b8d0d9496f4c65b3eba7918e61199c50e2f50741134f8aeb,Windwild Journey
1578982230,9af911b712658f214a4776a02d5c82752e59a50f673dd7827c7daf5630ae125a,Wow... So high...
1578997492,ab57c95daf3f7eccf2cb4d9811bd88baf6fa931c3df48053676c799c0bf95ee3,Fine spices! We’ve got them all! Care to take a look?
1579033008,1b79de487fb545fb85127a9b047c3d5ec13166628b807267adfee42af34f2421,Starburst - Mist Gray Tall Wall
1752204477,1b79de487fb545fb85127a9b047c3d5ec13166628b807267adfee42af34f2421,Starburst - Mist Gray Tall Wall
1579076243,854551817b50a591b1c9800ad0b465c24cb9f58908000adb47f2f0e5c8157538,Woo~ (It seems very happy)
1579078689,982e52ba28ede05f9a2f0c4c4da9411f5d1eff6fe7e67336f7ae6b4cd0605973,A Big Guy’s Game
1579079110,9c8f3e66b38c47867a068a1d54b17fd4ffdbafaa755d7a111e2b207d994d51d0,Companion Handbook Free Level 80
1747883634,9c8f3e66b38c47867a068a1d54b17fd4ffdbafaa755d7a111e2b207d994d51d0,Companion Handbook Free Level 80
1579083380,2d105c2d2116f68f9b1994c4e3a9691c70b3a0446c35e7e940d90b440be53125,"Extremely rare sorghum with dual mutations, enveloped in a rainbow-like glow while having exceptionally large and plump fruits."
1579101264,7bb49929a307c2bfcd6a596f1f186fb1bee4780d61905542f015575bfeb0d2a5,Let me pass!
1579113616,c62a35742261f2e6768835442028ce7240d10c5bff512a099cb5224b03e78cfc,The princess is so kind—she hides her pain so no one worries.
1579120560,13022ba8400f58de3a846bba79dec6e6171edf42d8740a7b03a959525175b79a,(Open Bulbly Electrolinguistics)
1579125185,ee5b1dbc0357f9cea56cfa842f8036bb81d1e694f5024f4784b41f439f074f50,Clear any Holo-Battle Sim Advanced Training stage.
1579151310,fededc6ed937896c84dc31028591d1868c001e25a5451b0b6e75bc25fad0bb4e,"Whenever he went out to fight strong challengers, barely a fraction of the time was spent fighting—most of it was spent wandering around lost."
1579224205,7855fa604a28b867a4b8790d4d14600707d74a3bd24d527b8e136670f55e1f1e,"Lose 80% of current HP, gain 3 random ""Wealth"" Gizmos"
1579247476,3f7b1c2e2e9876192d1ee1ba25843b698e520f461fa29df19237d126e0268894,You must twine with a Shelly for this to work! Let’s try again!
1579258380,8cc4b64a2d92aa6c1712d731fef54fcbcd2ac53dec5a1244402fafad8073a680,Sunia called out to us...
1579271178,f4e3d21fff2ae9268600d2b7d2cb0e2b96f6cd156cac972d1a0590d324806f80,At the Bloom Festival ten years ago?
1579285014,4f487083461668e03abf040806a8e46823af6e6d07cac430221169f2513335dc,Shadow Iris 02
1579286952,04c8f4996a4b5f7c253feffee4bb51a7df5a7a2951a27dbd271dcaec3bfc68af,Linton
1579299718,1645c44d3b24a9e744f2dfc8ce71f645c05c8857fee951a779838a6271ce00ff,Potted Silver Peperomia
2092865987,1645c44d3b24a9e744f2dfc8ce71f645c05c8857fee951a779838a6271ce00ff,Potted Silver Peperomia
1579317676,fe36a49ced83679f177cecb9fd201107a5aba8ef37dc3e7e61deb29fbf67e6e9,Initialize NPC duel data - enter using duelid
1579361644,10362f5a668b7b62585dcdd09ae849577aeaa19883b5d15b1985cdc9651fbda4,2024/07/24
1579372521,5d961458dd387fb1f0d1bf94b94951e7c9ef77b6a00d3c123a88ee1e0233e55c,"Pomeggs can take on different forms depending on their environment, and each form is unique."
1579425211,fbf6e616901fe78bd94fc91aeeac7200fdf5698a3fec5edf45a922a8ddc2da8e,Environment info
1579457981,dc0965c52ece255ad2f944e9cfe7f6842469e0402dd3b955e4a6b17c67552fdc,Kuaishou
1579476749,6b3c20a4423cac906bf273c134ae293b9a0ed038a477f12e188a72d5d775eb71,"Bidding farewell to their lost Earth homeland, humanity discovered a brand-new world: the beautiful and vibrant continent of Idyll. Its scenery is picturesque, its life diverse, and wondrous creatures called Aniimo can be found in every corner."
1579506396,1065b416d2fb013993ec765e98d9c28a1eab06464bd861cc81b2283be7cc95c9,As expected of you—your luck is second only to mine! Even these notes found their way to you!
1579535156,818d64bdd3d2fcb7824abbb4a3dcbee46412da140495b965b29fb2ec9681f92a,"I keep practicing every day, hoping that someday I’ll grow into someone my friends can rely on."
1579540508,acffc5dbfcb047da52cd1fd657af45198323030e26ea56d2c45f93b6f3fea3dc,Complete quests
1579577423,57ccfc040be1956c23e085510a7b74377971b813e64639ad5cdfba9b941da1b6,Swoleshroom
2053076630,57ccfc040be1956c23e085510a7b74377971b813e64639ad5cdfba9b941da1b6,Swoleshroom
2122489419,57ccfc040be1956c23e085510a7b74377971b813e64639ad5cdfba9b941da1b6,Swoleshroom
1579581853,837506dc82b9056d0c10e07585357444266ae8599696120c80a1413510fc3142,Thank you! I’ll do my best to grow stronger!
1579623253,fa517cf79a8e8437f7cd6f9537fe6394becf283b92463d9677f39873df5cfde8,BREAK Growth
1896647752,fa517cf79a8e8437f7cd6f9537fe6394becf283b92463d9677f39873df5cfde8,BREAK Growth
1579665580,35d3f5d1215fb9e98113c5e2c221cffa2be736dbc9b49729c6f2539066253b4c,"Page 1
Fog’s thick out here. Only way forward is striking those glimmer fruits for a bit of guidance.
Good thing I’ve got some experience—I avoided the Tucking’s hiding place.
Massive thing. Bigger temper. Doesn’t appreciate visitors.
Last time I drifted too close... almost got bundled up in vines.
No thanks. I’ll be keeping my distance."
1579710173,78057c77799cc8a2bcad46ca96c81dc9bd0aff301b1c5c27822ac05dbe0855cd,Isn’t that a little sneaky...
1579716962,5de6fe461522433a11011136fd25d090140790feed934ca7f6135686f4480f6d,It's right over there. I can feel some kind of strange ripple in the wind...
1579782715,1968479bd56996ca3213e90e94e491b8e2dd07030ce21663061f1589badb862a,[Placeholder Dialogue] Epilogue - Sparkling Sherro Dialogue
1579787431,3f9a5a82fe6dfca2a18ae223c28ba510bc38fcce67d23c5aa200bad8fe1b7a2d,Claim Reward
1579845669,ccee99ad544b02c1ecfc24ac8a04277ca6847325027e7d38e6592adff66cc03c,This quest has not been accepted yet.
1579848324,8288d11831ed0eae4590862522df8c944137178b6c5f9866ca4c62d56ea74f26,"BINI #9 activates a temporary light source, clearing mist within 20m in front of the Pathfinder for <customRichText(buffConfigData,6001006,duration)>s. Cooldown: 120s"
1579849883,c2f03cad6ec242659deb2a4864c1d9f105a6241b9531d5141c879687b4a4b3b6,Gives you a special detective vision that allows you to see metal objects and cloaked Aniimo nearby.
1866610280,c2f03cad6ec242659deb2a4864c1d9f105a6241b9531d5141c879687b4a4b3b6,Gives you a special detective vision that allows you to see metal objects and cloaked Aniimo nearby.
1579860223,6b0b065152bf62603e8475e3c099f9bd306e96885af9bde62d14fa0e44de7353,"When HP drops below <style=Hint_BgL><customRichText(calcData,buff, 2051003,param0,1,%d)>%</style>, gains a shield equal to <style=Hint_BgL><customRichText(calcData,buff, 20510030,param0,1,%d)>%</style> of Max HP for <style=Hint_BgL><customRichText(buffConfigData,20510030,duration)></style>s. Cooldown: <style=Hint_BgL><customRichText(calcData,buff, 2051003,param1,1)></style>s."
1579887971,c41b132f558f17023e27e3fd11f7641f1328974d31ef6221ebdb683dec47290f,Game Time?
1579926213,3770c49bcc0bc8693f959c35270091fe8a40e42113ee3b5ce8928914a4a319e7,"In Build Mode, you can <style=Hint_BgL>drag</style> furniture straight from the furniture list into your Home and edit its placement."
1579931556,2f357a815ed3da99080f2ed571bd3ef289929f2a7ce8c2e3445cf984e47e7e88,Ahhhh! What’s happened to me?! Why do I look like this?!
1579942098,4ed4ac563e60cdc3f49cd210f19af3c4e2df47e8912ea8d57311e175c1325ae8,"Multiple <style=Hint_BgL>Crackle Generators</style> and <style=Hint_BgL>Power Poles</style> can form a power grid. Facilities connected to the grid will <style=Hint_BgL>share</style> its total power supply, and the grid’s <style=Hint_BgL>power supply rate</style> affects their work efficiency."
1579973704,41dc62de9e6dc1c2af55da16eb7d138c79650fb144cf5011d914e5c3e001c384,"As Velouria laughs, the air ripples like colorful water.
A figure appears in the air."
1580005893,d31bded5ee49f3990e80ef03a9f50b6c772e51defd69ed2e6a15ae172932a2da,Respawns after progressing the quest [The Land of Dancing Illusions].
1580019330,edec69b5c69c82177c727cfa3321b0dd474ca0eeccb4a329ef5e8c876605c240,Luvens
1580054377,4dfa6ead00115cceaf3191074504aabcd7b49c28907ed83e66dbc83e58dd8277,"The ants seem to only repair walls, so let the ants... help with the chores!"
1580087187,82eed89f685909f32731a7f2fb31a286f8bd7e01e1272160a2dbd97b5ad6f560,Lava Sphere
1580096961,c9c63782fdbb35e16d379407fab3ef32258e5b8112fdca02339890df8e0daba7,"However, just like the last Sherro, I too wish to return to the stars as a knight.
Not to fade away silently with time."
1580138731,f794f5cbd4ee08255d6c32a37405b806da9741a5c89126c381b19ca8f3c877cf,I need your signature here.
1580144438,20074ae407d7bc136d1adbff2b16235d62e6161a56273c234d0c87c7e3e7c9d2,Jump up to higher ground and head to the finish gate
1580159651,31921a9aeaa8c5e27072e0932cf8cd90ed276d0559ecde478bab980e05d60f35,Sunrise Exploration
1580189854,1e10002153d9cfd9f02d637b069f6ca14b21082a88868b30610a81c0bdf05db5,Blessed Baleetle
1580190182,2cce2135dc9ef4d62ac6ee2cebe84d978081baf777f2fffa2e9ff8fe2026a90d,Try harder!
1598357118,2cce2135dc9ef4d62ac6ee2cebe84d978081baf777f2fffa2e9ff8fe2026a90d,Try harder!
1949469430,2cce2135dc9ef4d62ac6ee2cebe84d978081baf777f2fffa2e9ff8fe2026a90d,Try harder!
1580209477,2330244e9a1fa2f3475029484c9473e1979779568bfb71f56ec39ce8c0509a7e,"You buy it, and it’s just gonna sit there gathering dust."
1580213374,aff95f11e9e8f8869bdb79f7c63966fa524f2357299c09756fad04778fdb6a04,ZZZ...
1580222380,39a8250f016500752e7eb30ec0e397802397d425d76be423705772f0c4a44768,Adjust Impostor Display Distance
1580233603,cd16d247e4791ba1c2ce0714df1bceff035416ba3a653b7bda738459c8c50fd5,"Dear Pathfinder,

Welcome to the continent of Idyll!
Your exclusive perks from the “Collector’s Edition Pre-Order Pack” have been sent. Please check the attachment."
1666285032,cd16d247e4791ba1c2ce0714df1bceff035416ba3a653b7bda738459c8c50fd5,"Dear Pathfinder,

Welcome to the continent of Idyll!
Your exclusive perks from the “Collector’s Edition Pre-Order Pack” have been sent. Please check the attachment."
1580302223,3a4ec290899503ce8e15253a014f90b40174862cd92288a9ee72c3531b9c3ef3,Press the <style=Hint_BgL>Twine button</style> to <style=Hint_BgL>twine</style> with a Celestis.
1853662403,3a4ec290899503ce8e15253a014f90b40174862cd92288a9ee72c3531b9c3ef3,Press the <style=Hint_BgL>Twine button</style> to <style=Hint_BgL>twine</style> with a Celestis.
1580370552,d0eb9420953705f766d4b8e106b78f94866722c80e2d9295dc1f0744056a99c6,What? Then let me at it!
1580391895,df2ffe304bac42835455db7c44b83ee056b0d93cee9b7bee4bc2acbe0dee030e,Defeat the Elite Helgon in Cave 7510.
1580395422,c58caefab7a4d790dfff6f612279c86a499c815ffa1287f4413025a622583cb7,Encounter a Prismana Form Grizbo.
1580398590,aa6ec3f1d9c9ec038004a1d6980d1a849e179306d73bf0cb1b771c507cb8bc2d,Hmm... Alright. I suppose even a genius inventor can be won over by her equally brilliant buddies.
1580435814,01e6d161e0bf6c334f6de56b6a5c4438a100507e78f6d84d9b30071677a03b26,He’s going to make himself sick!
1580439826,4695953432b2e080202dd7ca8be0a6e5aaa7c03ff808a73d65ba396c60830934,Add Bohr as your MiMo friend.
1580475148,aa1c39e0f0faa2e9e618a99fb59da6e54506415e8c068672c2d8e73d8a6db5ec,Traces left by a Legendary Aniimo have been found in Nimbus Fields!
1580533414,9b4a51a42e5da11f2658dbdf364b032096ccbd7bbd652ee1207656fef49e1458,Mutated Crops
1932982701,9b4a51a42e5da11f2658dbdf364b032096ccbd7bbd652ee1207656fef49e1458,Mutated Crops
1580582964,7aa07c2da3e5d7d6a82375491cfaf1911726e8823c545067abd1c0a681607cf4,Vine cores? I can try to find them!
1580585296,7a8116d79004b62f6c6203e55939d1ef667991cc0438a3210d94af3c03c0cc45,Huge Grape
1580593806,e660ed7a6dc2dcfaeb01108fccdf533d70cb868d1122bd35ba3195acee9010a0,Burn Breaker
1649145178,e660ed7a6dc2dcfaeb01108fccdf533d70cb868d1122bd35ba3195acee9010a0,Burn Breaker
1580596870,1b8e1d1c46c2ff414eabca95859147af21dcf4c9f3d8f97c605f78f34c7d4000,Tongue-Tied Popapus
1724726796,1b8e1d1c46c2ff414eabca95859147af21dcf4c9f3d8f97c605f78f34c7d4000,Tongue-Tied Popapus
1580600562,a6196cf1f97d0f6f29ee9556612fd1e852bb09ca4b60473b9efc6579e7d89196,Press [<style=Hint_BgL>View Details</style>].
1580633931,0883219b7fb6ecce1afbdbc49030ef3fbd752e05d09ccf323d4c7a207710c9cd,"Using its flexible, stretchable body, Pawney reshapes its front arms into claw-shaped greatswords and launches them as anchors to move quickly."
1580651880,d3db20669c8877af44b33adea6207281176c2c04cb6c281afdd128887ce6ab9e,"We ran ads on MiMo and customer traffic has skyrocketed. Our stock is running low, and we urgently need more ingredients!"
1580672511,2a845af962fc7dd32e85c14547afc21f7ad2a73a771cec921b982810d578e6f1,Another magazine cover shot—brilliant!
1580708001,9f60945e2db51e5c7526daae56c0e639f725d2e010cafc03fa190fbb01941102,This gear is almost fully intact. No repairs needed.
1580711830,aa894174e933579ac6162b054db4b521801dea1cd937f25a894fcfb48d0269e2,Starlight Twinkles
1580713935,e4edd5be8075253f8e5dfad21947be957666393d4cc915705c075a9f5d52bd49,(Translator) I don’t know if that counts as flying... but I do know one thing...
1580750315,2f28f33b949d9b15c547a0ed5fc18db72d869bf94a2b003af51bbec53be6f743,#@<color=#daa520> golden </color>*&<color=#daa520> helmet</color>!**
1580803056,bc0f94d7f8c5f60eb8baea54594bbbb694989c314b440080e857ec50da8e4593,"Exactly. The three complement each other and ultimately converge toward the same destination, all pointing to the final truth.
So, is there one among these three that particularly interests you?"
1580827618,4ba0aa7621d4594c539f2bd81f161dfc9b7c6019673f36fef9ac34348d0edac8,Unlocks interactive Emote - Drive Train.
1640561116,4ba0aa7621d4594c539f2bd81f161dfc9b7c6019673f36fef9ac34348d0edac8,Unlocks interactive Emote - Drive Train.
1580830567,d0797ec37e74c2fa4edc4237de8d68243a89c1d9e98ad112e8b40cb419374c07,Watch Pathfinders exchange Aniimo and strengthen their friendship
1580834432,c755b8626747768c32106bba09964644a4d72f4255bd15bfda72dfebbcafc484,"Oh... I see. The Susutas stole your shell, and the Sherro helped you get it back?"
1580840481,bd34487c3f0d7a0d502d1943347d32c09532365aac9f2b3b32e660971c75d905,Complete Quest: Fly Free!
2130395946,bd34487c3f0d7a0d502d1943347d32c09532365aac9f2b3b32e660971c75d905,Complete Quest: Fly Free!
1580886388,4907ee25d9f6991a18c21fdb1eeceb76f3ad3b480bda4eeaa647adffa5e1a3ae,Come on!
1613141182,4907ee25d9f6991a18c21fdb1eeceb76f3ad3b480bda4eeaa647adffa5e1a3ae,Come on!
1756327116,4907ee25d9f6991a18c21fdb1eeceb76f3ad3b480bda4eeaa647adffa5e1a3ae,Come on!
1802348711,4907ee25d9f6991a18c21fdb1eeceb76f3ad3b480bda4eeaa647adffa5e1a3ae,Come on!
1580952270,f1aa209378d900410eb0d4df7a8a78599071fc766143aae9f46bfef141c37b46,Folding Glass Window
1945842661,f1aa209378d900410eb0d4df7a8a78599071fc766143aae9f46bfef141c37b46,Folding Glass Window
1580972795,dcc28f8b9814e13ac5308231c8183c7f26b0b03f85c2be45f6805519eaf81b6e,The power of unity creates a solid fortress.
1580981107,5f07421c03f919eb0124256ec71ebd78c5559aeaf245907e3189a5e3c464b0a7,Detailed Guidance
1581022544,7d373e13ed254049ddbf8139c04223174a80b9dc6e0b9c9ec691015422e98969,Maple Candy Roasted Potatoes
1581047717,13219af063eb16f09da19d3bae257c8e25a40f5fbf99400e7d46dda82877db67,Swimming (Placeholder)
1581058133,76e81349c1a66e6df0f90c3cea827b37e8d5823e517718f01bd0aa8d547b3fd5,Tower Climb Coin Gain Bonus
1700930149,76e81349c1a66e6df0f90c3cea827b37e8d5823e517718f01bd0aa8d547b3fd5,Tower Climb Coin Gain Bonus
1581084680,7658ba6cfee889a5e14bbcb051e18d3b9c0e58a9eb6e6af0c68f421ea930b1c2,You’re down. Use a self-revive skill to get back up.
1581124253,d2dc4184ff11dd9dc3ee3112c4497f1906ce292b3e89c15937cb9b9b5888d7c5,Eye Makeup 26
1581164914,8b31eca866d3ac139c8dfdeedfc72aec093afa94cc930e3845360725500930d9,Defeat more targets within 120 seconds
2078671242,8b31eca866d3ac139c8dfdeedfc72aec093afa94cc930e3845360725500930d9,Defeat more targets within 120 seconds
1581179321,dbe219d46f73df255e8f1e938ccb0d4ec2d7284f879dd166b6cde275af9e4ec3,"I call this ""Peace of Mind,"" and I want you to have it."
463639704,b0d156156cf46be2d362b6cba133b230a65708bf243bc997c26a0c2e7d1a7322,Own 5 Aniimo accessories.
1581193714,b0d156156cf46be2d362b6cba133b230a65708bf243bc997c26a0c2e7d1a7322,Own 5 Aniimo accessories.
1581197404,2ad6be3141bdc6b0bf76b53c4fc47dc66fc88d83f363b6c66e4a2870494a35ec,Lulu
1581211164,ab1def02393ba5a66e832b034c68e267c2e6775f95926c83e94a935af3b04ac3,"It came down to this beach so very long ago.
It used to say it wished to return to the starry sky as a knight, like all the knights of old."
1581219396,447ca8c403ac68df5e697eb34e99a81843a5faecfdf2da9d1323f0bd0a536792,Research Points and Star-Up
1581240698,80f4dd1412e5097aca5ea00b15ea7fc526dca2c301a76376b6b81be9c16197c9,Secret Edition
1581241831,17ee4aa1b0039522ddb03e7045e848ddc5f44b11dc86834c984e35a002a50ba2,Tactical Amplifier
1581249523,7be2b4d80cebf74f3bc54e5d912d2fe10b29d6c068431fdd822cb10551e7f5e7,"Damage dealt +<customRichText(calcData,buff,6003012,param0,3,%d)>% under Heavy Load."
1581291356,ca2d0bd28e35ac774060235f0f93badee7c22b3a636709be22c08a410e54f808,"Holographic Experience Hall, fulfilling your regret of not being able to visit Idyll in person. (Deprecated)"
1581296183,c427fa29514797f955209e6d01f346dc3488e7e83f358ee7763150ada5dedc87,"So the blessing is bestowed at random?
Like when you were chosen ten years ago?"
1581314679,8b12eff55d55fc94c23476ce23db8637688089bb35e43a3696e27774ef174abb,Ngh... You dratted Demon Lord! How dare you wield the winds of ruin and tear through my wings!
1581320386,03a65c834bf3b6be5c4c745c6bed45604b5511babfe272e1ebe582d41b04349b,"[TL Placeholder] In an instant, the area around the Amethyst Tree turned ashen gray..."
1581329788,2f50f49bb276ea8b31b9a4c6c7363a38c6fd6be7694ec40df63fd46cdc2e0d30,No mail received
1581350620,bfda026e6c598dde4d1b23c6a1789ba5a900b2e6d2e6b493469417c81dd16947,Linked
1581393842,892b23267877edf542d69eafd315d507fac9f6a7ed4b26afc8c8f7e2c17d81c8,Exit defense mode.
1581400041,ffc302863a01a0ca0ebafa88bc11fe63e0b7cdb47ecf786f69790edc68d1b8e0,Report Sparkling Aniimo
2094562838,ffc302863a01a0ca0ebafa88bc11fe63e0b7cdb47ecf786f69790edc68d1b8e0,Report Sparkling Aniimo
1581436724,8899ecd1626db63dd12b9c57879efda72a1a78a21b498e943c07229dedc09ea7,Forge
2034360090,8899ecd1626db63dd12b9c57879efda72a1a78a21b498e943c07229dedc09ea7,Forge
1581436884,b521c3249a21fbddef62fccc11dff1d9a7cdcb18ab6db0600eb0f326f3bf52fb,"Wisptis can only evolve by defeating its own kind, so it keeps its distance from other Wisptis to avoid being caught off guard."
1581437097,56ebe749c68b8af8e6f0e2d176fc967a040772c0a1dbde49777e5a8edb62cdf0,"I don’t get love.
If I like something, it’s the fire on a Flameruff’s tail! It’s so strong and fiery!"
1581448732,faa471a253a9042307f69ec63023afdf52e8eee529b15e352f120989f607fc00,"Heh, heh... I’ve got my eyes peeled."
1581463928,468f00e7b7ebb8af877fc19f7786e514d01bce90645f0a04c7bdb77247688c1c,"Alright, let’s start observing right away and see which Aniimo is actually a Morphling in disguise!"
1581475319,89b38089563f652ae97879bac16e1ae2dbf9d15678a33692b9468ea6c04caf53,Country Oven - Warm Apricot White
2077914985,89b38089563f652ae97879bac16e1ae2dbf9d15678a33692b9468ea6c04caf53,Country Oven - Warm Apricot White
1581480915,798f8136528cc4519626387e326f815c9f81bc93db2e0c0452fcec747e147953,Hey! Interested in an exciting match?
1581503898,a8f94e9869fad501623408d902d674faa68eb82f7358c3285a3cfeb888860d40,Ahead
1903041711,a8f94e9869fad501623408d902d674faa68eb82f7358c3285a3cfeb888860d40,Ahead
1581565644,5fecc6f5daca3ade1feb2f5b5f449159dbb44e1c439f7a7e53094c62fb199076,"When in water, EP recovery rate increases by <customRichText(calcData,buff, 91173041,param0,1,%d)>% for <customRichText(buffConfigData,91173041,duration)>s."
1581587054,2b69f4837ca669b3127b021b492e21ca7f2cb08f46726cae37fa2e54defe3afe,"I haven’t figured it out yet... So I rolled the most perfect ball I’ve ever made... and left it at its door. But I didn’t want it to know it was me, so..."
1581587804,986ebd678752c816a8cbb847db65421942e7eb92e841c07b2c7182aef0b14446,Dungeon Complete
1581591959,1f62b9b208551c1807c2ea1a853a89621906ce72693427f6da45b7d5e5574626,"If you encounter an Irisalis, show respect. That is the Guardian of Bloomville, a demigod-level Aniimo.
Perhaps she will know something about the Ancestor Prism."
1581593005,0e473d71f1dbe6fa5f4f8a67619e28f17988e8aec0f568c3e9ba525d8b0db931,Instructor Bohr! Should I raise an Emberpup or a Bonesky first?
1581610653,f476884e809ea5c9326f3992abe2c936546c4b410acfefc6ba935210c0d9782d,"Sword of Bravery, flower of flame.
An immortal legend upon this crimson land."
1581612973,e2513071a78fb20b5ad56e5da2af06fe35d2050c8ee76b0e7650777d3f515baf,Activate the Branch in this region first.
1581630781,83ed6ec90444662b25169725ff31e22cfa9e806a0c43bdb21ce56cf78834a36a,Personality contains [Instinctive] and [Judicious]
1581631490,6d8f33cce1d1c943f33c1a07dbb23e02831f1d0e26886547705626a158d3bae0,Sol Beam
1581664876,334328a126b2f6fb3fe237920c70a4e64c64ca657fde58eee492f624684de3e4,Understood.
1581690203,b8f91a0ee34bec46bcce22d6f9a993b5378b8bd75623084d1f4b539c63260c7e,"After you defeat Aster, he acknowledges the bond between you and your Aniimo and promises to wager a badge on a rematch once you have upgraded your Held Items. He explains that Held Items are like fertile soil, while Cores act as light and nutrients, infusing them with power and unlocking advanced effects. Before you part, he gives you several Cores to try."
1581794268,580684f8909e025d71182afbeb6c99242d62c3c6576e7e9b0b8c2ce4eaa176a1,Hey.
2146570874,580684f8909e025d71182afbeb6c99242d62c3c6576e7e9b0b8c2ce4eaa176a1,Hey.
1581810022,891a46b8315ff05df53af2b6ce8087b37ffa255cb79d026ea052a3e0984ebc12,"Use [<style=Hint_BgL>Control</style>] to [<style=Hint_BgL>Grab</style>] it, then place it on the water where it gives you a clear view."
1581816637,ac223cef0a12fa9d67f5b0ad921de14ff3eb1a0528d371398b55d174ec031cc3,[On the Farthest Island in Argent Strait]
1581834770,e65cc9b5a50165f6db079d01292b8980916761a0af6379e3453230e15726927c,Fractured Echo
1581852848,58785efb2fb171ff49c710394115f19c8b2d64e5c05a4db012962f6adae299b1,"Tubster may not be agile enough to dodge, but it has learned to turn incoming attacks into shield energy."
1581854308,c704f773352be6570ad80b261e23dc118af813135a013faff3b5fc1bd999c753,There really are evil grumpy monsters inside! What do we do?
1581870088,3a21bdbce88632c4d606b180fb9caa8369ee91de93af9b2075fa952c38bd2264,"Its pink body blends perfectly with the flower sea, while its gills wave like flower branches dancing in the wind."
1581871126,3951a0f1f2f5b83507b61161d234bf26c82476686356797a030996bf9036994f,It’s probably not here...
1581886567,35a830e63fbf9fc4a56709e8f111172c28f4df2c324811cad39855cd0cb86401,Mighty Flameruff?
1581915012,ee0f3303a74742b5361d262599821c521fd3b603c2dee85c2b2e578b6d22bc4d,<sprite name=ui_item_1005>Not enough Primegy
1581925632,310d84d4318f81df8b75c0115b9382f8350f98de7bbf64b42819c0df63b1f8da,Because I can’t explain the next part clearly over comms. It’s much better face-to-face.
1581926430,4375ea9f6cb71c61af0fe06b5253f8fdf5e0b9f572df8aace42eb02a6536fc71,Premium Jello
1581949522,1315129b63a11d63bb788b0dfaa47c25ecd67fdf1c6e03ce3d31cd0ff42c7776,"Now stir. If it cools too fast, the scent will condense. Too hot, and it’ll evaporate too early."
1581964186,679043774bd2d9c3c514c3940026d0c566a686638f853de294f306305a979fff,Zephyr’s Breath
2071110098,679043774bd2d9c3c514c3940026d0c566a686638f853de294f306305a979fff,Zephyr’s Breath
1581984260,e58b5afe934f6026e0911e3a184ea8d63b7d0deefdead2032b38c9d116c9a2a4,Sell Wheat.
1581988233,3bdaa1ce090fe1cfc320659b7d199bf61359d2dd8abfb7013d5a943a6485e31e,Box Hedge
1883747456,3bdaa1ce090fe1cfc320659b7d199bf61359d2dd8abfb7013d5a943a6485e31e,Box Hedge
1582008398,86862dc1a452ce940e1109ecf8a2a95c6fd07e401b613782ef9e648e76e9cf87,Gameplay Guide: Sparki
1582018311,f1efdbfd1010a1aa5c6989b7dd36dcd4915e7f91b8173fd2aedf83331947fc35,"Throws a punch forward. If the target hit has a <style=Hint_BgL>[Pinecone]</style> Mark, consumes the Mark to deal <style=Hint_BgL>50%</style> more damage, launch the target, and stuns it for <style=Hint_BgL><link=""source_8160""><u>[Stun]</u></link></style><style=Hint_BgL><customRichText(calcData,ability,15120200,param2,1)></style>s."
1582028651,3baf2672c20ca0c0a9c3b71ee2371ac2689feff8da0cd4b2bcdd992c77f8ad14,Aniipod catch range increased
1858860393,3baf2672c20ca0c0a9c3b71ee2371ac2689feff8da0cd4b2bcdd992c77f8ad14,Aniipod catch range increased
2076057597,3baf2672c20ca0c0a9c3b71ee2371ac2689feff8da0cd4b2bcdd992c77f8ad14,Aniipod catch range increased
1582058498,d29477a868963fef49831ce79b4d27ec1a53e752d99a10f4d3b55388021d5da7,Free-Climbing
1644129664,d29477a868963fef49831ce79b4d27ec1a53e752d99a10f4d3b55388021d5da7,Free-Climbing
1719723102,d29477a868963fef49831ce79b4d27ec1a53e752d99a10f4d3b55388021d5da7,Free-Climbing
2119976568,d29477a868963fef49831ce79b4d27ec1a53e752d99a10f4d3b55388021d5da7,Free-Climbing
1582124037,794f2a99bfb77354f0da6dae12cf3b97f9bf5861086ef464c0ec5b4c755090e1,Essence of Water
1798947085,794f2a99bfb77354f0da6dae12cf3b97f9bf5861086ef464c0ec5b4c755090e1,Essence of Water
1582218616,757aaa4e7a58920a86da8579925c2f3ceb5bd132ed14c52d47a45f021d19d659,Not so fast. The barrier must be undone in the same way it was woven.
1582241859,921de620faa98b72c2772e6b583952a2cb7886527d64042c69215c19ee6518f7,"Sorry... Yakov.
Did you just say something? I didn't catch that."
1582251905,d7da62c4e9ded3893a3e4f5169c85f9245d645de6e0e6d145f98298c450d9e6d,That’s odd... Why isn’t anyone trying them...?
1582309575,b93b8a7177bcab4e526a3c48f59e2139cca8f6bde94de4d6d01f80ad067a18b2,Take a photo of Fahloo losing its balance and falling.
1582337695,9d1fa6d78b87cd7969605f946282be1e0868bf69551a96da0d052c7235ca7c3b,Basic Movement Controls
1582342881,cb47230631b13f9696fa1e37a56f267a002073f94e2febef05bfd107140f8f14,"The <sprite name=UI_Item_BossRush_Star_small> earned by participating in multiple phases of the mode during a season can be accumulated and used to claim corresponding rewards in ""Season Journey."""
1582347773,076fd8cdd189e684d126e1a4f37d0bb4fdaebacacd8c9b058f736ec7959aa081,"Top left: <style=Hint_BgL>Irisalis Petal</style> · Part I ""Lumenfly Valley""
Bottom left: <style=Hint_BgL>Irisalis Petal</style> · Part II ""Lumenfly Valley""
Top right: <style=Hint_BgL>Irisalis Petal</style> · Part III ""Tideblossom Coast""
Bottom right: <style=Hint_BgL>Irisalis Petal</style> · Part IV ""Tideblossom Coast"""
1582353313,753858ba35a48ed4958b73d57b9b043cc177b8082847307f11dbb38802495dfc,Gameplay Name (Placeholder)
1928404424,753858ba35a48ed4958b73d57b9b043cc177b8082847307f11dbb38802495dfc,Gameplay Name (Placeholder)
1582389403,e409e04a9e6cbe11c8aedd48e53fd8af3073abecf3f087461008f1f292000c96,A <style=Hint_BgL>raw material</style> produced by the Tidewhisper Sandcastle in your Home. It can be sold in shops or processed further.
1652714537,e409e04a9e6cbe11c8aedd48e53fd8af3073abecf3f087461008f1f292000c96,A <style=Hint_BgL>raw material</style> produced by the Tidewhisper Sandcastle in your Home. It can be sold in shops or processed further.
1927738501,e409e04a9e6cbe11c8aedd48e53fd8af3073abecf3f087461008f1f292000c96,A <style=Hint_BgL>raw material</style> produced by the Tidewhisper Sandcastle in your Home. It can be sold in shops or processed further.
1582403381,419d83f16ce0d61b77ddcc3159b42ff088998bd4cc4daa268069a0200c1362f8,Voice-Over
1582407669,1a4094df4e0934c6a61ae01bdde9c3145148324cda013a5938bd1d0ed51d2fee,"That's right, rising star.
I heard you've received Follow from Principal Oswen and multiple Instructors—that's not something just anyone can achieve!"
1582437809,243a04656588a5f465c918d8e373f81a9e8dbaa88ce10d21f0e7a6c98edf63a8,"Oops, I got carried away. It’s time to begin the assessment...
Let me check the doctor’s requirements... Oh dear, a battle?"
1582456094,998c812aafcf59ec6e70436d940995dece76675c41beedc6395d3f73ed63fa23,"A magical bubble crystallized from the will of the Erlath, safeguarded across generations, carrying the tender mark of the family’s survival."
1582479117,6227f05e0430abadbef3f33c0e17c98ce7571efdd0bb24b92d9bce8b7eb14b35,Clear well water holding shimmering reflections of the moon.
2020208639,6227f05e0430abadbef3f33c0e17c98ce7571efdd0bb24b92d9bce8b7eb14b35,Clear well water holding shimmering reflections of the moon.
1582509849,e3d1d226298b683b75d66e377f38e93bfb6cc61e7453a411388f34488fc8eb32,Fourth Place—Claw!
1582525498,052f62e79e445349714ca2c9e401d61529f2fc171606fb646ba0f591fe1129fe,Mechina
1582567662,5947141028db89d8dcb7b602afde111d19821a5e45b890142464cbc92dfa6d67,"Waves cradle the coral, while waters carry the fish."
1582592699,4b463e99a2420ee78177d8958ec0669cf24f0fd4965ee9af55d091ab5c89bee7,Throw at an enemy target to reduce their P.DEF and M.DEF.
1582594136,cc4b6b7800023a94efefc8ed9c5fe77b59cc8004924272d03f3f72c13b1817fa,Fluffy Friend
2119632364,cc4b6b7800023a94efefc8ed9c5fe77b59cc8004924272d03f3f72c13b1817fa,Fluffy Friend
1582604216,b552e632666bbf6125e3109e28a4fecc08340d017e44109dadbf497a280b8f82,200000
1582678392,856867e3bf4ce996298a8f4448499b0759ffd732eaf2552d04fef05f230df8c1,Institute life must be real hectic. I haven’t seen her for two whole months... It’s hard just to meet up these days...
60427293,169541e5585e2059a8416a1558083ad60d71962d0d0208a6a858478bfbbda218,Mouth
1582687480,169541e5585e2059a8416a1558083ad60d71962d0d0208a6a858478bfbbda218,Mouth
1582687678,56e03701f8068fde672462f0cd0fc85a7fe59d94b8e401f1f05a81d69c5688b0,"See that strange Emberpup? Quick, get the camera!"
1582714442,5207c3b390356e968b674d3b6c85592d02d16f5a60cf2b244a35dec49dd4e54c,Harvest Moon - Market Stall
2010553477,5207c3b390356e968b674d3b6c85592d02d16f5a60cf2b244a35dec49dd4e54c,Harvest Moon - Market Stall
1582725524,a9ba2e9ae4ae6c8cf043c4867d4e3afb94a114211357b796b775244e7aedc374,"An egg with powerful vitality, found in Echoback Landing. Guaranteed to hatch an Aniimo with <style=Q_4>Elite</style> potential or higher."
1582734423,51a7972dfae0187a25d25690f46728515cea02c0ea3b781e2a854e17c22fb78b,Recommended Pathfinder Abilities
2106356297,51a7972dfae0187a25d25690f46728515cea02c0ea3b781e2a854e17c22fb78b,Recommended Pathfinder Abilities
1582736670,7c046990fdc34fcd64b52dd9720932686dc8c9c30b69b1e045debb5f05a8a08e,Extra Anii-Ball Slot Count
1871066259,7c046990fdc34fcd64b52dd9720932686dc8c9c30b69b1e045debb5f05a8a08e,Extra Anii-Ball Slot Count
1582765553,6a9e01dea42bd8c8fb562dd447f283e815477d4797d693a8b92cf8143d69e391,"Is Flowers and Thorns really just a story by Aria?
Maybe only the Thunderstorm Thornblade knows the truth."
1582778723,51f43ea7806ed2a6189c4ca54a20c99bd4a77d97d5c2421514c7d24fb5e1803d,Increased Sparkling Aniimo Chance
1582780856,360ba33e6cf194efc1882cc3790d296b6dbf03f858d033a0f472d9bbf00d15f5,A - Holo-Battle Sim
1582793750,ea31acd3c4031bd005656f22522c4d452189603b162f7717aa806c924586707e,Beginner’s luck is on. Earn the Egg Heist Newcomer badge to unlock the title - Eggling.
1582795894,1b4337af41ea0b6d83f331ed3aa2d3f3c42b60f3829db94a02f479a730b7ccd8,Small red mushrooms that grow in clusters.
2092133191,1b4337af41ea0b6d83f331ed3aa2d3f3c42b60f3829db94a02f479a730b7ccd8,Small red mushrooms that grow in clusters.
1582893146,a6e5cad1e0f483062f50b2207375f2b01009bc49a37873ba469833daaee368dd,In Training
2034880263,a6e5cad1e0f483062f50b2207375f2b01009bc49a37873ba469833daaee368dd,In Training
2125219014,a6e5cad1e0f483062f50b2207375f2b01009bc49a37873ba469833daaee368dd,In Training
1582893551,2401b135c70fe483e39e82b7e7c03b1856453153ceb142b58c2d02eef42cab19,"An egg found in Echoback Landing, with an unusual size and powerful energy fluctuations. Guaranteed to hatch a local Aniimo with the <style=Hint_BgL>Alpha mutation</style>."
1582895240,a9ab08fbe110108dd5476713d3346a5c24765274d835a29fb12c0adf8997f71b,Phew! Spotless at last.
1582895440,7d346feb085e0dc2c5b4727a4c35ecf81d9cad02d363f2df5c2eb80b67d357a8,"I understand, Dr. Lewis.
I’ll be fully prepared, both mentally and physically."
1582910798,5493c8addb2ee99ee314d9b3be188e6131683ba33c991b7f316b028f4e693f3e,"The scales of Somniwings can help flowers grow, but creatures exposed to too much of the scale dust will fall into a deep sleep."
1582928061,16f0d94a6fb0a61b3c3c012d359cbc14e224dce5ad5f6770b91257e9b4fa90f6,"Squeak! (Just wait, it’s loading!)"
1582928616,ebd6f6f3f22304960551d41e1e379d4d90df0763cd39111974208e2e227986f9,"But I digress. I’m glad to have you as my assistant. I’m testing Emberpups’ igniting ability. Please, come back to me after you twine with an <color=#d89c28>Emberpup</color>."
1582930000,609f466fe563dcc42959c2dc40957eb7fbab8c4a9f14a8b6184861ae7160a84e,"They spend their days sleepwalking. The moment they are awakened, they become agitated and lose control. Once they run out of energy, they peacefully drift back to sleep like a baby."
1582943761,1c5b2e0b9a2b69bde93cfcc3ba2f5fbae37cd9a9423598c6b1ae59874bdd040e,"Such an elegant and complex fragrance, the Dewies would be like ""Chua-chua-cha-cuuchi"" if they smelled it..."
1582970949,5e211de4e5974dd6ba9789e31bcfe18c380ca1708e68cd30d06628b7dbe6cbd3,You don’t have enough runes to fully complete this setup. Continue equipping?
1583005602,8272061572fb583c32e6001641992786003c39d436a60d207423eaa288f99995,No matter how many times I push it back.
1583034016,96672e21789550cfd29b8c5876ac0dd63dc02bf6b4ee93bfd88eb6b0335f93a5,"Since you’ve stumbled upon my creative process, there must be an artistic bond between us. Here, take a look at my latest sketch."
1583105686,95d8926d102a25267f5bcdc27b606966a9710a26ad3ba530571a5402c3b6a9f5,"Words of the Wind
Call the tide and ride the wind; waves bite at the cliffs. Still the water, and what hangs above will cleanse itself."
1583169517,fb4aa1427fcf349a6a42c454c96b86abebec30e6d56ce163b6ec8b1b8f7025fa,Move the floating Nimbi to the target area
1840922418,fb4aa1427fcf349a6a42c454c96b86abebec30e6d56ce163b6ec8b1b8f7025fa,Move the floating Nimbi to the target area
1583173365,e9dece16c3ae1ab81e116d2f2aa2c6f258a3f044c235e4b4045f8313ceaabb53,You don’t like it here? Would it be quieter if I stood farther away?
1583192633,77ff09fb2c51446f2bee6300e0135aef8a5f70f9b78d60d944e556bd77515523,A weekly benefit from the Polaris Club. Open it to receive a random reward.
1583192985,8344947a402c722af9d8e3914baeb9dc13d1586d6feb2c7ee8d4ed6cee361b53,Oops!
1730128675,8344947a402c722af9d8e3914baeb9dc13d1586d6feb2c7ee8d4ed6cee361b53,Oops!
1583207110,5bfda3cb38cefaa7bf80946cf799363a0f5694127360d34e0a08db7bde745e88,"If that’s the case... Manager, could I borrow a delivery worker’s hat? I’d like to try it on my Nimbi."
1583234101,03e1b5bd84cc5aa61867ff4fa1ab8ab7605499a3cbba1378a68caf50981f6acf,Cave 5
1583244875,e2a1b9158432a0a3568bf3f36d4ba52b24ed848429438044359daf94d78a7708,"<style=Hint_BgL>Temporary item. Usable only in this game. Cannot be taken out during extraction.</style>
An Attack Amplifier chip with the Haste skill. Increases movement speed."
1583262881,08a5353556433061fcf959fbd976d87ca65d5cfa208fcf854b98c403a7fb7598,"You can now place <style=Hint_BgL>11</style> Aniimo in your Home.
<style=Hint_BgL>New items</style> are available in the Home Shop and Furniture Store, <style=Hint_BgL>with more advanced production facilities to be found!</style>
Increased <style=Hint_BgL>cap on the number of functional facilities</style> you can place in your Home
Purchasable RV components: <link=""item_4040011""><color=#5090df><u>Ecological Module</u></color></link>
<link=""item_4040010""><color=#5090df><u>Rest Module</u></color></link> can be upgraded to <style=Hint_BgL>Lv. 2</style>."
1583311921,bcd84bc3b4e6f31448dbcec266a0eebd88569c9147dbb61130eb8ac627653e49,See Through
1957408368,bcd84bc3b4e6f31448dbcec266a0eebd88569c9147dbb61130eb8ac627653e49,See Through
2130871934,bcd84bc3b4e6f31448dbcec266a0eebd88569c9147dbb61130eb8ac627653e49,See Through
1583320542,0779bc2981d723554798be5f709241c900f2e97cdf8179253e69292d40171cb1,"Quickly backsteps a short distance, leaving a black hole beneath the target that continuously pulls the target in and deals damage."
1583344242,30f184952d8801781c3f0bd12acf105f5af0f70829e2a7b5f6c80178241dc6d4,Danny Zhao
1583344674,af953ccebb358877e158ece965467837c873d2a78003dacfc11ed2bf8dfad5d8,Strong Aniimo
1583375255,751b82c5fc128e7d4aa82971012cd85d28f03577fc3afd60a4109b80e93c3a2d,"As long as the Helmuts stand, the Pawney lives on."
1583392412,fb481f87c444412405f3e24d2164269b434525fceab9fc79b4a48800775f6d77,This Aniimo is already in %s form.
1583423068,8831f73da773617de0846c109d12a3af23eec4da4dd53c1610a8f946a48184bd,Enter a title
1583478082,3fb229df5bbf735f73d72d38bfc5f0306c7964ed496fa7f0507939a8bccbafdc,Butterfly Tie
1583489586,0ea4bf96798767112386f54b027ce21a4e47f667a4631fda4f4b2641483d65ea,Someone's coming.
1583530637,27e63f1e604c29464cefb17054c7bad6a962b335a5d35c45fd176a874f0273ec,Item description item description item description item description item description item description item description item description item 66666
1693574828,27e63f1e604c29464cefb17054c7bad6a962b335a5d35c45fd176a874f0273ec,Item description item description item description item description item description item description item description item description item 66666
1727010968,27e63f1e604c29464cefb17054c7bad6a962b335a5d35c45fd176a874f0273ec,Item description item description item description item description item description item description item description item description item 66666
1765937382,27e63f1e604c29464cefb17054c7bad6a962b335a5d35c45fd176a874f0273ec,Item description item description item description item description item description item description item description item description item 66666
1827595599,27e63f1e604c29464cefb17054c7bad6a962b335a5d35c45fd176a874f0273ec,Item description item description item description item description item description item description item description item description item 66666
1954402408,27e63f1e604c29464cefb17054c7bad6a962b335a5d35c45fd176a874f0273ec,Item description item description item description item description item description item description item description item description item 66666
1958460628,27e63f1e604c29464cefb17054c7bad6a962b335a5d35c45fd176a874f0273ec,Item description item description item description item description item description item description item description item description item 66666
2036812219,27e63f1e604c29464cefb17054c7bad6a962b335a5d35c45fd176a874f0273ec,Item description item description item description item description item description item description item description item description item 66666
1583557570,041bd8efd587964821d2ebc00e676670eff0de76295fc484f1f2015a1e30d299,Crying Fit
1583583873,26a21a2a95d1ceb0d962fca00fe26c389b952433ad33ccc43893bef8486f55b3,Rapid Recipe: Wheat
1583609095,207058688016601f6a28b71a278dd38f06c5b7441fd619036ee20c5ca3875779,The goods are on sale!
2022226980,207058688016601f6a28b71a278dd38f06c5b7441fd619036ee20c5ca3875779,The goods are on sale!
1583660113,31d6098a9b2689f7c565015afc181a7b34d06eff2e6688673a201ca566d382d9,[Dialogue Placeholder] Academy Expedition 1 Approach Bubble
1583674863,d7382311bc33f5d8ea1bc3f81d1542a82c579006bc25cab423ffb97506a18d1d,Obtained from the Points Shop.
2055160087,d7382311bc33f5d8ea1bc3f81d1542a82c579006bc25cab423ffb97506a18d1d,Obtained from the Points Shop.
1583739431,6a90f74e9a379792b386cba000c158b3ff586859eeb21b13a9439e877595a247,Switched to Quests. Tap #kHud/Delegation#z to view details.
1583741584,2df0f80d3927f60607308ff3b25e0a41ac0f1ecf7a52ebda231a730b46a0cbf9,Let’s go now!
1583770471,9ceb6c93512bf05af28618eb9a8f14c46d3ebf014e1425562b9c954c3e551f00,<style=Hint_BgD>Complete all level 50 training</style>
1583851237,9aa08496dcd381282ced76255dc76b7d8cd3a7cb3cca371451f3bf3b88d67b26,"When the <style=Hint_BgL>camera</style> icon shows up above the Budclaw, press the <style=Hint_BgL>Snap button</style> to take a photo."
1583857931,77676a55e5a83f7a5126b4210de75f8b42affd7a62963f0f629d07eb2dac237e,Rest for a while in a <style=Hint_BgL>ride</style> placed at an RV Park to gain the park owner’s <style=Hint_BgL>Element Essence Buff</style> effect.
1583865676,ed7e759bb7a237cadd0c51043f7680cabf27592ce92423daedf9d756b6086766,I lost to the Recas again... He’s really strong.
1583880149,34e20795299963953aa24f870611e8989c0a980c4ebea2461a9271418d8f0beb,Honey Collector
1583918625,9bc9a828e821ab60865dde0110747ecbee1839a9adfcb81ad19830c4efd71b74,Hatching Expert
1706944129,9bc9a828e821ab60865dde0110747ecbee1839a9adfcb81ad19830c4efd71b74,Hatching Expert
1583922063,7cec5ead3c0abb3bfc505a17a6c9c17f5ca237e20a7440f3fbd5708b2c48b02b,"Right? Rather than growth and life, I’d call it mysterious and dangerous."
1583927354,5b706042bdc0e6ef7602d7c963551bea676a0588cb3e49e31580e19fad50d453,My Cozites seem a little homesick for Idyll. I should bring them back sometime...
1583963663,9896c8836a35db73a7cdb300d710123d02d13f57d20f81bafddd423b968f4185,"Jumps up and smashes down on the target to deal damage. Up to three consecutive smashes are allowed, and the third smash will stun the target for <style=Hint_BgL><customRichText(buffConfigData,2102608,duration)></style>s."
1817873201,9896c8836a35db73a7cdb300d710123d02d13f57d20f81bafddd423b968f4185,"Jumps up and smashes down on the target to deal damage. Up to three consecutive smashes are allowed, and the third smash will stun the target for <style=Hint_BgL><customRichText(buffConfigData,2102608,duration)></style>s."
1831051153,9896c8836a35db73a7cdb300d710123d02d13f57d20f81bafddd423b968f4185,"Jumps up and smashes down on the target to deal damage. Up to three consecutive smashes are allowed, and the third smash will stun the target for <style=Hint_BgL><customRichText(buffConfigData,2102608,duration)></style>s."
1584017843,d775e820979bd35b1ba8b4810b208ea0ad89b576e6ea9e434c6187c601239d1a,A Hummin... speaking Idyllian?
1584036326,f6b2785948b2cd25e48876d4e2a08dcb42662203bdf463e34051ffa02dd3dfca,Direct Purchase Bonus (Monthly Pass /BP Path Passes)
1584095206,5318f22458d91b7a922b75c22e83f6fc7bd12a318cade36f797023a754e4694b,Premium Companion Handbook Level 13
2082858661,5318f22458d91b7a922b75c22e83f6fc7bd12a318cade36f797023a754e4694b,Premium Companion Handbook Level 13
1584098823,82bea80b9c8f48efcb6f5e6dc2105329f38db139a6a196c0260b5054bbd024e3,...You can’t look at it that way. Come with me!
1584105254,fa4128ac4ef2b276672a088e03b15f1f1cc9a47a9f0a266ad4bf859558e012cc,Challenge Alpha
1584119615,345725ea9e58147cfde8fdb71101ba0efec8bd22d172f15086d8bf175e5e1a6e,View Pathfinder Data
1584123317,ce8dc059a54a3600272bf0a6605800c2105a01b1a905f67b853159d876de8e92,Reach Prismatic tier for your Nimbi research level
1584137198,0ecd77cb15db16f42a1289981e2480433a36aeeae8e91d8afe5ce4d1a8499e9d,Huge Colorful Grape
1584178453,3d0d6deae2173b54fa47414703fa54af3bf5456dd9a93edd52090c3f284a0534,"If you're familiar with this combat knowledge and can apply it flexibly, you can try heading to <style=Hint_BgD>Russet Highlands</style>."
1584194663,8314e3a01eb070c0ed8d1ba02bb30670595bc12d493abd38f001fa4ba7621113,"Spun from palm fibers, rough in texture but impressively strong."
1584214598,7657ac446f1b2bf0b2e974d2ee2a81e0c99787271bac1a8e35d40eff0adca20a,That’s how powerful I must become!
1584271236,d87fb82fd230206fc1518182ae038044fd77efbcbe30af31f59abd2ab1c9035d,"Indeed. I blessed you with a marvelous dream, but your cute little friends interrupted it."
1584296577,b676ba87f6c6cb0879fb221c96986f423332cd49f77c56286b68c21d8968902c,Select the Aniimo to inherit training.
1584313601,aebde3a21fa3f9e4803c9fce6c2dc1e8e5277f3cc1e970b6d95647d025a9e706,Frey has been using too much!
1584418567,825d631868dd76eb0a5bcfd92b90264f406e8f288d880555ea0f7b77ef7c279c,"Oh—the duskwhisper’s fragrance is very strong. Inhale it long enough, and you’ll <style=Hint_BgD>end up lost in its scent</style>!"
1584428596,0638ac7d1e77cf77c1ae7c83d18247f8cae86c57e83fa578c4b4e56e8e9a999a,Vision Unlink!
1593796935,0638ac7d1e77cf77c1ae7c83d18247f8cae86c57e83fa578c4b4e56e8e9a999a,Vision Unlink!
1584438505,f06519274e1937984f3dc36b4e14f28c3bd0f831a961bc47d53b336c397784d4,View Carried Item
1584470347,d9038be5ae10b47bf9a0c259f9d9a9a339b20efed7cde465c9089f8e9a64218e,Catch {0}/5 Dazmands in total
1584494979,ae6b0cbdd034e88476e9d517c0716d3665a76eab2cd57f6f988ce26395efc236,Unlock Badge - Rocksteady Heart
1584499716,b9e032e71484a9905ef7bd42415f733053799dc851b3614a9b4a655f28003da6,Photograph Geoclaw displaying its claws.
1584512325,16fd8dea135ded39a5eeeb05c61a8e4d33373e3ab6bafe56bd5487216fa08b3c,Furious Bailite
1584518155,919f88ba2438798269c863e0a1337e64c8087ca4284f556833b4ee40b27f40c2,Very limited mastery...
1584519790,2cc4435f2cfbc54e8598540eb201b729cd34fd0adcec6fa2244bcb15101122cc,I wonder what kind of Aniimo an Irisalis is...
1584545135,86ae4dd74e9c724c90dfb28437cfdd21fb3cd7ff67aca6fe9c4bdb3f03ee049d,Then how come you’re calling me now?
1584554379,137f22983aeb2a9f127cbdcbe5c61443b877eb46285a74173e04aaaaba322d99,Land Color: Echoback
1584579061,44b23fb90fee613899eb51e0d4cbb5910e334b06d459c0ef820c925647216023,Cancel Gathering
1584615191,9aa39654543894c5cb2426729c504be2db752e046cd71fc42866cc1326f48778,Immersed Exploration
1584656337,7632f6402a7c5404cee2a533a411c11684a20167ca68d95f7c6803d289f500d6,Wow! The research notes I lost at Tideblossom Coast! You found them!
1584659605,cac72df4bf5d55e4c0a2b246f37c2c1d913e35dbc8d015122305ba37bbd533a1,Pet name placeholder
1584678224,4c715082d2e4c18d1ef3b59b22901e801dd39ff0e8193cdf0bb07fa39223dd79,You have a strong scent on you.
1584678266,f1de9d475eaeae2507a97a06d88f9617efece7c0d771fb327a31292b34013240,10101...Egg
1584715603,e48be159b57cbb14769655614320260ad38396567bbe40c82994bcf7098f84f8,Item Quantity
1584735930,63e6d8f6657df4dcee303b91452351be20edbe7ad7ee41ace0640a41f337b122,The thunder has fallen silent. Thus ends our ode to Rainstorm Form Aniimo!
1584741547,b1abc1af73b1b9dde0e41ea60059db509c0b3af3171c45e973b4f96d6720e6b7,"Training Coin earnings increase by <style=Hint_BgD><customRichText(getConfigData,rogue_multi_level_talent_data,48002,param0)>%</style>."
1584743889,1f3b8fbb2c6b8858f92f3a83f21eb5112ac505d30470fb483419740b63a1ab11,Timber & Table - Shelf
1607368214,1f3b8fbb2c6b8858f92f3a83f21eb5112ac505d30470fb483419740b63a1ab11,Timber & Table - Shelf
1584756679,15619d3892744971f2e9bcdb8d192d2c6d5bba1341a66fa396b6f430b50271fc,Max out Roguelite Twine Energy
1584766129,96e122697f61f9f469a2033154998f21805f6c4a30e6243f56914b1b7a1b7ed2,Aren’t you worried that I’m going to tell Instructor Bohr about this...?
1584791474,fb6733a53e65089e033fe18b32ee8d491f29bc1b8f7b5b264a03a31b9fe5c118,Use Dazmand skills {0}/5 times.
1584802660,214b00c26bf757c3d6dc672f404ca2f9e839d47d5fe026a420f7678d7f2d3235,She’d never give us a straight answer... but that’s good enough.
1584813246,09c0b46ba050b0a544e362585ae9a8b6190c923595fdfcc33345697a580f2f97,Lava Breath
1903362461,09c0b46ba050b0a544e362585ae9a8b6190c923595fdfcc33345697a580f2f97,Lava Breath
2025011142,09c0b46ba050b0a544e362585ae9a8b6190c923595fdfcc33345697a580f2f97,Lava Breath
1584828230,8af197f229d6f4454c713844c4f77adb209e47514b9953320ef65a6b0cebf550,"This valley may be small, but its ecosystem is richer than most other places."
1584862404,4eb1c235d4a23671d2fb8605db633d71e81df3609ebbbfce677092abe8ad2406,Happiness! Happiness is here!
1866657564,4eb1c235d4a23671d2fb8605db633d71e81df3609ebbbfce677092abe8ad2406,Happiness! Happiness is here!
1584890637,4529803f2c5454742fa418886263a6f35df4d8e392141b765da720cea863a9cb,Right under this tree!
1584892186,f1fadb21b30a0d330e09eb5366923bd76289efb63bd96784a6218e3eb7e32f87,"The sky was glowing with colors when I saw them! But then... poof, they were gone."
1584916724,b2d306afc3df82293490b29ab0ecc3a78f0844cf5347f534e4a79e9b7879ff58,"I think they can repair the Vein... uh, but I don't really remember.
Anyway, if you pass its trials, you should get something worthwhile."
1584917465,e636530abe88a69cf707a1ed825cbef86e194f1dae9bc8e84a5161b94720f734,Bring it on! Let’s do it! Gulu! I won’t lose!
1584935631,36d473da4d4124c2ef04e52ea69f51b9e217ba996eb311aba51b4102dbc58a94,"Hmm, indeed... Quietly taking the Truffle would be more convenient.
But if we alert it, I'm afraid we'll have to fight."
1585001538,5e2d847b80bc282c322a4217359a0d7915d8ccc8a9554317e70f58762ec57533,"The fragrant Emberpup sets out on his journey—to face his first true battle.
Perhaps one day... you’ll meet him again somewhere on Beast Fang Ridge."
1585012314,e0cb72f2ea89a53b0a0fa3fe2f28257e301bfcbcff2e3be5e2a428b4faaa0988,"Tend with care, and gently guard a garden bursting with spring."
1964686696,e0cb72f2ea89a53b0a0fa3fe2f28257e301bfcbcff2e3be5e2a428b4faaa0988,"Tend with care, and gently guard a garden bursting with spring."
1585029841,d386509d2880fa5ff3bfaeaa9302fcd3e2560eefaaa0a677118155330edcec8f,Defend the Glacy for Rewards
1585047276,471b0daf2a227e897376e6d7b2f0facef45ed3417a3ce5588bc9b2b7ef8fb23b,Shrunken Scorchhowl
2024969854,471b0daf2a227e897376e6d7b2f0facef45ed3417a3ce5588bc9b2b7ef8fb23b,Shrunken Scorchhowl
1585057487,9a9520fd3aba93d5b028acb902d1c55cb581e4bc66449ca6eaba5a9447fd5bcc,All I can remember is the day I was saved on the beach. Everything before that is just a series of blurry images to me.
1585095368,67222f3f56899828e96c557699c0334bb51c2d78f5feb56512ad696c621effde,Tireless Pebbling
1657400582,67222f3f56899828e96c557699c0334bb51c2d78f5feb56512ad696c621effde,Tireless Pebbling
1585126101,172b3136fbb294daa73cbc075c64169bcbb264488ae7df2a1585c60f1685792b,"Rolls continuously to ram targets, with range increased by <style=Hint_BgL>50%</style> and speed increased by <style=Hint_BgL>20%</style>, while draining stamina. If cast near a water environment, absorbs water to increase BREAK Efficiency by <style=Hint_BgL><customRichText(calcData,buff, 2117407,param0,1,%d)>%</style> for <style=Hint_BgL><customRichText(buffConfigData,2117407,duration)></style>s."
1585173671,71dbb53b5b7dc8ceb82bab619c58597ff0a46a9b9fb8a9bacc8a23222bf1605e,"Mutated crops can be <style=Hint_BgL>sold</style>, and also <style=Hint_BgL>placed</style> in your Home or camp. When in your Inventory, they can be taken out for <style=Hint_BgL>display</style> too!"
1585209413,374d8c134c711c73989ecd469d8fbc1a354a1d8e80fcd43c838d9c5865cb7815,Prismana flow
1585219029,7df694fa17faec7f64c01752cfd7ab37843ee9c9bd3be963f253148ca3fea159,Ugh... Don’t cry! Th-This is still a precious lesson in defeat!
1585241035,3acbf0a4fb2fe03002b3b2b185125ccaa0884076e60c7b57d6e64ab7c65bc3ff,Yeah. Do you know them?
1585246370,7e36aa2899af9aa0dc370abced9744b5ffd45598daacf72e6d005ffc20f5ba66,"Breathes powerful Lava Breath from the air, dealing damage to all targets within a large area in front and applying <style=Hint_BgL>8</style> stacks of <style=Hint_BgL><link=""source_8038""><u>[Fire Debuff]</u></link></style>."
1585254007,749af6d4e43ee0446ca673ccf4603cbd0cbae45e864efbc4d4e79e8d6c91bc69,"Well, today was supposed to be the day we went on patrol duty and practiced with Flameruff."
1711531004,749af6d4e43ee0446ca673ccf4603cbd0cbae45e864efbc4d4e79e8d6c91bc69,"Well, today was supposed to be the day we went on patrol duty and practiced with Flameruff."
1842195915,749af6d4e43ee0446ca673ccf4603cbd0cbae45e864efbc4d4e79e8d6c91bc69,"Well, today was supposed to be the day we went on patrol duty and practiced with Flameruff."
1585283703,1d0b469571a0b808769a1892b9e8fd1209f3fd35e434072656d823579607be73,Batteries continuously make nearby objects <style=Hint_BgL>conduct electricity</style>.
1585293326,8041203cff89aceb3bac5e134a27679a2a9c59413683bfcdc645066a77e52e94,Just kidding. (Return the badge)
1585295096,839888a2c8400483a37492f3e04d1d4f86fb6fb780e7f3dea1dae7f4a43b7926,Catch Debug Info
1585297085,58b8f01cd9d22403ddaa3b4b18e85bfcdadea1bd4b6ee0a558372ced6596a2c5,"Extracted natural apple sugars concentrated into tiny candies that capture the fruit’s sweet, fragrant essence."
1585308884,e7007f4c383cfb037d031922966d51825c6a5d7abf3148812e2708ebbafe74ef,I’m just an ordinary Helmie.
1585328060,e528e011a1f48e415af18b0231d403b6878a89ea3e78c8349361888cfed6cdb6,A coffee brown building block for all kinds of structures.
1977507485,e528e011a1f48e415af18b0231d403b6878a89ea3e78c8349361888cfed6cdb6,A coffee brown building block for all kinds of structures.
1585332595,665913883a247208c2aef596cf6bac448d30a0fad2da2eee17c626c9839a4863,Dr. Glass’s Trial: Hummin
1585333542,472c4312a3f9d4d81e8254aa575b31209ac0f54bed453b3712fe4326effbb10a,Extra Bonus
1585359586,e526f5733dda8fa87a63226263765449329e89586ead70984a462c83e14cf9b1,"Primegy is precious. That's why each person from Astra has a limited quota in Idyll.
Plan your allocation carefully and don't waste it."
1585379858,4ef480e22b7ec4d133bfd98f77123cf84381ba484befb7baa79a53a2342d8d8c,"Hah, were you rattled by that thunder? Don’t be discouraged.
Standing up to a thunderstorm already makes you a warrior just like them!"
1585413418,e85ba4a8bde408dfa353cc3a0326354dfa0a8ba047dc83c53658fbdbf5dfaa13,Select Filler Word
1585447041,d6dec0fa7e7ef1cd2023b05c700d8e259e6ee8696e3b512511978335e9f9264c,"Enable Companion Mode when in a party. <style=Hint_BgD>Lumin-Stage Basic-Form regular Aniimo with a potential no higher than 7</style> caught in Companion Mode can be gifted to your companion, and Companion Mode report rewards will also be shared with this friend."
1585453822,29e7fd03b35d1f4768335a1fa9fdcf95857a2162f82d7e6f952c07ee9f231afa,An egg containing the power of Prismana Ignitis. It is one of many Prismana eggs collected by Polaris Institute during the Prismana Flow caused by the Bloom Festival ten years ago.
1585456146,79e5759711899ba7f7ee18f95c4158d88d21f76ccb32eeae7910139633320eb3,"The swamp is indeed dangerous. Aside from certain special Aniimo, everyone needs to be extra careful in such an environment."
1585538306,7220c4e10fffd1749cc8b971eb9e2534e6f97425f768cf5a771266c22fe17cf4,Hmm... Our time is up... It looks like this is where it ends.
1585543196,3d0be810de7f26daa418bde943cb4b906aad40b919fef36ef05311dd1274d3f9,Leave it to me. Skippy will make you a patch of ice!
1585569075,c0ea228d5a79db3dea385c511a3a1d3f0e4613d74225a6de276876816c4a5306,"Idyll is so big, you won't see it all if you don't run faster!"
1585571519,a0f1669ca6450356da7b1874267f605abf9c91dae48ed2789b0def93a1d5f709,Helmut and Dragon Opening Scene 
1585617089,4e834d6d88f4209ab94e8602ab39e01f38832f2520a9e90384197e734dcfa7c6,"If the guys at Engineering heard about your answer, they’d be laughing so hard..."
1585692037,6b828c415a9ceea00169aa3ab055877a1e62564870a9c6b8c83e9fc8d7027864,Offline Hours
1585696089,5d620f180371c2c5f3d698169d98aef9313121bb663447dfac2b74428038fe16,Exhausted Nimbi
1585720887,dcdab93e31858bbb86b091624194e1097d9cd0eded23bb5b38ea8ad00481398f,Free Companion Handbook Level 5
1667201832,dcdab93e31858bbb86b091624194e1097d9cd0eded23bb5b38ea8ad00481398f,Free Companion Handbook Level 5
1585813415,59312b488e1ce266b8b1981f602eabfd9811547128a65f558b9b7c423f6fc438,Only the Team Leader can start the challenge.
1585820438,61e8743e6cdbf518355d4bfdfd919844b18f407af0416c0f79674cd1173b1a49,So what should we do now...
1585858287,bc284cf937592e889759cec40b214cddec83ee4f97789460a728812ed2f254c4,Your private RV Park has been disbanded. You will be randomly assigned to a public RV Park in the same area.
1585861779,651a7f5e457a742d763754a5412784a83ce7939f6ef550dc4ddc09d43751f328,Let me see~ It's true! The annoying Vines have been cleared~
1585907291,440c30a79d2479f03f474127a11c84c34e8805e1b567825bd4b267f355743c15,Search the sea of flowers and collect <style=Hint_BgL>glowing flowers</style>.
1585908250,17100c656ca392053b6d6d4f974aff83ef44d40a955c7cc88c260e6aa19bbcd9,No group name entered.
1585911259,f4d4aac5ddce5ce8369885cbd0af83b16b51724f247c156c7a9181f6423082dc,"Passing by, don't miss out!"
1585954723,314514bf9439220b2ab9a70408514adc864e9c03f85f6bde52515352f7f0ccf9,Student I
1835134095,314514bf9439220b2ab9a70408514adc864e9c03f85f6bde52515352f7f0ccf9,Student I
1585970803,79dee8d9763777f3f0031f39673e60d2fe1bd672023c7b74066907c527c5ac19,"...
So, that's it? Nothing else? Weren't you going to make my wish come true?"
1585980160,344bf3941ecc90f5d9a633fdbf8616a41cb7ba365b5f4f01c32831ccf9a7a81c,"Ten minutes later, Fannie arrives at my Homeland with Yu..."
1585992253,95d76e70936638af9e870b3d7db4637785c3e45d2f9ce4cba872b990564f8e38,Dome Boy
1633858979,95d76e70936638af9e870b3d7db4637785c3e45d2f9ce4cba872b990564f8e38,Dome Boy
1586014635,3961ed0e798493e62290ead23b76df083e7e3c7d5b6a9fd063848601fe869fab,"Though, the elemental blessing has a time limit. Stay out for too long and it’ll <style=Hint_BgD>slowly fade</style>.
If it runs out, just go sit again."
1586018090,bc8c8c71e5b5dce385f482f94140e08123453d0049633e697971b9411f9323f8,Celestises and starines! Gather those fruits and fill the storehouse!
1586021810,2537c2d70cadace8ad7a4f3ed2f4f86ad10bfb07ed8790d660d2cff4202ed198,The stones underfoot seem to be affected by a mysterious force and begin to move!
1586027208,480f359f1b9f6e309a2542780cc2ba36952a090c253dfd507232d0a4a4ce0592,I-Is nobody going to try my snacks?!
1586030209,3c833c6f3db9a8e78f78a92ac481b5d41716909bc65ff88bb42b47cad921f20a,Emote Interaction
1586064014,799207d8c2a2922c4b95fc5cabf39f68f8b58dc83399c2f04d5239d5b98867ed,"She has to stay in her room... can’t go out when she wants... even tea parties must be carefully timed... She can’t even cry, or everyone would worry..."
1586072459,23fb24a48ccaefbb16de8b7820c812bb8cb4f7c79d3fd320d2a13a77c2c8f533,I didn’t really do anything...
1586108986,ecf2cba3e0b44f4aec71d065717b79b71c400b04ee8e5186d14a887c7060a14d,Kui kui! Kui kui kui! (It seems very excited)
1586167735,d4db016f30dc54d93beae33a01fef28ad6b6fa42546c9593fb1ff457f3b9eae5,Helmut’s hurt. Use a healing skill to help them!
1586169506,df5100c51ac07d74516b2b07a3218823912ca3e5020bd1108d727ce1109784f0,Plot 14
1611843705,df5100c51ac07d74516b2b07a3218823912ca3e5020bd1108d727ce1109784f0,Plot 14
1938657370,df5100c51ac07d74516b2b07a3218823912ca3e5020bd1108d727ce1109784f0,Plot 14
1586169708,7b3a660f47baa3574438ba1e7f20380814d753c1ae7b12426457ee07cc3570c8,"But lots of Aniimo love this place, including Hummins.
If any forest captures the spirit of this land, this is it."
1586177425,5c21f3d03d21b5dcc9c3b999521badc897259ffa08e86316678d188962350a4d,"A peculiar shard containing the power of Ice Element.
It looks like ice that never melts. You can feel the coldness of the glacier from its surface."
1586188193,6c4ab7f6f1b50a23b2487fa0db7b2bfbc0b8af3adab3e54d87d94818659351d1,"Fur wraps around specks of starlight, with clouds flowing like the galaxy."
1586254510,dd82303b8ac7c83005acbf0bc8fa6bb5d61cf92aa61c4d915ba981b33c5af1c2, I’ll share half my sunshine with you—double the joy!
1586299600,bf8ecc3c1af782553761b423e4fda714ca9363c643ad1ceb522f058b93ba0c3f,Scanning for Morphling...
1586301627,2ffa7a576dbd59dce6a46440849ae06b6146a0ddd2f529d2936709575f36eb20,Fentuft Experience Officer
1706366838,2ffa7a576dbd59dce6a46440849ae06b6146a0ddd2f529d2936709575f36eb20,Fentuft Experience Officer
1873738231,2ffa7a576dbd59dce6a46440849ae06b6146a0ddd2f529d2936709575f36eb20,Fentuft Experience Officer
1586317929,e8b33ed492c2be834c178f9441ba6259f2bae492a9ab93b60fa83a57a3ee43c0,"Squeak! Squeak, squeak yi!
(Hmph! Aniipod bowling strikes every time!)"
1586376127,93812c9d9ed8556026c60410495b39a960a6b586aba9b22ab965bc8e70ae9cfa,"Awoo! Awoo!
(Like like! Again again!)"
1586397479,0ea2ee11ecc09984abbcd4805c9582682436807c15bea4446c1803edcc3249be,"I came down the second
I heard legendary Polaris
Institute’s open house."
1928048892,0ea2ee11ecc09984abbcd4805c9582682436807c15bea4446c1803edcc3249be,"I came down the second
I heard legendary Polaris
Institute’s open house."
1586403624,4407ffa923a9f8623d6694acd7c67c79163b0e2b7aa8520e3315319c96f2d0e1,"The Somniwing flies up and uses its power of rejuvenation, recovering <style=Hint_BgL><customRichText(calcData,ability,12339900,param0,1)></style> EP."
1586414433,192c61176cd6b3b854bb751bb009a2fc1c5c23f57de3b609dddbf2cc6c05208f,NPC-Adult Male
1871576382,192c61176cd6b3b854bb751bb009a2fc1c5c23f57de3b609dddbf2cc6c05208f,NPC-Adult Male
1586463782,8cd82cd6401600d68e0c518b6d7f0be372d69aa91e9845bce89af336a2d8bd69,Congratulations! You did it! Now move to the finish gate.
2052401887,8cd82cd6401600d68e0c518b6d7f0be372d69aa91e9845bce89af336a2d8bd69,Congratulations! You did it! Now move to the finish gate.
1586521578,411ce73a33a81835800d29a5d55a304ec6eb5be4f30e1cfdb253da143a267032,"Based on your current Collection Progress, you just need to collect <style=Hint_BgD>two</style> more different Aniimo!
Personally, I recommend a <style=Hint_BgD>Flutternym</style> and <style=Hint_BgD>Iris</style>."
1586528534,867de911b7c769048715536f07a40c29d0926762045ca4364ea79a5192c33331,Redeemable from the Season Hub’s Stamp Shop.
1892705940,867de911b7c769048715536f07a40c29d0926762045ca4364ea79a5192c33331,Redeemable from the Season Hub’s Stamp Shop.
1586550168,f26df052c7f899f880f1340a9e578d864b24031319dd25417680b1a308159557,Verdant Boston Ivy V
1858760656,f26df052c7f899f880f1340a9e578d864b24031319dd25417680b1a308159557,Verdant Boston Ivy V
1586554020,1ec3bb0b2172c5161f45415f387b7ad209176bf228d24d3fcfc05a00c4f0e9d5,A <style=Hint_BgL>chest</style> ahead is tangled in vines. Press <style=Hint_BgL>Skill 1</style> to use Emberpup’s <style=Hint_BgL>Fire Bolt</style> and burn them away.
1586679399,6eecdc6e18e8c0e41688ed25d73a2adbd27634007cda8de183e9fcde852aa131,"Oh, I haven’t introduced myself yet. I’m <style=Hint_BgD>Wendell</style>.
I mainly study Cozite ecology around this area."
1586731905,30757a48377c005925f2d9c14021cf6c71704cadc27d2526e2dd731bae7df139,Burrowing Training Log
1586740007,10ae100512e5f9a547f3c5bef63df448a54e497d097e7b2eb13bfd24a155eb6a,...That Helgon seems really happy.
1586754610,f41e35b096cadbd141451d200d5853576cd098ec0a64e56e23fd695499321de3,"+<style=Hint_BgL><customRichText(calcData,buff,2062003,param1,1,%d)>%</style> Training Coin earnings
During this training, for every <style=Hint_BgL><customRichText(calcData,buff,2062003,param2,1)></style> Training Coins obtained, 1 floating Training Coin will be generated around you, up to <style=Hint_BgL><customRichText(calcData,buff,2062003,param3,1)></style> total, with a cooldown of <style=Hint_BgL><customRichText(calcData,buff,2062003,param9,1)></style>s. Each Training Coin deals True Damage equal to <style=Hint_BgL><customRichText(calcData,buff,2062003,param4,1,%d)>%</style> of ATK, and each hit has a <style=Hint_BgL><customRichText(calcData,buff,2062003,param6,1)>%</style> chance to drop <style=Hint_BgL><customRichText(getConfigData,rogue_buff_extend,206200003,param0)></style> Training Coins.
Picking up dropped Training Coins reduces <style=Hint_BgL><link=""source_740""><u>[Predictive Dice]</u></link></style> cooldown by <style=Hint_BgL><customRichText(calcData,timeline,2062000,param1,1)></style>s."
1586808556,660009b94511ddb381df9c6c5e553fee5c0e89bcd654cf214052172fb28fb656,Not that I’ve been that lucky yet... but I can’t wait to see what it is!
1586847336,c5f0f30a31bd6da5773d9fcf3a046e11ae0b8fde769fdc7777a18e3ccdee2391,Beginner Protection & Bonus Rank Points
1586899402,06e79b4153362fc9719e4e15544ab6e9fb3e4ff149c73446d8bf892253e5ac44,Cleaving Waves
1586920524,383b1837db7926f528d820bb7dd3907e78c93b4a6b17210124dfff95d3253b65,(Shrout gives you a wounded look—let’s try again!)
1586951607,3ba81aa1471a91e9a4e74e864cf507cfa008cc1852a37d0ca0f2bd96c2fb0fc7,A deep cocoa brown building block for all kinds of structures.
1814513824,3ba81aa1471a91e9a4e74e864cf507cfa008cc1852a37d0ca0f2bd96c2fb0fc7,A deep cocoa brown building block for all kinds of structures.
1586960113,e2f340ea7024338eb198bd70b82dc1d54fbe05579f905d366ec0dd1d6baf1509,A <style=Hint_BgL>raw material</style> produced by Floral Windmill in your Home. It can be sold in shops or processed further.
1818623448,e2f340ea7024338eb198bd70b82dc1d54fbe05579f905d366ec0dd1d6baf1509,A <style=Hint_BgL>raw material</style> produced by Floral Windmill in your Home. It can be sold in shops or processed further.
1587001613,51f1743cb296db99a2d2200fd19290f8456b9de09e48a41dbbc4c70666e04cb6,What were you like as a kid?
1587044670,b42f857e4c6b69d4a9e077145da78b20cff48cfe5505af6d024655ef45a2603d,That Loulla... Why is she so obsessed with holding concerts at midnight...?
1587049926,e87954d35d4136de12e08448b113be89e6e816f3c1860f3a893d26be38dd9933,Curious Fentuft
1756611248,e87954d35d4136de12e08448b113be89e6e816f3c1860f3a893d26be38dd9933,Curious Fentuft
1587054618,811ea733cf80c67ad71b831118435f13a54deb5b7166252406a6a47cacb54692,"Guess you must’ve been too anxious, huh, making so many mistakes. Remember this trick, yo: <style=Hint_BgD>follow the beat and time your jumps</style>! You’ll do better next time!"
1587073013,87fab927b9c14a5bbec23a633edd2e5dcc8a981571e0032196be081739f2a057,If I stay here... will the Fentufts come and play with me...?
1587075721,a4f3c7253406268eb903e6c3d3aff9b5d81167c42e1444667c58b9a001f0e391,Protecting everyone who matters to me is what makes me happy.
1587089452,5bc552e2272192e7b62046c74e6ea811daa6fd326216d13350b019c8fbe4735f,Celestis Research Report I
1587104823,9e9eabf647315a68a86e7551dd0872aeeaa2d751f639c67fb4d8de6ccceaf66f,Season Buffs
1587179860,d34509678954e8e8f19137fa79da39f3f1de09cc6b731280aa5f4bd424e794e9,I slept great! How about you?
1587205093,dfe4ff8ce93caec881d80182f3dbbc0543df509e8dcc1a28ace127b326453d7a,Golden Gleam: Right
1587207267,91f58bb8d22d1db8b58c88d2d17aa0cc79c131058c21394ff22cf7fba9972e77,Large Wooden Crate (No Reward)
1587215957,fd920200cb36bda2e317eb6cc9361d3d40c76917da155f9327f7b6083c6dafe1,Accessory Pack
1587218621,fef21d5ea03c8ed670fd625fea6f231efc7d61a6abd394d7d23809060877b1f7,"1. According to Institute observations, Vein energy has been unusually active in some areas lately, causing special changes in the local ecosystem.
2. During the event, in the first 3 Nurture runs you do each weekend in the designated area, the chance for Nova Stage Aniimo to appear will greatly increase. After harvesting Veinfruit, your area Prismatic Energy gain is boosted by an additional 50 %.
Doing Nurture increases the area’s Prismatic Energy. When you capture Aniimo, you also have a chance to trigger a Lucky Strike, which increases the area’s Prismatic Energy.
Each time the area’s Prismatic Energy increases through Nurture, there is a 3% chance to trigger a Prismana Flow, attracting local Prismana Aniimo to appear.
Each time you capture an Aniimo and trigger a Lucky Strike, increasing the area’s Prismatic Energy, there is a 0.6% chance to trigger a Prismana Flow, attracting local Prismana Aniimo to appear.
3. Every weekend, abundant Vein energy will also draw large numbers of Aniimo to gather in the designated area. Head there to explore and capture them.
4. During the event, some special Prismana Aniimo will also be drawn by Vein energy and appear for a limited time in designated areas. Check the event schedule below for which Prismana Aniimo appear in each phase and where.
5. Prismana Aniimo spawn schedule:
Sept. 21, 2026 04:00–Sept. 28, 2026 03:59 (UTC–4)
Prismana Glynsera appears in Beast Fang Ridge.
Sept. 28, 2026 04:00–Oct. 05, 2026 03:59 (UTC–4)
Prismana Melloblum appears in Rosetower Woods.
Oct. 5, 2026 04:00–Oct. 12, 2026 03:59 (UTC–4)
Prismana Waleetle appears in Berylline Vale.
Oct. 12, 2026 04:00–Oct. 19, 2026 03:59 (UTC–4)
Prismana Inferlupa appears in Nimbus Fields.
Oct. 19, 2026 04:00–Oct. 26, 2026 03:59 (UTC–4)
Prismana Glynsera, Prismana Melloblum, Prismana Waleetle, and Prismana Inferlupa will appear in Beast Fang Ridge, Rosetower Woods, Berylline Vale, and Nimbus Fields at the same time."
1587232125,c65240f7ef2337b532445cbb79987fbacb8087e71524ac5c95973749067a5f1c,"But after this... Lady Irelia has fallen into slumber once more. I fear that, from now on... we may never again witness the blessed rain of flowers cascading across the land."
1587240648,1f831140047e0da4bb1ea91a13cc7d95a5bcdde01056f5b7a2ce8dbcbb65f373,"Most likely.
That is why the Institute has already started investigating your movements and any related personnel."
1587266783,7f8b9e63ddd1ab8a53747c8d15987a7f29dda402106cc46c65fa03ac9cc6d60c,"A peculiar shard containing Common Power.
Despite its common look, the shard contains a mysterious power that can balance other powers. There is nothing special on its surface yet touching it makes you feel comfortable and complete."
1587274795,0d56a5fc6e35453f1d345bea3726b276b78437abc643703774be22619b2270f2,Mimicry Master! Collect 5 Coral Branches.
1587277550,a7535f8751429e013775a99fa3e22fec5280ae374ec628908a8fffb58e79373f,"I have some new ideas for accessories in my head, but I need materials to find some inspiration."
1587294265,f0daaff57e7ae1a7398acbf82e39ced5e238cceae3eac8e1cc13b81c03b414fe,"Happy Duck, Wave Chaser"
1769590000,f0daaff57e7ae1a7398acbf82e39ced5e238cceae3eac8e1cc13b81c03b414fe,"Happy Duck, Wave Chaser"
1587323735,ba4ebe4a639a0f8109ab37885eb92965e764cfc6625282d57cb8a6dba282275c,"A legendary perfume crafted by Perfumer Grace using the roots of flame flowers as the main ingredient, although it is still a work-in-progress."
1714278176,ba4ebe4a639a0f8109ab37885eb92965e764cfc6625282d57cb8a6dba282275c,"A legendary perfume crafted by Perfumer Grace using the roots of flame flowers as the main ingredient, although it is still a work-in-progress."
1587326350,0e572e4a643102ccfa16f4b520598d5212465bee92326843ab54aa4026acc621,"It's fine to consider it for a while longer.
No matter when you choose to join the academy, the academy's doors are always open to you."
1587376102,36a9aa84602b253cfc89b6e6a5a8d30039d1fbb81ea503e3cfefdbb79f626a5b,Chrrr? <style=Hint_BgD>A strange large starine</style> just suddenly bonked me on the head.
1587448872,4bf00107391afd48b65152dd00e92f3c71133c1ec852a2e7a24d1154e2af9868,"1. Once you enable stranger access, your Private RV Park will enter the random pool. Non-invited Pathfinders may be randomly assigned to your Private RV Park.
2. Non-invited Pathfinders will be reassigned after 7 days."
1587483739,137a1d50e87c4414415cea5310ac1df396b2ea54dd0865bed10f2cdde8865d9d,Those people showed me a strange stone cube.
1587488126,d38a77e66918979ef2f858f589a7d55190b63f8291bc969784ec58e998e283d5,Try taking a look by the dead tree near Breeze Altar.
1587563921,d80b06e2da616cd180f2da9122f45d637b1f84d9dcb04a25a2af1d02b2b63ca1,Lucky Break
1872828083,d80b06e2da616cd180f2da9122f45d637b1f84d9dcb04a25a2af1d02b2b63ca1,Lucky Break
1587566675,87261f89fce456f138b413b327d70f1f0c729522e025ca36d996bf88c00aadb4,Skyfall
1587569709,4adec60f0daecd24d15720cfef7443b215c08fe4fdaa486b7c3e2cdf8f010e95,Right there! Shanel!
1587600660,275e82a420448de76133ed0d153408c98fcd2837fe7c469c8e715eaaf0716703,A square pillow patterned with stars. Celestis always mistakes the enormous one for a giant Starine and starts drooling.
1608516035,275e82a420448de76133ed0d153408c98fcd2837fe7c469c8e715eaaf0716703,A square pillow patterned with stars. Celestis always mistakes the enormous one for a giant Starine and starts drooling.
1587627010,71d6cb68a5ba440f2021c40b1a7eb7591baabf18f2e96335fc47952fcb86b632,Stop the Alpha’s %s!
1587629348,c7634ec8c639866a0fb542f55c6678930a1ad5afd38452a19464129cb1bebd0d,That Jawling’s real strange... Why would a dragon wanna learn Helmspeak? This one can’t figure it out... but it’s gotta be up to no good!
1587662781,4caa5cf3aac62cfd8b14514451bdfa0e231acec394473d60695f513754fcb528,The prismana dyes their sickles crimson as their black figures hide in the night like assassins.
1587709443,adc4d83d58802ca312d1585f24d8efc7fb1a993376fb6307a06cda6832df1eec,Franco
1677716384,adc4d83d58802ca312d1585f24d8efc7fb1a993376fb6307a06cda6832df1eec,Franco
1819331630,adc4d83d58802ca312d1585f24d8efc7fb1a993376fb6307a06cda6832df1eec,Franco
1874689697,adc4d83d58802ca312d1585f24d8efc7fb1a993376fb6307a06cda6832df1eec,Franco
2099164415,adc4d83d58802ca312d1585f24d8efc7fb1a993376fb6307a06cda6832df1eec,Franco
1587721624,648d2098038692546a374503f70233daca0fdd77ec0ffc52e8ef09e83d27413b,Season Set 2 Placeholder
1587725669,74faeb78511e0f81ce023f70fd86da4cd23425e759e650843ffcceba5a7083a8,Aaaah! Where’s my darling?!
1587809829,a81fdd440a8e0061d177103ac70eea4fe08e3622bc730aabca5ee733638786f1,"Added—that should make things a lot easier.
When you get to Idyll, feel free to message me if you’re bored."
1587856000,26a2f301e4837a44f3233ada60480f3734d2efc7f0ce3b445149b1f2d58258ee,Complete the quest “The Wondrous RV.”
1587887120,6b8974362fab07196552340b72dab2d896f576ca9390f8f95c6ff9a843688ba9,"Every time you complete a Nurturing session, you <style=Hint_BgL>raise that area’s Prismatic Energy </style>.
Once Prismatic Energy is <style=Hint_BgL>full</style>, a <style=Hint_BgL>Prismana Aniimo</style> is guaranteed to spawn."
1587891672,8c35ef6ba5ab5372da3e9a2c9ca3f772e8b24ea413d562dde6191da9ffa00fb2,Pine Tree Timber
1587943198,c24f087fc0d1b8621bdeb9c87fc58973b63c2cd7069c71f360095e1e29674a47,Harvest Moon - Tart Berries
1623585384,c24f087fc0d1b8621bdeb9c87fc58973b63c2cd7069c71f360095e1e29674a47,Harvest Moon - Tart Berries
1587958025,709b06844a5b58237a8d2567b0992fd21dfa8202ade71fe0067979954120f6dd,...You make getting a Sparkling Aniimo look as simple as me earning a million credits.
1588008815,807c9fb7c939e2251559efefd5188a16792ed2cda4a81cede96ddf0289f9d765,Scarlett
1588022765,6b69ca6b220e49c47b4495aa2e03e55d9630b4c24c6a8320d35f6b466c9f8521,Wind Listener
1588062302,c93f5945b7be5803a73f31d7074a698de23c021999203440ce80478ca703fe02,Form Mode
1588078814,66108b7150d741e64dcc9c4cae8277c96009abe2f9dfd8b290676a20374c4022,Prismana Scorchhowl Egg
2074989386,66108b7150d741e64dcc9c4cae8277c96009abe2f9dfd8b290676a20374c4022,Prismana Scorchhowl Egg
2090243975,66108b7150d741e64dcc9c4cae8277c96009abe2f9dfd8b290676a20374c4022,Prismana Scorchhowl Egg
1588090920,938dadf2e5e0e326d45d83ade0a1a1049bbfe08fd074ada4f8c3faa95b42cb03,"An egg found in Driftwise Meadow, with an unusual size and powerful energy fluctuations. Guaranteed to hatch a local Aniimo with the <style=Hint_BgL>Alpha mutation</style>."
1588117462,619f044ebbabc520c2d25253b185ee528c133e90b18cf3b4d36ea12fffcbd467,Aniimo are on their way.
1588138333,d1507ab0ddce7950e884c37e36f3797d4284ba2e5eb38d4e3f003d8a516dfaf8,The Most Precious Treasure
1588141437,8b3035078145c61bf56d045a11a873398308df5a0a9713d5daaf23dff4876935,Debug - Player
1588162978,61305040dbc89f2db42b506853dc96a44dc0539617efa33143edbee1de159300,"Truth is, we had no idea how to face them!"
1588210104,8d2471a435ad11aa75ae1ffdbb2f4d6562c2e3a2faea470061f4f68d52dd0e8e,This Pathfinder is not in your world. You must go to their world or have them come to yours to use this.
1588223908,39f3a5d6c66f5e6ac9ae9c2ed17f49f8504612f7e1d1133f72c2134a1d682564,Nighttime Talks in the Helgon Cave
1588230827,023b00ba62a7e789d3b0d6ca9f50e8b1ce5c4ad96da34f5b244675d1973dbf53,I've marked the locations of Lumin Amber in this area for you on the Map.
1588276246,7f94181064fcfb3851ca0e7465caf00f4dbb9b872d2ae350aa80752defd65478,Scented Body Wash
2046935907,7f94181064fcfb3851ca0e7465caf00f4dbb9b872d2ae350aa80752defd65478,Scented Body Wash
1588292988,891c2bf4f7f2c1e0a4b6f8fd032edcbbb72f3bf7214ddad6678fef407b717e01,Left Tail
1616443936,891c2bf4f7f2c1e0a4b6f8fd032edcbbb72f3bf7214ddad6678fef407b717e01,Left Tail
1630467487,891c2bf4f7f2c1e0a4b6f8fd032edcbbb72f3bf7214ddad6678fef407b717e01,Left Tail
1759534712,891c2bf4f7f2c1e0a4b6f8fd032edcbbb72f3bf7214ddad6678fef407b717e01,Left Tail
2018791705,891c2bf4f7f2c1e0a4b6f8fd032edcbbb72f3bf7214ddad6678fef407b717e01,Left Tail
1588295016,317e2f4a632bd5d796d4c1634319c8c4a78b1dee44365de091c2008ba794b5ca,Welcome to the Polaris Institute.
1588311280,8035bcfffd65ba89f221cd0eda250c917ae247e96ef1b5398a4feaab9852a58e,Golden Dice
1588327027,965e2cbbc16a363ed3c633d25db87639ad334d4a206f698718fe00a964dd86ef,View Capability
2071847943,965e2cbbc16a363ed3c633d25db87639ad334d4a206f698718fe00a964dd86ef,View Capability
1588355895,a1a0b6baa1042c758fdd9698ff47322bfa70bfe92bbce77ea9718ab351604888,Huge Colorful Sugarcane
1870554603,a1a0b6baa1042c758fdd9698ff47322bfa70bfe92bbce77ea9718ab351604888,Huge Colorful Sugarcane
2027110696,a1a0b6baa1042c758fdd9698ff47322bfa70bfe92bbce77ea9718ab351604888,Huge Colorful Sugarcane
2051631697,a1a0b6baa1042c758fdd9698ff47322bfa70bfe92bbce77ea9718ab351604888,Huge Colorful Sugarcane
1588371267,bc8b4792ec083a18d5a40ce853cdbe428a24e36a42fcf79e9a5416818be06547,Custom Egg Box - Heal
1588377398,d51aedb2102fff51438eb1178aadfe384b441039f1e612e26bf98d3efef95399,"A Pathfinder’s livestream sharing gift messages from our shop unexpectedly went viral, driving a surge in customer traffic and leaving our stock critically low."
1588389376,7fa2ce97270fa845aa731e204ec176e34446552e813c9cb9e9a2bfdf3f68bbf0,"Keep it up, I guarantee you'll become someone important."
1588429645,5ff064d343020d23df7ad53b995aa3d0f067a34099f7b4f6847f2b7dac2768d2,Researching <style=Hint_BgL>Topics</style> is a simpler option. You can also earn Research Points by catching <style=Hint_BgL>Sparkling Aniimo</style>.
1588439423,36207a888a60ba856d56ee08866efd928617fdcc7f35d3ff0ff68b39def0862a,HP Recovery Based on Final DMG Taken
1700702619,36207a888a60ba856d56ee08866efd928617fdcc7f35d3ff0ff68b39def0862a,HP Recovery Based on Final DMG Taken
1588441761,829f55b2df003cd942a8471e88307fa93a9f5fd07facb21ba8b70c2fec6dd88f,Used to build railings in your Home.
1827312136,829f55b2df003cd942a8471e88307fa93a9f5fd07facb21ba8b70c2fec6dd88f,Used to build railings in your Home.
1909592975,829f55b2df003cd942a8471e88307fa93a9f5fd07facb21ba8b70c2fec6dd88f,Used to build railings in your Home.
1588479346,a57b08a480b822a0a572b993391c292ede593bf8000b406675b180bbb16260fa,Previous
1588517813,67d26efbf3bb59bb369f316aa30262a5f1452d2ccd53d70d23843bf50d8f5489,Genesis Legend
1588518567,075f93f0cadd70153a6d6b1d9fbab16e442ca9585caab3d33f736db7e856d5ce,Maybe the Perfect Racer’s already cleared hundreds of tracks by now... I don’t wanna fall too far behind.
1588534805,b0e195d7685313e714e399b58712a9c5bae20cc6565a4fb2f6e26b41783ccd59,Press to add
1806017853,b0e195d7685313e714e399b58712a9c5bae20cc6565a4fb2f6e26b41783ccd59,Press to add
2077866433,b0e195d7685313e714e399b58712a9c5bae20cc6565a4fb2f6e26b41783ccd59,Press to add
1588574066,28c4baacf4f75c0e8a0612641b1fdca2a93d07a2a8ed65353e8cf754fc0c7f61,Weeping Nimbi
1588586899,1098cb6b5d229a78bfc518365729716cbd0e06bf9b0acd5b8e8c56d36026e14b,Every movement it makes among lotus leaves is a painting.
1588662723,4c84db1887476c1c216fd114103bed3045bd4e3336df1541a691d86bd3147f4c,Invitation successful. {0} friends’ group chat is full and cannot accept new members.
1588667514,b2343236d19c8d07cb6be795f56a96d254b3a87940d52d111c4ba36624212302,I heard the dig team in the upper area found something incredible... I’ve gotta ask around and get the full scoop!
1588678772,c9549b887b0c4e90e62dc7dee86bf29940d22c5eb940c716bd1a441ff1290714,Fire Section - Jerboa White Box Placeholder
1588715762,2049c93932e8d77136b2118f428c0f855c9aa7f302d5045b3de7107f993106d8,Chest ID
1588756273,d348446d3341811f8c562ab84808e4e46390fd66018e4b7b86b58a1f4437e24f,"Increases max HP by <style=Hint_BgL><customRichText(calcData,buff,2021001,param2,1,%d)>%</style> and grants a Shield equal to <style=Hint_BgL><customRichText(calcData,buff,20210010,param0,1,%d)>%</style> of max HP."
1588784353,808c8e7a1fa7f31078be9c640836c8bc93c1c43f2cdf013ad90766a2a452cbf2,Fluffy Otter Tail Pack
1588793175,82491e6e3dc08e0e7fa7b176dafbf46dbbaf13df8f7d6ca205e1c310f46e75fa,Hexxin’s skill continually drains Energy. Try not to make this too boring for me...
1588822109,cd9a4e0d6e716ff01132e776e2fcaa63139e45f5a12f50a9afebe408a82f7f88,Can I help?
1588851122,1b871de3995b10a7c4de945e3f1660e955771ec1e35840084d7de6c5492ebc9d,Soft natural grasses weave a tiny world just for Aniimo.
1914091175,1b871de3995b10a7c4de945e3f1660e955771ec1e35840084d7de6c5492ebc9d,Soft natural grasses weave a tiny world just for Aniimo.
1588870974,a8e6642a733dc9f5a4dc62abb7edb6220bb29367af2448da20fa3fc60ed61724,Thunder Imprint